frame,time_sec,x,y,area,blue_x,blue_y,theta_rad,status,x_smooth_px,y_smooth_px,vx_raw_px_s,vy_raw_px_s,speed_raw_px_s,vx_sg_px_s,vy_sg_px_s,speed_sg_px_s,speed_ma_px_s,speed_butter_px_s,theta_smooth_deg,omega_deg_s,v_surge_px_s,v_sway_px_s
300,5.005,1070.4886347886347,1062.021540771541,14430.0,1061.846625766871,1007.8773006134968,-1.729072144439323,detected,1069.8624479697874,1063.769109830799,22.753485743536835,3.9426062868566283,23.09253684233275,13.243348640350453,-27.948003672021596,30.926965458337563,29.56059389710022,22.00179753764304,256.0065553088098,-29.647192998329306,23.916216108233336,19.60846244674694
301,5.021683333333334,1070.8227876003527,1061.6898463965845,14366.0,1058.60625,1008.86875,-1.7980814018401323,detected,1070.0892181051327,1063.306810881256,19.70095248296304,1.3537055899366943,19.74740609700913,13.941855184857607,-27.47239439917807,30.807592895575787,30.299867137468745,21.544280718151,255.51643896804484,-29.10795393257687,23.112417355953088,20.36968198042792
302,5.038366666666667,1071.160560055164,1061.647896871311,14260.5,1053.0382513661202,1009.8087431693988,-1.907103418710427,detected,1070.3276416696492,1062.8524466876831,16.64841922238924,-1.2351951069832394,16.69417771430312,14.640361729364761,-26.996785126334547,30.711017546218272,30.924420595995283,21.392190852385056,255.03531894135645,-28.56871486682443,22.3007077578852,21.11504279468847
303,5.0550500000000005,1071.193515418502,1062.1277063142438,14187.5,1062.1358024691358,1007.1666666666666,-1.7341306068646545,detected,1070.5777186633366,1062.4060172500804,13.595885961815442,-3.8240958039031727,14.123449430083292,15.338868273871917,-26.521175853491023,30.63745499507082,31.495404466534218,21.539084683972064,254.5631952287447,-28.029475801071985,21.481585562355548,21.844796412468288
304,5.071733333333333,1071.7547895391122,1061.6899840832782,14345.5,1049.945,1010.68,-1.974832666870958,detected,1070.8394490861947,1061.9675225684475,10.543352701248295,-6.412996500822828,12.340535251863493,16.03737481837907,-26.045566580647495,30.58707128137836,31.95964318086158,21.96076041804526,254.10006783020958,-27.49023673531955,20.655537343067607,22.559204477136607
305,5.088416666666666,1071.5765326409842,1061.8157556194888,14251.0,1055.9329896907216,1008.7680412371134,-1.8575637251047936,detected,1071.112832938224,1061.5369626427848,9.707769412897505,-8.649319327154444,13.001981072016518,16.735881362886225,-25.56995730780397,30.559981049004598,32.34357309848395,22.619557858894787,253.64593674575107,-26.9509976695671,19.82303809134475,23.258538271882337
306,5.1051,1072.0209604638658,1061.3176802038763,14257.0,1056.0379146919431,1008.1469194312796,-1.8628020243472172,detected,1071.3978702194242,1061.114337473092,8.671541421125312,-11.893444567784172,14.719023551351727,17.43438790739338,-25.094348034960447,30.55624625187439,32.643408672806004,23.470393211805284,253.20080197536916,-26.411758603814665,18.984551321999046,23.943078250458356
307,5.121783333333333,1071.8172487959976,1061.2702927011735,14258.0,1057.1359223300972,1007.8252427184466,-1.8388831082614123,detected,1071.6945609297954,1060.6996470593695,9.054957773787464,-14.901926040879061,17.437306558436813,18.132894451900533,-24.618738762116923,30.575875448482638,32.853337778847944,24.466494161429047,252.7646635190639,-25.87251953806222,18.140529192219915,24.61311357929631
308,5.138466666666667,1071.8553110338937,1060.9744480713207,14245.5,1051.7236842105262,1009.0526315789474,-1.940680253384224,detected,1072.0029050693374,1060.2928914016168,10.426490477604148,-12.303649596052765,16.127352450480497,18.831400996407687,-24.1431294892734,30.618823704109328,33.02482463953476,25.56357673783681,252.33752137683524,-25.33328047230978,17.291412632889582,25.268941690986466
309,5.15515,1072.352686671319,1060.552221446848,14330.0,1054.4940239043824,1008.5219123505976,-1.9014324354785104,detected,1072.3229026380504,1059.894070499834,11.175395917392052,-10.86248531467163,15.58470600049676,19.52990754091484,-23.66752021642987,30.684993103336343,33.131692646927995,26.72220598386599,251.91937554868318,-24.79404140655734,16.437631491746355,25.910867849096597
310,5.171833333333334,1072.3507972400996,1060.3473067779903,14372.5,1051.3834586466164,1008.9736842105264,-1.9582953219363677,detected,1072.6545536359345,1059.5031843540214,8.701970838414127,-12.117859910968491,14.918673710972673,20.228414085421996,-23.19191094358635,30.774233859294355,33.181031012721434,27.90869962501677,251.51022603460774,-24.254802340804904,15.579604687830875,26.53920472428399
311,5.188516666666667,1072.6658504339828,1060.1230786917286,14497.5,1053.5401459854015,1008.0328467153284,-1.9226802309367468,detected,1072.9978580629895,1059.120232964179,8.845736996313462,-14.693814664447473,17.150954853916453,20.92692062992915,-22.716301670742823,30.886345990543255,33.17588264392621,29.095101902228432,251.11007283460896,-23.71556327505246,14.71774037666453,27.15427198163571
312,5.2052000000000005,1073.2482551886685,1060.5452049152193,14567.0,1052.2067510548522,1007.9113924050632,-1.951105803194048,detected,1073.3528159192153,1058.7452163303064,9.008771106799031,-16.040655227123807,18.397298088854008,21.625427174436307,-22.2406923978993,31.021081522326458,33.20290813611782,30.25867120178977,250.71891594868674,-23.176324209300024,13.852436125623806,27.756395879154347
313,5.221883333333333,1072.9045348518111,1060.4071647457006,14576.0,1053.898785425101,1007.331983805668,-1.914660981743344,detected,1073.7194272046124,1058.3781344524039,9.09699652690415,-19.885414450137887,21.867442778346508,22.32393371894346,-21.76508312505577,31.178147156756577,33.24114195858273,31.38117427649756,250.33675537684115,-22.637085143547576,12.984079098988305,28.34590887728921
314,5.238566666666666,1072.608403283936,1059.2544359620942,14474.5,1056.2355212355212,1006.4633204633204,-1.8715339594785287,detected,1074.0976919191803,1058.0189873304714,11.881944530510737,-25.474519999329914,28.109282719813287,23.022440263450616,-21.28947385221225,31.35720734676768,33.26660480545896,32.44815130987073,249.96359111907222,-22.09784607779514,12.113046252154867,28.92314925939667
315,5.25525,1072.9657889280531,1058.906224802451,14469.0,1047.9303278688524,1008.1352459016392,-2.0289133312770327,detected,1074.487610062919,1057.667774964509,15.466756025684845,-30.87360806082461,34.531148498876675,23.72094680795777,-20.813864579368722,31.55788770171828,33.29957142276947,33.44823133207991,249.59942317537985,-21.558607012042696,11.239704534524133,29.488460762997775
316,5.271933333333333,1073.4614574388918,1058.670181464308,14557.5,1048.8362831858408,1007.4690265486726,-2.019087786058268,detected,1074.889181635829,1057.3244973545163,20.00793602128897,-38.5959164175747,43.47369627653491,24.41945335246492,-20.338255306525202,31.779778648483546,33.33536848748266,34.37252955278538,249.24425154576414,-21.019367946290256,10.364411100580618,30.042192221686687
317,5.288616666666667,1073.8062109087564,1057.7648546725534,14496.0,1061.5761316872429,1005.090534979424,-1.7989370026124136,detected,1075.3024066379096,1056.989154500494,26.292387571404106,-40.11075235342605,47.96000519769362,25.117959896972078,-19.862646033681674,32.022439270693106,33.34749482860028,35.214134228759136,248.89807623022506,-20.480128880537816,9.487513528700836,30.584697217529335
318,5.3053,1074.3470718320673,1057.0537164988027,14545.5,1055.56640625,1006.58984375,-1.9270753466020156,detected,1075.727285069161,1056.6617464024416,31.424398558925077,-38.58898613675183,49.76547674696383,25.816466441479232,-19.38703676083815,32.28540125025726,33.27228515962811,35.96768032677372,248.56089722876254,-19.940889814785375,8.609350047238898,31.1163337437787
319,5.321983333333334,1075.0481959502094,1056.4827855217118,14527.5,1059.674107142857,1005.3839285714286,-1.863050659392321,detected,1076.1638169295838,1056.3422730603593,33.57936044178132,-38.389825036133516,51.00345198105724,26.514972985986386,-18.911427487994622,32.56817283915797,33.1296876429003,36.62900377667214,248.2327145413767,-19.401650749032935,7.730249767451999,31.637463877720585
320,5.338666666666667,1075.568060591947,1055.2155538551958,15029.5,1057.817857142857,1006.0785714285714,-1.9174484854387075,detected,1076.6120022191774,1056.0307344742469,36.44580634742715,-36.859351877377776,51.83539930524809,27.213479530493544,-18.4358182151511,32.87024279525006,32.95903205072261,37.19486969537348,247.91352816806744,-18.8624116832805,6.850532922842676,32.14845346345197
321,5.3553500000000005,1076.0018613308516,1055.0144363934498,15043.0,1057.023346303502,1006.5758754863814,-1.944218946440182,detected,1077.071840937942,1055.7271306441046,39.26487272668919,-31.524199018070703,50.35380178272571,27.911986075000694,-17.960208942307574,33.191084223061736,32.816533605235044,37.66276855363949,247.6033381088348,-18.323172617528055,5.970511114507746,32.649671804382926
322,5.372033333333333,1076.8315147482813,1054.5642049234864,15030.0,1055.255230125523,1006.7907949790796,-1.995011532889953,detected,1077.5433330858775,1055.4314615699323,40.48681805588285,-28.55649686615152,49.54448455233623,28.61049261950785,-17.484599669464053,33.53015826882324,32.63406213280963,38.03077485157634,247.3021443636788,-17.783933551775615,5.090487562097541,33.14149136524284
323,5.388716666666666,1077.4384168987929,1054.213393686165,14360.0,1065.835164835165,1004.1043956043956,-1.798346067318486,detected,1078.026478662984,1055.14372725173,42.59161271850371,-24.515705243262346,49.14331366053298,29.308999164015002,-17.008990396620526,33.88691762773005,32.54150748926225,38.297463060589884,247.00994693259938,-17.244694486023175,4.210757360001708,33.62428748336168
324,5.4054,1078.3772373021127,1053.7215582424474,14349.5,1060.2455357142858,1005.9732142857142,-1.9337114646933284,detected,1078.5212776691876,1054.8639276894253,44.050871069568075,-19.29651970446139,48.09194230525917,30.007505708524242,-16.533381123773996,34.260809830345245,32.447303952920635,38.46187530694648,246.72674581560435,-16.705455420270944,3.331607738392174,34.09843808898828
325,5.422083333333333,1079.0986570187456,1053.6725678223097,14234.5,1058.372340425532,1006.436170212766,-1.984279382115272,detected,1079.1304249728162,1054.5647326499177,46.54933195101876,-14.588137954785452,48.78169814668189,30.368544390949662,-16.494359586794847,34.55882501769369,32.51558140037138,38.52353462032986,246.5107727555847,-14.835957838486385,3.0233627214836876,34.426322261576445
326,5.438766666666667,1079.6773351339184,1052.9623677695251,14810.0,1060.1157407407406,1006.2361111111112,-1.9672697693499828,detected,1079.76037831668,1054.2547297206313,46.216847876798965,-9.39859927116322,47.162810517685294,30.666065216652814,-16.413171521243715,34.782175826963005,32.597386754238855,38.482496738550175,246.6340579890387,-15.573531118474925,2.904904612054839,34.66065903084694
327,5.45545,1080.6899733026935,1052.9192096696067,14795.5,1063.9365853658535,1004.4731707317072,-1.9037383938811911,detected,1080.4065119472662,1053.973205763428,46.344424941418765,-7.2751020331875225,46.91196897108548,30.913326663438177,-16.3957946485569,34.99222553022435,32.617611873887114,38.33943265690083,246.28526540555401,-15.877023530757004,2.5784986241322034,34.89709432608155
328,5.472133333333334,1081.2377478991598,1052.8941400560225,14875.0,1062.1344086021504,1005.4301075268818,-1.9534390857152448,detected,1081.0635408640596,1053.709149753476,44.49719189863072,-6.42270162335808,44.95832718202773,31.02683728723472,-16.21827455787637,35.009956607845126,32.624481288535016,38.09573352294427,246.37576159062178,-15.21520412754597,2.425483241062409,34.925837036934766
329,5.488816666666667,1082.3953657775155,1053.4531894966874,14414.5,1067.71974522293,1003.216560509554,-1.8550172831171032,detected,1081.7383447271332,1053.4431309895754,42.92701488183366,-6.896951463067126,43.47754070953268,31.11698570457853,-16.044296865418605,35.00980235940537,32.64212156288454,37.753629234773186,245.60951318132197,-14.279827930710121,1.7625199196923216,34.96540840283885
330,5.5055000000000005,1082.8514964666758,1053.3844048773728,14434.0,1049.5193370165746,1009.779005524862,-2.2234526981886105,detected,1082.4023103803183,1053.1948398392628,41.27235765677278,-5.509552516475651,41.63847590246759,31.08745901558787,-15.79376477214774,34.869372144100765,32.65505950959486,37.31631226232502,245.6475520387355,-15.208796888365594,1.5696671643296956,34.83402444043777
331,5.522183333333333,1083.6419688939693,1052.7724086967569,14434.5,1053.9072164948454,1008.0,-2.1570415352722208,detected,1083.0744572235108,1052.9382950111742,38.56211554090214,-7.890664884345824,39.361140066148174,31.01522586744677,-15.517312884881926,34.68041572380674,32.671801890196356,36.7880587608176,245.57942086164036,-15.734681673801955,1.3063887373326715,34.65580158130861
332,5.538866666666666,1084.0917580186765,1052.4448813873903,14367.5,1055.1959459459458,1007.9527027027028,-2.1467906026499017,detected,1083.7176166227378,1052.7007566546808,36.43024581742702,-12.491695862534016,38.51240418151285,30.874881152981626,-15.208313535208584,34.41730795393429,32.663836880330464,36.17433989395509,245.56353492120718,-16.070728427764255,1.073518944118078,34.400561679608785
333,5.55555,1084.6509011343353,1052.285553060402,14472.5,1058.4392523364486,1006.9345794392524,-2.094862198462892,detected,1084.345146419084,1052.4575125493782,32.99827081712829,-15.967084476713808,36.65833689090457,30.655352397883135,-14.809386386907297,34.04509591402431,32.70245366781401,35.48191728522426,245.3663687454598,-17.316088125928708,0.6840149669274851,34.038223797961805
334,5.572233333333333,1085.2964012533407,1052.453667864713,14468.0,1051.9017857142858,1009.4017857142858,-2.2305329976947235,detected,1084.9684913435028,1052.2062856241698,32.17501857945854,-13.412146476584894,34.858535449698266,30.429353983700093,-14.335079750154764,33.63688593357926,32.78496774974144,34.71891748523818,245.00123427426567,-17.085439718112227,0.13271832409914985,33.63662410461356
335,5.588916666666667,1085.8583292849376,1052.093622041779,14409.0,1060.182608695652,1006.0434782608696,-2.079425265960695,detected,1085.573510182031,1051.976294585838,31.904145772271022,-8.416710978894116,32.995689736093645,30.105523941942163,-13.857446119896043,33.141686510868375,32.98211221870336,33.894881077707424,244.57677965679395,-17.494792272858877,-0.4088271694882675,33.13916482245989
336,5.6056,1086.2825179476592,1051.3748480469735,14533.0,1068.5748031496064,1002.527559055118,-1.9185736742767896,detected,1086.1689641665687,1051.7801916719573,33.75335497233527,-5.357060853106304,34.175825855015624,29.719579388031054,-13.449141132803794,32.621048361626194,33.25531199321314,33.02078233227446,244.09216341572505,-16.92980704422929,-0.8877459734838435,32.60896660886571
337,5.622283333333334,1086.67058419244,1051.3017869415808,14550.0,1071.7101449275362,1000.2608695652174,-1.8559171359601396,detected,1086.7550340334042,1051.6267449355214,34.639574441305285,-1.060140557043269,34.65579338978432,29.346953002697358,-12.953546421684248,32.07862240560302,33.63785745287282,32.10901495579832,243.7267288313402,-17.363425712218554,-1.3751598551512387,32.04913338631852
338,5.638966666666667,1087.2346044419971,1051.713977606461,14528.0,1064.1526717557251,1003.87786259542,-2.0203632578435764,detected,1087.3026081357655,1051.5096310083713,34.13605803551491,-2.5902724278384994,34.23419298675613,28.83843008841003,-12.498914467436864,31.43052517582892,34.0538574911209,31.173338377255106,243.30455957148496,-16.818737298728486,-1.7889847926539488,31.37957052351208
339,5.6556500000000005,1088.0124838373783,1051.9758905175472,14565.5,1071.241071428571,1000.0089285714286,-1.882975720854564,detected,1087.8031304466494,1051.4013468070982,34.58310335509168,0.38707695871562464,34.58526949787903,28.220720497619734,-12.28232864324786,30.777664991118503,34.38206235997871,30.228777138962883,242.74972865422956,-14.560482047632775,-2.002476530881884,30.71245268696052
340,5.672333333333333,1088.8451911988034,1051.9043263796116,14596.5,1056.494845360825,1006.6082474226804,-2.190987390680445,detected,1088.2653862920292,1051.303779357827,34.73017535219742,1.6052001083867253,34.767251076010396,27.635264036302008,-12.09994046373004,30.168135135966537,34.573422208741256,29.291463559033446,242.0652975409235,-14.09205381283605,-2.2560737069888486,30.083658504420175
341,5.689016666666666,1089.3427719479328,1052.4063421067722,14532.5,1071.1346153846157,999.948717948718,-1.9048872550354188,detected,1088.7007392088985,1051.2107151529724,33.832405360166376,-0.9112413727480089,33.84467481442276,27.071940438151476,-11.888431792618292,29.567292225947213,34.59593441957492,28.378411369171165,241.56026012796218,-14.304994880421598,-2.438866525553781,29.466535250095006
342,5.7057,1089.6088147852324,1051.1376464323748,15024.0,1068.2517985611512,1001.3453237410072,-1.9759841391764963,detected,1089.1103987923595,1051.118133025972,29.82008328162101,-4.19335836087248,30.11347906279698,26.478336834907317,-11.84363433156474,29.00644748538898,34.518009820162,27.50720648136508,241.35842233094763,-11.957699374962711,-2.297438447846144,28.915320719317414
343,5.722383333333333,1090.2792963588524,1051.7685245826297,14505.5,1069.9225352112676,1000.2042253521126,-1.9467980945849328,detected,1089.4879640174854,1051.0103510204794,25.763693443976535,-8.069932033280566,26.997994423604272,25.946718491875693,-11.855608807996868,28.526963748441528,34.405619362913974,26.69560200069226,240.94246359807772,-10.318734102471211,-2.2386291837543766,28.438990841493307
344,5.739066666666667,1090.747541696716,1051.6070492347494,14559.5,1066.3188405797102,1001.8478260869564,-2.0271682136868816,detected,1089.8539867445593,1050.8924939261674,21.580606420004187,-13.490344462618395,25.450185994904334,25.43304269183672,-11.921039235994582,28.08826867272014,34.28869515103098,25.961010278911477,240.88860029467338,-9.008601878221969,-1.9582904878216105,28.01992033172505
345,5.75575,1091.1781370020062,1051.4492977930638,14537.5,1051.4222222222222,1007.4888888888888,-2.306013543439257,detected,1090.1889859662856,1050.7438043669058,18.43165085634928,-18.90637277287169,26.40410355829459,24.986786306076176,-12.175159314480126,27.795215311964903,34.17170975983051,25.319897446863923,240.7157110506953,-7.735129944961173,-1.602903449240479,27.748958444793946
346,5.772433333333334,1091.1375415205491,1051.367626124093,14400.5,1057.5067567567569,1005.081081081081,-2.1991380659181745,detected,1090.5038263664794,1050.5926378359848,15.305043870776444,-18.79764302315425,24.24037440124082,24.534067518119357,-12.460979631965015,27.51720338936874,34.06280546986575,24.787106497433232,240.74024771917541,-7.70009661436218,-1.1203913758208515,27.494384981971727
347,5.789116666666667,1091.5382275728873,1050.720084654616,14411.5,1072.126050420168,997.9747899159664,-1.923447802742758,detected,1090.8038670977694,1050.4332315472684,11.744841392830494,-25.62842069310591,28.191439242535377,24.17645936509357,-12.835899364409721,27.37264144954364,33.97129205863934,24.375161506043522,240.6854935616712,-8.12792082824042,-0.6446699825071445,27.365048886105225
348,5.8058000000000005,1091.6100781087994,1049.757874242529,14467.0,1070.352601156069,998.8612716763006,-1.96643357064289,detected,1091.0891733803803,1050.2618739032002,8.825937553637687,-26.494117972309596,27.925534208522677,23.861031602810485,-13.265632886611513,27.300656494536348,33.90257803154151,24.093631135158326,241.03541813070572,-6.989158515471439,0.05120251489298688,27.300608479210464
349,5.8224833333333335,1091.7273841316085,1049.2939224730922,14416.5,1069.7118644067796,998.6553672316384,-1.9809030160677703,detected,1091.370252852224,1050.0561371256579,7.072194030044102,-25.474671400291754,26.43813176741946,23.651653632895357,-13.68899669209152,27.32744682561005,33.84043703012421,23.94864316180208,241.0360730058886,-6.175736866286396,0.5233191711401659,27.32243559881992
350,5.839166666666666,1091.8315491656565,1049.3963739245914,14432.5,1056.258928571429,1003.4375,-2.229487489335213,detected,1091.6486897309221,1049.8316341833138,7.026038392411465,-22.693084181780705,23.755868436515335,23.492551277790803,-14.043797609632001,27.37020673725238,33.74410321754648,23.94263246147278,241.1064156876348,-6.4558953135911015,0.9443734178079435,27.353909696562088
351,5.85585,1092.0126825429888,1048.493138003657,14403.0,1064.9565217391305,1000.2919254658384,-2.0822866864925644,detected,1091.9126553348813,1049.5813219322679,6.116965149979023,-16.593653599142726,17.68520857706802,23.411363182505507,-14.498089433055341,27.53700280117728,33.634990447305135,24.074368780613515,241.24974710362403,-6.787779576363714,1.450138780516486,27.498793078775066
352,5.872533333333333,1091.9360326602364,1048.5361760692062,14411.0,1060.8698224852071,1001.5502958579882,-2.1549921159719854,detected,1092.1894105066403,1049.3325134091524,8.350621739125472,-11.805091452414672,14.460050747830342,23.422858710170352,-14.999038757001417,27.813692199897407,33.47126998343283,24.339255994563423,241.32040079457104,-5.501921156595793,1.918022093009057,27.74748033680469
353,5.889216666666667,1092.056491723813,1048.4016908462272,14509.5,1074.7551020408164,995.9251700680272,-1.88927127560726,detected,1092.45910488081,1049.0634863854154,10.714253074751014,-7.718445095562856,13.20490869499028,23.501518210608204,-15.430745557536138,28.114573919321103,33.34361090674424,24.7298399534738,241.54933858608354,-5.647766310357281,2.3709726390899792,28.014420490341344
354,5.9059,1092.2728093947603,1048.2385166889644,14575.5,1057.0159574468084,1002.691489361702,-2.229528741803397,detected,1092.7654059593574,1048.819206981067,13.315981548423679,-2.936580946120557,13.63594046082184,23.631176476265285,-15.8225667439385,28.43916524827658,33.21473936120355,25.23642713448691,241.986164789255,-4.951263673285242,2.869499793670272,28.294029245636057
355,5.922583333333334,1092.381276498224,1048.3682021313166,14545.0,1058.6402116402116,1001.190476190476,-2.191644719726272,detected,1093.0754845190086,1048.560385498849,15.440483999380376,1.7505463336583489,15.539400200825195,23.7712617906742,-16.156524886879385,28.74206296599324,33.13471888579407,25.847711433067296,241.7535773559432,-7.424365983636366,2.9825122908475645,28.586899166857243
356,5.939266666666667,1092.9778216040413,1048.0997278158377,14451.0,1058.5533980582525,1001.5631067961164,-2.207690626540915,detected,1093.407775258653,1048.2667180336966,17.045415177877203,-0.23398492593105402,17.047021075008075,23.936997198090925,-16.492566451583713,29.06861852619277,33.09302954210361,26.551328236804427,241.62545971722534,-9.729249593143464,3.135488940633598,28.89901887823325
357,5.9559500000000005,1093.2804331547725,1048.4717470191808,14467.5,1057.5283018867924,1001.8632075471698,-2.225134631511848,detected,1093.7346952262717,1047.96628001888,17.79258041986168,-2.8511693255777573,18.019575037174455,24.170788744251528,-16.890315353132365,29.48745125044712,33.08096701463297,27.334290661839674,241.37062554127894,-11.625652082686823,3.2440240913020286,29.308464458967265
358,5.9726333333333335,1093.6109732561345,1048.904133351714,14508.0,1064.43,999.28,-2.102375259951992,detected,1094.076360581849,1047.6472774995982,17.976363360905452,-7.880651133632,19.627896014940553,24.414173962582414,-17.242870740635677,29.88927034327715,33.17943240141403,28.18329833505415,240.98820153171758,-12.231767012341292,3.2386095940874196,29.713294828251406
359,5.989316666666666,1093.8322383130956,1048.6549138316536,14535.5,1063.219730941704,999.4798206278028,-2.1276106987699093,detected,1094.411972954346,1047.3352624332288,18.52290293313399,-16.156025214486817,24.57875269010691,24.80966910326168,-17.567657239117157,30.399708253278398,33.3706981195875,29.0849349965122,240.32779047662876,-14.057209936349683,2.9823292500868597,30.253065532744266
360,6.006,1093.975971037334,1047.9290094905266,14593.5,1067.513812154696,997.729281767956,-2.0559175017914377,detected,1094.767695724284,1046.9810331949782,19.8967408653225,-23.16621461593695,30.53774380489569,25.219826835659948,-17.768113754543776,30.850373288099473,33.67715214090655,30.025784554088382,239.91145760665893,-14.727457544330948,2.7302399965446025,30.729323480616188
361,6.022683333333333,1094.3479493740922,1047.5758581736866,14459.0,1062.6910994764398,999.2356020942408,-2.150591339515311,detected,1095.1340488666942,1046.5906573558868,23.079351250974923,-29.101092976206928,37.14202561217842,25.653167680857692,-17.97526187339198,31.32403312920003,33.96823202400214,30.99249785430439,239.62216065169656,-13.112289957725125,2.534615926954677,31.221319215914765
362,6.039366666666667,1094.6593681612887,1046.9002071983982,14318.0,1067.3069767441862,997.972093023256,-2.080547592470033,detected,1095.501899628852,1046.1840717030789,25.825563359886928,-33.439869203810304,42.251444652502414,26.149817887760655,-18.087698811622815,31.79587746647399,34.26962402133234,31.971838163701946,239.61569306979652,-11.382138591807067,2.3768811697631964,31.706911861104565
363,6.05605,1095.1304701197068,1045.9165186294658,14354.5,1076.090395480226,995.0,-1.9286434176511664,detected,1095.884032811407,1045.787159709328,29.88645445705515,-32.55261460593101,44.191321293845746,26.710481333278512,-18.062543127359646,32.24446118766985,34.50252037181662,32.950725955276084,239.38862584189738,-11.120461117439408,1.9440593761496885,32.18580293273964
364,6.072733333333334,1095.916333043226,1045.4905250942847,14362.5,1074.358585858586,995.7676767676768,-1.9798934330438744,detected,1096.2811127784016,1045.4247895375277,32.406675127224844,-29.626013017134937,43.90778108824155,27.41531985548371,-18.04894777395513,32.82322772862899,34.69373754207518,33.91629579779762,239.43169088866688,-9.561997539632028,1.5980882394938956,32.78430100679638
365,6.089416666666667,1096.5070615563295,1045.3757955865274,14350.0,1070.331707317073,997.2682926829268,-2.069099497960443,detected,1096.7184054878671,1045.087122458313,34.90001397462947,-27.732285193247208,44.57679460738435,28.177731954233828,-18.100737752784756,33.49061488357205,34.81120399959552,34.85597148049889,238.93183284460224,-10.542083480253831,0.9629276954748249,33.47676889326425
366,6.1061000000000005,1096.9018983280246,1044.629213483146,14284.5,1074.688995215311,995.5885167464114,-1.9960994036125768,detected,1097.182980122827,1044.7766676834212,36.17984049263305,-25.288511334141276,44.141699826460716,28.969779982763043,-18.049136459189647,34.13238168033616,34.858168177092686,35.75756054380707,239.05572743683547,-9.615492059797981,0.5837833654142663,34.12738894428363
367,6.1227833333333335,1097.7230882404456,1044.435912705363,14273.5,1077.5686274509803,994.593137254902,-1.955056287206716,detected,1097.685683059736,1044.4158706432645,36.96153913441549,-24.34431491525993,44.258344341810556,29.662138258016142,-18.04244032545514,34.71846913294529,34.8808307773682,36.609366110879115,239.01300574666595,-8.833066757725907,0.1961400179163224,34.717915087583336
368,6.139466666666666,1098.088982505412,1044.140729038675,14242.5,1072.6359832635983,996.560669456067,-2.062012216260284,detected,1098.228844661804,1044.084738819811,37.06887279311377,-25.99324413217073,45.274165598790205,30.356530639732696,-17.894893978870545,35.238419133043514,34.83044342330081,37.400312036702836,239.0073543907003,-7.441340526116891,-0.29132814569899423,35.23721485741419
369,6.15615,1098.966775465319,1043.6610863486935,14246.5,1075.8104265402844,995.3791469194312,-2.017996723445618,detected,1098.8037123994766,1043.7708456968203,38.276976978183484,-25.69767029701552,46.10311513642546,31.035150492208686,-17.767133149937255,35.76103447107816,34.79904216387385,38.120076559581456,238.95393938993072,-6.945952919060346,-0.7836205761676514,35.752447821572254
370,6.172833333333333,1099.4458218872533,1043.173193867249,14197.0,1070.1897435897436,997.6051282051284,-2.141548519226008,detected,1099.4120406637383,1043.472203977234,39.02766030655857,-22.436940046534346,45.01749157445253,31.67330547809822,-17.64920002557163,36.258689185512,34.79751270533353,38.75922953499679,238.40235736590031,-8.957139115726248,-1.5625762052862502,36.22500375506175
371,6.189516666666667,1100.2063599058667,1042.5418218800628,14093.5,1070.6543778801845,997.5437788018434,-2.151894592634329,detected,1100.0335722800803,1043.1820085530533,39.69551665266272,-21.323673775299994,45.06032740224198,32.21413684918864,-17.47952347329418,36.65084383464718,34.85158879654139,39.309368695288235,237.92579826623097,-9.823381550039299,-2.294789084138765,36.57893241814218
372,6.2062,1100.835470388212,1042.0329059223577,14116.0,1070.0572916666667,997.640625,-2.177026850077632,detected,1100.6844405157983,1042.879668735605,40.56565386886177,-21.210841065670593,45.776326332739266,32.69467066797836,-17.325023400415564,37.00132329947824,34.807624810112046,39.76325100559676,237.89143034235087,-7.99197249946312,-2.703013924725468,36.90246118669121
373,6.222883333333334,1101.554859900632,1042.0811070399488,14055.5,1074.937823834197,995.559585492228,-2.090482029354116,detected,1101.339728225483,1042.576397867562,40.799486520521896,-19.095473364387544,45.047033235811234,33.12627212484798,-17.35764873630536,37.39836727107807,34.72549911061432,40.11491591777111,237.9433785135168,-6.958134289775858,-2.870979359117298,37.28800547175949
374,6.239566666666667,1102.1116112897464,1042.1141955460284,13995.0,1071.2825112107623,997.3946188340808,-2.174363982074624,detected,1102.0112496849933,1042.2777162351276,39.55101890414198,-19.419544368390234,44.06134133037342,33.44716312418694,-17.483157760755525,37.740873417866695,34.657070303931796,40.35979804788603,238.00714373126368,-5.9529784484959185,-2.8930456940354645,37.62982610849617
375,6.2562500000000005,1102.9984752854407,1041.6946197669197,14101.0,1070.5156950672645,997.6412556053812,-2.206152629315372,detected,1102.7020311913827,1041.9676559026145,37.239857359425514,-19.020901563947973,41.81628477585924,33.61241501748098,-17.44693714185913,37.8707018543275,34.6097496450495,40.49482745280596,237.6678488214788,-7.250409283440754,-3.234816616379714,37.73229413112537
376,6.2729333333333335,1103.5467529726309,1040.952238560942,14213.0,1077.0507614213195,994.5837563451776,-2.0899378238255824,detected,1103.3984599774146,1041.651440180388,34.267315396552476,-18.389052065732812,38.88966624134276,33.68749042721863,-17.577820008985135,37.997720557320605,34.61320366479567,40.51851620989138,237.55361813148022,-7.238259062197024,-3.239864539732988,37.85934554791466
377,6.289616666666666,1104.386065947958,1040.9514344909928,14238.5,1071.7333333333331,997.5822222222222,-2.2161516289987944,detected,1104.0831892430836,1041.3338344124304,32.94899628942767,-20.304885184474188,38.703032424286825,33.658896990596595,-17.624086268557875,37.99381217284155,34.658206056618404,40.431030356874935,237.23840151899654,-7.500229726532263,-3.3937203636544986,37.84194003375725
378,6.3063,1104.4921495956874,1040.1431940700809,14840.0,1071.615,997.665,-2.229467017684469,detected,1104.7519774463444,1041.016846265137,31.496172563908658,-19.724791948951406,37.16283497803862,33.588992870146704,-17.636221546916143,37.937537512108975,34.76150804400252,40.23424636105181,237.35155888126332,-5.030082088583414,-3.2710472153302614,37.79625646274715
379,6.322983333333333,1105.008745679356,1040.0544459136568,14369.0,1071.397321428571,997.3973214285714,-2.238142681085139,detected,1105.4113430477653,1040.687729828917,32.90647130146772,-18.432902277609173,37.71747260740317,33.46279387521407,-17.54803121276383,37.78481141119005,34.92035479275172,39.93179110530701,236.84399421960046,-5.1198197499911196,-3.610549978148004,37.611911706725216
380,6.339666666666667,1105.283293488961,1040.122333942718,14222.0,1069.3653846153843,998.9326923076924,-2.2879321492422555,detected,1106.063110949985,1040.354874875146,34.820097512515076,-13.424640345230728,37.318362225315504,33.221008520259566,-17.287370018773785,37.44981400847216,35.08838490261242,39.5290638871976,236.5123922415241,-5.507718191416998,-3.912155092071698,37.24491390518624
381,6.35635,1106.1801084654237,1039.5160486930615,14321.0,1071.8017621145375,997.409691629956,-2.25549628926771,detected,1106.7091746693923,1040.042657361269,36.76494590829361,-9.29337426327993,37.92134033545161,32.99044195764003,-17.080555966414575,37.14989438319087,35.32609671182511,39.03323815306092,236.2984878025337,-6.937884816267315,-4.09529845099779,36.923477399609745
382,6.373033333333334,1106.583371279788,1039.451189183509,14274.5,1076.7395348837208,994.8697674418604,-2.1607048475466666,detected,1107.3495312408531,1039.7648255162062,41.37190439802771,-3.035869018138783,41.483140843176756,32.676651106456774,-16.796961412924357,36.74100488882105,35.62217833966467,38.45323968924363,235.88871585821153,-7.966869166009057,-4.418090885883203,36.47440079239751
383,6.389716666666667,1107.861057001067,1038.930476322991,14374.0,1077.855614973262,994.72192513369,-2.167100506912065,detected,1107.975774344166,1039.5378594826468,44.2296971874448,0.275570222674105,44.2305556401984,32.31640325215368,-16.481706017616936,36.27666677641372,35.98586952345978,37.79969684332481,235.61407536443733,-7.622582228035513,-4.649585261386267,35.97746390873124
384,6.4064000000000005,1108.315796260477,1039.5890393294649,14217.5,1077.0103626943005,995.1502590673576,-2.184510672061025,detected,1108.5821007108234,1039.346730882861,48.01181719092574,-0.10716091461745236,48.011936780726664,31.893842824696645,-16.266319396747157,35.80237920646401,36.376983031838215,37.08485714756831,235.3904126992109,-7.943043174229904,-4.727258501811207,35.48891917064395
385,6.4230833333333335,1108.967592754791,1039.771152296535,14271.5,1082.0829268292682,992.1463414634146,-2.0847111045474014,detected,1109.1620165147415,1039.1580840318986,48.351030166141754,-2.913662117475724,48.43874012669986,31.40305226307487,-16.14887848740742,35.31200883323493,36.647339320034256,36.32246360129122,235.22458435877408,-7.251928524038346,-4.646489759322758,35.004972514700974
386,6.439766666666666,1109.9398551983782,1040.0089777005503,14387.5,1079.8920187793428,993.3802816901408,-2.143229354735886,detected,1109.7180211531813,1038.9631462582392,48.69227959543741,-8.473122697436793,49.42400125896394,30.8899684264299,-15.981364102794402,34.779220059856456,36.781309550935696,35.52758303651836,234.98492891439832,-7.787492935929181,-4.635657794755559,34.468896483378224
387,6.45645,1110.7579687970883,1040.0464102742426,14379.0,1079.571428571429,993.2364532019704,-2.15850162961142,detected,1110.241576158762,1038.763928701965,44.27189269867313,-11.11608091142216,45.6461141604859,30.37421795683774,-15.873445175313542,34.271845270180144,36.80101910483374,34.716378726797615,234.73378529388438,-7.028135267310751,-4.577031073573147,33.96483718163117
388,6.473133333333333,1111.909991609485,1039.2086824592257,14500.5,1080.9521276595744,992.2021276595744,-2.1531838143171798,detected,1110.7518563260855,1038.5824226724947,40.87395885266096,-16.166436673291173,43.95491084054835,29.80400774043959,-16.060056919180386,33.855639199984054,36.768695965322806,33.905820100238714,235.02577961979938,-6.076854064814741,-3.9241181788423063,33.627453102457466
389,6.489816666666667,1112.4305299845996,1038.305832493834,14393.5,1082.0204081632653,991.341836734694,-2.145426091065332,detected,1111.2508975439032,1038.3846328263546,35.66370008971671,-19.241172961181746,40.52310749450702,29.263311214836836,-16.235873953132515,33.465579126595166,36.753775639987296,33.11332461408763,235.2290507274389,-5.295119926804607,-3.352011371936273,33.297282262082774
390,6.5065,1113.0968300110742,1037.920634920635,14448.0,1079.393203883495,993.0339805825242,-2.214848076432318,detected,1111.717460552274,1038.1793474267088,29.178888631158316,-21.33354062510125,36.14591951178425,28.80927264044755,-16.343511204009065,33.122266657751695,36.73622443971131,32.35633117409865,235.22018715794695,-4.816253080819222,-3.0097598914358485,32.98523751533576
391,6.523183333333334,1113.1303311973336,1038.33271131141,14201.0,1081.177033492823,991.6315789473684,-2.170844955546273,detected,1112.1541003004775,1037.9594756280499,23.816646677069457,-20.191636254011428,31.2239464762972,28.379728939818815,-16.54087050162057,32.84827867101975,36.64628599946611,31.65181153669745,235.3374400746437,-3.464076468607289,-2.535620245643095,32.7502678098799
392,6.539866666666667,1113.4258331569415,1038.101531080223,14173.0,1083.0487804878048,990.3024390243902,-2.136921471691601,detected,1112.589179712769,1037.7394028606705,18.68017950007743,-15.897277292108356,24.529014074301827,27.968750053156683,-16.741945374632206,32.596682568370674,36.54407445762796,31.01573614135557,235.51396306554318,-1.2795161530664056,-2.036270553494811,32.533018868467934
393,6.5565500000000005,1113.79506835765,1037.5654902792007,14153.5,1081.9460784313726,990.7009803921568,-2.167697498982527,detected,1112.9990637407868,1037.5115668050805,17.74992180327581,-16.021899684909386,23.911524282983414,27.558054102142822,-16.9394817811336,32.34798894691891,36.4263514195144,30.462523106958063,235.50945925023046,0.3730343701321948,-1.6434495894906842,32.306213989831605
394,6.5732333333333335,1114.031183633017,1037.0777998017838,14126.0,1081.5837320574162,990.6842105263158,-2.1811162397752613,detected,1113.401518873935,1037.270922944801,16.68282460991304,-20.369291447425894,26.329160089818625,27.221915641788566,-17.167170527932626,32.18298362712462,36.24810750979534,30.004511592695746,235.8804518424923,1.2390937839827711,-1.0571887601636245,32.16561498042833
395,6.589916666666666,1114.3626765975057,1036.9165573092157,14097.5,1083.372881355932,989.6483050847456,-2.1511089980419174,detected,1113.7966516280367,1036.9951800579588,15.455590619001214,-22.00459840578651,26.890102870426148,26.84535981891032,-17.3168137610745,31.945976000781442,36.07008509102614,29.651509771142752,235.9440887470356,1.6491008409182841,-0.6866125937322067,31.938596490588502
396,6.6066,1114.5022401433691,1036.88556404452,14136.0,1085.4181034482758,988.8836206896552,-2.115539103362566,detected,1114.1809133612708,1036.7333137918642,13.177830015316431,-22.456196993436606,26.037203907497556,26.53368182150588,-17.68526306913256,31.88737682578069,35.971666662433876,29.410468959475445,236.09443831754064,1.4924937544599353,-0.12314092131305898,31.88713905546927
397,6.623283333333333,1115.050884439466,1036.0366610659946,14284.0,1082.8552036199094,989.2579185520362,-2.173595843322412,detected,1114.5550981735532,1036.4451940172125,11.733557658707923,-20.82304848873082,23.90137493313425,26.25407771953331,-18.061504170642387,31.86682490944819,35.91536999212103,29.285325660210223,236.23984790620176,0.8666879607621139,0.425961903331622,31.86397787888916
398,6.639966666666667,1115.151190559809,1035.315469082906,14237.0,1083.7606177606178,989.4092664092664,-2.170565549112793,detected,1114.9148867289207,1036.1247775530333,12.396067035730994,-19.47460650539051,23.085120239975687,26.067194652255914,-18.232007234141445,31.810449931184333,35.940987844898025,29.277032078476132,236.42563965832795,1.5596318305581498,0.7746917718457116,31.801015353020098
399,6.65665,1114.9584063968578,1035.7280750976129,14257.0,1081.908695652174,989.6782608695652,-2.193299521560011,detected,1115.2677425806316,1035.8068910665904,13.565236646999438,-16.599277651915145,21.43715615128243,25.898754027631327,-18.345905519999437,31.738268849017203,36.024886909256914,29.383767066684438,236.43558218701776,1.770964969413072,0.9682440843647964,31.723496227963086
400,6.673333333333334,1115.1190294627384,1034.9610629693818,14425.0,1082.6461538461538,989.3423076923076,-2.18941896322345,detected,1115.6072333275663,1035.498375572507,14.427546880611771,-10.517959583633,17.85445554463053,25.8970728140433,-18.57584888791438,31.870370914730355,36.15192624758715,29.601290838149403,236.40548197233386,1.6224435825912162,1.1440452057134287,31.849830498917488
401,6.690016666666667,1115.4554072219903,1034.9288346544292,14382.0,1084.7610294117646,988.0735294117646,-2.150740479330061,detected,1115.9510024807337,1035.1799928603634,15.669738206747752,-5.673370007193171,16.665167947144408,25.890461567452565,-18.949140960425364,32.08404499613178,36.40999656772244,29.923386292751573,236.77415269026682,1.5156664745013304,1.6648462263184367,32.04082131214058
402,6.7067000000000005,1116.028479393432,1034.734463671039,14332.0,1087.643137254902,986.478431372549,-2.1025117845821497,detected,1116.2980935542898,1034.8571437456023,17.64405165547123,-4.728635329109693,18.266706076812024,25.980802698970432,-19.27879377111033,32.352341463205285,36.71094704901437,30.342322735719822,236.90724265850895,0.29690794731363607,1.966121132496479,32.292543502241855
403,6.7233833333333335,1116.41847990858,1035.0184239371254,14293.0,1089.854077253219,985.2789699570816,-2.06132782777488,detected,1116.6355022679622,1034.493470788223,19.395040727344167,-9.089797905027353,21.419431149532862,26.014963236991477,-19.628416804737835,32.58915553497103,37.106348582022875,30.849284640750096,236.87593411409915,-0.5513535826654742,2.222613375357314,32.51327495448921
404,6.740066666666666,1116.5241461358098,1035.5074326899753,14429.5,1086.025925925926,986.6925925925926,-2.1292327743531896,detected,1116.9637600839578,1034.1293051800965,19.250881446313997,-13.948232041096617,23.772875583999316,26.111612000259523,-19.98319377765155,32.8807590363615,37.45972619657543,31.434725005797162,236.80992957108492,-1.574755334667968,2.4291478068024617,32.79090660137312
405,6.75675,1116.9851244265258,1034.8844015014597,14386.0,1080.98755186722,988.792531120332,-2.233841653531016,detected,1117.261177538392,1033.7487419679564,18.62792285598516,-21.826537984327842,28.69489972642944,26.31670591790143,-20.204407591742203,33.178111707910055,37.870275256822765,32.088623771108665,236.67908697236217,-3.4353203224785713,2.426443094559419,33.089265183914605
406,6.773433333333333,1117.1032538715851,1034.4692999245983,14367.5,1084.862660944206,987.1673819742488,-2.1690605706538597,detected,1117.5839188421414,1033.366407083639,18.52218106109467,-26.738959052196606,32.52757480131313,26.554697689187705,-20.5656096914306,33.587144435697645,38.28410546093916,32.8006511879851,236.30853387244866,-3.821568648444571,2.38090777234447,33.502649888091014
407,6.790116666666667,1117.4350765979923,1033.6511475024945,14197.5,1087.4303278688524,985.8483606557376,-2.1313189437742173,detected,1117.8783010314432,1032.970927516309,20.786681926152596,-31.150020564906754,37.448764020901315,26.957514809406394,-20.854836622127333,34.08272018538116,38.61428015210308,33.560250456138114,236.14584238448288,-3.638762457343732,2.3015566544739947,34.00492099977936
408,6.8068,1117.772766961652,1032.5948672566371,14125.0,1085.4467005076142,986.7817258883248,-2.1852753753646548,detected,1118.2181669841682,1032.5322654163508,22.396135170245543,-37.575134087418974,43.74331460064983,27.451081581531064,-21.048103391127018,34.59168305184711,38.81589915116616,34.356662206915566,235.92624553459098,-3.2363846266421996,2.0547704417056707,34.53060171487516
409,6.823483333333334,1118.1557586235283,1032.014606781216,14171.5,1088.395256916996,985.7154150197628,-2.142083915465645,detected,1118.5630613684873,1032.1261832087791,23.080131670479204,-37.208217235147,43.78520192650193,28.002536906150844,-21.14156136353335,35.08714422788475,38.856531592714774,35.178916047414745,235.68803295413457,-2.994694227642614,1.6775287660297664,35.047019663696496
410,6.840166666666667,1118.6239023471526,1032.0604915601384,14159.0,1085.906862745098,986.436274509804,-2.192905595682543,detected,1118.9258489397052,1031.7236820962296,26.626275961143165,-34.659853157918405,43.70656692634891,28.618232881251704,-21.10898158593038,35.56110736240794,38.8051167169587,36.01581284068025,235.75578580781843,-2.4459826565025806,1.3455737514626165,35.535641096230115
411,6.8568500000000006,1119.2928397329472,1031.711834869947,14154.5,1090.7591623036649,984.4188481675392,-2.113666956778172,detected,1119.3296610720045,1031.3573669443015,29.9978675271891,-31.110374884601242,43.21721279350641,29.29472642258682,-21.076097270756375,36.088542119911004,38.62661365380679,36.85591731231497,235.81327989862302,-2.797130014391516,0.9739133614500659,36.07539833605417
412,6.8735333333333335,1119.4575033428189,1030.0972103175964,14583.5,1084.900826446281,987.3347107438016,-2.250461073392064,detected,1119.768757909354,1031.001702053219,31.738368651720975,-28.426641426572132,42.60748745781017,30.02781508479727,-20.96609398118635,36.6230361329412,38.496288419604305,37.68757533291494,235.88237289782865,-3.542275745496214,0.5151607664245788,36.61941267933517
413,6.890216666666666,1119.8535806355942,1029.9553532726484,14611.0,1086.4827586206898,986.9439655172414,-2.230643558961216,detected,1120.2609770335164,1030.641091457822,33.2196484930123,-27.58044768068021,43.17668514680154,30.847709748488466,-20.96863849739538,37.29966483980039,38.35043245208386,38.49896482317815,235.80882551145578,-3.5484413159892116,0.009514100919780333,37.299663626409895
414,6.9069,1120.8259695979543,1029.8920301179146,14078.0,1089.5285714285717,985.4333333333334,-2.1841788876272648,detected,1120.7948518532453,1030.254675521995,34.3127974142044,-27.08854543452071,43.71678579386097,31.62896353545705,-21.021096037727467,37.97733288363775,38.16748787433764,39.27818429895707,235.9158598426805,-4.351518782313947,-0.3151824991173271,37.97602497559326
415,6.923583333333333,1121.594837221469,1029.4133433212053,14017.0,1091.5021276595744,984.5063829787234,-2.161180624123657,detected,1121.3696758691347,1029.8620513691142,33.70034593194214,-21.050756753350925,39.73471625444579,32.41710930711426,-21.071834239877383,38.66382254850473,37.963029359933174,40.013378977393856,235.92789977965165,-6.092026811514945,-0.7067216083961263,38.65736305841992
416,6.940266666666667,1121.8947738597622,1028.9553918413085,13981.0,1094.2798353909466,982.9958847736624,-2.111843288811876,detected,1121.963018342929,1029.4891159126112,34.27416274382131,-19.127012400325384,39.2499787917414,33.124037786967136,-20.993580424897228,39.21647993342919,37.76189649031317,40.69290124877886,235.96519517815878,-7.46277346161043,-1.1420724085841343,39.19984654284511
417,6.95695,1122.5227150296282,1028.6419584605255,13922.5,1096.7479338842977,981.396694214876,-2.0702186878052014,detected,1122.5749868587775,1029.1377399358037,33.1729333368321,-21.453664687111086,39.505736731225554,33.81557053169309,-20.97759260237895,39.79387140974467,37.61537812578685,41.305500153025655,235.80866363720145,-7.389243496170203,-1.6509987805776305,39.75960770432507
418,6.973633333333334,1123.1343326093922,1028.2903953193054,14043.5,1090.6571428571428,984.5904761904762,-2.2099225124394746,detected,1123.2403711117295,1028.7643676596545,32.42533303689606,-18.575579738859687,37.36916356019168,34.32554141383903,-20.90330343744152,40.189437517225,37.41919114757921,41.84053313513807,235.65308284783802,-7.8575587009249155,-2.1080182867304487,40.13411450192645
419,6.990316666666667,1123.366969523537,1028.689845948395,13978.0,1093.7832512315272,982.8029556650248,-2.1434434602441748,detected,1123.9253153178531,1028.3849767076383,33.115649740988374,-14.853844938118982,36.294393054761315,34.75558246443204,-20.831903733483063,40.520596313517416,37.12485803792017,42.288192597383066,235.4144718872859,-8.208365842673759,-2.5780285604213518,40.43850262243514
420,7.007000000000001,1124.0134285228626,1027.2534647855402,14707.5,1092.6507177033493,984.1770334928228,-2.20011468646348,detected,1124.6338979239476,1028.0031856674057,37.31914442782909,-15.045397027608487,40.23782440122151,35.098008025344555,-20.67658290142234,40.73562627266876,36.78808820414104,42.639739436882394,235.24515139017504,-8.411510995779222,-3.0203376622491938,40.62350068904132
421,7.0236833333333335,1124.568565472549,1027.093490132101,14711.0,1091.4854368932038,984.5485436893204,-2.231731327453179,detected,1125.354760157338,1027.635815114449,39.04491912366984,-18.056148620599288,43.01778948740961,35.3315107821533,-20.466345595339426,40.831200768251776,36.48880154970983,42.88773570638154,235.25356795988188,-8.886724095271456,-3.3202023338836497,40.695985215243994
422,7.040366666666666,1125.439730161548,1027.8223681874667,14082.5,1094.7230046948357,982.5915492957748,-2.167364508259148,detected,1126.0932861749186,1027.2448177430317,41.36610304972237,-20.802625955228905,46.302308021883896,35.53955120420925,-20.257559269290045,40.90755929342901,36.31881026084126,43.02626866278218,235.14736105904913,-9.883772234838018,-3.6858566814056353,40.74116920106181
423,7.05705,1125.9806204301838,1027.579399446298,14087.0,1096.457399103139,981.4843049327354,-2.1404535839451846,detected,1126.835898499499,1026.851957981248,42.916152147277444,-21.88112363510436,48.17239548395937,35.64124750855202,-20.130902902519352,40.93350431659288,36.175212700782,43.05115874598844,234.9114922060089,-10.291740090842396,-4.015641356959325,40.73605773916771
424,7.073733333333333,1127.1873722782043,1026.6202992506987,14191.0,1097.34375,980.8616071428572,-2.148713549882115,detected,1127.567895863561,1026.485378107376,43.495443867937865,-20.39863836576069,48.04121235404054,35.593030117109784,-19.878671095062494,40.76794521953685,36.0576834300151,42.96014448124803,234.6136333199326,-10.853361602842465,-4.4050711988491145,40.52925739704871
425,7.090416666666667,1127.5905351967235,1025.788972201687,14203.5,1092.9906542056074,984.0046728971964,-2.262414022263759,detected,1128.2737695543983,1026.0874992283968,46.823455295952044,-21.5274660742175,51.53511192797203,35.55914144678583,-19.555578120595776,40.581685229463375,36.023411479533245,42.75303792225181,234.27337373298386,-11.208397868902386,-4.888183799352449,40.28621147746452
426,7.1071,1128.3785503774936,1025.45529371705,14194.5,1093.3169642857142,983.7901785714286,-2.270340461708782,detected,1128.9868529207524,1025.6892094937266,47.16087706521421,-25.153768242681508,53.449606007591676,35.418662537175145,-19.07503989056721,40.22858191322464,36.067933286524784,42.43184499570739,233.95616471696115,-11.000237022483216,-5.417035007527781,39.862194300818956
427,7.123783333333334,1128.8850105559466,1025.5154937837203,14210.0,1096.1940928270042,981.9620253164558,-2.214676688547246,detected,1129.7105568772683,1025.3498131246583,51.82687258479564,-22.593479720332198,56.53751009545525,35.211010261349784,-18.775183528644476,39.90391910776638,36.17577722413673,42.00084589386295,233.74972447475176,-10.382204713705555,-5.679654582617541,39.49764909436148
428,7.140466666666667,1129.7889516234036,1024.963341737391,14080.5,1096.5489361702128,981.6936170212766,-2.225847141382049,detected,1130.4405800538696,1025.038981151922,52.85012481779495,-15.345772166765528,55.03297572047855,34.88714454303918,-18.3661760782573,39.42625112922175,36.35704197881906,41.46663143616006,233.59901876695756,-9.084399491217072,-5.920536813443102,38.979180621777104
429,7.157150000000001,1131.274241193847,1025.1737104120325,14161.5,1095.2660550458716,982.6146788990826,-2.2730080417014444,detected,1131.14544659811,1024.769412043986,56.07792976604287,-12.412719042479239,57.435266177434606,34.49778654550179,-17.819970939737992,38.82845143489643,36.641342408353765,40.83809205861668,233.43894381488192,-8.687465432625974,-6.236206835565039,38.32438342799741
430,7.1738333333333335,1131.6471273639868,1024.228746526844,14876.0,1102.5611111111111,977.8444444444444,-2.130879886808425,detected,1131.824756101867,1024.5085693956278,57.144582807638926,-11.028264774907257,58.19902033715484,34.14655887628364,-17.2986836229495,38.27834816418292,36.98885129075572,40.126356756629086,233.0957804321123,-9.177989141839173,-6.671568562462861,37.692467564418806
431,7.190516666666666,1133.4110386398409,1024.1496589248943,14488.5,1102.65,977.8045454545454,-2.1567690355287987,detected,1132.476489043128,1024.2874794525146,56.12058549433277,-13.242039592410492,57.661700710208684,33.736269757606316,-16.90656507619101,37.73549840446611,37.28082411124803,39.34467984792126,232.76561142807248,-8.60400757396685,-6.952596064814681,37.08947624047808
432,7.2072,1133.8161555045554,1024.708220321302,14379.0,1104.141304347826,976.6358695652174,-2.123836214464166,detected,1133.101264204242,1024.0734191506133,52.323864044258244,-13.787424658899909,54.10988659428942,33.31908373003916,-16.6279458694834,37.23774864902322,37.55318531522049,38.508273784500936,232.65143451070634,-8.32176234757338,-6.994892652646179,36.57487390580844
433,7.223883333333333,1134.8182893318028,1024.1095574338815,14374.5,1105.0773195876288,975.840206185567,-2.1230034013612897,detected,1133.6981811005498,1023.8524475694312,47.01982384600842,-17.012607551905603,50.002926416609036,32.89806640219199,-16.494743430904805,36.80162134817447,37.73776987038675,37.634086405783314,232.39832961908218,-8.214625709773426,-7.005035015590549,36.12878102406392
434,7.240566666666667,1135.681236141585,1024.1334935395116,14356.5,1102.717299578059,977.675105485232,-2.187894201124267,detected,1134.2841575526522,1023.6611847587595,42.639722052577326,-17.042488949072776,45.9194112146521,32.39521479389795,-16.57886604059625,36.39105303140897,37.923872852655286,36.74052101731793,232.3174811071828,-8.155075378771777,-6.682046930806832,35.77232155660735
435,7.25725,1136.195706627338,1023.2362642507668,14239.0,1101.0141509433963,978.5943396226417,-2.238228638220129,detected,1134.838911822406,1023.4630343454146,35.44682882978759,-19.954178100675108,40.677351164520566,31.930389246773945,-16.51916080363986,35.95041628558713,38.06291640183608,35.84709761733794,232.11526648225185,-8.348827046511675,-6.569941210065643,35.34498979492412
436,7.273933333333334,1136.8230455576315,1023.0237717535634,14183.5,1099.7090163934429,979.1680327868852,-2.2731240391628766,detected,1135.3800375736475,1023.2772790921967,32.553672402343636,-21.945841632173142,39.260177684563956,31.482914609425112,-16.518993699065877,35.55349582156629,38.201144160012916,34.97405377900447,231.93764047132154,-7.1730826017845395,-6.403739598761188,34.972034317228236
437,7.290616666666667,1137.300421079794,1022.4204112272306,14209.5,1104.1535269709543,976.4564315352698,-2.195575915854113,detected,1135.874782538139,1023.0530567538026,29.25835142908545,-22.33328036242483,36.80796843204658,31.06406091883901,-16.740237745169374,35.287553620705054,38.36996874637765,34.141884721389296,231.76002459912058,-8.313631414879616,-6.079098436504816,34.759977024351144
438,7.307300000000001,1137.5528922978588,1022.3213427553472,14080.5,1099.112745098039,979.313725490196,-2.300174645054592,detected,1136.3460412703469,1022.8337709935591,23.535177452631615,-21.02509793298441,31.55882318494219,30.629252040149744,-16.979914253903726,35.020973267585525,38.55835353736437,33.370824856671355,231.57229115401938,-9.243252213997689,-5.734952760445989,34.54821103102725
439,7.323983333333333,1137.9525456020888,1022.0682825859412,14171.5,1097.35,980.61,-2.345766786917031,detected,1136.806420108235,1022.5998072136988,19.410714686973733,-17.489080002716037,26.127452305965456,30.298565010943147,-17.10846132860536,34.79515039132226,38.76431576938279,32.68027857599067,231.53335158816813,-10.244253787665196,-5.452075826358392,34.36535115400935
440,7.340666666666666,1138.4000212758413,1021.85726274482,14100.5,1097.5561497326205,980.75935828877,-2.353094336505197,detected,1137.2531472726653,1022.358400810905,15.162459195660176,-15.05688820616706,21.368435864917032,30.043216812299768,-17.279524345619283,34.65799818283943,39.02912743098734,32.08821683971502,231.2100297928858,-9.435334411627466,-5.352610711818576,34.242172778745015
441,7.35735,1139.040229075717,1020.9874196122612,14202.0,1104.600858369099,976.0128755364808,-2.2243030607811747,detected,1137.6687280709584,1022.107734941566,11.959641365654079,-12.568854033997468,17.349614212512005,29.816489967892608,-17.486242101167157,34.56575960146213,39.31024094703716,31.61056777619053,231.15184164271483,-8.895734722954192,-5.08417299618241,34.189807278938574
442,7.374033333333333,1138.4860093628274,1021.2298776638196,13991.5,1102.3150684931506,977.3607305936072,-2.260310041138406,detected,1138.0710759487672,1021.8517825650864,10.116557677119545,-10.10437661019023,14.298362350809471,29.63404924836052,-17.70983614196857,34.52267618580044,39.6330042100797,31.260641727493947,231.10377526708112,-7.4241457475940384,-4.824277139679248,34.18393659468144
443,7.390716666666667,1138.7243337389357,1021.0375539808653,13971.0,1103.738396624473,976.4599156118144,-2.236219539002517,detected,1138.4659319233972,1021.5991079335024,8.33220237719479,-8.505715017160128,11.906837716525486,29.46873123384141,-18.011461170410897,34.537209702371726,40.01333364307459,31.048639977895395,230.85758126859417,-7.172904595028796,-4.632825820553469,34.225075294906404
444,7.4074,1138.8110408705072,1021.1088729359382,13999.5,1102.9875,976.9375,-2.2522163012166594,detected,1138.8423003140447,1021.35097490031,7.463071670764293,-7.226411374604595,10.388381015248681,29.2565551093216,-18.161940689200947,34.435477439158944,40.472830746250516,30.981296982831434,231.00224498871472,-7.662596945249247,-4.295929121139526,34.16646161733711
445,7.424083333333334,1138.942321804796,1020.856615297209,14081.0,1099.6090909090908,979.0590909090909,-2.3258294818795933,detected,1139.2069788564056,1021.0884225515322,11.021492133798347,-2.802264279268911,11.372157840368086,29.0864187204907,-18.635091996485848,34.54397787894733,40.80827991962798,31.061694932234552,230.96764528802328,-8.288463441678758,-3.841876365737031,34.32967220483752
446,7.440766666666667,1139.215695273061,1021.0631317588636,14163.5,1099.15,979.3590909090908,-2.336161083310122,detected,1139.5551299698564,1020.8166257380062,15.571036321736756,0.15439720972653959,15.571801778574523,28.962145580373562,-19.10537084127659,34.696124734636484,41.12540837121476,31.28926738683695,230.9126666429777,-9.481998722718025,-3.4314374079787626,34.52602364762814
447,7.45745,1139.3936215927436,1020.6309768533037,14350.5,1102.56,977.364,-2.2760505765477403,detected,1139.9075439806452,1020.5555380734634,15.831305080985203,-2.6334460816278806,16.048839797071597,28.88631617711054,-19.379944775021517,34.78507613570627,41.33764472579491,31.659980728531927,230.85602581170014,-9.633693236840076,-3.2047490141696517,34.63713477646586
448,7.474133333333333,1139.583272469734,1020.4447911825245,15061.0,1102.75,977.0889830508474,-2.27503371554774,detected,1140.2341808664457,1020.309762844394,14.547444304243527,-5.846238589863788,15.678221883704795,28.921289765698862,-19.75761462154508,35.02576676170002,41.492429211815605,32.16665657201019,230.80279989915994,-9.24795247784641,-2.9663425744926837,34.899930501016215
449,7.490816666666666,1140.539605382609,1021.089690994128,14503.5,1103.9875,976.5416666666666,-2.257918930987847,detected,1140.5931532040636,1020.0056548848329,13.847567720849383,-8.359407741931136,16.175129971019334,28.99890602637935,-20.10178183856016,35.284815201611124,41.623559776750334,32.799382798014356,230.6586839042135,-8.375398932878126,-2.837147628669621,35.17056691531972
450,7.5075,1140.5222706196432,1021.6178633319282,14234.0,1104.6651162790697,975.7302325581396,-2.234100032552808,detected,1140.934495524035,1019.6997587981605,14.998675508312317,-11.412239451994992,18.84673648972996,29.13334137194131,-20.672661442926874,35.72268901731703,41.67832605347881,33.54595906396522,230.5560580623258,-9.649259895129154,-2.5446891715539177,35.63193887017823
451,7.524183333333333,1140.5121633973142,1020.0348379385504,14223.0,1105.1504854368932,975.242718446602,-2.23907857131681,detected,1141.2820135143038,1019.3357189043767,16.888565766037118,-16.414284246357056,23.5510590197971,29.33390739220976,-21.051439092737606,36.10597195437313,41.69024563375429,34.39233280166435,230.2528784127556,-10.230293028604837,-2.570208188201228,36.014375472015104
452,7.540866666666667,1140.3343776329998,1019.870138963058,14044.5,1106.8369098712446,974.5064377682404,-2.2068449991844723,detected,1141.6238195903434,1018.9629952704169,19.409240799160216,-23.269217085824494,30.301404128967555,29.58455493756773,-21.33575326137541,36.475474747894026,41.608029488449624,35.32299841204427,230.04156215175462,-10.341980633353511,-2.6460613605087424,36.379370766420315
453,7.55755,1140.7746468825794,1019.6642174347268,14018.0,1105.104347826087,975.4173913043478,-2.249285900280197,detected,1141.9788220888772,1018.5824894832192,22.2618550512434,-30.42977174751104,37.703596631199424,29.924874914411905,-21.71217565558259,36.971836718535805,41.57304407583398,36.321349486242944,229.73176647392418,-10.11967026503028,-2.775474495494951,36.86751214371441
454,7.574233333333334,1141.5646565197528,1019.4833249176464,13863.0,1105.7379912663755,975.1834061135372,-2.250837707032656,detected,1142.373566981903,1018.2054542592014,26.535058396371824,-37.23531003037033,45.722834964125525,30.427407578950675,-22.00575180810968,37.55103520032048,41.440288440226,37.3699870266396,229.48716975699722,-11.068333983273694,-3.036096864466103,37.428095869884785
455,7.590916666666667,1142.0634038612238,1018.3940656835506,14037.0,1109.3231441048035,972.6943231441048,-2.1924583559012043,detected,1142.7769942971897,1017.7929439908714,31.073179233090286,-35.04145901985976,46.834243005436356,30.927803706207275,-22.371859755646174,38.171051217067486,41.287452079767256,38.450994067643876,229.36788604732016,-10.138531144877206,-3.1620276597280075,38.03985715134988
456,7.6076,1142.710777156559,1017.8033070996996,14040.5,1106.7725118483413,974.8436018957344,-2.2674343987849546,detected,1143.23594327655,1017.3799907686431,33.72972057972083,-37.97872328886524,50.794463015551585,31.637024913453036,-22.729344921457923,38.95541638762257,41.01718761787437,39.546189261634794,229.69210770752247,-11.782396742494576,-3.1329014621499525,38.8292337596496
457,7.624283333333333,1143.386070323888,1017.25263981228,14063.5,1108.9808612440193,973.5502392344496,-2.237721364602125,detected,1143.7199650281593,1016.9808635541332,35.54170320037338,-39.03019116929863,52.787957803796765,32.317580296574555,-22.93658643914909,39.629698380206,40.69786517507792,40.63737050297018,229.67300043359367,-11.164451871620694,-3.428277692902533,39.48113354206599
458,7.640966666666666,1143.496856422369,1015.7373201428588,14606.5,1107.1960784313726,974.3284313725492,-2.2905556468232398,detected,1144.2423138107838,1016.5725120207733,36.30969550917189,-38.47681736549521,52.904248057660276,33.090554507268635,-23.217327840509668,40.4231259262841,40.34839202527702,41.70655629521692,229.73358020236643,-10.715169804712549,-3.671918995680741,40.25600726030068
459,7.65765,1144.3241333045833,1015.9911114305564,13913.0,1108.668202764977,973.926267281106,-2.2739198831399685,detected,1144.8069361830972,1016.1566927711299,38.541020655134616,-32.662362122792274,50.51970083620773,33.91090654711436,-23.389706127138876,41.194998914443985,39.98195515432773,42.736228735184646,229.67516440825085,-10.65685837605668,-4.112407353752548,40.98921859852714
460,7.674333333333333,1144.8163672654691,1015.279142314174,13944.5,1112.7716894977168,970.9771689497716,-2.19700503598826,detected,1145.4153102195871,1015.6849908254292,40.800757468259235,-28.884867614611267,49.99037294417126,34.66725978969226,-23.4785467360022,41.86957198444538,39.62732323971699,43.70957856414167,229.37045019453296,-10.150529487957828,-4.7554267528680185,41.59864149895716
461,7.691016666666667,1145.903299405374,1014.7680131456063,14098.5,1107.580188679245,974.6556603773583,-2.333386799606893,detected,1146.0616359607877,1015.2112738436514,44.20321088639457,-25.196023030760898,50.87989218968241,35.4162211024796,-23.534860378622607,42.52291582454079,39.24620569654116,44.61075010579533,229.0222547559027,-9.937605949312744,-5.456767301644437,42.171341700693915
462,7.7077,1146.4839344496922,1014.1514956347504,13974.0,1108.5619047619048,974.3809523809524,-2.3324063106344126,detected,1146.7479048099763,1014.7224563681909,47.72395003293195,-21.655826748572053,52.407539905150614,36.09707338826332,-23.611779762343737,43.133685800579265,38.86983505700698,45.425082120203584,228.92874100619548,-9.536178623250835,-5.914917839485788,42.726205046730115
463,7.724383333333334,1147.2899437037036,1014.3160177777778,14062.5,1105.8666666666668,975.8761904761903,-2.393534173779939,detected,1147.4567936558562,1014.2305823151373,47.79180270140341,-24.725393786563473,53.808935162763646,36.71414070316946,-23.612725243250146,43.65190626977643,38.58026814830191,46.13933954498605,228.43599945404478,-8.849314298674182,-6.690828072054959,43.13608397496867
464,7.741066666666667,1148.1049413496698,1013.8760151018664,14038.0,1115.179347826087,969.6739130434784,-2.211017401406866,detected,1148.196084836998,1013.7310190304786,47.314858631212246,-23.231436964620116,52.71048767306861,37.25990205647428,-23.547791652174674,44.077191300629444,38.39909899518971,46.74193063928206,228.02791592717267,-9.353938149289473,-7.411152461226536,43.44966757236169
465,7.75775,1149.0920742189817,1013.462766020511,14057.5,1112.1453488372092,971.8197674418604,-2.296508630961132,detected,1148.9594262968776,1013.2338803222177,45.62327281100943,-27.020713065426207,53.02454107818272,37.76957605705561,-23.4441230943869,44.45410873242735,38.25204868155202,47.22310408182646,227.47160994288677,-9.328578697606819,-8.253580130869668,43.68118815025282
466,7.774433333333333,1149.8728830585594,1013.028765585298,14102.5,1115.4843049327355,969.2600896860988,-2.2367500842798216,detected,1149.7535793223283,1012.7161226820198,45.91710093237134,-30.855275058398092,55.32113662030979,38.26382455009013,-23.39022147253248,44.846657955016,38.16488447323297,47.575120996792386,227.22468567292734,-8.522164548884492,-8.816974733460142,43.971396228499785
467,7.791116666666666,1150.4920179139044,1012.2128516903588,14104.5,1115.7684210526315,968.6052631578948,-2.2432612958093525,detected,1150.5415733759396,1012.2071642138987,44.671735070507566,-33.77914091505454,56.00530577694159,38.540247864294365,-23.188469033542805,44.978392607571244,38.15812416451875,47.79239757413203,226.94100647573367,-8.000372071842332,-9.370713082461066,43.991425731465135
468,7.8078,1151.0703766638346,1012.156518455584,14124.0,1109.2685185185185,974.0185185185184,-2.4019951214244872,detected,1151.3433190193966,1011.7080421383447,46.02408282411989,-36.611072448968116,58.80975111038168,38.703596150129556,-22.95555697446133,44.99917722536784,38.25163769686426,47.87161480611609,226.6069580363306,-6.621774387815962,-9.908500750785187,43.89473275726546
469,7.824483333333333,1151.8376806506349,1010.76570124627,14242.5,1111.9186602870814,971.9282296650716,-2.3699264476913324,detected,1152.1577251187584,1011.2275895902053,44.98037243749968,-34.47902105055027,56.67483389671707,38.68509404012935,-22.643574637572723,44.824858876085464,38.47399907796954,47.8117927983326,226.3076557440894,-5.4333770265397225,-10.350463062895486,43.613482865332074
470,7.841166666666667,1152.731194157773,1010.2649196341564,14195.5,1111.1542288557214,973.0547263681592,-2.4115627618505155,detected,1152.9612817163056,1010.7577686952131,46.55364154091558,-35.52028294922502,58.55708361516193,38.58633271704167,-22.298360148656062,44.56592799291195,38.78727170669834,47.614328072653336,226.12825255574023,-6.033483104758005,-10.667390110116827,43.27041398124121
471,7.85785,1153.3271903609884,1010.1376950808784,14054.0,1113.780991735537,971.0661157024794,-2.362231464185344,detected,1153.7446609118708,1010.3115669170068,48.34961128656141,-29.621265157820744,56.70188939631123,38.48453577721813,-21.829509218413577,44.24462641615121,39.13543874315985,47.28299320005675,225.975346141004,-7.091496851554464,-11.049205984759368,42.842759175981456
472,7.874533333333334,1154.6805712536498,1008.9515988508996,14156.0,1116.4271844660193,969.0,-2.334483019982039,detected,1154.5201794919349,1009.8948359891115,50.266366914858736,-24.12710176829387,55.75683529897311,38.278225131187774,-21.45187393701371,43.87944182192184,39.58141032886565,46.82389891250863,225.87131280136475,-7.470628784876211,-11.254388198282841,42.41160408291315
473,7.891216666666667,1154.9098669344714,1009.4027354351232,13940.5,1118.6650943396226,966.8301886792452,-2.276082260243228,detected,1155.2814383661453,1009.5221380259,51.225336358865206,-18.50882286148044,54.4666100358425,37.98180498896377,-21.178610783808267,43.487366728185705,40.12370189861009,46.24541948071366,225.67449018047654,-7.376918683987003,-11.388382637144964,41.969701045655405
474,7.9079,1156.032082016313,1008.0068544234116,14078.5,1114.5219298245613,971.34649122807,-2.418156226722157,detected,1156.0543621117015,1009.1958753173242,51.42314171633416,-17.184979856299833,54.21865948766732,37.691891700777646,-20.76219438464842,43.031934835062636,40.77530490771643,45.55808255873137,225.54409897300798,-7.263993845936427,-11.578055902463154,41.44509666014202
475,7.924583333333333,1156.8468038076223,1008.922183797402,14024.5,1118.1473684210523,968.4666666666668,-2.3340127610088395,detected,1156.7955677865468,1008.9179940623271,51.53029591156928,-16.256248160807445,54.03366544109005,37.32166634919038,-20.21295958487913,42.443733509909876,41.43973137471886,44.77442484916759,225.53439777821532,-7.274390413046359,-11.717710339990173,40.794188049872176
476,7.941266666666666,1157.846592123068,1008.8141158037176,14041.0,1118.6,968.1814814814816,-2.338844508454736,detected,1157.5012585825652,1008.6294127641925,50.20081867711406,-15.39689501574685,52.50891897552656,36.87191754984576,-19.88402953915435,41.89168097029035,42.051426491860205,43.90881480720054,225.51570333246573,-7.269166444467863,-11.650547541120924,40.23900690261463
477,7.95795,1158.7226010056406,1008.0659083147866,14153.5,1121.4265734265734,965.7027972027972,-2.29267050470543,detected,1158.1691702441838,1008.368874034027,50.063380940360275,-18.345044172792313,53.31869050231194,36.27712121330196,-19.564460519508287,41.21647290761306,42.551776531281,42.97724316956876,225.62071840618458,-7.242402884932334,-11.389176270422531,39.61166877102309
478,7.974633333333333,1159.486045604454,1007.707093632162,14099.5,1118.058091286307,968.643153526971,-2.385555643508801,detected,1158.8021865668634,1008.1597786739609,47.15451050630054,-19.2442585903932,50.93024003264397,35.69199883959908,-19.39125271789847,40.61944685905197,42.93006617268363,41.997081382730734,225.39500712494086,-6.1707103515980455,-11.257570002487109,39.028279244343445
479,7.991316666666667,1160.2585594829518,1007.4695420396512,14131.5,1121.78125,965.6796875,-2.314948901767231,detected,1159.422132234672,1007.9692813860011,44.732004995046736,-23.886308871617075,50.710038674676426,35.11684946391612,-19.20483122121808,40.025225277402484,43.11008310159401,40.9868070720358,225.37581308873814,-5.97657972605534,-10.999309772734883,38.48420251259258
480,8.008000000000001,1161.0358881854302,1006.912366333015,14136.5,1109.688775510204,976.1377551020408,-2.601655254242957,detected,1160.0158565319482,1007.7762192696571,40.181924916377284,-18.932447220533504,44.41874207745722,34.52929186111018,-19.1897533054677,39.50340021256953,43.23220494627862,39.96569468283924,225.4662451007884,-5.15648760625257,-10.537231796175792,38.072107564831505
481,8.024683333333334,1161.5696447083214,1006.635826029592,14148.0,1119.847290640394,967.2955665024632,-2.3855718951539022,detected,1160.5764295809477,1007.5738134077354,36.093676464231976,-13.291184031597368,38.46308689726349,34.01247061847281,-19.183535343897475,39.0494069847807,43.21796003939034,38.95346861271174,225.4882020433946,-5.149125440380101,-10.164754366629824,37.70323533238387
482,8.041366666666667,1162.3117417449098,1006.005708525278,14218.5,1119.3390557939915,967.9957081545064,-2.417398774416994,detected,1161.1229555066163,1007.3669238122138,31.369377224317304,-9.847530303715757,32.878742076364745,33.487585898238315,-19.202801382323898,38.602668174892656,43.112049646281946,37.96991599799419,225.48545325249896,-4.389394648320406,-9.784833502385835,37.34197401787241
483,8.05805,1162.8811545388628,1005.9646574509392,14251.0,1120.2396694214876,967.5702479338844,-2.4085563899451405,detected,1161.6343685919082,1007.1191167229089,27.172655110305186,-6.605479851255495,27.964004538136823,32.87858472352195,-19.381644617178782,38.16607762776293,42.98881722962864,37.034457466182204,225.46947540563127,-4.355107876786872,-9.240667395290142,37.030521837776575
484,8.074733333333333,1163.0425943624414,1006.711325852772,14125.5,1124.255230125523,964.3389121338912,-2.312050450552631,detected,1162.1227985309768,1006.8937457267944,23.12028461407317,-2.8914511856169156,23.300387348594747,32.338341194260764,-19.511396115592706,37.76854365177441,42.89952936148984,36.16567739770224,225.53927936438754,-4.414981166523322,-8.72454085223487,36.74704445929868
485,8.091416666666667,1163.4573800869505,1006.4657187655904,14031.0,1124.6564102564105,964.2153846153848,-2.313662366044265,detected,1162.5835873327435,1006.6466086981793,20.534616651181295,-1.4453221310100162,20.585418068947725,31.795549994391507,-19.661330866845105,37.3834847345911,42.83028353453675,35.38082125341369,225.76759838152196,-3.807491386079075,-8.091972222004882,36.49719052830926
486,8.1081,1163.605894105894,1006.2639265496408,14014.0,1122.1748878923768,966.2600896860988,-2.3737179876457293,detected,1163.0276894575088,1006.3891732149599,18.343360823001603,-0.9077356240804875,18.365807094872114,31.38830960811414,-19.83355071273212,37.12944537599972,42.74237781848999,34.69527649882233,225.20640913099584,-1.381019260770779,-8.039914829987115,36.24852387968234
487,8.124783333333333,1164.0044379402243,1006.2114981915096,14008.0,1128.5781990521327,961.260663507109,-2.238245604743081,detected,1163.4591060776793,1006.1101714066685,17.210165048474664,-2.3513124928122124,17.370044658393763,30.957559170615454,-20.00898089436334,36.86095205272314,42.60078742439954,34.122064690095634,225.1326045455372,-1.088579243150981,-7.658385624694782,36.056607104061
488,8.141466666666666,1164.2045177045177,1006.2526514879456,13923.0,1124.7863636363636,964.7,-2.329839272694721,detected,1163.8715705870457,1005.837225139087,16.516207591920647,-4.978256524831977,17.25016380346718,30.607503560884787,-20.07829069648188,36.60542352605698,42.3768519110954,33.67138299143139,224.6888096958893,0.06470290992929442,-7.639826133672374,35.79930290060496
489,8.158150000000001,1164.5863890578232,1006.0773560381116,13976.5,1128.3318584070796,961.9469026548672,-2.2585286748773696,detected,1164.2767112006875,1005.5720174972947,13.437305422494774,-4.475327504456345,14.162970496670214,30.296644063794457,-20.225682338112527,36.42752897974949,42.172563914494255,33.3502400796432,224.97096089174832,1.003033858337205,-7.1393506836193446,35.72106576499073
490,8.174833333333334,1164.90552035772,1005.9869158437452,14126.5,1126.727678571429,962.9017857142858,-2.2958799811278467,detected,1164.6913206583658,1005.3001571228859,12.15508481546658,-4.8273029930855955,13.078568004878798,30.003155973448834,-20.380356137281343,36.2704877917229,41.94253896956785,33.162230149802745,225.06230080240726,1.5907065207326758,-6.765604356313405,35.633900745545006
491,8.191516666666667,1165.0766477675406,1006.1165485471296,14110.0,1126.935064935065,963.012987012987,-2.2951961003130665,detected,1165.1000204425432,1005.0171315962338,12.90548778727316,-5.341204842919524,13.967107223812798,29.748847934235723,-20.52692504815166,36.143444846150416,41.66019296638417,33.10747723308066,225.32679074868315,2.536608263122288,-6.318015229520663,35.58695391440889
492,8.2082,1165.1660277797496,1005.899434466766,14087.0,1130.5108225108224,960.2251082251082,-2.219871319364424,detected,1165.5022947666062,1004.710664181156,14.013583933625796,-8.689454112060957,16.489000801455138,29.492552902081197,-20.726566737496483,36.04720856607282,41.35349187337405,33.182761218493695,225.62317982709587,3.4382065693100907,-5.811900266861109,35.575596420777174
493,8.224883333333333,1164.938613299269,1005.7330447330448,14091.0,1130.2054263565892,960.453488372093,-2.2251413351207274,detected,1165.8841832150033,1004.4064130211672,15.013020249743931,-15.087135391430365,21.28408868940768,29.295410305661516,-20.878148127025764,35.97385347986907,41.082551771320034,33.381811495485884,225.6214174799611,3.1348108781975017,-5.566773340754134,35.54052853804734
494,8.241566666666667,1165.343755888449,1005.5815432447712,14152.0,1124.1935483870968,964.741935483871,-2.35998274430251,detected,1166.2604158203649,1004.0516007621388,16.15895262014692,-21.28335373541313,26.72251664807933,29.15273639281313,-21.13263917392894,36.00653381879915,40.96598021800091,33.695730905465226,225.86794944121408,2.025024721908103,-5.131795177547101,35.63895559496702
495,8.25825,1166.1383718744123,1005.5722175220906,14184.0,1122.489539748954,965.9958158995815,-2.4050881325913678,detected,1166.6425957996603,1003.6729402946468,18.902411241858772,-26.599725495468647,32.63198656518836,29.05727935782293,-21.367871912134287,36.06814985180055,40.85697676444074,34.11349801227597,225.7855181984504,1.6541720031112204,-4.947897495192654,35.72715695530511
496,8.274933333333333,1166.3628243300725,1004.7555295618886,14106.0,1123.6581196581196,964.8333333333334,-2.389857344527136,detected,1167.002757879358,1003.2584766323868,22.34492456606131,-30.61411551031324,37.901447496656004,29.071551988111896,-21.394647636628218,36.09551332912408,40.79825650720186,34.62249268089247,225.79157063261155,1.6364192889917948,-4.934882263420505,35.75658008729515
497,8.291616666666666,1166.6751290724587,1003.5769746602576,14042.5,1126.7536231884058,962.2946859903382,-2.3394384329494886,detected,1167.3728579056126,1002.8397953654343,24.67429611413354,-34.29700577646463,42.25050880118243,29.297709409099713,-21.693898399966024,36.45519173462263,40.74173265369389,35.20899760860337,226.127053591035,0.37883291662509316,-4.666451582542972,36.155293305903086
498,8.308300000000001,1166.852103397058,1003.1775909156246,13914.0,1126.178899082569,962.6238532110092,-2.3576652647994094,detected,1167.7287786647614,1002.4197301602351,25.78087939568195,-40.61169829798064,48.10367741722977,29.537814353911465,-21.795461346095376,36.708644923168656,40.68988087820138,35.858642802885306,226.3309256584866,0.7208878303683691,-4.630099172372843,36.41547464676615
499,8.324983333333334,1167.4193992011672,1002.7858817057712,13937.0,1124.4449541284405,963.5229357798164,-2.401295413854222,detected,1168.1132188553204,1001.9470440648689,26.43123330292019,-44.08767889123783,51.40363337284919,29.85997637658236,-21.996502091939327,37.08725243922429,40.63237599285389,36.55677618140667,226.21790095935043,0.15326601575085427,-4.7796881218914855,36.777967248723755
500,8.341666666666667,1168.00889826399,1002.1494035496072,13748.0,1125.2976744186046,963.1209302325582,-2.4012186558366237,detected,1168.5195513486026,1001.5194235277986,29.092167942068954,-44.92746554707492,53.524119759722794,30.218977173750016,-22.07914323219744,37.42559481552049,40.52830039278731,37.28875759529188,226.20967216224724,0.4786700351138089,-4.973749572902953,37.09362428344745
501,8.35835,1168.3516718648002,1001.5119677957496,13787.0,1124.1767441860466,964.106976744186,-2.438990110656334,detected,1168.950626966765,1001.1042544952346,32.803264880864845,-43.92060907732866,54.81855606058687,30.67115976932049,-22.173173025986703,37.84665961000427,40.359047565486435,38.040183596587866,226.19552377509027,0.810865660316876,-5.228047882781073,37.48382529799856
502,8.375033333333333,1169.1263479169636,999.964479122132,14034.0,1132.8616600790515,957.7233201581028,-2.280213325173209,detected,1169.4154565412723,1000.6792716072009,35.04565813726094,-43.98540347923881,56.23978905992801,31.149821022760403,-22.372319340417675,38.35142790587637,40.14308138308661,38.797055852333564,226.26895065192156,1.6230240832453717,-5.3669910163291235,37.97403625966398
503,8.391716666666667,1169.552681819819,999.422102950182,13880.5,1128.9137931034484,961.0,-2.3842260777200464,detected,1169.90177606311,1000.2512409098274,35.26925055849733,-41.60638532760095,54.54366448073389,31.69173140150776,-22.607053007837283,38.92871285984778,39.95055215993018,39.54590800507456,226.09922209099352,2.141181182206371,-5.686090188427848,38.511206983078864
504,8.4084,1170.1147916515165,998.5536082224324,13751.0,1130.2620087336245,960.2620087336244,-2.3761700242827017,detected,1170.413525063296,999.8032703447076,36.35861866748519,-38.31206748310933,52.818213394982656,32.29304876333232,-22.753761203921282,39.50410924645729,39.688290803781804,40.27390516053827,226.27632121914232,2.2225047702337473,-5.87662241203634,39.06456138730326
505,8.425083333333333,1171.091134404507,998.2819387520703,13785.5,1129.9094827586207,960.7370689655172,-2.4023568018053703,detected,1170.9717456829508,999.3533520236913,37.64597607141968,-33.0520203385754,50.09646257802546,32.85704207755823,-22.997632095230596,40.105813744069735,39.4194756386525,40.96892815392285,225.54089121454768,1.7226100109971214,-6.598502538964027,39.55927274757839
506,8.441766666666666,1171.5152875310698,997.868553777842,13813.0,1132.7833333333333,958.6125,-2.349474332771345,detected,1171.5576298230935,998.892244009857,39.14358705006771,-27.081033524046234,47.5983485414856,33.399218761829594,-23.216285377490994,40.67559121426082,39.2264721726345,41.61965212233468,225.38724623960647,1.9599400752377967,-6.929685538190629,40.08095781005544
507,8.458450000000001,1171.9989038257686,997.5522429411196,13836.0,1131.7288888888888,959.5644444444443,-2.385349020400067,detected,1172.1778742730098,998.4204321244439,40.12835429814777,-24.2099975479764,46.8658596416485,33.949514738088205,-23.524774842900207,41.303566218437105,39.09645895262988,42.21562618542745,225.25999823327993,1.4513713605500465,-7.186909705670882,40.6734915054431
508,8.475133333333334,1172.79314476033,996.8645964370004,13911.5,1131.3577586206898,960.2456896551724,-2.4178231313188863,detected,1172.832024562596,997.9494175308404,41.08331350268145,-21.011545083639703,46.14459529740651,34.45720858497202,-23.80798250559553,41.88220689570945,39.079599086394396,42.74735846162047,225.14385008849902,0.895606900651646,-7.426677978649714,41.21848746201699
509,8.491816666666667,1173.4492541922,996.6717970642724,14034.0,1131.5399061032865,960.1361502347418,-2.424590431202202,detected,1173.5049838936916,997.47446159537,41.06838807034728,-22.015867557591264,46.597327423469714,34.8598775322724,-23.769903091416058,42.19264573999053,39.119886582077264,43.206408339723524,225.21993887774542,0.9989714902804051,-7.6825975401002395,41.48731191071779
510,8.5085,1174.433492182928,996.2771029655904,13954.5,1146.8291139240507,946.3354430379746,-2.075735001092968,detected,1174.1997375904705,997.0318275534848,40.765160356345405,-22.521114198502346,46.572512103391404,35.20264524094906,-23.8621324586521,42.52796253565848,39.202744212427575,43.58548594022436,225.1480832696089,1.8891591270864234,-7.910983217945983,41.78569063638591
511,8.525183333333333,1174.8572629253415,996.126984126984,13881.0,1137.039800995025,955.44776119403,-2.319753535476125,detected,1174.897275619547,996.5767418124202,39.456594620915894,-22.597845661832707,45.4696105947181,35.485997563097904,-23.853566893061718,42.75802470379052,39.30641340381492,43.87855706353802,225.044451535539,1.9709176082675661,-8.192814950858072,41.96577724469019
512,8.541866666666667,1175.7496148285095,995.9275166512598,14063.0,1144.4941176470588,948.470588235294,-2.153198855530439,detected,1175.618268162834,996.1485095227597,36.785753578024924,-21.94856189995926,42.83609501086107,35.66782496104755,-23.88342855761074,42.92565546521594,39.43392511280757,44.08095063384232,225.20512855726255,3.2093472305563444,-8.182015862541057,42.13865818394731
513,8.55855,1176.3534969179707,995.087743006164,14060.0,1137.1232227488151,956.0663507109005,-2.358863843922479,detected,1176.3490715812366,995.7232372749023,36.11786628257778,-22.777660811373607,42.70037583961239,35.73508403483002,-23.79601478235549,42.9330473004007,39.6525598633617,44.18946466667197,225.18514867250545,3.947409373100225,-8.30612543985174,42.12190440466684
514,8.575233333333333,1176.6205970752103,994.6857573921616,14029.5,1139.1770833333333,954.2395833333334,-2.3176634048392466,detected,1177.0912690602336,995.3116851475694,35.76834942174901,-21.539842351322022,41.75331877678873,35.71547400116841,-23.694174799110066,42.86034300538108,39.95220053024228,44.20246603455279,225.318506196997,5.357043859969857,-8.2666849716456,42.05556945421721
515,8.591916666666666,1177.221185243235,994.4106793003954,14036.5,1139.0439024390244,954.8341463414636,-2.3382005291230974,detected,1177.8222984080585,994.9033607177585,36.58143345707094,-19.567883423812873,41.48618246431021,35.691071584571276,-23.488505582213968,42.72660161235255,40.3590461738432,44.11997868201153,225.4546232694705,6.338896332661529,-8.296212485327427,41.913426771608464
516,8.608600000000001,1177.7022295663005,994.1232847187298,13919.0,1139.3557692307693,954.5865384615385,-2.340912720020424,detected,1178.5414448156962,994.5127030877056,39.08471183694792,-12.308367634151637,40.97695221944512,35.61306192071396,-23.16014945709929,42.481557201258326,40.771915100175136,43.94375438311444,225.8914285484399,5.9292538043249525,-8.15791018334701,41.690900730066105
517,8.625283333333334,1178.6364995097688,993.7556376593252,13939.0,1140.954128440367,953.4770642201836,-2.322905472033267,detected,1179.246846348454,994.1650025935438,44.5234433577989,-9.538320727715018,45.533686109735115,35.450064178352115,-22.93033441668376,42.21974996029981,41.18559833203802,43.6773196275152,226.412315731854,6.458690632774803,-7.832636710073096,41.48683030647498
518,8.641966666666667,1179.3568736882276,993.7366437702728,13976.0,1136.8744769874477,958.4811715481172,-2.4488933536718904,detected,1179.9319426885909,993.8473982438754,50.42032417629616,-7.416247414090321,50.962827784080005,35.11067418299389,-22.72874016197871,41.82529223968552,41.52410684376851,43.32599180145739,226.90067059916134,7.236173718130209,-7.394052364833801,41.166528400645994
519,8.65865,1179.8944222390264,993.679941905825,13885.5,1141.9333333333334,952.9444444444443,-2.3209545881641342,detected,1180.5969375410689,993.545123523796,52.955643251171296,-5.256747311257641,53.21591439071341,34.763094719383034,-22.47349849180344,41.39481717473684,41.80271003392032,42.89685758823779,227.3390920442852,5.924105564247917,-7.0309957572199835,40.7933326364964
520,8.675333333333333,1181.152912882731,994.5415126171076,13929.5,1142.25,953.2636363636364,-2.326583043320884,detected,1181.2746679053153,993.2662059709285,53.44527023795672,-6.378895591774381,53.82459679160617,34.3593396807922,-22.14675362208223,40.87839183844289,41.988632806999725,42.39870659762674,227.54596945686524,4.727459870992309,-6.852202674919003,40.30000295036102
521,8.692016666666667,1182.3459833762447,993.2709883727764,14176.5,1136.7350427350427,959.2991452991452,-2.501416374237881,detected,1181.9215681066134,992.9834264935953,52.04974295891952,-9.922906286993111,52.987166477082354,33.93499989315565,-21.854267224869982,40.36326564692828,42.02800700681058,41.841913824828374,227.73979895747377,3.6216356700578825,-6.646931116464572,39.81220315955241
522,8.7087,1183.3548748777405,993.4944178057684,13973.0,1142.0919540229886,954.072796934866,-2.379011505651821,detected,1182.5452089290084,992.6914843999114,49.42594782556398,-15.917662270859182,51.92587303670981,33.47150866523481,-21.699674748098026,39.89007115185597,42.01248808851733,41.23826578962893,227.9096826779922,3.3638033484399372,-6.332900345220686,39.38416115290049
523,8.725383333333333,1183.9301125035602,993.6079345865376,14044.0,1143.6652360515022,952.3047210300429,-2.343465480307061,detected,1183.137680053349,992.4227950934855,46.4217594516449,-22.069772022384768,51.40092010564033,32.956121592874496,-21.630582334393527,39.42065502460995,41.904891762359775,40.600727223101096,228.08000526384666,2.703990317410187,-5.92287969919926,38.97316433955702
524,8.742066666666666,1184.494821193637,992.8610931706734,13935.0,1145.1969111969113,950.7644787644788,-2.3218236003504904,detected,1183.7045959724765,992.159110976717,41.94348205932738,-25.20469907756251,48.933961037827274,32.475055997506004,-21.5622889159804,38.98155416780303,41.76209060150999,39.943148046929664,228.05721947452778,2.101632109492391,-5.667637336814565,38.56733659919631
525,8.758750000000001,1185.2401644506233,992.2268681899736,14026.5,1146.3697478991596,950.0546218487395,-2.315475138350343,detected,1184.2641569853593,991.8873522093079,36.746512370694745,-24.59079015576708,44.21553043778388,31.945512450601765,-21.506461232319747,38.5103056397742,41.60581180703801,39.27991422499373,228.06569894950331,1.1735104038572013,-5.34957805453986,38.13693295359775
526,8.775433333333334,1185.6494364044515,991.5990232602568,13958.0,1147.351931330472,949.2103004291846,-2.305532598394994,detected,1184.7886612078717,991.6150977065186,33.021606122092635,-27.12874734096613,42.736347564720624,31.424896017943457,-21.508841190228786,38.08089204686572,41.439984443881265,38.62555089514772,228.04346953188966,-0.5312724046394927,-5.0145372670341715,37.74928814007711
527,8.792116666666667,1186.407009401404,991.0442342020708,14005.0,1150.6285714285714,946.204761904762,-2.244269408998489,detected,1185.3005676319144,991.3012862052503,30.579072837617787,-28.051094277301672,41.49630809797904,30.936689169491096,-21.667429658668606,37.7697795172683,41.24958921616555,37.99429186746488,228.0940258699095,0.019700962357457715,-4.537119809242512,37.49627699678515
528,8.8088,1187.128716495454,991.1970598653916,14115.0,1145.9510869565215,950.6467391304348,-2.3638699119193336,detected,1185.7897497246006,990.9797219935634,27.17081321993919,-26.364149398623795,37.85923222340593,30.42781256923211,-21.87041479531703,37.47221398673344,41.13634274157949,37.399635657533125,228.1335659829787,-1.2191954225989072,-4.020456376716659,37.25590894865484
529,8.825483333333333,1187.1843238279246,990.437523107565,13974.5,1156.1069518716577,941.475935828877,-2.1363616812752566,detected,1186.2467662343786,990.6453749628272,23.06958736207298,-21.075022795308087,31.246798986121327,29.98865804602182,-22.209543632667305,37.31733430689526,41.1147736309462,36.853913885387406,228.0943866357094,-2.146643816468363,-3.500222316823333,37.15281797529487
530,8.842166666666667,1187.5692226915826,990.210925753562,13967.0,1151.3024390243902,945.6926829268292,-2.2544065399947804,detected,1186.6896216821872,990.2938482777715,19.7489278304879,-21.244365704250868,29.005917062381773,29.674172052910702,-22.49326665365838,37.235782948372744,41.13997774202105,36.36790190404834,228.08440981750115,-3.9279490234966836,-3.085477197851503,37.10772644935102
531,8.85885,1187.9348322987344,989.5709301766036,13854.0,1149.5625,947.0089285714286,-2.304474377213458,detected,1187.1052192529805,989.9158261700163,17.151024196235994,-20.211913126497166,26.508094296137944,29.398148006566124,-22.70786791501754,37.1469833426868,41.18943583001081,35.95050247034079,228.11953898898344,-5.309771410659084,-2.718678307723696,37.04736373510217
532,8.875533333333333,1188.119101365151,989.1011382230344,13954.5,1149.3677685950413,946.9834710743802,-2.314591502673573,detected,1187.4999533012028,989.5325866439583,14.809839788092177,-22.740551727904858,27.13787109259816,29.151622665650116,-22.922365564573543,37.08438953409362,41.179844437682725,35.608529812876114,227.9377605281434,-6.479108073833587,-2.5117987254202703,36.999227211921195
533,8.892216666666666,1188.28704774293,989.809437780026,13838.0,1148.322033898305,947.9322033898304,-2.3328340286444598,detected,1187.8910867489212,989.1376598368162,13.748851151427061,-21.207738214978235,25.274474637055178,28.950592110285502,-23.225154463662847,37.11528773156856,41.114368925445454,35.346612991332975,227.6825382848059,-8.122870884703886,-2.317353794061205,37.04287319836669
534,8.908900000000001,1188.4987622275098,988.473321796813,13869.0,1153.0142180094786,943.4691943127962,-2.2384690489628305,detected,1188.2713526825962,988.7223032022907,11.2844270913115,-21.910260483002276,24.64544195611302,28.799069856303483,-23.42478516985425,37.12286337073248,41.01010738290694,35.167224633918856,227.40877098860472,-10.151084833389739,-2.244809765250256,37.054929684994796
535,8.925583333333334,1188.9826915736237,988.620490981964,13972.0,1151.8640350877192,944.3815789473684,-2.2688988668676155,detected,1188.6681775509417,988.3024971500836,11.513123144080055,-20.424104296841506,23.44559747285216,28.67071715990291,-23.6527397961841,37.16802553713531,40.86674448271407,35.07082601981927,227.62806546305126,-8.571669493860394,-1.8480575632149296,37.12205282001773
536,8.942266666666667,1188.9332831703034,987.6781802763744,13954.5,1152.182608695652,943.808695652174,-2.268122294381186,detected,1189.0596089594967,987.8756300450697,13.413363249396298,-19.439578263185467,23.618118399033573,28.505730422508677,-23.818994047550774,37.147289865587716,40.73430964742451,35.05610501620703,227.42908682765525,-8.938026055078028,-1.7429145517269333,37.1063794141031
537,8.95895,1188.983087057148,987.6620141237908,14042.5,1153.697247706422,942.4449541284404,-2.2334499034260853,detected,1189.442377048689,987.434730702192,15.495205390974206,-23.27751893459299,27.963266580619855,28.469545358787265,-23.88896005301649,37.16446455084027,40.71186736421016,35.12027263884682,227.53667058226347,-7.801137160786781,-1.5971934278219209,37.13012790854329
538,8.975633333333333,1189.0259604660544,987.1682802970978,14047.0,1154.086956521739,941.5,-2.223866775862333,detected,1189.8249465395938,986.9836615691399,16.36589907613734,-23.75315398129578,28.845363173818086,28.44871594642427,-24.077012616725913,37.26971928451184,40.722182185666185,35.259379172153636,227.2311853045678,-8.03815753995285,-1.6429440307659604,37.233489098633825
539,8.992316666666667,1189.6792000282178,987.1819336178618,14175.5,1153.890350877193,941.407894736842,-2.2343774523118656,detected,1190.2041282849232,986.5214614837793,18.318497759679303,-27.465562722856703,33.01400454132384,28.351687943644123,-24.25954841343709,37.31412465109792,40.778978640610255,35.46861255862973,227.0229592596714,-8.053268299925676,-1.5785553464458282,37.280719701956954
540,9.009,1190.1679866708907,987.099146983937,14204.5,1147.0463917525774,947.4381443298968,-2.3979735434689737,detected,1190.5742051831849,986.0567444674009,19.435762831084503,-28.13774610976816,34.19768461407788,28.302774413799273,-24.439633665862075,37.394421151288725,40.88370362299333,35.742549273603665,226.7764280197114,-8.231586462326929,-1.5742269899783068,37.361270623788656
541,9.025683333333332,1190.5413848859305,985.8616176279668,14121.5,1149.256157635468,945.6256157635468,-2.369064358174412,detected,1190.9351323059693,985.6126543090735,20.85683391016437,-30.269651262600746,36.75947916273637,28.27175015962588,-24.74274766265162,37.5698738217998,41.00515951170186,36.07533911590636,226.53896703383379,-8.528745781733123,-1.4877025634168461,37.54040703120787
542,9.042366666666666,1190.6339325895924,985.0077808569602,14073.0,1150.9095477386934,944.0,-2.340298869149974,detected,1191.2902207256138,985.1021780610167,21.565142709191605,-31.13129771667718,37.871005764201584,28.394236931290898,-24.75352511577339,37.66921417507283,41.069928603160804,36.46081779755641,226.34064386812074,-8.731494385425766,-1.69439955762439,37.63108697216478
543,9.05905,1191.2267576921254,984.6675081780686,14062.0,1146.2717948717948,947.6769230769232,-2.4530812843890337,detected,1191.6593787597049,984.6075865215398,21.352088909228314,-34.26593157988509,40.374072965517826,28.525538685946966,-24.74161139873395,37.760477909176664,41.047208266611335,36.89255265790818,225.82340010372138,-9.651401707590344,-2.1340895637529407,37.70012405368581
544,9.075733333333334,1191.094802430157,984.2929104477612,13936.0,1149.0905172413793,945.5258620689656,-2.3962520821651285,detected,1192.0228644821855,984.1343451413363,23.563591752529646,-34.4553132153751,41.742202446079496,28.713636317837448,-24.740067421664417,37.901765745431106,40.930611312275694,37.363835663916504,225.74039576528136,-10.67291185420306,-2.3210845265451248,37.830627978427316
545,9.092416666666669,1191.7606181778883,984.0236079589804,13879.5,1149.4675925925926,945.3564814814816,-2.4009508011204903,detected,1192.4162934414453,983.7036368039918,24.988781356640175,-31.01696477086216,39.83078328738806,29.019109996389574,-24.553388824612355,38.01286160965991,40.7818550172361,37.86764328025519,225.29359526562823,-10.018880073692692,-2.963588696847765,37.89716070883243
546,9.1091,1192.2268281322777,983.448055127608,13955.5,1152.3589743589744,943.3333333333334,-2.3531079774702355,detected,1192.8395125029438,983.2639453831792,27.913437854204403,-30.696365832612173,41.4900818048132,29.451400399967067,-24.567962136723054,38.353223450847494,40.631198804067765,38.39658469851187,224.67026546678986,-11.619829287589967,-3.6728784985542404,38.176952636446714
547,9.125783333333333,1192.7536004189578,982.4429169939774,14003.0,1152.3148936170212,944.0765957446808,-2.3824860615801127,detected,1193.2916215126972,982.8327431817921,29.45045405017663,-31.09991161222615,42.83145743550929,29.985309227652156,-24.426704090168755,38.67534928331725,40.47288302629947,38.94285871636088,224.07691048589908,-11.438359398231071,-4.5498609936307695,38.406788555218014
548,9.142466666666667,1193.4757068612023,981.9815596242788,13982.0,1154.9867256637167,941.5221238938052,-2.3312409115848007,detected,1193.7701785432741,982.4146010060018,31.65207926104904,-31.14598130628292,44.406376491209635,30.51391700451746,-24.154620820413793,38.91715351790965,40.26373180892491,39.49823598582422,223.62741694032198,-11.328076474671356,-5.421381212935941,38.5376888731093
549,9.15915,1193.6170751812251,981.6927897786504,13749.0,1153.6944444444443,942.6342592592592,-2.36713464009078,detected,1194.2646647974154,982.0029745086999,32.90816236483306,-31.949724496911585,45.86645883059611,31.089407503128143,-23.973366069204964,39.25905678418253,40.07647408255988,40.05407829330143,223.36462813076398,-11.767299251677144,-6.140915234690155,38.77580043872749
550,9.175833333333332,1194.3878415053375,981.1078945781315,13817.5,1152.651376146789,944.288990825688,-2.4187128533988616,detected,1194.798372375452,981.5794509358033,35.94600524940006,-29.801382203385856,46.693015265906524,31.656926449965027,-23.768371099767933,39.586569149078564,39.946220597495056,40.60140090223407,223.10719722229308,-12.16279556295465,-6.869491693613611,38.98597877270946
551,9.192516666666666,1194.886513697881,980.805542382568,13706.5,1157.2222222222222,939.9074074074074,-2.3150549905900597,detected,1195.3570328186706,981.1855872983988,39.45286260154353,-25.378325582569232,46.91042290185796,32.18206110866981,-23.757597192480766,40.001355996545016,39.86272424338644,41.130978577439734,222.83193561356995,-12.30796254058856,-7.44914166214042,39.30163826177849
552,9.2092,1195.3749461690843,980.269782092454,13545.5,1153.7922077922078,943.7532467532468,-2.420972490866279,detected,1195.9508179794302,980.7857371987745,42.876625227512704,-23.707901352654062,48.99458722601666,32.7177707583858,-23.764755988052833,40.43780595643114,39.799858083846104,41.63349129976998,222.75701239728178,-12.329468445222338,-7.88900744007729,39.6608082643355
553,9.225883333333334,1196.3403152168637,979.4489897518092,13726.0,1155.9295154185022,941.9735682819384,-2.3938646926003733,detected,1196.5824413608275,980.4095264846906,46.10847790814478,-23.521123168302893,51.761326973951796,33.24290883019025,-23.717061139699354,40.836135671688844,39.739914002338644,42.09970220780968,222.43733533859583,-13.238881618652957,-8.529911580534204,39.935330035256335
554,9.242566666666669,1197.2653095599028,979.3133978199668,13853.0,1153.6445497630332,944.5592417061612,-2.468846158133464,detected,1197.2259830946757,980.0196297269702,47.01569692821067,-20.602025164103452,51.331464020693105,33.67461342944313,-23.702636203654382,41.18002613677192,39.71245482896031,42.52065809503874,222.3787546203802,-11.35050781986507,-8.899363354666145,40.20691339193851
555,9.25925,1198.1760909503018,979.4245341540812,13971.0,1153.8434782608697,944.8478260869564,-2.479204644988401,detected,1197.8805118686917,979.6350194364209,46.049914503487344,-19.53420933991083,50.02179485298337,34.10495034345767,-23.655600058710547,41.5058435893957,39.65454218553095,42.8879018148246,222.24818233664575,-10.811416469060125,-9.341145156728597,40.44104424008245
556,9.275933333333333,1198.9841468204377,978.986229633068,14003.5,1156.9957264957266,942.1880341880342,-2.4219764276261344,detected,1198.5530094383987,979.2447827043195,42.95169638117022,-17.542223077284234,46.39588141757235,34.4885218480687,-23.647457003741646,41.8169865247189,39.649094267550915,43.19368604974735,221.962743248409,-10.210899392605274,-9.833160541898504,40.64442539593557
557,9.292616666666667,1199.5911248561565,978.3274717107788,13904.0,1156.9271844660193,942.7184466019418,-2.446083809493249,detected,1199.2374411469632,978.843080386579,40.317633553418545,-14.765292748983939,42.93629519778038,34.78686297628834,-23.60062763926438,42.03707245632444,39.65569524424219,43.43117882919674,221.76268175537606,-10.089966460245698,-10.228745910647593,40.77362159281023
558,9.3093,1200.3615287995694,978.4586757581196,13932.5,1155.9276018099547,944.2805429864252,-2.4859226345823924,detected,1199.932678669048,978.4552227740247,38.1178984228427,-16.38055049281138,41.488511839082605,34.98110439813354,-23.25160894171476,42.00374963371184,39.7029408588529,43.59465260192687,221.5810488762071,-10.338603137090484,-10.734882754090716,40.60883248195487
559,9.325983333333332,1200.6154652187374,977.9179824248054,13997.0,1158.8666666666668,941.4,-2.4229284066295063,detected,1200.6172142984688,978.0519120189808,35.44840772616453,-17.533777041848225,39.547729993940806,35.177166930356066,-23.05704174909565,42.060197900933325,39.77595550822689,43.679650258502164,221.5918455203624,-9.810953015854588,-11.003021619939137,40.59548943782829
560,9.342666666666666,1201.0153883394426,977.72971851442,14459.0,1159.6700507614214,940.9492385786804,-2.414557699346365,detected,1201.312659487118,977.6752128829419,34.866184861818056,-17.430238869230834,38.9803036655298,35.34702260792032,-22.786899841259874,42.05537791555843,39.894890397591254,43.683122995952495,221.5460716732486,-9.35034494402432,-11.34173793233762,40.49715782983559
561,9.35935,1202.0532213894494,977.826895358893,13876.0,1160.1535269709543,940.4564315352698,-2.413269076953923,detected,1201.9910256933028,977.2836585408238,35.67841105586376,-21.655946077128192,41.736423133357576,35.45679095978245,-22.562967169748358,42.027033117611964,40.095869928739525,43.60353618018225,221.34750496305696,-7.881860389173247,-11.712358527674327,40.36201395356861
562,9.376033333333334,1202.6247694997246,977.1430179371124,13919.0,1162.5954545454545,938.4545454545456,-2.373226381711933,detected,1202.6685694799182,976.9122984814471,38.80974799147725,-18.988017146638413,43.205802090957725,35.4346629120354,-22.279039012769,41.856551637970135,40.23738695698415,43.44094035404259,221.43945214195455,-6.934651456561482,-11.818894531570214,40.153264463473946
563,9.392716666666669,1202.9220836936677,976.8516383203612,13876.0,1162.1584158415842,938.7821782178218,-2.39035727942422,detected,1203.3335295722381,976.5617055721982,41.49065582850335,-16.186769629237915,44.536345069048245,35.31098793052055,-22.08173194745679,41.646953723276106,40.26474214154509,43.197005303416645,221.52833529748358,-5.489133018908372,-11.794816563054788,39.941845934716014
564,9.4094,1203.7201397864906,976.4117837139164,13926.0,1163.0515463917525,938.5103092783504,-2.391398427625273,detected,1204.016821603581,976.2425448296842,43.49653280586335,-16.77087363892906,46.61770660108102,35.099980503693004,-21.87565828306391,41.35883287372858,40.23365046574465,42.875015724881884,221.61318450726054,-3.8246056444265073,-11.71474830372113,39.66506937920914
565,9.426083333333333,1204.4450433836914,975.123082015273,14099.0,1163.3708920187794,937.868544600939,-2.4049198134885046,detected,1204.7057342894445,975.9655453383518,43.586531910224494,-17.391915083524054,46.928290766162895,34.80068097779851,-21.742926518092236,41.03464694730132,40.10675364045664,42.47982764869224,221.4761351984516,-3.6699874746097336,-11.673256663253628,39.33925938504016
566,9.442766666666667,1205.631903023292,976.7058766824518,13831.5,1162.9681818181818,938.7954545454544,-2.415119056811861,detected,1205.3719252139533,975.6351478978931,45.15153732479075,-18.26873625989265,48.70737159122312,34.50935177686165,-21.568508578109913,40.69515846317821,39.859802264973524,42.017785456402294,221.5675478306635,-4.139812625530942,-11.508239766603435,39.03404078259837
567,9.45945,1206.0663726411683,976.1698358759307,13831.0,1164.75,936.21875,-2.372992829490088,detected,1206.015513822221,975.2760975533822,46.17846082908318,-18.77566312022509,49.849531293156105,34.1313114543743,-21.36019586322816,40.26418245675642,39.61982366622337,41.49660016334282,221.56158081245198,-3.5910831723549377,-11.367638588926182,38.626172238814036
568,9.476133333333332,1207.0062364360497,975.4263075051872,13977.0,1160.1302083333333,941.5052083333334,-2.515180253087425,detected,1206.6378379340185,974.953095079412,43.991619264993915,-17.923182926704612,47.5026636282672,33.804862512195754,-21.291555848484354,39.951208741633664,39.480821792826085,40.92519066264226,221.40081564354023,-4.2147512070957465,-11.276497458302446,38.32674894888014
569,9.492816666666666,1207.6245764223293,975.0294750609356,14017.5,1168.22,932.51,-2.3181910118633726,detected,1207.2351722754074,974.5984353053392,42.394631672796095,-19.189881016439358,46.53553833466575,33.318482723766955,-21.038374209294123,39.4047520025726,39.39221746033723,40.31349087998286,221.2565121453666,-3.979736479005454,-11.17430289002964,37.787159661796814
570,9.5095,1208.3487028287925,974.1689342000876,14075.5,1165.6302083333333,935.3385416666666,-2.40383658514078,detected,1207.826107905404,974.2483296686042,38.81671680524869,-23.939081412720952,45.60501203183437,32.8016840658388,-20.725635855450633,38.800804877835255,39.432736028647874,39.672227260384105,221.07353444607847,-3.570640648497999,-11.11080152811813,37.17596735218348
571,9.526183333333334,1209.0734829180824,974.201856832767,14128.0,1169.281105990783,931.0184331797236,-2.3153493196777712,detected,1208.3783074380024,973.9143749947559,36.4237403596253,-24.983168138633573,44.1683999260629,32.3563921263187,-20.50535245540204,38.30673035841563,39.507382151978675,39.012672640987,221.0414046765183,-2.965566465346009,-10.940431080944817,36.71120480882449
572,9.542866666666669,1209.5097730176356,974.1709830330384,13958.5,1167.860576923077,932.6875,-2.358187843994658,detected,1208.8960157490442,973.5969688384911,32.28421079130976,-25.51977371123212,41.15251045428718,31.9919497301817,-20.542090478794158,38.01923629923987,39.549360453100114,38.34638425046891,220.9334242901775,-2.360254422103873,-10.710202153355347,36.47949970341837
573,9.55955,1210.3067363366756,973.5203125735536,14162.0,1164.8615384615384,935.6358974358976,-2.4466801669990144,detected,1209.4139316792068,973.2686010254147,28.52551998320132,-27.69512066357447,39.758332445941036,31.60297845561916,-20.562778325036284,37.70379423494286,39.595984223052945,37.68493517184583,221.04376691218837,-1.8028939144159852,-10.332978880135084,36.2602488570279
574,9.576233333333333,1210.5515284313374,973.5368248380568,13919.5,1164.6432432432432,935.7783783783784,-2.4532965049337467,detected,1209.9038089979897,972.9498123822523,24.702281599236812,-28.65556614454772,37.833109669607424,31.144364119916435,-20.6177524500428,37.35054393881278,39.62044726820178,37.0396499160015,221.12119941028612,-1.5878981696109558,-9.902328114500687,36.01398381792763
575,9.592916666666667,1210.8911062803654,972.0889728329948,14030.5,1166.152709359606,934.256157635468,-2.439632154603791,detected,1210.3788204675802,972.6190363030987,22.821870965457492,-31.186539671310584,38.645026213398026,30.737892386175655,-20.696096605404126,37.055990649884606,39.54836108307662,36.42135551977865,221.12413464144507,-1.8802701956572334,-9.542767115835277,35.80617319425895
576,9.6096,1211.225744716259,971.7317951643964,14021.0,1164.3521126760563,936.300469483568,-2.4943323732125973,detected,1210.8394025855291,972.2850665925154,21.88059451297704,-31.57559763235122,38.415866280502705,30.30292849213417,-20.757711527791187,36.73077814409044,39.417694597694826,35.84015951335547,221.4704285129217,-2.068743163359906,-8.95946189659241,35.62131532655554
577,9.626283333333332,1211.4360629864773,971.1416000095652,13939.5,1165.2270531400966,935.584541062802,-2.4857384267094838,detected,1211.2722952152458,971.917611400078,20.530421137676058,-28.249707119020968,34.92197222954053,29.90092919212525,-20.715616719523215,36.37584834230918,39.261172945170294,35.305264945366496,221.65457069705576,-3.3626839752039315,-8.572550771920707,35.35129015871301
578,9.642966666666666,1211.7544415942234,970.8704930882144,14034.0,1169.2608695652175,931.5652173913044,-2.3951520465358604,detected,1211.7156663233782,971.5902109407602,20.316423156263227,-21.939249334496253,29.901299490583064,29.492839063220444,-21.039991593095632,36.22856334781379,39.05467415703349,34.82483027571947,221.8177264317743,-4.249260292253683,-7.95143123209416,35.345205383585395
579,9.65965,1212.3679430097952,970.5133986346096,14037.5,1167.692640692641,933.021645021645,-2.4433989059076597,detected,1212.1536280442533,971.2495851051765,21.82423533133624,-14.438743518701813,26.16819753434307,29.154396942246677,-21.290610128031826,36.10081634381602,38.879207631175774,34.405878379613334,221.77466673444152,-5.595470413288734,-7.558629126715173,35.30065249276147
580,9.676333333333334,1212.701796507322,970.094376358728,13953.0,1170.405982905983,930.7094017094016,-2.391816179425662,detected,1212.572388793501,970.8929232197385,23.152678408175234,-12.351163607488616,26.24114631511617,28.97190988756876,-21.354271669797868,35.99133897316042,38.74412299097543,34.05425439083199,221.60325299706602,-6.719797534912208,-7.48547944726441,35.204319032265325
581,9.693016666666669,1212.961185722928,970.0357652752572,13775.0,1168.548245614035,932.65350877193,-2.4419384643493824,detected,1212.9872504353664,970.5076091550479,25.51930715911749,-10.143421543940804,27.461318950470453,28.862603118751228,-21.30744153198505,35.87557558325036,38.67461957285979,33.774627124032044,221.44453818526327,-7.050481069367499,-7.53203056820996,35.075995195419054
582,9.7097,1213.1121629270997,970.5621876166732,13838.5,1167.163346613546,934.203187250996,-2.4721831363655222,detected,1213.3961402244884,970.1169949764444,25.697084291273768,-10.041957345903484,27.589509752979918,28.787276660146695,-21.329411344716807,35.828076780926445,38.707803836946304,33.57052407299064,221.2638376378892,-7.76907639585472,-7.571505157539718,35.018900546266586
583,9.726383333333333,1213.9384128789225,970.0998258644586,14069.5,1167.2054794520548,934.0091324200912,-2.4839870611376917,detected,1213.8055056051044,969.7427153641052,25.16917190550339,-12.769476625968764,28.22315977543875,28.77314431821261,-21.288730886345487,35.79251174069697,38.78777547835823,33.444386359606284,220.96759749875758,-8.76447220731609,-7.768464032966337,34.939302558529114
584,9.743066666666667,1214.3157745178137,969.6958050651796,14076.5,1168.3541666666667,933.2,-2.4704904336864133,detected,1214.2061365029983,969.3604877449299,23.272358123706454,-17.75752538437746,29.273407051705743,28.711308158422533,-21.262583742353083,35.727254072605106,38.935229165966796,33.39762833549271,220.6947537643667,-8.892609614832054,-7.904921920223433,34.84176937245938
585,9.75975,1215.013449757059,969.5740558176656,14201.0,1173.7081545064375,928.5708154506436,-2.35986426180698,detected,1214.6028882631038,968.9978811586642,19.915664152439604,-26.89511485431285,33.46611542529918,28.61238971401191,-21.285486654163762,35.66147483280912,39.15200024008046,33.430687348304126,220.41858828240873,-8.850611277474167,-7.982607794802007,34.75656427274487
586,9.776433333333332,1215.1497175141244,969.245268361582,14160.0,1169.4942084942086,932.3397683397684,-2.461782677010106,detected,1214.989482263426,968.6334661865828,18.114848858342157,-29.827752243914347,34.89760096460669,28.713824480581028,-21.1550274437705,35.66537399843576,39.345843376984874,33.543052537367736,220.15794340473033,-8.836325536227408,-8.302292376170307,34.68559994794499
587,9.793116666666666,1215.5035589078934,968.4021152779252,14119.5,1171.8369098712446,930.137339055794,-2.422030838953127,detected,1215.3739074967439,968.2441442335726,15.524152235835572,-25.887858927610523,30.185767217303958,28.860101106527488,-20.97532047813066,35.677296773147994,39.571520056374965,33.733266946104536,220.01885575120713,-8.677122506095266,-8.614050582028884,34.621779815739174
588,9.8098,1215.3313935499227,967.6656908247056,14005.0,1173.4162895927602,928.7511312217194,-2.393299274263638,detected,1215.7397779956364,967.8542086704974,17.023342207093265,-26.492606384078044,31.49051242710248,29.055352256329375,-20.740847912245275,35.69868718676184,39.80837277224377,33.99890378939449,219.7669128753733,-8.15921148152257,-9.066271336768352,34.528234691428494
589,9.826483333333334,1215.2896039302957,966.4391181155984,13705.5,1173.586956521739,928.9260869565218,-2.409033984167358,detected,1216.113790186165,967.4695265240742,17.684326132057322,-21.682492234832807,27.979740174965002,29.329563492233007,-20.522131680955933,35.796385060162464,40.01255945351948,34.33652414534012,219.51300621208648,-7.51367385908492,-9.56990140571385,34.49345112424007
590,9.843166666666669,1216.0016782948524,967.1513582200485,13903.0,1169.279352226721,933.2469635627532,-2.51385378868105,detected,1216.5022432121566,967.0641692134049,19.60317328109022,-14.959112968714635,24.658861764063968,29.64205096265723,-20.468395159862663,36.022304003118094,40.04442608750829,34.74162838207265,219.34110013888264,-7.402475051929835,-9.949088644058696,34.62112102237188
591,9.85985,1216.3754119325167,967.492081058482,13554.0,1173.0736434108528,930.0581395348836,-2.4287463726051266,detected,1216.907140054004,966.7242245804105,24.00778880578764,-10.269637918351691,26.112054425443993,30.14496629202191,-20.123665754737488,36.24473639241333,40.10845440095464,35.208616318726,219.1952700534619,-7.568885320846085,-10.644789257190899,34.64634725083619
592,9.876533333333333,1217.181906887677,966.1652091185188,13664.5,1173.496153846154,930.3115384615384,-2.454346012469093,detected,1217.325388572046,966.3934355323785,31.15152293284973,-12.492250554571456,33.56298116905072,30.646375111323266,-19.81711195369115,36.49545497249024,40.181132989358964,35.73077104307786,219.08197524560038,-7.104595947053122,-11.29575415113234,34.70337406947975
593,9.893216666666667,1217.3113170684055,967.0416514030333,13649.0,1174.8529411764705,929.0378151260504,-2.411499917211824,detected,1217.7747672922899,966.0919835468859,34.07530644839426,-15.416797148724072,37.40059015412572,31.218017858644252,-19.734573791603573,36.93261487843608,40.29418678136195,36.300278677493395,218.685846938127,-7.703405713083077,-12.033218613347923,34.917326523693866
594,9.9099,1217.5028892435998,967.0090946211812,13469.5,1176.364754098361,928.2950819672132,-2.386542806303565,detected,1218.3129582397205,965.8073223591573,34.158764655568575,-24.119966946006116,41.81619313460933,31.463701036355598,-19.73894724233995,37.14283943293841,40.40181412831685,36.90829195372012,218.5970124274332,-6.330012991593545,-12.276627958027424,35.05531239514524
595,9.926583333333332,1218.5769785769785,966.2698536031868,13513.5,1176.370517928287,928.5657370517928,-2.4124772646306565,detected,1218.8061066657192,965.5024814758706,35.39924844049074,-28.02163099864356,45.147741848023,32.07380056197158,-19.804020260936518,37.69519731988032,40.446266156125745,37.545040298356106,218.51761348873603,-6.2905597033975615,-12.76202238487995,35.46912298933448
596,9.943266666666666,1219.6769572161868,964.85018959484,13669.5,1178.957264957265,926.3589743589744,-2.384320532832726,detected,1219.3319050080204,965.2167143841989,35.07241921940522,-28.01594801352212,44.88839419045951,32.70245916809457,-19.858610203193635,38.25983840586992,40.46478390628718,38.19998430090478,218.72443882714492,-6.035112449005212,-13.090210134325071,35.9508224312392
597,9.95995,1219.8794697941482,964.7070795919614,13642.5,1177.2092050209203,928.9037656903764,-2.4434786873814294,detected,1219.8902903160895,964.9426200581356,37.015934772670334,-28.45811948832943,46.690941218898345,33.259576509443875,-19.87750629571834,38.74680226965669,40.4555055387212,38.86200867645061,218.78626273212367,-5.666499372304564,-13.473840028881774,36.32864325845347
598,9.976633333333334,1220.3579337605263,964.0545407674744,13577.0,1177.4048582995952,928.5951417004048,-2.451472532056085,detected,1220.4810522155221,964.660231598302,34.83990041546804,-31.643474830355444,47.065148042889106,33.85221469829271,-19.950079114407185,39.29348669500342,40.45890364333438,39.519645453310545,218.52883432110642,-5.139183014873086,-14.055338648961333,36.693671826534676
599,9.993316666666669,1221.0244692027657,963.769674314056,13643.0,1177.8185328185327,928.8301158301158,-2.46158444548122,detected,1221.0907525638102,964.3772047929032,30.9929437827559,-30.038166031889432,43.16079219477353,34.37770068048172,-19.908210076591843,39.726101401100344,40.3182025005071,40.161318053829106,218.18256705353323,-4.155758750121038,-14.715776759821726,36.89998708516843
600,10.01,1221.4207794106894,963.47616436353,13677.0,1174.7464788732395,932.7230046948356,-2.5589942860174464,detected,1221.7194512207013,964.0695613040289,31.835406640483143,-25.047672923892605,40.50776511815014,34.85139152852064,-20.086599913155815,40.225501706572054,40.10159840368204,40.77559691252716,217.98106034061826,-3.4966325647823076,-15.109049686894878,37.28012345881345
601,10.026683333333333,1222.2421569342175,964.0186994240725,13717.0,1173.486111111111,934.0370370370372,-2.5902658861070265,detected,1222.3634246345964,963.7411963043305,35.60813712296749,-20.97184697127159,41.32502625231457,35.27952605854847,-20.196518736847057,40.65149847181054,39.86316913040336,41.351457913547065,217.70714134876462,-3.358993748107235,-15.558593027977535,37.556284573868375
602,10.043366666666667,1222.31453832393,961.7000366955644,14534.0,1175.8436018957343,932.2748815165876,-2.5771221418428545,detected,1223.0182781515184,963.4014455672474,37.949330771531095,-17.145794761079287,41.642886355248365,35.6331714078218,-20.353242003265983,41.036293261242776,39.658532167819615,41.878535855061,217.48023668798612,-3.3057598127070973,-15.892478062570529,37.83393325644895
603,10.06005,1222.9077297012225,961.6041938960354,14537.0,1176.7974137931035,931.375,-2.561301830621739,detected,1223.686400353184,963.0538097401552,39.8364210382565,-15.466754390356982,42.7336042536652,35.91786593301268,-20.480814255019933,41.346787610774555,39.5694617922014,42.34736608581557,217.49242116868658,-2.80305879267802,-16.032670562640718,38.111813396377954
604,10.076733333333332,1224.0898565499162,962.0241632078448,13733.0,1178.5666666666666,929.9619047619047,-2.5279825594730108,detected,1224.3677272374844,962.675296946428,41.16612848500563,-13.752806044731187,43.40264748316612,36.21689516985551,-20.479591987287446,41.606215686001434,39.581989923249516,42.74960828630367,217.33824345935784,-2.1937849924610466,-16.373657953422693,38.24892820634834
605,10.093416666666666,1224.826402950535,962.5084249349148,13828.0,1180.0,928.6902173913044,-2.4952648652607525,detected,1225.0692696910435,962.3072950540223,40.48834489154615,-14.451727290615509,42.99021392990633,36.40327986320121,-20.56789128287929,41.8119233786595,39.57574160063865,43.078247083354604,217.3227729513834,-1.2136272416027183,-16.47866791379316,38.427730097025204
606,10.1101,1225.5023812107402,962.0393653319828,13823.5,1179.7083333333333,929.1898148148148,-2.519328727324887,detected,1225.7663575531994,961.9222567952183,43.71671317412802,-8.64000705051376,44.56232413801939,36.560606500236425,-20.496397712738005,41.91396267192905,39.532997995662704,43.327764829460065,217.50793961927985,-2.026415041616862,-16.522725293976357,38.519862612990394
607,10.126783333333334,1226.1963896219709,961.6508200474796,13830.5,1180.7692307692307,928.6820512820512,-2.513792916063016,detected,1226.4652117828773,961.5986731727776,44.32421391510434,-9.857525728772544,45.407122268266924,36.610676080589734,-20.45582354254957,41.93783876026268,39.60215688267391,43.49428247169639,217.33705778946262,-1.647748559339743,-16.70195296201715,38.46852072976497
608,10.143466666666669,1226.683349094348,961.4147086637084,13747.0,1182.7107843137255,926.9950980392156,-2.477457658609628,detected,1227.177397773998,961.2790183922624,45.46840009195466,-10.969705761013302,46.7729606867608,36.692466315322775,-20.46334198526772,42.012920030713374,39.78862990863635,43.57566499262296,217.20342678516306,-1.6291038502178605,-16.852227033471667,38.48490474873809
609,10.16015,1227.1003061721522,960.589033470183,14371.0,1183.7848101265822,926.0337552742616,-2.468220355180041,detected,1227.9107081144048,960.940367256201,48.42144629241193,-10.757811300443336,49.602086297099234,36.62446840771436,-20.387607330471972,41.91665801097676,40.029000001294136,43.57158844820504,216.9167582791347,-0.5496684729094902,-17.035692571271383,38.2987127385022
610,10.176833333333333,1228.4709814426024,960.818371582326,13813.0,1184.2169811320755,926.0094339622642,-2.475093593349188,detected,1228.6514629542112,960.6126076682003,50.493285346321954,-8.684837026131845,51.23473684167376,36.557424866011566,-20.279568390125327,41.805576265898445,40.07404436612717,43.483566197154325,217.00396165853644,0.8388322494158859,-16.988867614699668,38.197965706226555
611,10.193516666666667,1229.2818380743984,961.1575492341356,13710.0,1183.5291005291006,927.1322751322753,-2.50215034368184,detected,1229.4007235905092,960.3420223040619,53.67146772354499,-7.9969269167054335,54.263959381072254,36.3012475791458,-20.445485792468347,41.662914745519956,40.02247472259393,43.31493256800613,217.06557397123908,0.74526366105604,-16.643363216577924,38.19420016093444
612,10.2102,1230.416479455033,961.1680918907168,13799.0,1186.2329317269075,924.3614457831324,-2.447027737469881,detected,1230.1218508334205,960.0435116851969,55.42683161094146,-8.93335829371108,56.142128146619775,36.08455944166145,-20.65209317549921,41.57648833930421,40.07712967205719,43.07078299682023,217.24288789686491,0.7804992438164517,-16.227545401775345,38.27886039136509
613,10.226883333333332,1231.2686760061938,960.8654547228014,13669.5,1187.3422222222223,923.2266666666668,-2.433129898023859,detected,1230.8108348463618,959.7355680206127,54.62691298156051,-14.901274151965481,56.622853983590566,35.75825675313521,-20.975662221075172,41.456378660415815,40.16783622471869,42.75787062310365,217.46794282521356,1.1501005729428633,-15.621246048402801,38.40062504089015
614,10.243566666666666,1231.9221755605436,960.4361861318272,13811.0,1186.1435185185185,925.1064814814816,-2.484315882458937,detected,1231.449569872506,959.3085902171696,41.25944484405545,-25.47380285253803,48.48975583161487,35.433063359649495,-21.022316812228095,41.19999736896379,40.367770892284376,42.384460464544695,217.60863910794345,1.790986668126716,-15.240812872336713,38.27737459901135
615,10.26025,1233.1280085813114,960.1578382808452,13828.5,1185.6301369863013,925.4109589041096,-2.5100070735670648,detected,1232.097652213222,958.9497037213958,40.18737585880717,-32.75444782279692,51.84475895009411,35.03528258512502,-21.104505084398166,40.90074767870329,40.67698052235325,41.96014358089421,217.5440228264286,1.683526673536664,-14.918493435267454,38.08293206016094
616,10.276933333333334,1233.8108442267758,959.7666462602184,13884.5,1187.2535885167465,923.7272727272727,-2.482853143854708,detected,1232.7272207792944,958.6124852447182,38.13527272642841,-37.39535561111461,53.410782124967945,34.58967756108518,-21.09133498099672,40.512840002404864,41.030089282833394,41.495615019454746,217.62713964548112,2.3600697562325528,-14.518353484384985,37.82205199566653
617,10.293616666666669,1234.4662984482222,958.3316117925544,13941.0,1188.9427083333333,921.828125,-2.465719384803779,detected,1233.3490648755264,958.2521255203275,35.73865340545626,-39.19482341160392,53.04229943641344,34.17216607652626,-21.273549204683768,40.252960513803124,41.291701528478164,41.00242072783086,217.67663817951774,2.876871281429757,-14.043854011779029,37.723613223306586
618,10.3103,1232.7458070299951,957.4406260505772,13385.5,1190.15306122449,921.0357142857142,-2.434364216914774,detected,1233.9347799803463,957.9501311286867,33.90995432098134,-39.17035000596388,51.80927833545605,33.71682839392573,-21.39855786839828,39.93398046517059,41.607669370144116,40.49267998852897,217.95925494802634,3.0732058511696283,-13.42170548314441,37.61091088655468
619,10.326983333333333,1235.520764871172,957.1906462828024,13998.0,1188.6608695652174,922.808695652174,-2.508593692681897,detected,1234.4748350574112,957.6477301615981,31.44241709419066,-35.98061867345996,47.78316139447021,33.282669494368726,-21.429523129291763,39.58485253503205,41.829998337515306,39.978791294630724,218.23878028112077,3.8407736973914646,-12.877885883777788,37.43154559171489
620,10.343666666666667,1236.0243861479962,956.5203377835354,13894.5,1186.6612903225807,925.4247311827958,-2.579451502402428,detected,1235.0121585072466,957.3399877364376,31.40711975605609,-32.332921940823326,45.07576968397348,32.93401689312963,-21.554002601575913,39.360189238184425,41.96588001433554,39.47313093586529,218.41368469936495,4.870132423268528,-12.413031877017678,37.351588138736915
621,10.36035,1236.205506178192,956.058927668184,13839.0,1188.8108108108108,922.9891891891892,-2.5323770789397955,detected,1235.558281931011,956.9820862175075,32.19686664594019,-24.89334121454658,40.69787044355392,32.64018362041629,-21.781512874977583,39.240487890663466,42.070279325144874,38.987754773740065,218.68484079951511,6.1519317340400335,-11.864557479620615,37.40385228435815
622,10.377033333333332,1236.729639351336,955.6163748157204,13905.5,1193.487922705314,918.2222222222222,-2.428585918232129,detected,1236.07691006532,956.6390535786104,33.65610872293655,-21.476944859051855,39.92483957198676,32.31239376464134,-22.0650742308851,39.127462115702095,42.10798383927582,38.53411450837795,218.94149639043079,6.675884240832082,-11.263712105562304,37.471149985271495
623,10.393716666666666,1237.1181363397004,955.6327971659724,13926.0,1196.0956937799042,915.464114832536,-2.3667095404709584,detected,1236.5497202843067,956.2507105882414,23.91492067691661,-19.62862826934088,30.93875367107055,32.129186975285116,-22.261159535616553,39.0876435662602,42.116075802948316,38.12279987141162,219.32634338027117,6.479660116928123,-10.745786080068484,37.58153750293366
624,10.4104,1237.518503899335,954.8944906942252,13934.0,1194.6866359447004,916.89400921659,-2.4158939227055347,detected,1237.0266885678693,955.8525733695119,24.428379807131932,-13.748275303504215,28.03142546897027,31.911806011530075,-22.424561108976018,39.00287558434284,42.20290834088232,37.7633173143034,219.59050796009885,6.712958028486723,-10.300748148929118,37.6180660244524
625,10.427083333333334,1237.969050696539,955.016563741682,13926.0,1194.7635467980294,916.9950738916256,-2.4199293709204146,detected,1237.4860490014098,955.4515294816115,23.74541434264256,-12.280048800678742,26.73283188984711,31.681177586678345,-22.58802461650632,38.90907181306881,42.34276503836479,37.463913670842295,219.58107285020938,6.591760125551175,-10.025037959226388,37.59540508187956
626,10.443766666666669,1238.3568258752885,954.6160333010372,13933.5,1194.3347826086956,917.1,-2.435816866117658,detected,1237.9298229521507,955.0590263276183,23.283650688883426,-8.810263275226134,24.894761062937317,31.563320187733456,-22.533177760344024,38.78127487915585,42.45105367746643,37.231449911065795,219.4183766276717,6.598234206523372,-10.075530931662014,37.44957887210171
627,10.46045,1238.6771615636433,954.4084585018294,13848.0,1193.1007751937984,918.5271317829456,-2.4746567639240573,detected,1238.3590867325759,954.6221688205286,22.685105993650723,-11.726752722264791,25.536851085290696,31.326315284755523,-22.880636058457366,38.79254484768287,42.5489496121775,37.07132573638212,219.3364199200802,6.3306051365492,-9.725536248606462,37.55363471671589
628,10.477133333333333,1239.2575309176652,954.9719094365043,13854.0,1195.4150197628458,916.00790513834,-2.415040998227968,detected,1238.776769150044,954.1800327347725,22.547933417205968,-14.452345522791802,26.782075955700556,31.09998017409922,-23.19580234909789,38.79760319205014,42.651561942152,36.98745101494106,219.4748744865383,5.055620042572056,-9.259687430744279,37.67641440122316
629,10.493816666666667,1239.262790279028,954.1509750975096,13887.5,1195.574297188755,915.9799196787149,-2.42349397276382,detected,1239.205244422848,953.7525688800763,19.708619267280937,-16.858037748962488,25.93497850718372,30.963408048999405,-23.403928985511985,38.81335504652657,42.790835041969395,36.98225579373552,219.41945705409242,5.141932392513393,-9.05846099300762,37.74149989608109
630,10.5105,1239.9013470825314,954.6362877164954,13770.5,1188.9597989949748,922.9949748743718,-2.585781255920055,detected,1239.632653615444,953.3666442819441,17.776497771202685,-18.096266049929,25.366882306649096,30.855279651906464,-23.597009744325984,38.84413921392992,42.97421529053472,37.05672773896132,219.59769447364746,4.569936983050744,-8.7346245121224,37.849352516303355
631,10.527183333333332,1240.1359113523292,953.23565188412,14003.0,1196.7667984189725,914.9683794466404,-2.418608009620609,detected,1240.0801639575309,952.9841712447608,13.631935198014162,-27.81771229414062,30.978295216529258,30.650104480494377,-23.875583347690746,38.85192897215979,43.182498010450495,37.210464993430804,219.52606486771714,4.734824537942389,-8.446384702707855,37.922697297418225
632,10.543866666666666,1240.6173166053068,952.667715146966,13988.5,1196.2907488986784,915.7312775330396,-2.4468859165358565,detected,1240.4875952601112,952.5503970781755,12.921289294576582,-35.054744928421314,37.360338047598276,30.658184915079456,-23.937787541831646,38.896554791974516,43.46660966692288,37.44173379244681,219.5239869628956,4.61325975925,-8.414406097793062,37.975515068350276
633,10.56055,1240.31544061719,952.9293829306868,13804.5,1200.6410256410256,911.3931623931624,-2.333272868246119,detected,1240.8765779770063,952.1343116273041,14.54498272954379,-38.38844285031382,41.051541591937045,30.734963238997576,-24.061395611056323,39.03317466020786,43.78686275550109,37.74752342933614,219.68892283106507,4.226286439735571,-8.285196479085782,38.143731376954165
634,10.577233333333334,1240.6785164887992,952.5776728199212,13868.0,1197.9591836734694,913.9183673469388,-2.4060437366979883,detected,1241.2564151013974,951.6920427399443,18.288957636773375,-30.62837896776273,35.673289302117645,30.818445108100132,-24.218326348030136,39.19571264795005,44.00534335226405,38.123595587424155,219.84506409883576,3.972031338832377,-8.144765349342263,38.34014459264368
635,10.593916666666669,1240.3175000302165,950.3456857270628,13789.5,1196.1771653543308,915.8346456692914,-2.478018313248454,detected,1241.6597852338068,951.2757718741266,21.224888982871562,-24.44106293090772,32.37068843147785,31.05117735316197,-24.346611916783804,39.45799192614847,44.19638706333431,38.564529719447854,220.07927938724444,3.1117954541017507,-8.083449623928876,38.62112076340357
636,10.6106,1241.266587464449,950.1592924601888,13888.5,1195.8622047244094,916.5787401574804,-2.504788372179797,detected,1242.1018010793327,950.9511153402743,24.00719051361648,-22.442996250931174,32.86385974100406,31.20329860364362,-24.74508488548906,39.82417694991583,44.23594305214913,39.0637700932668,220.33280774984394,1.460832752348509,-7.770535753151389,39.05872301864467
637,10.627283333333333,1241.7726512507272,949.3694977700212,13752.0,1197.0489795918368,915.8489795918368,-2.498409813805486,detected,1242.564935239786,950.6197016629097,27.97056144287444,-22.56061862568049,35.935133507516234,31.464685804901066,-25.037442253938124,40.210694689602526,44.12280145900961,39.613682540108854,220.69032329767458,-0.022885314289358225,-7.53425358561546,39.498544154539026
638,10.643966666666667,1242.9254581013242,951.771279444922,13379.5,1198.0,914.8849557522124,-2.4541438128343804,detected,1243.0191753765607,950.2141734057178,30.181092676315075,-22.719342751171553,37.776538885683145,31.92787596277481,-24.944605075013218,40.51694196065035,43.92414441094924,40.20562942403716,220.94934473280975,-0.9746935551567926,-7.766300373271118,39.76565307341045
639,10.66065,1242.8407159491326,950.1761342160772,13669.5,1199.7932692307693,913.4903846153846,-2.4358131332201376,detected,1243.5034671102628,949.844106796904,34.390985036152415,-20.05260303486466,39.81013363743863,32.359139937526,-25.021265891843008,40.90449467145019,43.69134445773994,40.830069981563476,221.04873731750465,-2.2036859466874175,-7.972201182955267,40.12009088505637
640,10.677333333333332,1243.2439069287975,949.763529931522,13581.0,1200.84375,913.0535714285714,-2.427998403675491,detected,1244.0171518363425,949.448332305549,34.49728992181781,-26.358029120995525,43.41438368897111,32.9413208220644,-24.921820815957407,41.30651002305643,43.340465304622356,41.47669046157969,220.86444874255648,-2.650778965691482,-8.606547653984634,40.39993945248622
641,10.694016666666666,1243.7147121692342,949.0759686494188,13567.0,1201.9025641025642,912.3076923076924,-2.4202939384368074,detected,1244.5674749008608,949.0696265332698,35.03662781920275,-30.392809867129017,46.38198120564479,33.49708690932668,-24.877963436093502,41.72490738322364,43.04677705858474,42.13456512647683,220.55110939343174,-2.0113805110902576,-9.27815571222289,40.680262077798076
642,10.7107,1244.4277574728344,947.840661571972,13543.5,1200.013333333333,914.7733333333332,-2.501609411470906,detected,1245.1478161427235,948.6596970038983,35.56726669690988,-39.135441115346566,52.8830143957573,34.049504672988185,-24.98974137114477,42.2357187966838,42.84201496053857,42.79234582907013,220.58751177590077,-2.810370765346086,-9.59909759162408,41.13044210434681
643,10.727383333333334,1245.5023324694555,947.715191904233,13505.0,1202.20814479638,912.8371040723982,-2.463442327275999,detected,1245.7369167894567,948.2546207578614,42.94060361901347,-30.569291919444822,52.710312535797655,33.921258343294596,-25.308959840451895,42.32251428965604,42.60470754463886,43.43847508133068,220.58810509925937,-2.9678228081797315,-9.293591757073063,41.289518864368034
644,10.744066666666669,1246.132633245513,947.0442688040372,13474.5,1205.0886075949368,910.084388185654,-2.4085049357369024,detected,1246.351702718854,947.8361616644225,45.04586854699619,-25.587605629355494,51.805944012214326,34.36806866895472,-25.568219376273408,42.83570924015651,42.453860126134465,44.0614156046737,220.37627157082207,-3.4201543023049656,-9.618616787171014,41.74182790929001
645,10.76075,1246.5084238760955,947.0201357214372,13483.5,1205.3700440528637,909.9118942731276,-2.40765460718546,detected,1246.9746729535987,947.4116884904352,45.604084538045754,-20.510083645451232,50.003960420117025,34.8585814630238,-25.933628928676868,43.44736828652079,42.311041701570744,44.64988840333903,220.09213694535563,-4.957712444179047,-9.965415451247829,42.2890565738774
646,10.777433333333333,1247.1841263143087,946.0444491331716,14218.5,1205.4827586206898,910.5991379310344,-2.4371104414822677,detected,1247.6226300740484,946.9630997117433,46.39703839664435,-14.25823135157043,48.538462411314555,35.20326441160425,-26.26140649647221,43.919600367105744,42.2248968159183,45.19311133209785,219.7799956944013,-5.813856284485885,-10.250818246235195,42.70658054315432
647,10.794116666666667,1248.808373414954,946.5424865180004,13722.0,1203.3724489795918,913.591836734694,-2.51414591753552,detected,1248.291178747769,946.494928932,44.86333618778917,-15.488372783056548,47.461654262841705,35.508993052382806,-26.56315658906353,44.3451223424773,42.13456371255794,45.68103069386241,219.64576062842545,-5.84512462459177,-10.393728738960334,43.10986289087672
648,10.8108,1249.0666935987367,946.3322070831344,13614.5,1205.7692307692307,910.8557692307692,-2.4551546470406604,detected,1248.9711965992212,946.0254570143694,44.622188374773486,-16.034280553315966,47.41558655353972,35.77200757300923,-26.778890738534134,44.684958487054445,42.074809594351485,46.10453931566087,219.64712480829886,-5.399585013084399,-10.45756973281393,43.444041596899254
649,10.827483333333332,1249.732049902939,945.910963561952,13479.5,1208.6666666666667,907.9583333333334,-2.3955670868993137,detected,1249.662869653506,945.537366452725,43.58525154348217,-18.530133656465296,47.36074329479092,35.98569826295621,-27.046641011479014,45.01656661137484,42.044634978893164,46.45567557680841,219.38482961446255,-4.339418381250157,-10.651609972414356,43.73824955884622
650,10.844166666666666,1250.8243223060265,946.101150026137,13391.0,1210.9488372093024,904.9953488372092,-2.341003061366516,detected,1250.3489508066045,945.034900296737,40.614000233714705,-22.9122011234831,46.63116956829539,36.247892257777124,-27.1159218707092,45.26790156424113,42.091766680945504,46.727798858075914,219.16291817081643,-3.3486178436362857,-10.980471853256851,43.91596691306771
651,10.86085,1251.1281719475974,945.0292084149812,13523.5,1210.5632653061225,906.1102040816328,-2.376898895611279,detected,1251.0539350166662,944.5303610268812,33.79181311765069,-31.855410801380913,46.43978715609025,36.414791826891154,-27.183711343866378,45.44217453228298,42.17677569443219,46.915737781879955,218.96846770730505,-2.6005318678164304,-11.216581188586346,44.03611623045701
652,10.877533333333334,1251.7835188815327,944.6544118553588,13518.5,1206.8212290502793,911.4022346368716,-2.504808619710725,detected,1251.755195804748,944.0115201345678,36.95151373056615,-30.26147504858227,47.76160842241586,36.56527920362026,-27.120243410973,45.5250178024032,42.224608831537566,47.01590839525206,218.74808654071373,-2.3050342539499735,-11.54296763321869,44.03733806813934
653,10.894216666666669,1252.3667931135103,944.239896410855,13708.0,1211.786046511628,905.1813953488372,-2.3753064260586227,detected,1252.4742738937857,943.5368171577487,40.15026904655542,-30.17797831611324,50.2270293742183,36.66548150686225,-26.95348596958754,45.50657029531901,42.264305519042566,47.02640009294465,218.60197398768196,-1.2275690568296125,-11.837580634111852,43.939954765267
654,10.9109,1252.9715321099802,943.096944049226,13705.5,1209.0308370044054,908.9735682819384,-2.4812974926056337,detected,1253.1866765274299,943.0675258217684,43.24782421724058,-28.82905269488174,51.97584610960757,36.645741732702014,-26.906867195578073,45.463060713290886,42.39731278025826,46.94702758672705,218.5508102584706,-0.5929667413036512,-11.890428821056453,43.880606101918914
655,10.927583333333333,1252.7789834714613,942.1943273868052,14238.0,1213.4323144104803,903.7685589519652,-2.368034900755123,detected,1253.908618122463,942.6225374917235,48.196356219919835,-26.012775791178683,54.768177413891884,36.60224577845164,-26.672342423642174,45.289493774938606,42.57588127998296,46.779347636582074,218.18311586803188,-1.233648983104618,-12.282573104705357,43.59216264786333
656,10.944266666666667,1254.64535878709,943.2461735001324,13829.0,1212.5339366515836,904.79185520362,-2.401556142585658,detected,1254.6419540864824,942.1636424414373,47.31193956925745,-35.79751909308197,59.32859343541389,36.387743719553455,-26.628934126579505,45.0906645073857,42.54862959154099,46.52663964732128,218.17511543789288,-0.8125725596598526,-12.146863645536616,43.423746145333354
657,10.96095,1255.7914783496135,942.3069567964232,13718.0,1211.3201754385964,906.688596491228,-2.466285447942544,detected,1255.3705649798676,941.706523920669,46.49562402481661,-41.7142469633427,62.465362027093455,36.1358748471604,-26.629555015591382,44.888023472837915,42.320212089845434,46.19384969116373,218.1765334018954,-0.8798682846799326,-11.94740855515882,43.26885808655187
658,10.977633333333332,1256.6156537953916,942.1438725223096,13764.5,1211.9756097560976,905.9024390243902,-2.459662166285056,detected,1256.0551356003127,941.275426807406,48.94213028328022,-35.237462842506375,60.30763553848379,35.78766104932287,-26.53644781888814,44.55266261656866,42.044321722041154,45.78749812666399,218.410227142111,-0.021358514327858017,-11.555819972830733,43.027930126620326
659,10.994316666666666,1257.4344216800598,941.3315717078116,13813.0,1210.4238683127571,907.954732510288,-2.5241960067928506,detected,1256.7244617970523,940.846354674248,48.30251448903027,-36.58862675118144,60.595878684117196,35.3830497843769,-26.40012784761324,44.14665290159627,41.97222609023751,45.31555180981238,218.56299374168967,0.1256299419748635,-11.209657978309622,42.699772018400026
660,11.011,1257.2474376114085,938.3256956823134,13464.0,1209.2340425531916,908.9202127659574,-2.592073860624986,detected,1257.3288656821778,940.3012372556215,43.53262327956372,-35.54712806516227,56.20220283299811,34.93263299444945,-26.209977258365917,43.672093558804306,42.070170985660596,44.787262948801214,218.50657646757057,0.07760772537232904,-11.017618538956707,42.259482220431835
661,11.027683333333334,1257.9751126788165,938.0862850284146,13608.0,1208.080188679245,910.2924528301888,-2.6333549608442377,detected,1257.9330793351173,939.755753429274,41.092814439446556,-29.52215170170757,50.59819008278283,34.50789595649321,-25.915138313654833,43.15540843463332,42.20111557483346,44.21297788063572,218.39740777520794,-0.2247770631421749,-10.948370255930982,41.7435320247229
662,11.044366666666669,1259.6104403108643,940.0638771045602,13789.5,1209.118556701031,909.159793814433,-2.592352363734329,detected,1258.5307765266368,939.2484301323833,39.6591419239453,-25.013971492924156,46.88865862863277,34.00466540096561,-25.90043223103221,42.74517117506865,42.281029575315785,43.60392032171344,218.16929437958433,0.13624973637819754,-10.727932063129419,41.37706046150209
663,11.06105,1259.8931255486214,938.4896167766916,13860.5,1210.299019607843,907.1911764705884,-2.5786246098277865,detected,1259.112722520221,938.8297446102994,29.752187307091845,-22.13421486048628,37.0825581243588,33.67280435388158,-25.426693194020174,42.194483997764664,42.43659671623339,42.971954809570235,218.10377728750453,0.5073738629498625,-10.80643822937245,40.78719618498403
664,11.077733333333333,1260.8306072501696,939.0648201996704,13756.0,1214.9953488372091,902.093023255814,-2.462826015565657,detected,1259.6526696985372,938.38599476186,29.3556200117132,-18.411586883046766,34.65168044733294,33.27821071751355,-25.100998369074453,41.68332313627972,42.68494940052372,42.32933694544304,218.11744919552027,0.872109539171054,-10.687303339005533,40.289961218938814
665,11.094416666666667,1261.0936477463445,938.2147522971228,13803.5,1219.433962264151,896.867924528302,-2.3599635466152065,detected,1260.1766483654746,937.9802187760936,26.997812549269838,-28.172380965626417,39.020058069125184,32.82509219131217,-24.90685349748358,41.204830159985534,42.90750947615079,41.68845751654397,218.24207965490743,0.8736559098007743,-10.363931335345427,39.880157419316916
666,11.1111,1261.5248564000242,937.7513392587218,13782.5,1212.544600938967,904.3943661971832,-2.5437127128865646,detected,1260.700531434757,937.5880187083072,22.431461017929905,-36.696047569013444,43.00895663215054,32.23896536648437,-24.82929998000709,40.69207570766769,43.05037862178615,41.06158752757502,218.3511742784268,1.1246573363628214,-9.876444909652115,39.47531964842294
667,11.127783333333332,1259.8075406391,936.4087768094444,13482.5,1214.156862745098,902.5441176470588,-2.5033462973832594,detected,1261.1915087146663,937.1687933299211,22.42272990133506,-33.34293357132583,40.18121495637075,31.750177032434028,-24.859001834927923,40.32423234011841,43.1095316115868,40.460630623001705,218.39670181732708,0.23294327151042027,-9.443548893562985,39.20284553593956
668,11.144466666666666,1261.962029301368,936.201307664366,13765.0,1216.7460317460318,899.813492063492,-2.463958830900853,detected,1261.6572649828981,936.7449927092641,21.977749948704513,-33.8889793066669,40.39163788775442,31.457543370935543,-24.775791712298027,40.0426883451332,43.21909891813854,39.89688848159707,218.57723534351888,-0.8425472631793706,-9.143093338031504,38.98487827501209
669,11.16115,1262.8368604499003,935.301856940628,14010.5,1215.5398230088497,901.2300884955752,-2.51732037593748,detected,1262.1068021229116,936.3255302007497,24.021153795259124,-29.54476070973533,38.07766688035143,31.206854041163965,-24.784868565841087,39.851693175730055,43.36171106796179,39.38084370059082,218.74726729661367,-1.0100922129976808,-8.826163763615888,38.86201593060199
670,11.177833333333334,1262.771933619333,935.1547520338391,13869.5,1217.2168674698796,899.8835341365461,-2.4827484687105943,detected,1262.5369159310767,935.9215929731674,28.221060503330136,-23.111178465242574,36.47677104658405,30.9386324671312,-24.750218072863067,39.620351760055115,43.58414135028167,38.92196359018454,218.8265689154706,-0.6700181315303346,-8.585134761112709,38.67903482151586
671,11.194516666666669,1263.0675249637382,934.9220460076,13903.5,1217.092050209205,899.907949790795,-2.490720148812495,detected,1262.9436048230423,935.5085859538885,31.155525524035966,-17.014052266856197,35.49851750732939,30.76821922166585,-24.84489153463834,39.5468323565925,43.79286629836578,38.52852724679026,218.8710210787415,-0.6057803502813609,-8.363032356741995,38.652446743259574
672,11.2112,1263.469268199371,934.6286479442392,13940.5,1217.0213675213674,900.008547008547,-2.5010720041635115,detected,1263.380737577374,935.1338549550859,24.833975511286553,-12.956800616156215,28.01080187895388,30.743616435854086,-24.86033792605939,39.53740448427014,43.9985527656952,38.2074773463633,218.90866783439859,-1.9450143679160363,-8.308787389198987,38.65450045562447
673,11.227883333333333,1263.8141704035877,934.1681913303438,13937.5,1222.2875536480688,894.7596566523605,-2.382358631461812,detected,1263.8021730475448,934.7598548420591,24.27507718349534,-10.759902249073093,26.552869311512538,30.695336329087308,-24.806221445867834,39.46583705912267,44.16306776638211,37.96429739496747,218.90645076613637,-2.224090682263404,-8.306700767535826,38.58174460980011
674,11.244566666666667,1264.7709259524834,934.5294827668628,13946.0,1222.521568627451,894.6470588235294,-2.385005242990088,detected,1264.2111112779035,934.3891766010964,25.498641065526044,-13.902288973444229,29.042285290411982,30.73349974708222,-24.751134243514553,39.460950990116565,44.236763032921715,37.80291476188045,219.0192133526455,-2.0208186242541126,-8.29508517527172,38.579245909936716
675,11.26125,1264.8345575879782,934.1032334725624,13886.0,1222.1280991735537,894.6570247933885,-2.395858933505622,detected,1264.637328372306,934.0376503357639,24.43481572871724,-15.730071921357649,29.060202723784492,30.858424742434558,-24.57520214276207,39.44848460894429,44.25553711339648,37.725629720940304,219.198490747471,-1.040466491660851,-8.382333713428292,38.547625341372694
676,11.277933333333332,1265.4923075076804,934.358930971582,13888.0,1221.992277992278,895.1119691119691,-2.407547757026944,detected,1265.0430378503745,933.6656528353891,20.149463117241794,-19.269954945014433,27.88067480345434,31.030815267475543,-24.458017855839493,39.51083564796823,44.34137611346365,37.73307093422643,219.26606442688407,0.12046526098351641,-8.544501403789004,38.575868484862454
677,11.294616666666666,1265.6624934232557,933.6402520686852,13938.0,1223.9490196078432,893.3764705882353,-2.373876727038671,detected,1265.4588099544267,933.29307238771,16.299682191334796,-23.655298860459425,28.727213643445644,31.209805081694203,-24.29212148727267,39.54945131844132,44.4337249125572,37.82417830349215,219.19997921550026,-0.17127341334710325,-8.832547822260427,38.550553803509
678,11.3113,1265.940132132132,932.788144144144,13875.0,1222.8167938931297,894.5381679389313,-2.4160119889298137,detected,1265.8971447874173,932.9205329478978,14.312904272465403,-29.125500394748542,32.452334306752974,31.307009373565258,-24.084678994274128,39.49937465547692,44.492300172420265,37.99621478141674,219.42032253806403,0.4056472433594293,-8.891046433228263,38.485710224652365
679,11.327983333333334,1266.224688866465,932.6725770025467,13874.0,1223.892857142857,893.7619047619048,-2.39828008858938,detected,1266.33173406141,932.5384715409813,15.355923854670436,-30.465512771824706,34.11673879315916,31.45500388347358,-24.01989047081092,39.577422952222285,44.56527423637647,38.244809348440754,219.4418783354688,0.19314825919470144,-9.032018195146712,38.533038484677405
680,11.344666666666669,1265.9122004910676,931.9144623051152,13779.5,1222.55223880597,895.1529850746268,-2.4383650908296475,detected,1266.720030528599,932.1632133267605,18.87592828907782,-22.856171070120126,29.642962482872804,31.623827755603315,-24.13956289682038,39.784230277405314,44.55777598171749,38.564033644716794,219.67226810651704,0.9860208401246309,-8.930548804408083,38.76893442974283
681,11.36135,1266.230192251675,931.3177371589476,13732.0,1222.063829787234,896.0531914893617,-2.467798743370746,detected,1267.1576244782548,931.8284413221542,23.480063407402668,-11.551821951084548,26.167880464516198,31.983745774125055,-24.011185871476084,39.993712514574526,44.51863764515667,38.94651449199049,219.73794824250223,2.2366615923919775,-9.244937720532562,38.91051486734543
682,11.378033333333333,1266.9555124782073,930.7940943393926,13670.5,1222.4607142857144,895.9285714285714,-2.476940383104301,detected,1267.6235283513183,931.4797995912417,25.940908684028273,-9.226623774380187,27.53291356952713,32.457414302091586,-23.94474388920799,40.33403653364467,44.44396915171826,39.38358365818884,219.61785984412262,3.51734356713733,-9.733712789389111,39.141912810069286
683,11.394716666666667,1267.303111143595,930.5325366661792,13682.0,1222.5387596899225,896.5116279069767,-2.4917221807509726,detected,1268.1123082728886,931.1497565881664,30.9184010831018,-8.779000954779349,32.14060334373901,32.99419463369016,-23.872148715791838,40.7246407453118,44.339071755594766,39.86546473001995,219.7121011511725,4.016033329618455,-10.128627585182441,39.44499039263911
684,11.4114,1268.4764839761333,932.3056898566772,13547.5,1224.2862595419847,895.2290076335878,-2.443505026443319,detected,1268.6743488849384,930.842502917069,36.39707024711561,-7.540643751337029,37.1699883072089,33.33882606819929,-24.027005503428047,41.09469937920712,44.142396595749,40.38149500200379,219.80216518456402,3.4025211017546417,-10.23224745624957,39.80044508622335
685,11.428083333333332,1268.8360821484991,932.4613586097946,13187.5,1224.814126394052,895.5947955390335,-2.44442475946981,detected,1269.1775580461094,930.4181198440579,37.118997374772334,-12.84950561350297,39.280144610474636,33.828172571915616,-24.440910235320555,41.73371961239857,43.98490098381384,40.920378126839076,219.7366452996813,2.1706300137478367,-10.389464403947903,40.41982659642914
686,11.444766666666666,1268.9229345949907,930.6382793776156,13421.5,1228.801498127341,891.5842696629213,-2.369675463652158,detected,1269.705312010367,929.9898981763677,33.256421481740745,-21.956917308834363,39.850919531149806,34.338764022901366,-24.875844818350625,42.40233920489725,43.83036757940378,41.47046124170183,219.45457612450426,0.9886637862026408,-10.706181965596569,41.02847837498609
687,11.46145,1270.0207880740131,930.483057407546,13349.0,1228.0192307692307,892.7153846153847,-2.409221395556697,detected,1270.2936340484157,929.6265661039921,32.53981653311939,-31.65848061155384,45.399328790646244,34.986834795127244,-24.960596498625936,42.97801748043695,43.65130217337146,42.02002868615256,219.32898942471576,-0.5825043760591125,-11.243668758637469,41.481199348557695
688,11.478133333333334,1270.810675752413,930.2491261278312,13207.5,1228.0196078431372,893.1411764705882,-2.427203661669292,detected,1270.8990230246231,929.2201514290316,33.9959531609461,-39.32092025692191,51.97941516766472,35.59184719869768,-25.209273103334137,43.615215663962154,43.61904962839718,42.55760341823854,219.21408928241672,-2.327116121696115,-11.638370600782237,42.03374081821385
689,11.494816666666669,1271.1574070581728,928.9524635713298,13256.5,1226.9956896551723,894.4353448275863,-2.4781678498615154,detected,1271.5603362901932,928.8348881582504,38.43300814512804,-38.38681457357825,54.31982739469777,36.153671391876486,-25.292059594969942,44.12228726695047,43.509053978880495,43.07224682964666,219.1087075694857,-2.312484775395173,-12.099388351290488,42.43089717637321
690,11.5115,1270.9239459709895,928.0072822742554,14029.5,1228.402027027027,893.4121621621622,-2.4586239584417995,detected,1272.2375964351406,928.4099020401615,41.63673691427948,-33.407796225742004,53.38256934177696,36.657678503818424,-25.316845587372896,44.5502869102343,43.25855358246576,43.55384778854359,219.26252414430365,-1.712113062052495,-12.35997792110669,42.801390276180854
691,11.528183333333333,1271.9780141337712,927.6855354890904,14009.0,1227.414342629482,895.1792828685259,-2.511384297181253,detected,1272.9359372897552,927.9824502643114,43.88696884608271,-34.43124922715333,55.78151089598937,37.11833608278324,-25.348386356911814,44.947876083901015,42.8953976977455,43.99339229752355,218.98438478950496,-2.1348195143127975,-12.905843176956909,43.055206146824055
692,11.544866666666667,1273.3428703391628,927.7456340735748,13351.5,1225.7087378640776,897.3349514563107,-2.5733996641328023,detected,1273.5741162696447,927.5176429955158,46.61664161830231,-34.642052585023976,58.07911055683275,37.24275468900195,-25.49570797708393,45.13373352690776,42.567468495043315,44.38320602090171,218.6981372883606,-1.8819872943656923,-13.12577793596729,43.182957930804044
693,11.56155,1274.1320696620355,926.9837545570992,13532.0,1228.3179487179486,894.6666666666666,-2.527254528107884,detected,1274.2751545980375,927.0512918501479,49.770140310913575,-31.299527762273556,58.79393935355376,37.575410021907956,-25.604401711508373,45.46973526774478,42.299088545415444,44.71716298322312,218.61812535585958,-1.962862715380905,-13.378141508811966,43.45713008343966
694,11.578233333333332,1274.7878281741023,926.4709251973376,13471.0,1231.0409836065571,891.8934426229508,-2.4727331721492924,detected,1275.0057738716994,926.5468373283397,52.583681649366554,-30.726816033837622,60.90304425379104,37.92517976484602,-25.701092350446718,45.813375865592754,42.08683122417879,44.990854878925994,218.39594754430013,-2.3238380709781006,-13.760629518507901,43.6979459866988
695,11.594916666666666,1275.928586300229,925.750045927178,13608.5,1231.568376068376,891.034188034188,-2.477558071713024,detected,1275.733768093169,926.0200194057634,49.73909581150792,-31.29637878882113,58.76598486743618,38.15756990997001,-25.623777892636877,45.9627907651987,42.02759825258591,45.2017166285444,218.20513543282564,-2.301544393092454,-14.136510063812803,43.7348512989487
696,11.6116,1276.4276625680552,924.9253808038172,13622.5,1229.3058252427184,894.3398058252427,-2.565868443066617,detected,1276.4732203296505,925.4850347031993,48.93177295526084,-30.274852641434336,57.540291161982836,38.28841602906648,-25.44266826730198,45.97099270817251,42.0076164355865,45.34910506486305,218.06443337273103,-2.7136628562306764,-14.458547761706114,43.63808619998491
697,11.628283333333334,1277.1480841362063,924.7175970189504,13597.0,1232.09649122807,891.3026315789474,-2.5034218926217164,detected,1277.2013620600442,924.9748146725368,49.16297054283723,-25.70369741539116,55.47682158719862,38.452423984724255,-25.333009526064195,46.047261394665554,42.21419286857074,45.434328912953816,217.68825918915584,-2.1708711651924504,-14.941567988840184,43.555709476296244
698,11.644966666666669,1278.2139476870025,924.2623965173582,13629.5,1232.5394736842104,890.859649122807,-2.510153025579115,detected,1277.9342702699003,924.4543251920634,46.23402505264585,-21.46020690172054,50.9718113552318,38.54868870260391,-25.175893391148914,46.041579129442965,42.490663003043814,45.460629487192776,217.63666084987557,-1.029106180128655,-15.152961715390111,43.476600142889275
699,11.66165,1278.8539614613692,923.9855018998784,13553.5,1234.390134529148,889.3183856502242,-2.479371505214763,detected,1278.655785824555,924.005899843866,43.659586704359754,-18.840051846071674,47.55109951155888,38.85165908290068,-25.128395219709137,46.269727250242575,42.79426309272584,45.433112688137584,217.65679195392252,-0.06231427982887764,-15.40656011396526,43.62941169975381
700,11.678333333333333,1280.0287057014607,923.7804106837287,13441.0,1237.01376146789,886.4082568807339,-2.426274762205047,detected,1279.4099908326564,923.5576848962013,46.175713608432034,-20.804097508002087,50.64589815938102,38.87111531278957,-25.08005735272374,46.25984092575434,43.061282362109765,45.35863386141122,217.6684940541564,0.9663774382546199,-15.442588558411602,43.60618466561493
701,11.695016666666668,1280.5951983376008,923.6173018170124,13474.5,1235.790243902439,887.8439024390244,-2.4678127658141085,detected,1280.1558914501486,923.118439999181,46.53805339923838,-23.835027555463057,52.286699578000196,38.9656259499552,-24.85059271260853,46.21549484577412,43.28786259467515,45.245637822498765,217.7656989102716,1.5443019069799646,-15.58383116888497,43.50880565976804
702,11.7117,1280.630954587581,923.4555699721964,13487.5,1235.0643776824031,889.2660944206009,-2.4978873158769277,detected,1280.923198353833,922.6887752861717,46.41713184076343,-25.783024187226147,53.09721710750859,38.82918946641374,-24.72676710048483,46.03388931928601,43.47255829320602,45.10395686039643,217.90701980824267,2.6682825471965517,-15.444895376502217,43.365587424467975
703,11.728383333333332,1281.5246931798615,922.808320421063,13553.0,1236.441767068273,888.1686746987951,-2.4864481058777184,detected,1281.6713812137828,922.2618670997665,47.3706813939566,-29.0171683026133,55.55157524346121,38.666722163067966,-24.739696395236543,45.90389940478229,43.488135775666954,44.94456989431407,217.9564634982403,3.7382384311045485,-15.271412797539679,43.28916644764037
704,11.745066666666666,1283.0568770019609,921.6465709379224,13684.5,1237.5403225806451,886.5766129032259,-2.4851076614628744,detected,1282.3921914960881,921.8148966036114,40.63501510426795,-36.16958052634118,54.40076293560195,38.51574712840859,-24.55308492851872,45.67621652858923,43.62230585802184,44.77932629262377,218.09221927416652,4.90647591775394,-15.165107148075812,43.08522115011072
705,11.76175,1283.6761185785306,921.384545510342,13577.5,1240.8439024390243,882.2,-2.4006398983853425,detected,1283.069208872576,921.3733711728911,43.54788329124631,-37.411008184471484,57.4108149439337,38.26270180358339,-24.4774352150766,45.42223226590934,43.93346956561588,44.62063825692022,218.36198375692942,4.846991988610558,-14.810618684553495,42.93978060259472
706,11.778433333333334,1284.4667693473664,921.0300707763396,13634.5,1244.2863247863247,878.6538461538462,-2.329603513012747,detected,1283.726814773987,920.9214108910553,45.19386532723456,-37.62620666792918,58.80660584861137,37.957401329698016,-24.399227470516287,45.123016486730556,44.39125143165634,44.48114615165277,218.5911509394453,4.44325091763069,-14.448908285173218,42.747112957817514
707,11.795116666666669,1285.232997876243,920.3553311130418,13812.0,1241.575,882.2333333333333,-2.4237851897644376,detected,1284.3598277448716,920.4039373675575,42.246450076927886,-35.47828224350633,55.16766312843292,37.7497013685741,-24.003763037589003,44.735004117371545,44.82688261267398,44.37336172683824,218.66609503789718,4.603179081700006,-14.47788817889072,42.32743019911303
708,11.8118,1284.2635150166852,918.7441354591522,13485.0,1239.621739130435,884.5043478260869,-2.487306435647965,detected,1284.9783484399443,919.9451330270413,39.09617990550669,-32.68466905827381,50.95879585167438,37.47872696177101,-23.81024819110474,44.40250999208252,45.267677749566886,44.30929486558054,218.75030807712443,4.442091809088962,-14.325458398818418,42.02813504380977
709,11.828483333333333,1286.562021272734,919.169383235924,13773.5,1240.4188034188037,883.8717948717949,-2.4885874368252003,detected,1285.5912207575423,919.5729949829799,36.56650654228315,-31.8383080272406,48.484917848175115,37.35737337753305,-23.32459539333194,44.04100471073584,45.68229505907189,44.30007032717893,218.93583215652492,4.603319672413992,-14.400109590006585,41.62027077911504
710,11.845166666666668,1287.1701957940536,918.4773265651438,13790.0,1243.100386100386,880.8841698841699,-2.43533837789202,detected,1286.2034923774577,919.2552392115877,33.957020650721006,-26.422755500411768,43.02605326668986,37.12162490276616,-22.83282559450302,43.58156674616759,46.14355198714676,44.35554194962665,219.06927361923937,5.058947961328931,-14.430048451907515,41.12331044220859
711,11.86185,1287.6197510252966,917.9858696572666,13776.5,1240.4566929133855,883.9212598425197,-2.516074154573712,detected,1286.7813154990597,918.9187539980895,32.00240631788438,-20.70163213936985,38.11445373304931,36.83673573396721,-22.59622475014462,43.21497972339204,46.65890643154474,44.48391286600485,219.31740511373346,6.416908355475393,-14.181330686462843,40.82186096265545
712,11.878533333333332,1288.199012399602,917.589090291427,13737.0,1239.796153846154,884.9153846153846,-2.547817778069534,detected,1287.3472838591877,918.6191115527588,31.93535072777513,-15.509300484717642,35.50218342061894,36.703087471709864,-22.419062455995732,43.00849905962568,46.9815088198318,44.69137138879816,219.80500475706614,6.050684967271436,-13.844161271417976,40.71940802679717
713,11.895216666666666,1288.107666933469,917.2491692740548,13743.0,1243.662447257384,881.042194092827,-2.45798677059876,detected,1287.918590583986,918.3450385090405,24.30825457993933,-16.290094461497574,29.261893621015975,36.55961900094075,-22.274561397564167,42.81076765193312,47.10958781038486,44.98175320998326,220.14780557056181,6.080248952497179,-13.583794382512297,40.598551170225655
714,11.9119,1288.5763393404438,917.6207919578276,13595.0,1242.4587155963302,882.8302752293578,-2.495290035881469,detected,1288.471402721108,918.0405642481983,23.89457341791376,-12.015539878696927,26.745538644802558,36.38576287509765,-22.222090257557603,42.63502123158696,47.19405898334073,45.35624129669758,220.32185245027603,6.0610885462385005,-13.361807435240845,40.48712310700049
715,11.928583333333334,1288.9769628413303,917.1994161649334,13702.5,1245.596,879.88,-2.4311654616964096,detected,1288.9879931681508,917.7266756649684,24.33994650511795,-6.582465381331076,25.21431828085831,36.07320187365691,-22.28426933342927,42.401232920074634,47.26879949165866,45.81311513960095,220.57251069679148,5.985625796582196,-12.906698547837555,40.389128311188756
716,11.945266666666669,1289.6190876014552,916.9528468343494,13696.5,1247.906614785992,877.828793774319,-2.3882039763642573,detected,1289.496715840179,917.4146715522877,24.053796379076175,-1.6841646574621336,24.112684023963457,35.86333364927356,-22.34107802732196,42.252839760920274,47.30042038484677,46.347560647100835,220.63770911441972,5.8726483719957585,-12.664475307501878,40.31021623667728
717,11.96195,1290.0355615657322,916.6214441479964,13680.5,1245.4375,880.7421875,-2.464112245137052,detected,1290.017956840133,917.1070454483214,27.168072394174942,-1.9922430625388188,27.241020355988223,35.77473308802464,-22.2764701665518,42.143476963827716,47.37495545500588,46.95155085512323,220.74961035516148,4.262777927360319,-12.560775536390162,40.228094269118685
718,11.978633333333333,1290.4105992882912,916.82431384138,13535.5,1246.544747081712,879.8949416342413,-2.44183708673148,detected,1290.541706432265,916.8202686631494,27.52614425561933,-2.8863349927273703,27.677058139755523,35.70001710374011,-22.42381726913448,42.15825900255928,47.440362330195946,47.61380574070938,220.91820479959807,2.8523373389594697,-12.289380695102633,40.32728510893969
719,11.995316666666668,1290.827504181379,917.393037229759,13452.5,1246.992565055762,879.5278810408922,-2.429134335635525,detected,1291.052859787261,916.5196638891538,32.39562836199184,-8.818197443054032,33.57435543853336,35.679451294051624,-22.557890610296823,42.212340297959315,47.43375963882842,48.31983692839061,221.07482249772715,2.237009247849401,-12.075504836405885,40.4482861982638
720,12.012,1290.996823371978,917.6024587601146,13326.5,1245.240875912409,881.2518248175182,-2.4702474233840555,detected,1291.56113143067,916.2030359805248,30.786373116417963,-15.613737277034943,34.51940847435792,35.83255178373046,-22.73510856667897,42.43650467312788,47.42130480851699,49.05208022153882,221.2389652654253,1.3641670850754886,-11.95788213463075,40.71690046806956
721,12.028683333333332,1291.9679722335443,916.6996825632094,13493.5,1251.560885608856,875.3837638376384,-2.345074064145292,detected,1292.0608467541401,915.8787965158814,32.23378152073474,-20.37431249482779,38.133047095181844,36.01313230950002,-23.04643648888606,42.75609820338864,47.36569538455368,49.79011600480586,221.13276150742985,0.0697568021668464,-11.964552200880382,41.04794055991387
722,12.045366666666666,1292.3346532455037,916.7555818715614,13511.0,1249.9134199134198,877.1904761904761,-2.391017036679378,detected,1292.57480364837,915.5265752755143,29.004613918289124,-27.68997697173927,40.09990590069336,36.1763531967356,-23.207376347166335,42.980354204380134,47.29863839171954,50.51097495961503,221.06407815139812,-0.5503282060944754,-12.031092549994492,41.262133483224595
723,12.06205,1293.934541358069,914.906953332854,13907.0,1250.913357400722,876.2382671480144,-2.409424910151705,detected,1293.1155696919043,915.1774149313973,26.87363262502413,-34.73700005998944,43.91868968483085,36.36813191723297,-23.435971481021326,43.26529531169878,47.259932543826075,51.18952442115274,220.9893118394056,-1.4171493613297836,-12.079746994826989,41.54474083382243
724,12.078733333333334,1293.1520063422367,914.5390779363336,13665.0,1251.6962962962964,875.9333333333334,-2.391776688645739,detected,1293.6583853635564,914.8162556383813,26.7903116171301,-32.53318802968397,42.144146923596736,36.58894257368961,-23.60532792256369,43.54264834610454,47.1994183680732,51.79892914856789,220.84530315052007,-1.5285181201247737,-12.24040447038229,41.78677689645333
725,12.095416666666669,1294.1580421106223,914.6914554468648,13749.5,1250.413654618474,877.2008032128514,-2.433026174436173,detected,1294.2315038251945,914.4497967939936,26.478717889631298,-28.6104887734582,38.98310619915835,36.87161957027848,-23.71481948024564,43.839582487929576,47.02477099211759,52.311179223840696,220.8487420817556,-1.4538160794816284,-12.38010973261878,42.05522411929698
726,12.1121,1293.6018739665626,913.9009492314289,13607.5,1251.8598484848485,875.9886363636364,-2.4042366414740703,detected,1294.8012385124568,914.0941394044601,28.19749381731208,-25.140126385214444,37.777302871458524,37.21084484418416,-23.8226601675043,44.18332390703921,46.8952920437191,52.69767710497304,220.93606170610136,-2.5863684049104743,-12.501608359348074,42.37777601413058
727,12.128783333333333,1294.299476312264,913.0344659602972,13685.0,1254.2648221343873,873.9367588932806,-2.3680341890939616,detected,1295.361881181962,913.7216942384179,31.753320411179175,-9.747039658008362,33.215630947338575,37.46917551298523,-23.777951141187287,44.37713458635631,46.870337594806465,52.92987536030808,220.99984250241988,-4.380948033827324,-12.678723087185471,42.52740357668279
728,12.145466666666668,1295.26299195074,913.6911235579956,13479.5,1254.593220338983,874.3516949152543,-2.372820333036953,detected,1295.9761355152575,913.3867668079174,39.76396163087793,-8.636594430463447,40.69107282854858,37.576196430693685,-24.000623811993062,44.586999019477474,46.82155537736593,52.979956123155276,220.98926474258712,-5.914044135012871,-12.621302081076996,42.7633396186627
729,12.16215,1296.1030895996244,912.9340201855488,13491.5,1251.5666666666666,877.9666666666667,-2.475978227197004,detected,1296.6302550321745,913.0100823523263,43.816395772863416,-9.75879802589543,44.88998415498076,37.79416497173455,-24.29076230659345,44.927052422188886,46.86487792509997,52.82154270002839,220.7892421109478,-6.709497699020812,-12.746000591843018,43.08108063011936
730,12.178833333333332,1296.6738205938875,912.7821833736284,13442.5,1251.4291666666668,878.1166666666667,-2.4878169582383443,detected,1297.2556915233852,912.6105547174784,47.15985226404928,-11.740093177422295,48.59919190049884,38.21549024585836,-24.4711966432492,45.379104881915275,46.8890579593517,52.4304330279439,220.82660470103983,-7.318061208991258,-12.918755059245957,43.50136696246537
731,12.195516666666666,1297.8516538079598,914.7165991902834,13091.0,1254.2727272727273,875.7575757575758,-2.412109223440444,detected,1297.8905023539244,912.243716788784,45.73463460325911,-17.247734290727294,48.878841439391294,38.73075523271945,-24.846473040015542,46.01541723623773,46.93429617576157,51.785343950246784,220.9516290830245,-7.099410885527051,-12.96699700361792,44.150601492315005
732,12.2122,1298.3458622827998,912.9434045838236,13169.5,1254.8457943925234,875.5981308411215,-2.432178392922598,detected,1298.5695015649667,911.83702354872,45.767635846376834,-28.16494915594467,53.73956505149168,39.1653428095449,-25.17099674819579,46.55645126818467,46.91200917416094,50.86865484122663,220.83614709080638,-7.255975955713787,-13.172553961256583,44.65408130086921
733,12.228883333333334,1299.4363189720332,912.3536407155456,13230.0,1255.4584980237155,875.3122529644269,-2.4416008985162674,detected,1299.2100008278255,911.4023211793742,45.000156375977895,-35.77224217129651,57.48623647295367,39.36840358968599,-25.813881898174436,47.07682763157792,46.870523792682505,49.66713929257805,220.56103702429647,-7.769675386128053,-13.123038285074088,45.210768252948085
734,12.245566666666669,1299.5724305844656,911.4018216452838,13211.5,1257.6666666666667,873.4418604651163,-2.405559809178913,detected,1299.9150243596596,910.9801788221928,44.57582934538459,-42.92254013545062,61.881734086143865,39.81747698201859,-26.38514949781219,47.76617618394295,46.63719642384868,48.17267476390979,220.21642598607278,-8.043809877551473,-13.368787064699735,45.85720357429349
735,12.26225,1300.427875983107,910.6850770047796,13181.0,1259.392405063291,871.126582278481,-2.374518577719288,detected,1300.6414874552647,910.526350016417,42.78635766488651,-49.0689883317832,65.10328730665042,40.24468666255931,-26.99729642882737,48.46120942603016,48.21835943745531,46.38292281924755,219.9915944563301,-8.002927988537976,-13.482519876303751,46.5479374067061
736,12.278933333333333,1301.627293200739,909.6104658518686,13173.0,1254.7008547008547,877.2948717948718,-2.538529129681649,detected,1301.4009163684225,910.0087285970851,43.97227834004525,-42.576010996996956,61.206845816712516,40.53178093284915,-27.423460664796043,48.93742392507078,51.113982830658394,44.301977632255905,219.44830906663847,-7.775773680711843,-13.874196879336733,46.92950161013318
737,12.295616666666668,1302.0545323758852,908.7619525988764,13438.5,1257.5984251968505,874.011811023622,-2.478126998615078,detected,1302.1681196114084,909.4853375475383,44.13704117442876,-38.02104560517091,58.25528570476421,40.82876705058648,-27.90862926733183,49.45583693005737,54.06291786289066,41.940989161925444,218.92062924901458,-8.234114527608957,-14.232067722405883,47.36378421111725
738,12.3123,1302.7881694050009,908.59040220058,13451.0,1259.9426229508197,871.8647540983607,-2.432954353173341,detected,1302.9431619053978,908.9173872420546,45.37095128250894,-36.863552561354936,58.45891486953532,40.913226240726004,-28.237811111904104,49.71183015959487,57.13920574817605,39.318782046166994,218.47932702290518,-7.582501304519829,-14.457736077875424,47.56301005318004
739,12.328983333333332,1303.4043978232498,907.9455073748492,13537.0,1259.7358490566037,872.3811320754717,-2.4581229278146144,detected,1304.397768596012,907.5963755753176,45.02020122300928,-35.03279717878695,57.044854249356,37.35324254661939,-24.37886348969147,44.60486199727098,60.26684781664947,36.4625159610378,217.05834828578253,-2.314110245579263,-15.117331594394141,41.964985395692935
740,12.345666666666666,1304.3593432945952,907.4813380065178,13552.5,1262.4754098360656,869.6967213114754,-2.407603794554638,detected,1305.7325434409925,906.4097699906017,47.10557014695496,-32.67875962108292,57.3309346622067,33.73356569769129,-20.56728591512745,39.50907116846781,63.42573928030542,33.40847563885366,215.9927923942234,3.1887302014529095,-15.206467935952888,36.46546362666861
741,12.36235,1305.1129600675056,907.4040279949372,13431.0,1259.2696078431372,874.3333333333334,-2.516658227074265,detected,1306.9304490856077,905.3623476954475,51.59834889112199,-33.88756956692578,61.73132899462949,30.21859657132929,-16.78649334502123,34.56804792815464,66.60711307573473,30.203153065580974,215.2114437289426,8.981851634329063,-15.010475673182638,31.138971685461748
742,12.379033333333334,1305.7092180249374,905.9061703777556,13540.5,1259.7205240174671,874.2445414847161,-2.538649989627749,detected,1307.9773393330338,904.4617703176968,52.77787576546825,-32.53239131147711,61.998876237866384,26.83433565282455,-13.116585695175116,29.868484900097013,68.62879352948227,26.904915014130488,214.5280683209462,13.862742852628957,-14.672819720344902,26.01604796431581
743,12.395716666666669,1306.7107416691242,905.652560699892,13564.0,1261.56338028169,872.0234741784037,-2.501380395069969,detected,1308.9026391780455,903.726687838502,51.885467902960045,-31.269402621406243,60.579512376782176,23.438028590230864,-9.505369474256398,25.29215754020611,68.60613038003218,23.586770535841346,214.11459452546464,18.560279304320034,-14.073668506283216,21.014877772993508
744,12.4124,1308.035652077234,905.2421277594536,13491.5,1261.7125,872.6291666666666,-2.5281660648153883,detected,1309.7190359508295,903.1832084710724,50.314674834613015,-29.16365421793944,58.15569818217624,19.977918364552156,-5.979877030681707,20.85368436230838,68.7260117900391,20.341075344918146,213.9025461797643,23.23066559274977,-13.245954757768814,16.10654631005439
745,12.429083333333333,1309.0407794886908,904.3330509098946,13573.0,1264.0484581497797,869.9030837004406,-2.4884084728258835,detected,1310.3693321163341,902.8497339058654,48.22346333248743,-26.062019936816796,54.81542938778091,16.669076553159403,-2.767174319925953,16.897199970762795,71.69500345382771,17.287207703340982,214.80456644445508,21.990487284976723,-12.107595760798187,11.786496160651307
746,12.445766666666668,1309.5309599821812,904.7159774296532,13469.0,1264.7692307692307,869.1410256410256,-2.470053368944049,detected,1310.8761770731744,902.6240842206078,47.31075934035107,-22.036232715247024,52.191028938325594,13.68617276446761,0.25155088853806,13.688484313041357,74.59024739066072,14.581947318177544,215.79773240152448,22.369073354579573,-11.24781493640673,7.801362826117303
747,12.46245,1309.9645184109609,903.8958511734118,13429.5,1264.7552083333333,869.484375,-2.4909879130772308,detected,1311.3156121663535,902.5208062184277,45.00094638190558,-19.577857766695615,49.07522480845202,10.49335853284018,3.27016746383861,10.991113162017689,77.44535135187107,12.424337683968641,215.7359141757702,27.578785661619065,-10.427585441134335,3.474194929493988
748,12.479133333333332,1310.8185540721124,903.7392327779615,13594.5,1267.158163265306,866.2755102040817,-2.4324314824486586,detected,1311.56857961085,902.4993700863037,37.804707278445676,-23.636984226276127,44.58590489966745,8.101243480390618,5.8691582418615775,10.003857475823173,80.22252095013982,11.023689940970062,217.03911250529518,26.092242675641728,-10.001957565011693,0.19495964784671926
749,12.495816666666666,1311.348176451858,903.5170965292576,13609.0,1266.5560538116592,867.4484304932736,-2.463661263016537,detected,1311.0418676946144,903.2697569305884,33.17464154393883,-25.90092236818964,42.088176737556815,9.03261011679434,4.66599460382526,10.166589947713142,83.03590570680112,10.487466827142194,217.22834984187375,30.575065957504716,-10.014936000148019,1.74945936731354
750,12.5125,1312.4482855743329,902.853943179035,13610.0,1264.4365482233502,871.6649746192893,-2.565490711702297,detected,1310.5728039377266,904.0138031276822,36.51978963827196,-27.87460428090526,45.94223110647433,10.003327031801929,3.508408843314621,10.60073036715053,85.91380149865502,10.693897136896664,217.5520855689241,34.330967935372655,-10.06894715589044,3.315386476553414
751,12.529183333333334,1313.1871676358037,903.196498682968,13414.0,1262.6284403669724,873.9357798165138,-2.6169468577165507,detected,1310.1218335180067,904.7455282097004,40.82075470441032,-32.00975563652764,51.87444911078912,10.71622708120952,2.0231194617798725,10.90552773655089,88.81630552168649,11.332264876359048,218.05349192756597,38.296910553011,-9.685383509683627,5.012372839586987
752,12.545866666666669,1312.581921117668,901.2050864982097,13218.0,1264.2337662337663,872.2987012987013,-2.602733581826076,detected,1309.6686953254336,905.4099359849811,40.56640984699061,-34.35817997230379,53.161246588875564,11.635474772828532,0.41395036248104483,11.64283591277174,91.81190489010812,12.071344085136806,219.75539912553614,37.22679662212068,-9.209864591261217,7.122781921578128
753,12.56255,1313.035763497432,901.0555054490792,13305.0,1267.1984126984128,868.3095238095239,-2.5212706993701146,detected,1309.2512004709617,906.0104478176536,41.30410508655086,-38.58606765356535,56.523567774569564,12.686374557517068,-0.858231235417638,12.715371023570759,92.29833576685488,12.658542651222856,221.35827618634343,36.38195506118235,-8.955207414054295,9.026899824321188
754,12.579233333333333,1315.0251813446278,901.217832627428,13694.0,1265.44140625,870.609375,-2.5885438454317558,detected,1308.8831733224195,906.5562419947494,41.225615485157505,-41.64009196722418,58.59563662226861,13.782347897646993,-2.2389697685622907,13.963026147519397,92.65648126374613,12.927667557858593,222.83734599020445,34.05433638356321,-8.584095350922338,11.012692958699242
755,12.595916666666668,1316.1477496281368,899.4194616381171,13894.0,1267.5146443514643,868.276150627615,-2.572015134049752,detected,1308.5436433936832,907.0559708260946,42.538772527638685,-43.7526381485377,61.02327845269429,14.956226856203399,-3.59668109150056,15.382614753291374,92.87253498154945,12.781290027257478,224.18878420255297,31.664481707185125,-8.217342835326964,13.003849944338718
756,12.6126,1316.1200315553128,899.5676193943807,13732.5,1268.9457364341083,866.3875968992248,-2.5286221587005357,detected,1308.2878854778203,907.589899866486,41.45715145404529,-34.71995267975126,54.075600050002365,16.12940401955986,-4.655858107546614,16.787932831167787,93.21560759497963,12.181580580057089,225.7253049201563,29.199790077052086,-7.9263232630803735,14.798921861843594
757,12.629283333333332,1316.8396235474886,898.2109982713915,13884.0,1270.858778625954,864.5229007633588,-2.5092850517670104,detected,1308.0644737789196,908.0426947132256,35.58937020967733,-33.57307543082334,48.92601215923102,17.35519960300602,-5.952820575861748,18.34772536497599,93.59507707636324,11.161003565531333,227.04685903543623,27.006721549625176,-7.468896779950494,16.758717342297665
758,12.645966666666666,1317.4786124809525,897.4003695571314,13890.5,1272.6579925650558,862.5278810408922,-2.4803825991757646,detected,1307.9154711896826,908.4426821685483,25.658931426763957,-26.72939974279234,37.05187677531817,18.616273334194283,-7.303986622326412,19.997846219844682,93.88146772992779,9.869253389689593,228.411814840826,23.949026383585124,-6.894053823258479,18.77194383420565
759,12.66265,1317.9843450060212,896.935734640102,13978.5,1272.935064935065,863.1461038961039,-2.4980536042687325,detected,1307.8008179619735,908.7844151224887,-75.87818557504988,93.61348101656358,120.5030409334147,19.820644657458708,-8.812433705477822,21.691402500776384,93.9413052691493,8.69081249481863,229.59649231433013,21.925162430204804,-6.136422131946056,20.805318211199044
760,12.679333333333334,1317.8454634642635,897.8170851349878,13760.5,1276.4564315352698,859.4771784232365,-2.3944195066815257,detected,1307.7434329746955,909.1455984257906,-153.55284636917304,183.01689888180636,180.0,21.069599801869618,-10.847597393037518,23.69806753750986,93.86009234167311,8.3895474255556,230.93066515996415,19.299626029398716,-4.85743448118823,23.19490752888104
761,12.696016666666669,1318.5688577885742,896.9880714984954,13790.5,1275.6875,860.58984375,-2.437788462908212,detected,1307.750547985957,909.3660450766314,-208.10303582870756,248.8530013836953,180.0,22.45046051850404,-12.773256084193394,25.829813171707077,93.76230414322686,9.774757512254547,231.85460422052574,15.24806543876945,-3.8212581141128172,25.54559130086088
762,12.7127,1318.4816079158936,897.5464192949908,13475.0,1277.1610486891386,859.2996254681648,-2.394806277588103,detected,1307.8071294556896,909.4805213881252,-234.48956056175757,281.64730919701196,180.0,23.817449174084455,-14.687501880852587,27.982022740683785,93.66306668200825,12.87639081492297,232.4038472377082,13.486240530984004,-2.893476973860027,27.832020905099334
763,12.729383333333333,1294.4317025626397,924.869443255836,7011.0,1278.529411764706,858.035294117647,-1.8043893831585929,detected,1307.9243375421831,909.4878903359535,-236.71464529342302,282.062915470402,180.0,25.20842285155372,-16.362061640439187,30.052980614046707,93.51916641116902,17.20348697506664,232.85300624099918,12.715901811120986,-2.180389716215391,29.97378095058562
764,12.746066666666668,1293.851708150317,925.287701317716,6830.0,1277.4355400696863,859.2717770034843,-1.8145226654183209,detected,1308.098145241247,909.4385253926071,-216.22094044208734,248.92219013181602,180.0,26.611695727052478,-18.176263263040223,32.22667987361665,93.41042059921539,22.349745168356698,233.2847480715547,11.36527529996447,-1.3391046457471028,32.19884616603997
765,12.76275,1294.0992501102778,925.6718374748812,6801.0,1278.425925925926,858.2074074074073,-1.799066861533866,detected,1308.3397206017185,909.3205523165161,-168.32446715715105,184.3860907167591,180.0,28.083020201736016,-20.034235944894004,34.49676265313596,93.48762775971724,28.057819282662,233.84048699675145,10.003611792957116,-0.3947828046654642,34.49450362135882
766,12.779433333333332,1294.742528904566,925.6249510092102,6804.0,1278.7347670250897,858.2043010752689,-1.803910944665768,detected,1308.639046920861,909.1356820626077,-88.2807974776033,90.3274055763959,126.30336258961725,29.62543728733402,-21.824194306404365,36.79622251793591,93.61613101239125,34.14580293597774,233.9629506291149,8.58686496285621,0.21895575045959248,36.79557106458322
767,12.796116666666666,1294.4659254837586,925.3889469233447,6701.0,1277.5839416058393,859.4416058394161,-1.8214064080532435,detected,1308.990212145635,908.851079215247,7.2147347838772475,-25.5681425806647,26.566563816701766,31.23261927222674,-23.82741579593506,39.283867555476824,93.87551675991462,40.46358963782666,234.12694097420095,6.156390929214631,1.0057200817575165,39.270991548895154
768,12.8128,1293.765970856653,924.5694045278073,6611.0,1277.7381818181818,859.4181818181818,-1.8120152690689024,detected,1309.4197930844066,908.5205391275292,22.06312488260619,-32.70177649395919,39.44854452887125,32.90950785666954,-25.96749842606112,41.92071900475565,94.21437488460651,46.87463170411397,234.17378566886322,4.488259650382219,1.7914671167796463,41.882422654917875
769,12.829483333333334,1322.619007186454,896.5964510730458,13544.0,1278.0647482014388,859.4208633093525,-2.44623162927855,detected,1309.9506128682146,908.1401587751271,124.56932631190375,-135.52610386804963,180.0,34.66010008497928,-28.29730653679541,44.74438618573446,94.35061780991728,53.24935389431193,234.25539582451347,1.7150796984040284,2.7194118799969793,44.66167142153411
770,12.846166666666669,1321.984605834885,896.000608317815,13425.0,1280.5750915750916,856.7655677655678,-2.383151635234777,detected,1310.5724143518544,907.647935574428,201.89144100260228,-210.1500997925782,180.0,36.45538564856857,-30.685729481408828,47.65090908463408,94.36808372624542,59.46361137387569,234.26493463993728,-0.5427609916635755,3.617077697230151,47.51342847579264
771,12.86285,1294.4679257489795,922.5194336617895,6698.0,1281.5588235294117,855.9963235294117,-1.7624684818910026,detected,1311.2691542642347,907.1079130893376,254.14821141231778,-264.1091004050031,180.0,38.222871590615235,-33.05901740451992,50.53599256356812,94.33117750784531,65.3993561943675,234.36699832185695,-3.446916378853237,4.600914200584715,50.32611780083846
772,12.879533333333333,1322.406078797418,893.7948192344766,13659.5,1276.8761467889908,860.7155963302753,-2.513277127284083,detected,1312.0164762972752,906.4771253209291,284.8968331038068,-290.57684844616506,180.0,40.06714193988741,-35.57452821818291,53.5809940293886,94.27756199682669,70.94623581805979,234.13927158947098,-5.600860175395262,5.3591272523868625,53.31231261416166
773,12.896216666666668,1296.1073963018491,922.3432533733134,6670.0,1279.4448979591837,858.5387755102041,-1.8262406634833857,detected,1312.8452700230705,905.6396143196039,286.92549383480855,-285.70589862055886,180.0,41.97552741436026,-37.42392293266765,56.236064134894406,94.17950527160055,76.00349537735735,233.81215473732584,-6.5960885764357755,5.4205106418340705,55.97421704468694
774,12.9129,1297.3967376618273,921.955044586926,6784.5,1279.559670781893,858.8189300411523,-1.846138119091301,detected,1313.7952976057168,904.7908098829756,264.95433897932435,-263.462188888348,180.0,43.64354081134727,-39.54571807299319,58.895012288481574,93.93277252979709,80.48184633060784,233.45452552886894,-8.261898094084204,5.782408130885816,58.61046176808591
775,12.929583333333332,1298.3449193906226,921.8266035596312,6761.0,1281.4015151515152,857.0681818181818,-1.8267000824309272,detected,1314.868508695803,903.9099315471615,223.20023045668222,-214.69677141408783,180.0,45.20771820471509,-42.0208921209148,61.72109169412421,93.44808088032204,84.30511116309556,232.90796935865643,-11.246302910558526,6.254072258637159,61.40341798384055
776,12.946266666666666,1324.2853009474848,893.0344968893194,13421.5,1281.7125984251968,856.996062992126,-2.439125258168695,detected,1316.006905296922,902.9578491631662,142.27005105555781,-138.5564118498114,180.0,46.8454076312045,-44.37084115499808,64.52335825835311,92.77484662847455,87.41153904387991,232.03166074357654,-14.152699597122982,6.159279911697382,64.22870878279545
777,12.96295,1325.427910679759,893.8128293589111,13188.5,1283.0851851851853,855.8222222222222,-2.410317328851406,detected,1317.1428310840247,901.8042333930007,52.144596569669375,-38.00749532764348,64.52618578913848,48.484695817555895,-46.64547238774794,67.279757897878,92.05424492816799,89.75474300708082,230.60214634925092,-14.568773284281,5.272319317707961,67.07285942770892
778,12.979633333333334,1326.116738219166,893.0336866633739,13160.5,1281.267657992565,858.1635687732341,-2.4807231684211914,detected,1318.4061277317853,900.5373347645857,51.48242457527931,-35.329914447218925,62.439113502652575,49.772584669172005,-48.70722048561778,69.63981269420877,93.62377475757773,91.30424759319898,229.8291288461083,-17.197122428336986,5.1115937992022324,69.4519626858481
779,12.996316666666669,1327.303517195317,892.5195392738775,13225.5,1282.3837209302326,857.2519379844962,-2.475988614151164,detected,1319.78730465717,899.2091847411297,48.91392608096385,-33.32250900712188,59.185824072861514,51.207488562283054,-50.686623856853586,72.05095920848319,96.10141482651102,92.04566140697067,228.65246150896473,-19.570765273008305,4.222337976623194,71.92713385693659
780,13.013,1327.348064068609,891.6939714970362,13215.0,1279.81589958159,860.6652719665271,-2.563255973074599,detected,1321.2633961505032,897.74057573881,41.91705265780047,-50.57724688851067,65.68939949746975,52.66902705143765,-52.79202863755521,74.57227834935394,98.52951118461931,91.98050380632125,227.6688233362088,-23.272877717160394,3.5591810204141083,74.4872937397879
781,13.029683333333333,1328.420736705381,890.9618910705053,13216.5,1282.3976377952756,857.740157480315,-2.5163528578276573,detected,1322.7966989565211,896.1756069048952,40.13321066997332,-60.17865649947089,72.3335696392883,53.98817795683463,-54.64994505421674,76.82017868716366,101.09939689788456,91.12572137270104,226.65189006920872,-26.8117969513939,2.682194102983047,76.77333969759084
782,13.046366666666668,1328.7782918104483,890.2910773197831,13185.5,1279.569721115538,861.5418326693227,-2.612847611545228,detected,1324.9275330138767,893.7362794293862,40.06816770878095,-59.24156848992425,71.51937849761687,52.50940542379501,-52.57331882060078,74.30472064258777,103.77437624157373,89.51293113497742,224.50181029025086,-24.736836672479182,-0.6008831673773045,74.30229100904072
783,13.06305,1329.4728134175075,889.2918257538527,13226.5,1283.2456896551723,857.1896551724137,-2.534604970541142,detected,1327.0297751302346,891.3605832490616,39.71046063007225,-51.22406224513588,64.81377350799808,51.04651962272305,-50.68826056726885,71.93779899974973,106.69168487881214,87.18742661067051,222.44563800048044,-22.386908645514502,-3.4591264413660454,71.85458488635945
784,13.079733333333332,1330.1312951383838,885.5289976249334,13754.0,1281.57476635514,859.1448598130842,-2.6438542695138643,detected,1329.0852031831414,889.0575429826223,41.75568044837473,-44.63842135459754,61.12385386031687,49.66282638039156,-48.974303665845625,69.74868273769316,105.50733151701394,84.20698126572206,220.4533490757355,-20.429525009281498,-6.014224217115935,69.48890451510681
785,13.096416666666666,1331.0181339572976,886.3462025933509,13676.0,1281.5210526315789,860.0842105263158,-2.653784045846071,detected,1331.0754227225884,886.853930084682,41.12879422060814,-38.614761366670336,56.415224092845946,48.2618599967279,-47.164144158149206,67.48083894346931,105.20010333586674,80.64048256131454,218.68666469887444,-17.503160051162446,-8.191578173988624,66.9818010472537
786,13.1131,1331.703209930953,886.3384750991627,13614.0,1288.8082191780825,850.7671232876712,-2.4492596546153296,detected,1333.0076574443635,884.7040710525614,43.186809123548755,-31.395455132338157,53.39265010505184,47.086927862958305,-45.557377997650406,65.51834449673038,105.20010333586674,76.56642840634089,217.0886645100677,-15.867169602439288,-10.088010492429493,64.73704897426876
787,13.129783333333334,1332.337761050845,887.2156913388926,13551.0,1291.3707317073172,847.9365853658537,-2.3772257148530818,detected,1334.8693572055333,882.6428773497403,45.01871068218179,-24.820913635400302,51.4078015984149,45.98408537728776,-43.92671423642303,63.5931783416591,105.20010333586674,72.0713165021425,215.55754995750308,-13.603186966020067,-11.865237083060592,62.47646341268705
788,13.146466666666669,1333.0108760958865,886.0455520814174,13592.5,1290.729257641921,848.6681222707423,-2.41768162595701,detected,1335.1389638825544,882.4344086732682,46.138868884006115,-23.361965727269762,51.71630946362699,45.074660379200594,-42.72884550392849,62.10860847256897,105.20010333586674,67.24795573697511,216.35994272837166,-12.181505423648407,-10.966953081430766,61.1326850915986
789,13.16315,1333.7133370226895,885.3183791428396,13552.5,1289.7551867219918,850.3734439834025,-2.4699329483520205,detected,1335.366826043088,882.2730396501402,45.09041384744296,-41.252709351545036,61.11408552679756,43.63068316951195,-41.021531745407195,59.88658097251657,105.20010333586674,62.193727502004535,217.04383524159272,-9.71050299385608,-10.11248234946504,59.026606554244175
790,13.179833333333333,1334.6357116451018,884.9387923598274,13525.0,1294.0229357798166,845.0733944954129,-2.365480939945692,detected,1335.5200835262801,882.1824405784778,43.69485061070145,-52.13988140135007,68.02798837565585,41.98535487201396,-38.8318744944195,57.18989858776892,105.20010333586674,57.00882359555696,217.72792407086288,-6.144326711540874,-9.445570980845261,56.40448288323462
791,13.196516666666668,1335.6859265776995,884.1101823336755,13638.0,1291.7396694214876,848.2231404958677,-2.4568041909241347,detected,1335.6220023985502,882.2084064542212,41.456049616737346,-62.15140738939408,74.7087778665119,40.099811123710715,-36.442116100449724,54.185078001567284,106.10619123814153,51.794486177229174,218.7564403964831,-3.4850626926902355,-8.45722859175331,53.52100487269237
792,13.2132,1336.3665693075332,882.5338444687842,13695.0,1294.906882591093,844.6761133603238,-2.401575224102542,detected,1335.620344244695,882.3581901751803,41.41387630444751,-65.13211848881929,77.18356048668443,37.89710798579812,-33.904720774565654,50.849984114928766,105.80458178468105,46.651273506539965,219.8221632575262,-0.4946034533720756,-7.393522730683102,50.30960848704132
793,13.229883333333332,1336.7242101233417,880.7056191604158,13931.5,1292.7836734693878,847.9428571428572,-2.5009032895307124,detected,1335.4870219225431,882.6020607904122,41.192715568134645,-50.062927801743626,64.83160152240447,35.311156300787516,-31.218510785342154,47.132506563444835,105.29629793218054,41.677371245815294,221.06958759316095,2.627431747024612,-6.1117259391797525,46.73456944273187
794,13.246566666666666,1337.1770264319805,880.2309138729217,14004.5,1293.718253968254,846.3849206349206,-2.479908562422608,detected,1335.2871377091255,882.9255525124514,33.90450277853188,-44.15624306976997,55.67125928785951,32.46196799462189,-28.68655451634456,43.32086998322014,101.86742637553223,36.96695878732127,221.31032967265156,-0.038393307332925515,-5.446590310513553,42.97711519044158
795,13.26325,1337.6493841238166,878.9308817066362,14031.5,1291.4583333333333,849.5791666666667,-2.5755199858819653,detected,1335.0080515234717,883.3160281001228,23.42603569179164,-44.60526512358683,50.38262423672042,29.497989943427374,-25.65849784191851,39.09590671932651,98.38397927739867,32.608615379167674,220.51083446334056,3.4790361257436397,-5.759274017341497,38.66937657888286
796,13.279933333333334,1338.8924453992122,877.7419262441819,13965.0,1296.3798076923076,843.875,-2.4689087660997657,detected,1334.5428340541907,883.854415913807,18.06119250189795,-42.79271019872158,46.4480647685389,25.97120907051629,-22.34800083368305,34.26276173700489,95.27656561840037,28.683700205248947,221.0116222437662,12.51275546452547,-4.932234980206671,33.90589771627927
797,13.296616666666669,1339.64493103235,881.3531514814127,13472.5,1297.924623115578,842.4572864321608,-2.3912158506326318,detected,1334.048798197283,884.5140011782979,19.866946006813123,-34.465089461015395,39.781125363586966,22.745936100350928,-18.836236708603586,29.53271782995586,92.49518062011951,25.26455791063316,220.4778306894825,14.765607793681326,-5.074245800603277,29.093529383332864
798,13.3133,1338.656837063094,878.7960980964499,13361.0,1296.803571428571,843.1919642857142,-2.436698432544934,detected,1334.2205194911955,884.4720491415824,12.572677311886764,-27.236448585434573,29.9982723891869,22.801672070183933,-18.879399939066563,29.603175357644197,90.08577026430267,22.412319498605157,221.36447402052426,22.829685995982295,-4.6367450831587576,29.237793799964386
799,13.329983333333333,1337.9413818589596,876.0494940999566,13079.0,1296.5109170305675,844.2052401746726,-2.486281312543723,detected,1334.4055986754681,884.4414152413826,5.531730301690459,-21.491857227102628,22.192340282196554,22.76646951065881,-19.02556054853752,29.66958186705408,87.94987548405588,20.17412953317405,223.5647149455569,25.343408106723505,-3.3845913085962884,29.475899135388538
800,13.346666666666668,1338.7347164065477,875.4288922725542,13135.0,1299.0990566037735,840.5613207547169,-2.420105738672366,detected,1334.4720636306367,884.44927305996,-0.7059223223782283,-18.8727731298286,18.885970770262574,23.18428394285742,-19.96873463952678,30.598388602128594,85.97870651019025,18.580106921914172,225.98512677995967,27.88010589667127,-1.748781324578994,30.54837391622796
801,13.36335,1340.4405540687878,876.8593889384479,13452.0,1309.810055865922,827.9832402234637,-2.1306144742302098,detected,1334.5775557362354,884.3468744653791,-1.8187308262945407,-17.758875813721716,17.851763273853486,23.915283570142883,-20.612197921437094,31.57219490933188,84.09552150335907,17.64132494680627,227.2513207487435,25.722600970985425,-1.096984070375461,31.55313165665469
802,13.380033333333332,1342.77300323554,877.4510367058082,13753.5,1298.4109589041095,841.3744292237443,-2.4588356945849337,detected,1334.734143695849,884.2830901233983,-74.41095257060033,110.75520898664763,133.43052941564807,24.7229007402043,-21.179631693368172,32.55454837156737,84.54675538637525,17.350717575562978,228.4017090145919,24.28390823612556,-0.5751228334155947,32.549467789861076
803,13.396716666666666,1342.3530470526712,876.5436657059117,13704.5,1302.6238532110092,836.7889908256881,-2.355873908946131,detected,1334.9442118711684,884.1844951595995,-133.90375847300538,202.37459400421858,180.0,25.46457605365987,-21.768235563628718,33.50075690407991,84.81567937282809,17.687465630080084,228.47990419360693,26.906377717992825,-0.5816423080959296,33.495707267823
804,13.4134,1342.666750053606,874.151502156148,13991.0,1298.0,842.2471042471043,-2.5213494466672994,detected,1335.1715353868922,884.0567359972971,-177.39179540152236,253.00667668602,180.0,26.48873914919479,-22.32685719889225,34.64306357835304,84.84668860830425,18.62242924583116,229.5453447871625,24.733343708548926,-0.19816798045009065,34.64249678567259
805,13.430083333333334,1343.426348903251,875.9976743047395,13616.0,1296.4022556390978,844.0639097744361,-2.54503600525736,detected,1335.430738866292,883.925423371867,-198.15885299084493,272.5974501990986,180.0,27.395683055473388,-23.0898448596801,35.82826238767444,84.79044949210079,20.12110365456858,230.30306452483993,22.046131394770864,0.26775194549390946,35.82726189113161
806,13.446766666666669,1319.8669360658105,904.7462115745418,6929.0,1298.5217391304348,841.9347826086956,-1.898382284744148,detected,1335.7258827876624,883.7476242753188,-187.87325583446955,269.55675632203474,180.0,28.478260097833697,-23.83786726089188,37.13832540311649,84.55385121376234,22.143119786110848,231.15561128203694,19.104454935297987,0.7044018830825998,37.1316446139257
807,13.46345,1319.4356868783143,904.5578854754748,6819.5,1299.7653429602888,840.8664259927798,-1.8703415401509595,detected,1336.0635673657953,883.5359611169508,-163.52523162774787,241.88683548499375,180.0,29.501021359689826,-24.61761656239698,38.42313504229031,84.33662010917354,24.640262053203617,231.67300883937264,15.449087732229353,1.0171152301909423,38.40967043709944
808,13.480133333333333,1319.5299157781997,904.174504649238,6847.0,1299.7815699658704,840.8703071672355,-1.8731887068729385,detected,1336.4163970935383,883.2605078525813,-15.787211060147456,60.44196107926882,62.46972620530275,30.708217732711216,-25.38683200213401,39.84326637493687,84.13424221471212,27.55529902747457,232.1913470958673,12.42464937761176,1.2322349972661932,39.82420711496574
809,13.496816666666668,1319.621311839089,904.2134141832432,6761.5,1301.5851851851853,838.8148148148148,-1.8398946708950072,detected,1336.8310785907538,882.84147201062,119.78962588781405,-113.391220013169,164.94581912378789,31.873525411027188,-26.646116786359922,41.54439988638334,83.99836857188664,30.822476878141153,232.29554916251368,8.832122840560219,1.5882871303670214,41.5140278208612
810,13.5135,1320.481598240469,903.9578934506352,6820.0,1298.008849557522,843.1946902654868,-1.9250367445035903,detected,1337.3216154282263,882.4369409626918,249.61124232540078,-278.03903293489157,180.0,32.99195904716319,-27.842146508107515,43.170064673898935,83.73499542519517,34.36932949293806,232.24406140138188,5.005032736968509,1.8117769806548907,43.13202926041141
811,13.530183333333332,1321.1432822496652,903.8294896592768,6721.0,1301.1376811594205,839.8333333333334,-1.8737780270711883,detected,1337.8384603207812,881.9906589600843,276.2064791084831,-306.08685291705024,180.0,34.25558524091306,-28.921905802100525,44.83215091229771,83.3121460860454,38.11912998485015,232.43574671847813,2.861909274078128,2.0415888263948077,44.78564134281183
812,13.546866666666666,1347.6238011781315,872.6814419940606,13694.0,1299.5055350553505,841.5424354243543,-2.567234241155122,detected,1338.4162158542574,881.5365148226499,274.51623352503566,-307.5726130604462,180.0,35.49066398735169,-29.74381105458558,46.30638753254231,82.68763570973756,41.99345957723258,232.68719917547548,1.3055479745359913,2.1431477465109587,46.256766467735446
813,13.56355,1346.802733126874,873.5417834144423,13562.0,1302.9192307692308,838.2076923076922,-2.4637015238870243,detected,1339.03382651692,881.0406736532991,246.4796047523355,-280.39373384180817,180.0,36.817573154842464,-30.745385992988727,47.96678489194417,81.9009145672442,45.91459848500217,232.7700085189348,-0.43515604273356107,2.204666264084132,47.91609228155039
814,13.580233333333334,1347.3794919339884,874.2714630076025,13482.5,1306.0536398467434,834.6015325670498,-2.376636184058566,detected,1339.767445890652,880.4480806853211,188.30471250453593,-225.54031364940147,180.0,37.858586194840036,-31.527134410676105,49.26695396329034,80.88815253488409,49.807602817804096,232.78834248587287,-3.202066078058359,2.213024294890211,49.21722540220238
815,13.596916666666669,1347.2929839008032,869.5314763763083,13965.5,1303.6953125,837.19921875,-2.503485933708112,detected,1340.5723410478117,879.8129314706114,106.64608314306588,-133.2879327738251,170.70166980108147,38.8760182926289,-32.22582556869458,50.49602590177515,79.80554181506577,53.60201949137585,232.79308721093997,-4.4974382535808495,2.158341140436537,50.44987805133175
816,13.6136,1347.610108303249,872.623246120064,13434.5,1303.3719008264463,837.8223140495868,-2.475031918393912,detected,1341.4519748381706,879.1234381425122,1.4619262267115118,-11.696694279813528,11.78770059713808,39.89505881960497,-32.91244046312767,51.718898436245375,78.69962734279936,57.23323705618362,232.65096867203795,-7.005194580955611,1.9608043823750592,51.68171535110578
817,13.630283333333333,1347.9427385483257,872.2921454876891,13531.5,1303.0711111111111,838.52,-2.496404599569777,detected,1342.3843749371424,878.3591169424319,3.2090851212142297,-14.184147046141334,14.542635756346181,40.916959278178325,-33.72999873382201,53.027449223545894,77.66306526034771,60.643495272752716,231.70278245427303,-4.708957109985308,1.1136071837755388,53.015754735700796
818,13.646966666666668,1347.3895911879945,871.1984795840417,13527.0,1301.3702290076335,840.4427480916031,-2.552445236029639,detected,1343.3375574844003,877.5303936924183,-0.012498110864271439,-11.985287207796318,11.985293724233095,42.00709307968141,-34.85648912397096,54.585444058416556,77.45185365366038,63.78258953288938,230.70409130476384,-3.685223083132413,0.3707612622440912,54.58418488116263
819,13.66365,1322.480984507746,900.4400799600201,6670.0,1302.4920634920636,839.4285714285714,-1.887400991491871,detected,1344.3148341431643,876.6637819342675,-0.9394423044659561,-9.263578463765953,9.3110921914547,43.18952826833513,-36.05605056553339,56.26165776464128,77.75112587402862,66.6083111687459,229.48944645524878,-1.0679727856245524,-0.6424812969040978,56.25798923005291
820,13.680333333333332,1322.7575942139322,900.1282578353,6567.5,1304.3636363636365,837.7190082644628,-1.8574124491152355,detected,1345.354150754933,875.7056016468167,14.18330075359745,-23.83611147316651,27.736730709083545,44.28435388077998,-37.331963244025566,57.920458201670236,78.30356891794155,69.08666347099489,228.24721230403856,0.20589824043178007,-1.639169798735118,57.89725900819782
821,13.697016666666666,1323.987314793416,900.1335284903577,6490.5,1303.9908256880733,838.7064220183486,-1.8855093305526984,detected,1346.4626271687412,874.6562603725628,32.2208499393455,-29.53925494674604,43.71213508423812,45.49409740235702,-38.67519404591243,59.711669989576805,78.94144906171279,71.19188850353389,227.45376393851078,1.1393682376069703,-2.269174185851643,59.668537617897016
822,13.7137,1325.119886744654,898.5457864540645,6710.5,1305.2753623188405,837.286231884058,-1.8840707347675476,detected,1347.588393858187,873.8031883470559,48.724523333747584,-38.240649027894506,61.938892564975056,46.96134666511331,-40.038554811050936,61.71267253942645,79.6240951413807,72.9063339977422,227.76485080000597,-2.2918666763444526,-1.9219988466247386,61.682735610477366
823,13.730383333333334,1351.1262084592145,870.3090005035247,13240.0,1305.1509433962265,837.7698113207547,-2.525681431653015,detected,1348.7190083581088,872.8206682287049,56.98356766167808,-49.2865374011094,75.34115576790683,48.221310256655705,-41.692716178631386,63.74619475090698,80.43689147743423,74.22018422570471,227.87871352797697,-6.229829605856732,-1.4175390129466798,63.73043172902044
824,13.747066666666669,1351.516689294145,867.014444892917,13626.5,1305.7665369649806,837.6848249027237,-2.5715119231446204,detected,1349.8863492647752,871.6914325910411,66.45553041360245,-50.41174845265505,83.41272028058435,49.13772726180742,-43.68827230996931,65.75090400812603,81.30773947682657,75.13107447079979,227.51984140639524,-9.410120503147095,-0.9638274107571831,65.74383936619519
825,13.76375,1352.9056411023073,868.7503488314147,13378.0,1307.6848249027237,836.5447470817121,-2.522735347054097,detected,1351.106244702657,870.47216079032,69.3869076608662,-53.674442320525486,87.72393466527245,50.050625233605544,-45.71007524095562,67.7825646077858,81.94709338274788,75.64360577805911,227.13349385270402,-11.895094587837713,-0.5462912660189403,67.78036316412982
826,13.780433333333333,1353.4298836950886,867.4456873348643,13499.0,1310.3551020408163,833.261224489796,-2.4707618488076246,detected,1352.4133031816225,869.2420781034746,70.25773585183242,-50.69279034506053,86.63664605693205,51.08224555829185,-47.50355712038113,69.75660363268084,82.2961196911854,75.76877503218813,227.31670918831637,-12.424010976679398,0.2894816450617341,69.75600297282028
827,13.797116666666668,1331.0070615147447,897.1737779103884,6703.0,1308.857142857143,835.7857142857142,-1.9170758732236717,detected,1353.6586271769327,867.9653380085007,62.42896860166729,-42.6668740401592,75.61638883884083,51.924879235886806,-49.09151042611331,71.45746622697044,80.36590615240895,75.52333483191939,227.00702753433714,-16.55855548898628,0.4993396890081172,71.45572153056466
828,13.8138,1355.256114028507,866.670130032508,13330.0,1311.9233576642337,832.1350364963504,-2.46869937019236,detected,1354.9185302951046,866.6067477565462,51.6325031513943,-31.92515037964222,60.70527661119346,52.676500155798706,-50.62990112888795,73.06299033700188,77.68602875707744,74.92909774834789,226.62038229733162,-19.172135540445012,0.6190287862951394,73.06036791822615
829,13.830483333333332,1355.5758623253048,865.0608211913966,13452.0,1313.8530805687203,829.7061611374407,-2.438627053451506,detected,1356.2193331310568,865.1869260023201,50.9257395059617,-36.97590414016349,62.93368280350061,53.17282625047307,-52.02401320679589,74.38983399365716,75.18736808631034,74.01219995873024,224.79873588257237,-17.814188030757876,-1.073623134233884,74.38208611600987
830,13.847166666666666,1356.8311307985728,864.8156392272671,13545.0,1312.3063829787234,832.4170212765957,-2.5125469351579994,detected,1357.5089554423118,863.7576186308104,49.344696504630974,-35.4186304497498,60.740254000704375,53.6373459355126,-53.31991664464231,75.6305387393046,72.75626076515815,72.8023395294469,223.92651969079844,-21.886658456026115,-1.6413239352918296,75.61272674448986
831,13.86385,1357.2349568802526,864.2088410729316,13663.5,1313.125,831.0324074074074,-2.4967295671327365,detected,1358.203151638837,863.2742002957235,49.90457292482051,-34.86123701302631,60.87505437276524,50.87978051322224,-50.67318495981138,71.8089391304796,70.36269956419746,71.33200452268571,224.25451738962883,-20.91701917714338,-1.0803596166935279,71.80081170950326
832,13.880533333333334,1358.9536310860733,864.234728819176,13579.5,1314.0226244343892,830.5565610859728,-2.4983777302958474,detected,1358.72340658848,862.9373521129248,44.67097156634736,-31.90945142494911,54.897256679387915,47.96148978896054,-47.90685106413336,67.78916492816253,67.79518932564395,69.63570563279742,224.67712988830934,-19.429522804836264,-0.42063459147642135,67.78785988802181
833,13.897216666666669,1359.2107188295165,863.7717630651791,13624.0,1316.1912350597609,828.1952191235059,-2.4506115996620683,detected,1359.1177856631143,862.7504684443475,45.485534222867955,-29.96024488921057,54.46604536186889,44.75394429869973,-45.069923803944256,63.51545923619272,67.41449602330287,67.74922744034569,225.04294516041543,-17.083904411729264,0.2710379137138972,63.514880936940976
834,13.9139,1359.1792478255545,862.4448732083792,13605.0,1316.5616438356165,827.8767123287671,-2.460105502342853,detected,1359.3837885093853,862.6906720768984,35.200471645319794,-25.574238336274902,43.50993990496374,41.20572476396935,-41.87719306055794,58.75041320667659,64.75080063358023,65.70891182159097,225.66587756585213,-14.699365349499091,1.1575130183095652,58.7390093172134
835,13.930583333333333,1360.6281118863908,862.2491108896027,13543.5,1317.2093023255811,827.3720930232558,-2.464861117052434,detected,1359.4913133785715,862.7652446452571,26.138277780219596,-19.60401710267388,32.673032486713744,37.660056322124774,-38.38615016684139,53.77523934690488,61.66510166232073,63.5509866431895,226.12116061100707,-12.233443382778386,1.5654833548431597,53.75244765294522
836,13.947266666666668,1360.977849670286,862.088217065794,13446.0,1317.673267326733,827.7227722772277,-2.470781537446441,detected,1359.4667715224516,862.9462817677643,15.300011086380891,-14.100790840650916,20.80679315933051,33.908669706007736,-34.34103720812723,48.260798975577536,58.525189003620774,61.31095253881369,227.08124870071646,-10.700473350559848,2.05816391236635,48.216892051136384
837,13.96395,1362.09560780562,861.0361580257816,13588.5,1319.234693877551,825.8673469387755,-2.454456149215088,detected,1360.146298578284,862.2483718396462,11.05431238393021,-7.153416552931958,13.166973481452514,34.06201903038784,-34.71984145138006,48.63834424438677,55.54979349815789,59.023040131563256,226.6596760058255,-14.392489627792274,1.8735918345305507,48.60224464438914
838,13.980633333333332,1363.4468330134357,859.2844785668585,13025.0,1318.5575221238937,827.3716814159292,-2.5235740600007635,detected,1360.7804711771776,861.5938041635418,10.537134103141852,-4.578218888688298,11.488745941152034,34.05328635987504,-34.96187352180411,48.80531643235477,52.819522888195515,56.719749283804305,226.1587565769073,-16.48450747960452,1.6292284083603619,48.778115245011975
839,13.997316666666666,1363.3098567300003,859.9319928672446,13552.5,1320.3287671232877,825.0365296803653,-2.4596500052240136,detected,1361.4377539074658,860.9196148787973,11.832892772260948,-9.186127544113333,14.980063104558106,33.93721804550829,-34.733059273331264,48.56047956057596,50.05007809431034,54.43148056323946,225.63772433680185,-17.24119656220605,1.1031594650078134,48.54794758120965
840,14.014,1363.867050671393,860.2132949328607,13541.5,1318.3768844221106,827.1155778894472,-2.512595683972229,detected,1362.0840856966224,860.233519298914,16.239249129716427,-12.542522284585175,20.518968725457707,33.65591578327624,-34.46008785417329,48.168644595092395,47.4605321978462,52.18626690443408,224.718418266158,-18.42792314638316,0.3319199357653808,48.16750098650091
841,14.030683333333334,1343.9883749568987,888.9980542830402,6767.0,1316.8099547511313,829.8099547511313,-2.0012640470684238,detected,1362.6755012671636,859.5308718685944,21.940029608766963,-14.668801534196064,26.392018446553188,33.54024197133134,-34.17630010719643,47.884938347173545,48.12471062530722,50.00961027505446,223.7668047795454,-19.202185304898236,-0.5808608231618635,47.881415196469774
842,14.047366666666669,1344.1277400413028,888.4586847801747,6698.5,1315.798206278027,831.5112107623319,-2.0324161126507163,detected,1363.222623035553,858.7601605239993,38.37362901346751,-38.675292974138756,54.48223279472586,33.565329906440326,-33.416078409898326,47.36312561502513,48.57407402347839,47.92442389271687,222.95578121263543,-21.340270112893567,-1.794944998478865,47.32910141210253
843,14.06405,1344.2200520833333,889.3758680555555,6528.0,1324.6266666666666,819.8,-1.8452990248965813,detected,1363.7958522958859,857.9868223486463,46.53641049875614,-52.73953788186736,70.33559808590287,33.08381886321981,-32.695354332177594,46.513710510783625,49.155786640175144,45.95107503485167,220.86968876915964,-18.23550801242004,-3.62406924755021,46.37231272612941
844,14.080733333333333,1340.086076931604,884.9858663119388,6014.0,1320.878661087866,824.6485355648535,-1.8789871726885303,detected,1364.3174874098763,857.2943646789894,47.021576249539976,-61.54539230783257,77.45233338845459,32.585042443719615,-31.63572821315871,45.41590349905917,50.03473330000804,44.107516675021074,220.30550874206472,-10.124078455192704,-4.385568101100244,45.203662274935944
845,14.097416666666668,1340.765381733411,885.0598062886797,6005.5,1315.755364806867,830.62660944206,-2.001491412752278,detected,1364.795485289681,856.6376529862112,43.28326766389455,-64.5329386104363,77.70419181332934,32.02269583057808,-30.49697213913493,44.22124328773327,50.7156854997187,42.40948824310593,221.0439496828834,-6.558742699042623,-4.1262499642361625,44.02831383491237
846,14.1141,1365.8780438745364,855.5841096234835,13257.5,1319.4066390041494,826.4688796680498,-2.581901586206069,detected,1365.226847763344,856.144981849763,36.19492224232408,-63.66062536463596,73.23078326731469,31.463909237573304,-29.835589089516628,43.36058072522477,51.371016704534675,40.87075726568179,220.89413535727948,2.2252093481126174,-4.251943977613557,43.151604063348216
847,14.130783333333332,1366.5882485366951,855.1929561258692,13326.0,1319.0381355932204,826.7627118644068,-2.602718210034272,detected,1365.6030124798951,855.7528073571788,35.326222594255796,-60.22980590721454,69.8252928558101,30.802998343771637,-29.391726295043853,42.57579455006295,51.87484697963386,39.50336545835005,222.1613725651006,5.440010354680808,-3.10460290953948,42.46245073406915
848,14.147466666666666,1366.1569574403863,854.7448309689104,13252.0,1323.953307392996,821.0544747081713,-2.4679009886333887,detected,1365.9061844191851,855.3176579408738,36.80899565398158,-53.40807389411066,64.86389225242053,30.178735275716193,-28.797929584076208,41.714227922510666,52.069331846497604,38.317836645056076,222.37150156551706,2.9933645750721465,-2.8878344415582724,41.61414691435256
849,14.16415,1366.4822433192685,854.3247940526421,13272.0,1324.7536764705883,820.0110294117646,-2.453396078954634,detected,1366.314509383931,854.77516669816,30.811237515876655,-39.65028106436375,50.2143121604071,30.01613075787979,-28.722026645867984,41.54422848387111,51.95668479512702,37.32330214717539,222.36544163480215,0.28607150561450895,-2.823241206502921,41.44818728738316
850,14.180833333333334,1366.6702563910806,853.5107629410811,13371.5,1322.797619047619,822.3333333333334,-2.5237647397529472,detected,1366.71583176871,854.3131881505336,26.602777331156176,-22.673288613751083,34.95405238729168,30.129161077084614,-28.33343004015141,41.35879114588656,51.546853843396434,36.52750499028598,222.32455670600038,-1.923106060058623,-3.1980386105742724,41.234962763343695
851,14.197516666666669,1368.2526283133984,853.3217400296439,14505.5,1319.9122807017543,825.9868421052631,-2.626951770750756,detected,1367.1561636483057,853.9132444572447,22.844747332723273,-31.423639966125847,38.85006601560245,30.045158935329923,-28.461208787254467,41.38540782789178,51.053600572332535,35.93665973578994,222.31383387309413,-3.7930606466135157,-3.0576191694433703,41.272302408462494
852,14.2142,1368.86252891845,853.2702911123963,13832.0,1322.4883720930234,822.8062015503876,-2.560368454405551,detected,1367.563621392716,853.4999868982517,25.633024229151033,-41.39173115122139,48.68600762875547,29.93649360807585,-28.516064502452807,41.34440209090482,50.81249581714498,35.55516992228349,223.22917211949493,-0.4143682347089548,-2.2811571067863667,41.28142326166303
853,14.230883333333333,1345.3784356725146,882.1683235867447,6840.0,1323.2016806722688,822.0714285714286,-1.9243110313421052,detected,1368.0028488912826,853.0935347268071,23.215769348962567,-52.67665024167445,57.56562713241237,30.05570296548909,-28.56192970448793,41.462381856253984,50.97480825507988,35.38523617862903,223.18602715370173,-1.4913527825812096,-2.3677733084010057,41.394718971794504
854,14.247566666666668,1369.3971808529914,852.3401456680074,13798.5,1324.8137651821862,820.4331983805669,-2.5204281220693345,detected,1368.406945608643,852.6561538969963,17.514316685170797,-58.30184032633406,60.87574126354278,30.3144268236244,-28.81542905858195,41.824555293213194,51.04332413144239,35.426417329029135,223.21876405113346,-2.637896703027219,-2.3590721663300904,41.75797174180152
855,14.26425,1368.378692161301,849.720065763544,14800.5,1323.3306772908368,822.2191235059761,-2.593502398391266,detected,1368.8297005803142,852.1627343052717,14.563769489171136,-61.00107132771518,62.71550115292636,30.75964400985132,-28.74041935509467,42.09711871754981,51.51043253301815,35.67522462028836,223.09934328294713,-4.61393131674459,-2.8224383347402586,42.00239571936429
856,14.280933333333332,1369.7543133439472,848.4382569726988,14132.5,1324.899613899614,820.8455598455598,-2.590102543189732,detected,1369.210465355293,851.6029746482072,15.533446276765062,-51.91805781896073,54.191998310877004,31.472564696437882,-28.341195120088834,42.352634739841335,52.19908883751563,36.124827976633775,222.92935657083825,-6.451000941205162,-3.7409459454467004,42.187095098378855
857,14.297616666666666,1369.7822577863622,846.9802021177526,14496.5,1328.376,817.012,-2.515097579650062,detected,1369.6518660796776,851.0930416141437,21.46126697612135,-38.19992608103121,43.815754390591124,32.39016566358489,-27.969589990740932,42.79510247638892,53.09755346164178,36.76493161358733,222.67800282278492,-8.281268560868543,-4.852481997421307,42.51910411132073
858,14.3143,1369.460104207036,846.9804396503466,15482.0,1326.4600760456274,819.4372623574145,-2.571897470707131,detected,1370.1781199343382,850.7206487198861,25.120451867927386,-23.53775622592684,34.42474502737841,32.94836762118735,-28.253358580803525,43.40330862960071,54.08378946565509,37.58184105594675,222.56221299021422,-10.314868471822525,-5.157601065734887,43.09578113044363
859,14.330983333333334,1370.6579678709415,846.8941119320364,14753.0,1329.358422939068,816.3010752688172,-2.5040316424232643,detected,1370.5766199415407,850.3068212136567,28.711078586016356,-2.2709448491500552,28.800750408284298,34.11357460830925,-28.644099140531473,44.5445887637239,55.347029077403,38.5587065477803,223.21280046522176,-16.995101056270954,-5.2496082530507415,44.23417232546325
860,14.347666666666669,1370.593780306459,844.8575030710545,15467.0,1324.0080971659918,822.4048582995952,-2.6924772796222056,detected,1371.044317311351,849.9025859464217,24.38235216333169,9.435267100324836,26.144279723702425,35.43011192236256,-29.06626928866316,45.82729362718489,56.651455482495074,39.67590058864871,223.45974468998565,-22.832812321476002,-5.7241426333568235,45.468395972424716
861,14.36435,1371.7377037587073,848.4247374562427,14140.5,1324.7205240174671,821.7467248908297,-2.625481254579308,detected,1371.5615999035733,849.478605098775,30.416474520877273,15.648084010460025,34.20562023231842,36.67371803807459,-29.353379847361843,46.97427490871686,57.55965970410714,40.91147602022913,223.44745267992417,-28.46241248862323,-6.439319051289683,46.53082498038697
862,14.381033333333331,1372.4935667366426,847.4495948172728,14767.0,1328.607438016529,817.6776859504132,-2.545517780979236,detected,1372.1645590575533,849.0932053344484,39.13238026050294,24.589507553285785,46.21674011184366,37.89119394679083,-30.08335811326975,48.38130851976361,58.00948035943986,42.24165493093821,223.40557181402403,-34.638584267705504,-6.856224733898543,47.89303912347627
863,14.397716666666668,1372.2320178157356,848.8099157425902,14519.0,1330.2568093385214,816.1828793774318,-2.480851600016061,detected,1372.764686685481,848.7219648628873,33.39066904543142,29.108514224138162,44.29720509962661,38.694069773191885,-30.457261699366423,49.2430281952312,58.10938867917997,43.641312105163884,222.85501691844988,-40.51767171716438,-7.650366165337143,48.645120242143506
864,14.4144,1374.0691282515952,852.1104567020299,13243.5,1332.2608695652175,814.1343873517786,-2.4041894595535007,detected,1373.3941838580026,848.338827135891,33.0420509671053,28.77294788981453,43.81392087433818,39.297761938662035,-30.653142184404814,49.839033088183925,58.101662838724195,45.08443316073804,221.31374785423262,-40.98977233562062,-9.280124864765163,48.96742286111717
865,14.431083333333332,1375.073677589947,852.4113365936308,12984.5,1333.610108303249,812.9277978339351,-2.3806504073005783,detected,1374.0578736770578,847.8683366993758,31.120660708397736,31.5732486060906,44.332443542728534,39.63240673078877,-30.230322787281473,49.8457629001493,57.995224863953226,46.54454181287655,219.83571808406379,-42.87739467601163,-11.067906350799277,48.601456028681255
866,14.447766666666666,1375.7840183879707,851.408233496411,12979.5,1329.6898954703834,818.1533101045296,-2.516610761280055,detected,1374.7301443214735,847.4126464548913,33.37830803839506,14.920710878429418,36.56144226673327,39.89412032457424,-29.66850179695805,49.71680636714019,57.80126007353369,47.99510026930209,219.19225507671945,-39.80545371644236,-12.17088224068981,48.204050253386086
867,14.46445,1351.0480576488796,878.6335287102586,6568.5,1333.4022988505749,813.5900383141762,-1.8357116986313629,detected,1375.5066013573326,847.0317272118851,37.38413880268536,-15.549998382508875,40.4892119423739,39.813301241307165,-29.553654767767856,49.583439431563015,57.21596664630125,49.4098911137321,218.762504313612,-37.542086277818136,-12.540980633726463,47.97125462824561
868,14.481133333333334,1352.643335778919,877.3301051601859,6815.0,1331.6832740213522,816.6370106761566,-1.903318223082692,detected,1376.2963563435505,846.617852000979,41.08453976885721,-32.491081273952204,52.37947852326689,39.85147327008531,-29.3225473853316,49.476779472408474,56.47037548270125,50.76338905201332,218.5704237072548,-32.20743619594707,-12.87566500323997,47.77205205646584
869,14.497816666666669,1376.7616663598994,847.2860298177802,13582.5,1334.453531598513,814.0520446096655,-2.475742103879673,detected,1377.0818799505546,846.2241877516799,38.66269777768093,-47.31616939388732,61.10338849490537,39.72708314931713,-28.9669379214237,49.1662956515576,55.853172766663185,52.031128105800214,218.42811961562202,-26.31566452713118,-13.11785240230429,47.38403292721854
870,14.5145,1354.2748912852223,876.1371942789633,6630.5,1335.991304347826,812.7826086956522,-1.8517539096057096,detected,1377.8866041619556,845.8984313614204,44.80513181881997,-61.1692954774353,75.82336412022103,39.46445505248686,-28.710998145319657,48.80332598389484,55.14769174988833,53.19006583299674,218.28946439451042,-21.23315631560033,-13.184937689914559,46.98853099643971
871,14.531183333333331,1377.5103116296937,844.7622803226736,13884.0,1334.9406779661017,813.8813559322034,-2.514008284399801,detected,1378.7516891296762,845.4402239198208,49.91941268572191,-70.79700498159673,86.62657604483537,39.30418703102939,-29.040826754137736,48.869097973402184,54.417656156657145,54.218942164001376,217.25586683124027,-21.148052712406724,-13.703170589241704,46.908547755564996
872,14.547866666666668,1379.0150001206766,845.7758429271354,13811.0,1334.3977272727273,815.4772727272727,-2.5450473224137946,detected,1379.5804365845943,844.9691059303547,45.97988521345724,-71.33668229185287,84.8709142442301,39.36529757068963,-29.339865703070785,49.09637840312839,53.722612967214715,55.098627198860655,216.19900419178518,-21.350433799035805,-14.438757412609093,46.92522409837803
873,14.56455,1379.1786528647435,845.54685294437,13814.5,1335.5097276264592,814.863813229572,-2.5291046458871462,detected,1380.3668728142543,844.4983240466215,43.346957908403056,-64.71756321913199,77.89301476342543,39.34102146975778,-29.690624902346734,49.287413985477,53.24688035164999,55.81245014939611,215.42602809241598,-20.572542913377642,-14.84739162283184,46.99791633013167
874,14.581233333333332,1380.7621358024692,844.9743209876543,13500.0,1336.9473684210527,813.5175438596491,-2.5189215476704514,detected,1381.141389553738,843.9807396380471,44.45177586702994,-50.98538302640782,67.64221803047398,39.29320010551457,-29.84154595934873,49.340383457933655,53.27164696710889,56.346500598779535,214.67278430224238,-19.427451084070373,-15.338766554726352,46.89558273820191
875,14.597916666666666,1380.0344794305706,841.8249366630474,13815.0,1338.0240384615386,812.5240384615385,-2.532568681417892,detected,1381.9350209428042,843.4285145218903,47.23695414267331,-40.87573496180312,62.46723577480114,39.00360108243974,-29.95215383382664,49.17735674762634,53.5296483433749,56.68989321133492,212.91801578196828,-14.027923342136141,-16.464383683785837,46.33936217295612
876,14.6146,1380.9749895590955,841.703394785514,13967.5,1339.786956521739,810.1478260869565,-2.4878452470519057,detected,1382.7482944370793,842.87195523324,56.14359325537134,-30.308823566176216,63.802255834650374,38.885815018012046,-29.97297589797604,49.0966994185526,53.69117760918273,56.83498760260309,211.15032195821996,-9.563437531765242,-17.774413481014065,45.76632079599199
877,14.631283333333334,1381.7727452318522,841.0686756941202,13920.5,1341.2587719298244,808.6535087719299,-2.466791688578556,detected,1383.5137706048274,842.3451364547876,66.3081022664478,-17.81114861412243,68.65858607000334,39.01895579110185,-30.019777725922083,49.23074207994156,53.531256833911414,56.777555921856525,210.52455559023886,-9.190922709642216,-18.36410672729256,45.67740743354789
878,14.647966666666669,1383.4949578324065,840.2638315688737,13932.5,1341.28384279476,809.1441048034935,-2.506308019461638,detected,1384.216561310226,841.8495226595047,62.26821266781553,-22.741177799002344,66.29096074526406,39.16304507290935,-30.082081278633467,49.382949622689,53.11314821808807,56.516891608887086,211.15240819544502,-3.317806294333248,-17.953556931988985,46.0037553567844
879,14.66465,1384.621143318449,841.723946113676,13213.0,1340.204081632653,810.6244897959184,-2.5307531748568777,detected,1385.0108435593288,841.322965301902,79.99792875636194,-24.373518253171824,83.6285656779169,38.98590418870288,-30.135213272374497,49.27506270297601,52.47573655075088,56.05585372704863,210.89644443455447,-2.6176467207069147,-17.979608084766603,45.87772332516525
880,14.681333333333331,1387.1821030772137,843.602542319552,13242.5,1340.4570135746606,810.9366515837104,-2.53146549915313,detected,1385.739967497279,840.7872157639177,86.55645963394954,-38.22008398538037,94.61921329314181,38.591199828699544,-30.861793618405052,49.4138746665716,51.47277883901546,55.40084229617377,210.53989600234507,-2.6506281464954795,-17.55560017338625,46.190171163526195
881,14.698016666666668,1388.033972582216,842.528828626364,13349.0,1341.5436507936508,809.952380952381,-2.530387246558032,detected,1386.495490889825,840.1020590375398,87.04377537547907,-46.99944525784895,98.922023261569,38.229246102005845,-31.218724289691817,49.35670171115087,50.47398824885813,54.56170126916667,210.38358444293337,-3.7452273524715425,-17.188775202909163,46.26694295960539
882,14.7147,1386.529495460784,837.6420252080736,13236.5,1341.1632653061224,810.6979591836734,-2.605653216106883,detected,1387.232031487029,839.3551581550194,79.3090802120787,-65.39254385283903,102.79160955852092,37.7091980822681,-31.676759358952474,49.24835736847185,49.89028101887056,53.55154741378957,210.17682621942964,-3.3887685522807973,-16.675811546543002,46.33916284048405
883,14.731383333333332,1409.237222906404,810.005644499179,6496.0,1341.2051282051282,810.8974358974359,3.12848501184198,detected,1387.9324087320188,838.5914954398154,68.76699441518213,-79.88798710753008,105.40868088061144,36.97059790350467,-32.02183195529687,48.910355049988084,49.528099439613065,52.386525585191364,209.98538906963805,-4.1310394846064815,-16.018346227761064,46.21293558348645
884,14.748066666666666,1412.6531705395826,810.536641722463,6347.5,1344.74144486692,806.2471482889734,-3.07851366917476,detected,1388.6402172126075,837.7904056086572,54.160852935759976,-79.97634574615404,96.5899263362251,36.23708611369047,-32.14781920521749,48.44180725016738,49.459066404734074,51.0854937805638,209.8992268608728,-4.310691467656198,-15.389138213995317,45.932375452320315
885,14.76475,1410.845124186946,809.703081443532,6636.5,1345.7677902621722,805.2434456928838,-3.0731713755460635,detected,1389.3337558224794,837.0381381223265,41.88056706204952,-50.112448178016166,65.30880001832206,35.23476803526554,-31.93233496911967,47.55168656398038,49.59704111437277,49.66964483471743,209.3544151744472,-5.66701252575946,-15.057203829961477,45.10480581824986
886,14.781433333333334,1411.1204771763778,808.5334220644779,6762.0,1341.570093457944,811.2242990654206,3.1029223340796275,detected,1390.0186808616663,836.2973079520383,30.226782160777475,-18.054306215936776,35.2081855927554,34.23827952466742,-31.600062579054654,46.592099542834845,49.79867005557786,48.16207534518437,208.8318864995442,-6.239328104951266,-14.755194068493996,44.19398135278728
887,14.798116666666669,1411.1442738323735,807.872508489591,6773.0,1345.8354430379748,805.3628691983122,-3.103184293429204,detected,1390.6633440180992,835.539765262296,-2.709920763840273,-16.158592010403027,16.384253608417843,33.3166678957404,-31.300109304869032,45.7132059931461,50.113527718757574,46.587315913449586,208.42845359408102,-6.107026798983369,-14.39832530638443,43.3864659835684
888,14.8148,1391.8357017087023,837.2067306500012,13441.0,1345.2232142857142,805.9598214285714,-2.5510410042424843,detected,1391.1313964225228,834.8431353562355,-10.64278526092312,-9.996741181986636,14.601496922225131,32.87263091296654,-30.68132799336843,44.966140045336076,50.78529693024678,44.97083938451883,207.26394742431478,-0.6977465779235932,-15.165848369604262,42.33143977951788
889,14.831483333333331,1392.7180717554995,836.1449505389045,13546.0,1342.171568627451,810.2401960784314,-2.6680002695865275,detected,1391.5771004278138,834.1573954712852,-13.806150850560698,-6.602087141561697,15.303507961680294,32.24635702356112,-29.850692815423027,43.94190941290236,51.69022982249508,43.33856482476324,206.31642020431946,5.994988915646872,-15.670674986919117,41.0526655444694
890,14.848166666666668,1393.1940090689536,836.1718049189216,13526.0,1343.8119266055046,807.6238532110092,-2.617429184694225,detected,1392.0481354486362,833.5087504925925,-15.071799786258453,-7.618184758858661,16.88774371599613,31.75560411375374,-28.904776517184736,42.94070910147907,52.47207156601716,41.716374218951614,205.83401968635724,11.915491775689526,-15.986248083533836,39.85403831921627
891,14.86485,1391.0385590310295,833.1428981706936,13347.5,1341.6462264150944,810.2028301886793,-2.706790640515729,detected,1392.471444924428,833.0632743001438,-15.659659873777855,-20.507617403812674,25.80285486033607,31.788941568896355,-27.835743062837505,42.253584438849835,53.42290922270752,40.129656510695376,206.23724376894728,11.658577666735649,-16.207888892134463,39.021400994726434
892,14.881533333333334,1391.7902839374012,833.6298363664168,13078.0,1346.5627530364372,804.1943319838057,-2.5646330803420017,detected,1392.8220101069767,832.7250638649199,-7.046502330981639,-33.058993751447815,33.801631069503074,31.445268774703223,-26.935872055722548,41.40466316389472,54.324767056827255,38.60289020965109,208.12143004981067,16.441502255551796,-15.037172702155374,38.577578576695736
893,14.898216666666666,1391.869535231235,833.3703462457054,13049.5,1348.663967611336,800.6396761133603,-2.493272730242708,detected,1393.1702225322385,832.439171357707,5.52887068295513,-46.884529067713174,47.20940030258892,31.15746324796044,-25.935940416477997,40.53961668954336,55.231826665220595,37.15927196078038,209.89729681906778,21.85981590000227,-14.083348806318757,38.01473145682687
894,14.9149,1391.5373835259038,831.572903466269,13415.0,1349.6844262295083,799.483606557377,-2.487479387366565,detected,1393.561689773277,832.1984424255843,17.485089068795787,-39.43289926999978,43.13562199136198,30.599896806445027,-24.772895407694676,39.37067476492706,55.97759547300647,35.82039474853925,209.94666034828975,26.955577727488652,-14.148050304245377,36.74074991115732
895,14.931583333333334,1391.2928439690152,831.2111520963974,13555.0,1349.325925925926,799.6851851851852,-2.4973176187105026,detected,1393.935471367843,831.9745213309795,27.124350690526626,-25.835038558680935,37.45903919898644,30.139159855682365,-24.632339050203385,38.924556309488615,56.33372187642724,34.60597618601603,212.39059356549464,32.14157638727864,-12.254732598472785,36.94512975793262
896,14.948266666666669,1393.120109658574,830.812814250826,13922.0,1349.891891891892,798.9420849420849,-2.5062907301339146,detected,1394.3005152216185,831.6981166460126,27.75529162543171,-22.56116668423647,35.76817657313077,29.673720836313567,-24.84296907523823,38.700165642342064,56.48367364007994,33.53363477379404,213.78979357804934,31.666909869929924,-10.84498422010266,37.149550979930254
897,14.96495,1394.0931802191774,829.911434670101,13976.5,1350.2173913043478,798.8893280632411,-2.526154901948766,detected,1394.7283079254248,831.5295526677481,37.13063694197626,-18.65387675808597,41.552994089748964,29.07657068262215,-25.16859153864794,38.456533420224225,56.34751154278236,32.61870996452442,215.10851010502302,30.937399662886993,-9.311373906259677,37.31224033314871
898,14.981633333333331,1394.757951047926,830.6756192290782,13646.0,1350.9887218045112,797.9812030075188,-2.5000318796092653,detected,1395.1466323536574,831.3585804879426,48.7471584056475,-16.387220934107972,51.42787631789355,28.27469492387677,-25.435970252501253,38.03218315748429,55.90391225697735,31.874120082215235,216.44366180781657,30.26525185565562,-7.635551602612862,37.25782209749072
899,14.998316666666668,1372.7103568192392,859.6346337521122,6805.5,1350.4117647058824,798.9307958477509,-1.9228293643709355,detected,1395.5737094222466,831.1990036768185,43.95807456793045,-18.250432943134456,47.59611982432582,27.60290438183649,-25.817739192304312,37.79518471068311,55.09827117163038,31.310250651233567,217.71492720701983,29.990468520444313,-6.042101998418914,37.30910064254238
900,15.015,1373.6567134468,859.8860605155768,6698.0,1352.1980676328503,797.3768115942029,-1.901478749227504,detected,1395.946711018695,830.9614134321694,35.65433660500821,-30.26108904212515,46.76500004018663,26.663317494648993,-26.71644603559726,37.74521146574007,54.044129692965974,30.93486504454214,219.14396954520973,28.558418104989244,-3.813738749676798,37.55204901656698
901,15.031683333333334,1396.9364323039804,829.608639774973,13746.5,1355.5984251968505,793.7559055118111,-2.427136517909449,detected,1396.3074613732733,830.5913843207867,30.362159487985082,-27.32860689577774,40.84988964046039,25.7250465285316,-26.960691709805303,37.26468725705718,52.96616654573817,30.7530304181316,220.37331714357126,28.769059646429685,-2.134173600751211,37.20352428746686
902,15.048366666666666,1398.684760170006,828.5171341833636,13725.0,1357.047619047619,792.6230158730159,-2.4301330988653373,detected,1396.6546990406628,830.19278373588,25.825717480717685,-26.605131367755803,37.078304957068774,24.753529054316797,-27.152300517709573,36.742136900933204,52.070236247737924,30.76705523087656,221.68002403532032,29.02400932171335,-0.43220458698959163,36.73959476153626
903,15.06505,1401.4476432508975,831.0431902088707,13182.0,1356.4434782608696,793.4217391304348,-2.445309231937085,detected,1397.016752546963,829.7641144842007,21.245350276233694,-20.67164778139204,29.642569564020484,23.904433342849167,-27.332585990005015,36.31104777259584,51.91178841037791,30.97643999016203,222.88530603276385,29.14304257648063,1.085530726600382,36.29481799631104
904,15.081733333333334,1397.4145969954886,825.6659806520627,14334.0,1357.3834586466164,792.7368421052631,-2.4532294222693243,detected,1397.3770643289006,829.38032050115,10.458662844135688,-8.647359747535575,13.570573277890764,23.106210246191043,-27.148246526241266,35.650024423424384,52.12682636952956,31.377848935151157,223.2318264319327,33.385628358061425,1.7603300707656793,35.60653703230227
905,15.098416666666669,1396.5468205973978,823.8962112882537,14552.0,1353.5177865612648,796.6521739130435,-2.577150727128493,detected,1397.7382747867987,829.0709887057785,-3.1881154319489724,4.1727263517873325,5.251259393167662,22.841086095298493,-26.52636232693525,35.00518693440571,52.655067129465856,31.96511525500176,223.64009531154798,38.01581210239266,1.776691372093925,34.960069795139354
906,15.1151,1396.6982492041836,823.4806730331969,14660.0,1357.0687022900763,792.763358778626,-2.482212980721073,detected,1398.069992452693,828.7546397445072,-7.891737692147217,13.007279450225269,15.214100121200387,22.825034477675256,-25.906875568328488,34.527502090651154,53.440391441986755,32.729294370285736,224.25558704858668,42.353043370468015,1.7313166930153265,34.484067960848336
907,15.131783333333331,1395.6098718828644,823.2531571722718,14570.0,1354.8372093023256,795.9961240310078,-2.552313278467756,detected,1398.15337698932,828.3018913465515,-0.5765510616765823,16.667879016292773,16.67784764376067,23.486976747354547,-25.879405980200143,34.948272212210895,54.2419183557834,33.65877793368858,224.8773788301403,45.9484230069562,1.6169924895021488,34.91084453157336
908,15.148466666666668,1397.4610035293024,824.3526980588836,14356.0,1354.7574626865671,795.9888059701493,-2.555296433032442,detected,1398.3642223279908,827.8381639973089,16.284964933110132,19.51618139406264,25.41813169921392,25.189311629681708,-25.793170804372213,36.052587709077656,54.9479829283989,34.73947593816098,225.35569027941096,40.3595791927155,0.6507808106041288,36.046713648504586
909,15.16515,1402.0271743887952,829.3302444819608,13327.5,1356.2148148148149,795.1814814814815,-2.501038821222084,detected,1398.6495222005658,827.3679193293974,31.40104188603891,9.834442460788068,32.905040495998804,26.989125057111462,-25.87040134611502,37.385699634452095,55.46595494252325,35.95506708302307,225.87408369592316,34.477044229209476,-0.22077216335386396,37.385047770590845
910,15.181833333333334,1402.2782013163578,829.9618179970014,13117.0,1357.2663755458516,794.1572052401747,-2.469632865346497,detected,1399.0040044378181,826.9613214316944,42.912257625594066,10.102673908767429,44.08543835136775,28.801052685135243,-26.168356578914512,38.913796034480555,56.159522735962696,37.28731014376808,226.16123265655582,28.38848724545068,-1.0734929926201175,38.898986292806526
911,15.198516666666666,1403.0141338191029,830.331046600261,12900.5,1357.9190140845071,793.943661971831,-2.462656752809998,detected,1399.4113488158016,826.4289088881768,61.622018136811676,-1.674517115031449,61.644765607649774,30.554696267846357,-26.7125418225015,40.5850878357955,56.94990351749993,38.71640300798642,226.06034272531448,20.74091500023585,-1.9669889753125709,40.537393959284486
912,15.2152,1378.0225843770434,856.5732106030883,6627.0,1357.201646090535,795.4567901234568,-1.899141256204692,detected,1399.8441857423609,825.9506307782366,74.34221024406816,-20.861964983277176,77.21389646259743,32.377841832174404,-27.53869263386164,42.505343589854775,57.928515948678374,40.221372062296524,225.98577285748053,12.476422737397552,-2.692394595369745,42.41998638654228
913,15.231883333333334,1378.4649215983814,856.2130500758725,6590.0,1362.841463414634,789.8943089430894,-1.8021591355163973,detected,1400.3469889503078,825.4318659899893,81.22012045410156,-34.27400752113181,88.15563259450508,34.03858220101619,-28.188034741180992,44.194913517568544,58.675737831811034,41.78047287721988,226.53989935005237,9.398143448294087,-2.9530291020706905,44.096144955627196
914,15.248566666666669,1379.9481437975674,854.9953992609451,6810.5,1359.536121673004,793.93536121673,-1.89341149359184,detected,1400.8864670026614,825.0079373988243,70.51378940632912,-43.10011072642146,82.6426889753106,35.5187639941777,-28.343299432041132,45.441448242418915,59.142705112148,43.371583453822,227.4487545522894,1.5408029791852587,-3.1398038476749868,45.33284515852234
915,15.26525,1405.2375318598547,827.3086189624782,13143.5,1361.4194915254238,792.1906779661017,-2.4659685713460666,detected,1401.4711155216926,824.5815836925264,54.89575418418735,-62.45632346501907,83.15248744456063,37.04367511705886,-28.34363138833846,46.64327718392234,59.42898429687781,44.972573419256385,227.30183564682136,-1.3325497868295046,-4.289890076109419,46.44558267038006
916,15.281933333333331,1405.68277295051,825.1520715275154,13235.0,1359.486607142857,795.6919642857142,-2.5739003349627536,detected,1402.0250487156995,824.0634424284418,35.485680574246544,-76.88634797766645,84.68024581424095,38.14662228652421,-28.69683675919436,47.73545047294091,59.31607567180542,46.56163617199809,226.89964286938698,-5.225014285405215,-5.1115347324097336,47.46098865946603
917,15.298616666666668,1406.3341909662663,824.7397146195341,13409.0,1363.8913857677903,790.2134831460673,-2.4586880849781947,detected,1402.6826748875014,823.5579580325135,24.978926448410675,-93.54790852701171,96.82539933454062,38.968392806643195,-28.884558727108676,48.50621991861076,59.126192189247625,48.11757562197156,226.52365361208828,-7.467697760935503,-5.85207465857556,48.151911623351864
918,15.3153,1384.4749229821318,853.4370425138632,6762.5,1362.163568773234,792.899628252788,-1.9239044666710083,detected,1403.3834156118521,823.0665236656545,9.525361254818563,-97.18035059317072,97.64606007641257,39.55877528621799,-29.120695788810092,49.12139681818823,58.63461567978566,49.620044314053,226.1984764311001,-9.141619018004281,-6.363471443064377,48.70747228673663
919,15.331983333333334,1405.9201117787452,820.9569196080547,13896.5,1363.5075757575758,791.8522727272727,-2.5401699326985776,detected,1404.0860855901374,822.5102830324325,-6.044558540119397,-93.07749412780322,93.27355788783964,39.951390365345965,-29.503781959025883,49.66474345056057,58.39369231441582,51.049734892302915,225.806981820809,-10.719292252655588,-6.695144278266838,49.21139893462886
920,15.348666666666666,1406.3231759604816,820.0963682259019,13799.5,1364.0075757575758,791.7916666666666,-2.5520488106717005,detected,1404.763638310173,821.9246198836482,-9.67248633516374,-93.47510693382901,93.97421246381742,40.27117374094307,-29.788007754479104,50.0908458748116,58.205317711812945,52.38853164339939,225.26692103801093,-12.039945809983186,-7.18185174176698,49.57331788385167
921,15.36535,1405.059063422866,817.229456710261,14222.0,1365.21875,790.5546875,-2.551601970094383,detected,1405.5161331244988,821.3534340357,-10.405330496620081,-77.50360144704155,78.19897147664892,40.65098660607312,-30.20042749213023,50.64156921694421,58.26559595026119,53.61963280538736,224.60139664144464,-13.172339587201119,-7.7380189530251435,50.046893963933215
922,15.382033333333334,1404.5790949737366,816.6753330344931,14500.5,1365.041825095057,790.7756653992395,-2.5616617461692788,detected,1406.3135442612986,820.7296520661218,-7.323038671728682,-55.67712651318425,56.15664975898009,40.992730479748765,-30.57398025257072,51.13875458661374,58.41606861207374,54.727656965963504,223.04418612760605,-10.225341017784874,-9.089973649140216,50.324393684652016
923,15.398716666666669,1404.8741736924144,815.2894721871409,14648.5,1367.0495495495495,788.5585585585586,-2.526379745606267,detected,1407.1663563739685,820.1832810474041,-9.089829754248058,-26.658723859198744,28.165804848472302,41.13617060107718,-31.044642789923692,51.5359522826045,58.279507652903185,55.69874781912934,222.47492274997245,-11.61475789629694,-9.377490265706449,50.67560610383924
924,15.4154,1404.8124900935172,813.8116409664199,14721.0,1364.4518072289156,792.2048192771084,-2.650071770298074,detected,1407.909068675479,819.5623354945244,-6.062869881936422,-8.954929653379168,10.814303320244965,41.484483217160935,-31.013672356959926,51.79585138657118,58.0792718023711,56.520690584383594,223.0994504723033,-8.672710421674635,-9.100064813976541,50.9901857345234
925,15.432083333333331,1406.6820497007902,813.5599789867982,14594.0,1369.2922374429224,785.9908675799087,-2.50624144396836,detected,1408.6349174551087,818.9653984977285,7.246560255865006,8.251850816290698,10.982061620488194,42.00350326911674,-30.999656196631236,52.20414706886837,57.7895811370799,57.183050449484995,223.93696690310057,-5.570314699867957,-8.737247794590036,51.467790628352894
926,15.448766666666668,1408.3039571453255,813.336063590807,14467.5,1369.703196347032,785.8995433789954,-2.5236705826694874,detected,1409.4255377516888,818.3467039533527,20.36437555006887,14.080157852269167,24.758001467991313,42.79339637490852,-31.067526070350063,52.88162203858647,57.62152658436535,57.67733858036561,223.78544013189622,-6.297922371123267,-9.396620034354353,52.040075724021435
927,15.46545,1415.334447313788,819.8565750164565,13166.0,1369.784140969163,785.9030837004406,-2.5010379164823067,detected,1410.3703807315042,817.691026742236,55.93693832531062,17.218322110594727,58.527016714623336,43.30380713871117,-31.167255984229637,53.353702385993714,57.369758147344726,57.997204951257444,223.67667141072087,-7.450229764456804,-9.795675962231481,52.446756722757904
928,15.482133333333334,1394.3379313791638,848.1287452832546,6669.5,1368.1157407407406,788.4953703703704,-1.9850714455973515,detected,1411.270936311274,817.0518743404684,93.26956218905889,12.958246867111939,94.16542567634757,43.312610655967156,-31.23436683246113,53.400074094144735,57.12789821841495,58.13865025858559,223.444367601946,-8.451634851811027,-9.968481431143008,52.46138857499966
929,15.498816666666666,1393.8578486413653,846.65611198443,6679.5,1371.4046692607003,784.1206225680934,-1.9155079828810808,detected,1412.1871119687962,816.3324043053459,120.43945076111413,-3.913342198080045,120.50301053001999,43.27770533830696,-31.691675860334783,53.640675780473245,57.168424586582084,58.100242567939546,223.08707261646873,-9.139870220586861,-9.957549491790331,52.70834190433612
930,15.5155,1395.3787398284042,846.2417090739239,6779.5,1372.0207468879669,783.2323651452282,-1.9257978029520209,detected,1413.0431727013784,815.6896488459179,136.52374063749085,-15.518671852884836,137.40291457509332,43.3570850832282,-31.57733586361139,53.637346757251215,57.429488668589514,57.88331928733228,222.44123574249662,-10.808813571553694,-10.686772035313112,52.561943177767475
931,15.532183333333334,1396.4276114689908,846.1649614753063,6597.5,1373.5495495495495,781.4099099099099,-1.9104093853675548,detected,1413.9018792835534,815.019938194003,140.3879437846117,-21.773729576403184,142.06642833455635,43.2443903395982,-31.144045814900064,53.291921391183934,57.78898010673686,57.492152571247914,221.82118713847777,-11.224989206013907,-11.459892572251256,52.04517026388317
932,15.548866666666669,1418.0948927283084,817.151673944687,13167.5,1375.72192513369,778.4545454545455,-2.4015049485754614,detected,1414.7433455675107,814.4055402136869,135.17130356020516,-36.474036119603625,140.00584493877133,42.98798868366145,-30.7668678179683,52.86366735665374,58.20948085695952,56.93405685404038,220.88440705078085,-11.422478085563858,-12.362284609737255,51.39787199508159
933,15.56555,1418.9339499359291,816.3084789200573,13136.5,1373.75,781.4439655172414,-2.484402241770626,detected,1415.5646834111913,813.8565176206562,113.53391348714831,-44.57428386647098,121.97055502831826,42.553765583441105,-30.232512574747687,52.19988296838159,58.51302903333847,56.2194207278438,220.27665073570412,-13.572712996437604,-12.920940838860176,50.57545916500817
934,15.582233333333331,1419.6130365501444,813.9783014639976,13388.0,1374.892,779.848,-2.489708145853325,detected,1416.350320285577,813.3389647068428,85.67114278198278,-50.19640070587411,99.29362189685477,41.76069755961594,-29.58630227725106,51.17914754181222,58.78938896063767,55.36165107650382,219.4722282270559,-14.138681407251347,-13.428317809768362,49.386085326804775
935,15.598916666666668,1420.316777001122,814.5044195421428,13519.5,1373.053497942387,782.0041152263375,-2.5392076169980338,detected,1417.0431129440199,812.8816014257379,54.321736698291716,-50.157809025233746,73.93684388808026,41.06920242336792,-28.954579945041296,50.249846641411324,59.03636368445069,54.37702419068605,218.96694694685377,-15.871528288327546,-13.722945947991096,48.33971288696151
936,15.6156,1421.9203654018145,811.8069630765299,13045.0,1370.5,785.3333333333334,-2.666137979044796,detected,1417.7425709488762,812.4960338456455,45.41810728895052,-45.56698621969326,64.33626273616099,40.213070384000524,-28.394842682337554,49.22761542735214,59.002400997019286,53.28444537954893,218.22676076602238,-16.58027610413428,-14.020070758607243,47.188936590973576
937,15.632283333333334,1422.0109329713468,812.1224517249391,13628.5,1372.3632075471698,782.6886792452831,-2.606445328178076,detected,1418.562136474279,812.152815990847,36.216902960907646,-36.212566627825254,51.21536919572566,39.82769870527591,-27.756132193348947,48.54532375515584,58.87362457125583,52.105124344326754,218.64976096960774,-12.893629053736934,-13.769252775415708,46.55165020168033
938,15.648966666666666,1444.634575643127,785.5768070500487,7016.5,1375.1635514018692,779.5560747663551,-3.0551432851371,detected,1419.3469552252345,811.8808391836294,25.005434410168164,-28.858537675508614,38.184904698191566,39.35282814684467,-26.96038094601667,47.702276925838966,58.50146584223426,50.86217762231756,219.31632314784946,-7.603134477522736,-13.363565866812024,45.79216451788238
939,15.66565,1423.5262902925283,811.4852990497484,13417.5,1376.0,778.2521739130435,-2.5313650410206128,detected,1420.0222873335142,811.6432348680122,14.741240763591122,-27.17460666669922,30.91542376775667,39.24580294039631,-25.97786292200002,47.064662013347586,58.131641649267635,49.58017157952389,220.2822306913334,-4.227934973297556,-13.14333096754234,45.192203547827646
940,15.682333333333334,1424.1608220985672,811.2079023042163,13388.5,1375.523076923077,778.9423076923076,-2.555864786900399,detected,1420.7546842077904,811.3680346846687,9.089370745851738,-18.1182148191142,20.270332231789265,39.583054023172046,-25.268543504619327,46.96080766603356,57.7386021770667,48.28461997942059,220.2683299920239,-5.548716381538,-13.87010750439115,44.86577286153476
941,15.699016666666669,1422.8423908287389,810.9140506819688,13331.5,1377.453125,777.11328125,-2.501500924789545,detected,1421.522718269748,811.1529219722835,7.399456337384436,-23.353109723736452,24.497340424171206,39.75159770095353,-25.263186524481743,47.10008612677062,57.129597604217246,47.001449538578605,220.07374738678357,-8.219104671377229,-14.154817272020527,44.92281448378896
942,15.7157,1422.477374719521,809.9080403889304,13370.0,1377.5071428571428,776.7035714285714,-2.5055792838177338,detected,1422.331664165204,810.8983081972467,4.413009904274986,-22.697119335417938,23.122151338952698,39.76014124732342,-24.99786264286977,46.96554022598796,55.97709076392926,45.75644563850325,219.76116372481403,-8.636455088419883,-14.575952699070198,44.64642843087631
943,15.732383333333331,1422.7514284294728,809.8017091469171,13418.0,1377.9184397163122,776.3581560283687,-2.500683067602872,detected,1423.058013351525,810.6679347195088,-1.142664912442342,-31.30953281972097,31.33037708823996,39.596548201395635,-24.62643057092605,46.62990148102491,54.519235592658,44.5746891465777,220.60140361052646,-5.064178051296685,-14.037187510774729,44.46689868787162
944,15.749066666666668,1423.8105859779344,809.9448736398293,13203.0,1379.9195804195804,774.3671328671329,-2.4604258734154176,detected,1423.781338078639,810.3385871644485,11.181888665734732,-25.91956688854225,28.228683671444944,39.49326340016325,-24.72740325975807,46.595732915851514,52.97339825446426,43.47999484097805,220.60637093863392,-7.765586466646027,-13.889199686973015,44.47755004517174
945,15.76575,1423.6710331039726,808.6004096601292,13588.5,1381.7859424920127,772.2747603833866,-2.427157967872017,detected,1424.5386204926715,809.9787961603762,31.29794341269735,-22.799502795501667,38.721810257095335,39.115133563758626,-24.820158195055814,46.32530546621655,51.48674621845261,42.49436287627968,220.3269167795492,-9.720828751769718,-13.757669316804723,44.23528525405621
946,15.782433333333334,1401.8027180627626,838.0053125772176,6745.0,1379.1660516605166,775.4760147601476,-1.9181363122282549,detected,1425.2336173137417,809.5208418399226,44.89702170150031,-19.442891716752,48.92615451856331,38.367438402256674,-25.216747632929323,45.91235880167569,50.82488882714159,41.63745735865366,219.99053382237022,-11.780008645326898,-13.189415946317116,43.977084916224754
947,15.799116666666666,1422.8600559059632,806.5446650420489,13952.0,1382.5076335877864,772.1412213740458,-2.435605894487385,detected,1425.8702894916992,809.0300012672096,41.07272264684434,-17.73065096478649,44.736389318536695,37.399576012250485,-25.581062399725297,45.31135662717175,50.83805248165034,40.92613009872443,219.55739807696713,-13.948966088443518,-12.543263558154734,43.54061987047737
948,15.8158,1426.1191133666691,808.8136054929472,13399.0,1379.4334763948498,775.31330472103,-2.51917056642725,detected,1426.4511204122898,808.4875444336561,33.854031126234986,-16.78027975953546,37.78456314825358,36.402544845492,-26.08706872522862,44.78482361138489,51.81292835175443,40.37401180432907,218.04307209550535,-10.155250826127503,-12.592488423091435,42.97801369557655
949,15.832483333333334,1427.9239794949688,807.9243845326245,13167.5,1379.2092050209203,774.9958158995817,-2.547193214620325,detected,1426.922648835114,807.8923645755006,29.139102266354712,-14.550871961401299,32.5701574409178,35.532018858978326,-26.79837214038581,44.50479877012587,53.70442180168624,39.991195327492434,216.29140928803616,-6.841208151874664,-12.777661531597449,42.63107410508598
950,15.849166666666669,1428.881932941826,807.5300155599057,13282.0,1382.75390625,771.75390625,-2.4819185096975667,detected,1427.3556226286453,807.5684339328315,29.004281678391635,-14.916567816013412,32.61521655744772,34.46546228292647,-27.858872626374968,44.3168689596683,55.9347249684985,39.784033752327225,216.00049091638306,-8.12277312762483,-11.507743544387932,42.796690443362664
951,15.86585,1430.2184633027523,808.8786060142711,13080.0,1380.791489361702,774.3319148936171,-2.531575707975405,detected,1427.6787026897848,807.1262927522107,23.817643571460394,-6.6984457735338765,24.741651543057962,33.4979631920612,-28.34531287233684,43.88132062560734,57.93659857564237,39.75506865710066,214.5473551251673,-3.8377722353072707,-11.516593975811531,42.343102898153944
952,15.882533333333331,1426.2984967013952,806.8777653604432,13869.5,1381.428571428571,773.5021645021645,-2.502051991284945,detected,1427.8404372604455,806.6483307031499,11.082519111749207,-13.918076734392798,17.791433046461787,32.93065659746983,-28.613189635343726,43.62502452777104,59.09518083159043,39.90309141536832,214.46961261541537,-5.748387848519025,-10.954724598656252,42.22720419369746
953,15.899216666666668,1426.487884066214,806.2879030251324,14065.5,1383.6458333333333,771.4541666666667,-2.4589307431315333,detected,1427.896484668896,806.1859573715083,9.324336284259516,-12.452198792486797,15.556365318080193,32.54838590749979,-28.86583970180797,43.504415027373994,59.223526174057824,40.223325797692674,215.42230434926017,-3.690823667168655,-9.793156420171005,42.38783096838134
954,15.9159,1419.9641615069727,802.1662960809131,14616.5,1383.546153846154,771.8076923076924,-2.4466880685689705,detected,1427.9721894739143,805.7511947129683,12.287431175149322,-13.212997292062028,18.043399411531908,32.28825704298342,-29.157935436644532,43.50536451750863,58.506931887244264,40.70770747193317,216.69400272196654,-1.290608072798807,-8.466889419993542,42.67351081585508
955,15.932583333333334,1428.4153017781118,807.6562734785875,13310.0,1386.650980392157,768.7176470588236,-2.391193721001468,detected,1428.102506667918,805.3454629021704,27.53855269091582,-17.871295809986805,32.829180590419845,31.936956166342625,-29.497148793628615,43.47471628572585,57.27770673669992,41.34522878160534,217.96160237662846,1.7727235970444724,-7.035159558458165,42.9017189179104
956,15.949266666666666,1428.726079845365,806.4048150075582,13451.0,1391.3619047619047,763.5952380952381,-2.288378635876677,detected,1428.466246170641,805.0074930167332,27.1912538614024,-25.507095098079844,37.282384404671866,32.33943051104969,-30.09050038286889,44.17326090601015,55.68398116312288,42.12231690492486,219.3511017157909,5.4402377899192755,-5.927765178561213,43.773720187554105
957,15.96595,1428.8657463947793,805.7072277117798,13510.5,1383.5187969924812,772.2857142857142,-2.506451992487498,detected,1428.870215993883,804.5845119412916,21.6272379162001,-33.99569424186393,40.291992341782056,33.3197970141855,-30.1628835948738,44.944503777708256,53.902616406434916,43.023219252307385,220.07844230158722,4.347760975910334,-6.075155473203285,44.53202112863102
958,15.982633333333334,1428.4778229219569,805.4849331301846,13783.0,1388.7622950819673,767.0491803278688,-2.372568638516609,detected,1429.347766606498,804.2078173879654,15.705898756835268,-43.71062276403518,46.44667693365963,34.19180485704891,-30.593178386656362,45.88051964810655,52.34194422545431,44.03037911846787,220.5075755998841,3.132484083454933,-6.124960461108337,45.46984651975582
959,15.999316666666669,1430.4939237080898,804.3926811405305,13426.5,1384.5291479820628,772.7488789237668,-2.538670059826809,detected,1429.838399718033,803.7092410395325,29.559706873232244,-47.78310530908993,56.187199818205855,35.207497047090946,-31.049335135933017,46.94282757466152,51.178064828583096,45.12479406969131,220.82212495190205,2.2158087268822793,-6.345665600665008,46.51195103184706
960,16.016000000000002,1429.985973899256,802.863227222832,13665.0,1389.5569105691056,767.7926829268292,-2.4270498066769384,detected,1430.384179011769,803.239463856545,42.83954798067862,-41.98148134866369,59.98059392351048,36.17752150629236,-31.41001887328039,47.910357418392074,50.40271703942678,46.28635691409235,220.98919097192916,0.9803020453468452,-6.705645178141889,47.43876759258127
961,16.032683333333335,1429.791745799854,802.2984295105916,13690.0,1387.847926267281,770.3041474654378,-2.489956734698549,detected,1430.9954371042095,802.6574976488652,49.58752753543922,-50.67971275237869,70.90385160018853,37.33945959358748,-31.967674269145075,49.15452614886357,49.81530007196727,47.49418330001254,220.96715768955633,-1.9234950885519204,-7.235636481590472,48.61906010635735
962,16.049366666666668,1430.3389036446806,801.5840342334366,13554.0,1390.7025862068965,767.051724137931,-2.424902424404044,detected,1431.6480773352878,802.0550339443246,48.873958410353225,-50.00122293191589,69.91985487244727,38.364881530523796,-32.270889017990285,50.13256838485908,49.34206272753385,48.72693124085794,220.82843692501416,-3.7133420868071267,-7.930994453789307,49.501249881558905
963,16.06605,1433.7629705241138,801.6739505752776,13225.5,1386.6764705882354,772.2794117647059,-2.5835207543058143,detected,1432.3943592359465,801.5054406207472,46.25108672645183,-44.98706018996245,64.5213035199466,39.06984906663594,-32.97098626485263,51.12278397512027,49.198384502060776,49.963117160889,219.5805468855424,-8.568553124699049,-9.104418798896823,50.30555237447561
964,16.082733333333334,1435.0187734668336,801.3979090024146,13183.5,1387.946188340807,771.3991031390135,-2.574205597273191,detected,1433.1984995200658,800.935351488381,49.89548151708732,-39.91023776346128,63.893553306714864,39.78014032107294,-33.537530657378774,52.03100543482583,49.20619254895258,51.181431491020554,219.09844722458186,-8.800084757414766,-9.721311009868273,51.114788846363126
965,16.099416666666666,1434.6465688167889,797.7690485386893,12945.0,1388.6170212765958,771.7287234042553,-2.6267524494940866,detected,1434.050286312055,800.3356161318657,41.205298854746616,-36.18620803839076,54.83902174461794,40.41952138685508,-33.983269902948194,52.807199721619966,49.4068498485428,52.36105519241983,218.39073110850973,-8.377406032979083,-10.576251604289045,51.73725199932669
966,16.1161,1434.08485344849,798.8286178740724,13431.0,1392.525,766.54,-2.481085120799462,detected,1434.9315731206711,799.7119504992734,26.392956171113838,-30.52443773226969,40.35256416042908,40.42275862683457,-34.319135571421526,53.0264319125183,49.451390638921666,53.481977201675754,218.2636079557494,-9.98774063409136,-10.485562570155174,51.97937532291341
967,16.132783333333332,1435.3967311097992,798.4718368752459,13552.0,1390.865,769.495,-2.5647248767564914,detected,1435.7512697333102,799.036906379042,9.981065540534473,-24.236399596373303,26.211156684120766,40.453911422403564,-34.61362042776509,53.24116516840208,49.57787239983188,54.525311699089,217.77667430157416,-10.063714169107019,-10.771156482482429,52.140232608983894
968,16.149466666666665,1436.1747171777315,798.0995584003175,13436.0,1387.3696682464456,774.7535545023696,-2.695412755512573,detected,1436.5673177356161,798.3899408459151,8.728451662527732,-15.19961777332719,17.52752831634646,40.41012403611158,-34.98886444583168,53.45277130161454,49.74152341477762,55.47361310380581,217.13426076689214,-9.251669802730408,-11.09363812000565,52.28890850921508
969,16.166150000000002,1439.2316603773584,797.2162012578616,13250.0,1391.868778280543,768.7737556561086,-2.60078952805705,detected,1437.4175975890985,797.7260162757193,20.25128917604252,-6.02401621816216,21.128262699246655,40.334035757341184,-35.13096667804026,53.48849652222478,50.20947392179958,56.3111854637225,216.75646097975775,-8.951084749000756,-11.292182693179523,52.28294052778506
970,16.182833333333335,1440.5411459531294,797.8039178103197,13043.0,1391.4202898550725,769.2898550724638,-2.615643849980749,detected,1438.1798619262179,797.0365179138203,26.532164045500394,-37.29276564924612,45.76795930240866,40.47739705323743,-35.43906440551223,53.799135291782136,50.743432462121696,57.024381138117334,216.78105180857656,-10.087860339846321,-11.200088358523686,52.620385583010886
971,16.199516666666668,1435.1431217118457,793.3861915209852,14129.0,1392.1278538812785,768.716894977169,-2.6208856867766244,detected,1438.9405340691283,796.3596148455347,34.7888365747076,-44.90174196666476,56.801668829909005,40.456125610071346,-35.61622098442681,53.90003058059796,50.936336518339104,57.601881349511885,217.5334563512026,-5.541894001429656,-10.383338602409356,52.89044881693775
972,16.2162,1415.654483949566,822.5132353984814,7045.5,1393.5820895522388,767.3084577114428,-1.9511540841624977,detected,1439.640746956095,795.5912233854469,59.99145207587935,-46.55220463613614,75.93472248357286,40.275684257651754,-35.94473970137382,53.98291446950208,51.11544679392477,58.03494869039618,217.52407120756854,-5.5698365385697395,-10.048795414911893,53.03938880992901
973,16.232883333333334,1410.8626558480112,815.2941047122721,7579.5,1396.0093896713615,764.5164319248827,-1.855372720567224,detected,1440.4174030711101,794.9199335315776,91.16104132074088,-49.00401413767713,103.49748236690343,40.51564025863687,-35.94615823988039,54.1631184273376,51.353484061143575,58.317639645942364,217.39051056780596,-6.4887215958906035,-10.362193975341892,53.162659205415835
974,16.249566666666666,1438.4049600705248,790.5856409458619,12856.0,1398.269406392694,761.7442922374429,-2.518493224587667,detected,1441.2077326068738,794.2290759210267,108.66359369622478,-51.53983585757851,120.26691679428869,41.1354966317655,-35.956126578364184,54.63489838611707,51.47091435915414,58.44696423218126,217.11156181057123,-7.347090014991681,-11.109193934884352,53.49353168167593
975,16.26625,1420.287844712182,820.3302275769745,6225.0,1402.7446808510638,756.4946808510638,-1.8389934217312576,detected,1442.077552627473,793.5073338416868,110.68000459261384,-53.31052393841628,122.84980821804109,41.58674273737109,-35.75589001183147,54.84469748337095,51.57767163137924,58.422980330705165,216.8961912634016,-7.486542220660669,-11.791281197166533,53.562174430952886
976,16.282933333333332,1444.7560984721133,793.9626807127647,13384.5,1397.27,763.465,-2.5706888615713024,detected,1442.8672263101043,792.8001234793923,99.17344674112883,-58.806052960151646,115.29754725607859,41.57718105825227,-35.41663973547478,54.6168504667113,51.90132205359006,58.24881237581368,216.4486042375668,-7.348839640252166,-12.403195525631716,53.18985895503063
977,16.299616666666665,1447.6166944003714,793.1002025205423,12920.5,1396.0892018779343,764.793427230047,-2.63924642437909,detected,1443.6308941145353,792.1254474845438,89.28491922227477,-46.03562883825589,100.4543474572494,41.430958928806504,-35.219677504362494,54.37784513266178,52.342698281802484,57.930587607878856,216.0658619464762,-6.992590508852008,-12.75598769650265,52.860522312576734
978,16.316300000000002,1448.346503641647,791.8293394719298,13249.5,1394.8018018018015,766.4009009009009,-2.698225002081279,detected,1444.395554374616,791.4686142408658,75.91266325824563,-39.09860550671965,85.38989047615581,41.09528115861988,-35.09298687327846,54.040168959711,52.904784934544125,57.477287713552954,215.688705007894,-5.782736675917824,-12.90494202306649,52.47668370405475
979,16.332983333333335,1447.771938343543,790.4532596244833,13386.0,1397.4566210045662,762.945205479452,-2.641276307639193,detected,1445.2141444558497,790.8635302127016,57.78066102023968,-51.15408362336893,77.17088219842032,40.848625291392196,-34.994640675565094,53.788800546289195,53.52654173453441,56.900518642870956,215.42592266773838,-4.7032323170465675,-13.001500384254442,52.193831550928635
980,16.349666666666668,1447.228004440744,787.609542552923,13211.0,1399.3668122270742,759.8034934497816,-2.615281268908926,detected,1445.9817561796722,790.3200524466814,38.90890627146655,-50.781430903529326,63.97387522928162,40.59972527107148,-34.59514451249202,53.340057329615675,53.85489074720372,56.21420601887384,216.16410181977392,-7.656592558018028,-12.362790713068716,51.887600847519906
981,16.36635,1449.6182526842183,789.9276486738246,13598.0,1395.9238578680204,764.4822335025381,-2.6990476536963164,detected,1446.7456149113268,789.7546591387844,34.205084391849596,-40.11610893187162,52.718971861061014,40.21230976823394,-34.20565138074277,52.792579433830596,54.0779317945982,55.43422734066414,216.16308485715257,-5.1536064803039965,-12.280769691107388,51.34431944306294
982,16.383033333333334,1449.3195290296387,787.2334170726756,13136.0,1399.0141509433963,759.627358490566,-2.6396946337735123,detected,1447.4762552721088,789.2053842156574,37.43919461191854,-25.852271951775037,45.497618160269056,39.757413253717914,-33.85466833231387,52.21867938312764,54.260601629561314,54.57799491162608,216.0200391622279,-5.441149982186931,-12.247394941665487,50.76210982278758
983,16.399716666666666,1450.857043573228,788.2730431760924,13429.5,1399.9,757.9727272727273,-2.6051349665873,detected,1448.1429460534803,788.6698230753109,34.04699244101448,-25.040135709707556,42.2635314501648,39.20430006413372,-33.379558003242465,51.489533266582086,54.352359923004094,53.664005079497684,216.11384538326797,-4.4802288358931905,-11.997464380278675,50.072276605467096
984,16.4164,1451.1147088447046,787.3043483667201,13403.5,1400.857142857143,756.8151260504202,-2.596290954964284,detected,1448.8260920506045,788.1450035607053,25.780834449214126,-25.047502504151907,35.94480221942084,38.894661484112326,-33.02741298804823,51.02552989089666,54.314370449489836,52.71137002090313,216.10211179089768,-5.847041967594111,-11.965033352408383,49.602849489949094
985,16.433083333333332,1452.0349376649035,787.6390191444399,13328.5,1398.348,759.908,-2.6648071157286712,detected,1449.4495330825007,787.596060443453,11.589699679782825,-33.610752400946694,35.552831330645134,38.45465678929489,-32.787197187530026,50.534749709446864,54.28571744268392,51.739348071981794,216.20819877209976,-5.96906469822746,-11.660041304067231,49.17117412655393
986,16.449766666666665,1452.265372047195,788.0367307740278,13363.0,1400.6450216450216,756.5930735930735,-2.5944847858921944,detected,1450.0425518366146,787.0576342959599,-1.776918435861262,-27.970353549763786,28.026739318488104,37.794364879786556,-32.55480736411727,49.88215612001177,54.027905877474424,50.76688767985608,216.18772066327176,-6.567273319722657,-11.281912472463237,48.58958684888055
987,16.466450000000002,1445.3508867766488,784.529419619554,13729.5,1403.5698113207548,752.7320754716982,-2.491059145097549,detected,1450.6079264960981,786.5464464428393,-9.500443696309048,-29.660278855065826,31.14467165001107,37.09531721570097,-32.47054621006071,49.29907636572078,53.78965578589351,49.81219858067201,216.20417960131746,-6.200129778930426,-10.753650505941419,48.11193127810642
988,16.483133333333335,1447.2720523649664,784.7267443959138,13851.5,1405.2817869415808,750.8969072164948,-2.4634105864835214,detected,1451.228106665266,786.0708853910406,-9.493676187686106,-29.82341441332437,31.298018065454592,36.86865871914609,-32.339517432965856,49.042251004067595,53.663163944817605,48.89236186510918,216.01161179622395,-7.603578843072193,-10.808985579910047,47.836264635517544
989,16.499816666666668,1450.9831765148665,784.7991218165851,13285.0,1410.834745762712,744.7372881355932,-2.357274115576068,detected,1451.8563803512009,785.601061896001,-9.08638209727087,-28.698441935382107,30.102539911710156,36.76206509040063,-32.10739068903119,48.80915863410206,53.672569617557315,48.02298819377267,215.7039478945294,-8.50781620895092,-11.114607067536603,47.526829015864344
990,16.5165,1449.1404947279998,784.7533506350221,13293.5,1398.6043956043957,757.521978021978,-2.647350254185303,detected,1452.4414073238802,785.0302561035732,7.0700178044162385,-25.726030892095878,26.679839152735422,36.536396704596626,-32.30114741698651,48.76753437082454,53.99743104897927,47.21793066423507,215.24584717189043,-9.809131146895115,-11.198128238300075,47.464453357940826
991,16.533183333333334,1450.806645206368,784.9931501721815,13358.0,1406.4959016393443,749.5368852459017,-2.46674617310828,detected,1452.9486796923902,784.4817072759391,23.125539034198482,-18.0238073525461,29.319757623553652,36.27753103095256,-32.13197630865058,48.46156373045971,54.63120641119966,46.48905593141542,214.99008833365093,-9.712846716878058,-11.294821960256844,47.12695784885237
992,16.549866666666667,1451.1910387710311,783.5156303340648,13670.0,1411.3383458646615,744.3308270676691,-2.3646445775000187,detected,1453.4602068928173,783.9446792141027,34.53677531750145,-18.856742480373214,39.3492768205807,36.15096723074773,-31.928780235193134,48.23214114079797,55.442380930033416,45.84607444681903,214.5919265492139,-10.400127798548535,-11.633213521161505,46.80820208250816
993,16.56655,1451.052687858462,783.8594949936813,13716.0,1407.4474708171206,748.6070038910506,-2.4617225016399678,detected,1453.9307607391129,783.4165199352567,45.68073217903111,-23.03124230102503,51.15825851552116,36.25148624788178,-31.674236499831263,48.13966673158015,56.262392387940274,45.29642839261974,213.9625352869135,-12.499082594294388,-12.372258865133922,46.522625931923926
994,16.583233333333332,1453.8281142571411,783.0422651415713,13332.5,1401.1490384615386,756.0,-2.66733026152453,detected,1454.330212262176,782.8796452021992,59.78905936805586,-25.207789701900765,64.88577873287923,36.17819167302344,-31.139655273695872,47.734051611974415,56.80628991169354,44.84523423441806,213.444322753158,-13.883420803061268,-13.025984906532347,45.92236274963898
995,16.599916666666665,1453.963120514447,782.5795738646964,13399.5,1406.78,749.624,-2.5319002604383427,detected,1454.7176477035475,782.3850861660716,54.331951189391475,-21.35609717450052,58.378453273216536,35.90598006080894,-30.53974707166656,47.137199273276465,56.729220890107555,44.495275882398445,212.8139688475216,-15.255066400606735,-13.626734901407922,45.124579236324486
996,16.616600000000002,1454.9857347536283,782.8838347972342,13377.5,1405.9598393574297,750.8112449799197,-2.562272704948161,detected,1455.1019737083247,781.9188824088969,51.58692982093726,-14.227004859949375,53.51279282223391,35.42671750586447,-29.781662552761322,46.281743027319855,56.40296873563427,44.247044209581006,211.0926457547736,-11.236053686927544,-14.957132696380897,43.79821821889246
997,16.633283333333335,1455.7933546294953,781.7628139973864,13774.0,1406.1612903225807,750.9798387096774,-2.5864354620554093,detected,1455.4860405583474,781.4835358412253,46.42953945806312,-17.012967534738436,49.448389241975356,34.85667027551306,-28.942024350876064,45.3059404076611,55.758729311347885,44.09881897193332,210.68907524928358,-0.8122899684160054,-15.203579518684535,42.678793399551196
998,16.649966666666668,1457.7377335744425,781.5037251356239,13825.0,1408.4268292682927,748.5772357723577,-2.5528525851178667,detected,1455.9173270054716,781.1362254673064,33.190544729072826,-19.160774222124473,38.3242420434353,34.41161859870948,-28.404520558899435,44.620357268448544,54.80201164381512,44.04678970207519,212.05284403119546,4.323430378459967,-14.091563677974051,42.336793878062984
999,16.66665,1456.8334699759012,782.2456584929566,13417.0,1408.5113122171945,748.7601809954751,-2.535604996755091,detected,1456.3201306392857,780.626122955045,26.48284056293778,-27.03707292778654,37.84632289647741,33.79433214641392,-28.901670974505933,44.46755525482308,53.58779125080613,44.08521254731387,212.39780387228362,3.6508043276406776,-13.048838026539865,42.509896453624435
1000,16.683333333333334,1457.3527260928706,782.1391561528958,13355.5,1412.2958333333331,745.0708333333333,-2.4531624664322,detected,1456.7498635536688,780.1900276442685,21.754682540607973,-34.2802595237963,40.60052223138836,33.38186644893303,-28.818088724918027,44.10024087657173,52.389312424298446,44.206600056225945,213.85730521157532,9.906320788283788,-11.665905751254268,42.529259203217975
1001,16.700016666666667,1457.905058414119,780.791312453393,13410.0,1413.238805970149,744.1567164179105,-2.454664317104032,detected,1457.301794045693,779.8058807528673,17.27087585319441,-35.43393881166139,39.41886822887001,33.416102611760586,-28.629804946116717,44.00342765072287,51.31139094617556,44.40194054790694,214.17661972002583,9.913885939675522,-11.562797985316958,42.45707653340197
1002,16.7167,1457.7340784505575,779.8401008542505,13286.5,1415.906614785992,741.2256809338521,-2.3961156921980256,detected,1457.9368045897654,779.4583668851046,15.573338576287824,-40.18658260894426,43.09861130242129,33.782040286811196,-28.701032927064137,44.32804458827565,50.46535347397275,44.66094302889922,214.4020176139472,9.093566343862094,-11.65737485513879,42.76775828246008
1003,16.733383333333332,1457.5696001980443,778.4232330734002,13465.0,1415.607142857143,741.6309523809524,-2.4217495087821987,detected,1458.5779615889355,779.0733937997388,23.94267725753616,-42.18907570608508,48.50948261105572,34.26940025114172,-28.823889468517585,44.7795533437558,49.87177654424443,44.97230280559236,214.49968304562663,7.607037357943858,-11.916518231684805,43.16485828657607
1004,16.750066666666665,1481.830934718101,748.4979228486648,6740.0,1419.730593607306,736.9680365296804,-2.9580175580739887,detected,1459.2098381667454,778.664194083948,28.61044509914791,-39.67922335082676,48.918282211215804,34.550254197598626,-29.122621039944903,45.18680251306706,49.49604595217136,45.3239821106363,214.66232658447365,6.475863744853368,-11.855047035963434,43.603956026145354
1005,16.766750000000002,1458.8315957795069,778.0052756163279,13237.0,1416.1792452830189,741.9622641509434,-2.439984235605907,detected,1459.827205626731,778.1715504979372,35.03471715264277,-33.11959045610092,48.211395727001445,34.61114256493078,-29.813545877069334,45.681273049402655,49.25419685339661,45.703499339979714,214.67308460777795,6.367853939622865,-11.503872431564545,44.20904462315794
1006,16.783433333333335,1459.480800808387,777.2862700517873,13195.0,1413.057268722467,746.1585903083701,-2.5509304730526634,detected,1460.5216610876716,777.7748257401574,39.457663232844425,-29.46094988206187,49.24281425497455,34.888458385697575,-30.232483034927863,46.16500361732633,49.04494463670166,46.09821999781147,214.59331911109734,5.0620289766785165,-11.555844258127628,44.6953020178816
1007,16.800116666666668,1460.4914268996922,777.1792210435269,13103.0,1414.3402489626556,745.7551867219917,-2.543805308121888,detected,1461.1465024662168,777.2325529850214,40.665702654470806,-30.683430276105355,50.94283331235565,35.33034887801424,-30.6778811607938,46.79066086686519,48.840311910895075,46.49564224380022,214.89987767043402,2.4742134445573556,-11.424125672634549,45.37461070878561
1008,16.8168,1461.3838607002433,776.2998939025151,13352.5,1411.6913043478262,749.9913043478261,-2.654681387893115,detected,1461.8181530910226,776.7448405957284,39.93332219666536,-36.832229847358576,54.325715616007656,35.94706079651303,-31.004458579748842,47.470702878002186,48.591445828962875,46.88367002197806,215.06042716968096,0.780475182488431,-11.614144342572661,46.02802714565825
1009,16.833483333333334,1462.3119538537064,775.9600392734413,13580.0,1413.3684210526317,748.3377192982456,-2.6277828898047813,detected,1462.55676921151,776.2205649516552,42.24704193535581,-40.57591792901667,58.576596590020564,36.24957065047994,-31.354436188316114,47.928405367081886,48.44638535581902,47.25086706885305,215.2759820068853,-1.3924984074005597,-11.485744044567106,46.53181411436712
1010,16.850166666666667,1462.360513066706,775.3740906237306,13539.5,1414.0567375886526,748.0780141843971,-2.6272363874021702,detected,1463.3631529048214,775.7297267567451,41.98453479171167,-40.40814490075354,58.27108490492297,36.395051726778135,-31.676151682622265,48.2491282368433,48.23558195810587,47.58668562415631,214.80742512951682,-1.6674377228326096,-11.801695688076226,46.78352652912553
1011,16.86685,1462.883570488465,773.9872979214781,13423.0,1416.4878892733564,745.1799307958478,-2.58594259664084,detected,1464.146798729845,775.218869991669,44.901658769850656,-37.09974398729719,58.24560038498273,36.61306500682372,-31.647631440040783,48.39513513731062,48.247189175747344,47.881664426587434,214.6271263064331,-2.2839681154956617,-12.144457975379812,46.84657133070456
1012,16.883533333333332,1463.8909507531648,773.062369307439,13310.5,1415.7420494699647,746.530035335689,-2.637945539241894,detected,1464.8789867539215,774.6262234997027,48.88427548712025,-31.81074746238255,58.323203307227075,36.520025326946936,-32.01163867963357,48.56395021861646,48.23015748942111,48.12759160396502,214.4917048964284,-1.3245018749123556,-11.972331537251257,47.0650670710071
1013,16.900216666666665,1464.656081251577,772.8464799394399,13210.0,1418.0127659574468,744.1829787234043,-2.5905611298259945,detected,1465.6207894362635,774.0650493076516,58.177411568702155,-27.511481373686365,64.35443127096106,36.22113860486294,-32.525222232707044,48.68121776537305,48.37791263492622,48.31762935832023,214.69119990508622,-1.4184096725500261,-11.270324227467341,47.35863970731671
1014,16.916900000000002,1465.4675011975896,772.5356251418198,13221.0,1418.8976377952756,743.4763779527559,-2.5837181344335205,detected,1466.295271079683,773.4487868020249,68.59541832645664,-17.356683108994275,70.75723188429315,36.04166987365284,-32.68576189148741,48.65553409128694,48.64344232604208,48.446398859124294,215.05095605614792,-0.3034602664030437,-10.733623208444378,47.45682596347473
1015,16.933583333333335,1467.1106747499396,772.8529123930809,13113.5,1419.9453125,742.34765625,-2.567489719474084,detected,1466.867970879819,772.8473113281614,70.78033538791078,-9.443691339702127,71.40755690922846,35.56508344280356,-32.81068789329766,48.38818451156201,49.00025889015175,48.51002544941798,214.7514352900583,-0.8823199024338906,-10.518772870894065,47.23104717890037
1016,16.950266666666668,1468.021500445803,772.3740287861419,13085.0,1420.2105263157896,742.1008771929825,-2.577129733492518,detected,1467.479683383264,772.2717612871934,65.743406381549,-5.325006337237028,65.95870810697487,35.12571274922005,-32.85162758797488,48.09412782575137,49.326612941845184,48.50614609911094,214.90793179066213,-0.629422735858856,-10.005983874120908,47.041741230853106
1017,16.96695,1470.11743538152,772.0242093587163,12922.0,1419.8990825688074,742.4495412844037,-2.6093589298323296,detected,1468.0648063842848,771.652228854441,57.49675406412098,-4.9342573018248,57.70808975378256,34.666682057460335,-32.98357977156413,47.850761534380794,49.529288988024526,48.43388289677533,215.10032153055084,1.478324033824493,-9.396541230731586,46.9190834556616
1018,16.983633333333334,1471.4222117782217,772.8454549015,12766.5,1419.9234234234234,743.2072072072071,-2.619372553995229,detected,1468.5856437897796,771.025272171689,45.47607009342482,-14.655475225890314,47.77924136315658,34.20824225849583,-32.82358732228977,47.40877263882626,49.39141838925698,48.293788012838384,215.22307199371852,2.610921969059849,-9.01377246709783,46.54399670238162
1019,17.000316666666667,1471.578744486269,772.238231984167,12884.5,1420.7142857142858,741.8571428571429,-2.6031644654750963,detected,1469.1551226455829,770.3860053593993,31.497716159430638,-27.77024371944117,41.99157724469539,34.110358558096316,-32.66924129702262,47.231301992269735,48.822909163646884,48.08776666790864,215.03152894582124,1.7516389291999672,-9.177769112573301,46.33103109149718
1020,17.017,1446.4807821079416,797.1637337618856,6222.5,1423.03125,739.3697916666666,-1.95624440424832,detected,1469.7145226883629,769.7700349838184,21.728329807629052,-34.55096931117032,40.8153132607179,33.89943138997796,-32.59722507216148,47.02925186486572,48.38048098342801,47.81898494097198,215.21303461730835,1.2393865123906365,-8.900148021442707,46.179409872424586
1021,17.033683333333332,1446.0628346242695,795.7438782443267,6132.5,1427.1458333333333,733.2375,-1.8646744165912703,detected,1470.2540226707886,769.1857747715374,11.263323292911991,-42.913487525485834,44.366990693540195,33.897318912499486,-32.41106309479384,46.898883146514294,47.99914248697664,47.491768678805926,215.42812988508638,-0.11823593529655826,-8.832915915132503,46.0595792080931
1022,17.050366666666665,1471.4944127079575,769.5040088194027,13304.0,1422.7719298245613,739.4970760233919,-2.589582454310701,detected,1470.8432620068531,768.5931575969889,8.759011052187816,-55.93669195215534,56.61831665779784,33.705139945016484,-32.341144266453576,46.71173376333519,47.722620078944715,47.1114984320495,215.3817263853195,-0.8055454909412264,-8.754014950368418,45.88412899277304
1023,17.067050000000002,1471.6998132413146,768.207722657168,13475.5,1422.383233532934,739.868263473054,-2.6200262243168653,detected,1471.517801806124,768.0138772089226,14.672689158336652,-58.97219156776464,60.770117536847835,33.48206141010306,-32.24464841626374,46.48403798895243,47.64889700295944,46.68450347707326,215.32502323547044,-0.9560133011949891,-8.673208980483476,45.66772639117512
1024,17.083733333333335,1472.2572195025466,768.3142337932057,13482.0,1425.958115183246,734.3246073298429,-2.508325039405912,detected,1472.120299941713,767.4840650697287,20.02907181124283,-60.91607338208087,64.12434571916491,33.130025540041984,-31.972270770666306,46.041553954190526,47.54948204160227,46.217955899859426,215.43363952736215,-1.6941627124233731,-8.457699720253228,45.258060121470805
1025,17.100416666666668,1472.231244451021,767.382324652264,13516.0,1426.1415094339625,734.1509433962265,-2.516901584492831,detected,1472.7080524198159,766.9593173824837,22.813692003569486,-58.165369725004894,62.47939482805708,32.77648201157662,-31.52214456599341,45.47464536524275,47.41990704863979,45.71976379449699,215.3775783580158,-0.11156478372775548,-8.474321255399904,44.67806229409318
1026,17.1171,1472.655927516911,765.4053350120969,13502.0,1426.4849785407723,733.824034334764,-2.5416803677684685,detected,1473.2893633546128,766.4381974269564,23.634738046633174,-54.05759424319558,58.99851131931162,32.38795844941419,-31.26271685814135,45.014856635041006,47.48338477160703,45.19846121722712,215.46738876679325,1.0141637336219214,-8.238377352025228,44.254564244594405
1027,17.133783333333334,1473.766184245791,765.2234851253563,13681.0,1426.358208955224,733.7412935323383,-2.555390227668191,detected,1473.845335818122,765.9158223876587,31.497532998815586,-46.67028767721058,56.30462091946868,31.818317354680257,-31.080778859674204,44.47943495377518,47.56921659970592,44.66309183114329,215.58946928082486,3.3509559459788565,-7.786711766179625,43.792547924019644
1028,17.150466666666667,1474.0170481509874,764.3501989559377,13696.5,1426.7264150943397,733.6981132075472,-2.566509203444164,detected,1474.3399241478837,765.3674654826851,38.06531761473525,-44.76358979141014,58.760083186839616,31.219965207459023,-31.019445339466387,44.0101376585338,47.72685921179375,44.12308315969099,215.94696424041047,4.472811230485461,-7.064922528267058,43.43937253682055
1029,17.16715,1474.1787057528811,763.5530118879174,13781.5,1430.2,728.5117647058823,-2.468819686437393,detected,1474.8223261221026,764.8217440751689,36.4511077861207,-37.257911280640656,52.12326938931862,30.791748317563208,-30.931908630654974,43.645328913726196,47.92554062765404,43.588108901150456,215.6544305728193,-0.8882125529436395,-6.989695038635251,43.082002033961025
1030,17.183833333333332,1474.2861931621394,761.9888427094156,13474.0,1429.346590909091,729.6534090909091,-2.5178785959026158,detected,1475.2687110366558,764.31485681772,26.85749244208273,-32.89382020727135,42.46561324300903,30.279976610067497,-30.865736145159403,43.23853202051191,48.08450682348397,43.067937710273696,216.0418878596625,-1.2530702816046935,-6.3233218369076205,42.773663067777136
1031,17.200516666666665,1476.74633770239,763.4509551957508,13618.5,1422.8091603053435,739.5572519083969,-2.724582382928775,detected,1475.6907430978786,763.7824141879456,21.295926109447464,-28.36631860042644,35.47061459574594,29.81662237897556,-30.714864742519712,42.80693736115335,48.202131242647525,42.57226813169913,216.21809557577444,-2.596711223563087,-5.907067736692007,42.39741073457009
1032,17.217200000000002,1477.4784916235756,762.1865257988914,13440.5,1424.8950276243097,734.5580110497237,-2.6578148029128537,detected,1476.050707373997,763.2962269198348,18.94116756160838,-23.35342697411079,30.06909343548706,29.73240122493548,-30.645167868499783,42.69826690029792,48.19599744998799,42.11055084943708,216.3372741193776,-3.742700324993682,-5.79232019121924,42.30355804292908
1033,17.233883333333335,1476.178857235311,761.9492339668197,13391.5,1422.0760869565215,738.0869565217391,-2.7262025500748224,detected,1476.4606761480336,762.7841991523196,13.026060355176924,-25.72712648500101,28.836839035371963,29.465093209890497,-30.539294596559447,42.436307948771656,48.135609461146665,41.69180092664685,216.0797882925264,-5.200154849806484,-5.828684460814511,42.0341131675124
1034,17.250566666666668,1475.1948872558255,760.736687394008,13267.5,1433.2648401826484,724.9132420091324,-2.4345715785037605,detected,1476.894567536287,762.2869515319993,13.092104975422444,-21.55968380991453,25.22346484270097,29.137288458504102,-30.432077940725886,42.13185192350903,47.99555502325666,41.32440410484307,215.75440841564813,-6.122746947462634,-5.863923742561756,41.72178501509627
1035,17.26725,1476.4139653987884,761.5874086565486,13342.5,1429.3476394849786,729.1974248927038,-2.5388454393724267,detected,1477.2980093388614,761.8123693930423,13.805432054594348,-25.042209661334255,28.595492982920295,28.739815166873818,-30.44479465829457,41.86720073771104,47.91309221673194,41.015922446216074,215.54269240957308,-7.86373336032196,-5.687241805183799,41.479124608182865
1036,17.283933333333334,1476.7681584088084,760.981708399929,13139.0,1432.9325396825398,725.1904761904761,-2.456878933870769,detected,1477.6751916486976,761.2875386012706,20.971130870917477,-21.884126324871886,30.31011902002529,28.389532312476675,-30.478502680524784,41.65218686417214,47.79475167336051,40.77290560679151,215.3243338645533,-9.150347916898562,-5.5399970667534895,41.28211601975214
1037,17.300616666666667,1476.3140939252755,759.1643756497632,12985.5,1427.94,730.685,-2.6094996701609734,detected,1478.0250748112646,760.7638804866525,32.11589348393227,-21.301370526207393,38.53802019520541,28.261350480053693,-30.668369385731378,41.70435003373265,47.86649650014911,40.600714754161494,214.96904105786578,-10.95638490267413,-5.5820213874260425,41.329092041398816
1038,17.3173,1478.1830681078916,760.5013261272081,13322.0,1428.9764150943397,729.7075471698113,-2.582414532998812,detected,1478.3706743947662,760.2399442039073,39.95303752029304,-16.202722756858293,43.113494776387085,28.197723547223497,-30.803969196524452,41.761179718801884,47.863557278342924,40.50336647635192,214.65943440269257,-12.487994794141443,-5.6758155991742605,41.37367821200141
1039,17.333983333333332,1479.2117820324006,759.7792096219931,13580.0,1432.9596774193549,724.5766129032259,-2.491023670495835,detected,1478.7043066150873,759.7155068378851,41.34492310982023,-15.525561181722423,44.16385079410935,28.269185235051275,-30.90224563495797,41.88192473056748,47.66520880146152,40.48340384989169,214.12876746332378,-13.013994899216884,-6.062780952477894,41.44078071488508
1040,17.350666666666665,1478.9827062165816,759.0609748533005,13434.5,1430.292929292929,728.0,-2.573744885607131,detected,1479.078718769975,759.2070027455854,43.273750372825816,-13.434242434870157,45.311106156531956,28.499561926991763,-30.832161479651102,41.986274084964,47.37191184555388,40.541801068838744,213.51796898440008,-12.920758170451661,-6.734973563483866,41.442578860839404
1041,17.367350000000002,1479.622367654532,758.8995401529518,13446.5,1435.10989010989,723.0824175824175,-2.4640206220042016,detected,1479.4646406586232,758.7056670441292,47.470899170976736,-13.231472327680422,49.280403083367865,28.84353608584331,-30.771180573178135,42.17600179963104,47.05635391080933,40.677906676145916,212.88515301831498,-12.88902202036804,-7.5142411890087075,41.50122055019449
1042,17.384033333333335,1480.9551472710616,759.5045116273233,13280.5,1434.6237113402062,723.6494845360825,-2.4829819429037623,detected,1479.9193006294986,758.2260391899569,38.84851729114871,-21.50310484223155,44.40259917591179,29.416576357807926,-30.754665709597482,42.558012494991296,46.87291464222162,40.889428582217135,212.40655562471377,-14.305790665242633,-8.353288337842546,41.73016896046192
1043,17.400716666666668,1481.766254715108,759.302536231884,13432.0,1434.0252100840337,724.1218487394958,-2.506524165466712,detected,1480.4190615648117,757.7763806305168,28.810820618778962,-23.260924754204552,37.02882667798461,30.14275776713039,-30.442031612211125,42.84043807533673,46.848936705048224,41.1724619344989,211.47429160682378,-13.796493826577501,-9.813720286799585,41.701247326899214
1044,17.4174,1482.0196186893832,758.2344900492926,13558.5,1431.4201680672268,727.7689075630252,-2.5996354954429712,detected,1480.9328010989025,757.327130831415,24.823730110318138,-27.030236790810704,36.69947244249176,30.84319120246778,-30.080898442868563,43.08320896453928,46.96048877289566,41.521558842487124,210.75443418169914,-14.07068306187615,-11.12345969813228,41.62248838099646
1045,17.434083333333334,1483.5459387813246,757.6807759485674,13454.5,1429.771186440678,730.3474576271186,-2.6713328512473606,detected,1481.46626534295,756.9310460677668,18.4504911752947,-29.538342670392467,34.82720649611674,31.373868233999193,-29.74181231227728,43.23071833295246,47.06215316147924,41.92983725591973,211.1114334998646,-7.819566373762807,-11.493457279765785,41.67487789233786
1046,17.450766666666667,1482.5998737186153,757.0064873966226,13462.0,1433.8406374501992,725.7131474103586,-2.571008455458398,detected,1482.0246616729692,756.5853674935092,12.23363903743575,-33.74998205923521,35.898791248410724,31.744251837612104,-29.47772557151905,43.32013192038463,47.06123507825598,42.38912507967934,212.0259747736186,-1.2174444227295775,-11.280877436529757,41.825538058242856
1047,17.46745,1481.480918057663,756.4259104704097,13180.0,1435.1286307053942,724.7095435684647,-2.5415182828740663,detected,1482.5817261484665,756.1724418901991,9.000825401509246,-33.524543057553274,34.71181132015726,32.03569876038579,-29.439305957431333,43.508145562887826,46.87901770114367,42.89013486743543,211.74296136606094,-0.3680543459918363,-11.755401182229564,41.88996626122145
1048,17.484133333333332,1482.5336538461538,755.806325780163,13416.0,1432.7445887445888,727.7792207792209,-2.628886572143219,detected,1483.1242220076906,755.7334827261851,11.625639051711914,-30.857648456878906,32.97498978997583,32.366091720732854,-29.50453312782115,43.795905840221955,46.62443642340098,43.42266404908276,211.54510602839002,-0.41897829444409085,-12.147431813299649,42.077562532860945
1049,17.500816666666665,1483.0533323284849,756.0265154369835,13269.0,1439.6590038314175,719.55938697318,-2.442718142511916,detected,1483.693751389253,755.3144803850565,16.7680879804293,-29.866135275058696,34.251347576227175,32.6340066911262,-29.47947707462343,43.97747106541846,46.212176553701894,43.975815447255066,211.52273716564076,0.6766493469789385,-12.405338124825917,42.191534071641186
1050,17.517500000000002,1483.3105478941484,755.043384271338,13415.0,1438.4867924528303,721.211320754717,-2.495039508108694,detected,1484.255681667357,754.8760664303135,28.37700890883025,-31.67782723172695,42.529276654264564,32.81866701896834,-29.475949753594232,44.11231708693539,45.84277116196836,44.538232659542366,211.5861762278497,1.3895659056757375,-12.517766255507077,42.298960350708626
1051,17.534183333333335,1483.3133748152563,754.4335109355789,13419.5,1441.8897338403042,717.5209125475285,-2.413716604555049,detected,1484.8113051550397,754.4064010380747,36.07310140678965,-30.601223164747353,47.30437087926653,33.04099693114988,-29.788197286931506,44.48644935044163,45.529992749225606,45.09834463798632,211.58131352037793,2.1556554938362593,-12.547231932082031,42.6803367682584
1052,17.550866666666668,1484.354920090473,754.0292048815649,13411.0,1438.4291338582675,721.9724409448819,-2.53220195835803,detected,1485.403317259706,753.9365030697568,44.78916560542075,-34.00279538787527,56.233970603359644,33.307368472182205,-30.05900472451933,44.865627818747754,45.187590022517185,45.64461353236901,211.5536407132841,2.934069684243167,-12.653120353088257,43.04443175255838
1053,17.56755,1485.3154203249571,753.6266651528913,13212.0,1431.9653465346537,731.5346534653465,-2.748994569341236,detected,1485.9868366223473,753.3991307326767,47.05831527927239,-35.010971907003295,58.65367158837011,33.58581661550131,-30.149267909744662,45.13297500967162,44.78522174256059,46.165779729818766,211.60205613547998,3.2389914352057234,-12.806600079745396,43.27789768023752
1054,17.584233333333334,1485.8497068550812,752.465348767288,13304.0,1435.4292929292928,727.7525252525253,-2.685867921150974,detected,1486.5588185951788,752.8582349961829,45.12305265211762,-33.166141229266486,56.00073932266814,33.86110496522235,-30.346831070643894,45.469820601097645,44.51431065699198,46.65109817483855,211.7073961477378,5.154842509968011,-12.857374938317873,43.614131828932685
1055,17.600916666666667,1486.6290439080024,752.7271494646138,13152.5,1435.1596244131456,728.2018779342723,-2.696919688684782,detected,1487.147716320616,752.2854562335332,41.66219866038864,-35.91610267302622,55.00641079398882,33.95810925206832,-30.779575589273417,45.83159889673504,44.44886786365707,47.090560550496676,211.88268084737132,6.172766914268931,-12.577688131701343,44.07195501328326
1056,17.6176,1489.2902792048812,751.2623714021133,13138.5,1437.3229166666667,725.859375,-2.686924161500205,detected,1487.8195954631383,751.7511679604086,36.4042234018998,-35.204726757347544,50.64227747203843,34.271402300082244,-30.870339308516165,46.1249050366177,44.516049912253706,47.475098669919085,211.686206777245,5.436107806634801,-12.947659542842025,44.270362286744984
1057,17.634283333333332,1488.313357782903,751.3449153717216,13224.5,1439.7761904761903,723.0904761904762,-2.614424224442913,detected,1488.533402161446,751.220190488322,36.47435694379328,-36.16848880010821,51.36670416278228,34.50837969172234,-31.25307362527062,46.55730748201254,44.74178259559495,47.79676529736011,211.65511843336319,4.833194900415415,-12.972538054786934,44.71348942312338
1058,17.650966666666665,1488.0565304336958,750.668291463567,13335.0,1441.6560846560849,721.2910052910053,-2.5771719048295925,detected,1489.212705739238,750.6927873746858,37.751789883745005,-35.34307325331156,51.71392913341026,34.38865503015599,-31.64907339409101,46.7358902930888,44.924263899552464,48.04888941248319,211.3989888276887,3.9337699236518158,-12.863784792659018,44.93068530854817
1059,17.667650000000002,1488.6040308821543,749.4078015490174,13578.5,1439.3960396039604,724.4950495049504,-2.6729380391124296,detected,1489.8289073796525,750.1219909336012,40.022604354059695,-36.59410097111868,54.23040738521173,34.08199891571381,-32.131920032362224,46.84061202692423,45.169573680352634,48.22620355273376,211.76035241018712,5.018175501570757,-12.065262341329905,45.26005280257331
1060,17.684333333333335,1489.4741379310344,749.6274480785358,13514.0,1440.2395833333333,724.1354166666666,-2.66383262136006,detected,1490.488369853915,749.5518935627414,41.09118955006943,-32.59130105237273,52.446913759783115,33.70298170922133,-32.27385135761611,46.663609564044734,45.33807405585351,48.32494133064878,212.00263053700104,5.025779106033967,-11.4771373338653,45.23016444990226
1061,17.701016666666668,1491.0457576766146,748.5121112384898,13520.5,1440.841836734694,723.204081632653,-2.6746667250864498,detected,1491.0879550963944,748.9728710452737,52.245071271852794,-33.08288565422845,61.83869981986792,33.50863744655561,-32.429910970012784,46.63183364449294,45.522153608416204,48.34290361640432,212.36096964075205,5.988989112941846,-10.946344016510604,45.32885903836392
1062,17.7177,1491.8199687565348,748.083754628092,13549.5,1440.8655913978496,723.5537634408602,-2.692926633005564,detected,1491.633948296746,748.3402969837852,55.25750732159213,-32.70450366899877,64.21040940245874,33.2268152050617,-32.77001808921073,46.66792618317764,45.591313129275996,48.27949231018038,212.4547342741837,5.689410177639886,-10.451829871061275,45.48246460543787
1063,17.734383333333334,1493.0268416783424,747.6300420322984,13561.0,1445.156862745098,717.8284313725491,-2.584754738597696,detected,1492.2206528584811,747.747565407721,53.22774286774256,-29.874134970104024,61.03815651710421,33.10056834330368,-32.79084447610516,46.592779549044224,45.60708229696694,48.13571120005591,212.49045265214227,6.115394624209801,-10.305800016089076,45.438723487067854
1064,17.751066666666667,1493.546095891253,747.408736157713,13560.5,1447.3166666666666,714.8555555555556,-2.528076353399233,detected,1492.8073842134168,747.0984070651513,49.01091233378611,-29.17252921155341,57.0360060697539,33.11185828578491,-32.5848075964436,46.456052837441455,45.613290019324545,47.914134178145844,212.84934813110482,6.614651437474626,-10.142221392451177,45.33541871938162
1065,17.76775,1494.47266274539,746.7853845581119,13431.0,1448.3302752293578,713.9908256880734,-2.5237047597303097,detected,1493.370436993347,746.4410122440547,41.56287257548229,-28.67770800133576,50.49636930449213,32.998980538241675,-32.36980338680515,46.22485140986043,45.45831330889919,47.61884206529427,213.01472315566528,6.696074823605612,-10.033820527841275,45.12271416347588
1066,17.784433333333332,1494.9520115911616,745.7806672412286,13343.5,1444.2651933701657,719.2983425414365,-2.660131325050044,detected,1493.936298669463,745.8356292889886,34.55647111003873,-34.34306882021747,48.71956559298466,32.87803676034532,-32.28252101111581,46.077396454745056,45.22814993730932,47.25533034523856,213.33071406489506,8.063195196884974,-9.73172276132657,45.037984370355986
1067,17.801116666666665,1495.6708972919007,745.8489953825034,13355.0,1452.8755980861245,708.4066985645933,-2.422810167401252,detected,1494.505048250212,745.2409640673064,28.18784287307608,-37.113452876403244,46.60432244166017,32.97930684427622,-31.866466998534925,45.85963801533588,45.1534527600424,46.83039102778567,213.67865812369962,9.203954562392331,-9.773028992550017,44.80618599265526
1068,17.817800000000002,1496.3427996120176,745.6870602968802,13574.5,1449.7763157894738,712.6578947368421,-2.524658616690859,detected,1495.1038658984799,744.6962622553857,27.334444906369754,-38.79503358774991,47.45762856921959,33.03465483217206,-31.525937358507445,45.66369615146461,45.309709161929575,46.351972484386216,214.00310065440107,10.271002381381399,-9.755475506886263,44.60945912973869
1069,17.834483333333335,1496.3812470663802,744.4305689369796,13493.0,1453.8225108225108,706.939393939394,-2.4194151476319377,detected,1495.7193592276194,744.1734307110621,24.588142432302448,-38.636464614876786,45.79686830131312,32.925309564047524,-31.409151480373644,45.503964735014215,45.47160416786874,45.829021384330694,214.0795807413096,11.098662888457492,-9.670794746997938,44.46444124878727
1070,17.851166666666668,1496.2540197615488,742.9839331072787,13713.5,1452.108695652174,709.4782608695652,-2.49236542087091,detected,1496.3716126707914,743.6485083555395,24.202696929643935,-37.130439729111,44.322004615600825,32.935728048458785,-31.264410967789633,45.41173389383937,45.56246919979398,45.27131086129009,214.04520882907713,11.249690093572225,-9.787132597790588,44.34453304250869
1071,17.86785,1496.7479243429134,742.8618029968067,13570.0,1454.0,707.2777777777778,-2.447396426699368,detected,1497.00604820446,743.1284420100407,25.849122984124733,-40.07651439265646,47.689665179294416,32.56803186630187,-31.16426200689979,45.076467542157204,45.59165810818245,44.689258846355266,214.28929880142732,11.756807079829523,-9.350758154025257,44.09593232968413
1072,17.884533333333334,1497.8515098425676,742.3959291432465,13699.0,1452.4112149532712,709.6261682242991,-2.516805510614489,detected,1497.5524226504858,742.5977118749887,27.69649895857583,-39.56478609172245,48.2956349274564,32.051853632510806,-31.004948855797643,44.59403743585597,45.6255550040273,44.09374018772059,214.62468768761724,12.401392029528614,-8.758240427789065,43.7255234324252
1073,17.901216666666667,1497.9349092908192,741.8245311831897,13642.5,1453.3778801843318,708.0184331797235,-2.492537070781746,detected,1498.0915251954427,742.0832958678377,32.5368289924545,-29.506583322548522,43.92361210390974,31.63240634017989,-30.9333126495479,44.243405862850715,45.77484316838792,43.49589579544336,214.88011083111522,11.90998265850488,-8.260098954832976,43.46550042966606
1074,17.9179,1498.4647091209397,741.5448706184621,13622.5,1452.5975609756097,709.2723577235772,-2.528449015661961,detected,1498.6147585640235,741.5769246312726,37.0439706235411,-24.437639444029628,44.37853063311322,31.202097650815386,-30.642691144152728,43.73265848730163,46.00075595403158,42.906941655474974,215.39106640251705,13.446758266754419,-7.689675712121321,43.05129853801586
1075,17.934583333333332,1499.372011023262,740.3764997533003,13849.5,1454.4789473684211,706.6157894736842,-2.496796745891632,detected,1499.1157437264606,741.0584563162373,35.098618059655564,-25.987743893325842,43.672369094917144,30.705452789734355,-30.377945757005865,43.19310615640181,46.17820423682726,42.33798017827659,215.95491939644012,14.041227829660286,-7.019059607848163,42.61897724793111
1076,17.951266666666665,1499.6286915231242,739.8053637619013,13759.0,1455.5555555555557,705.429292929293,-2.4791801172773416,detected,1499.564488598766,740.5571683520959,30.76516278805593,-24.816921225277838,39.526887310756294,30.20184999404876,-30.181437570461004,42.69743454685138,46.28395570873433,41.799815963460425,216.71091906078485,15.295365770519506,-6.16987018424588,42.249303175226586
1077,17.967950000000002,1500.5272496831433,740.8858823384645,13544.5,1453.9278350515465,707.5567010309278,-2.5207198520736616,detected,1500.0128473580867,740.084862091851,26.371589860103086,-28.7919452300207,39.044037468965776,29.752981611231473,-30.060937436543558,42.29538833397873,46.283908515881976,41.30277764056219,217.28660892700702,15.55788897445792,-5.460931074641138,41.94136509604907
1078,17.984633333333335,1501.4419224017915,740.0076387627868,13767.5,1457.8976744186048,702.3860465116279,-2.429035198312006,detected,1500.4421452617019,739.6071387377906,18.84373970581055,-33.97247755539365,38.848626196457275,29.447616796194332,-29.844900232253323,41.92708199778111,46.31385100876684,40.85654700396718,217.61453959408334,13.044795517417471,-5.110760195911521,41.61442460335776
1079,18.001316666666668,1501.2513870796545,739.0537825059101,13818.0,1456.1703056768558,704.1703056768558,-2.4830363904695347,detected,1500.8517843760574,739.1310300556678,14.097811641141561,-36.64033598980723,39.258916369597735,29.17814483988364,-29.804904774109243,41.70966896165622,46.398178345249164,40.46999627976393,217.83505212066302,11.689491269109876,-4.762271860117892,41.436906878063155
1080,18.018,1501.285724882246,738.9048201856865,13481.5,1456.7342342342342,703.8468468468468,-2.474885096352824,detected,1501.2589363722695,738.6819998390342,8.009483353077485,-37.92601078756525,38.76253497698185,28.941141114756636,-29.64238382815966,41.42777532091481,46.46309316161471,40.15103416575819,218.06283146277468,9.718253556070488,-4.511099165870871,41.18143455922677
1081,18.034683333333334,1501.0256486839648,737.2101673822413,13392.5,1455.964,704.804,-2.518128415953406,detected,1501.7220422615262,738.228785075399,9.177129773466731,-40.09310129155665,41.12999491920794,29.06152313004609,-29.733763370275582,41.577263147034415,46.604525238530826,39.90646138887956,218.18103638321122,8.034042412434156,-4.464271213537977,41.33689748069783
1082,18.051366666666667,1500.930580423754,736.3262956331444,13404.0,1457.7427536231885,702.4420289855072,-2.4763256795307904,detected,1502.1376638636077,737.787006017702,15.365261544005989,-34.51257708008188,37.778422929289974,28.97009707292225,-29.704502752830983,41.4924572447509,46.71227481718852,39.74183698001312,218.3294380962999,7.142577710177951,-4.303616748830237,41.26866718330833
1083,18.06805,1501.7134251184425,735.9301097215522,13473.5,1456.139534883721,704.2286821705427,-2.533822423821084,detected,1502.5165226304064,737.334861589317,23.767866487534775,-28.67363856611837,37.24364410190911,28.791954928240205,-29.661873216618503,41.33767520444958,46.80867531132772,39.66135722883204,218.60973766202616,6.025335070144983,-3.9890720487981213,41.144752952205984
1084,18.08473333333333,1501.055540748074,736.332774879742,13131.5,1454.9102564102564,705.8205128205128,-2.557369141009536,detected,1502.8777499812124,736.8628285542319,32.25369271495765,-17.826105833363727,36.85201138246319,28.667053288928525,-29.749315162528735,41.313698659279225,46.85764008791029,39.66775021007485,218.6240209677589,4.248484081609526,-3.826652518256342,41.136096404669374
1085,18.101416666666665,1502.9713820410498,735.8151891495419,13406.5,1456.545,703.25,-2.529902809419298,detected,1503.2279139497332,736.3993226288011,38.90519169669733,-5.765093562402853,39.33001709559793,28.677208102528994,-29.65813499283798,41.25514799160409,46.91679563262503,39.76218965439526,218.70092166704646,1.8735971074919877,-3.836373336534429,41.07638586136666
1086,18.1181,1503.9402346857598,735.405839797136,13408.0,1457.872,702.692,-2.524108932766966,detected,1503.602315854067,735.9057088448795,41.47430912231266,-6.1433964505717995,41.9268367173347,28.89638973930281,-29.58591273269566,41.356106830701165,46.86765402887798,39.944232511417475,218.8986939874159,-1.8891303163749198,-3.9104955662828793,41.17081000682947
1087,18.13478333333333,1504.2043125038176,735.1983018752672,13642.5,1460.5390625,699.953125,-2.4624964534623306,detected,1503.9868846179227,735.426693081992,43.47877334772693,-5.966021594481845,43.88618399324363,29.184609191287084,-29.553214422107036,41.53473120566923,46.78957544675271,40.21178457814222,218.61345720923558,-4.2238436414625005,-4.361020739485628,41.30514973265404
1088,18.151466666666668,1505.1539053291149,736.4416899311371,13432.5,1456.886462882096,703.589519650655,-2.5439867257399262,detected,1504.402056572158,734.9430947493909,42.83906467052293,-11.925609341441941,44.46802918963166,29.592514233666467,-29.472537350321932,41.76538466883639,46.75973070974797,40.561097928231725,218.34144947812123,-5.1184694673656095,-4.927043197136847,41.473745934861256
1089,18.16815,1505.6275717859676,736.2785432458335,13390.5,1458.4625550660794,701.7533039647577,-2.5097052506295032,detected,1504.8445791341878,734.5023241369231,32.14614938526756,-19.728553597159134,37.717247345689465,29.93857262057453,-29.509437563359867,42.0371863457017,46.7830936386574,40.986802673857504,218.2428581590269,-6.069419249541209,-5.247352657944958,41.70839634829427
1090,18.184833333333334,1506.016511753713,734.6273482836627,13556.0,1461.1508620689656,698.8534482758621,-2.468465918466139,detected,1505.2802682018635,734.0570640092619,26.273471249522117,-27.457001889966705,38.00239787546439,30.528984175058014,-29.563045243268746,42.49697070164528,46.92394597082655,41.48197409653422,218.06232275564815,-6.682538506559976,-5.810551809123723,42.09786225558237
1091,18.201516666666667,1507.2417582417584,735.2255416899484,13422.5,1461.3259911894272,699.1629955947137,-2.4758136909349444,detected,1505.7426301318544,733.59135310295,18.671567827332183,-36.21213563823994,40.74243748983305,31.085110535283878,-29.679771898511007,42.97875006254207,47.02538361658135,42.03823470684057,217.39757249890206,-7.441210805940288,-6.669488776803142,42.45810731055445
1092,18.2182,1507.179291897314,733.9098091664499,13458.5,1462.6896551724135,697.7974137931035,-2.459756039161312,detected,1506.2415898453244,733.1497423910633,14.42276350082102,-42.29382940287405,44.685390370455856,31.626938554858118,-29.756933825820457,43.425088981682336,47.12448388624962,42.64588954632226,217.26475010365954,-6.750649152932153,-7.152386929986356,42.83201739669507
1093,18.23488333333333,1506.8522965855095,732.4401021523199,13574.5,1465.788679245283,694.0075471698113,-2.3892791309945025,detected,1506.7601877543486,732.7001708963824,14.079450878315583,-42.353438371360426,44.63232773351091,32.228842619466576,-29.685732607113298,43.817131547048746,47.11016555970409,43.29409210697859,216.95266860405766,-6.860572464232269,-7.909383246409185,43.09736272294161
1094,18.251566666666665,1507.1129494815796,732.1325587665759,13599.0,1466.105882352941,693.521568627451,-2.386280052423693,detected,1507.3016580315334,732.255373733992,14.784117866397537,-36.391156754179974,39.279593060453585,32.675105487315385,-29.867123744086935,44.26858479047856,47.09026505179209,43.9710375994229,216.80787671979115,-5.882650415240073,-8.266891396046613,43.4898391121163
1095,18.26825,1506.504536475153,731.4666595691828,14089.5,1464.4964285714286,695.7214285714285,-2.43656897955538,detected,1507.8654484195324,731.7823058532151,15.700801500934176,-33.866541583918206,37.32904775944597,32.879162152086536,-30.24325065041355,44.67318562322301,47.08630344801666,44.66417987373248,216.49340702203844,-5.150392989774741,-8.445813293352742,43.86754781772929
1096,18.28493333333333,1507.6546285377358,731.4103159394654,13568.0,1464.981412639405,695.7397769516729,-2.445341564200375,detected,1508.4275242570754,731.304736371233,23.735230414423313,-27.561140219513618,36.37275921655459,33.12377121837534,-30.546378595518195,45.058467184625826,46.96156983246623,45.360467963471976,216.25643036865029,-3.828270134749383,-8.645155230750923,44.22133824370563
1097,18.301616666666668,1508.307566790872,730.4161126129417,13687.0,1464.4923076923078,696.6769230769231,-2.485393303149363,detected,1509.0187577203321,730.8122147991256,30.181294135366443,-26.690493354892624,40.29010984364615,33.45435654755845,-30.817052904563766,45.48499446777859,46.76051142492142,46.04659785010864,216.28832542837105,-4.977180995091595,-8.72680666492504,44.6399772308059
1098,18.3183,1508.7661562450512,730.6206312660648,13681.5,1466.724,694.528,-2.4321922195146617,detected,1509.6111446883272,730.3117572718068,35.897852878145386,-27.664849789005075,45.32107407276647,33.702995816486336,-31.121163421963054,45.87394401773873,46.55873283237469,46.70927456035153,216.19064414791492,-5.181506979537454,-8.82399553325056,45.017283820459454
1099,18.334983333333334,1509.117684618974,730.4098700852182,13573.0,1465.1441048034935,696.82096069869,-2.4892907567638374,detected,1510.2229482224582,729.8032582151985,41.28882418022749,-30.317585963693546,51.224242511253266,33.900615560586964,-31.36753207401198,46.186294545036645,46.28870706498813,47.335479153197035,215.9714521230251,-5.444963919915345,-9.01137273284709,45.29866405613504
1100,18.351666666666667,1510.1426372625072,729.5539014689766,13535.5,1465.8024691358023,696.1069958847736,-2.495329167526737,detected,1510.8492416871204,729.2482279161993,40.418842696000866,-33.483094406490636,52.48619300271289,34.190014212522456,-31.633860159970755,46.57958974135638,46.0175404724176,47.912734656861346,215.71375106860302,-4.95773290126273,-9.29453216716475,45.64285105322204
1101,18.36835,1510.5484511613265,728.4206083944875,13763.0,1467.195219123506,695.5737051792829,-2.493208704454149,detected,1511.4788871637293,728.6636825906226,41.91635595164553,-37.4835761692716,56.23165815359383,34.435102299958906,-31.824119576104803,46.88870713938327,46.01371417187351,48.42936471990563,215.32763521376486,-3.3525057120090995,-9.691845172787517,45.87612662757796
1102,18.38503333333333,1511.6169263137413,728.4237294319385,13704.5,1464.0604651162791,699.539534883721,-2.595774313100388,detected,1512.1568002956574,728.1331670661641,43.02213863962152,-41.99538833332872,60.120853739729085,34.59924766245791,-31.82005710987145,47.00663754496358,46.10921583266891,48.87473872751446,215.20899100773545,-3.652459751377101,-9.923279444705084,45.94727955326489
1103,18.401716666666665,1512.400789287198,727.3840505339296,13641.0,1468.183962264151,695.5424528301887,-2.517487950026785,detected,1512.9083302853282,727.6218127135791,43.49648330009586,-41.52116361535536,60.13277881030136,34.54387765670234,-32.032531572069495,47.11011104292632,46.06010171693985,49.239497409183656,215.26038834354276,-3.167766719851858,-9.714186599842854,46.097691278200486
1104,18.4184,1512.916460495058,726.9009760840934,13540.5,1466.6417322834643,697.2795275590552,-2.5721932711970594,detected,1513.6158804965262,727.0755220797331,43.13630486517923,-39.051424154830784,58.18723679590041,34.4932530763399,-32.241981308770804,47.215779846398355,45.93033020034266,49.515753492020046,215.30943483286862,-3.5502545079842474,-9.512350294818532,46.24764921995737
1105,18.43508333333333,1513.674292572925,725.6210324676899,13747.0,1468.5245901639344,694.844262295082,-2.543281387778473,detected,1514.3366857578937,726.5932817322583,45.68717713771821,-35.03239581852904,57.57244924092888,34.20976704573203,-32.71177125201684,47.332527291150726,45.81281433217907,49.69726268624749,215.3637747337291,-3.8483569251025664,-8.965404856192183,46.47568886560041
1106,18.451766666666668,1514.2650050927118,725.2885051970204,13581.5,1469.9186602870814,693.4258373205741,-2.51856087530424,detected,1514.99298543131,726.0260585428725,47.06956384028126,-31.516259138461464,56.64643351700943,33.9615792630502,-33.204716292279976,47.49675831139684,45.70608645221206,49.779561160829175,215.36949596050422,-4.732891858613694,-8.473042925669706,46.73488625931385
1107,18.46845,1515.023110326047,724.9987120041216,13587.0,1468.4454148471616,695.707423580786,-2.580215670405139,detected,1515.6046043209972,725.3406076384382,49.46504295814793,-27.173644452984263,56.43755334623058,33.694242219741845,-33.29362070397393,47.36841920882219,45.81838872026637,49.76006659189653,215.35430506120963,-4.864170779864051,-8.215953371508856,46.65045818145742
1108,18.485133333333334,1515.9390987654322,724.356061728395,13500.0,1470.0748031496064,694.1377952755905,-2.559012382495612,detected,1516.2020409767156,724.6569157466358,51.3121261589331,-23.958015961086403,56.62968143775786,33.52616632127522,-33.387794144178784,47.31541636735186,45.909453492531696,49.63814076979334,215.1181899710563,-4.9059532416022975,-8.21647369595712,46.59654693235876
1109,18.501816666666667,1517.0917526656629,724.3002803383647,13614.5,1467.8559322033898,696.9703389830509,-2.6348557224909666,detected,1516.7528201378732,723.9982895762123,49.2051676108631,-25.337319801495596,55.34553545080571,33.17119516197818,-33.34508536842992,47.03427374481213,46.015235094261854,49.4151125942479,214.71871981134595,-4.54487966208512,-8.273699048291284,46.300851080301186
1110,18.5185,1518.0293503366258,724.2776426360017,13566.0,1462.9106145251396,703.8938547486034,-2.7873746279134366,detected,1517.3455348271887,723.3250630726171,51.30519471426123,-29.99653940796088,59.43076123626223,32.96589258554514,-33.22484760581023,46.80427942390539,46.007974306605085,49.09426106482348,214.4196282111761,-4.158077015275235,-8.413888001481698,46.04179689249254
1111,18.53518333333333,1518.8175078203897,723.444826227247,13533.0,1470.0655737704917,694.3319672131147,-2.6032616756211366,detected,1517.9302231345384,722.6778133827349,50.16916111190676,-33.60580640688204,60.38455887831997,32.905668738549714,-33.193541712047015,46.73964320061261,46.026544651494234,48.680758597933796,214.16039982549316,-3.812793012166895,-8.589857431104285,45.94353704095795
1112,18.551866666666665,1519.5005882647442,723.2176704716131,13316.0,1472.5125,691.0291666666667,-2.54098080872944,detected,1518.5091901925443,722.0302149755457,46.365624483388274,-37.409899365958154,59.575764403872235,32.77526032931144,-33.05870416827006,46.55207418514596,45.989826215186284,48.18157571081281,213.97989085469814,-2.6544848143900266,-8.701780468379678,45.731549586903995
1113,18.56855,1519.6414490621553,721.6300355522864,13595.0,1471.165137614679,692.7889908256881,-2.604893699407407,detected,1519.097143364424,721.4384712979012,43.313637096860475,-38.8449883296239,58.18078958631573,32.708764499098535,-32.61388226943315,46.19013522108302,46.004629541272095,47.605348868060545,213.70288270498497,-2.290704848155588,-9.114282372933996,45.281988125173555
1114,18.58523333333333,1521.4282053186748,721.0914301985837,13462.0,1473.264,690.28,-2.572480707283946,detected,1519.6808021083689,720.8925650993617,39.088482909402046,-42.03137212129195,57.39813358078061,32.63540831916078,-32.19563951543566,45.84352822336247,46.093802399313816,46.962214130240326,213.58846518817305,-2.095035533280317,-9.37496434339328,44.87470471798489
1115,18.601916666666668,1521.8184678539385,720.6374396224328,13560.5,1477.8324324324324,684.1945945945946,-2.449708034927339,detected,1520.267148983117,720.3306661089222,32.0889453456839,-43.04551992522465,53.69001023497017,32.48803074361621,-31.97047380270358,45.580514880456406,46.108482160398026,46.263610157240976,213.37007341101898,-0.5214608780179203,-9.546713718808771,44.56953661346073
1116,18.6186,1522.091658702737,719.7881594746257,13603.0,1476.3290043290044,686.7186147186147,-2.5158385561000696,detected,1520.8772745051438,719.8199089066676,27.981410422109548,-43.1879210485904,51.46023565540502,32.41815254842217,-31.595708532675594,45.26837099272029,46.07447759482797,45.522055027937405,213.11653190028986,1.4118900181188652,-9.890069149759373,44.17478856256743
1117,18.635283333333334,1522.9018856335606,719.881678029605,13567.5,1476.7811320754718,686.0566037735849,-2.5087988657910354,detected,1521.4677241523275,719.3165664681785,24.932948698569817,-39.5534380770614,46.75603056848865,32.25150582536362,-31.434383469421146,45.03643072120704,45.87294941037428,44.75090215332685,212.9918343713032,3.335549761320362,-9.9342568934597,43.927105892385285
1118,18.651966666666667,1522.9081796897865,718.3945468734757,13668.0,1478.215384615385,684.1948717948718,-2.488423746697872,detected,1522.0437863872005,718.7519256222412,19.95574700617908,-40.134235311791144,44.82174341362514,31.84714613972323,-31.220683861297136,44.59789028655893,45.61810119876624,43.96408120263852,213.3048147706041,4.654373618419401,-9.473549190946901,43.5800835673666
1119,18.66865,1522.4959992229142,717.4900132347406,13726.5,1480.293023255814,682.1534883720931,-2.444518330889237,detected,1522.5964080313406,718.2188721904693,20.015286830427613,-39.32758088957098,44.1278860306047,31.39555052231471,-31.06515007915987,44.167002864581406,45.4756051205041,43.17583036481984,213.67910382802282,6.029645959842262,-8.899110512269015,43.26118322619442
1120,18.68533333333333,1523.3511889742017,717.0522812203358,13870.5,1481.483870967742,680.1566820276498,-2.4192334370198987,detected,1523.0954897139873,717.6855830835823,21.981778178401328,-35.291756312822145,41.57771801732344,30.75564704549936,-30.925543196749498,43.61535334261723,45.42536947044088,42.400426389325276,214.06762224214273,6.708698147074154,-8.153679692838711,42.84642989407568
1121,18.702016666666665,1523.895792040554,716.6832558530638,13874.5,1474.1544715447155,689.3780487804878,-2.639560434787902,detected,1523.5977675396105,717.1542731161501,23.87474019207548,-30.131718503741467,38.443772957760274,30.16271196333039,-30.615628237005215,42.9779697674209,45.466136048263564,41.651918686064185,214.4716395765833,7.3158958248474955,-7.5379425841927805,42.31176322167109
1122,18.7187,1524.33584932787,715.9793209210936,13911.0,1477.4560669456066,685.0,-2.557645359285158,detected,1524.0698609812257,716.6287143411682,24.512234703865943,-23.61421249866953,34.03646106912013,29.645511259136953,-30.43156694816115,42.48454548110442,45.780137423229746,40.9438733428146,214.739423156725,8.042709006656985,-7.01998390145318,41.9005540626776
1123,18.73538333333333,1524.5364498986337,715.5871090797855,13893.5,1478.3933054393306,683.2259414225941,-2.5299804959109338,detected,1524.5222014373892,716.1341488277775,17.02905329672285,-26.079947270327466,31.14726803117231,29.09913779114156,-30.13737164569432,41.89297065020029,46.136629357560764,40.289132265526156,215.25385615791006,8.622831278027585,-6.367139315504506,41.40628607875257
1124,18.752066666666668,1525.3028979705714,715.586617659546,13739.5,1480.7943925233644,680.481308411215,-2.4737599372157155,detected,1524.9427440432341,715.6716744060988,11.068955775752329,-28.29733141623001,30.385206058960975,28.546045977035647,-29.84804921613952,41.30112326477477,46.379770080886466,39.69959175810608,215.54366018350342,9.473533243391358,-5.875778414843452,40.88102262605206
1125,18.76875,1525.8141162044217,715.6668469963092,13863.5,1485.1810344827586,675.198275862069,-2.358222936666593,detected,1525.3506039384406,715.2046996063569,4.2033335264504785,-39.1141952265898,39.33939858409585,28.105391339640263,-29.580570429645253,40.80347006441399,46.65488923196365,39.18600372483451,215.90758745580007,9.984330592921182,-5.415952923738146,40.44243592101472
1126,18.785433333333334,1525.4177658597864,714.8593274387592,13798.0,1478.9595375722542,682.7225433526012,-2.53643521130996,detected,1525.7523946175343,714.8373023450133,4.7752853160200175,-43.462069616052304,43.72361884794045,27.562609558643654,-29.989019396277833,40.73129914491511,46.812478223717264,38.75780136602984,216.2841901322423,10.572216191316501,-4.470763295836431,40.485194893753004
1127,18.802116666666667,1524.0066671651464,713.2145954837745,13374.0,1479.207446808511,682.4148936170213,-2.53930170192067,detected,1526.1555550271787,714.4566310580052,9.448150890157194,-35.195941884421245,36.44203452573327,27.079328244174597,-30.222396229672857,40.57934514034321,46.810355979319844,38.42294994571636,216.43647168436314,10.514830843427676,-3.835728232026163,40.39765390402187
1128,18.8188,1525.1776667412437,713.1124244910135,13409.0,1477.7512437810944,683.9800995024875,-2.5907511797368903,detected,1526.5263850564766,713.9879861245804,16.20907745765453,-28.630109697505304,32.90011205633549,26.758203574948823,-30.191889654006832,40.34292576695608,46.7838880991316,38.187822234502335,216.67765543129659,11.401787988136755,-3.4263200213166556,40.19716396152412
1129,18.83548333333333,1524.5524886418436,710.4131703850351,13133.0,1479.1308411214957,682.696261682243,-2.593696954378472,detected,1526.8664974402323,713.5420794751261,25.371879837334745,-21.10802507307062,33.004257436966085,26.53392237382157,-30.260721202811332,40.246245592033354,46.94830357307191,38.05709781722828,216.98159628472203,11.060422520442584,-2.992467680000022,40.13484049349667
1130,18.852166666666665,1526.033314490296,710.8335406067458,13267.5,1478.5608465608466,683.7619047619048,-2.623328123892656,detected,1527.1989711101062,713.0688185143565,34.563654935959676,-9.7050175412096,35.900328800824035,26.38163857825806,-30.444751142486446,40.2849069280514,47.23075359473324,38.03368565265617,217.29384009262725,11.114132026221272,-2.5410502764135465,40.20468616585015
1131,18.86885,1527.043878194429,713.4076876475897,13480.5,1479.1236559139784,683.3709677419355,-2.5816951404120325,detected,1527.5116735044603,712.5607804815269,43.12031953000587,-3.7287083190740304,43.281234063951295,26.326242543851095,-30.419522365121132,40.22957105662177,47.5096005130434,38.1186699151554,217.67685181336552,11.241747853070358,-2.243810274046872,40.166947890695674
1132,18.88553333333333,1527.992672483741,712.8295447452846,13351.5,1481.980198019802,679.559405940594,-2.515552120218261,detected,1527.8125791212797,712.0772533475358,41.61568730361523,-2.740405177138655,41.7058179429102,26.399166734098877,-30.446515635027236,40.297721009614314,47.74263409666916,38.31127994883444,217.96886191157643,10.686705675582619,-2.07995193975389,40.24400723706605
1133,18.902216666666668,1528.4997380631642,712.3800703487502,13362.0,1485.1884057971015,675.9565217391305,-2.4423641488071763,detected,1528.0674890152052,711.5897233039392,42.023561424558466,-0.993760952822413,42.03530986724129,26.860592222300593,-30.49778659628424,40.63996065211198,47.85327843466436,38.60888582099584,218.20496490744986,10.673429587532876,-2.244978052976535,40.57790624646451
1134,18.9189,1528.6671757241652,712.4493487788827,13423.5,1484.3841807909605,676.7514124293785,-2.46312389512687,detected,1528.372048736048,711.1299039047927,36.00311278121808,-14.925385648290103,38.974238500415794,27.3544230040699,-30.552443245269462,41.008733778806196,47.972609371291185,39.00702123307433,218.37320935822888,9.524554488638566,-2.4790403000213033,40.93373431940788
1135,18.935583333333334,1529.7169419721886,711.2963410614218,13651.5,1485.3103448275865,676.0948275862069,-2.471313222627749,detected,1528.7433629903444,710.6755598670381,31.463190791138913,-29.069875401896752,42.836783616903475,27.73189064379325,-30.475361046861654,41.20443410139108,47.933827494816185,39.499435317172804,217.97786017288112,8.151040949748747,-3.106399145770588,41.087171647158144
1136,18.952266666666667,1530.037767321433,711.2132596409988,13389.0,1486.938596491228,674.5438596491229,-2.436625913261374,detected,1529.1374056918319,710.2314833118421,27.987268345823395,-31.432892767847534,42.08698061415347,28.16221989081841,-30.53142408963413,41.53647175820184,47.746834612642964,40.07817417381575,218.04716929065376,7.345391688269566,-3.3610285046285355,41.40026537971676
1137,18.96895,1530.560398082408,711.0304144668972,13732.5,1486.6883116883116,674.3419913419914,-2.445130290200061,detected,1529.5545719062034,709.79644009003,26.436907877674457,-36.65423028114583,45.19339216783703,28.621357556314667,-30.53978803673657,41.85523577397706,47.474375394718734,40.73369211438402,218.26332383532053,6.7120376299152085,-3.560140839653126,41.70355091472479
1138,18.98563333333333,1531.078864161498,709.9604888726742,13705.0,1485.5043103448277,675.6810344827586,-2.496709204232725,detected,1529.9667756358226,709.3406790496764,22.480261973221786,-35.5799044723085,42.08671738973331,29.085482202926404,-30.782391967755512,42.34998146674078,47.25261961640466,41.454991732586755,218.57648575916744,4.185885364619669,-3.5437133203026256,42.20145763047525
1139,19.002316666666665,1531.229927896327,709.2685861833771,13684.0,1490.5369649805448,670.1011673151751,-2.3752948061639665,detected,1530.455535976219,708.8655990376396,17.92635220194461,-34.3222438855405,38.72170616859085,29.664974287543917,-30.97281192669702,42.88736151976695,47.0774743484935,42.2297913124389,218.56645219457775,3.4544577854368312,-3.8854880953644297,42.71099109582882
1140,19.019,1531.5321427700114,708.607980189807,13663.0,1492.962962962963,667.2222222222222,-2.3209819813542825,detected,1530.9499503992665,708.3825246295136,16.71537679649191,-35.320626575547976,39.07621377690021,30.309536876870453,-31.133770861589117,43.4508885266148,46.923600833317046,43.04471768874131,218.77698617350515,3.692673978151274,-4.130207401156813,43.25414547272591
1141,19.03568333333333,1531.9500884189251,707.4154366210738,13854.5,1493.3979057591623,666.9842931937172,-2.3324096418449587,detected,1531.485635476447,707.8906115890329,15.113279814628186,-31.358576708991222,34.81050933222515,30.800873681337226,-31.386004521196536,43.97470976980134,46.793718050703795,43.88552240142028,218.88511822601842,3.2801482880489825,-4.272685460030232,43.76664549971711
1142,19.052366666666668,1531.703436895834,708.1992439075449,13534.5,1488.0405405405406,673.6666666666666,-2.472430916432417,detected,1532.0406383871368,707.4123810221178,16.937453852392537,-27.32047944950409,32.14476536471688,31.404381093574106,-31.555632839832214,44.519581262549316,46.69224246186265,44.737318693755874,219.02264936392257,2.7457399332729846,-4.529677568661185,44.28854408215176
1143,19.06905,1532.145599095612,707.1133188336344,13563.5,1488.8190476190475,672.8380952380952,-2.4723079883287835,detected,1532.598512417624,706.8843037446765,19.800001550711386,-25.516162946966688,32.29728522560881,31.963930770636104,-31.80789389549671,45.09362465334977,46.59635427629097,45.58483649344723,219.21350317220654,2.200503180962144,-4.656180493235205,44.85259153707409
1144,19.085733333333334,1532.5395672900622,706.6559955995599,13635.0,1488.03738317757,673.8457943925234,-2.506287544595602,detected,1533.1469687680126,706.3354273401892,23.049083793212958,-26.16261370252596,34.86750090634761,32.39101308814534,-32.13066611182524,45.62408830503902,46.428927956544996,46.41269192818964,219.5214294430579,1.7688237126330544,-4.539105978577563,45.39773067655739
1145,19.102416666666667,1532.7463136605993,706.8411104982533,13597.5,1488.32,674.245,-2.5085977512384017,detected,1533.7248392749407,705.7753262655394,27.440063605286923,-26.82022527204299,38.37032152986635,32.86511738128244,-32.43702302850473,46.1765785159232,46.26492951327736,47.205667157727326,219.66058688205513,2.6707796455059567,-4.598287829566559,45.94705814819572
1146,19.1191,1533.62758697426,705.9956605593056,13481.0,1490.8942731277534,670.9911894273127,-2.455290790175769,detected,1534.3200116135486,705.1823008150222,29.784174029708083,-47.0397670792031,55.67617721698947,33.360009134145926,-32.584654805051024,46.63314205792522,46.06622833595405,47.94899541066935,219.7351905498639,-0.07686819206356561,-4.824660309172511,46.382891146366994
1147,19.13578333333333,1534.0061548667677,705.5153748817553,13566.5,1488.9680365296804,673.7214611872146,-2.5268956068146644,detected,1534.9342182691437,704.5517021913482,28.80796984205608,-55.79051760705033,62.78917885498588,33.835633083772095,-32.63031490549919,47.00624976544816,45.88427386365678,48.62864523396248,219.67610299263072,-1.1564993179229017,-5.209411122075128,46.71669458312409
1148,19.152466666666665,1534.6458782409609,704.6556696260031,13685.5,1492.9234693877552,669.3418367346939,-2.4391924861832823,detected,1535.5646655801904,703.9173554933823,31.236090088184028,-54.87012976409005,63.13813795421298,34.222559478033254,-32.63482714636591,47.28864049748845,45.77403875231154,49.231597299062585,219.706672948902,-2.4320846812729195,-5.479274388041333,46.97012957488258
1149,19.16915,1535.4078573875593,704.3254049821367,13622.0,1492.13698630137,670.0182648401826,-2.4712291110621063,detected,1536.2335735777394,703.3066685934675,35.40325315544851,-55.66200587891899,65.96703140549518,34.570982803338666,-32.60493507265633,47.520886387786085,45.73022184156896,49.74610686133844,219.83165682528394,-3.3968842030764,-5.66351324876727,47.1821921996203
1150,19.18583333333333,1535.342124404314,699.8500627037872,13290.0,1494.6145251396647,667.0279329608938,-2.463268099848285,detected,1536.935237433101,702.7416325085195,38.04377587362251,-51.40742823486562,63.95351874952058,34.82281877733218,-32.61791258673617,47.71327833124528,45.58289921397218,50.161945217987366,220.1224657400157,-3.198649641843845,-5.608172755529711,47.38254243346398
1151,19.202516666666668,1535.6675382419442,699.8490280040926,13194.5,1495.698113207547,665.5157232704403,-2.431902985350934,detected,1537.6321552583815,702.148944934823,43.355672597809644,-41.50071794184714,60.01686376425559,34.85828629425525,-32.5791306297671,47.712680452513794,45.37704143633515,50.470614159675975,219.96957222757254,-3.9024561282409227,-5.786687303199315,47.36047007810083
1152,19.2192,1536.9577938702362,701.5390851681174,13671.0,1496.960591133005,664.4827586206897,-2.39434263834401,detected,1538.2520857511631,701.5204681455003,48.85821203011801,-32.780065252062286,58.835852681077284,34.67315272244014,-32.71884476294798,47.67337120799773,45.314489767518026,50.66552827007521,219.8022837945611,-4.741699595025425,-5.693275414676037,47.33219768179154
1153,19.235883333333334,1538.103578222015,700.2886863103997,13931.5,1495.0140186915887,666.6168224299065,-2.478272283338171,detected,1538.8745122985922,700.8833318810022,61.57214812838993,-24.43531165943432,66.24359501897581,34.63927149263301,-32.714752919659254,47.645925199692485,45.34041863618165,50.742160820453755,219.41398986229953,-5.5709259099299,-5.9903349602506,47.267854565218954
1154,19.252566666666667,1538.8541058624294,699.7283416807793,13876.5,1496.585,665.26,-2.4575017310588434,detected,1539.4598364498893,700.1674489230375,69.60227201475573,-15.977137722845328,71.41250030233373,34.4042391396092,-33.028354470605485,47.69196860910004,45.38341146407244,50.69814983106827,218.93288209864292,-6.185330287579622,-6.00712544152049,47.31213706588639
1155,19.26925,1539.947974284328,700.4214095099467,13740.0,1496.585152838428,666.0174672489084,-2.4708907802746287,detected,1540.0671338121958,699.4542142187594,66.07535502565133,-24.031938506631377,70.30993251420726,34.30358561157833,-33.1401855225674,47.69704269953295,45.37266791971114,50.53336162058918,218.2479753063646,-6.4701543806361,-6.423968379320076,47.26246409723646
1156,19.28593333333333,1541.1025696316262,699.3313926325247,13912.5,1497.175,665.5375,-2.485847623565689,detected,1540.6893579914301,698.8296454869916,58.48944963277518,-34.40127928970378,67.85619894389271,34.254444121616636,-32.743060019650684,47.386442381037675,45.19271565711737,50.24990992979821,217.80486994016456,-7.402651430033042,-6.993884728739619,46.86747804109483
1157,19.302616666666665,1543.8816729254104,698.765959796775,13581.0,1500.0408163265306,661.6887755102041,-2.439587339843541,detected,1541.3228765887407,698.2095714666626,51.143330992207666,-35.13855173359934,62.05125399952322,34.27099463946643,-32.30778555195181,47.098769419691244,45.08453566782674,49.85212961533465,217.42036874467613,-7.625872935768638,-7.585886216192215,46.48385107931816
1158,19.3193,1544.06602248512,697.7347466137605,13609.0,1498.787234042553,663.2446808510638,-2.490628552467524,detected,1541.9618176286774,697.6116294125803,45.65396181627875,-40.74639355467389,61.19275134551974,34.25461035867811,-31.879671255316058,46.794142477150736,45.007834898377524,49.34650503818226,217.22794796281576,-7.539234219426788,-7.987911497018917,46.10732089470907
1159,19.33598333333333,1543.4205776173285,697.5488838134531,13573.0,1503.867469879518,657.6987951807229,-2.3524543446604,detected,1542.5899432109463,697.0516343166272,36.54686765405131,-44.430609494693726,57.53044928898705,34.17242142285102,-31.37074805075238,46.38834141424666,45.05020574310703,48.741554585917235,217.01424276593667,-7.688732926181879,-8.400581306052445,45.621359612413066
1160,19.352666666666668,1544.0176607597368,696.3956682514527,13882.0,1500.9014778325122,661.3152709359606,-2.458598922605107,detected,1543.2236631746798,696.4930165067079,30.43180421278703,-41.201809618601146,51.221907651832495,34.214424911547866,-30.971567221596167,46.15045880800967,45.00292037334073,48.04767413996131,216.7188010714131,-7.570016060274726,-8.90804659175015,45.282574508402305
1161,19.36935,1544.5523785485923,695.830184370568,13867.0,1500.3560975609755,662.6048780487805,-2.496961612752341,detected,1543.8500139807663,695.9628703550597,22.31962860339536,-40.47973682048678,46.2252627255852,34.23582345577749,-30.498181099635,45.85008896481334,44.96434940887512,47.27694356571834,216.62089114541442,-7.808216760614298,-9.284972306913605,44.90011077203647
1162,19.386033333333334,1545.4834462966355,694.7470965378275,13647.5,1495.964467005076,668.4619289340102,-2.6536019464363663,detected,1544.480180946525,695.4534476751227,26.670901329526714,-39.08131522981057,47.314756448925884,34.23784593179806,-29.923869494625453,45.47161817640666,44.847112114448926,46.442901309783984,216.25575729355864,-6.791431349424289,-9.912194137187239,44.37810796966933
1163,19.402716666666667,1545.4849171816154,694.543517739832,13674.5,1501.9953488372091,660.4,-2.476005365561697,detected,1545.1282684453488,694.9768785116361,31.49179844354876,-37.29973184235405,48.81601545313403,34.140556098447945,-29.586339459204293,45.17664278481237,44.78050550840281,45.5602928135406,215.91709416533388,-6.686995697450683,-10.293537038793954,43.98831831904372
1164,19.4194,1546.524040920716,694.1109609061016,13685.0,1502.4736842105262,660.133971291866,-2.484584812307827,detected,1545.767534582786,694.4872994561216,31.566708414438835,-33.66577813626509,46.1502079913236,33.946152733543684,-29.165401398299835,44.75446261696173,44.75595015523996,44.64479865827558,215.90706961021766,-6.002919734246165,-10.390640902402485,43.53155758493309
1165,19.43608333333333,1546.225035575838,693.2685607733451,13586.0,1502.5572139303483,660.273631840796,-2.494524122958398,detected,1546.390958671396,694.0153261084331,31.665034532528807,-32.10876730338941,45.09597930735567,33.72012369115752,-28.80127190872963,44.345913062057264,44.7000558745273,43.712748229705845,215.91196154083718,-4.153629747846739,-10.417435905126037,43.10495371149506
1166,19.452766666666665,1547.1507540096063,692.6289003078323,13914.5,1502.3761904761905,660.2476190476191,-2.515460667865977,detected,1547.0109383496788,693.5430252860785,32.08365741235502,-26.767867775809464,41.783726715272564,33.42650666283136,-28.588073221566148,43.98419350405253,44.740187485356266,42.780824386046966,216.03609286645462,-2.6976455891059223,-10.212015903891764,42.782286163558375
1167,19.46945,1547.855110951612,692.4795382498953,13932.5,1502.0454545454545,660.9141414141415,-2.5382498028596627,detected,1547.5965202619423,693.1247431894667,34.05770332067823,-21.211926218756616,40.123222320612676,32.99520710985425,-28.192920503891102,43.39959053678847,44.898764932068595,41.86576424724331,215.99416165917273,-2.6476522063817165,-10.126600717820395,42.20161628021774
1168,19.48613333333333,1548.4215046827217,691.861620795107,13952.0,1501.2976744186046,661.7209302325582,-2.572558934313033,detected,1548.1573232217652,692.6934565708699,32.507672634224946,-15.290020752067448,35.92399636305224,32.56960662957391,-27.832504399661396,42.841890448045774,45.18527873720371,40.984060826234796,215.94963154469045,-2.5549620307396115,-10.02644968609231,41.652105395221206
1169,19.502816666666668,1548.931242417755,691.361569019244,14013.0,1506.1232227488151,655.6018957345972,-2.4456654750659728,detected,1548.699071682453,692.2688401077157,31.38075075120014,-11.844848963467484,33.541794297209336,32.10296429976563,-27.41620625970458,42.21668725168628,45.48255127214116,40.15166980513157,215.88545463678298,-2.971295623726795,-9.939048776597556,41.030037678792176
1170,19.5195,1549.57139494097,691.7568181550666,14159.5,1498.9673913043478,664.7391304347826,-2.6511910225869944,detected,1549.216581912819,691.8936803490794,24.373666621955635,-15.167071794644016,28.707415268918243,31.551293954608422,-26.94729340456186,41.4926592548809,45.80657061840693,39.38372536050298,215.91597026852122,-4.016216211569766,-9.745472473015395,40.331954308207685
1171,19.536183333333334,1550.0515593561367,692.1461507138066,13916.0,1502.8743718592964,659.6683417085427,-2.538679565864124,detected,1549.7231892629277,691.5558468620159,17.860348386086116,-17.665138504876268,25.120691926553917,31.048759225085306,-26.685879279035223,40.94095263074079,45.89066755501919,38.694268637853796,215.9722041959054,-4.373800565506561,-9.452733659539172,39.83475152017866
1172,19.552866666666667,1550.3098479650428,691.8419703152649,13845.5,1501.3815789473683,661.7368421052631,-2.5900055064280227,detected,1550.2147612899464,691.2485547194942,15.872908195708078,-20.270527956108708,25.745747575255244,30.463314294066517,-26.51548169924716,40.38668453243208,45.86210198430557,38.09599235180649,215.51448445714183,-3.3931761895528427,-9.393108779023509,39.279177626162436
1173,19.56955,1550.323059070965,691.0874762785413,13788.5,1500.8367346938776,662.2602040816327,-2.6141177377845235,detected,1550.6691401783605,690.9312670839188,17.205749721561006,-22.390999111977635,28.238177432574858,29.98301034036933,-26.36236397706445,39.92436779123646,45.88151827339701,37.60000511184943,215.42314772486344,-2.5349733618879284,-9.15306476915479,38.86099006538018
1174,19.58623333333333,1550.1750582159964,689.691063090455,13813.5,1502.5373134328358,661.1641791044776,-2.6020343044083787,detected,1551.0971992009622,690.633511849364,19.04710442427131,-25.863876434074427,32.12058983185343,29.610781492527487,-26.214768269798537,39.54759734847927,45.85698175363686,37.21561945626222,215.2355057727944,-1.578235463958096,-9.061405805271049,38.49549818965387
1175,19.602916666666665,1550.1289808722076,689.8025095271355,13601.5,1504.6519823788549,658.1674008810572,-2.53380642741212,detected,1551.4706648370404,690.2102159447638,22.695287014143105,-24.82627604750678,33.63658774372546,29.243446371061225,-26.679898860044638,39.585302308298026,45.854294061446545,36.95016814932069,215.08372236908605,-0.47038775074648453,-8.595413560278555,38.64084658191542
1176,19.6196,1551.1256935238375,689.2557568615898,13578.0,1504.8034188034187,657.9188034188035,-2.546814187000088,detected,1551.8119911284139,689.7571793170453,26.999508810692532,-19.62271226924213,33.377002753694484,28.884283603776392,-26.939637831686046,39.497416697877796,45.94061978870559,36.8088538880687,214.9297869497715,1.469089717455716,-8.256017545479887,38.62491553511184
1177,19.63628333333333,1552.0662483333945,689.3435592577642,13625.5,1507.4102564102564,655.448717948718,-2.492342979323426,detected,1552.15537590075,689.3864165053898,31.454728999315194,-13.350346334138067,34.170626620853675,28.670801149745554,-26.984054686913638,39.371995706524665,46.06094365880117,36.79463790009064,215.4136915040439,1.1259873779002154,-7.729787028109369,38.605756545037025
1178,19.652966666666668,1552.4675176270362,689.000668611719,13710.0,1508.8953488372092,653.6240310077519,-2.4596321699604853,detected,1552.4926269021312,688.9794024286266,33.625805439591204,-10.10351072317826,35.110906003614026,28.633896082302353,-27.09466489539042,39.42107140408023,46.00161943827131,36.90817266246627,215.4828741388227,1.4055485019625962,-7.588910165281337,38.68370862713245
1179,19.66965,1553.0035549062577,689.0451302654005,13690.0,1511.8333333333333,650.1025641025641,-2.383993816586294,detected,1552.833320116861,688.566801462931,32.88009661121123,-13.0465207355046,35.37389512712073,28.630052675140586,-27.22673553729641,39.509176708699,45.79626118335857,37.147782869845535,215.6586309909587,1.5804547329956367,-7.390096997671561,38.81187331943937
1180,19.686333333333334,1553.4255633542666,688.923075975865,13535.0,1508.25,654.7798507462687,-2.494396426067708,detected,1553.1789140966068,688.1856828380137,30.673380478925537,-15.71246662654039,34.46357319685635,28.774129787547142,-27.16487405600693,39.57121336918197,45.63651444098496,37.50949677956404,215.5126585869573,3.274329310489565,-7.642165076882408,38.82625710066585
1181,19.703016666666667,1553.9839909780703,688.7650007967736,13596.5,1509.389344262295,653.7049180327868,-2.475326338009572,detected,1553.5892463194436,687.8906575611697,30.386749549697925,-20.04917367960479,36.404998467669586,28.80150439946686,-27.74277285189019,39.98984997701397,45.454146815438286,37.98712742055945,215.82976657070364,2.5422105239921473,-7.111066601489412,39.35252003332526
1182,19.7197,1554.3144053042931,688.1817362422985,13498.5,1508.3787234042552,654.7914893617021,-2.5130458957833466,detected,1554.0330358902786,687.493499595603,31.372430220601018,-21.92936889458315,38.276972164229385,29.40702763377999,-27.905652832128563,40.54008799005233,45.45306887100142,38.57240037525676,216.0569199644885,3.0516679252336987,-7.348650573346223,39.86848465883853
1183,19.736383333333333,1554.767316687929,687.651807302108,13717.5,1508.7154150197628,654.8339920948616,-2.522442559218874,detected,1554.4975832191867,687.0742820503813,29.285783570229796,-28.765935287978664,41.05040989216207,29.927085382099744,-28.161363294014453,41.093707815734426,45.46705202234972,39.25512250378206,216.13189357602147,3.5339789399888226,-7.5657270440004005,40.39124405537212
1184,19.753066666666665,1555.6073605422275,687.0720206748585,13672.0,1510.6565656565656,652.3939393939394,-2.484493258497626,detected,1554.9306694027878,686.6646536218088,26.81238236056197,-30.380098495190396,40.519800498354435,30.34341638872508,-28.420246647611624,41.57443129677939,45.491342511343525,40.023384518201674,216.5156211905023,5.104103110883386,-7.475603251123033,40.896805421480394
1185,19.76975,1556.2115664477626,686.654730894816,13628.5,1508.1936936936936,655.3333333333334,-2.5636119146467014,detected,1555.3868900525722,686.2225129736872,24.846692011406958,-31.598116634372673,40.197003355338985,30.7451617692998,-28.776773391258995,42.11137208679249,45.473954497000776,40.86378990580998,216.7694432398481,5.733503856330941,-7.402759172890214,41.45560053431231
1186,19.78643333333333,1556.6257374631268,686.5094641101277,13560.0,1514.3231441048035,648.5938864628821,-2.41082861947173,detected,1555.843313196796,685.801527610822,22.537410209265545,-32.37700079757815,39.44876474095333,31.2315742633021,-29.34659983135612,42.85596985982122,45.50958934325174,41.76170323092431,216.94517068595857,6.192050831750795,-7.321831073468736,42.225880006904454
1187,19.803116666666668,1556.495172447508,684.9892205030432,13637.0,1513.042194092827,650.0337552742616,-2.4641481376107115,detected,1556.3385829034962,685.332075070568,19.945194190006987,-33.30786796008442,38.822993693473805,31.743912529036105,-29.970315183833343,43.65656622856872,45.409357278989965,42.70151198523693,216.94674809417057,4.673682090035897,-7.355228334998909,43.03250388961158
1188,19.8198,1556.7352541283497,685.2376891130228,13484.0,1511.3545454545454,652.7545454545455,-2.520346539117581,detected,1556.878868617259,684.8776735571806,18.77166345797923,-32.48479694894445,37.51849386361056,31.9495916781324,-30.709939332732564,44.3156494053681,45.16068003568288,43.66689749686128,217.25150829757573,4.544595105502735,-6.842244697266011,43.784249105383054
1189,19.836483333333334,1557.26772314376,684.5375320892574,13504.0,1514.5541666666668,648.7666666666667,-2.444424312125295,detected,1557.4008111477249,684.3133384398424,19.702606774170818,-30.532171403472375,36.33739402197987,32.469529366516895,-30.99333814589034,44.88716238200633,44.915407902697496,44.64111158825445,217.4075151381382,5.038879216474386,-6.963847837882451,44.34368241361361
1190,19.853166666666667,1557.444244714284,683.748633478851,13629.5,1513.85,650.1125,-2.484427304234343,detected,1557.9286277125318,683.7287538347116,21.576040388069487,-29.78286655510874,36.77695826284469,32.791772057834976,-31.352105759423964,45.3679936766341,44.638494958808295,45.60725646017691,217.867701080466,3.8263714179987023,-6.641631358998037,44.87921103511387
1191,19.86985,1557.8254858819216,683.1855885588559,13635.0,1513.396887159533,650.8249027237355,-2.512075722094621,detected,1558.4886503586356,683.1279354042965,24.603563733150622,-31.43050567011278,39.915060253621014,33.13763713374528,-31.75833354738437,45.89874447645266,44.40635868372055,46.54856557654254,218.04433152219235,3.5136786808583347,-6.525281317898482,45.432537329946456
1192,19.886533333333333,1558.4921431449395,683.0378862801118,13650.5,1514.074418604651,650.460465116279,-2.5087790651414066,detected,1559.0571823207943,682.5063647921221,24.397002372774296,-39.39357759823565,46.336461677229615,33.56868847098267,-32.035340429166126,46.401722835197084,44.18296052404065,47.44868315517839,218.21881951937274,2.7133645604396603,-6.55417369057076,45.93650715180989
1193,19.903216666666665,1558.8999400985315,682.8918106135621,13633.5,1513.5418719211823,651.448275862069,-2.5354253575911705,detected,1559.640738282172,681.8468126762092,26.539701333377707,-41.70551863950959,49.43385511828278,34.02155801741784,-32.220290230093546,46.857374152250465,44.079926671465486,48.29193935010551,218.27873281169053,1.6998038909727289,-6.747066387449362,46.36906951414208
1194,19.9199,1559.203686038548,682.0672390177086,13628.0,1511.6839378238342,654.0569948186528,-2.6089708616175096,detected,1560.258257849817,681.2031899658515,31.258429718852312,-44.33595402582068,54.247269496889096,34.38077385747795,-32.546388854564704,47.3424232429179,44.02616353654146,49.06361752337541,218.61696622639806,1.3952484405467638,-6.550366924777411,46.88707424933182
1195,19.93658333333333,1559.7228134110787,680.5021137026239,13720.0,1513.65,651.96,-2.586958083533353,detected,1560.9167937238794,680.5684367097555,36.95128994614697,-47.01355829154841,59.79692711098993,34.63523967105521,-32.70344000324072,47.63522661977166,44.08206113997973,49.75020933964544,218.76100702165056,-1.8048662987020665,-6.532570704024469,47.18517071192943
1196,19.953266666666668,1559.850958160719,679.3201419676817,13759.0,1522.114754098361,641.775956284153,-2.3587451938091597,detected,1561.6019145905054,679.9682696609143,42.28147433668073,-44.50779089303751,61.38946589001849,34.79139831909332,-32.78840387873718,47.80712107953162,44.24683298561518,50.33965292348712,218.84765349351846,-3.230062303683217,-6.529531918057025,47.35911780052571
1197,19.96995,1560.977705471198,679.0064834899975,13830.0,1519.3362068965516,645.0603448275863,-2.457652051793713,detected,1562.2795042208438,679.360389190499,47.99699137022344,-42.470665870035646,64.08953611969363,34.938912035270796,-32.78253102510623,47.91056161871246,44.4306494564874,50.82154908863445,218.72529058198148,-4.79719485550765,-6.7494162211746485,47.432766051473195
1198,19.986633333333334,1562.0173840458735,678.2441750743993,13777.0,1521.9260869565217,642.4913043478261,-2.413334068681896,detected,1562.9327331247366,678.7329940205613,54.004665241031034,-35.748677323817674,64.76474193724746,35.080657946157345,-32.754197059910474,47.99468707028665,44.561917696069465,51.18735072022987,218.37177447794014,-5.933333369480714,-7.170664348001498,47.45599603614954
1199,20.003316666666667,1563.2279240454377,677.6451550598148,13806.5,1523.0745614035088,640.9561403508771,-2.401247802650529,detected,1563.565362408938,678.070931336177,56.76137406434282,-29.178268562548965,63.82182183219531,35.13494702201208,-32.83607692052973,48.09025316808532,44.63508061975805,51.430520756624055,218.0416947615643,-7.2444642458390645,-7.436235610242289,47.51183904796261
1200,20.02,1564.1065326997714,678.1202316611652,13784.5,1525.3766233766237,637.5064935064935,-2.332456295250962,detected,1564.181429768628,677.4250337550145,58.71067712243803,-26.090435743825083,64.24682439994862,35.08936380197294,-32.82824830741294,48.05161120046204,44.6711259218851,51.54665481874687,217.79435725005237,-7.997113629994105,-7.610044396789,47.44517428821681
1201,20.036683333333333,1564.9399024158038,676.9212424134238,14005.0,1515.8074074074077,649.9037037037037,-2.638832789535116,detected,1564.8118929585874,676.7676204491423,49.922581829533556,-41.205966769854285,64.73172231576115,35.100658551051204,-32.778868271750675,48.02614325442204,44.67592085728455,51.53356528659449,217.4713123257385,-8.74682199925999,-7.916432497547014,47.36919391763014
1202,20.053366666666665,1566.1152083631678,676.7470642990119,13966.0,1521.566265060241,642.5963855421687,-2.4875595693934502,detected,1565.4680255019912,676.1237629548908,48.1727985389407,-41.12079872992399,63.3367082130125,35.1061730621689,-32.60353071256675,47.91068358932313,44.631508954575466,51.391324450860466,217.1918862960664,-8.849800947663011,-8.257734560961161,47.19367989378392
1203,20.07005,1566.7257881876155,676.2036593360749,13982.5,1521.092715231788,643.6556291390729,-2.522025815251276,detected,1566.127443166247,675.4877901327374,44.66066930945817,-42.062340257273036,61.349945811609246,35.04967094504107,-32.38556488194838,47.72110901978856,44.59390968354113,51.12226525072507,216.9884745978721,-8.7362261151671,-8.511238010184215,46.95596952052572
1204,20.08673333333333,1567.755351014419,675.8226555583851,13743.5,1528.344370860927,634.3046357615895,-2.330164714108007,detected,1566.7841851470998,674.8894234631089,43.976541331259796,-44.38588617542382,62.482342137900694,34.99491073340998,-32.14461457838718,47.517575944406026,44.600136372682655,50.730939065526414,216.96199839291916,-8.058808412595678,-8.634059863060887,46.726577382828665
1205,20.103416666666668,1566.9162678538305,671.574859333457,13477.5,1521.4155844155844,644.025974025974,-2.5971674487089307,detected,1567.442157834348,674.3109146500881,42.186726342454676,-41.132327375957175,58.92018529210576,34.88346498894166,-31.830456426199675,47.22323671599518,44.674468647120676,50.224031061354495,216.64400837754962,-7.715596817608897,-8.991339833142604,46.35935605613885
1206,20.1201,1569.0355004789271,673.8345905172414,13920.0,1524.11,640.44,-2.5023723341852144,detected,1568.0929870684536,673.7421494089315,42.47223888320423,-45.16541632976009,61.998434722116365,34.793733873112714,-31.38322785987022,46.856279277568824,44.74804285863708,49.61023465685087,216.37867329827117,-7.209786390651544,-9.398947511253645,45.90392895404733
1207,20.136783333333334,1569.3093235002805,673.2375684674041,13966.5,1526.372549019608,638.0490196078431,-2.4550481036498395,detected,1568.7283366207037,673.1944072248593,43.092741269701946,-44.406005747184054,61.87792576158655,34.698283975844184,-30.976289754259508,46.51345437406437,44.758811547463246,48.90008770248145,215.72428835769364,-5.232670961000206,-10.0827153161835,45.40749155878319
1208,20.153466666666667,1570.3268413852688,672.3888448892409,13889.0,1526.8355555555556,637.6888888888889,-2.4681579706902324,detected,1569.3472550207312,672.6528243758908,36.77545135734181,-45.77865025067331,58.72068324968371,34.639119300332915,-30.521100240340733,46.167154404225776,44.683148264919126,48.10577393046198,215.5297590969559,-5.528061685801264,-10.453196643777112,44.96817569915584
1209,20.17015,1570.7266114512065,671.8765934461649,13885.0,1527.1914893617022,637.5744680851064,-2.474262055550123,detected,1569.9990156473978,672.1467915472722,39.62000958467888,-31.102751609577354,50.3698949490379,34.48831646894698,-30.182424165610758,45.83036876760958,44.59219574228589,47.24089412382562,215.2428933938435,-4.667467997636871,-10.750477453450333,44.551654693152976
1210,20.186833333333333,1571.8592702276476,669.9909350283506,13844.5,1529.3557692307693,635.1730769230769,-2.455267764802496,detected,1570.6578433813017,671.6624931564462,33.00744663067235,-34.8103551405311,47.97137019188199,34.29228110317439,-29.854370561821803,45.46695486726271,44.49682845852578,46.32021225018434,214.76668400511636,-4.13497032590023,-11.146418124018354,44.0794889705661
1211,20.203516666666665,1572.2038110391331,669.6754050334002,13198.5,1527.3076923076924,637.8820512820513,-2.525415326289645,detected,1571.2992940208164,671.182425106053,31.78403440668808,-28.068171328804738,42.40338530009919,34.11082037554521,-29.35393272903131,45.002238092712744,44.40346659308973,45.35938242475727,214.68067244549763,-2.708719768133611,-11.348105515759137,43.54792686863983
1212,20.2202,1571.2265526685912,668.0531991018333,13509.0,1527.5578947368422,638.0684210526316,-2.5398874856727107,detected,1571.9276157828583,670.7053420109977,31.017028365929946,-19.48747538149314,36.63083053108684,33.74110120806375,-29.096937403292742,44.554390097766316,44.32267372709493,44.37466288985833,214.4213952362859,-1.0492792894625198,-11.385344311223523,43.07513913963398
1213,20.23688333333333,1573.357545045045,670.5079907034694,13912.0,1529.7135922330096,635.0631067961165,-2.45949458455132,detected,1572.5251643243334,670.241841100042,32.63101733319127,-10.010069665945593,34.13187347503962,33.35818684057187,-28.607687654234716,43.94506140868113,44.32917976421216,43.382623149515844,214.17592025743573,-0.20698407948090564,-11.527825684034102,42.406104008872106
1214,20.253566666666668,1573.4403005611591,669.8885937518695,13929.5,1523.436170212766,643.1808510638298,-2.651030281156059,detected,1573.1143955649904,669.8017874029662,30.99029926049934,-5.793835742863621,31.52724505678525,32.933783039786576,-28.203371814601514,43.359707644590884,44.411541557819746,42.399849985757996,214.12629967416657,1.1809283710872522,-11.440053027231697,41.82331208499059
1215,20.27025,1573.7709042754443,669.2574252743095,14096.0,1528.1674641148325,637.1913875598086,-2.5287560339094144,detected,1573.675762540051,669.3757104874646,29.262420925868355,-8.271698555503235,30.40904923597271,32.445970449716356,-27.88098515538772,42.77955506616236,44.57697624300863,41.442657378969045,214.00973674172891,2.454211046782916,-11.30106807667068,41.25986175431605
1216,20.286933333333334,1574.726692209451,669.3194996478915,13963.5,1527.2222222222222,638.3287037037037,-2.563548654403308,detected,1574.2133530571318,668.9529264207338,25.609455631705714,-13.979854589347724,29.17671249629763,31.925150989117974,-27.52697990213593,42.153883429769266,44.73468270246368,40.526804483880014,214.16126102219195,2.0148166200292845,-10.95973792321394,40.704226228550795
1217,20.303616666666667,1575.404981627108,669.6252887596203,13924.5,1527.6381909547738,637.8241206030151,-2.55421873614675,detected,1574.7383736616055,668.5793532177656,17.146682302300178,-25.676404676806442,30.87533758686926,31.398851052168286,-27.242558352940904,41.56975863545084,44.84108558458214,39.66722496487783,214.10711512233684,2.647085027556124,-10.721915104142287,40.16323405191875
1218,20.3203,1575.360312853907,668.2581044733862,14128.0,1526.6505376344087,639.0430107526881,-2.601335768067536,detected,1575.2500141919184,668.2309625953645,18.88749503998133,-24.464871719987286,30.90740068593205,30.78602736614979,-26.906935137606798,40.88719407698091,44.885111512340124,38.8777704046821,213.9124818483479,3.624709135900115,-10.536963315867215,39.50613931490613
1219,20.336983333333333,1575.0811028566688,668.0353558691454,14066.5,1521.5602409638554,645.1807228915662,-2.738009850840291,detected,1575.7241001757936,667.8957094052239,20.338880053041976,-23.98345044266125,31.44639783739335,30.163650943426905,-26.667913383838492,40.26193540411105,44.839155239755314,38.17097037873652,213.7413958216644,3.218989962514836,-10.27010659162261,38.93004434985299
1220,20.353666666666665,1574.9741315061906,667.132491886044,13865.0,1525.59,640.55,-2.6477920044907264,detected,1576.164720944932,667.5373828574128,21.53700644526816,-25.259315200006995,33.194512362690716,29.576969949295105,-26.600757889787328,39.779359870322054,44.73088144563728,37.55781222853632,213.81341404605809,1.7811515237076816,-9.771090171029845,38.56064403718113
1221,20.37035,1575.6846289216578,667.0259239031495,13732.5,1527.233695652174,638.9076086956522,-2.6157498417274603,detected,1576.5588480754022,667.1606692317813,25.453053743174678,-23.662121856899375,34.75275464799436,28.97116791647236,-26.647489033364064,39.362637643172434,44.6220000619563,37.047544490339526,214.15556751628856,2.9345469905956296,-9.013096715374838,38.31685438324752
1222,20.38703333333333,1576.6888574810948,666.930866613515,13797.0,1530.4894736842105,635.2473684210527,-2.5404611777883903,detected,1576.946293415401,666.7836011154443,29.598203931047465,-18.05484683492,34.67032117209609,28.458063642969854,-26.644306265002484,38.98436151395291,44.53937402940602,36.64750907659133,214.44349989093263,2.7993403433534874,-8.399078523126882,38.06883137965916
1223,20.403716666666668,1577.3458118344497,666.6281211500225,13663.5,1529.8461538461538,636.1282051282051,-2.570785349894354,detected,1577.316671554779,666.3918232700884,31.500274022348094,-16.811326134115006,35.705573092594335,28.088154740157332,-26.653073134759282,38.72119244333585,44.44826199976218,36.36300825347953,214.97980006198296,2.1964360051824867,-7.734271419381697,37.940898643089426
1224,20.4204,1577.8455569766734,666.1622023265728,13682.5,1530.0688073394494,635.7110091743119,-2.574151543178898,detected,1577.6833503033074,666.0046582648004,30.83496110728356,-17.3943656334327,35.402807547950694,27.879359259992285,-26.7280321285365,38.62183804807582,44.38676554310404,36.197212732032895,215.53891722276904,1.6646433551007584,-7.150193640444632,37.95419746373176
1225,20.437083333333334,1578.3496456212797,666.0297871312831,13803.5,1531.1645021645022,635.1385281385282,-2.5619331585744782,detected,1578.032673945778,665.6328000909763,26.52271937839214,-20.64724795266511,33.61195458826772,27.831380863102694,-26.581682550661196,38.485992360483635,44.27831401379306,36.151116387991834,215.8132145930647,3.947385889088298,-7.015139381302124,37.84123977134085
1226,20.453766666666667,1578.464855257712,665.8286465561317,13691.0,1532.1438848920864,634.1942446043165,-2.5424089606102847,detected,1578.3743227464345,665.2417243132973,23.812317530347173,-21.368620487733324,31.994443388108124,27.910739332161246,-26.535695740117788,38.5117192355776,44.17635165558116,36.223541088768044,215.87077908558837,2.0790138612566964,-7.0683709158306165,37.857504554265034
1227,20.47045,1578.7243282763664,665.4964357521477,13677.5,1532.1422018348624,634.3899082568807,-2.55282093731079,detected,1578.7433985535756,664.8690100621573,24.445303850564414,-22.565969689424946,33.268541722931964,28.071098472059035,-26.476056362501378,38.58714980324907,44.04887494959534,36.41119204535454,216.22173912763625,1.10684586571191,-7.000956219690121,37.94673559014487
1228,20.487133333333333,1579.2718563886976,664.6273571799611,13796.5,1532.2681818181818,634.290909090909,-2.5684538234527814,detected,1579.1151376962052,664.5045789969944,27.67857294302121,-22.514169925254237,35.67900289505535,28.279026170821588,-26.46551498244648,38.73147046596748,43.91989029846397,36.7087605892729,216.3239034986922,0.6470123475043362,-7.107049748332077,38.07383154255484
1229,20.503816666666665,1579.540614111498,664.2358086527294,13776.0,1534.8684210526317,630.9254385964912,-2.500873460234297,detected,1579.5132239232346,664.1284982857765,27.47860466423481,-26.4004250700757,38.10585464431927,28.557565699822295,-26.353416066735466,38.859195785375405,43.718226134381894,37.10906805560856,216.94924500590093,0.9784532952652911,-6.981070135079859,38.22697682076408
1230,20.5205,1580.1949738245332,664.2783587800168,13721.5,1535.1844660194174,630.7718446601941,-2.501675295125288,detected,1579.857593384837,663.6419664287225,26.782340827541702,-29.72401569556314,40.010134831973396,28.729431611985024,-26.882612761906604,39.34533148487058,43.60672702793354,37.60324223428899,216.80629397145617,0.5052431881653366,-6.896982585967326,38.736116749917144
1231,20.53718333333333,1580.903958076747,663.591175831341,13803.0,1543.219512195122,620.429268292683,-2.288546372108096,detected,1580.2684480911112,663.2246090179119,26.354746370048815,-28.48205167500214,38.80463791671162,29.10294207828558,-27.00617945741981,39.70283323011607,43.43224051461039,38.18091705313048,216.92275567599435,0.31777297107737623,-7.042602119178319,39.07322256852324
1232,20.553866666666668,1581.7872616984405,663.4472848064702,13848.0,1534.914141414141,631.2424242424242,-2.53960103936539,detected,1580.682252833652,662.8086959851266,23.105975654009853,-29.336099693145798,37.34290904750037,29.458385766761936,-27.206846451568417,40.09998735439431,43.2346273585404,38.830446794668,217.23411827341985,-0.022662821295325614,-6.991738732572109,39.48575154809687
1233,20.57055,1581.4137742253367,662.2489750234193,13699.5,1538.7431192660551,626.3669724770642,-2.4424019737529434,detected,1581.1405789189243,662.3773763237991,22.04333897782908,-28.541904767273536,36.06312688932548,29.815650433947066,-27.49413351725885,40.557371569964744,43.05025645325619,39.53912786651001,217.5172779607406,-0.47124184136183644,-6.904926352115325,39.965264677417665
1234,20.587233333333334,1581.5515196441809,661.5769941285138,14164.5,1540.815668202765,624.0552995391705,-2.3972429456252065,detected,1581.635408294188,661.9837500564597,19.685572728417355,-29.57081772104948,35.52400645109365,30.018642416640045,-28.05869465930704,41.09025722141839,42.923951340229785,40.293423366725676,217.97630650921406,-2.0058479500113484,-6.397141071972992,40.58923286571948
1235,20.603916666666667,1582.2752106837447,661.8577527894652,13428.5,1539.3253588516743,625.799043062201,-2.4431945168661584,detected,1582.1156091673472,661.4739375696862,18.8120035906295,-29.365059542388508,34.87403333458692,30.55447265511273,-28.589013465930396,41.84384650324562,42.80377301575739,41.07918782814326,218.25022509993573,-2.4215322203325162,-6.295496914603163,41.3675501907643
1236,20.6206,1582.1974582022333,660.7557653155654,13507.5,1542.816425120773,621.7729468599034,-2.361276057654534,detected,1582.61992671314,660.9501242034592,19.909026756907224,-28.620606891322495,34.864143259728394,31.0219744823094,-29.118616158449452,42.54711162657424,42.73591154483626,41.88189116396993,218.16617767241593,-2.28350886426146,-6.396467479294881,42.06354611240584
1237,20.637283333333333,1582.9284111338416,661.069419130866,13442.5,1541.906103286385,623.1596244131456,-2.395606861962654,detected,1583.0991666953914,660.3537313299978,23.662361960721682,-29.52546556696825,37.83728968235484,31.22809803963867,-29.769197080775545,43.14393586597472,42.743129537056966,42.68684177173877,218.03056871644583,-2.113670881322097,-6.257555207660623,42.68772897250941
1238,20.653966666666665,1583.18249616682,660.213137074517,13587.5,1541.90306122449,622.75,-2.404622093389385,detected,1583.6419136980858,659.8262617424409,23.13432622325763,-33.087640031511,40.373121908752054,31.670141258147993,-29.97300760178502,43.6048051481452,42.71201875661309,43.47940898250372,218.15471778569554,-1.7630953526907598,-6.3867315235861675,43.134541755457896
1239,20.67065,1583.6464377379605,659.4632582807235,13701.5,1543.7196261682243,621.0046728971963,-2.3749231638060104,detected,1584.1892704013924,659.2858741182473,22.90883820931049,-38.59652790046289,44.88325783709973,32.04267510079157,-30.20014514773748,44.031599954570126,42.6620265816356,44.245244705115866,217.8161437735542,-2.483290842363154,-6.796540883988595,43.50389438396948
1240,20.68733333333333,1584.116214618284,659.2532702682729,13531.0,1538.0382513661202,627.9726775956284,-2.545194366522208,detected,1584.738720166068,658.714753100788,25.762857510268987,-40.076175246930006,47.64267676691842,32.4234260757897,-30.365862675775546,44.4225637996757,42.638556671560664,44.970503422022794,217.7291420382455,-2.4234889482600974,-7.062325477389145,43.8575846734368
1241,20.704016666666668,1584.4798919786876,657.935917086344,13701.0,1543.5255813953488,622.0883720930233,-2.422589491982936,detected,1585.3289317336246,658.1470866128129,27.80970122638064,-43.40557495111943,51.55020290103428,32.813785885869336,-30.412443562170235,44.739929230899186,42.63979850928074,45.64205886107619,217.47259070414276,-2.1093546465064015,-7.540101555876941,44.099978867488474
1242,20.7207,1584.54849474066,657.3909684439608,13785.0,1546.3805309734514,618.7610619469026,-2.350179516636027,detected,1585.9553833750142,657.6041581564281,31.184401378814073,-41.0996027851088,51.59112557842389,33.152991587060484,-30.343692777058124,44.942858637609966,42.59116534608862,46.24771487031134,217.54649236859046,-3.340174318113255,-7.7940533394408185,44.2618715720669
1243,20.737383333333334,1585.2357057394584,656.5292774011094,13790.5,1544.3690987124464,621.31330472103,-2.4303281354177035,detected,1586.5861250063067,657.0456510649072,35.299388554010875,-38.17690468523756,51.99541214023356,33.36347660335182,-30.47133578594717,45.18433219205911,42.515520434465635,46.776407366924104,216.9668806357683,-2.227215989148649,-8.332821344999036,44.40932294096226
1244,20.754066666666667,1586.0227859400256,655.9247183421389,13817.0,1540.6850828729282,626.6685082872928,-2.56853184023953,detected,1587.2046945962254,656.4890929888451,40.231836324586766,-36.75219910052806,54.491511199206016,33.42449462321255,-30.554276301427663,45.285324787630145,42.47467968938056,47.2183937616943,216.34004053348508,-3.3261508151670123,-8.818172087838725,44.41847005638995
1245,20.77075,1586.8548744638813,655.3560430822611,13834.0,1543.7236842105262,622.9605263157895,-2.4973926631878203,detected,1587.7903520395162,655.8848960804645,46.866169052925216,-30.75132989733197,56.05427808965082,33.46652258991149,-30.544011636956146,45.30943368813573,42.430752212291765,47.56542597241944,215.84826766818435,-3.7791593381212745,-9.239166843826148,44.357441057521704
1246,20.787433333333333,1587.437833770269,655.0242984755802,13732.0,1542.3720930232555,624.9651162790698,-2.553354200484879,detected,1588.3915450884629,655.2953341101745,53.21541102804349,-27.80332644966188,60.04086052472999,33.49220060341737,-30.495996687139797,45.29606291060618,42.38142988023212,47.81090301621919,215.55334509218298,-4.844061599033341,-9.51617738162486,44.28516324055997
1247,20.804116666666665,1588.4328401508558,654.7377067014795,13788.0,1539.4267515923566,629.0700636942674,-2.659114792792675,detected,1589.0120333718635,654.7015678354807,54.425693596386736,-25.96082291204766,60.30025248469919,33.57884261175084,-30.29488794746353,45.22520212109731,42.31804005603978,47.94999921183798,215.38319690510744,-5.397850944538627,-9.834735940673074,44.14291422041977
1248,20.8208,1589.370068901503,653.9313245986696,14005.5,1539.578947368421,628.7578947368421,-2.6734904614695987,detected,1589.637044865089,654.1333370995055,54.53043158701803,-26.909201967902845,60.808495455946286,33.70664098355767,-30.136042840693403,45.214142969767295,42.233627710818766,47.97976425504869,215.27283112762282,-6.961253727712118,-10.11581219752123,44.068005038520155
1249,20.83748333333333,1590.6396527285613,653.9560122844318,14110.0,1548.645739910314,617.1434977578475,-2.421848417502422,detected,1590.2799017092243,653.5698133766185,52.85188468432807,-26.071849788508644,58.93269946371089,33.7615713382636,-29.96845150900691,45.14367934801461,42.16963950488887,47.89919187855915,214.97369368082897,-7.899671093517797,-10.48682357230754,43.90874988472862
1250,20.854166666666668,1591.7445715232886,653.5144088465819,14077.0,1543.0320855614973,624.2085561497327,-2.5999911651729817,detected,1590.921385923156,653.0185758640725,52.764121619303296,-28.005096077059306,59.735566763377676,33.834180696075265,-29.719887082772257,45.033581598484986,42.18023521211351,47.709254470335324,214.66913191864543,-8.782022992430027,-10.921186043344843,43.689256883060565
1251,20.87085,1592.1889620794018,652.8135659604771,14042.5,1542.1483253588517,625.9808612440191,-2.649391943947649,detected,1591.562224689931,652.4839787197782,49.058346608617285,-29.19908641942743,57.090349619707375,33.794149374208295,-29.41760739744065,44.80446581442812,42.23526285902987,47.41290186392358,214.31270024731813,-9.202339353843849,-11.33009275652055,43.34823127931402
1252,20.887533333333334,1592.9634023583549,652.0479100757358,13908.0,1545.952606635071,621.0947867298578,-2.5593169472862964,detected,1592.1844358495248,651.9478950093684,45.45374550637371,-31.019746470375367,55.02969790617202,33.75981153423643,-28.995820484691734,44.50261206275011,42.248970697383484,47.01502347364389,213.85666581661673,-9.380851879503808,-11.881221344061906,42.88728319421783
1253,20.904216666666667,1593.465208771548,652.1301467566065,13787.0,1542.542288557214,625.9452736318408,-2.666644908775482,detected,1592.8159608094802,651.4294936619006,39.49493224523121,-34.74182331827842,52.60079809787945,33.67601415588324,-28.712342566053298,44.25463303494499,42.31195222557107,46.522373964030756,213.45248035396307,-10.18795373978207,-12.269815905709482,42.519691469925355
1254,20.9209,1594.6837978780795,651.1990049751244,13902.5,1549.3931623931624,617.2393162393163,-2.4982086707257483,detected,1593.425812613547,650.921572731077,31.888346625278245,-42.90402350625777,53.45672907613609,33.60630362405624,-28.399934337531562,43.999317195251564,42.31165310119287,45.94346364827924,213.1783270033615,-10.57529233387312,-12.585744874805414,42.16086976800489
1255,20.937583333333333,1595.0069212038336,650.7594251922224,13894.5,1547.9255319148936,619.7287234042553,-2.5588563263595194,detected,1594.0506533432715,650.443081111218,33.56319073164923,-41.59644932250353,53.44859556928198,33.483199156048826,-28.008806125878316,43.653382988271,42.26835074274485,45.28841572705019,212.75205610562807,-10.21989588081788,-13.007132309334995,41.670521419921315
1256,20.954266666666665,1595.6807538823982,649.8946223376124,13866.0,1546.88,622.4114285714286,-2.6286932387380526,detected,1594.6804029000118,649.9760762046579,32.7366535423007,-40.652393894731176,52.19488111415722,33.37083685349872,-27.665804076683184,43.34754280824057,42.22655403885743,44.56879323672149,212.92358229318435,-8.89595981437903,-12.974437280316113,41.36028825783727
1257,20.97095,1595.7320541950685,649.2159988458902,13863.5,1546.7978142076504,622.0710382513662,-2.6351303817349865,detected,1595.3160241877963,649.5603738791706,31.489768397243097,-38.433626579328575,49.686508890757075,33.32670194250005,-27.413242396996758,43.15269309186551,42.195915863905995,43.79739913748116,212.55499357157007,-9.069751156879569,-13.338946748613855,41.03933991572453
1258,20.98763333333333,1595.3232152894884,646.8951658234963,13639.0,1543.797385620915,626.5098039215686,-2.764855864217029,detected,1595.9342313658033,649.1037706948953,29.747857601117175,-32.665284587293854,44.1809444107439,33.07329111425452,-27.123487623805598,42.772960687880406,42.18432583612341,42.98805333252708,212.17271365222277,-7.353552625660972,-13.552251933094047,40.569232597485886
1259,21.004316666666668,1597.4356375480045,648.0517719119148,13714.0,1547.2925170068029,622.0816326530612,-2.663711810506443,detected,1596.5388949765486,648.6574226649972,31.031212578897794,-28.425548131369624,42.082632292735155,32.71130773955831,-26.896566336077637,42.34920229122518,42.19184756966972,42.15535057418765,212.03462494686187,-5.701738306462139,-13.463491391563005,40.15207758326362
1260,21.021,1597.676944563816,647.4711956262236,13962.0,1552.2932692307693,615.8798076923076,-2.533491734671109,detected,1597.1371068535582,648.2413069701531,32.749413392243696,-21.32087111410374,39.078173224964004,32.37389187587598,-26.535520832453027,41.85932083826083,42.23395098977516,41.31440317841469,212.2771424055415,-6.55351038417111,-13.200945557024307,39.72326493933923
1261,21.037683333333334,1597.97569765512,647.4116698674633,14059.0,1553.205357142857,615.0,-2.514970382200052,detected,1597.7057078377122,647.8326259598517,33.712284166682366,-15.209734883653937,36.9845121499011,31.92457146471806,-26.345805908063515,41.39178363094837,42.327764750762476,40.48057225341541,212.260660812519,-4.544218158603098,-12.93367806376991,39.31920299159181
1262,21.054366666666667,1598.4776331697603,647.0380959154162,14061.0,1551.6054054054057,617.2972972972973,-2.5761853969760264,detected,1598.258064676521,647.4496408567813,30.698841742147124,-10.992115371147747,32.607445233290164,31.53379221526563,-25.99207969162487,40.86524511331512,42.50311948650232,39.66919083330883,212.17339415019748,-2.3197805447094106,-12.851131651310498,38.79196660975067
1263,21.07105,1598.9645764031425,646.5464765140255,14129.0,1554.4347826086955,613.8913043478261,-2.508843963888074,detected,1598.789973130832,647.0697210656938,22.252191091896748,-18.717597864003892,29.07762848288787,31.07840780159184,-25.703989374223042,40.33066452753061,42.672877248894864,38.89528204582666,212.31350840253697,-0.9699054456464484,-12.52536677159933,38.33637552598225
1264,21.087733333333333,1599.7396871563865,646.6497712198063,14096.5,1553.5866666666666,614.8,-2.5375482175198893,detected,1599.3117173699382,646.7117099947762,20.818680012563163,-20.559013279708097,29.25902364230069,30.558659755303555,-25.56314723686494,39.84101131615568,42.818011609448995,38.173275414574285,212.58296823830065,0.6048511236435845,-11.982834573911123,37.99628742743592
1265,21.104416666666665,1599.8915662650602,646.45472746443,14068.5,1556.0597826086955,611.7173913043478,-2.471432567270221,detected,1599.8104470433843,646.3802988683344,21.792078641939952,-19.492059203988674,29.237562544581156,30.032777858536498,-25.444549133778306,39.36232750386413,42.932690515424525,37.516724767392994,212.41797726618734,1.65194228363573,-11.711851326369,37.57958707903118
1266,21.1211,1599.8850705967716,645.969180078269,14011.5,1550.0872483221476,620.006711409396,-2.6610053857751264,detected,1600.2813915463926,646.0300962833242,21.524841391095833,-18.6679693550318,28.492312590455672,29.48917322346624,-25.475840106470784,38.96960054368101,43.01215444950422,36.938032119322955,212.8770388660783,1.9058169906559208,-10.9368603856725,37.40340694961317
1267,21.13778333333333,1600.0747116110254,645.0697523987494,13913.5,1561.472049689441,605.0124223602485,-2.337703484983201,detected,1600.7120383103263,645.6787802932417,21.885778715683045,-16.152281929828632,27.200800016406017,28.890974240779894,-25.53166147940624,38.55585727850444,43.09756719726729,36.44818335371152,213.35968262894778,3.5573356752524856,-10.09106762233417,37.211886336517296
1268,21.154466666666668,1600.377097800926,644.6401306905864,13824.0,1558.100529100529,609.4444444444445,-2.447340195883947,detected,1601.1135035419074,645.3231622658212,23.66452920179836,-17.52169908761425,29.445201328224424,28.369293736042216,-25.705816485804956,38.2832316854746,43.192559561884224,36.05650337341492,213.6143758825546,5.339990394198159,-9.394694229317352,37.112606330212884
1269,21.17115,1601.413158851327,645.2407609354174,13755.0,1558.529411764706,609.9058823529411,-2.4524063763994945,detected,1601.5008890215827,644.9570996369547,25.68227322183884,-17.436476215021003,31.042065985339534,27.892801699211713,-25.90619295387264,38.067561256203795,43.24728090539015,35.77044020142133,213.60341931523834,6.309382328452882,-8.894029827953586,37.01398996885232
1270,21.187833333333334,1601.66330161958,644.6967826276418,13769.0,1555.4336734693877,613.6632653061224,-2.5503956561445293,detected,1601.8668032182918,644.5787225027532,27.928619754900865,-16.29743943365679,32.33596037707169,27.527311556427527,-26.11730441833038,37.945572490138666,43.28581388889856,35.595388632125236,213.87650971043257,7.284747725235915,-8.29638931044697,37.02750863903578
1271,21.204516666666667,1602.114984062097,644.9083509745237,13699.0,1555.06,614.33,-2.565327825425173,detected,1602.1980824202074,644.1768967814131,27.222224671610093,-15.976559537950834,31.564219786671504,27.28363720501729,-26.204274794744467,37.829365268974364,43.25685921451412,35.53456381577193,214.0375836326877,8.00218443450157,-7.941656058350709,36.98636202310719
1272,21.2212,1602.7704508419338,644.0181905968977,13807.5,1552.8181818181818,617.5808080808081,-2.6548175275046915,detected,1602.5132784889056,643.7611884425785,27.006052633282707,-16.349254669510174,31.569368176764893,27.222538665614735,-26.179180417454603,37.76792420468099,43.216589104201375,35.588933182818735,214.07507458613858,7.483224013272605,-7.880904353946361,36.936532664754516
1273,21.237883333333333,1602.8128392017502,643.621024767016,13788.5,1555.8552631578948,614.109649122807,-2.580502744423614,detected,1602.839909219964,643.3333940496669,24.609705069613483,-20.869752769071056,32.267385457385735,27.216863537308985,-26.202555536785933,37.78004205221125,43.227794644754894,35.75721140487563,214.12793314991362,6.429769498907112,-7.829012750775197,36.95995314952455
1274,21.254566666666665,1603.44848616334,643.371360042426,13828.0,1555.7829787234043,613.8340425531915,-2.5868287758658464,detected,1603.197328899403,642.9548241631413,26.662950438732878,-21.30779390712837,34.13114424227501,27.289527107707702,-26.33707830266942,37.925716648248766,43.285368874293695,36.035918188193556,214.75333282858875,6.846678539099993,-7.408143431098507,37.195152831888265
1275,21.27125,1603.606911394854,643.0027084542464,13784.0,1557.4261603375528,612.1940928270042,-2.553268582562969,detected,1603.5639089597157,642.5711666489336,26.06342961718292,-22.8943029704742,34.690798087010215,27.52459042424937,-26.46230553268531,38.18188958299298,43.33238175638607,36.41949357359284,215.0492362706902,5.786457409438852,-7.336472671715635,37.470426483628884
1276,21.28793333333333,1604.4229987662384,643.2118078234995,13779.0,1558.9420289855072,610.2270531400966,-2.5141252048040594,detected,1603.9330639252953,642.181401776401,25.448608490426523,-22.45678635533818,33.94022580225877,27.773790355843545,-26.656996463984495,38.49647894562865,43.40904381529959,36.90046117979576,215.05424324304715,5.102037009059571,-7.425374328894794,37.77357154528838
1277,21.304616666666668,1604.5864983468591,642.24636008416,13862.5,1557.7446808510638,612.1808510638298,-2.570966798149813,detected,1604.3583057742187,641.8571055671382,26.685263197346103,-28.118135316737153,38.76509777624681,27.86400034690504,-27.338555086518102,39.0358695247193,43.44743504364609,37.469627334975314,215.47396597220362,3.7300343183106284,-6.826399827900389,38.43435149629236
1278,21.3213,1605.4572839152834,641.9187655027666,13976.0,1557.3896713615022,612.4460093896714,-2.5915585992996406,detected,1604.7395600962564,641.4508692410169,24.40862385649234,-29.243091700591776,38.09119754978762,28.21203497080865,-27.530510021552693,39.418877447752664,43.440219907668315,38.11630362172295,215.62678698447755,1.4769357773745702,-6.894940551320211,38.81118001342787
1279,21.337983333333334,1605.4917813178856,641.4808351436156,13810.0,1560.4571428571428,608.2714285714286,-2.506192004672637,detected,1605.155348215041,641.0233994448961,22.306855347146666,-30.625625568744,37.88831926802022,28.684578979550157,-27.79843763981521,39.944438992790296,43.30277560973349,38.82854177331121,215.82479860895688,1.706509158819576,-6.987093276951988,39.328599440965576
1280,21.354666666666667,1605.8804692841095,640.9189007715597,13652.0,1557.641304347826,612.7608695652174,-2.613231830508242,detected,1605.5831105387792,640.5913683695705,19.66017541898964,-31.056804469789995,36.75659942622838,29.13490359133417,-28.08674293060075,40.4686018503974,43.06659515705223,39.593372478040386,215.9634198359408,1.1749147024979771,-7.087097963610955,39.843202408694125
1281,21.37135,1606.4658394055264,639.5079960560806,13861.0,1560.7239819004526,608.3303167420814,-2.5433222809644884,detected,1606.051047253602,640.1406195210217,19.031071963881914,-30.371719550751777,35.8416384748796,29.523311088152724,-28.464712061994728,41.01055632858581,42.811396926837254,40.397042710067474,215.87811610630442,0.40082565662444275,-7.23960939793125,40.36649335953639
1282,21.388033333333333,1606.4574983819955,640.0121380859923,13648.5,1564.7564102564102,603.3205128205128,-2.4200098706439888,detected,1606.5211956279416,639.6815673307559,18.96870762797971,-30.00164089348982,35.49521552797921,29.83561636431628,-28.94669193374723,41.570121213991236,42.59019360105995,41.22524901776114,215.80482628996546,-0.7579857034610588,-7.262551572409848,40.930799190878396
1283,21.404716666666666,1606.617865944416,639.3575384915696,13661.0,1563.2962962962963,605.1893004115226,-2.473772690792141,detected,1606.967415380011,639.11212668408,21.10694473606327,-29.03056260639937,35.89257139486251,30.03793280456436,-29.5577145408803,42.1418544448591,42.43728384582633,42.06336628933183,215.21968332616225,-1.942298161992388,-7.493075461304539,41.47034743262813
1284,21.4214,1607.0758151313707,639.0529744076753,13689.0,1555.489010989011,616.3351648351648,-2.726767251752914,detected,1607.4680446011614,638.5548706398348,20.94220358358416,-30.4265268050724,36.93710091975377,30.52118445534101,-29.839596406313326,42.68423847567878,42.31207234743215,42.896672681141865,215.006122950642,-3.552566527972245,-7.881718277112039,41.95024113457341
1285,21.43808333333333,1607.4278308685489,638.0835119847874,13760.5,1564.5594713656387,604.9603524229075,-2.483738971572604,detected,1607.9838331977692,637.9988404536925,21.65223149972462,-32.99019213363772,39.46101754810688,30.942271408590734,-30.23260066857986,43.26007747460361,42.21613657077373,43.7105716778545,214.93414317252947,-3.810631122148145,-8.054577287248218,42.503624408189616
1286,21.454766666666668,1608.116491024759,637.9294173034441,13806.5,1566.4383561643835,601.8082191780823,-2.4274999283045005,detected,1608.497696727797,637.420117954489,24.232547677353978,-39.60426808256011,46.4296717336072,31.396523050181287,-30.457352463002305,43.742336228145355,42.1017927100241,44.490811847204746,214.84827532005144,-3.680697628356515,-8.362632870987955,42.93551385695983
1287,21.47145,1608.461208295762,637.4100751427712,13862.5,1563.9449541284405,605.7522935779816,-2.523421892634865,detected,1609.0338607528115,636.816854081684,26.015544545679404,-41.15858949504627,48.69125226598678,31.82568760392377,-30.57340434259441,44.13170566110399,42.06677909659733,45.22370401247463,214.6499039633011,-4.076015876030224,-8.79830126729842,43.245778283760515
1288,21.488133333333334,1608.5927467516017,636.2379625272962,13814.5,1564.5416666666667,605.5138888888889,-2.532570255957923,detected,1609.5907513754294,636.2058619575032,28.31467602796056,-43.608974586475824,51.99484150425173,32.22842468729217,-30.689174195780954,44.50277261748363,42.0672733612749,45.896334557312414,214.49246548089494,-3.5000611661509913,-9.183475463691742,43.544925640667046
1289,21.504816666666667,1609.1010393305842,635.337444838313,13823.0,1568.875647668394,600.2642487046633,-2.424511542450286,detected,1610.1934717876495,635.6187752079251,30.66411588070241,-43.5493580481284,53.261943159719884,32.56210229063056,-30.775328581985477,44.80414439440464,42.023925691959896,46.49677262740224,214.3573455183889,-3.462334854038299,-9.512982028549345,43.782582471105535
1290,21.5215,1609.6425092959098,634.6920954779897,13895.0,1562.212643678161,608.7758620689656,-2.6415085506520097,detected,1610.7984498082442,635.0303391529972,33.99368526645958,-43.80022105752573,55.44393567093909,32.84226494444486,-30.784136046120224,45.01419108222595,42.0059475544832,47.014268246661175,214.28158472151244,-2.4682022004062065,-9.797398050187354,43.935047402197426
1291,21.538183333333333,1610.2475736912363,634.1241476350255,13858.5,1565.6717948717949,604.8102564102564,-2.55987981252226,detected,1611.4044025377375,634.4514720217542,40.73112840295198,-38.10480839413913,55.77635021881422,33.00877882129845,-30.853058569532624,45.18285850152037,42.010579477297696,47.43943786994347,213.93016305671532,-3.393797824177469,-10.166374496677037,44.02426072021797
1292,21.554866666666666,1611.1237958818265,633.2461593554162,13962.5,1569.4444444444443,600.0858585858585,-2.469537335274565,detected,1612.0031938336228,633.8309583587368,48.608172114404624,-29.094198903391998,56.65003800646315,33.14312448422783,-30.85849013527732,45.28480003274863,42.04281904060854,47.764433633338484,214.17847570787367,-1.5961950230797621,-10.083575792985982,44.147872125767705
1293,21.57155,1611.6904315647828,632.7271482122261,13872.0,1571.4715025906737,597.6165803108809,-2.4239043814015964,detected,1612.6091083146316,633.2112973187709,52.42570933150637,-22.809659843478812,57.17285703099683,33.19677976721654,-30.864728540824682,45.32833170117642,42.02633721328415,47.98309250151805,214.2893754347748,-0.6824835127770766,-10.038921460579203,44.202688953503696
1294,21.58823333333333,1612.649343662578,632.2798221074529,13941.0,1569.8341968911918,599.7098445595855,-2.4912713124704284,detected,1613.2418596551001,632.6314646326092,52.84927547199186,-23.754476150098526,57.94239428156279,33.29202340885668,-30.735879158725428,45.31062888898843,42.003505354927675,48.091061613546024,214.278414953315,1.0204015732508374,-10.198647798393438,44.14794076058314
1295,21.604916666666668,1613.9467179247656,632.5095749649696,13916.5,1571.107142857143,597.9940476190476,-2.463390257774837,detected,1613.8731489984445,632.04018249618,53.05541135434032,-24.933346407108047,58.62208147989213,33.33210679459428,-30.542199875222533,45.20901808914103,41.99311321177601,48.08589636261969,214.46204585642897,0.19342257496672507,-10.199747302880848,44.04339305209871
1296,21.6216,1615.2585633900826,632.6334209168676,13891.5,1570.2753623188405,598.7826086956522,-2.496479931779586,detected,1614.5122010226826,631.4896376493958,51.58650494201265,-27.21899023192077,58.32701707937492,33.32189790139026,-30.299198162160575,45.03765412430527,42.050793183422016,47.967128096739266,214.75355432927236,-1.6404905259140092,-10.105667876617431,43.889244306413545
1297,21.638283333333334,1615.7775865777587,632.2221983222198,13947.0,1569.3636363636365,600.2424242424242,-2.538279236740034,detected,1615.1563353004033,630.9231686733588,43.66624847300409,-43.10463740094656,61.35756694306915,33.33391657251588,-30.0545253757333,44.88234050964862,42.15542599862659,47.73629880944648,214.51438892385974,-2.696271986515045,-10.437320849332004,43.65188224019836
1298,21.654966666666667,1616.089088699305,630.5347563925567,14124.5,1567.6439790575917,602.6910994764398,-2.619948911162018,detected,1615.7880809765377,630.3806314965833,41.6611734959688,-45.58380163480706,61.75383671111174,33.262961263674555,-29.86133239883991,44.70037767919551,42.27794338550304,47.3969608319655,214.4164777413863,-3.3525838482021575,-10.562559919334234,43.4345034806799
1299,21.67165,1617.104851608317,630.0821989218648,14067.5,1568.4344827586208,602.0,-2.618265928638996,detected,1616.4281899054963,629.8607315925044,39.540634614597366,-47.805860529950905,62.039197985904146,33.17535000086738,-29.671777009846704,44.5086306080306,42.376657254395106,46.95464035874406,214.3125251321893,-4.236886415872523,-10.675835283788945,43.20931311182261
1300,21.688333333333333,1617.794926938839,629.3626892242255,13949.5,1572.3695652173913,597.0217391304348,-2.5228861834536325,detected,1617.0411976560702,629.3311935845782,38.941130525690824,-46.75382624255758,60.84679050646924,33.0996144997831,-29.351452195252087,44.239035093505606,42.45520629083621,46.4167646186105,214.11566204336177,-4.1712390737124,-10.9411923728615,42.864700342641584
1301,21.705016666666666,1616.9720355463653,625.8664057307437,13541.0,1568.095588235294,602.3529411764706,-2.6931955627617583,detected,1617.6679484541671,628.853282848517,38.169744100031494,-42.21276516270609,56.910868095150875,33.03497981084667,-29.009157383143137,43.96408879054603,42.546900431081085,45.792553569467024,213.9662393260521,-3.601181069163464,-11.190578392958965,42.516021196885944
1302,21.7217,1619.206076507446,628.0252069630641,13911.5,1567.6770186335405,603.1428571428571,-2.691734633298968,detected,1618.2912024013829,628.3783916378732,36.72383827023077,-37.16363151904375,52.24725643496822,32.861966948280084,-28.764312312191006,43.672583327565086,42.476216131611785,45.09287802109042,213.7790679714911,-3.7854313224069043,-11.321733663938161,42.179531544885194
1303,21.73838333333333,1619.8574527499131,627.4732199570944,13906.5,1572.6198830409355,597.2923976608188,-2.573049105924559,detected,1618.9211682784448,627.9082373612157,34.68991777996871,-31.297779607767097,46.72195847733003,32.738069048707715,-28.437344303973138,43.36431385483538,42.435594473733424,44.33008693525363,213.6263713324985,-4.5940110568840336,-11.512005307284282,41.8083418698437
1304,21.755066666666668,1620.4184015314668,626.8037209858818,13930.0,1572.2443181818182,598.0511363636364,-2.603494340065562,detected,1619.5272471890687,627.4532594236899,35.51145910046398,-22.192678845968658,41.875753387900154,32.56126888304762,-28.103854869748602,43.012357408238124,42.369619887916215,43.51780718939273,213.44914626517104,-3.8181719180813736,-11.67757051121306,41.39682640939597
1305,21.77175,1620.3535020037084,626.0955798791794,13932.5,1574.1069182389938,595.7861635220125,-2.5614396559374426,detected,1620.138018631123,627.0187036634774,36.00276854279582,-16.706587919593858,39.69016783362408,32.28191472911826,-27.831267747803032,42.6227812680961,42.32421975636117,42.670719235912586,213.13779258214694,-4.199425889638736,-11.817444846937233,40.95179459214896
1306,21.788433333333334,1620.8096590228356,625.1022931493063,13911.0,1573.7597765363128,596.6480446927375,-2.597674875974951,detected,1620.7448897550667,626.551111343534,31.309806190754898,-22.996257541168234,38.84754592766924,31.991559516826513,-27.629855725093314,42.27137101760629,42.359177631407,41.8043118294527,212.8571113301905,-3.526562639550362,-11.883286643142828,40.56668961432554
1307,21.805116666666667,1621.5311486662406,625.6360032190111,14083.0,1578.3762376237623,590.9108910891089,-2.4640155549642184,detected,1621.3263271465094,626.1446960414054,32.60167636275037,-16.827564522364582,36.68836640429578,31.606325039844847,-27.388158570402137,41.821896327185065,42.459729546182864,40.934618418187036,212.80125265694383,-1.5734827934991136,-11.729953277375554,40.14323365789559
1308,21.8218,1622.3365400544317,625.7876345994557,14085.0,1573.6256983240223,596.977653631285,-2.607484343385286,detected,1621.8786623143853,625.7159847377967,33.83386452307877,-12.143959434556564,35.94726887142059,31.178315335940948,-27.027777928504058,41.262429968918475,42.62229032745497,40.077937115569185,212.84024599707624,-0.7055163270777637,-11.538456769930422,39.61631156870044
1309,21.838483333333333,1622.6992273926571,624.7077225239295,14086.5,1575.3961352657004,594.9468599033817,-2.580012782307908,detected,1622.4124486024605,625.3260641835113,32.45000201546736,-11.348899117428573,34.377320168701445,30.738328013974805,-26.738299481885598,40.74041566157262,42.82852718697569,39.25053569920224,212.5562846657006,-2.735267977988155,-11.519582368466835,39.077879808579944
1310,21.855166666666666,1623.6565514327958,624.9674481916966,14203.0,1576.4875,593.625,-2.5551119410734544,detected,1622.9188800510658,624.9392184598256,28.953839012871867,-12.103056530408821,31.3816629731691,30.29515331279832,-26.561387630001747,40.29024233083198,43.07727519384534,38.46834317114138,212.65385280909712,-2.6545879680642885,-11.175346525605105,38.7093691127847
1311,21.87185,1624.032835039899,625.1619156349971,14014.5,1576.1768707482993,593.3877551020408,-2.5554703785686126,detected,1623.4289362393101,624.5813850396682,24.467180429942346,-18.85892469483474,30.89177817537866,29.793500787318948,-26.389912211206518,39.800504465134125,43.235945968947114,37.74663036452796,213.17275669919758,-3.676536089777721,-10.498248363894485,38.39097468115584
1312,21.88853333333333,1624.4103689315732,624.7644329340671,13900.5,1578.3662790697674,591.0290697674418,-2.509271923891097,detected,1623.9056770735133,624.2410535312171,21.952555275224768,-19.105047553273153,29.101847452088453,29.3074270541718,-26.2806869983314,39.364956365273244,43.35448187113051,37.09968408475503,213.2623239150257,-4.328584165734781,-10.09168883639094,38.049410062040764
1313,21.905216666666668,1624.1927446657269,623.9510005903543,13833.5,1577.717277486911,592.2774869109948,-2.543383906018469,detected,1624.349672645511,623.8823684075404,20.205352490860605,-18.112186397984942,27.13498784586567,28.76356668626073,-26.27168343963288,38.95566864099818,43.409122708169015,36.540482306714786,213.2200143662349,-4.541948694566326,-9.66973707934399,37.73645855248752
1314,21.9219,1624.6888511315162,623.7353047501988,13831.0,1579.7142857142858,590.0529100529101,-2.49878248830378,detected,1624.7688887117806,623.5263275595645,17.878324580985463,-22.010547269675044,28.35663380822323,28.229698476788467,-26.410965713609766,38.65818135939485,43.44944858007459,36.08038165646409,213.33468236772555,-3.5440699727612217,-9.071621426021805,37.57872630516907
1315,21.938583333333334,1624.9546203727095,622.8849147628157,13853.5,1579.2330508474577,590.8686440677966,-2.530702715297136,detected,1625.1517193612824,623.1612246404388,18.550588601022355,-21.924245094213802,28.719276808365812,27.78028554330108,-26.58306838793703,38.45001677223405,43.50549692453679,35.72883201416353,213.21584763287527,-5.160256197243541,-8.67928074406959,37.457627735225074
1316,21.955266666666667,1625.582500514833,623.2924979709512,13758.5,1579.3686868686868,591.4494949494949,-2.5382627232336814,detected,1625.5200636691784,622.7624779808928,19.203569622031864,-21.43693814308972,28.78053861863742,27.33531673926814,-26.63938654599162,38.169051033302786,43.558517572715964,35.493135469176714,213.28645638394693,-6.571195757694403,-8.230238298111308,37.27116357640547
1317,21.97195,1625.7806468819706,622.8271384928717,13748.0,1579.5648854961833,590.9312977099237,-2.537507578746075,detected,1625.8747693149564,622.3780289796217,21.08782642981896,-19.375635214312524,28.63759178932961,26.98248715951063,-26.918720645676903,38.113936224341195,43.646697652935046,35.37826686622288,213.41977107747618,-6.835325904582495,-7.695153801404437,37.32903350591707
1318,21.988633333333333,1626.0432130333138,622.2128750243522,13688.0,1583.375,586.315,-2.4421559244654163,detected,1626.1848020048285,621.9501705481055,20.777906836366128,-21.533294341228384,29.92330492587155,26.8048306284136,-27.03954095422195,38.07408199855889,43.73918894410687,35.38677002039367,213.5089429457298,-5.961301167138879,-7.42221685901818,37.34362618882494
1319,22.005316666666666,1626.4331279493383,622.2616689894618,13633.0,1576.6574074074074,594.9953703703704,-2.640453068571509,detected,1626.497452851912,621.5324573993084,20.612218514354026,-24.25032305547461,31.82674536264056,26.71299299117361,-27.235270159177336,38.14897030314011,43.801985092530906,35.51873737544525,213.7515521564886,-6.915231475936319,-7.0789210231551305,37.486435044397034
1320,22.022,1626.6520919942625,621.4424914302385,13711.0,1573.4397163120568,599.3687943262412,-2.7483738205421586,detected,1626.8230119630573,621.1179318715676,22.380776376082395,-26.111491341202736,34.39053839732541,26.785844914051573,-27.25639150437749,38.21508034270665,43.86263371035687,35.7718724623739,213.871331497105,-6.782727527562237,-7.049255335222194,37.55929132476231
1321,22.03868333333333,1627.143115942029,621.403381642512,13800.0,1580.0306122448978,591.1173469387755,-2.570263806945416,detected,1627.1683184786523,620.7421941567316,24.598025812079868,-27.231620345107785,36.696376121789406,27.031356182140204,-27.286959231201358,38.40927441557539,43.86952462708087,36.141625817241064,213.9423022063399,-6.902703273235636,-7.189334762433983,37.73043634527214
1322,22.055366666666668,1627.5492398334472,620.5241129390306,13889.5,1579.7329545454545,591.5397727272727,-2.5966557313437826,detected,1627.5144315528087,620.3634721503994,24.845846776806866,-29.108988992752302,38.27073741433184,27.327473945155113,-27.276322739653754,38.61073185554612,43.826779459877336,36.62138809277682,213.8851920047052,-7.0867987760197115,-7.478693641363238,37.8795163094715
1323,22.07205,1627.8043244549133,619.7970284471825,13797.5,1579.4105263157894,591.8473684210526,-2.6178468523652763,detected,1627.8712957203722,619.9537884238912,24.8636293125428,-30.005243063544185,38.9681238179862,27.561139711851595,-27.492104927211663,38.92855321669454,43.751519803372084,37.20272048740518,213.55556778512002,-7.368984848876627,-7.77194336652984,38.1448443679152
1324,22.088733333333334,1628.7350268257965,620.0896261420733,13699.5,1582.2732240437158,588.2732240437158,-2.541150424927559,detected,1628.2573901368942,619.5530545575267,25.734180771905812,-28.689030714721184,38.539700872624095,27.854673464349805,-27.79149233553471,39.347806546764936,43.660828450285464,37.87560282148297,213.1559629206387,-7.315821608837051,-8.119791464979798,38.50089436112984
1325,22.105416666666667,1629.007563440161,619.0667702424396,13838.5,1583.4331797235022,586.520737327189,-2.52144630842406,detected,1628.65492806854,619.1343876157288,23.65485416881438,-30.291281076319365,38.433238674257716,28.21152119041372,-28.134647289927813,39.84279490705697,43.515235018803594,38.62868301730449,213.1356188719069,-7.4681321568344305,-8.244702037579358,38.98042065341701
1326,22.1221,1629.1232962447843,618.4025382475661,14380.0,1582.6756756756756,587.3459459459459,-2.55222729324379,detected,1629.0253044683536,618.6165510747044,21.874450232638083,-27.707563351810222,35.3015671022511,28.346735575011298,-29.024980289288123,40.57076408638584,43.40715575842562,39.44951705724565,212.890169395257,-9.642745702117375,-8.041677570824277,39.76579334553854
1327,22.138783333333333,1629.5731837218873,618.3097416902704,13769.0,1581.8806818181818,589.8920454545455,-2.6042283704932045,detected,1629.4577471825983,618.1496421343135,20.27959450225353,-29.866389289951712,36.10073631374814,28.746309448087626,-29.51524680587041,41.200729373357646,43.333698275719925,40.324794193266136,212.4201445262127,-11.053579507341384,-8.44207389797905,40.326560592216595
1328,22.155466666666666,1630.181688385543,617.8266361755418,13774.5,1585.5317073170731,584.8390243902439,-2.505295182202893,detected,1629.90646070326,617.6606164399739,18.93863181177494,-29.0230318932513,34.655564562976835,29.19669964248623,-30.01323301895772,41.87172585723938,43.315570686356025,41.24054703775502,212.03658579617004,-10.98147259602519,-8.82948130935945,40.93020505777465
1329,22.17215,1630.106915715102,617.011503897462,13705.5,1585.1477832512314,585.5714285714286,-2.5313343420712124,detected,1630.3769755728736,617.1403300127579,20.591634327184693,-27.72080689497352,34.531992980030886,29.649348884221265,-30.511495719549394,42.54450916748663,43.36579835494031,42.18234948028176,211.66861890744568,-11.540120599719238,-9.215819282042833,41.53437052927468
1330,22.18883333333333,1630.4316471828051,617.0001838100139,13601.0,1586.9723502304148,582.8387096774194,-2.4754117010839813,detected,1630.8396281072776,616.5853542975033,23.092052545291153,-29.615927539330187,37.55457435212578,30.05472754521084,-31.007052102109398,43.182449303852394,43.41941297388155,43.135506975437565,211.4862337376228,-12.384460632395953,-9.434852515685531,42.139144342132106
1331,22.205516666666668,1630.7925586136596,615.8116474928402,13734.0,1589.0121212121212,581.1333333333333,-2.448817007969071,detected,1631.2982742267573,615.9672370285091,22.428924597413243,-33.62889222861236,40.422259351996566,30.549626546136178,-31.44606943001281,43.84215967200492,43.46561902805812,44.08524385001657,211.10382473491288,-12.973875756769075,-9.912845899162697,42.706796307906636
1332,22.2222,1631.3480693286529,616.293683876944,13674.0,1586.4277777777777,584.3222222222222,-2.52303244972521,detected,1631.7852671739731,615.3583828270142,23.78040953841537,-36.85133164042509,43.85804967719554,31.065213554420303,-31.70214960848373,44.38551321073604,43.501953333472564,45.01689130658601,210.9797726365845,-12.485186751203235,-10.315512329209064,43.170174754874
1333,22.23888333333333,1631.819868125498,615.1669323478975,13801.0,1584.8140703517588,587.2763819095478,-2.6060825521773894,detected,1632.3019114236454,614.7592388014983,26.589629416093885,-38.80731751635335,47.042707036269405,31.62868868353077,-31.859007995530035,44.89287625335398,43.536833640776806,45.91607823219682,210.36749033250888,-11.939146544080636,-11.183113655705306,43.47767596436741
1334,22.255566666666667,1632.4624736741337,614.4146922266896,13928.0,1585.2448979591836,586.219387755102,-2.603281850074394,detected,1632.847438755339,614.1341224094026,27.891919589985264,-43.47101587018915,51.64966988471892,32.108938505402186,-32.11091748787362,45.410295681229904,43.575448830332526,46.76892517741439,209.96195850526982,-11.869613300153157,-11.780818133045607,43.8555273366178
1335,22.27225,1632.3898570071317,613.5519717141104,13858.5,1579.4765625,594.6171875,-2.7979456954698287,detected,1633.4180064801317,613.5058239889977,30.92749868498504,-44.515412506825896,54.20453971359431,32.70748117331735,-32.15794850076099,45.86843115346878,43.68758115202919,47.56224025615719,209.38300612582123,-10.367323541690107,-12.721823051965655,44.06890280815918
1336,22.288933333333333,1633.1482952309398,612.6531549258822,13975.5,1584.7461139896373,587.9378238341969,-2.669481754763789,detected,1634.0195445118568,612.9038633307082,32.78751271854435,-43.53361644205597,54.49951147297335,33.22614229948575,-32.13260527702367,46.222081887282904,43.83621663655846,48.28371440846038,208.98483736385262,-9.524854257365028,-13.493742428336486,44.208593839573744
1337,22.305616666666666,1633.646240811334,612.1598204424811,14034.5,1587.005,584.975,-2.613879331113792,detected,1634.6354514813868,612.3128873024383,35.57230938160956,-41.51704357647077,54.67224251913872,33.73755597180018,-32.12836244973418,46.58813536354336,44.005852040838946,48.92211253863084,208.84876291523773,-9.003576986025655,-14.048689881662169,44.41946273043746
1338,22.3223,1634.2287352203512,611.0844261316136,13955.0,1588.7190476190476,582.8190476190476,-2.5858136661763447,detected,1635.2536548118383,611.7086860210592,42.17432296201423,-35.672864777364794,55.23791088309219,34.1045451761519,-32.157396791506386,46.87449381143834,44.15347362323268,49.46745647790317,208.21917151564847,-6.338046985197025,-14.845574680453359,44.4615236185812
1339,22.33898333333333,1635.2870317482984,610.5225379599219,14006.0,1586.378640776699,586.0291262135922,-2.67730378560686,detected,1635.8812977277667,611.107463145614,48.374973647629304,-32.34151307785328,58.19030454958785,34.491165025694706,-32.11702891440624,47.129014535830386,44.29459368403122,49.911195451047874,208.14417570387343,-5.246797892919068,-15.263707145961675,44.58882433167341
1340,22.355666666666668,1635.7555531502928,610.8958521244483,13858.5,1584.1363636363635,588.939393939394,-2.739421720085092,detected,1636.5147926861455,610.494173340607,51.247685715949046,-27.950685953727998,58.37436197959354,34.84275685543235,-32.122589339134244,47.390700049033235,44.432752290904105,50.246359665102865,207.9249850727967,-3.7186678957531423,-15.742222934062529,44.699674140106595
1341,22.37235,1636.5333404751702,609.3233109555778,14002.0,1586.845744680851,586.1170212765958,-2.7046557475372235,detected,1637.1766653053228,609.9030522632726,54.09274419823032,-28.132206285140228,60.97086193719803,35.15024189189515,-31.95025366580504,47.50113908495278,44.566972968347585,50.467692736523745,207.6856844846555,-1.89566860298887,-16.281128730953156,44.623794791726986
1342,22.38903333333333,1638.195169254566,609.9470164792671,14007.5,1589.9507042253522,582.6478873239437,-2.626662050884376,detected,1637.8509225173484,609.2963313257266,55.38921734255564,-27.194356497471517,61.70493029841649,35.34900309418194,-31.646256079314448,47.44510031172904,44.62197644582971,50.57175892954312,207.5453340791995,-0.20662812987570933,-16.707203623505045,44.406158251674626
1343,22.405716666666667,1638.8852964361772,608.9535020531102,14165.5,1585.1385542168675,588.7650602409639,-2.782277056882457,detected,1638.522681642197,608.7316075912679,53.039443678065254,-30.169276897639747,61.01940555434079,35.51587614156409,-31.542814760380196,47.500806531158815,44.62451029533829,50.55702161558629,207.72385667812216,1.9598723393377073,-16.764599749617975,44.44406390448211
1344,22.4224,1639.7489554886445,608.9317391405831,14281.0,1588.3823529411766,584.2882352941176,-2.6942699294906225,detected,1639.2047130346282,608.1913992876213,50.08067390186443,-35.85707954648683,61.59386375336401,35.61604745722361,-31.363319877125928,47.45693490091966,44.56628621038247,50.423890000013905,207.56258291510125,2.6622484793562617,-17.061490301039296,44.28392732016514
1345,22.439083333333333,1640.6337620124364,607.755970887507,14152.0,1589.715976331361,583.6508875739645,-2.6994408992040726,detected,1639.876392335363,607.6400416914449,45.553474741555874,-36.96518199202069,58.664671998851055,35.68847478753964,-31.186163580165683,47.394556981890915,44.49744321434821,50.17473199978027,207.17020357171018,2.6332307656451612,-17.509689057778935,44.04151246959624
1346,22.455766666666666,1641.4951628639606,607.4284656345876,14178.5,1591.1265060240964,581.867469879518,-2.6719803904316644,detected,1640.5637131667734,607.0697402423509,39.26413705986397,-44.389605548269174,59.26305375009554,35.67630162968588,-30.71480679775161,47.07651064592124,44.40469744652136,49.813852167534506,207.2764089964751,3.2336083038469963,-17.63321768730831,43.64936985326973
1347,22.47245,1641.8168011894647,606.6106981025205,14124.0,1594.0880829015543,578.1658031088083,-2.604141491447708,detected,1641.2407888948321,606.5144062311367,36.71689894159954,-44.983806797846455,58.06611354235455,35.67328648912008,-30.351161728316768,46.83776667597718,44.20950952332485,49.347434681484195,207.23359799705028,4.252405347355067,-17.829557392197188,43.31146811632716
1348,22.48913333333333,1642.238545592453,605.5157268482305,14063.0,1596.0138248847927,575.479262672811,-2.5653635092714326,detected,1641.9142283060387,605.9558630771019,34.64253144969189,-46.01212986503174,57.595321684659744,35.59383688910999,-29.972381846892475,46.53240696616172,44.05494452698004,48.78345256069112,207.36443557951262,4.125816690486062,-17.834153624666314,42.97915614057933
1349,22.505816666666668,1642.9982724551253,604.9434524865997,14085.5,1592.6954314720813,580.3553299492386,-2.6869436168760616,detected,1642.5975951240707,605.4488877227271,32.96103093415968,-42.41020996458133,53.712712363857634,35.573408509368335,-29.530946159674986,46.233582751718714,43.977228349849995,48.13154531587488,207.56792880941424,5.038279816270042,-17.867582938651005,42.641454642055194
1350,22.5225,1643.395742519285,603.8403680996089,14108.5,1591.514705882353,582.8308823529412,-2.7568220274163435,detected,1643.2698994184752,604.934644941442,33.41716315809845,-39.33700312092424,51.614984336630144,35.52020841619536,-29.130527554479162,45.93770609784761,43.975147112227575,47.40286811202347,208.00766990877756,5.275932638329162,-17.68085265614007,42.398824168649895
1351,22.53918333333333,1643.9705184082777,603.3992653225139,14110.5,1594.7073170731708,578.2878048780487,-2.670182857062414,detected,1643.959995954951,604.4539904857012,37.698049098442425,-30.748486298750322,48.64783978238923,35.21923594285027,-28.883531756037275,45.54835877504446,44.0033655672623,46.60991612718279,208.32488964290118,5.680195246662068,-17.298095376884355,42.13583846836778
1352,22.555866666666667,1644.6700327122742,602.8955814725264,14062.0,1597.3631578947368,575.4947368421052,-2.6165965678363325,detected,1644.613527968034,603.9789944554902,39.915320757010704,-22.527668086648873,45.83370659849875,35.021307422867125,-28.480817896152733,45.140325227459115,44.00249233724923,45.76632809017689,208.54374082451997,5.724710474360116,-17.155582180207297,41.75326288685635
1353,22.57255,1645.1349580248664,602.5670244294097,14115.5,1596.2113402061857,577.1030927835052,-2.661692915502988,detected,1645.2708034489274,603.5249843894104,40.7574509474598,-17.452555833184306,44.33690914853005,34.78202877353519,-28.101014117395234,44.71528284634992,44.04242878230682,44.88667295132925,208.97904661069384,6.511494111160088,-16.812559687385793,41.43421722184656
1354,22.589233333333333,1645.9103936321785,602.3132454931882,14154.5,1593.858108108108,580.3243243243244,-2.741893101099502,detected,1645.9048253206684,603.0694371787629,39.99618552651282,-13.822361670663895,42.31728416174497,34.4110884811143,-27.73898993614561,44.19925987086961,44.12138136296944,43.98622330982238,209.40217794570563,7.080744340583732,-16.36068049476816,41.0597455773995
1355,22.605916666666666,1647.1099460473845,602.7421534130893,14210.0,1596.067415730337,577.438202247191,-2.681356848265719,detected,1646.5141136399186,602.6448895680707,39.42169683745669,-11.666060786409389,41.111642582321394,34.017817431812105,-27.307798651253297,43.62256033294574,44.21103429888989,43.08071864942442,210.1717902706377,7.0320791934460125,-15.684418298854437,40.705365649113766
1356,22.6226,1647.5951739459256,602.5007681036112,14104.0,1595.933014354067,577.8181818181818,-2.695887361998349,detected,1647.103901131964,602.2049344216371,36.452417145755135,-12.290883142322855,38.46874736960354,33.579541117798854,-26.934142997453364,43.04687724666228,44.31006865958873,42.186120708125905,210.76530538285382,8.521388031323449,-15.076461617100769,40.32039119102514
1357,22.63928333333333,1648.1684571347798,602.0547859683841,14149.0,1601.29,570.51,-2.549283075178668,detected,1647.682220397721,601.8365708072797,34.089178078424084,-15.997896575056757,37.656403929328164,33.107884951385245,-26.54420668562873,42.434973247588346,44.42856166683911,41.31836254634162,211.47283209236758,8.378886599915818,-14.378735243641298,39.92466565065769
1358,22.655966666666668,1648.3000262890191,601.5433025866109,14581.5,1599.2555555555557,574.1444444444444,-2.632130075887156,detected,1648.2395264396987,601.4598875972949,30.031199052773445,-20.33718602573481,36.269464456931864,32.619978091973955,-26.23288415450108,41.859612776330536,44.57420187894621,40.49309224344489,211.5788086162566,9.896991787394741,-14.052237053040196,39.43046811273611
1359,22.67265,1649.1753680911886,601.703278433624,13934.5,1604.3181818181818,567.4818181818182,-2.4898877636430647,detected,1648.766731323785,601.092227492176,27.570952633178422,-24.488625298627085,36.87614673630539,32.21718477011993,-25.99021574539631,41.3936989045953,44.68167313180231,39.725411843229054,212.0419818327502,9.845509299200385,-13.520343306707126,39.12337697429855
1360,22.68933333333333,1649.3025075752153,601.0244077016678,13971.0,1602.1413612565443,570.3717277486911,-2.5652482169623214,detected,1649.2604063431854,600.7329186076088,28.40593746229206,-25.50347032331365,38.17491691731349,31.695934946664273,-25.86522199175389,40.91016989485479,44.79545748927871,39.02961240243837,212.18529383663773,7.7806533574635655,-13.047872868220484,38.773638137794585
1361,22.706016666666667,1649.9127738048646,600.2889790206473,14053.5,1599.8905472636816,573.6318407960199,-2.651968185481621,detected,1649.7353574960246,600.3723897015409,27.88702284991814,-24.942333997780224,37.413982261832004,31.22477668998123,-25.845013481120024,40.533336911466726,44.904993113196326,38.4189069584024,212.39556780917522,7.302386547110249,-12.518482447789845,38.55177036638977
1362,22.7227,1650.2181933385937,599.8897974798556,13941.0,1609.4142857142856,559.9928571428571,-2.3674326509763746,detected,1650.1798866157992,600.0162651262615,26.73793603035483,-21.593351173261226,34.36844538315822,30.790730041548272,-25.84868443669334,40.20228281577124,45.04370576155233,37.90516499920696,212.53961320526673,8.107618349779992,-12.053636829438469,38.35274935103428
1363,22.739383333333333,1650.9195406423828,599.5847239667444,13932.5,1602.857142857143,570.2592592592592,-2.593740404029504,detected,1650.598543978206,599.6410794360738,24.999797406658217,-24.881519770835894,35.27151678735198,30.40344326422786,-25.94969324236421,39.97193942872831,45.169923633106734,37.49865446511032,212.64617082798557,9.786986779557257,-11.601696724634776,38.25122971622643
1364,22.756066666666666,1651.4970193205488,599.1513921808039,13923.0,1606.1117647058825,566.1235294117647,-2.512502372297119,detected,1651.010673237854,599.2655310847176,24.504109772487936,-25.67140765320346,35.48904854513702,30.12695424266548,-26.101815768656785,39.861487156910734,45.2604036103367,37.20780002384533,212.63922346440341,10.638054698868912,-11.29146107483008,38.228798897639415
1365,22.77275,1651.648439091617,598.9498232368626,13907.5,1608.0167597765362,564.1843575418994,-2.4688095731435458,detected,1651.3955618569921,598.904039484496,23.89809358299499,-26.058078408675783,35.357351813368055,29.901225575486663,-26.08057567330279,39.677193932623446,45.34581857605241,37.03896867443355,212.9247609991731,8.842021046353528,-10.922877261660696,38.144075171561134
1366,22.78943333333333,1651.7874506394232,599.3172239732396,13801.5,1607.4439024390244,564.9756097560976,-2.482629769975967,detected,1651.761422994349,598.5032391465078,22.44428108201828,-21.863124957628543,31.332762185953598,29.79312700754165,-26.20796104712985,39.67981400076597,45.37448598854211,36.99629487599446,212.8499705090971,9.199297439761422,-10.812746937127825,38.178163167038505
1367,22.806116666666668,1652.3803272113898,597.6112388973424,14129.5,1607.261603375527,565.4894514767932,-2.5228986764466743,detected,1652.1530905044694,598.1363085510599,22.035139918883033,-20.427987533076248,30.047463551792042,29.88210661578382,-26.182950681120456,39.730179991626734,45.38358630346211,37.081556757067396,213.02167581142126,9.71334852784019,-10.786521157012277,38.237915260855736
1368,22.8228,1652.6171488603231,597.0534485404346,14119.5,1608.8102564102564,563.9025641025642,-2.493785253370969,detected,1652.5478019109953,597.7624680766211,22.576980132826066,-18.15926865089682,28.973765199805612,30.01519215532008,-26.285416862541695,39.897805701045506,45.40816671461444,37.29411231826971,212.9230221523954,8.760645758384102,-10.90836500037099,38.37762984835125
1369,22.83948333333333,1653.2910599489946,596.8404846689937,14181.5,1610.3103448275865,562.1280788177339,-2.4622180937932643,detected,1652.9567034263478,597.4102496209974,24.720085559440122,-18.73462104083751,31.017231591646464,30.200345874788333,-26.372958064202734,40.09481023789788,45.43048182350052,37.630900216252606,213.06023676862574,7.914126954947911,-10.923846616629735,38.5780168374346
1370,22.856166666666667,1653.3132040162666,597.8603423663344,13893.5,1606.4038461538462,567.0865384615385,-2.560992208587817,detected,1653.3763164586032,597.0351227358743,26.550239255777342,-18.133537789457932,32.15183349827377,30.4763342691546,-26.58409796844013,40.441577804048016,45.512327266179454,38.08650455133851,213.08633850546855,7.325007779545913,-11.022245669458668,38.91055532478262
1371,22.87285,1654.042966415681,597.061515477471,13945.0,1609.8085106382978,562.8563829787234,-2.4833649570768115,detected,1653.8222866517158,596.6740916026545,22.42586937961005,-17.920524545865646,28.70652917770284,30.772591852315728,-26.864254882200985,40.84899753586454,45.56847621908412,38.65327820783727,213.17842283481914,6.713483200163915,-11.054338916867984,39.32482918966191
1372,22.889533333333333,1654.3604588828134,596.9443908366392,13990.5,1606.4075829383887,567.6208530805687,-2.59275477924118,detected,1654.2733000653202,596.3035900176938,23.479915889331096,-20.839970004104316,31.3944389970904,31.030399964403216,-27.261311320033727,41.3045374848652,45.57650075299725,39.32151574484146,213.24659897573775,7.342973450606118,-11.005464660918808,39.81136225295363
1373,22.906216666666666,1654.8995571154007,596.1142427389607,13961.5,1608.706976744186,564.9488372093024,-2.54805994936509,detected,1654.736182558019,595.9073900961256,22.776162321483753,-26.220813061287572,34.73160819325194,31.236819724274127,-27.806212536855227,41.820143019023334,45.5390209900558,40.079665164607036,213.53544577156052,7.628925781730073,-10.675651354075118,40.43457468921616
1374,22.9229,1655.4826006014607,595.9013198720702,13966.0,1605.8341232227488,569.260663507109,-2.649106731851618,detected,1655.2076582652792,595.4897310672749,22.8615592800561,-30.767425136093834,38.331258030759415,31.51087766531334,-28.381613831800802,42.408152694214465,45.52214417459867,40.91456805063323,213.82186757988444,5.666518481844452,-10.380790222851063,41.11800833314972
1375,22.93958333333333,1654.7772555300237,594.5828284938375,14361.0,1607.8951965065503,566.5414847161572,-2.602552778266068,detected,1655.6824194689925,595.0305388538432,22.25647882618432,-29.16136002198141,36.68427139895253,31.77486945063319,-29.063879721070936,43.06218100660556,45.50248832249664,41.81171907261698,213.773381845922,3.7177623163900098,-10.255745214134787,41.82309318006514
1376,22.956266666666668,1656.0795110341844,594.7478123948267,13866.0,1608.6059322033898,565.75,-2.593255218717299,detected,1656.1655165080406,594.5313658750729,23.18715733542649,-27.613970228520657,36.05794804310761,32.05698702234916,-29.667952924503993,43.67880318508793,45.49130240325858,42.75553802639696,213.6856882135628,3.1435280625904687,-10.219452065735684,42.46646497128974
1377,22.97295,1656.2683900194147,594.1132283502313,13907.0,1608.8382978723405,566.068085106383,-2.6075989935660147,detected,1656.6618985812697,594.0121622158001,23.41122005816851,-28.149356964986055,36.61245037079874,32.37579723697176,-30.306280581597505,44.3470730648599,45.481401409768125,43.729649769210745,213.87183645571358,1.9570897614584057,-9.990369199796508,43.20712224473854
1378,22.98963333333333,1656.5362965650702,593.853144654088,13780.0,1609.3028846153843,566.1153846153846,-2.610601868990092,detected,1657.161644616718,593.465085214684,24.816942985326023,-29.304108137378307,38.40066943249927,32.71424349069386,-30.88515166747978,44.99015804252786,45.42215539572653,44.717169124188736,213.84749744475218,0.7835875146588781,-9.967387804505517,43.87214949197531
1379,23.006316666666667,1657.147133489743,593.3711965349215,13852.5,1605.470238095238,571.7678571428571,-2.745626490636674,detected,1657.681426784497,592.9018241050208,29.712919721881917,-29.609810545163782,41.94756821222765,33.0891445959248,-31.429156333969036,45.63642577979881,45.32103020459203,45.70098878413289,213.77744572403037,-1.9555294774523888,-10.03018952000146,44.52054195703303
1380,23.023,1657.5777369236869,593.232760174471,13870.5,1610.4953271028037,565.018691588785,-2.601725829978004,detected,1658.2351488892466,592.3301995034967,28.727455423675565,-34.9936247180824,45.27494302623973,33.57703241288884,-31.743208996526953,46.206584195906295,45.18684711864338,46.66406841754834,213.70707296619437,-4.156272058448814,-10.316447925580512,45.04019677190768
1381,23.039683333333333,1657.8877331893707,591.9007618019315,13892.5,1607.4461538461535,569.5692307692308,-2.724808664614768,detected,1658.8099454099192,591.7417549380872,31.999075603912388,-37.981477336440776,49.66420703246419,34.03706988161802,-31.952369189571982,46.6848586048288,45.02048125905949,47.58972274775166,213.2870196662837,-5.251097221520395,-10.916137311321688,45.39068152333944
1382,23.056366666666666,1658.3913897371417,591.5225435602658,13917.5,1616.859649122807,557.0818713450292,-2.449262262387593,detected,1659.4165317739541,591.1517833979914,35.29491511353535,-41.1052478187637,54.17907742951742,34.43570964177062,-32.18408326599284,47.13420535242633,44.88154255834521,48.46190561217092,212.98319431169622,-4.459567894723067,-11.36492584762037,45.74354353001945
1383,23.07305,1659.4089804242403,590.8532470150227,14056.5,1611.8,564.2648648648649,-2.6322667097208496,detected,1660.0426351455228,590.5584078132906,38.299007790548785,-42.102136332191776,56.91576127466784,34.6805610540367,-32.45348822864961,47.49705478479551,44.75973807174425,49.26548618096266,212.76089947665594,-5.528676231669865,-11.602434685589174,46.058155874899114
1384,23.08973333333333,1659.8004246284502,589.9685442835284,14051.5,1611.3373493975903,565.2590361445783,-2.670086153720744,detected,1660.6876468677788,589.9643049635125,41.93604161969597,-42.602976570226474,59.779973229938285,34.98971678493867,-32.55804392579514,47.794419182203946,44.618930976303716,49.98651282683606,212.66241672337185,-4.782763834485112,-11.885424393738198,46.293014504836016
1385,23.106416666666668,1660.4937339789235,589.2083333333333,14044.0,1613.8,561.7454545454545,-2.60993260633264,detected,1661.3360085960837,589.3443604760641,45.878296924775896,-38.46050533156722,59.86675704493615,35.212665847566164,-32.605374062684746,47.99002244071102,44.44753640992809,50.6124597162262,212.6824747914704,-5.913286954744655,-12.031310846079663,46.457397830538824
1386,23.1231,1661.3672518768103,588.5826801442336,14097.5,1617.6256157635469,556.768472906404,-2.512764843994354,detected,1661.9853284841597,588.7244986181457,49.563802726668655,-36.35776906978822,61.46916228858318,35.502132218265515,-32.74445173933945,48.29700313428501,44.27663642131373,51.13245108012323,212.34553372841174,-6.9973525961261265,-12.474446679212633,46.658211408074976
1387,23.13978333333333,1662.2340744412188,588.057400457882,14123.0,1621.0725388601036,552.839378238342,-2.433853492676956,detected,1662.6402730156476,588.0756385581803,51.64828995702101,-33.24437227306839,61.422586589257826,35.74441246316236,-32.72820015420114,48.46440041587359,44.176965901022555,51.537458298299526,212.30510613994724,-4.485118386031935,-12.720829352231299,46.76514309035672
1388,23.156466666666667,1663.0533664361294,587.3350357628422,14097.5,1621.6666666666667,551.6979166666666,-2.430703092310514,detected,1663.3252141861833,587.4313884148604,54.13348637154559,-31.485058595094188,62.62382343385644,35.93007696988483,-32.67532882998206,48.56590929046119,44.04816362573145,51.82046533203097,212.15198062377868,-5.089260246383748,-13.03109296499792,46.78502069409488
1389,23.17315,1664.068052131032,587.1610308794176,14195.0,1614.1863354037266,561.7515527950311,-2.670457626460328,detected,1664.0205154356443,586.7810001308453,53.67012160753529,-32.1439500158117,62.55969529966261,36.11437319929185,-32.56257101047876,48.62683397456801,43.942734495794845,51.97659860213339,212.04443395845192,-4.509645795092656,-13.334930433718363,46.76268397684304
1390,23.189833333333333,1665.238883973338,586.7976523329204,14127.5,1622.5721393034826,551.3084577114428,-2.447773880866348,detected,1664.7157644968725,586.1320357448238,52.4663173131903,-33.7342063086262,62.37556514919386,36.21107257875116,-32.34178976073652,48.551345421432615,43.79157959313,52.00321808574645,212.24741969712832,-4.598132936571415,-13.368765036155963,46.67450335717906
1391,23.206516666666666,1666.0464456864331,586.2475658195367,14224.5,1621.557603686636,552.9907834101382,-2.499673666908674,detected,1665.4048698404692,585.5317213640612,49.43677000847492,-37.66607752369214,62.15084572949617,36.22766944293289,-32.05185371769474,48.37112113655126,43.8071937219555,51.899967177007575,212.3201905589271,-4.190555531486076,-13.478513323440389,46.45530151227904
1392,23.2232,1666.788498888499,585.4265824265824,14245.0,1621.9010416666667,552.359375,-2.50667798668221,detected,1666.09030904948,584.8787800617706,45.59947404757531,-42.337866507206854,62.22384570080479,36.28244593112913,-31.820937978446903,48.25958947787966,43.912234832860086,51.668779720512276,212.260050770242,-3.6973492262615277,-13.69684222629861,46.27509578165513
1393,23.23988333333333,1667.406195076495,584.5706382627363,14129.5,1620.5656565656566,554.7222222222222,-2.5742436953729197,detected,1666.770931453683,584.2501551220585,40.31563609975092,-48.00362048629199,62.68730408878254,36.27029843854252,-31.70296207400666,48.17273454026504,44.067087230346,51.3138435821952,212.3180961306008,-3.1443841908810968,-13.702761141470063,46.182753168110956
1394,23.256566666666668,1668.2557058226537,583.9383511529657,14123.0,1622.4752475247524,552.0544554455446,-2.5332518101445296,detected,1667.474057837786,583.6213806564061,36.85076203693552,-50.69703475661322,62.675098690118524,36.1753931711566,-31.47434030340958,47.950945440341386,44.211563901096675,50.841521161754464,212.24922274611683,-1.1471655060421837,-13.799994567153345,45.92225297793146
1395,23.27325,1668.6474087659894,582.8169323739653,14176.0,1622.495,552.315,-2.5575959247314715,detected,1668.137852339884,583.0487350996046,35.593054700263565,-50.78301257268254,62.01435244242406,36.09656361508023,-31.00085174296446,47.5816636279859,44.319951046365176,50.26022834985124,212.31258083166728,-1.289321303085085,-13.935680215881778,45.495181398995186
1396,23.28993333333333,1669.1817804794237,581.8469304326188,14065.5,1625.930693069307,547.8861386138614,-2.4759409334607545,detected,1668.8086462514073,582.4889003946101,35.31425324794054,-46.587499505035794,58.45931570409792,36.01876835687636,-30.594214933511957,47.258413656662704,44.51535975508561,49.58027454700709,212.5009123415952,-0.6211927130982287,-13.93894238589903,45.15599125815788
1397,23.306616666666667,1669.5325945011118,580.9485288062212,14166.5,1624.1290322580644,550.5645161290322,-2.5518390324357285,detected,1669.4842560862064,581.9674200966164,35.82266738848375,-42.72916757739745,55.758813300529006,35.818847099094825,-30.179319487798903,46.8378173301764,44.637006326002094,48.81366742375758,212.25867365884423,0.4480084570461407,-14.182115096034618,44.639094341818804
1398,23.3233,1670.339240566149,580.3132369272937,14107.0,1620.0487804878048,556.0426829268292,-2.691955592917978,detected,1670.1444072686563,581.4439655033259,37.07180247827182,-37.71715585145853,52.88574840645836,35.65361318209645,-29.772646186860108,46.44987183950584,44.730506733499716,47.97388703424339,211.96665375270211,2.8190646870275233,-14.484568392466066,44.1337498111195
1399,23.339983333333333,1670.9958418976066,579.7080232475724,14109.0,1623.1929824561405,552.093567251462,-2.6177513182775494,detected,1670.8119038157697,580.9506531094752,39.256389957342435,-32.008522476871576,50.651847583630435,35.42242912517493,-29.345485567762395,45.99897834013047,44.758307803293164,47.07563461926969,211.67041092935023,3.7314436447048682,-14.740079871223465,43.57334108977351
1400,23.356666666666666,1671.6706006798354,579.6946682830587,14023.0,1626.1510416666667,548.3645833333334,-2.538777591132053,detected,1671.436793986407,580.450470037462,40.62118682885466,-25.758555503945217,48.099729739724545,34.950684200023844,-29.061813205748503,45.454805167942524,44.86319321354618,46.134561889406875,211.77334498022202,3.516417474027087,-14.410097408537291,43.11018911501179
1401,23.37335,1672.3460738247188,578.9982934754657,14259.0,1622.641891891892,553.1418918918919,-2.661911412940874,detected,1672.0703548211548,579.9828005111341,40.64342957109693,-20.114754233972008,45.34855791746648,34.57464212284846,-28.673727109778532,44.91757455928688,45.04437675045934,45.166986734730045,211.76714468184625,4.000509802732862,-14.299368576145586,42.58070645976456
1402,23.39003333333333,1673.1487129266927,578.7498601007275,14296.0,1624.6214285714286,550.5571428571428,-2.615286095110509,detected,1672.6872571979354,579.5347576344906,37.21035518645749,-18.225086072522572,41.43385446049137,34.0853326330132,-28.351669869697556,44.33539314253874,45.31878109628666,44.18960116467465,211.87013667260698,3.701778376089821,-13.977304837208385,42.07448198838843
1403,23.406716666666668,1673.7565511510595,578.2593541893426,14240.5,1621.2542372881355,554.457627118644,-2.7159594711804886,detected,1673.264752590861,579.1121023744499,32.07630356565551,-19.158313781599418,37.36214979615475,33.60517529375091,-28.015168631109347,43.75108547171396,45.618586412586836,43.219176855893664,211.68894496548936,4.777463469226306,-13.878485468097129,41.491506613583425
1404,23.4234,1674.4369809992963,578.3768472906404,14210.0,1621.6122448979593,554.2993197278911,-2.713925724577059,detected,1673.8354620049154,578.7178226727024,28.1722376201551,-19.97765493872498,34.536671370837766,33.072715197107335,-27.748198012193175,43.17136763449655,45.876563517715496,42.27227301268666,211.3628377364172,4.207080196382649,-13.798699175874232,40.906758420664225
1405,23.44008333333333,1674.8804349090062,578.3276353276353,14332.5,1627.0945945945946,547.5,-2.56865516351455,detected,1674.3780664241556,578.35381359281,24.586690660015847,-17.737086357658654,30.316820249992432,32.53284934138497,-27.45839667036544,42.571702267778626,46.07007360853134,41.36495039622913,211.26394219660685,4.93361300139392,-13.558217715972514,40.3549819271757
1406,23.456766666666667,1675.001887013596,577.6313408345054,14220.0,1630.3353658536585,543.689024390244,-2.491782372726447,detected,1674.8764457087816,577.9857234520914,23.80616619657576,-19.61863150494537,30.848407594328457,32.02821057897825,-27.35135709860377,42.11772795423226,46.162895758296884,40.51249448891857,210.98586997879727,4.361699198236048,-13.376394022034427,39.937139243991915
1407,23.47345,1674.9352325814004,576.8897282922064,14163.5,1626.3121387283236,549.2254335260116,-2.624314113383114,detected,1675.3658992365397,577.6304462750911,24.440303030759424,-17.91158542488779,30.30104461348488,31.438471153441952,-27.242631289243285,41.599740720675875,46.10425700402527,39.72915002810372,211.17794272794407,6.315532004979836,-12.794165264459702,39.58342788608829
1408,23.490133333333333,1675.5712831439394,576.8188683712121,14080.0,1628.9294871794873,545.9102564102564,-2.556354734309728,detected,1675.8434985533363,577.272715038265,23.95937439028421,-18.0151289202538,29.97659905971943,30.934515089930994,-27.145758803895852,41.15624430008717,46.003062510141895,39.02786881411236,211.6820947933255,3.545856519954936,-12.067399231501708,39.34735468460376
1409,23.506816666666666,1675.951404433533,576.8790165354899,13849.0,1624.0705128205127,552.5897435897436,-2.7037286187040976,detected,1676.2914445818687,576.90511156141,25.223684127051456,-15.824369309245412,29.77658316490755,30.42396036401405,-27.097151340460336,40.74153869208807,45.872570850169275,38.42007300614674,212.02012288949118,0.38900829928204117,-11.427945442313698,39.105946324905766
1410,23.5235,1676.87922152261,576.0140121160084,13976.0,1628.547619047619,547.8285714285714,-2.613641621958721,detected,1676.7168594080395,576.533523204004,26.65003735915616,-11.536477059273466,29.03988281972849,29.966113521495163,-27.100232037655047,40.40285306853812,45.742934339439245,37.915437190553526,212.29024265465785,-1.90341166157179,-10.854767097641732,38.9174069965335
1411,23.54018333333333,1677.3632289133648,576.476529347256,13982.0,1632.9897959183672,541.9846938775511,-2.480842104333917,detected,1677.133928840356,576.1486181267263,27.016794297625893,-11.80821183735543,29.484589888890973,29.556750946096617,-27.073154282964104,40.08188130962369,45.661415917450974,37.52169423013458,212.50633971999682,-2.496998642910506,-10.377231981779687,38.71524590797648
1412,23.556866666666668,1677.3780147154964,576.0682285537687,14021.5,1628.426966292135,547.9606741573034,-2.6203619169581125,detected,1677.5144649904037,575.7578475607893,26.4665796577101,-11.756430246016635,28.960205298087388,29.356428687354942,-27.018475848434246,39.89734254869842,45.606308434616494,37.24447187057846,212.89472400575508,-2.5646504884690455,-9.976052146299024,38.62999257083158
1413,23.57355,1677.869589636959,575.9477306947731,13947.0,1630.575,545.215,-2.565347542359541,detected,1677.8893030517831,575.3703222559549,26.331521112995688,-15.037839248113187,30.32302117824395,29.226525447829527,-27.045806167246177,39.82041462602918,45.53088972626885,37.087168633879855,213.41757596486957,-3.192660204201945,-9.499644811956118,38.67068876339745
1414,23.59023333333333,1678.2139758344986,575.9267744672713,13945.5,1626.99,551.24,-2.692498867181142,detected,1678.264988076773,574.9665006655866,23.326789409226876,-15.398245644085364,27.95076158279078,29.213204457369542,-26.886282217399025,39.70243677838557,45.447405521007475,37.05087794885401,213.35942450656196,-5.302763671013364,-9.615482460928925,38.52046187658283
1415,23.606916666666667,1678.6303816974869,575.0558795637743,14060.0,1629.5951219512194,547.4243902439025,-2.628442009531589,detected,1678.658872292082,574.5982432964638,25.969460448065547,-18.86423567062775,32.09785449840262,29.302939172605114,-26.84140828830316,39.738186207384764,45.32529235256063,37.134368231454914,213.5050294634128,-4.689886386275995,-9.617155035160087,38.55689007275457
1416,23.6236,1679.3913510417412,575.4199899763729,13967.0,1631.414141414141,545.3939393939394,-2.582389615553,detected,1679.069084817494,574.2472350957623,28.623594264895473,-20.477820491300236,35.19447798611698,29.411276290945626,-26.894503447325153,39.85395198396923,45.133938616073614,37.334123638630956,213.3557703495327,-3.2849762462822025,-9.77886280196478,38.63562256572132
1417,23.640283333333333,1679.8142103703703,574.3069985185185,14062.5,1631.4541062801932,545.743961352657,-2.608089678607912,detected,1679.4843265372901,573.8775148485574,27.3420016994869,-24.272630980766735,36.561532676615485,29.583305208464576,-26.962474934033825,40.02682852319891,44.94744990611443,37.64444592059397,213.47562112014924,-3.1286566338003885,-9.80402484165993,38.80757784930264
1418,23.656966666666666,1679.681654138795,574.334827483162,14501.0,1635.733009708738,539.6893203883495,-2.4740155892333613,detected,1679.9197665617362,573.5149911624673,27.838280576176658,-26.00731025563732,38.096588458429096,29.710931452460894,-27.20159244125338,40.28232961377585,44.728470270135375,38.05761307036409,213.54161248734647,-3.8840784084967805,-9.73357302458598,39.08866376953726
1419,23.67365,1680.8677091533673,574.0028626637086,13973.0,1631.2296650717703,545.8708133971292,-2.625985330883692,detected,1680.3643419251227,573.1146860946642,26.194644386726395,-26.782499141345625,37.46280361643047,29.923387606888138,-27.333246251990612,40.52795919540022,44.390995368837764,38.564086347121226,213.65042055033794,-4.205761152381898,-9.763226975529832,39.334398121343
1420,23.69033333333333,1681.262690385673,573.3854936279081,13941.0,1632.576388888889,544.9652777777778,-2.6132137022510022,detected,1680.8162895191113,572.6964734954367,23.56601261321248,-30.16820465360638,38.281555905004275,30.09689548595184,-27.60875538492526,40.84196973453837,44.03336272187774,39.15275454111815,213.86243940054982,-5.5504836886203055,-9.608169545789606,39.695712234148274
1421,23.707016666666668,1681.234156989014,572.5772584204624,13820.5,1638.4493670886077,537.6518987341772,-2.4569895072594163,detected,1681.278427278824,572.2746699350813,22.833368659242296,-29.564207050143068,37.3551209719979,30.255178769991268,-28.087837397477394,41.28319818123664,43.72768853825507,39.81120338958421,214.0897133920918,-5.624975995120942,-9.31319741112193,40.21898564176789
1422,23.7237,1682.0286366788628,572.3706865628811,13939.0,1642.506666666667,531.8,-2.3431014468540647,detected,1681.7460711168633,571.8064257781396,21.42861567370892,-32.959618870414715,39.31312816063511,30.35936350191779,-28.56134682678331,41.68262809374408,43.490774459051316,40.52599868380223,214.20129778770246,-6.446880543528552,-9.054859908653015,40.68723383121605
1423,23.74038333333333,1682.1024014115997,571.742733524286,13790.5,1641.1052631578948,534.3947368421052,-2.402738619328926,detected,1682.2243264995043,571.3015320908311,19.853053768477366,-34.37195118059094,39.69351045063891,30.52207982775673,-28.99837375437439,42.10110494286752,43.33036344789568,41.28297332738055,214.04976387684914,-8.644966290781632,-9.052558234657312,41.116349872264706
1424,23.757066666666667,1682.307505085731,571.1320594788336,13764.0,1636.2209302325582,541.8139534883721,-2.575013479898709,detected,1682.706585202133,570.7800348321541,20.672610374392207,-36.35741222160186,41.82365650134996,30.74261067375545,-29.49128299049234,42.60098453631565,43.2022554352028,42.06751080359725,214.03123025634636,-10.586262014928803,-8.972764846056233,41.6453283632244
1425,23.77375,1682.7500456787868,570.6943906449844,13682.5,1639.0734463276835,538.0960451977401,-2.500427000792109,detected,1683.1917057451756,570.2350730645347,22.872579422210038,-38.67924425000888,44.93594135185276,31.045020433587315,-29.818311712696417,43.045615422681344,43.11191024068273,42.86481965568697,214.11738629324603,-11.923646635784692,-8.97706722262793,42.09913622864252
1426,23.790433333333333,1682.8929497239174,569.9033769253124,14337.5,1636.867924528302,540.6037735849056,-2.574694100909355,detected,1683.6860664685146,569.669901606199,25.80942419670373,-42.891763182252134,50.05826331633765,31.412030698896057,-30.188765523767167,43.56692824238796,43.06696138286973,43.66019533633138,213.67859230025374,-12.993012002479226,-9.399195538747918,42.540949210164115
1427,23.807116666666666,1683.7855848768745,569.263951464874,13983.0,1643.3468208092486,532.7225433526012,-2.406779349341416,detected,1684.1926361297128,569.0682070061677,28.565881377797268,-44.75107259588276,53.09112993120747,31.883493610428225,-30.37765640291852,44.03815588032717,43.03916145952177,44.43926701256531,212.97447105731808,-11.981650985974605,-10.213977999179665,42.83729481155723
1428,23.8238,1683.9283777999717,568.267762876302,14018.0,1642.139896373057,533.9015544041451,-2.4533507451036813,detected,1684.7446214957586,568.491967259724,30.72301096165029,-45.12200210356923,54.588446363531816,32.24002193269834,-30.760281293562983,44.56022800076309,43.02826072518977,45.188227668161154,212.17522103555996,-12.20108475587661,-10.908547896728116,43.204369018246055
1429,23.84048333333333,1684.5452669802758,567.5215223004279,14136.5,1643.734693877551,532.8163265306123,-2.43686805834727,detected,1685.3119953443693,567.9106282233877,32.38350601632919,-44.15462308597648,54.75693747621644,32.6461369161967,-31.006486699004952,45.02413211786133,43.0758647043455,45.894046272755645,211.6224541281715,-13.806038562679896,-11.541577665568461,43.519701951602144
1430,23.857166666666668,1685.585981209754,566.5926786070352,14209.5,1643.9142857142856,532.5190476190476,-2.456170728037464,detected,1685.9050855025682,567.339777010991,34.6752895925556,-41.67275633727081,54.21249237097608,32.97891622532549,-31.222581499259636,45.41429852893191,43.175900975943165,46.54466103307908,211.11306243546807,-13.22864261919684,-12.101277479071829,43.77233823146139
1431,23.87385,1685.6356956122377,565.943639746579,14153.0,1644.9671361502346,530.9953051643192,-2.431698130831274,detected,1686.5017582222308,566.7375979285891,34.923356197134126,-37.585131320272694,51.30577847020792,33.234812648195835,-31.39056797113107,45.71564862616386,43.27462723213573,47.12915289463515,210.91336323380787,-12.69074573167544,-12.38701163449862,44.00548229570576
1432,23.89053333333333,1686.2952725484686,565.4942867846773,14236.0,1633.1623376623377,546.7207792207791,-2.801953529705476,detected,1687.0961461856646,566.1253709213382,40.80622134626719,-32.16218525467821,51.95723107438263,33.36338710171664,-31.633151008447186,45.97577450812781,43.37498476075571,47.63789854577591,210.39942295279437,-12.815545433381656,-12.769379772436473,44.166896900840854
1433,23.907216666666667,1686.9628278248138,565.030429699954,14114.5,1633.3809523809523,546.9206349206349,-2.8156627204684237,detected,1687.6904556392033,565.513285839162,44.38250404583414,-29.66893526790659,53.385881891280164,33.55633735438006,-31.79805258941848,46.22925399701347,43.446565393321144,48.062702180454664,209.97736449214358,-12.155895462979958,-13.179120982571455,44.31088687046481
1434,23.9239,1687.7314628787612,564.4311092312573,14185.5,1635.2983425414363,544.6961325966851,-2.7816093484970628,detected,1688.2985027811415,564.9081716742686,47.82031972252753,-24.021365737880615,53.514568019164464,33.66778210998747,-31.858794056876015,46.351939667763965,43.55447979457788,48.39690519557484,209.3725541991048,-13.167758023002664,-13.713446249991208,44.276898072387965
1435,23.940583333333333,1688.2867464387464,564.2558974358974,14625.0,1638.688524590164,540.0765027322404,-2.687990696675808,detected,1688.9269422768602,564.2903558546335,51.925239172308466,-24.639755056796275,57.47475961115762,33.82824784621543,-31.993121981639124,46.56082265678968,43.648831833160386,48.63547286156629,208.85749510797675,-13.17961572334442,-14.18662144368964,44.3469274977474
1436,23.957266666666666,1689.929511422142,563.977473815667,14146.5,1638.5785714285714,540.6357142857142,-2.7149583308379075,detected,1689.5743618827678,563.7156001748698,51.28093244406773,-28.61078163335469,58.72231993036842,33.911610736003844,-32.07371431536049,46.67676609078238,43.67582709612139,48.775056874779466,208.62417392453258,-12.150657858309168,-14.40165949883551,44.39946729830452
1437,23.97395,1690.7097790693604,563.1679329621978,14280.5,1636.532894736842,543.6973684210526,-2.796578269682123,detected,1690.2213009231682,563.1171625311157,50.00757135699132,-31.173516651640057,58.92830672482163,33.85105403609092,-32.01323490660856,46.59121235319004,43.68511240693349,48.814032658755806,208.1883116580541,-12.412705932988647,-14.714190615250057,44.20671513557794
1438,23.99063333333333,1691.599366504202,563.6151454585831,14259.5,1638.7483870967742,541.0645161290322,-2.738297115853143,detected,1690.8594786048702,562.549880787873,45.61529099465861,-36.57684502082816,58.46896924185567,33.81719350323453,-31.98122788223293,46.54461852126968,43.70925786171085,48.752510406062676,207.91897301952773,-12.55162978675276,-14.90690311572239,44.09292179918435
1439,24.007316666666668,1692.2289414844936,562.2315480948574,14386.5,1642.516304347826,535.570652173913,-2.6493283497633127,detected,1691.4921875442521,561.9702641919008,41.5902117641599,-38.08299086579291,56.392019895298404,33.74793781625978,-31.713181499878697,46.31035723997803,43.83972241363014,48.59231919290681,207.41037009394248,-13.81932130443778,-15.359631984114111,43.68902485758825
1440,24.024,1692.6390435105295,561.1135657296595,14372.0,1648.2850877192982,528.6315789473684,-2.50949285497751,detected,1692.1418127551594,561.3999518773161,35.37716402252863,-39.16127488074062,52.77451264163242,33.53966644146306,-31.55885739307817,46.052912013913385,43.943819321358305,48.33696404419751,206.88800624949653,-14.06393284695668,-15.641336768538576,43.3153470383698
1441,24.04068333333333,1693.4079883040936,560.82016374269,14250.0,1644.031746031746,534.4497354497355,-2.651061050222972,detected,1692.772119283138,560.8503715054345,32.604848152817794,-41.89315624672122,53.085898912804545,33.47391565571696,-31.192931841718753,45.754803312965564,44.05887959205535,47.99155649237704,206.44747639236795,-13.906083691931848,-16.078015119519105,42.836893631829554
1442,24.057366666666667,1693.5712128184252,559.5205951411749,14125.5,1643.6482758620689,535.6206896551724,-2.69510052015027,detected,1693.3922680665225,560.3020068127391,29.86673100906137,-42.51516908401072,51.95730192580874,33.41803183457157,-30.954312469203273,45.551446872053496,44.129603762945464,47.56271982915142,206.1037076228446,-14.686124573940138,-16.389549382645157,42.5007880300042
1443,24.07405,1694.354407424528,559.8675579893088,14061.5,1643.7619047619048,535.4081632653061,-2.6912652898558447,detected,1693.9828854557252,559.7850240701216,29.307227744520787,-35.635346213161256,46.13882852653582,33.29058022915745,-30.654308732214716,45.254274669294,44.22079046658715,47.05847077440801,205.82190470716802,-13.354856520195332,-16.6143340513217,42.09410029772577
1444,24.090733333333333,1694.7684994435367,559.0527574530558,14077.0,1641.0759493670887,539.6075949367089,-2.7941283732650226,detected,1694.6126854507322,559.3021085156009,30.452214221856593,-32.43538401250726,44.490352741382665,33.143722493066484,-30.40890804355759,44.980084805377395,44.30902052731504,46.48807961195446,205.45754413713763,-14.121076460995631,-16.854570080747596,41.702895540862755
1445,24.107416666666666,1695.1965254774825,557.686188831724,14189.0,1643.8,535.7388888888888,-2.73801302295975,detected,1695.2297447041976,558.8172488307882,32.649403404213444,-28.716514921452244,43.48128070658745,32.9957415328637,-30.128789012057705,44.6817959200012,44.35426171948934,45.86191095112815,205.0686018571663,-14.636696160927777,-17.121918292186237,41.27108916217664
1446,24.1241,1695.5465026720226,557.6532887798751,14065.5,1643.2545454545457,536.5939393939394,-2.7587381812724123,detected,1695.8394204272115,558.3387419227734,36.7348301814427,-24.490341350967356,44.15002341954459,32.675430914149885,-29.91676733388942,44.30233349537533,44.359103777598776,45.19124718646733,204.66828953478293,-12.17908398567423,-17.20726097988253,40.82409732873058
1447,24.14078333333333,1696.1888979476091,557.5929483771106,14105.5,1642.351515151515,537.5393939393939,-2.7850297650317297,detected,1696.440159991953,557.8726778601102,40.20326727487918,-20.273202845708738,45.02560885983247,32.42735343642268,-29.620872811355003,43.91957828801574,44.310521496486096,44.488096508492006,204.65544735434918,-9.02771222203888,-17.11438534301739,40.44783271484215
1448,24.157466666666668,1696.9758610675494,556.8960097577975,14347.5,1641.6308724832215,539.4161073825503,-2.835672090557513,detected,1697.0123743117933,557.4126845264122,40.207544581149705,-18.773771246128945,44.37455496167955,32.13236341900933,-29.328507380733047,43.50459888417547,44.278660365658006,43.764987091178085,204.98710172729818,-8.050668747559046,-16.736088746892786,40.15661162908457
1449,24.17415,1697.913277421015,557.0894597092091,14248.5,1640.7285714285715,540.25,-2.855212448435182,detected,1697.5749382315441,556.9716460365163,40.01896888981628,-17.487049985891872,43.672815208240976,31.71962380305947,-29.104574653249003,43.048934945642515,44.23605577977031,43.03474900353367,204.65838691736403,-6.480059701676653,-16.6845206346087,39.68422320201667
1450,24.19083333333333,1698.7431868373285,556.5771387607385,14414.5,1646.3941605839416,532.3576642335767,-2.7082658161198463,detected,1698.1196405469664,556.5326873483264,37.06672349375822,-22.082591292096367,43.14606388462913,31.28684134946578,-28.815136885674224,42.53443963856565,44.128971812376214,42.31028559969366,204.79222868352136,-5.602558828346509,-16.320248518057642,39.27884982628211
1451,24.207516666666667,1699.7185540049527,557.1385822398112,14403.0,1653.4144736842104,523.3618421052631,-2.511370563047296,detected,1698.651536278274,556.1121114301117,32.468510848590086,-23.484752404280016,40.07165821644205,30.7028760538205,-28.651891019041315,41.99520754732955,43.967674254787326,41.60433671376802,204.61643433632656,-4.21539640422601,-15.977792598270614,38.836936035556846
1452,24.2242,1699.409489190311,555.4292686210495,14855.5,1653.2054054054054,524.2864864864865,-2.5485119955014106,detected,1699.1687058299967,555.6961353353023,27.08683284965082,-24.952075818473304,36.828013813885796,30.19587147208286,-28.517125354683042,41.53332508303728,43.79823902361452,40.92923694072522,204.79998213283125,-1.2207714775833387,-15.449576474009739,38.55292050191501
1453,24.240883333333333,1700.1073830970836,555.2849661336498,14321.0,1647.829787234043,531.1063829787234,-2.708389411289829,detected,1699.650901332055,555.2655344254146,24.365708369670756,-27.67047265212932,36.8692663494689,29.642669938316292,-28.43410736683459,41.075373921860255,43.67780179469691,40.296673572522714,205.21683312524777,0.37569957506750157,-14.703568202101206,38.35350603200177
1454,24.257566666666666,1700.2154624328216,554.5791914011731,14234.5,1651.9122807017543,525.5204678362572,-2.6000046662131684,detected,1700.1138678460331,554.8207422772766,22.11718049927549,-27.407662080783666,35.2185975582782,29.104323550731642,-28.33765296393441,40.62122874618705,43.612662820446445,39.717450238350324,205.79455380455846,1.8820641195060337,-13.873370071854758,38.17870908895975
1455,24.27425,1700.620821462488,554.6427113010446,14040.0,1648.987951807229,529.3493975903614,-2.6860830878651947,detected,1700.5625802163122,554.3820680222809,21.834757941679527,-28.226468499309703,35.68599414776419,28.699591967993488,-28.39752579866597,40.37432415056896,43.61104797380057,39.20126373212555,206.2638246778812,4.0487122350168105,-13.170768778905988,38.16565079214307
1456,24.29093333333333,1700.890344664778,553.9491855524079,14120.0,1651.646408839779,526.6187845303867,-2.634918519299569,detected,1700.9761270501483,553.9405938678627,22.960514993402285,-26.705092536044504,35.21856351586406,28.24054570090427,-28.506670006025832,40.126782282128175,43.678500045870635,38.75650259816824,206.82313038511077,6.761130906323303,-12.338679945268199,38.18266142538458
1457,24.307616666666668,1701.747806628068,553.5963366840715,14076.5,1652.8597560975609,525.0365853658536,-2.612881696091823,detected,1701.3726899422704,553.5074321758135,20.080739300677124,-26.79450535562205,33.48405005542516,27.817735970056496,-28.668451815684808,39.946295998603134,43.77561170719961,38.39007647015126,206.81129873819447,6.122420537168931,-11.896235818776933,38.133792590720184
1458,24.3243,1701.8872899961818,553.275653875525,13968.0,1651.3589743589744,526.8974358974359,-2.6604624381796635,detected,1701.7477573693423,553.0581632182584,20.535603175454526,-28.421829040288685,35.06438882648798,27.46616622393414,-28.7664671301816,39.77310546327253,43.857669663682564,38.107284638330356,206.8012266555478,5.008799208045935,-11.544941659837544,38.06066526301855
1459,24.34098333333333,1702.3354247161274,552.691928680302,14105.5,1652.7272727272727,525.0738636363636,-2.63360147433806,detected,1702.1164279062368,552.617469932316,20.323237869672994,-26.836030003747055,33.66313271027108,27.15385920591187,-28.965255043516194,39.702872308063874,43.889462359867665,37.91173068567708,206.92501443979535,3.5322246042651355,-11.094215691955641,38.12133848241416
1460,24.357666666666667,1702.3666725259272,551.6044530380266,14222.5,1652.9289617486338,525.0710382513662,-2.649014816290014,detected,1702.4433333082038,552.1402548013402,17.48194055049771,-25.366809961105673,30.807357773979682,27.00817840956567,-28.90294392688898,39.55782942280602,43.852259211651386,37.80528731738073,207.12766295751317,3.082516549976732,-10.85807327072446,38.03845571906668
1461,24.37435,1702.4126476027884,551.9544624650258,14058.0,1652.572192513369,526.1711229946524,-2.66418722160045,detected,1702.7957983718507,551.6863311427392,18.168316232649886,-23.133642707323588,29.41518552788126,27.063155374208602,-28.881383338494526,39.57964985132669,43.798725490754904,37.78811200210181,207.11359678379196,3.1849250401643965,-10.926173048016988,38.04165381366079
1462,24.391033333333333,1703.1255642087046,550.8812764564185,14253.0,1651.727777777778,527.1277777777777,-2.708680661752927,detected,1703.1620669220392,551.2324481910086,22.255419547907877,-22.300979612502488,31.506148462334327,27.14473660032761,-28.958083947292405,39.69140147436973,43.75228352441775,37.85871026177073,207.21812757956513,1.09033081297766,-10.894218065658473,38.167045520153636
1463,24.407716666666666,1703.5780360475278,551.4666572177733,14111.0,1651.3391812865498,527.812865497076,-2.716412078406263,detected,1703.552929956846,550.8197375692328,26.47945819263441,-21.870436155198604,34.343524626836015,27.240285432147626,-28.95481004107474,39.754423338033675,43.72181438525501,38.014040004629585,206.9588842358067,1.579929892510472,-11.153448447792004,38.157761499622104
1464,24.4244,1703.254089769879,550.5799498746867,14630.0,1653.3664921465968,524.6649214659685,-2.6624919368101923,detected,1703.9331595921242,550.3739883369342,27.88760390185871,-24.617424968092564,37.198602977082786,27.458241727029215,-29.059412885821654,39.98005147581261,43.7474716586716,38.24964776532861,207.04708168653127,1.958632108212423,-11.241251480610313,38.36715758507923
1465,24.44108333333333,1704.4583038952476,550.6223446846592,14154.0,1654.278409090909,524.6534090909091,-2.664030054827019,detected,1704.319687128267,549.9164945028419,28.669662445280665,-29.074695133085015,40.83243125027181,27.658884834308147,-29.327459087901413,40.3126998206527,43.781332215018885,38.55982649534737,207.42939064411468,3.5287069409582648,-11.03960614264704,38.771650249187
1466,24.457766666666668,1705.1294991899697,549.8812190368857,14197.0,1651.577380952381,527.9047619047619,-2.752174324991292,detected,1704.7287085929217,549.4646051233793,25.45939618166176,-30.886586732830892,40.027017050231194,27.87120860961926,-29.613788756998915,40.66670325837921,43.7690583816226,38.93778476288121,207.37587264105647,5.122910051971297,-11.1327002280825,39.11321694180526
1467,24.47445,1705.8348362207705,549.2526625958535,14084.0,1655.71875,522.2125,-2.646807423761194,detected,1705.1408281848521,548.9896502330126,24.959346676144378,-34.478802821518,42.56473693687155,28.002309018163,-30.101256446848854,41.1122238516436,43.72428672724106,39.37581869617737,207.4054104389907,5.737448497326337,-11.004548510883495,39.61205450490121
1468,24.49113333333333,1705.5568764651982,548.1813930241691,14005.5,1653.1420118343194,526.2366863905326,-2.7450929215173208,detected,1705.5602448292989,548.5117772229056,25.623244982086362,-33.007961366140535,41.786076592097515,28.21735865645666,-30.394916166973093,41.473729737563175,43.713646269061734,39.865480324206054,207.52461488778744,6.04119706498176,-10.977111294172682,39.99466571906532
1469,24.507816666666667,1706.1665011702958,547.9851053266189,14099.0,1654.0529801324503,525.4569536423841,-2.7335635875000754,detected,1705.9813731997838,548.0076049966411,21.00977448123558,-34.622358367615334,40.49837432154483,28.44180514681568,-30.71130050145723,41.8583355916147,43.722894267156235,40.39773861593236,207.51617649086728,5.100516963770423,-11.035889447187634,40.37733773553787
1470,24.5245,1706.0599092032703,547.3047632629778,14024.0,1660.2378048780488,516.3719512195122,-2.547799635335282,detected,1706.4078582973034,547.4639173371718,20.03418338190295,-31.80909723762784,37.59238181936041,28.661342352945727,-31.171917610521334,42.34573169742011,43.75039471868168,40.963132010020104,207.43189429163445,5.371357461199528,-11.077921360517509,40.87102459347062
1471,24.541183333333333,1706.7588112679412,547.0382943243404,13992.5,1659.2919254658386,517.6832298136646,-2.5877299858634237,detected,1706.8244944468947,546.8993305870096,18.46665542183382,-31.98436044930122,36.932596386113566,28.928865217163295,-31.468850723101436,42.74538347688136,43.75620876298034,41.55191319822542,207.30926191091757,5.443719639819626,-11.266848458290204,41.23379602223843
1472,24.557866666666666,1707.3928114653183,546.6128542570611,13943.5,1653.05421686747,526.9457831325301,-2.794324615765429,detected,1707.2549311551682,546.3227967565465,20.323907938979573,-32.26472092553195,38.13231504006249,29.222228384413622,-31.623614261213646,43.058002864657624,43.678183016460004,42.15418816645179,207.2931311784148,4.387167798315101,-11.46819469751924,41.50267607122046
1473,24.57455,1707.4307753022638,545.7357059998326,13936.5,1661.4388888888889,515.5388888888889,-2.5606138114176886,detected,1707.701791301014,545.7425203533585,20.494416944938166,-34.043077074930125,39.736031792852714,29.581823923371644,-31.860787626968627,43.47636248404597,43.53609809209575,42.76005194768935,206.90713767632644,4.0472036208768,-11.960864286829056,41.798705965092
1474,24.59123333333333,1707.8800592592593,545.5796740740741,14062.5,1656.4893617021276,522.5390070921985,-2.7201174231620446,detected,1708.1694046647535,545.1508034827392,22.331517233690647,-32.81015578555002,39.68882694954191,30.0500518126041,-31.86028618803966,43.795929604518975,43.32680223002101,43.3597232850981,206.66244620643772,2.383239322731758,-12.557927439616256,41.956905371408354
1475,24.607916666666668,1707.7483716343286,544.4975345167653,14534.0,1661.46,516.1,-2.5913117615952435,detected,1708.672566322806,544.5692254313897,23.815869297252902,-34.78249082486013,42.154682994482506,30.53734517097377,-31.920506216573127,44.17519855318682,43.06470431706599,43.94367963071877,206.82317250364832,0.9139388459401284,-12.847869195320138,42.26559386017689
1476,24.6246,1708.3784706283911,543.9110083212693,14160.5,1662.6993464052289,514.9019607843137,-2.5757908849872093,detected,1709.219461300826,543.9972719416048,26.981502997387906,-35.74962131626444,44.788803603739645,31.056309735928803,-31.69214225957769,44.37213377126748,42.957548102378645,44.50279283667729,207.53230432647229,-0.02045600288555472,-12.889543523274904,42.4587555537943
1477,24.64128333333333,1708.9397209389804,543.5398079251448,14178.5,1659.0718562874251,520.0,-2.700559210738956,detected,1709.7670527764965,543.3913586726605,31.614354682800695,-37.02645950520514,48.687022146569184,31.42013586889569,-31.634149199530608,44.58636936999949,42.96044250972919,45.02846472332704,207.8347142318818,0.444379566531233,-13.014074727916645,42.644790919574575
1478,24.657966666666667,1709.4404660616374,543.3783442049537,14104.0,1657.8614457831325,521.3975903614457,-2.738742534996064,detected,1710.3424311223348,542.7967599249433,35.67012677408184,-37.23713810903541,51.56512773794367,31.78171383532509,-31.51279597575592,44.75638104807082,42.96920479568125,45.51276058547355,207.97161624994806,-1.0927444633860384,-13.288399845686753,42.738180518843635
1479,24.67465,1710.3039219116258,542.2749653057178,14291.5,1661.9314285714286,516.5428571428572,-2.652707129411045,detected,1710.925438703763,542.2020788885335,39.13862040185268,-37.397721679906226,54.13336488532786,32.054120850208314,-31.438701515533143,44.89831418285708,42.981115207830626,45.94853775231548,208.25325365362215,-1.639549395193794,-13.353188193779896,42.8666651551534
1480,24.691333333333333,1710.9120386581694,541.602154679366,14279.0,1663.3251533742332,514.3496932515337,-2.621497270839192,detected,1711.4990591511926,541.6651303597077,43.35663307208142,-33.204759362132336,54.61093000164179,32.40576818903657,-31.474496466809697,45.17496806596315,42.96543267697068,46.329565650694704,208.2745742050048,-2.4909565481927167,-13.629971482867445,43.06972970819542
1481,24.708016666666666,1711.525016926992,540.6974154234083,14277.0,1663.3466666666666,514.4133333333333,-2.6421662400225694,detected,1712.0870193344997,541.1105984161132,46.96886106607599,-31.789888296422532,56.71570247950184,32.6779115521047,-31.48362850364082,45.376918881326034,42.90564994943478,46.650633488425306,208.38849122287982,-3.023740031396341,-13.779386909948686,43.23416777906541
1482,24.7247,1712.3661991833835,540.5817977395112,14082.5,1663.0,515.8832116788321,-2.6776941113450534,detected,1712.7121140054621,540.5330497924324,48.21682009545839,-31.15557675587479,57.406721758945665,32.92777006673517,-31.321544831434434,45.44532112545072,42.81170570356686,46.9076416708342,208.43140922212493,-2.826195362383719,-14.043889617016317,43.22090208013247
1483,24.74138333333333,1712.8914836249592,539.5008968761634,14773.5,1661.357142857143,518.2559523809524,-2.750572191001261,detected,1713.3371122386227,539.959150567234,46.07766966207146,-30.163201360034236,55.07241013223365,33.11507800516557,-31.087096457951695,45.42043546108066,42.62771229859863,47.097673344917375,208.3761403598656,-2.9339576169566404,-14.361800656468663,43.09007588039327
1484,24.758066666666668,1714.4965165754895,540.4233529714312,14258.0,1662.2083333333333,517.2678571428571,-2.7247057692426573,detected,1713.9724541065868,539.3782344783532,46.57605479333233,-30.459720262053224,55.65180534856018,33.27117229743162,-30.796121617701708,45.336210833478965,42.42310627493025,47.21904297545815,208.23212532715826,-2.066987306138354,-14.745232855746266,42.871320492462985
1485,24.77475,1715.2443313013762,539.4427472984206,14436.0,1665.7518248175184,511.8175182481752,-2.6324985873458355,detected,1714.6040267519033,538.7946090615434,45.31402986904868,-33.07197156449115,56.09916760644089,33.326045276732884,-30.63068915472282,45.26438348061425,42.39623530912774,47.27131953941815,208.1158657066506,-1.4579168054251483,-14.95855203465412,42.72126090024321
1486,24.79143333333333,1715.6675746813328,538.5943473213567,14500.5,1660.48,519.3,-2.805261773679945,detected,1715.2239362756445,538.2355545711002,41.74300150058389,-38.30201848669344,56.65265037430071,33.30228436875204,-30.28777774433007,45.015459842893556,42.516704517994285,47.255322722173,207.95102202383575,-0.7542340272950162,-15.22114091468559,42.36399997784023
1487,24.808116666666667,1715.8759817229168,537.6494173900414,14918.5,1670.2615384615383,507.6,-2.5590770594392103,detected,1715.8519916552682,537.6740740268087,37.215732708443284,-43.14222639218178,56.97598142288171,33.29646224467088,-30.0552455078642,44.855012880934325,42.6714414193168,47.17309136764207,207.78624955315274,-0.7698181460879293,-15.44615890252881,42.111617823429846
1488,24.8248,1717.065584760848,537.2738631897728,14419.0,1666.790909090909,510.83636363636367,-2.657470798152372,detected,1716.4788228451466,537.1563314450533,32.63680764118908,-47.5212802767378,57.6492262927114,33.277597882803796,-29.653973036491113,44.57304833302889,42.84537893922255,47.02782435279177,207.5573108284084,-0.6246761838660936,-15.783220763470108,41.685088221450314
1489,24.841483333333333,1717.5553114830311,536.2850883310089,14340.0,1667.7954545454545,510.3939393939394,-2.661819921160724,detected,1717.0741886686505,536.64810184999,32.650707745939144,-43.55406744993388,54.433679902649615,33.1448900954201,-29.347945770197143,44.27059588900865,43.03828136274423,46.82379500644776,207.54261707785375,-0.6019160041191858,-15.817752464994255,41.348329679977134
1490,24.858166666666666,1717.8720781634834,535.4316418049166,14346.0,1673.6350364963505,503.5985401459854,-2.5178312021399107,detected,1717.6842567822046,536.1619680823777,33.51534257282947,-40.38988197659705,52.48448107638633,33.130178502298,-28.917007182403115,43.97501599751025,43.23435312897503,46.56624112544671,207.26276457769126,0.8086665958667537,-16.203846121303755,40.8807705756434
1491,24.87485,1718.1680662467927,534.357277816655,14290.0,1672.0124223602484,505.5031055900621,-2.582885925081896,detected,1718.2354417964734,535.6839033548063,35.58752961892151,-34.78408771703653,49.763490861113304,32.94588099415718,-28.39339236325561,43.49270978422647,43.301172630615525,46.261233481156545,207.27685188499035,0.8801198044082068,-16.26995790279662,40.33490144051644
1492,24.89153333333333,1718.9490004649,534.2676778242678,14340.0,1671.358108108108,506.8648648648649,-2.619157721124842,detected,1718.7835521107893,535.2145742764999,35.504037454898025,-28.642882377215983,45.6174460757486,32.76158348601866,-27.869777544107258,43.012159360690035,43.31684147516327,45.91552638140529,207.29213127118786,0.9515730129494143,-16.3355112418118,39.7894072001335
1493,24.908216666666668,1719.6064441353733,533.8949582753825,14380.0,1670.7857142857142,508.1904761904762,-2.656964585006346,detected,1719.3285877252695,534.7539808474953,38.286878781817904,-23.53791671309,44.94350464801315,32.57728597788014,-27.34616272495891,42.53342423864458,43.350118972621225,45.53639431612809,207.3086027362733,1.0230262214906218,-16.40054017097522,39.244292063493084
1494,24.9249,1720.1620541950977,533.2876588964705,14435.5,1674.523489932886,503.6510067114094,-2.565655237898504,detected,1719.8705486399144,534.3021230677925,41.44607051132061,-17.083465762583046,44.82880283133498,32.39298846974161,-26.822547905810563,42.05656640954318,43.41349107597848,45.13145897122872,207.32626628024664,1.094479430031829,-16.465078696749504,38.699560225797924
1495,24.94158333333333,1721.164620938628,533.4203999770787,14542.5,1675.260606060606,503.27272727272725,-2.560483681738801,detected,1720.4094348547237,533.8590009373916,41.77384003328007,-15.146209324478377,44.434911590178594,32.20869096160309,-26.298933086662213,41.58165045974954,43.54578901362889,44.70851097927568,207.34512190310787,1.1659326385730364,-16.5291607989885,38.15521587198755
1496,24.958266666666667,1721.7389144391807,533.4420623119748,14459.5,1671.6593406593406,507.2087912087912,-2.6590619127065747,detected,1720.9452463696975,533.4246144562924,38.81472726561424,-13.822097116768646,41.20234728033588,32.02439345346457,-25.775318267513864,41.10874369101953,43.69958419101297,44.275330748489274,207.36516960485702,1.2373858471142438,-16.592820430485464,37.61126318027091
1497,24.97495,1722.4349444942425,532.6003470546324,14503.0,1677.475806451613,500.11290322580646,-2.51585981045388,detected,1721.477983184836,532.9989636244949,35.19006149799134,-12.702234910610287,37.412393667830706,31.84009594532605,-25.251703448365518,40.637916246428816,43.832138218416546,43.839512644643335,207.38640938549403,1.308839055655451,-16.656091516519965,37.06770632565596
1498,24.991633333333333,1723.2593078072898,533.0056456249281,14495.0,1673.3125,505.59027777777777,-2.639601056840283,detected,1722.0076453001388,532.5820484419992,30.861125513084517,-12.818271027914761,33.41731796657887,31.65579843718752,-24.728088629217165,40.16924124190378,43.9320432531864,43.40829673979817,207.408841245019,1.3802922641966586,-16.719007954402457,36.52454948347605
1499,25.008316666666666,1723.5807844217877,532.1221640488656,14516.0,1669.8018018018015,510.5765765765766,-2.760541469797996,detected,1722.5342327156063,532.1738689088053,25.710757754673068,-16.038855165757695,30.303266149833316,31.471500929049,-24.204473810068816,39.702794903500674,44.038123660777515,42.98841227350357,207.43246518343187,1.4517454727378662,-16.78160361301653,35.98179683291303
1500,25.025,1723.815432766705,532.4843100980837,14324.5,1664.4190476190477,518.1142857142858,-2.9042195008396208,detected,1723.0577454312383,531.7744250249132,25.613485378950827,-23.589227736239536,34.82100369676182,31.287203420910483,-23.68085899092047,39.23865671056148,44.08641701119533,42.58593683133475,207.45728120073267,1.5231986812790732,-16.84391233235778,35.439452560517026
1501,25.04168333333333,1724.084551819255,532.0769545449232,14259.5,1671.2148148148149,508.0814814814815,-2.715533166194819,detected,1723.5781834470347,531.3837167903228,24.662361332703767,-27.541550181771754,36.96983977406304,31.102905912771956,-23.157244171772117,38.77690954485438,44.067933153496796,42.206174968225575,207.48328929692136,1.5946518898202806,-16.905967923069248,34.89752086372285
1502,25.058366666666668,1724.3703912716328,531.6858892964635,14176.0,1668.918918918919,511.5945945945946,-2.7939829000364518,detected,1724.0955467629958,531.0017442050341,22.91594367161906,-29.428667269987045,37.29861836111928,30.918608404633435,-22.63362935262377,38.31763984578149,43.94309291044079,41.853559582405275,207.51048947199791,1.6661050983614882,-16.967804165972737,34.356005954362914
1503,25.07505,1724.6613019741594,531.1158323563197,14073.5,1669.690476190476,511.1190476190476,-2.7927028636948386,detected,1724.6098353791213,530.6285072690474,23.458423864402903,-27.046264618793884,35.80220775359823,30.734310896494915,-22.11001453347542,37.86093777170476,43.731369720787924,41.53157883379307,207.53888172596245,1.7375583069026954,-17.0294548115953,33.81491206217656
1504,25.09173333333333,1725.7974438735685,529.3234187317232,14305.5,1672.4651162790697,507.1317829457364,-2.747283603785272,detected,1725.1210492954112,530.2640059823623,23.780036758947972,-25.568440688025703,34.91755013562671,30.550013388356394,-21.586399714327072,37.406897367403445,43.434169858943925,41.242730854357305,207.56846605881486,1.8090115154439033,-17.090953579690897,33.27424343831586
1505,25.108416666666667,1726.0241061373874,529.1725084459459,14208.0,1672.4695652173914,508.0086956521739,-2.7652462540850378,detected,1725.629188511866,529.908240344979,23.236189386429942,-22.42036075997862,32.28920986660449,30.365715880217866,-21.062784895178723,36.95561673763116,43.10544161945282,40.98850791422922,207.59924247055514,1.8804647239851107,-17.152334158756076,32.734004358847606
1506,25.1251,1726.026344066976,529.6740822086034,14114.5,1674.609929078014,505.79432624113474,-2.706796861229186,detected,1726.134253028485,529.5612103568976,22.534000931790615,-18.06428441410685,28.880782007897295,30.18141837207935,-20.539170076030377,36.50719822668662,42.6930094721786,40.76941103098863,207.63121096118337,1.951917932526318,-17.213630205539687,32.1941991282517
1507,25.141783333333333,1726.4665370795783,529.5043411674619,14147.5,1675.2797202797203,505.1468531468531,-2.697447179066182,detected,1726.6362428452687,529.2229160181179,21.49854098607193,-14.708777360671547,26.048711983044736,29.99712086394083,-20.015555256882024,36.061748603848535,42.23320596321713,40.58499518221679,207.6643715306995,2.023371141067525,-17.27487534454589,31.654832082915437
1508,25.158466666666666,1726.8112265328716,529.506995972016,14151.0,1678.2469135802469,501.0185185185185,-2.6110743842428885,detected,1727.1351579622167,528.8933573286399,20.20704831927469,-12.263916673610765,23.637437550520787,29.812823355802305,-19.49194043773368,35.619379254451204,41.81903808679725,40.43394426766666,207.69872417910355,2.0948243496087326,-17.336103167529902,31.115907594624144
1509,25.17515,1727.1089449810806,528.8185033725822,14183.0,1678.4096385542168,501.1385542168675,-2.624744027083917,detected,1727.6309983793294,528.5725342884638,23.188627502219788,-18.220532043467756,29.49068044965628,29.62852584766378,-18.96832561858533,35.18020637629008,41.35794584473849,40.31417375476617,207.7342689063955,2.16627755814994,-17.397347232986153,30.577430074047598
1510,25.19183333333333,1727.5562993235626,528.7135475385194,14192.0,1679.7027027027027,499.70810810810815,-2.5966789211103665,detected,1728.1237640966067,528.2604468975893,26.541247885044868,-23.300982179313223,35.31817676234252,29.44422833952526,-18.44471079943698,34.74435118094695,40.84962785295564,40.22295755743114,207.77100571257535,2.2377307666911475,-17.458641065628207,30.039403974222427
1511,25.208516666666668,1727.9835356101232,528.111134631668,14172.0,1678.9775280898875,500.7921348314607,-2.6330383171792504,detected,1728.6134551140483,527.9570951560167,28.961100295893967,-26.251599490318743,39.08825662713717,29.25993083138674,-17.92109598028863,34.31194009950842,40.285234191479034,40.15707425015029,207.80893459764312,2.309183975232355,-17.520018155859916,29.50183379403037
1512,25.2252,1728.459111064065,527.7021276595744,14170.5,1680.0233918128656,498.7426900584795,-2.6027229440265085,detected,1729.1000714316544,527.6624790637459,31.38095270673358,-29.202216801324003,42.86646310221756,29.07563332324822,-17.39748116114028,33.88310499201945,39.66705836809374,40.112966399367934,207.84805556159878,2.3806371837735623,-17.58151195923749,28.964724081672216
1513,25.24188333333333,1729.0577232620165,526.9867470304184,14185.5,1678.5454545454545,501.144385026738,-2.668703690706334,detected,1729.5836130494254,527.3765986207768,33.80080511757319,-32.152834112329266,46.65082172964509,28.891335815109695,-16.87386634199193,33.45798335986269,38.97543652483922,40.08690581013621,207.88836860444238,2.4520903923147697,-17.643155895921765,28.42807943813738
1514,25.258566666666667,1729.682318432477,526.8104775313857,14205.0,1684.4491017964071,493.18562874251495,-2.5023506502713704,detected,1730.0640799673606,527.0994538271095,36.22065752841281,-35.103451423334526,50.43994779558137,28.707038306971175,-16.350251522843582,33.03671856008341,38.35710678972681,40.075156963346025,207.92987372617387,2.5235436008559766,-17.70498335012031,27.891904520669108
