frame,time_sec,x,y,area,blue_x,blue_y,theta_rad,status,x_smooth_px,y_smooth_px,vx_raw_px_s,vy_raw_px_s,speed_raw_px_s,vx_sg_px_s,vy_sg_px_s,speed_sg_px_s,speed_ma_px_s,speed_butter_px_s,theta_smooth_deg,omega_deg_s,v_surge_px_s,v_sway_px_s,x_m,y_m,speed_sg_m_s,speed_sg_cm_s,speed_butter_m_s,v_surge_m_s,v_surge_cm_s
600,10.01,1299.3002663115844,969.861517976032,14052.0,1278.690082644628,922.5123966942148,-1.9813429386127903,detected,1298.9806803747201,970.4978334157303,35.69146712699012,-15.299984848968093,38.83259406807211,25.954613362776477,-8.736904021434015,27.38567959154867,35.60650729706046,38.18732931869236,242.007617612914,14.628940670232268,-4.467132335260884,27.018885531979883,1.6390923411668394,1.2246029443731614,0.03455606257608665,3.455606257608665,0.04818590450308185,-0.00563676004449323,-0.563676004449323
601,10.026683333333333,1296.7214734950585,965.8400718778078,14627.0,1276.9693486590038,923.0804597701148,-2.003530250384834,detected,1299.4179197248525,970.3515080902428,34.11313512356106,-13.205477169558264,36.57992092984975,26.461692347387565,-8.804593539501422,27.888026629426825,35.76657363378351,37.42746633745952,242.2456477593367,13.906141818003336,-4.531082019874803,27.517473085528533,1.6396440627442934,1.2244183067384768,0.03518993896457644,3.5189938964576437,0.04722708686114766,-0.005717453652838868,-0.5717453652838868
602,10.043366666666667,1299.4130829800122,970.4033918837068,13932.0,1274.834008097166,923.914979757085,-2.05715039985817,detected,1299.8636188427113,970.2040534779622,32.534803120132,-11.110969490148436,34.37974777506025,26.968771331998656,-8.872283057568833,28.39070329898954,35.727995368265525,36.74235066746795,242.4716192115747,13.183342965774404,-4.59685957576191,28.01608316399674,1.6402064591075223,1.22423224413623,0.03582423129210037,3.582423129210037,0.046362587593019505,-0.005800453723358878,-0.5800453723358878
603,10.06005,1300.9524727039177,967.9672447013488,14107.5,1272.5128205128206,924.7564102564104,-2.152886706972573,detected,1300.3177777282967,970.0554695788886,30.95647111670294,-9.016461810738608,32.24282381528906,27.475850316609744,-8.939972575636242,28.89369239598622,35.52712684273012,36.13837955725997,242.68553196962802,12.460544113545474,-4.664773335820906,28.51465149706877,1.640779530256526,1.224044756566421,0.036458917849824884,3.6458917849824886,0.04560047893660564,-0.005886149319647831,-0.5886149319647831
604,10.076733333333332,1300.974985110185,969.6164383561644,13799.0,1276.1532567049808,923.4214559386974,-2.06385635895915,detected,1300.7803963816089,969.9057563930219,29.37813911327388,-6.92195413132878,30.18258615087667,27.98292930122083,-9.007662093703651,29.39697788330408,35.32064990110752,35.62078114321728,242.88738603349668,11.73774526131654,-4.735132301384567,29.01311480623639,1.6413632761913046,1.2238558440290497,0.03709397840164553,3.709397840164553,0.04494735790942244,-0.005974930348750243,-0.5974930348750243
605,10.093416666666666,1301.8972520908003,968.7270011947433,13968.5,1272.7692307692307,924.9038461538462,-2.157416691585229,detected,1301.2514748026474,969.754913920362,27.79980710978589,-4.82744645196226,28.2158380096687,28.49000828583192,-9.07535161177106,29.90054479443555,35.15011155041139,35.1935372696544,243.07718140318062,11.014946409087608,-4.808246054292654,29.5114104862073,1.6419576969118581,1.2236655065241162,0.03772939406237925,3.7729394062379247,0.04440824892069956,-0.006067187450211552,-0.6067187450211552
606,10.1101,1301.8841498559077,969.4772334293948,14101.5,1272.5076335877864,925.3358778625956,-2.157997776349244,detected,1301.7310129914126,969.6029421609092,29.023721380267034,-7.099415429495366,29.87939260092023,28.99708727044301,-9.14304112983847,30.404379146294144,35.30295177388228,34.85933605570229,243.2549180786799,10.292147556858678,-4.884424671974553,30.009476284923938,1.6425627924181865,1.2234737440516206,0.038365147187752864,3.8365147187752866,0.04398654391886725,-0.006163311888926882,-0.6163311888926882
607,10.126783333333334,1302.1959378733573,968.7598566308244,14049.5,1277.5576923076924,923.4076923076924,-2.06845404563556,detected,1302.2190109479045,969.4498411146631,28.631308060377705,-6.109379546954642,29.275865823182702,29.504166255054102,-9.210730647905878,30.908467860347685,35.56141932632071,34.61955089914426,243.42059605999447,9.569348704629746,-4.963978645079546,30.507249982345837,1.6431785627102897,1.2232805566115623,0.03900122127488667,3.9001221274886673,0.04368397589797383,-0.006263695451204475,-0.6263695451204475
608,10.143466666666669,1303.5310427968657,969.1187462326704,14095.0,1279.030303030303,923.030303030303,-2.059405287800878,detected,1302.715468672123,969.295610781624,27.21893921198125,-2.9429663020978296,27.377576636379157,30.01124523966519,-9.278420165973289,31.412798691165136,36.017629226026365,34.474240862507585,243.57421534712435,8.846549852400814,-5.04721879718921,31.004669068141432,1.643805007788168,1.223085944203942,0.03963760087213267,3.9637600872132666,0.04350061938486762,-0.0063687303434564165,-0.6368730343456417
609,10.16015,1302.8286219081272,970.0017667844525,13972.0,1282.328,921.68,-1.9720335164030776,detected,1303.220386164068,969.1402511617918,25.869518183643777,-2.1188495660958324,25.956145602489222,30.518324224276274,-9.346109684040698,31.9173601615824,36.5640077547709,34.4221668063457,243.71577594006956,8.123751000171882,-5.1344562061442325,31.501670418429473,1.644442127651821,1.2228899068287593,0.04027427149726486,4.027427149726486,0.04343491079665073,-0.006478809092926477,-0.6478809092926476
610,10.176833333333333,1303.3375074537864,971.0781156827668,13969.5,1281.240174672489,922.3711790393012,-1.996705811050738,detected,1303.7337634237397,968.9837622551665,26.01920947108556,-3.545437218615916,26.25965320737072,31.025403208887365,-9.413799202108107,32.422141503787955,37.22057835356551,34.460818386136395,243.84527783883007,7.400952147942951,-5.226002126515091,31.998189971704797,1.645089922301249,1.2226924444860146,0.04091121956313938,4.0911219563139385,0.0434836825061658,-0.006594324449861314,-0.6594324449861314
611,10.193516666666667,1304.4507219083491,968.2448210922788,13853.5,1283.1126126126126,921.7207207207208,-2.0008172602397134,detected,1304.2556004511378,968.8261440617481,26.156751618005273,-2.935165455534843,26.320920414327965,31.532482193498456,-9.481488720175516,32.92713260571155,37.806590787223314,34.586448918944164,243.9627210434059,6.678153295714021,-5.3221679127442325,32.49416240407911,1.6457483917364515,1.2224935571757074,0.041548432310046124,4.154843231004612,0.043642206837784435,-0.006715669290529001,-0.6715669290529
612,10.2102,1305.4952893674297,966.6265141318976,13903.0,1286.8828828828828,920.3648648648648,-1.9533089118851,detected,1304.7858972462627,968.6673965815367,26.612553461000516,-0.5728964192185231,26.618719203255516,32.039561178109544,-9.549178238242925,33.43232396217105,38.376900324271546,34.79411765170342,244.06810555379707,5.9553544434850885,-5.423264942485659,32.989520803963835,1.6464175359574293,1.222293244897838,0.042185897744064414,4.218589774406442,0.043904249402780336,-0.006843236520486636,-0.6843236520486636
613,10.226883333333332,1306.7930327868853,965.9918032786884,13782.5,1286.5060728744938,920.82995951417,-1.9929895579238608,detected,1305.3246538091141,968.5075198145321,26.190297635931984,0.41292688895691754,26.193552620336327,32.546640162720635,-9.616867756310334,33.937706630295175,38.827954712343825,35.07774147510272,244.16143137000353,5.232555591256157,-5.5296045396660745,33.484196346319635,1.647097354964182,1.2220915076524066,0.042823604580814106,4.282360458081411,0.04426213435344192,-0.006977418977496624,-0.6977418977496624
614,10.243566666666666,1304.8875669244496,968.9464604402142,13594.5,1289.450980392157,919.8,-1.8751323165039604,detected,1305.8718701396922,968.3465137607344,26.81953547351577,0.8728107841889141,26.833734024175005,33.05371914733172,-9.684557274377745,34.44327218879452,39.216528450335744,35.43016000553383,244.24269849202528,4.5097567390272255,-5.6414978967906,33.978117966595704,1.6477878487567095,1.2218883454394125,0.043461542194062494,4.346154219406249,0.044706826505405466,-0.0071186093334897164,-0.7118609333489716
615,10.26025,1306.197795071336,967.9863813229572,13757.5,1285.1095406360423,921.7809187279152,-1.9989611883066185,detected,1306.4275462379967,968.1843784201437,26.744580906010924,1.5905785935256063,26.791837340883248,33.56079813194281,-9.752246792445153,34.94901270070119,39.44534537769384,35.84321875386662,244.3119069198624,3.7869578867982936,-5.7592559960150105,34.47121203448086,1.6484890173350117,1.2216837582588564,0.04409970056870813,4.4099700568708124,0.045228036282481544,-0.007267199994971623,-0.7267199994971623
616,10.276933333333334,1306.131177547285,969.4752898108604,13756.5,1285.189075630252,921.7521008403362,-1.984317892906884,detected,1306.9916821040279,968.0211137927598,26.693461074151855,-3.5295895535846284,26.925802987729707,34.067877116553895,-9.819936310512563,35.454920679239144,39.533876514680344,36.307874630346824,244.3690566535148,3.064159034569362,-5.883189528505783,34.96340202758907,1.6492008606990889,1.221477746110738,0.044738070257715014,4.473807025771501,0.0458143528458635,-0.007423583001269127,-0.7423583001269127
617,10.293616666666669,1307.110497237569,969.367710251688,13694.5,1290.344537815126,919.5714285714286,-1.8955657229574336,detected,1307.5642777377857,967.8567198785829,31.050445266417682,-11.036277766644162,32.953445619317634,34.574956101164986,-9.887625828579973,35.960989056524674,39.49271595297679,36.81432640563129,244.41414769298254,2.3413601823404306,-6.013608811608535,35.454608205202774,1.6499233788489411,1.2212703089950574,0.04537664234261789,4.537664234261789,0.04645340871373034,-0.00758814992001077,-0.7588149920010769
618,10.3103,1307.459344660194,969.7014563106796,13694.5,1288.0585774058577,920.6485355648535,-1.9474233267362728,detected,1308.1453331392702,967.6911966776129,37.12471478576117,-13.843034133771198,39.62163603326936,35.08203508577607,-9.955315346647382,36.467211154828064,39.32264129344428,37.352170305172756,244.44718003826557,1.618561330111499,-6.150823703345239,35.944747282199415,1.6506565717845683,1.2210614469118144,0.04601540839725939,4.601540839725939,0.047132076094855216,-0.007761291739236895,-0.7761291739236895
619,10.326983333333333,1307.2958333333331,969.2660714285714,13794.5,1285.4655870445345,921.995951417004,-2.00343546828455,detected,1308.734848308481,967.5245441898498,46.927205362087534,-19.786208258249644,50.92795539126192,35.58911407038716,-10.02300486471479,36.97358066015686,39.13050274128046,37.91057815414227,244.46815368936393,0.8957624778825686,-6.295143513760523,36.43373210328973,1.65140043950597,1.2208511598610094,0.04665436045445661,4.665436045445661,0.047836691677151134,-0.007943398755533784,-0.7943398755533784
620,10.343666666666667,1308.633234421365,968.3305637982196,13621.5,1280.2274881516587,923.8815165876778,-2.13944458436832,detected,1309.3328232454187,967.3567624152936,48.55077219430814,-23.498922825101545,53.938639717772666,36.09619305499825,-10.090694382782202,37.48009159794592,38.93696887716878,38.47849295692241,244.4770686462776,0.17296362565363685,-6.446876912637718,36.92147131769961,1.6521549820131467,1.220639447842642,0.04729349097532609,4.729349097532609,0.048553303415674966,-0.008134860457587026,-0.8134860457587026
621,10.36035,1308.96,966.9132307692308,13504.5,1288.377431906615,921.0972762645914,-1.9930218466689045,detected,1309.9392579500827,967.1878513539443,51.01845720087431,-28.083731655579868,58.237264349040835,36.603272039609344,-10.158383900849609,37.98673831066162,38.88194312117124,39.04483496594407,244.47392490900654,-0.5498352265752948,-6.60633183310552,37.40786905443271,1.6529201993060982,1.2204263108567122,0.04793279282102413,4.7932792821024135,0.049267930556396305,-0.008336065404549552,-0.8336065404549552
622,10.377033333333332,1310.5600976205003,966.6449054301404,13551.5,1283.69801980198,922.8118811881188,-2.1205943799796643,detected,1310.5541524224736,967.017811005802,50.12899533686368,-26.985720505036625,56.931057294408774,37.110351024220435,-10.22607341891702,38.49351543714785,38.81902466948536,39.598710461110436,244.45872247755085,-1.2726340788042265,-6.7738153706569495,37.892824598255956,1.6536960913848249,1.2202117489032203,0.04857225922668499,4.857225922668499,0.049966827080265536,-0.008547401098620757,-0.8547401098620757
623,10.393716666666666,1311.8880597014925,967.0012437810946,13783.0,1288.8193277310925,921.1050420168068,-2.036544401028362,detected,1311.177506662591,966.8466413708665,47.607923753845625,-21.817390224658993,52.36900725015726,37.61743000883152,-10.293762936984429,39.00041789355817,38.837534271618566,40.129615659302424,244.43146135191046,-1.9954329310331582,-6.949633677103501,38.37623206655705,1.6544826582493264,1.219995761982166,0.04921188377736047,4.921188377736048,0.050636739002274354,-0.008769253851234702,-0.8769253851234702
624,10.4104,1313.9272727272728,965.4265734265734,13966.5,1292.7063492063492,919.6984126984128,-2.005286475126221,detected,1311.8093206703447,966.6743424490712,44.430498114235434,-13.084041277005781,46.316965561416794,38.12450899344531,-10.36145245504994,39.507440855736945,38.85261424382653,40.627629206832125,244.39214153209326,-2.718231783262374,-7.134091848985792,38.85798008723289,1.6552798998994886,1.2197783500934654,0.04985166038578795,4.985166038578795,0.051265147264141483,-0.009002008642253366,-0.9002008642253365
625,10.427083333333334,1313.3409986859397,965.7135348226018,13921.0,1293.142857142857,919.6218487394958,-1.9838080765311208,detected,1312.4910029413118,966.4604822789363,38.991567713168024,-7.821120623030765,39.76823205185974,38.51785529144223,-10.4260622259946,39.90398413432919,38.891967076978815,41.083588241666426,244.48108142893062,-2.6987173433268876,-7.184914790605992,39.2518145981116,1.6561400668029171,1.2195084949891941,0.05035203045341224,5.035203045341223,0.05184048989484723,-0.009066138537042263,-0.9066138537042263
626,10.443766666666669,1313.7692307692307,965.8989569752282,13948.0,1289.679104477612,921.1305970149252,-2.064462086156868,detected,1313.1461968355986,966.2346464135073,34.51381717146887,-3.82351978368024,34.72496046479785,38.935861531810644,-10.392572911276972,40.29896878259467,38.92384411338433,41.489244677364795,244.45316124699815,-2.4321197315492364,-7.414521169951215,39.61100555099409,1.6569668098871908,1.2192235285974857,0.05085043379507214,5.085043379507214,0.052352359214340435,-0.009355862675017305,-0.9355862675017306
627,10.46045,1314.131274131274,965.7805662805664,13950.5,1289.1902834008097,920.838056680162,-2.0774344435322187,detected,1313.8345562584864,966.022489076391,29.786795877721033,-4.356390637197819,30.103676653274157,39.09480133967189,-10.197674962506053,40.40292150859061,38.90519980516195,41.83739983220839,244.36893761297176,-2.8124047055245067,-7.717213466394606,39.659055494847976,1.6578354022189103,1.2189558221784116,0.05098160442724367,5.098160442724367,0.052791671712565796,-0.009737808790403289,-0.9737808790403288
628,10.477133333333333,1313.957254665864,966.6646598434678,13814.5,1292.1565836298932,920.185053380783,-2.0093684390229907,detected,1314.5345854581649,965.796965124793,28.21755132800672,-8.737263747607358,29.539295535674977,39.531121686545596,-10.102234943473205,40.8015285577588,38.82995510668135,42.12201658225704,244.2145966427758,-4.725178356946054,-8.099754361670916,39.98948251640923,1.6587187198210283,1.218671249368824,0.05148457862177767,5.148457862177767,0.05315080956751677,-0.010220510235546898,-1.0220510235546898
629,10.493816666666667,1314.6670854271356,967.0320351758794,13638.0,1292.1955719557195,919.959409594096,-2.016184451709154,detected,1315.2496776108412,965.5928054223875,28.30344279983956,-10.546416855317602,30.20449938022342,39.78312396344314,-10.055250432577884,41.03419322409716,38.71174900363836,42.338308766648844,243.8449390355059,-4.21873205378024,-8.510842436423163,40.141880556034245,1.6596210443039008,1.2184136346023817,0.05177816179696803,5.177816179696803,0.05342373345949381,-0.010739233358262667,-1.0739233358262668
630,10.5105,1315.47479954181,965.7468499427264,13622.5,1293.3227272727272,919.6090909090908,-2.018421073027417,detected,1315.991392726164,965.353798105628,34.83548325540005,-19.430756370493782,39.888158478008755,40.04817242646239,-10.060715009012238,41.29254292474886,38.625306636668356,42.482807661159924,243.38146964324903,-4.926540628133916,-8.949139925129908,40.311127443829605,1.6605569624304908,1.2181120480828114,0.0521041551100932,5.2104155110093195,0.05360606644941316,-0.011292290126346888,-1.129229012634689
631,10.527183333333332,1315.8584965255843,965.7012002526848,13549.0,1292.696428571429,919.4732142857144,-2.0352755527238964,detected,1316.7207845738985,965.1317606310515,37.52366554372975,-22.150856815866973,43.57391345191216,40.228274638706075,-9.867708205392088,41.42083709479958,38.45080651820789,42.55340511497198,243.00166620462778,-6.307750431477001,-9.469889475167035,40.32377634798166,1.6614773306926165,1.2178318746133143,0.052266040498169825,5.226604049816983,0.05369514841005928,-0.011949387350368499,-1.1949387350368499
632,10.543866666666666,1316.8199395770391,965.2132930513596,13451.5,1290.7695852534562,921.10599078341,-2.104285167010583,detected,1317.4834349671817,964.8699627108418,43.45810265469481,-25.950102075462837,50.61634601660745,40.16562868853679,-9.616341296431184,41.30074754619894,38.281108645407905,42.549372637472246,242.60561601316937,-6.233115072519264,-9.94274882042552,40.08607605851169,1.662439665573731,1.217501530234501,0.05211450794473053,5.211450794473053,0.053690060110375075,-0.012546055293912329,-1.2546055293912328
633,10.56055,1317.630819672131,963.782950819672,13645.0,1293.5572139303483,920.0995024875622,-2.074477658820552,detected,1318.2657550547237,964.6557527364052,49.30212766021441,-23.449084234558995,54.59449920334028,40.22614194442798,-9.410537444587247,41.312234395264156,38.142962711632826,42.47135555612419,242.26322875759166,-6.284300583809349,-10.39243510610204,39.98372172890743,1.6634268202583267,1.217231233736789,0.05212900239150051,5.212900239150051,0.05359161584368983,-0.013113482783724973,-1.3113482783724972
634,10.577233333333334,1318.0588996763754,963.726860841424,13461.0,1296.003861003861,919.2123552123552,-2.030803210620415,detected,1319.0184283391975,964.4539487808331,55.1884861601784,-22.354337303357624,59.54397871258259,40.02527818699208,-8.890423782221866,41.00076254136745,38.11987794271179,42.32134151099616,242.00429483330257,-5.141614038629917,-10.937989661618523,39.51484418716499,1.664376565727694,1.216976591521556,0.05173597797017975,5.173597797017975,0.05340232367318128,-0.013801879699203184,-1.3801879699203186
635,10.593916666666669,1319.2119635890767,962.3647594278284,13635.0,1296.0578512396694,919.2892561983472,-2.0640105238275126,detected,1319.7548098833577,964.2518033410759,56.420796128256825,-14.750229885832141,58.317025965246344,39.89585759261938,-8.507094524676846,40.79277031904492,38.09994637895413,42.1026030777193,241.909080695057,-5.090837083885532,-11.28087340935819,39.20193879675325,1.665305753796035,1.2167215184114524,0.05147352721646047,5.1473527216460475,0.05312631303182247,-0.014234540579631786,-1.4234540579631785
636,10.6106,1319.5616065350578,963.6705241660994,13576.5,1296.839416058394,919.0364963503648,-2.041679735547964,detected,1320.509557135231,964.0565009333602,57.94196211985991,-10.624812154314895,58.90804365800784,39.73974722964519,-8.330339899493765,40.603473653336486,38.11543056018951,41.8196152053549,241.6791634931992,-4.364848540317893,-11.519630074888543,38.93507667457345,1.6662581162589667,1.216475080042095,0.05123466707045614,5.123466707045614,0.052769230543034576,-0.014535810820048635,-1.4535810820048634
637,10.627283333333333,1321.4833333333331,962.6433333333332,13940.0,1294.1959183673468,920.2204081632652,-2.142392866779708,detected,1321.2688001249821,963.8971166987305,55.251218148689986,-5.425543829920571,55.51696707101819,39.46938011415097,-7.979692501709571,40.26794580081254,38.310443086637704,41.477949340454416,241.79600652971357,-4.422045010749165,-11.621442459961871,38.554500828917135,1.6672161515772645,1.2162739642886191,0.05081128807673507,5.081128807673507,0.05233810642328633,-0.014664280706576495,-1.4664280706576496
638,10.643966666666667,1322.5585175552665,964.4466840052016,13905.0,1302.204081632653,917.2530612244898,-1.977987905104429,detected,1321.9963770541433,963.7588070799832,53.969227754996155,-1.1893111854733434,53.98233049402869,39.31150621869311,-7.623103966687598,40.04380395603389,38.55699351455642,41.084147445930455,241.64114968841693,-3.737960820738338,-11.964408950590833,38.214645801476394,1.6681342297213166,1.216099441110389,0.05052845925051595,5.052845925051595,0.05184119551536966,-0.015097045994436384,-1.5097045994436384
639,10.66065,1324.4683274021352,962.6028469750888,13977.5,1301.9749103942652,917.6989247311828,-2.035182233439603,detected,1322.6691701986533,963.6313903889004,48.35835021661842,1.0246996381488316,48.36920554465973,39.00426456732313,-7.2610938365406525,39.67437634217818,38.86332087102188,40.64558043527185,241.8126647012321,-2.3852391154340893,-12.023911068538517,37.80848715244586,1.6689831800613923,1.215938662951294,0.05006230453271695,5.006230453271695,0.05128779865649446,-0.015172127531278888,-1.5172127531278887
640,10.677333333333332,1324.0105540897098,963.7387862796834,14054.0,1299.7686832740214,918.5338078291816,-2.0630337094691478,detected,1323.3831001569574,963.4669627880777,43.074897752379,0.138990762868616,43.07512199414029,38.63317343384873,-6.901003342333441,39.244693102389434,39.20721939332278,40.17029664403981,241.71777412254102,-1.6119265051845026,-12.227787096277432,37.291113679117224,1.6698840380529432,1.2157311833288047,0.04952011747935576,4.952011747935576,0.0506880714751291,-0.015429384348615056,-1.5429384348615056
641,10.694016666666666,1325.0160106737826,963.3455637091396,13939.0,1301.8776223776224,917.7692307692308,-2.040572454673917,detected,1324.0619018411498,963.4275809339125,37.580591755250225,-4.114267694354567,37.805132923130834,38.14331701505887,-6.6009206501176605,38.710267195415085,39.63087481975574,39.666866678105926,241.74831638397154,-1.0569501658744513,-12.240371379859486,36.724080585135766,1.6707405701465614,1.215681490137429,0.048845763022605786,4.884576302260578,0.050052828615906535,-0.015445263570800614,-1.5445263570800614
642,10.7107,1324.9179051663127,963.3142250530784,13789.0,1301.1944444444443,918.3055555555557,-2.0558775687813258,detected,1324.687441418452,963.4232291286661,32.16567850329329,-0.943242618723616,32.17950559307897,37.94920043079207,-6.40254255808965,38.48550850053274,40.03279901902559,39.144231150404764,242.09382529424283,-0.34095396076923096,-12.103152426337786,36.53283544825685,1.6715298945343244,1.215675998900525,0.048562155836634376,4.856215583663437,0.04939335160934356,-0.015272116626293738,-1.5272116626293737
643,10.727383333333334,1326.0931147540985,963.0688524590164,14058.0,1300.9392857142857,918.525,-2.0848539952193006,detected,1325.3196925853867,963.4370302599403,30.868030692128286,-0.17818950016453527,30.868544998236356,37.579074390848895,-6.086321115787625,38.06875538807957,40.277999863135896,38.61155730159944,242.3337387478407,0.18907117680378277,-12.058283382970668,36.10855769278816,1.6723276878049045,1.215693413577212,0.04803628440136224,4.803628440136224,0.04872120795154504,-0.015215499536871506,-1.5215499536871506
644,10.744066666666669,1325.3858477970628,963.6141522029372,13919.5,1302.8,917.9,-2.0296861710336125,detected,1325.8939503890285,963.4278490845169,30.395505260014943,1.2568356256792867,30.421478856255046,37.17135744845187,-5.661856968826732,37.60008562351993,40.30074461475585,38.07810919700932,242.45041023703615,0.4772391057557223,-12.17248936799626,35.575229324377496,1.6730523033300047,1.2156818284978133,0.04744490299497783,4.744490299497784,0.04804808731483826,-0.015359608035326511,-1.535960803532651
645,10.76075,1326.5433333333333,962.51,13978.0,1302.29889298893,918.2287822878228,-2.071726355386694,detected,1326.4648531730304,963.4136959969209,36.38000235675554,-1.369870268163595,36.405784101281725,36.91773260723323,-5.375911853840433,37.30709596202087,40.208237527434555,37.55313409816637,242.28240216401105,-0.2291228575959184,-12.411922610076099,35.18186445089168,1.6737726853918367,1.2156639697122031,0.047075199952076804,4.70751999520768,0.04738565816803327,-0.015661732000096025,-1.5661732000096025
646,10.777433333333333,1326.7791530944626,962.6651465798044,13949.5,1303.2789855072465,917.8768115942028,-2.054003362349308,detected,1326.9988051244668,963.3652953637852,35.92443223007285,0.15713635051588426,35.92477589193495,36.69682533272952,-5.268418091461731,37.07307943356338,39.91558734484058,37.04576486573771,242.22500098597072,1.0747098716606218,-12.439328838005565,34.92386457348704,1.6744464417974345,1.2156028963580887,0.04677991095717777,4.677991095717777,0.04674544462553654,-0.015696313991174216,-1.5696313991174216
647,10.794116666666667,1327.9021592442646,963.88326585695,13725.5,1301.590405904059,918.2472324723248,-2.0937995981482413,detected,1327.548279226525,963.3633266502274,39.706893729078274,0.2167967450723154,39.70748557187913,36.65492129477872,-5.434742671270763,37.05562957270263,39.53256237546191,36.56493517637283,242.0609098445604,0.7848008882984268,-12.372724989995955,34.92900455711962,1.6751397845129654,1.215600412176943,0.046757892205303006,4.675789220530301,0.046138719465454676,-0.015612271280751995,-1.5612271280751995
648,10.8108,1328.7753712871288,964.2753712871288,13780.0,1301.1949152542372,918.542372881356,-2.1134742387150296,detected,1328.1292197554997,963.322878777743,39.55331202810066,-1.353193456243389,39.576452909808786,36.66103686102617,-5.265703063697909,37.037268426283234,39.21904501473446,36.11930137996513,241.96890101453351,1.605841660108235,-12.58088403287547,34.83504857800397,1.6758728324990533,1.2155493738520418,0.046734723566287995,4.6734723566288,0.045576405526769885,-0.01587493253359681,-1.587493253359681
649,10.827483333333332,1329.2464052287582,962.683660130719,13990.5,1303.3244444444445,917.9822222222222,-2.096298541594767,detected,1328.7626982507734,963.2576805537046,40.68035563291642,-2.560906042462193,40.760882892534035,36.85776876609271,-5.411334405086649,37.252887921051624,38.98151582152861,35.717162497305345,241.9876898950195,2.5850114172959326,-12.533287178261165,35.08125383970288,1.6766721744489255,1.2154671047996273,0.04700679863855095,4.700679863855095,0.04506897476000675,-0.0158148734110551,-1.58148734110551
650,10.844166666666666,1330.6621534493877,963.052869116699,14032.0,1306.663043478261,916.7065217391304,-2.0485988479009447,detected,1329.386923986541,963.1669402156518,38.129589582900735,-0.9688172561541251,38.14189571371976,36.75243528402201,-5.3230138064039085,37.13591220489128,38.977957659183666,35.3663686726362,242.17721769674714,3.268390295886484,-12.446121257838731,34.988141432842184,1.6774598409924808,1.2153526059503494,0.04685919521121928,4.685919521121928,0.04462633270995104,-0.01570488486793531,-1.570488486793531
651,10.86085,1330.0865272938445,963.3042973286877,13807.5,1305.0,917.4642857142856,-2.071535514329905,detected,1329.9987515795806,963.1256268651138,33.4645178135911,-0.3332094781599153,33.46617667216397,36.63002228290672,-5.386569895128145,37.02396072385211,39.11606583519518,35.07420881519085,242.21668596119844,3.37748340398405,-12.30872729702164,34.91803115882822,1.6782318631919,1.2153004755395758,0.04671793151274715,4.671793151274715,0.04425767673841117,-0.015531517094033618,-1.5531517094033618
652,10.877533333333334,1332.0798722044728,961.5923322683706,13983.5,1303.3565573770493,918.1147540983608,-2.154619614058574,detected,1330.5962838588503,963.0778822846477,28.453052060262053,-2.4206322440500116,28.555833589739894,36.473092160562814,-5.429081945753979,36.87494247489236,39.436880264271345,34.847270517751234,242.38034107566713,2.581087279919224,-12.09851974271091,34.833707849751725,1.6789858471405052,1.2152402300121738,0.046529895867372065,4.652989586737206,0.04397131926530125,-0.01526627096872039,-1.526627096872039
653,10.894216666666669,1331.6506729081334,962.55119953189,14031.0,1312.1875,915.0661764705884,-1.959791032748272,detected,1331.1640757442528,963.0601570774023,24.319451346726055,1.8601471059650976,24.390487101769946,36.17572692422063,-5.306801964239775,36.56289602292795,39.83946969244165,34.69126968356942,242.76596615254488,1.7350299675698901,-11.836444238726159,34.59398724297284,1.679702303778237,1.2152178638200661,0.04613614640117092,4.613614640117092,0.043774472786838395,-0.014935576326468341,-1.493557632646834
654,10.9109,1332.0570071258908,962.8260095011876,13923.0,1310.5175097276265,916.0544747081713,-2.0023689334369896,detected,1331.7166652811986,963.0895285183383,23.056319780639114,6.591986731531506,23.98016202813855,35.91926569092795,-5.239703947694499,36.29942348350672,40.28137038753623,34.6108532726961,243.13547509104814,0.7222390779643743,-11.557064205818538,34.410498574963235,1.6803995776418912,1.2152549255751903,0.045803688938178835,4.580368893817884,0.04367300097501085,-0.01458304631649027,-1.4583046316490271
655,10.927583333333333,1332.7486272117144,963.150701647346,13902.5,1307.46875,917.375,-2.075369461242218,detected,1332.200414376858,963.0989383599257,20.871694937664415,4.392466550914378,21.328886796357377,36.0297388307821,-5.424224734913165,36.43575571041736,40.591709476926454,34.60938537973292,243.37967634114705,0.17859770354836785,-11.294837809377434,34.64088528096632,1.6810099865954045,1.2152667991923354,0.04597571698475377,4.597571698475377,0.04367114874414249,-0.014252161273662379,-1.4252161273662378
656,10.944266666666667,1332.056179775281,964.0319337670018,13874.5,1310.6821705426355,916.3372093023256,-1.9921040651242063,detected,1332.7103281003394,963.1029722863351,20.696941528979096,3.314558875901639,20.960670055983368,35.927765869129246,-5.584922712492275,36.359259096569616,40.84805171440692,34.6887332671029,243.58395121602638,-0.5450929527000482,-10.98197680919077,34.661100781912225,1.6816534108521635,1.2152718893202967,0.045879191289046835,4.587919128904684,0.04377127226132858,-0.013857383986360595,-1.3857383986360594
657,10.96095,1332.65737514518,964.849012775842,13797.5,1309.9184397163122,916.8617021276596,-2.0133084716887666,detected,1333.2277745720708,963.1286896897934,20.466862639778356,2.411379479389325,20.60842588140043,35.86336362676066,-6.007220365516975,36.36299694944218,40.970408832130126,34.84907460071148,243.6478178698151,-1.952587956896928,-10.536332941994218,34.80306359044544,1.6823063401540326,1.2153043403025785,0.04588390782263997,4.588390782263997,0.04397359571067695,-0.013295057340055797,-1.3295057340055796
658,10.977633333333332,1332.917120387175,964.1234119782214,13948.0,1312.934065934066,915.4615384615385,-1.9604508764557096,detected,1333.7659086858453,963.0494318386951,24.80219107523817,1.0637396116871969,24.82499192535813,35.727241755786224,-6.382128139327156,36.29280043015675,41.0049796054426,35.088748715690365,243.50591801635602,-1.9842681778841018,-10.226234667979796,34.82228435324992,1.6829853737360825,1.21520433039583,0.04579533177306846,4.579533177306846,0.04427602361601308,-0.012903766142561257,-1.2903766142561257
659,10.994316666666666,1333.925816023739,963.86646884273,13903.0,1308.93006993007,917.374125874126,-2.064093969301225,detected,1334.274665675564,962.9806405532789,25.282649820437655,-0.13431286450804691,25.28300658324576,35.64769216881458,-6.874844597923376,36.30456507394298,40.79831429035422,35.404172578490154,243.38508338720578,-1.3149874177174885,-9.823506125880225,34.950252826023366,1.683627338391879,1.215117527512024,0.04581017674945487,4.581017674945487,0.044674034799356666,-0.012395591326031831,-1.2395591326031832
660,11.011,1335.3591595535129,960.8043335521996,13899.0,1315.270718232044,914.779005524862,-1.9823376535648056,detected,1334.770862612305,962.8187307585991,26.188762634547857,-6.888824353025029,27.079645294861614,35.78375575117487,-7.389353606063434,36.53874275854581,40.45377638586173,35.78983636984196,243.2947144614045,-1.3041113138460272,-9.480139523676085,35.28748612450054,1.684253454400385,1.2149132249319863,0.04610566909595686,4.610566909595686,0.045160676807371555,-0.011962321165521875,-1.1962321165521876
661,11.027683333333334,1334.0524454920449,963.2127283441368,13556.5,1306.6901408450703,918.9201877934272,-2.124174767389622,detected,1335.2521496660459,962.7253158137542,33.19480302325928,-14.376627566479328,36.17433299921696,35.9252365363939,-7.917348893715407,36.7873216434775,40.05623443299631,36.23838534797023,243.36923483613208,-1.7493246575226242,-9.025670713902066,35.66292615398908,1.6848607566763987,1.214795351184548,0.04641933330407255,4.641933330407255,0.04572666920879524,-0.011388858944986835,-1.1388858944986835
662,11.044366666666669,1335.4009489916964,963.0071174377224,13594.5,1313.4920634920636,915.3650793650794,-2.0018232865064283,detected,1335.7769407260732,962.5563814618247,34.10405316764354,-17.373908986004153,38.274523588353304,36.28165378410963,-8.452992329837544,37.253341872082956,39.63884990932004,36.74078552079252,243.25446884895155,-3.1778054934245508,-8.779147892938713,36.20411638076807,1.6855229535975689,1.2145821848098735,0.04700737144742329,4.700737144742329,0.04636061264453315,-0.011077789139354845,-1.1077789139354846
663,11.06105,1336.2625152625153,962.9688644688644,13769.0,1312.414342629482,916.5577689243028,-2.0454595673086486,detected,1336.323908538206,962.4369847637763,37.16026166818028,-19.23581078105508,41.843774490982334,36.73957273666929,-8.73216324088787,37.76303589144452,39.23374473932485,37.28656242975169,243.30089848472608,-2.6465733935508586,-8.706147006030502,36.74574647558426,1.6862131338021529,1.214431526515806,0.047650518475008855,4.765051847500885,0.04704929013217879,-0.010985674455558994,-1.0985674455558994
664,11.077733333333333,1335.7700180614088,963.7068031306442,13695.5,1314.3157894736842,915.8785425101214,-1.992458786580426,detected,1336.9699895482538,962.2084153401476,39.82771880669361,-17.845236738967742,43.64286493362758,37.19155264940899,-9.053809096784846,38.2777095400807,38.845455570358695,37.864096416690224,243.28127220874592,-2.700132039005809,-8.634646680371304,37.291097119016726,1.6870283779788693,1.214143110839303,0.048299948946474075,4.829994894647408,0.04777803964251132,-0.010895453224443286,-1.0895453224443286
665,11.094416666666667,1335.574807806032,964.3530455351864,13879.5,1311.8457943925234,916.7710280373832,-2.033401060476288,detected,1337.6213572328325,962.04835757658,44.97896274174127,-15.834910784404656,47.68491888294458,37.36451008978241,-9.401235320572887,38.52907784780527,38.47871062658939,38.4609547805958,243.16322984630006,-2.7533207368583335,-8.479531015981543,37.58440359445984,1.6878502930382746,1.213941145207041,0.04861713293098457,4.861713293098457,0.04853117322472656,-0.01069972367947198,-1.069972367947198
666,11.1111,1338.5125495376485,960.6585204755614,13601.5,1312.267676767677,916.6717171717172,-2.1087514083560865,detected,1338.3045791130667,961.8564030284928,48.82276107475582,-19.70080254382401,52.64773138354049,37.540744757955196,-9.737244926569806,38.78300472812737,38.31720833128102,39.0642411237302,242.9255006459279,-1.7544265659732152,-8.41642600281502,37.85875366518408,1.6887124026663303,1.213698931266237,0.04893754539826798,4.893754539826798,0.049292417821741576,-0.010620095902605705,-1.0620095902605704
667,11.127783333333332,1338.2585456805468,960.7507768800496,13498.0,1313.4837398373984,916.9674796747968,-2.08572742036933,detected,1338.9687932318677,961.6521310948692,48.77885352834528,-16.939576328556086,51.63647739467459,37.629376498521324,-10.04680385239511,38.947506252852314,38.35515547399366,39.660944270939396,242.8740434243665,-1.8478602645324118,-8.21532554473021,38.071205254234776,1.6895505277373726,1.2134411748831158,0.049145118300129104,4.91451183001291,0.050045355546926684,-0.010366341381363041,-1.0366341381363042
668,11.144466666666666,1339.4560872198667,961.5687462144156,13554.0,1315.223938223938,916.2586872586872,-2.061900480285946,detected,1339.6294445185697,961.4274907002354,49.6136066922636,-15.713257071126463,52.042448220639365,37.9473837033276,-10.352246004922621,39.334119124165085,38.5137459792806,40.23827254479906,242.73242864465004,-2.030263946103379,-8.183592320599065,38.473390076834164,1.6903841571212237,1.2131577169719059,0.049632957885381815,4.963295788538182,0.050773845482396295,-0.010326299458169168,-1.0326299458169168
669,11.16115,1340.4527027027027,961.2788697788698,13611.0,1317.2290076335878,915.5725190839696,-2.040908105506419,detected,1340.2658489728974,961.191888777622,48.34473270407398,-10.184259732552164,49.405792439029284,38.026179030425716,-10.4410662085247,39.433566351837676,38.78138460943085,40.78396306810816,242.8034791369708,-2.344737377295221,-8.09288885170589,38.59418745431388,1.6911871911329937,1.2128604274796493,0.04975844334616742,4.975844334616742,0.05146241396606708,-0.010211847131490082,-1.0211847131490082
670,11.177833333333334,1341.6610169491526,961.2457627118644,13857.0,1322.577358490566,913.4,-1.9503177116438075,detected,1340.9407918819093,960.9324485681734,43.587434659159044,-5.207469717191543,43.89740540193607,38.09255964200317,-10.746534298142105,39.57942773083907,38.94646962762521,41.286559494607275,242.78627664253986,-3.0258962006614416,-7.863177723233457,38.79048253880787,1.6920388541096647,1.2125330581301874,0.04994249555941839,4.994249555941839,0.052096605040513916,-0.0099219908179602,-0.99219908179602
671,11.194516666666669,1342.576225654802,959.423774345198,13826.0,1321.4666666666667,913.9185185185186,-2.0051432284360224,detected,1341.5458618143705,960.6711872350007,37.817114775058144,-5.125203736798994,38.16283379485359,38.421109098418846,-11.01795101660969,39.96969938537209,39.074253099655934,41.73565469589991,242.7373172465066,-3.330305317431826,-7.805553695793385,39.200130107680764,1.6928023492925812,1.2122033908328085,0.05043495190583229,5.043495190583229,0.05266328668252355,-0.009849279111411213,-0.9849279111411212
672,11.2112,1342.854064039409,961.0363300492612,13747.5,1323.3772241992883,912.9715302491104,-1.9557949754225927,detected,1342.2012457135907,960.4348937554522,36.287528346994804,-7.26002185189418,37.00665657451281,38.70916990378301,-11.033975521168324,40.251067693188986,39.0591889559639,42.122097209130665,242.5950955857644,-3.947145021168682,-8.021194773844428,39.44374329144906,1.6936293321307139,1.2119052287135044,0.0507899907800492,5.0789990780049195,0.05315091130489674,-0.010121381418100225,-1.0121381418100226
673,11.227883333333333,1343.3186813186812,960.284421460892,13910.5,1323.5323741007194,912.8776978417266,-1.966189514650018,detected,1342.8797295391878,960.191119570302,32.70521993736338,-11.529731430187894,34.678035094329864,39.01755381314615,-10.833573336801603,40.49365156176477,38.94958981723997,42.43816159467985,242.38124382904078,-4.693309259767783,-8.488888297651485,39.59387064023433,1.6944854631409312,1.2115976272180469,0.051096090298756815,5.109609029875681,0.05354973071883893,-0.010711530974954557,-1.0711530974954557
674,11.244566666666667,1343.0962469733656,961.3650121065376,13804.0,1320.2927927927929,914.3153153153152,-2.0221027891982906,detected,1343.5787056694364,959.9256271817335,37.0131104307784,-14.06076654193339,39.59388209695723,39.23308133758875,-10.956061969669793,40.734137589067714,38.74702320835808,42.67768333592533,242.33335684096687,-6.167206447957688,-8.513568673028011,39.83452163105182,1.6953674519488158,1.211262621049506,0.05139954269913907,5.139954269913908,0.05385196635447992,-0.01074267340445175,-1.074267340445175
675,11.26125,1343.773622047244,959.9560367454068,13829.5,1322.2883895131083,913.9812734082398,-2.0079653137659177,detected,1344.317503070053,959.6672409126412,38.29122799029301,-15.980913281261564,41.49226108936221,39.54905306323426,-10.97861552971554,41.04458060630941,38.55547455619946,42.836158741176845,242.25810565048795,-6.873225077795049,-8.692999575881178,40.11345604060513,1.6962996884164707,1.2109365815932382,0.05179126890386046,5.179126890386046,0.05405193532009697,-0.010969084638335872,-1.0969084638335873
676,11.277933333333332,1344.4115334207077,959.9750982961992,13834.0,1318.2716049382716,915.255144032922,-2.0997593868642674,detected,1345.0369872304682,959.4115977341622,40.93192502227021,-20.60044502107894,45.82358367800631,39.645449087995324,-10.8928234686698,41.11465963021502,38.3420253196649,42.91080977641462,242.15443461088813,-7.978832570321894,-8.886450429751093,40.14282296087321,1.6972075548649441,1.210614003450047,0.05187969669427764,5.187969669427764,0.0541461322099869,-0.01121318666214649,-1.121318666214649
677,11.294616666666666,1344.8977864583333,959.9348958333334,13773.0,1314.8776371308018,916.6793248945148,-2.1774963033482586,detected,1345.7869723710771,959.1537261963009,42.66502438850375,-24.63436504090032,49.26617751601957,39.914979727394474,-10.782746396688074,41.345776404532565,38.25415024262162,42.90061317046123,241.76969157763543,-9.374932421862459,-9.380284740605621,40.267648114569134,1.6981539083546715,1.2102886134969097,0.05217132669341649,5.217132669341649,0.05413326583023499,-0.011836321439249996,-1.1836321439249997
678,11.3113,1345.7262210796914,958.89588688946,13528.0,1314.9620253164558,916.3839662447258,-2.197225928561728,detected,1346.5414039557168,958.8724697425179,45.280912837360574,-25.275543092049702,51.857633439858276,40.018851815880076,-10.680388277871884,41.419550871870534,38.25438375571011,42.80629273620994,241.69685925663947,-9.027308347857574,-9.570834815979309,40.29861431057785,1.6991058724993273,1.2099337157634296,0.05226441750393759,5.226441750393759,0.05401424950941318,-0.012076763174737298,-1.2076763174737297
679,11.327983333333334,1348.678672316384,958.1814971751412,13755.0,1320.455252918288,914.7120622568092,-2.1466585089368544,detected,1347.3101276794387,958.5914843369274,49.852935560303195,-23.454614098268394,55.094773858129535,40.002497281266486,-10.428271428023061,41.33943194716462,38.29329429777341,42.630273797541946,241.61498802017098,-9.297758628379535,-9.842439366335292,40.15065405487522,1.7000758708888817,1.2095791600465962,0.05216332106897744,5.216332106897744,0.05379214359311287,-0.012419481850265352,-1.2419481850265353
680,11.344666666666669,1348.2152230971128,958.0761154855644,13707.0,1320.009009009009,915.4954954954954,-2.155852508887292,detected,1348.0688948873872,958.3388419724843,51.94524455151759,-21.27896176800732,56.134683088455084,40.065892572972466,-10.127359778836036,41.32601074092388,38.39023786633087,42.376598976889554,241.26348151139172,-9.520820141350782,-10.3829053772872,40.00043049374915,1.7010333058515927,1.2092603684195387,0.052146385792963885,5.2146385792963885,0.053472049182195024,-0.01310145788932139,-1.3101457889321388
681,11.36135,1348.817862165963,956.48452883263,13726.5,1320.4525862068965,914.978448275862,-2.170294592939185,detected,1348.8100199116384,958.1119718966593,53.32394911021129,-19.012033590796364,56.611844785044525,39.80432830659542,-9.564121478700589,40.93723209498385,38.50405730731667,42.050805408803015,241.09899787155774,-9.190003779455662,-10.86437189775371,39.469258858836895,1.701968479383771,1.208974097030485,0.051655813369064794,5.165581336906479,0.053060953197227784,-0.013708986621771243,-1.3708986621771244
682,11.378033333333333,1348.0048848569436,956.04605722261,13553.0,1326.1491525423728,912.9898305084746,-2.040512666750578,detected,1349.5387711195256,957.891185939452,53.94467756276572,-16.073683169314336,56.28846709565165,39.57578551974027,-9.160779872576832,40.6221945170161,38.67262964549544,41.65976469888875,240.84349096951183,-8.656246849500908,-11.281163661875317,39.02432618011843,1.7028880392675403,1.2086955027627155,0.05125828961137678,5.125828961137678,0.05256752643392903,-0.014234906828864753,-1.4234906828864753
683,11.394716666666667,1350.0567964262923,956.9457562220804,13711.0,1329.3127413127413,911.7683397683396,-2.0012487249028847,detected,1350.2452975655624,957.7269149034327,48.78317180362001,-7.891731380385409,49.41737827325187,39.2650324148097,-8.606762837921403,40.19725285494373,38.86078235994562,41.2114886160042,240.63143842071958,-7.200658965567331,-11.755930852487307,38.439787029532546,1.703779555287776,1.2084882206983378,0.0507220856213801,5.07220856213801,0.052001878379816034,-0.01483398214824897,-1.483398214824897
684,11.4114,1351.6577686516084,957.933607118412,13744.0,1328.3048327137546,912.2899628252788,-2.043709419963074,detected,1350.9513801016153,957.5853094322753,40.95986307726025,-6.2547088199617065,41.43466864511426,39.015353788254,-8.090006633941504,39.8452762389702,39.0522382858425,40.714905512174965,240.2253223610307,-6.341089238888597,-12.352645499277449,37.88216186715092,1.7046705111692309,1.208309538715805,0.05027795109018322,5.027795109018323,0.05137527509422709,-0.015586934383946309,-1.558693438394631
685,11.428083333333332,1352.682369735903,956.2969307637402,13827.0,1326.320895522388,913.2574626865672,-2.1203529614109016,detected,1351.6351529158264,957.4421010629268,39.097747600973435,-5.096253127735963,39.42848796760259,38.66534979136489,-7.642468684018604,39.41340637492281,39.258574959865626,40.17961465907438,239.9749568465204,-4.586316588282116,-12.730407742731202,37.30084879434535,1.7055333159821155,1.2081288341488037,0.049733004889492505,4.973300488949251,0.050699829222806796,-0.016063605984518867,-1.6063605984518867
686,11.444766666666666,1353.5248275862068,957.0075862068966,13830.5,1326.0407407407408,913.6370370370372,-2.1356301681074017,detected,1352.2883384013742,957.3250245018905,34.88023600244742,-3.596130767136401,35.065125410880455,38.19242176778044,-7.17279961644674,38.860135548216086,39.33538933428487,39.61562784254465,239.4505216698837,-3.695735152910709,-13.235382516584192,36.53675935910881,1.7063575247966867,1.2079811034724173,0.049034871354215886,4.903487135421589,0.04998817393381028,-0.016700798128181947,-1.6700798128181946
687,11.46145,1354.4313725490197,956.641456582633,13853.5,1329.905109489051,912.043795620438,-2.073597351609162,detected,1352.9321584115864,957.226777477998,33.51825970046502,-6.444515856519047,34.13217716426456,37.90249548185105,-6.724832905633494,38.49444818880289,39.41197796805253,39.03310940132969,239.25724031425733,-2.1116569677273302,-13.595368519925346,36.01372649654369,1.7071699159767653,1.2078571324643508,0.0485734362003822,4.85734362003822,0.04925313489126775,-0.017155039141861637,-1.7155039141861637
688,11.478133333333334,1353.7295640326977,957.9475476839236,13811.0,1328.1808873720136,912.986348122867,-2.087534179974213,detected,1353.5595883536566,957.1538974131014,29.20534871890868,-2.8392575569528162,29.343036265318123,37.71286466000002,-6.28249075032079,38.23257578154191,39.46148491590144,38.44212718727392,239.05104867828882,-0.9556865603700647,-14.0067254600044,35.574449999675466,1.7079616256828476,1.207765170237352,0.048242997831598626,4.824299783159862,0.04850741600917845,-0.017674101526819433,-1.7674101526819432
689,11.494816666666669,1356.174947515745,956.3946815955212,13887.0,1332.1304347826087,911.3010033444816,-2.0606595708038005,detected,1354.1750705714383,957.1195475457586,24.837247610503255,-3.6541844368816783,25.10461974944448,37.16990474142705,-5.657053833999043,37.59792649292676,39.51580643909052,37.85242743755565,239.07959332791484,0.1886192296539094,-14.246553404128154,34.79424941956427,1.7087382593961367,1.2077218265561622,0.04744217853997068,4.744217853997068,0.047763315378619116,-0.017976723538332056,-1.7976723538332056
690,11.5115,1351.7152847152847,954.9835164835164,14597.5,1333.6942148760331,910.900826446281,-1.958867101785729,detected,1354.7388974135451,957.0800675782374,29.853520620503332,-1.5067519884023568,29.891520453020988,36.73498841908409,-5.529778094513045,37.14886027760203,39.49022288501694,37.27324603705737,239.0942687433253,0.8894993546876987,-14.123460441189582,34.35936095288955,1.7094497128246628,1.2076720095624447,0.04687553347331487,4.687553347331487,0.047032487113006144,-0.017821401187620926,-1.7821401187620927
691,11.528183333333333,1351.9889928453497,954.1722619702808,14482.5,1329.373665480427,912.6370106761566,-2.0693956272473377,detected,1355.342804787437,956.9879792646207,33.87966472989547,-3.288782762754181,34.03891558599821,36.52268304045331,-5.3546367803136805,36.91312112951848,39.32123277206866,36.71316684736632,239.0652909617018,0.5388145774740363,-14.181926340027983,34.080074483611746,1.710211741056703,1.2075558097976287,0.04657807082589083,4.657807082589082,0.046325762583427535,-0.017895175192464332,-1.7895175192464332
692,11.544866666666667,1351.6841511562325,956.2786238014664,14471.0,1329.1478873239437,912.943661971831,-2.0503534668589687,detected,1355.8921563085826,956.9409321008982,38.63067559720275,-0.8248022903508172,38.63947975729596,36.263642738713436,-5.319405387440541,36.65171016960839,39.12845958507642,36.180034525200476,239.1438692541731,-0.03532129453016856,-14.032560912389995,33.859047426013625,1.7109049290960034,1.2074964442913543,0.04624821472505791,4.624821472505792,0.04565304041034761,-0.017706701466738164,-1.7706701466738164
693,11.56155,1356.3527508090615,957.1411003236246,13897.5,1329.2112676056338,913.0,-2.122085274791818,detected,1356.444010091799,956.9119132416562,43.48976601443928,-2.00091790210854,43.535771733617594,36.1175619662342,-5.060889890246158,36.47041114199239,38.86757346368637,35.680924628017124,239.2413660809409,-0.3678617963717807,-14.12236564216174,33.62513460991722,1.7116012745637845,1.2074598274342665,0.04601944623595255,4.601944623595255,0.04502324874197745,-0.017820019737743522,-1.7820019737743522
694,11.578233333333332,1355.999512195122,952.840487804878,14709.5,1330.84046692607,912.2568093385214,-2.1257415866238487,detected,1356.998280758717,956.8945199324431,44.47675495522208,1.272337814970797,44.49494999280566,36.0454993933301,-4.861721728034076,36.37188975947495,38.63314235209431,35.222168180130154,239.27844620537252,-0.029081722597493344,-14.23500408863103,33.47056950922791,1.712300669727088,1.2074378800409378,0.0458951290340378,4.58951290340378,0.044444376252530164,-0.01796215026956597,-1.796215026956597
695,11.594916666666666,1359.1351531291612,956.3675099866844,13959.5,1332.7240143369177,911.379928315412,-2.101658836286016,detected,1357.5797943043738,956.874446029805,42.17874710900014,0.791135831259453,42.1861660214399,36.003936417434254,-4.573064797572459,36.29319990292183,38.402963563441176,34.80942184825527,239.38194375407147,1.7701207342504923,-14.40176484802371,33.3134436595149,1.7130344407626168,1.2074125501953377,0.045795835839648996,4.5795835839649,0.04392356069180476,-0.018172573940723927,-1.8172573940723926
696,11.6116,1359.0376984126983,956.5760582010582,13892.5,1332.596,911.296,-2.099337481670262,detected,1358.1799305606692,956.8020489913353,38.96003618136774,0.8516090902312499,38.969342530969755,35.95443803579328,-4.509623483710189,36.236146572649375,38.33231075090619,34.44776918179198,239.56111490101068,2.5353894498864684,-14.327139629425272,33.28350024371657,1.713791710486649,1.2073211974654074,0.045723844255708995,4.5723844255709,0.04346721663317601,-0.018078409627035046,-1.8078409627035046
697,11.628283333333334,1359.5638649900727,957.3375248180014,13773.5,1333.0581395348838,911.4341085271318,-2.094450255076438,detected,1358.7622201920158,956.8034898164566,34.17744956319257,1.399601439554317,34.206095112335966,35.88145041376089,-4.261745159610572,36.13365405824113,38.34737553241971,34.14183378712517,240.1125289612068,2.4527885411059507,-14.18470330786554,33.23304300945783,1.7145264608101147,1.2073230155412702,0.04559451616181846,4.559451616181846,0.043081178280284134,-0.01789867925282718,-1.789867925282718
698,11.644966666666669,1359.723487312947,956.5068314899154,14013.5,1328.785123966942,913.8305785123966,-2.1980750279946983,detected,1359.3533774702478,956.7795442126787,30.688767196542813,3.000689126783982,30.835119057321666,35.69653906637386,-4.0333415899830545,35.92367945657352,38.48364889807362,33.89588256856372,240.39312228369158,3.692417840617356,-14.129009878725572,33.0285002012734,1.7152724005933728,1.2072928002683645,0.04532956398305807,4.5329563983058065,0.042770829739512586,-0.01782840363246129,-1.7828403632461292
699,11.66165,1360.2028901734104,956.5456647398844,13927.5,1331.102766798419,913.0750988142292,-2.160703570264223,detected,1359.9127768827714,956.8235442200202,28.23231014074645,5.463046433987074,28.75601175794713,35.36522741751391,-3.7225891763195316,35.56060995635661,38.64378084644115,33.713896909523115,240.64503481076423,4.326777970530235,-14.092093685384945,32.64919410996943,1.715978267359964,1.2073483207823599,0.044871432121585626,4.487143212158562,0.04254119483851498,-0.017781821685028322,-1.7781821685028323
700,11.678333333333333,1360.5375358166189,956.7507163323784,13735.5,1329.882075471698,913.6462264150944,-2.188992608530779,detected,1360.4626274673965,956.83426838999,21.7313952991899,7.554869783461982,23.007164081970636,35.03190143114911,-3.589461349246621,35.215314149663385,38.92815011230348,33.59959231645812,240.86042671467345,5.584558384728604,-13.923225657920074,32.34597560652822,1.7166720851323616,1.2073618528580317,0.04443572763364465,4.4435727633644655,0.042396961913511826,-0.017568739000530062,-1.7568739000530063
701,11.695016666666668,1361.356465005931,956.803084223013,13930.0,1333.101214574899,912.825910931174,-2.1418797155266143,detected,1360.9708768654887,956.9019184952781,23.184299054268195,7.1097528700606745,24.249954814619286,34.8543365144531,-3.686875984658611,35.04879211027095,39.24979910608127,33.55637272365183,240.99139417151093,5.821068517508541,-13.677950315378382,32.26966847612525,1.7173134092939921,1.2074472157669125,0.04422560518646177,4.422560518646177,0.04234242614971841,-0.017259243300161996,-1.7259243300161997
702,11.7117,1364.8511256354393,952.968772694263,14048.0,1338.1517509727626,910.9610894941634,-2.1369698091685967,detected,1361.439896361852,956.9624639817179,23.632436712006438,6.079645206633813,24.40192924310566,34.7971575137266,-3.73289205515708,34.99680919927636,39.56934691652919,33.587214031076854,240.98714442472968,5.322170912037099,-13.612370080662215,32.24096826892218,1.7179052320023371,1.2075236138570573,0.04416001160791971,4.4160011607919705,0.04238134262596449,-0.017176492215346645,-1.7176492215346646
703,11.728383333333332,1361.465680473373,957.61775147929,13611.5,1331.1466666666668,913.5555555555557,-2.17348816401257,detected,1361.9300668244678,956.9913921704682,25.09050821131541,6.371161858425239,25.88677858924008,34.672413587597234,-3.9192609651992547,34.89322098205799,39.85722598182211,33.694481649621125,240.73531829710322,5.599850851004937,-13.530380280052952,32.16311054577722,1.7185237436270888,1.20756011630343,0.04402930092373248,4.402930092373248,0.042516696087850005,-0.017073035053694577,-1.7073035053694576
704,11.745066666666666,1362.513888888889,957.394927536232,13611.5,1335.9488188976377,911.8622047244096,-2.098941479586665,detected,1362.471919694163,957.0124892489475,25.76318316554125,4.047095194108351,26.0791216556732,35.01554573067672,-4.3014414245984405,35.27875906471718,40.083783358947876,33.87969746243589,240.6540604932267,5.890777510878466,-13.411005857259676,32.63028904320203,1.7192074696456316,1.2075867372226468,0.0445157843087914,4.45157843087914,0.04275040689266359,-0.01692240486720464,-1.692240486720464
705,11.76175,1362.2616656822208,958.0242173656231,13622.5,1334.453846153846,912.6692307692308,-2.1208033903928434,detected,1362.9841475807916,957.0474518917603,26.51623962170197,1.0700785418262058,26.537822664287937,35.23574235544752,-4.8345794275128,35.56586421810116,40.15754641756258,34.14328091532127,240.6954543030027,5.347677912226097,-13.030291366808338,33.09293284791313,1.7198538139820716,1.207630854122095,0.04487806210485951,4.487806210485951,0.043083004309553655,-0.016442008033827556,-1.6442008033827555
706,11.778433333333334,1363.0238824249848,957.60257195346,13806.0,1337.4015748031495,911.7047244094488,-2.079948684482519,detected,1363.4875560045598,957.0076456769865,28.800150483960806,-1.9849227562913256,28.868470452159933,35.54090565751886,-5.568527842127995,35.974497596008355,40.05532865751198,34.484295099515805,240.6412257628486,4.874035245071757,-12.57153628409533,33.70639335115648,1.7204890296587507,1.20758062545992,0.04539368781830708,4.539368781830707,0.04351330611926285,-0.015863137266997264,-1.5863137266997265
707,11.795116666666669,1363.5497912939773,957.3846153846154,13637.0,1340.570909090909,910.698181818182,-2.0281813773177784,detected,1363.9698394781967,956.9785096476389,33.58497818529668,-5.574541576235788,34.04447493341666,35.81027674133254,-6.000353126660398,36.30950506321238,39.82667337723825,34.90023025520598,240.88430799081362,5.13126172388239,-12.182231064377625,34.20487398353571,1.721097589246936,1.2075438607541187,0.04581641017440048,4.581641017440048,0.04403814543243657,-0.01537190039669101,-1.5371900396691012
708,11.8118,1364.1914893617022,957.1176470588236,13550.0,1342.8068181818182,909.628787878788,-1.993907371545951,detected,1364.4982078324022,956.8996249924907,33.860817384597794,-7.420377057059795,34.66434695219311,36.08378365505636,-6.545434393676344,36.67263495123896,39.62377631104537,35.386853555168486,241.23800991926385,5.614132316441851,-11.624616063957415,34.78146712880894,1.7217643001039775,1.207444321757086,0.04627461823500185,4.627461823500185,0.04465218114216844,-0.014668285254204941,-1.4668285254204942
709,11.828483333333333,1364.6372007366483,957.110497237569,13605.0,1344.645161290323,909.6810035842294,-1.9697078041439116,detected,1365.0444652329975,956.8596221731818,35.41343976823782,-11.357595243343894,37.1901423219949,36.64049081892694,-7.048766527455383,37.31233947383151,39.49675622878039,35.938145954600905,241.54611724651107,5.665203957238566,-11.260125752942375,35.57274581808901,1.7224535838902177,1.2073938450134787,0.04708181637076531,4.708181637076532,0.045347818239244046,-0.014208360571536122,-1.4208360571536123
710,11.845166666666668,1365.074162679426,956.944976076555,13592.0,1347.296992481203,908.751879699248,-1.924185287361917,detected,1365.6667280325005,956.7269921415952,38.100701080564704,-11.97494799386186,39.938237345759774,37.04251099177253,-7.662348148836594,37.826699561679554,39.33236458124032,36.54633601084492,241.7421621310345,4.877279803505402,-10.788217211059955,36.25566947577383,1.7232387735425876,1.207226488506745,0.04773085118193004,4.773085118193004,0.04611525048687056,-0.013612892379886379,-1.3612892379886379
711,11.86185,1366.2087170042971,956.7501534683856,13512.0,1346.554716981132,908.9433962264152,-1.9608463840517327,detected,1366.3081620179867,956.593534360985,39.87710663348571,-13.270867096167422,42.02736664296883,37.50940972735542,-8.132463715074195,38.38089087256344,39.222152075499004,37.20202913952965,241.82196145993078,4.2356439198294,-10.543787306504743,36.9042183687287,1.7240481539659138,1.2070580875217478,0.04843014621143652,4.843014621143652,0.046942623519911235,-0.013304463478239425,-1.3304463478239426
712,11.878533333333332,1367.278158058494,956.4909769757312,13422.0,1347.485401459854,908.8540145985402,-1.9645857686929988,detected,1366.995987311294,956.4337156806879,42.275935175697214,-13.135604727786813,44.26961493557865,37.93244423264705,-8.645223852439,38.90514388768738,39.12349866729135,37.89442092684948,242.0806445908852,3.6595052844158578,-10.122060611893394,37.56533122296162,1.7249160723170902,1.206856423571846,0.04909166421159291,4.909166421159291,0.047816304008642875,-0.01277231622951848,-1.277231622951848
713,11.895216666666666,1366.6764890282132,956.6996865203762,13464.0,1344.4462151394423,910.3266932270916,-2.01781207487828,detected,1367.674014784613,956.3149720059282,44.28898787912749,-13.513080557555895,46.30461956989277,38.07122861589289,-9.013108860170675,39.12358086434406,39.214211395813024,38.61157634679207,242.20523313044004,3.4232595661494103,-9.779627896494224,37.88157148080028,1.725771627488471,1.2067065892819284,0.049367294466049295,4.93672944660493,0.04872123198333385,-0.012340224475071578,-1.2340224475071577
714,11.9119,1368.1872727272728,955.241212121212,13520.0,1345.812030075188,909.8684210526316,-2.028942742819796,detected,1368.2981988703355,956.1402298510689,44.72783383621754,-12.46149255958153,46.43132473333916,38.25756032828896,-9.626643863797185,39.450135542898366,39.494737351197124,39.34075359537205,242.34513632401604,3.5606895410142503,-9.230141035704678,38.35515207653404,1.726559241476764,1.2064860944492983,0.04977935084277397,4.977935084277397,0.049641329457882716,-0.011646865660195177,-1.1646865660195178
715,11.928583333333334,1368.6901913875597,956.2517942583733,13604.5,1343.6098360655735,910.8295081967212,-2.075296135613646,detected,1368.9330619005516,955.9446316169524,43.17789630635116,-10.203877339342853,44.3672158490745,38.28187863970661,-10.157614380735467,39.606557059317204,39.761129975505476,40.06875143330294,242.72173911775883,4.410895103974255,-8.517060097442256,38.679956688051064,1.7273603304738823,1.2062392827974164,0.04997672815055799,4.9976728150557985,0.05055993871710151,-0.01074707898730884,-1.074707898730884
716,11.945266666666669,1369.8938053097345,955.0189633375472,13725.5,1342.8546712802768,911.2768166089966,-2.124453404326069,detected,1369.5588934656819,955.6993140796852,41.1635722784531,-9.252367577376845,42.19059123205465,38.3799038438779,-10.51701014315209,39.79478007749857,39.920927951236976,40.78226151841563,242.8117659043919,4.91133702848142,-8.181376200050064,38.94469931697678,1.7281500233005451,1.2059297338544925,0.050214233536275805,5.021423353627581,0.051460266900209,-0.010323503091545823,-1.0323503091545823
717,11.96195,1370.7340231284236,955.449178332319,13746.5,1343.406779661017,911.013559322034,-2.122161478219826,detected,1370.233703707927,955.4658704616174,38.66582436046565,-6.79892104886585,39.259028272527196,38.545489018761806,-10.97803936764416,40.07832421712555,40.070628422887665,41.468211083316525,243.04678428060998,5.0921543252965344,-7.6856655093226856,39.33449653588869,1.729001518874356,1.2056351677749118,0.050572017939590604,5.05720179395906,0.052325818401661235,-0.009698000642678468,-0.9698000642678468
718,11.978633333333333,1371.5033680342926,955.0918554807104,13737.0,1346.993399339934,909.7887788778878,-2.0667206483029927,detected,1370.8723398109407,955.2355526477819,37.3472475285439,-6.558085295116143,37.918667971018536,38.851447296004274,-11.299140471358598,40.46116078890584,40.0665357943867,42.114085434717246,243.23194160176482,4.21550820675811,-7.409618537376945,39.77691649080219,1.7298073688466131,1.2053445459278005,0.051055092478114635,5.105509247811463,0.05314080181036877,-0.009349676387857345,-0.9349676387857344
719,11.995316666666668,1371.746259351621,955.478179551122,13794.0,1350.7453874538746,908.1623616236162,-1.9885196723816705,detected,1371.482230887722,954.9812688097818,32.27932127347003,-4.6926968758152725,32.61864475793226,39.16163558104862,-11.710359524696926,40.87500729762031,39.97690105966225,42.70822336043452,243.4055469740962,3.1338573372345557,-7.060212922847816,40.26064598419362,1.7305769474923938,1.2050236830407342,0.05157729627459976,5.157729627459976,0.05389050266300886,-0.008908786022520904,-0.8908786022520904
720,12.012,1371.992409867173,955.6015180265656,13711.5,1347.7652173913043,909.6434782608696,-2.0559342970597663,detected,1372.2157529614308,954.6874401518289,32.77294209835782,-11.40539249608537,34.70084598063964,39.58413542291124,-12.011860609801948,41.36651511172639,39.926480078335445,43.240081210553036,243.54067844828955,2.480513410290731,-6.88356996341763,40.78976632744324,1.7315025273961273,1.204652921327229,0.05219749540911848,5.219749540911848,0.05456161666946756,-0.008685892698318777,-0.8685892698318777
721,12.028683333333332,1373.2252133946158,953.0597504924492,13798.0,1342.4793388429753,911.7190082644628,-2.2102651356725445,detected,1372.9542168312023,954.3969471983266,35.347398556326425,-13.237585603314983,37.74483086867498,39.83997668789041,-12.283958496024617,41.69075891398125,39.91968985141484,43.70046305209876,243.5687204177508,2.299701136465427,-6.733831545116786,41.14334565328514,1.7324343430046718,1.204286368704513,0.0526066358536041,5.26066358536041,0.05514254012883125,-0.008496948321913927,-0.8496948321913926
722,12.045366666666666,1372.7686520376176,955.4188087774296,13574.0,1348.5228070175438,909.0771929824562,-2.052829713174284,detected,1373.6585189611494,954.1502622413394,37.36030078692784,-17.733570326804056,41.355430011371254,40.3056533428827,-12.547796005048179,42.21365745799497,39.94513036316799,44.08171498574486,243.7135400461367,1.53524504968267,-6.599491957875161,41.69459895332818,1.7333230523169079,1.2039750943108385,0.05326644474194949,5.326644474194949,0.05562361512396828,-0.008327434647161087,-0.8327434647161087
723,12.06205,1373.2301048735349,954.6514497223936,13615.5,1348.462093862816,909.2454873646208,-2.0701621002776,detected,1374.405697934517,953.8395310109951,42.08883537276688,-21.888730302115164,47.440347566966736,40.485229899954106,-12.746097921838508,42.44427938232941,39.931349198472866,44.37788171833692,243.59378552575583,0.0450697630602594,-6.588875511451912,41.929745667960155,1.734265864901599,1.2035830044302778,0.05355745032470589,5.355745032470589,0.05599732708938413,-0.00831403850025478,-0.831403850025478
724,12.078733333333334,1373.766360856269,954.6293577981652,13488.0,1351.6584507042253,907.9084507042254,-2.012767601712797,detected,1375.1418188395317,953.5207187353595,47.54172207368174,-28.49325365383902,55.426355116615845,40.71491879390276,-12.884373031011561,42.70493742878397,39.92655266873507,44.5848231483346,243.37677466904364,-0.5797674172176983,-6.7269534109730245,42.1717888949823,1.7351947240877372,1.2031807176471414,0.05388635637701448,5.388635637701448,0.05625845192218877,-0.008488269288294038,-0.8488269288294038
725,12.095416666666669,1375.4126679462572,952.8170185540628,13694.5,1352.487544483986,907.459074733096,-2.038775998834762,detected,1375.8797973463052,953.1870727118956,52.9206445363011,-31.496694754821874,61.58438437311815,40.884638342167726,-12.858281825920367,42.85894380271923,40.03818953361622,44.70028838018633,243.01529161162327,-1.1605432943191267,-7.093143809140635,42.267911881088885,1.7361259272508585,1.20275971320113,0.05408068618639651,5.408068618639652,0.056404149375629445,-0.00895033919134465,-0.895033919134465
726,12.1121,1377.017980636238,952.9107883817428,13626.0,1353.5360824742268,906.9003436426116,-2.0426976754282493,detected,1376.6181365542268,952.8618155248582,57.23091559802515,-30.655353567905877,64.924020227968,41.148848260585424,-12.808399389260508,43.09620410300069,40.03611281056256,44.72394451460981,242.9515133681697,-2.6262031113032935,-7.304763887262913,42.47261744511201,1.737057585557384,1.202349294037676,0.054380068268770586,5.438006826877059,0.05643399938752027,-0.00921736768108885,-0.921736768108885
727,12.128783333333333,1377.0330926594463,952.7442839951864,13595.0,1359.380073800738,904.8892988929888,-1.9241957542167605,detected,1377.3834234348046,952.5365998281311,59.09890881066531,-29.300677516057476,65.9637076392112,41.14893918990638,-12.598636525885862,43.034414586072835,39.926785990526994,44.657357962145646,242.48746959059875,-2.1922260670180185,-7.834592925598594,42.31524539047551,1.7380232472363466,1.2019389272279257,0.05430210042406667,5.430210042406667,0.05634997850113016,-0.009885921672679614,-0.9885921672679614
728,12.145466666666668,1378.4494163424124,951.8981841763944,13655.5,1358.9923664122136,904.9809160305344,-1.9639188820344349,detected,1378.134058148732,952.256125738726,60.375391805957406,-27.142840276197603,66.19608533729199,41.0158161253071,-12.365792555610126,42.83935104496081,39.86602492824685,44.50392699946491,242.22073969228492,-3.4880978398135283,-8.175462565277236,42.0520131479711,1.7389704203769492,1.2015850167050173,0.054055963463672946,5.405596346367295,0.05615637476273175,-0.010316041091832475,-1.0316041091832475
729,12.16215,1379.3351424694708,950.7177747625508,13747.5,1356.4022556390978,906.1353383458646,-2.0458918111620226,detected,1378.8969647737536,951.9864424507635,55.21279968574254,-22.836341005298436,59.749072960575766,40.92315463198461,-12.159476197852166,42.69142122768293,39.89648545733133,44.26876582458387,242.1475535373408,-4.711264068347469,-8.368294848793639,41.86321879362731,1.739933078578869,1.2012447223353484,0.053869301233669314,5.386930123366931,0.05585964141903328,-0.010559362585228566,-1.0559362585228567
730,12.178833333333332,1380.5828804347825,950.7010869565216,13455.0,1358.817857142857,905.3214285714286,-2.018007978513767,detected,1379.6435125760888,951.7371122866966,48.928362013747574,-16.398262515342594,51.60317454256498,40.60290960841693,-11.752327368072896,42.26953355829268,39.993399362835895,43.958542364367396,241.8822904617972,-5.580194633504597,-8.770190313502674,41.34969442572188,1.7408750947332352,1.2009301101409422,0.053336950862198966,5.333695086219897,0.055468192257876844,-0.011066486200003375,-1.1066486200003376
731,12.195516666666666,1381.662593346911,951.0088255261372,13467.5,1357.6486486486488,905.8957528957528,-2.059953233734872,detected,1380.3971231790938,951.50258229833,42.79873115375085,-14.172790147452815,45.08435836223888,40.21609813091495,-11.418494418883325,41.805700133707255,40.107988298360645,43.58127436994628,241.61565116790206,-5.866468759718008,-9.072340201476646,40.809425466895775,1.7418260229389197,1.2006341732471042,0.052751672093006005,5.275167209300601,0.05499214431538963,-0.011447747888298608,-1.1447747888298607
732,12.2122,1381.7687420584498,950.9777636594664,13482.5,1357.1848184818482,906.4059405940594,-2.0748345333375333,detected,1381.1379362364803,951.2665938296412,37.58696624113145,-12.06353651376412,39.47542202980071,39.77967892939067,-11.020143428633341,41.27791681896094,40.29951529364172,43.1460906761963,241.4797035350037,-5.929629458411095,-9.310777693526694,40.21412482766204,1.7427608028220574,1.2003363959995474,0.052085699456102134,5.208569945610213,0.05444301662611521,-0.011748615386153557,-1.1748615386153558
733,12.228883333333334,1383.351656095842,949.984496124031,13691.0,1358.40350877193,905.8210526315788,-2.0850108064302253,detected,1381.8272051850136,951.0460392164185,33.79603087574833,-9.880314167131019,35.21068461413019,39.52815849228756,-10.652786220854715,40.9384558582592,40.54302666977138,42.66296665939599,241.40574715898455,-5.658067490414294,-9.564849979631234,39.80541185474389,1.7436305428202066,1.2000580936484777,0.051657357549853886,5.165735754985389,0.05383339641564163,-0.012069211330764964,-1.2069211330764964
734,12.245566666666669,1381.2657376261411,945.8265257087938,14558.5,1357.820788530466,906.3440860215054,-2.106649707265687,detected,1382.4621980925779,950.8476672800175,30.222593463391604,-8.418944348265086,31.373297238139084,39.44361796495081,-10.272794668800739,40.75940760698481,40.76256386101293,42.142444701061684,241.35310363402272,-4.9406346258820495,-9.894366779406226,39.54024297480876,1.7444317957004138,1.1998077820568045,0.05143142915707863,5.1431429157078625,0.053176586373579415,-0.012485005399881675,-1.2485005399881675
735,12.26225,1383.360107095047,950.607095046854,13865.0,1358.9931506849316,906.2123287671232,-2.072771579437703,detected,1383.1117839859844,950.6635953026755,28.84479951386038,-6.926233926121313,29.664712629556245,39.18361081498246,-9.886731601884819,40.411666858318505,40.97590726687518,41.595351711264136,241.33614412684244,-3.347802701706807,-10.120103205427707,39.123986624310284,1.7452514624428828,1.1995755145775087,0.05099263956885616,5.099263956885617,0.05248624821610617,-0.012769846315997108,-1.2769846315997109
736,12.278933333333333,1384.8431911966989,949.4319119669876,13731.0,1358.1624548736463,906.5126353790614,-2.1269824883434305,detected,1383.7765236931318,950.5122660262695,28.21071995370903,-7.908063516237235,29.29816016208935,38.943302194477866,-9.601430519013128,40.10945342212807,41.16998241822396,41.03252635808813,241.47908074421935,-2.916242075449813,-10.158403925464167,38.80174072782013,1.7460902507168856,1.1993845628091728,0.050611297693537,5.0611297693537,0.05177605849601026,-0.012818175300270244,-1.2818175300270245
737,12.295616666666668,1382.5511583011582,947.0868725868726,14462.5,1359.850174216028,905.8745644599304,-2.0742767068288,detected,1384.4142034541778,950.3880317213544,33.00721018101149,-7.221517466552086,33.787959962880045,38.93548193201763,-9.426516631078288,40.06034159957285,41.28679537308047,40.46456845249671,241.613133330476,-2.3523392213585503,-10.21775725095865,38.735363762780764,1.7468948939484894,1.1992278002793118,0.0505493269395241,5.05493269395241,0.051059392369081025,-0.012893069086383156,-1.2893069086383155
738,12.3123,1385.1318897637796,949.4035433070866,13814.0,1361.6143790849674,904.937908496732,-2.057289355069888,detected,1385.0239607026215,950.2733990275756,38.27556013074354,-6.658409817433039,38.850391563265525,38.65507677360458,-9.133830482634814,39.71953951972219,41.22359745880973,39.90162180765826,241.7315815733827,-2.5416553256077705,-10.262636695951047,38.37082365164568,1.7476643037257054,1.1990831533470987,0.050119292769365546,5.011929276936555,0.05034904959956878,-0.012949699300884602,-1.2949699300884603
739,12.328983333333332,1383.0112233445566,947.107744107744,14472.5,1360.0032154340836,905.7459807073956,-2.0784350659017403,detected,1385.6601159844122,950.1094866412673,42.42608596856917,-6.654288748316958,42.944759044130166,38.45130755224897,-8.939344108446518,39.47676437560272,41.05194838001771,39.35319973846603,241.70617989167522,-2.171709042620258,-10.354312681122487,38.09466018313331,1.7484670233241795,1.1988763238375613,0.049812951893505014,4.981295189350502,0.049657034370304144,-0.013065378777441624,-1.3065378777441623
740,12.345666666666666,1386.211387434555,950.4312827225132,13372.5,1364.4930555555557,904.1875,-2.009869426699445,detected,1386.2754989837904,950.0169633219544,41.53153176997603,-5.305318357882243,41.869016396841836,38.2644648172845,-8.697434698669886,39.24047194021537,40.90821936317845,38.8280592080399,241.62238403486205,-2.277324758552951,-10.534053035882188,37.80011064438901,1.749243531840745,1.1987595751696587,0.04951479109175442,4.951479109175442,0.048994396477021966,-0.013292180486917589,-1.3292180486917589
741,12.36235,1386.3623188405795,951.4328922495274,13610.0,1361.391156462585,905.1122448979592,-2.065227523006824,detected,1386.8853405615057,949.8948546192173,45.55920730568141,-6.167749058281515,45.97480286817973,38.24784829671166,-8.5939434222075,39.201451030189844,40.747065997341615,38.33412560937033,241.37397427801497,-2.4670257971674197,-10.78071872070063,37.68991730871146,1.7500130480271368,1.198605494787656,0.04946555335039728,4.946555335039728,0.04837113641560926,-0.013603430562398272,-1.360343056239827
742,12.379033333333334,1388.2157511581734,949.4857710125744,13617.5,1361.3007246376812,905.195652173913,-2.1168570660059065,detected,1387.5095319022194,949.8148349000809,43.16153026629081,-3.876173213648599,43.33523293707032,38.2122148168129,-8.495060309586494,39.14510711276401,40.65012013363061,37.87846556000129,241.17752177757126,-2.964428441860699,-10.979338562902901,37.573841107756344,1.750800671169993,1.1985045235332252,0.04939445692462336,4.9394456924623364,0.04779617105362939,-0.013854054968962652,-1.3854054968962652
743,12.395716666666669,1389.572192513369,949.173128342246,13636.5,1361.4401544401544,904.934362934363,-2.137205247598908,detected,1388.153541515394,949.7006158415954,39.99776226601807,-2.9012808766137823,40.10284799130735,38.104091267360836,-8.250066183141344,38.986989667549054,40.64558894077985,37.46730028385542,241.29063674490493,-4.178763381006614,-11.068075323966617,37.382924871665374,1.7516133015967117,1.198360398538291,0.049194939643595025,4.919493964359503,0.0472773505159059,-0.013966025645383745,-1.3966025645383744
744,12.4124,1388.8231070496083,949.798955613577,13528.5,1361.7574626865671,904.7537313432836,-2.111844203345242,detected,1388.7972174537729,949.62419190021,39.69141044430262,-1.3841569714586512,39.7155379364265,37.84428193542419,-7.970829470760059,38.67458852605689,40.72670161319002,37.10604770032784,241.25334830462936,-3.313097543229119,-11.212272098441838,37.01362927423239,1.7524255109826787,1.198263964542852,0.04880074261963015,4.880074261963014,0.04682151129378908,-0.014147977411283078,-1.4147977411283077
745,12.429083333333333,1389.026282051282,949.5083333333332,13742.0,1364.7583643122678,903.7583643122676,-2.05850354086428,detected,1389.4143678132884,949.5723095611377,38.634094609336444,-0.44186857801514634,38.63662141185997,37.54107040114226,-7.660905116054479,38.314767832530435,40.79881368271315,36.7993778907674,241.1131027459948,-2.96760276993849,-11.427724350304327,36.57087024168512,1.7532042496066733,1.1981984978689435,0.04834671019877658,4.834671019877658,0.04643454623440682,-0.014419841451488112,-1.4419841451488111
746,12.445766666666668,1391.1571906354516,948.4769230769232,13882.0,1363.5665399239545,904.5171102661596,-2.1312871463601835,detected,1390.0264121070409,949.5228463281684,35.14481236859638,4.662048488146411,35.45268018824068,37.24417811918047,-7.428197001293411,37.97771602483837,40.919899417204604,36.551264836885835,240.63595531818623,-3.700591051215471,-11.78910620612855,36.10157737999666,1.7539765452454776,1.1981360836948498,0.04792140823323454,4.792140823323454,0.04612146982572345,-0.014875843793222146,-1.4875843793222145
747,12.46245,1390.3582887700534,949.4194890077245,13676.5,1363.5729537366549,904.7722419928824,-2.1111662016945822,detected,1390.5902413313763,949.558633581737,29.75735711996367,4.910780582703865,30.159841987260375,36.92737337030557,-7.405079730769452,37.66252925453899,41.08806998819119,36.36501778668498,240.51478639090516,-3.5601875471454227,-11.729619511256228,35.78941374163822,1.7546880016799702,1.198181241112602,0.04752369622023848,4.752369622023847,0.04588645777499682,-0.014800781717673475,-1.4800781717673475
748,12.479133333333332,1391.4767441860463,949.4926560587515,13786.0,1367.8149466192172,903.2313167259788,-2.043586518680307,detected,1391.143739574388,949.5645561939345,28.201875938116245,4.2544795748008255,28.52098180079531,36.5306352367199,-7.39702760865217,37.272018032854675,41.29209814115262,36.24327860044612,240.34007121735954,-3.4278580044620734,-11.649370270828614,35.40473839099194,1.7553864221758841,1.198188714440296,0.047030937580889186,4.703093758088919,0.04573284365986892,-0.014699520846471439,-1.4699520846471439
749,12.495816666666666,1392.022699386503,950.1049079754602,13885.0,1369.9300411522634,902.3374485596707,-2.0040000867296777,detected,1391.693214027984,949.5524822665235,28.246762743106046,3.61676967971016,28.47737046114677,36.02860453528777,-7.229089662872231,36.74670164945426,41.40375747715017,36.18797684206464,240.27423221499245,-2.7564033833073784,-11.586953616265987,34.872088953897,1.7560797653349955,1.1981734792006606,0.04636807779110948,4.636807779110947,0.04566306226128031,-0.014620761660903455,-1.4620761660903454
750,12.5125,1393.125232486051,949.935523868568,13863.0,1364.0615384615385,905.5538461538462,-2.150579042002564,detected,1392.2168663953403,949.5138940712923,23.885379382531937,3.5530257674508903,24.148195384989986,35.88667249374638,-7.421383105589583,36.64601192317308,41.45023010354655,36.20024160559408,240.06563858530487,-1.659092521370325,-11.476367262604748,34.80263185920222,1.756740525419988,1.1981247874716623,0.04624102450873575,4.624102450873575,0.04567853830358875,-0.014481220520636908,-1.4481220520636908
751,12.529183333333334,1392.5358910891089,950.4183168316832,13760.5,1374.104,901.36,-1.9301927269200616,detected,1392.7593658565402,949.5076244053752,18.69993667229619,3.60848418960677,19.044915061362964,35.930915385512044,-7.737749808436686,36.75463851731899,41.43477759941285,36.28027707990721,239.81611353783518,-0.20115238054520018,-11.376596372539176,34.949628145591426,1.7574250673268648,1.1981168762212937,0.04637809276633311,4.637809276633311,0.04577952943836872,-0.01435532665304628,-1.435532665304628
752,12.545866666666669,1392.9229813664597,949.7683229813664,13649.5,1367.0829694323145,904.471615720524,-2.0892128538476764,detected,1393.2791229838692,949.4837954435702,22.90294133188945,-0.5475872172733034,22.909486537513043,35.89891256746591,-8.017716027835512,36.78336164394946,41.33745806083044,36.427216349944075,239.88493924900098,2.1020675007554286,-11.076372157469969,35.076055560150955,1.758080912282485,1.1980868081306881,0.04641433645924223,4.641433645924223,0.04596494176649095,-0.013976494835924252,-1.3976494835924251
753,12.56255,1394.5236463331048,946.0589444825224,13829.5,1367.0992063492065,904.5555555555557,-2.1547096255254874,detected,1393.8061782758389,949.441084331407,27.42778101797694,-2.813322676808639,27.571687580812714,36.075494577117276,-8.47358341388636,37.05729246525855,41.222239435185756,36.638973524333366,240.04034640646466,3.704962846512813,-10.674422561205349,35.48661195212271,1.758745966278661,1.198032913982848,0.04675999049243981,4.675999049243981,0.04623214324837018,-0.013469302916347445,-1.3469302916347445
754,12.579233333333333,1393.417457305503,949.876027830487,13677.5,1367.3497942386832,904.4897119341564,-2.09214251612821,detected,1394.334928742667,949.3301784528666,30.869203021043177,-5.093515173890864,31.286604034011706,36.361033706778386,-8.994332394288866,37.45694578371851,41.131550580653894,36.91211681872732,240.2160347098686,3.9996114574996624,-10.255434333033435,36.02566937733798,1.7594131592967408,1.197892969656614,0.04726428490059118,4.726428490059118,0.04657680355675372,-0.012940611145783515,-1.2940611145783514
755,12.595916666666668,1393.4681647940074,949.4762796504368,13566.5,1369.1383399209485,904.2371541501976,-2.0642285366212376,detected,1394.8823165829672,949.2264740792193,33.67574708520306,-7.419163592175664,34.483328292872585,36.80842531341559,-9.618311529716637,38.0443437416914,40.98975453009668,37.24178416475562,240.42101694367415,4.7391805255166854,-9.804666029624217,36.75922489367133,1.7601038695053215,1.1977621124028004,0.04800548106207117,4.800548106207117,0.046992787589597004,-0.012371818333910685,-1.2371818333910685
756,12.6126,1393.850909090909,949.8042424242424,13477.0,1367.98814229249,904.6521739130436,-2.090970039173874,detected,1395.4698282411532,949.1082792221348,41.840703159912664,-11.638705168079468,43.42929770218954,37.284163545867244,-10.1382017321245,38.63796042334828,40.771177642034246,37.621658493041004,240.55910812879455,5.203333525235161,-9.497126713992074,37.45259096317111,1.760845209137102,1.1976129706272995,0.04875452419349941,4.875452419349942,0.04747212428143976,-0.01198375610598369,-1.198375610598369
757,12.629283333333332,1395.704617330803,949.5553447185324,13230.5,1369.6425992779784,903.898916967509,-2.089490423215888,detected,1396.0680837652246,948.9627887315413,44.911178861021654,-12.418168733556286,46.59640438254601,37.631189195152935,-10.573545260766762,39.088441509260484,40.539934156978354,38.04401298590799,240.79351897968536,4.959160520740084,-9.133157206227917,38.00646917393413,1.7616001056974444,1.1974293864120396,0.04932295458581765,4.932295458581764,0.04800506370461576,-0.011524488588300212,-1.1524488588300212
758,12.645966666666666,1397.6909090909091,949.3337662337664,13272.0,1372.507874015748,902.6692913385826,-2.0656677167141577,detected,1396.7103875692442,948.7676262469587,46.2647212255265,-12.591065895888732,47.947464692831204,38.134157822296174,-11.108622499004387,39.719208031394324,40.24858369336275,38.49982867299405,241.00056338418665,4.617049331783717,-8.771605503332315,38.73853925401795,1.762410583683589,1.1971831246018407,0.050118874487563816,5.011887448756382,0.04858022545488208,-0.011068271928495035,-1.1068271928495035
759,12.66265,1397.4176362522965,949.2235150030618,13352.0,1374.9963636363636,901.8690909090908,-2.013002022452621,detected,1397.34267151511,948.5673475802434,47.90565552353746,-15.63356346211458,50.39206423300993,38.32736288048681,-11.470933917646734,40.00711274655466,39.96419755936043,38.97897920804565,241.18221494405424,3.9227320361600575,-8.424432345474932,39.11007555569348,1.7632084183155963,1.1969304070413167,0.050482161194390744,5.048216119439075,0.0491848318082595,-0.010630198543186035,-1.0630198543186036
760,12.679333333333334,1397.7176470588236,948.4183006535948,13353.0,1370.50390625,903.609375,-2.1165870645290488,detected,1398.0061463618329,948.3530676064518,48.89200893581392,-16.298432069868795,51.53704905905882,38.45339493580242,-11.779174608138204,40.217067726747594,39.742477166174744,39.47047171101942,241.14568067857928,4.881290792746504,-8.240217516584222,39.363833042745995,1.7640456105512088,1.196660022216343,0.050747088614192554,5.074708861419255,0.04980501162273744,-0.010397750809569997,-1.0397750809569997
761,12.696016666666669,1399.5003126954346,947.5891181988744,13509.5,1373.173285198556,902.9277978339352,-2.1034458236428084,detected,1398.6920313027667,948.1156099257028,46.23439765730245,-19.019082220951987,49.99344972354785,38.280100396233905,-12.031094494461254,40.12621737817312,39.60896401916118,39.96272885525789,241.18614637812857,4.560264453689133,-7.908162650109073,39.33922069105873,1.764911080508223,1.196360391073442,0.05063245095037618,5.063245095037618,0.05042615628423709,-0.009978754132629747,-0.9978754132629747
762,12.7127,1399.612694300518,947.8031088082902,13537.5,1371.120754716981,903.6,-2.143343916871665,detected,1399.3323068622753,947.8577068964548,40.01397699213658,-16.303562463747767,43.20792177062628,38.10782689435321,-12.383264638586688,40.069336327412024,39.48197180422841,40.44389602268509,241.22563343982353,5.1439688244398,-7.489438233088256,39.36318112998513,1.7657189991953002,1.1960349613835393,0.05056067675383221,5.056067675383221,0.05103330728414523,-0.009450395246799062,-0.9450395246799063
763,12.729383333333333,1399.9333748443337,948.2826899128268,13428.5,1375.0112359550562,902.629213483146,-2.070484711809488,detected,1400.0214217518037,947.5400303987693,35.1744400761404,-14.433249693242942,38.020519872530535,38.016116573269095,-12.571706826000906,40.04089074722618,39.35303322110784,40.90215798462705,241.3874353042463,5.494930151939617,-7.168899979927845,39.39390568233992,1.7665885447972287,1.1956341077586996,0.05052478327725701,5.0524783277257015,0.05161155581656411,-0.009045930574041445,-0.9045930574041445
764,12.746066666666668,1400.8475648323845,947.2631246046806,13623.5,1375.711475409836,902.2918032786886,-2.0804742759764205,detected,1400.684891577598,947.2210488748099,35.13091619870511,-12.607005242463401,37.32449402395083,37.84093647226683,-12.722614464693875,39.92244220880496,39.24754849188761,41.3260515502525,241.3955850150167,6.323911344506026,-6.946938636172675,39.313374766110115,1.7674257306972845,1.1952316074130094,0.05037532139912298,5.037532139912297,0.05214643728738486,-0.008765853168672146,-0.8765853168672146
765,12.76275,1402.0933333333332,947.2298412698412,13668.5,1378.4922480620155,900.6162790697674,-2.039482131312967,detected,1401.3308353574864,946.9642000511811,32.6547976971633,-10.476061141597256,34.2940763060495,37.87558423715888,-12.876188238106927,40.0044510629665,39.19104697611778,41.704763221235,241.83195414775196,6.315561801254119,-6.528296567529003,39.46818273971669,1.7682408017129168,1.1949075079510172,0.05047880260311231,5.047880260311231,0.052624306903766564,-0.008237598192465619,-0.8237598192465618
766,12.779433333333332,1402.4302030456852,946.4257614213196,13729.5,1377.583038869258,901.3851590106008,-2.074914230568728,detected,1401.958528572572,946.65447999156,30.869078912638088,-15.42559652142154,34.508680950687896,37.858080408694406,-13.036091890239428,40.03965464388944,39.07620468977611,42.02840346923634,242.09190275800466,6.225378244652215,-6.199664935101266,39.55677057969234,1.7690328436246967,1.1945166939956595,0.050523223525412546,5.052322352541254,0.05303268576559791,-0.007822921053755542,-0.7822921053755542
767,12.796116666666666,1402.4556477345243,947.4173580089342,13489.0,1370.189075630252,904.5420168067228,-2.215938369770975,detected,1402.6219728616709,946.3494195192628,31.86322542288508,-20.143770671143557,37.69663952133152,38.052509732927895,-13.205024315259312,40.27860678004097,38.95141478386757,42.28825142225292,242.33820118398026,5.202344138610993,-5.970204869241185,39.83368948466173,1.769869997301793,1.1941317596457577,0.05082474041645548,5.082474041645548,0.05336056961798476,-0.007533381538474681,-0.7533381538474682
768,12.8128,1402.4589759407772,946.92843923504,13701.0,1378.158844765343,900.8736462093864,-2.056306919430136,detected,1403.3175263209039,946.0322794355436,30.27751508155052,-20.55071426679615,36.59316570603065,38.36690510371358,-13.397544715595155,40.63881902373314,38.890403248678936,42.47696536377041,242.46526279646628,4.199597493796573,-5.856480259280284,40.214614888326295,1.7707476672818978,1.1937315828839667,0.051279266906918794,5.127926690691879,0.05359869446532544,-0.0073898804533505166,-0.7389880453350517
769,12.829483333333334,1403.1865942028985,946.6527777777778,13778.0,1378.9265734265734,900.048951048951,-2.050755188168273,detected,1403.989418265592,945.7409652018376,32.256860435609724,-20.5270433886958,38.23433738727277,38.428084499983925,-13.508933578772382,40.733388820150836,38.799327955838805,42.588755544177666,242.52611155567496,3.7947306853223925,-5.743166802712189,40.32648013216395,1.7715954804613148,1.1933639939455365,0.05139859788031652,5.139859788031652,0.053739754629877186,-0.0072468981737693235,-0.7246898173769324
770,12.846166666666669,1403.7208153180975,946.3607164916616,13548.5,1381.1802120141342,899.3639575971731,-2.0180077214873395,detected,1404.6778786651942,945.4298703950127,35.73354536425359,-25.117408360644276,43.67803185875632,38.276045347925795,-13.576738537398805,40.61260243802854,38.61007191201087,42.61951649457213,242.77584189413903,3.289924670320549,-5.43749758006472,40.24695139828795,1.772464200208447,1.1929714452933915,0.05124618604167639,5.124618604167639,0.053778569709239284,-0.006861195684624254,-0.6861195684624254
771,12.86285,1404.8748378728924,944.1556420233464,13722.0,1380.765873015873,899.9563492063492,-2.070147576561413,detected,1405.4032779933066,945.0837467839959,41.35119307339846,-27.38285992600413,49.595787989713806,38.401118534916904,-13.760429931647893,40.792098948650946,38.430245161058735,42.56691646384745,242.71669518025456,2.949167636125086,-5.3731182935922845,40.43667810836585,1.7733795305909232,1.1925346962574082,0.051472680061389206,5.147268006138921,0.053712197430722336,-0.006779959991914555,-0.6779959991914555
772,12.879533333333333,1405.187380497132,944.38304652645,13725.0,1381.6113360323886,899.4251012145749,-2.053774563223707,detected,1406.088422730493,944.7546459413231,47.79527187716121,-31.854426321091978,57.437727062076846,38.30799074132728,-13.711786961637717,40.68802349978375,38.27197401548327,42.430441926309875,242.63260736653223,3.0072566160441196,-5.432846107077838,40.32368335725004,1.7742440665368997,1.1921194270552975,0.05134135457385963,5.134135457385963,0.0535399898123784,-0.006855326318079291,-0.6855326318079291
773,12.896216666666668,1405.243042671614,945.0674087816944,13689.5,1381.5126353790613,899.2599277978339,-2.048776720858721,detected,1406.7766500019156,944.4278899021083,53.17628724935594,-29.678405990583997,60.89766258049603,38.34717592973394,-13.586281109986967,40.68283343359401,38.086589072028204,42.21139551147885,242.73072964737162,3.35262717997848,-5.493292683762604,40.31025516758825,1.775112492115982,1.1917071165957203,0.0513348055944404,5.13348055944404,0.053263590550761956,-0.006931599600962277,-0.6931599600962277
774,12.9129,1408.2172185430463,942.7370860927152,13755.5,1388.6346863468634,896.6457564575646,-1.97255150928878,detected,1407.4544343082725,944.1166372427396,56.79565448351559,-29.19846425120295,63.861543066540925,38.43026426918867,-13.257591341502224,40.65278514416883,37.905988451596926,41.91284638804413,242.99975774110885,3.613607359489544,-5.634544730133939,40.26041288489319,1.775967740452079,1.1913143687605547,0.051296889771821876,5.129688977182187,0.05288687241393582,-0.007109835621620113,-0.7109835621620113
775,12.929583333333332,1407.292789968652,944.1028213166144,13595.5,1389.57421875,895.8671875,-1.9228289284484703,detected,1408.194581405624,943.8417257431663,58.389114992792656,-26.610065233074238,64.16684752541634,38.3623814377634,-13.050317408463341,40.52139057384501,37.83003342256285,41.539533243150096,243.03675574580018,2.3970762595408086,-5.762509320708796,40.10955721978042,1.7769016800070965,1.1909674772784433,0.0511310922067445,5.11310922067445,0.05241581481785502,-0.007271305136541068,-0.7271305136541067
776,12.946266666666666,1408.9820317899105,942.796821008984,13794.5,1390.804780876494,895.9282868525896,-1.9407717170824843,detected,1408.894908479844,943.5779775420215,57.27362196855074,-21.55380248450865,61.19505024867346,38.10365782806351,-12.634833213964988,40.14383825972373,37.90386752429604,41.09772158722053,243.30308592826867,3.8760971433699,-5.830959696259134,39.71810241241971,1.777785373476144,1.1906346719773142,0.05065468550122868,5.065468550122868,0.05185832376936345,-0.007357677850169254,-0.7357677850169254
777,12.96295,1410.258855585831,942.065395095368,13662.0,1390.015037593985,895.812030075188,-1.98335140258468,detected,1409.606281686815,943.3267398568332,56.71056331777845,-21.21932232547033,60.55037268070249,37.65910944887544,-12.349666086791641,39.632345085013974,38.018043697761556,40.59501912283795,243.3678310663518,3.751431806552814,-5.841711842836707,39.199453818680844,1.7786830052830476,1.1903176528161934,0.05000926824607442,5.000926824607442,0.05122399889317091,-0.007371245227554205,-0.7371245227554205
778,12.979633333333334,1411.4038727524205,942.4432918395574,13413.5,1387.585858585859,897.0841750841751,-2.054320715043434,detected,1410.3052325593535,943.0839396422228,52.20539481925016,-18.255822940875532,55.305319088514345,37.153704341989965,-12.077924550184482,39.06755697214702,38.172489656738634,40.040155201505414,243.21127080606257,3.5051730066529223,-5.963591767799869,38.60970837754389,1.7795649622200045,1.190011280305644,0.049296601857598765,4.929660185759877,0.05052385514385541,-0.007525036930977753,-0.7525036930977753
779,12.996316666666669,1412.542940320233,941.4126637554584,13451.5,1390.124060150376,896.1654135338346,-2.0308173674963417,detected,1410.950589938486,942.8552770426685,43.11434316016448,-11.629163719043845,44.65516806526146,36.62981126342042,-11.634160730667896,38.433016653664026,38.40736844576886,39.44273276665408,243.28633685538324,3.098211698923105,-6.073893788870585,37.9500274485057,1.7803792932977742,1.189722747056995,0.048495920067714866,4.849592006771487,0.04977000980019443,-0.007664219291950265,-0.7664219291950265
780,13.013,1412.943015983322,941.4141765114664,13607.0,1391.003533568905,895.9505300353356,-2.020404573678308,detected,1411.55773990853,942.6483223736958,33.878343305832004,-5.816869984994355,34.37409084717937,36.011299654527114,-11.281362624996449,37.737022212739724,38.673173392588424,38.81296342040021,243.3385957718154,3.2407719561288393,-6.0770271287043975,37.24449740245936,1.781145413133792,1.1894616055188592,0.04761769364383562,4.761769364383562,0.04897534816454285,-0.0076681730330654865,-0.7668173033065486
781,13.029683333333333,1413.2589587559162,941.6227180527384,13823.0,1388.0035714285714,897.1714285714286,-2.0874739972879923,detected,1412.107185757759,942.4960097365275,27.838797035273274,-4.13687902036736,28.1444912620622,35.488193930362094,-10.971387853265407,37.145433903318036,38.76487699073567,38.161398068122416,243.37871298937284,2.9516219751033503,-6.093662447909615,36.64219613828714,1.781838720199065,1.189269412916754,0.046871209972641055,4.687120997264105,0.048153183682173396,-0.007689163972125698,-0.7689163972125699
782,13.046366666666668,1413.984522207268,941.5881561238224,13814.0,1388.6015037593984,897.0751879699249,-2.0890450242555967,detected,1412.6556470630126,942.35218782626,20.885565755454536,1.430710116962473,20.934511896965592,35.26241460681795,-10.651422406998387,36.835997111459264,38.78163437169375,37.49866663340922,243.42132138929853,2.5935041466316795,-6.25154368703706,36.30163749370684,1.7825307849375553,1.1890879341656277,0.046480753452945445,4.6480753452945445,0.047316929505879145,-0.007888383201308594,-0.7888383201308593
783,13.06305,1415.648476257973,941.942593905032,13682.5,1388.8015564202335,896.9260700389106,-2.1085492428496995,detected,1413.2281292930254,942.2237318876552,16.89215654419104,4.330361213799733,17.43837667202533,35.314425485363515,-10.347736275838292,36.79924310900418,38.7247148410284,36.83524024374049,243.4251909978301,2.8001039737612294,-6.543961848096531,36.212716781902024,1.7832531599911994,1.1889258446531927,0.0464343761627813,4.64343761627813,0.046479798414814505,-0.008257365108008242,-0.8257365108008242
784,13.079733333333332,1413.9939839572194,941.7667112299464,13831.0,1395.20703125,894.26171875,-1.947394232900986,detected,1413.7763810778665,942.128469947298,18.221208071241563,4.630671556200468,18.800413363457803,35.21618393415849,-10.121137252452106,36.641738907528065,38.5103400617678,36.18122782085594,243.5774847234154,3.244139812871206,-6.606896043524918,36.04117027563771,1.7839449603506203,1.188805640312048,0.04623563269088715,4.623563269088715,0.04565454614619046,-0.008336777341987279,-0.8336777341987279
785,13.096416666666666,1413.2312746386333,941.9651773981604,13410.5,1390.3073770491803,896.5040983606557,-2.0378407566322463,detected,1414.334743123472,941.9979356935321,22.456612393026717,3.679242059095486,22.756015958424232,34.937494050422,-9.85124534364526,36.299800624024996,38.18619198575447,35.5462160993373,243.5544831334779,2.748312617586709,-6.738900716486734,35.66879227668495,1.7846495181368733,1.1886409283199144,0.04580416482526814,4.580416482526814,0.04485326952597767,-0.008503344752664649,-0.8503344752664649
786,13.1131,1412.8926582278482,938.8364556962024,13880.0,1393.7925925925929,894.9703703703703,-1.9814575828984813,detected,1414.9387665716672,941.8634373800971,27.52878097829489,1.4192484159966625,27.565341431174758,34.74695032062546,-9.712987249253635,36.078978337643896,37.81895054013114,34.9391578794908,243.20549687970015,4.093368660284904,-6.993549148502886,35.394674008890824,1.7854116928349115,1.188471214359744,0.0455255247162699,4.55255247162699,0.044087265463079874,-0.00882466769527178,-0.8824667695271781
787,13.129783333333334,1414.4828622970535,942.773301262778,13011.5,1391.7734375,896.01953125,-2.0229579903814288,detected,1415.5129281906202,941.735247725749,32.525030652248915,-0.6924559680555831,32.53240099035771,34.52176757063505,-9.445623084638795,35.79067241137013,37.545362807325915,34.368308168489534,243.29982087132083,2.5101073399478526,-7.072946315288627,35.08483521521878,1.786136186991319,1.1883094608526803,0.04516173174936294,4.516173174936294,0.0433669503703338,-0.008924853394685966,-0.8924853394685967
788,13.146466666666669,1415.1371932032723,942.667086217747,13372.5,1396.163568773234,894.0185873605948,-1.9426650660920048,detected,1416.0580873174526,941.6396945156868,37.56890394494576,-3.950213264789454,37.77600731233887,34.31435191919351,-9.072503910225139,35.49345115419618,37.3404658199119,33.84120236871791,243.41466477265016,1.8465837899554582,-7.243452032099283,34.74647431746114,1.786824084943158,1.1881888889787846,0.04478668915355985,4.478668915355985,0.04270183264191534,-0.009140002564163134,-0.9140002564163134
789,13.16315,1416.6923606331727,941.3799036476256,13583.0,1390.0795847750865,896.6989619377163,-2.107987583307292,detected,1416.625228818648,941.5466770482064,38.68852195742875,-5.660639809352233,39.10044212412016,34.050787770561456,-8.905025282898928,35.19596032337925,37.28246914497846,33.36466556216402,243.50749113006927,0.9675118783355235,-7.219470139839393,34.44756702562395,1.7875397209068116,1.1880715167800713,0.04441130640174039,4.4411306401740385,0.04210052436866123,-0.009109741501374629,-0.9109741501374629
790,13.179833333333333,1417.4499054820417,941.9445494643984,13509.5,1392.656603773585,895.833962264151,-2.0641410674369483,detected,1417.201723936898,941.484821795779,39.6935765148728,-7.234861998402721,40.347530837437795,33.9032025045871,-8.81457015401078,35.03032667656724,37.35569550763642,32.94483797163689,243.5944687421686,0.7139501048771904,-7.182552337105384,34.28607193878821,1.7882671595418271,1.1879934659883649,0.04420230495465898,4.420230495465898,0.04157077346578788,-0.009063157523161369,-0.9063157523161369
791,13.196516666666668,1418.2583280955373,941.568824638592,13424.0,1390.651408450704,896.5845070422536,-2.1212292115368347,detected,1417.7549311950913,941.4087075735018,36.55256151013555,-7.019823214713142,37.220527547551875,33.772219353345385,-8.827702609001285,34.90689234812295,37.47734156117516,32.58719954271642,243.59037675068305,0.22378294765018053,-7.114979651435973,34.17408664416793,1.7889652128644686,1.1878974228056807,0.044046551858830225,4.404655185883023,0.041119494691124824,-0.00897789230465107,-0.897789230465107
792,13.2132,1418.9143944197845,941.403931515536,13694.0,1392.5266666666666,896.0566666666666,-2.09780322054744,detected,1418.3023071930984,941.3706911706656,36.35954725899683,-7.4417122269574065,37.113282767064284,33.461152360065455,-8.651382361330024,34.56146892169727,37.6129228552835,32.296576808867385,243.3153950139933,-1.6307119606379217,-7.296757138274994,33.782428410202826,1.7896559081300927,1.1878494525812817,0.043610686336526525,4.3610686336526525,0.040752778307719104,-0.009207264527791791,-0.9207264527791791
793,13.229883333333332,1419.1922848664688,940.9810089020772,13706.5,1395.1102661596958,894.8022813688212,-2.0514924286140084,detected,1418.830259780254,941.3146338095394,35.13810978390302,-2.8419314436951026,35.25284858726006,32.99567032529558,-8.430372247157154,34.055622684679086,37.78483072500328,32.077118036105624,243.23140959008998,-1.9213498263155584,-7.333945809805937,33.25655838026627,1.790322094359942,1.1877787177407437,0.04297239455480011,4.297239455480011,0.04047585872063801,-0.009254190296285094,-0.9254190296285094
794,13.246566666666666,1418.793504901961,941.2132352941176,13771.5,1391.88698630137,896.8938356164383,-2.1164235463099947,detected,1419.2994561698729,941.3078188323709,29.350708031909107,-0.8521308596982635,29.3630752642911,32.791055958103655,-8.447283053230896,33.86162934397704,37.92730561212993,31.932228000791536,243.11616911091357,-2.006609251011074,-7.293214387296132,33.06688624182543,1.7909141402774422,1.187770118400468,0.042727608005018354,4.272760800501835,0.04029303217765494,-0.00920279417955348,-0.920279417955348
795,13.26325,1419.7018987341771,941.1525316455696,13515.5,1396.9120521172638,894.299674267101,-2.0235155068983013,detected,1419.7983824926987,941.2863060604458,26.63253556107884,-0.6782006628254749,26.641169391586132,32.36048508860253,-8.410500785506105,33.435572652979424,38.05270871130072,31.864461115601305,243.0954111759703,-1.995718514894413,-7.143158896996445,32.663631145433385,1.7915437003062444,1.1877429729469349,0.042189997038459846,4.218999703845984,0.04020752191243067,-0.009013449712298354,-0.9013449712298354
796,13.279933333333334,1420.2369871402327,941.4482547458664,13705.5,1398.7416666666666,893.5416666666666,-1.9925622935564868,detected,1420.2635455224922,941.1901928515192,22.40220775809439,-0.3243618056762898,22.404555854062497,32.2072470893761,-8.62995974951187,33.343409698984296,38.11121482455295,31.87537999343477,242.84706804597147,-1.7532678997390394,-7.0194632476414345,32.59616704567166,1.7921306568107158,1.1876216944498665,0.04207370309020101,4.207370309020101,0.040221299676258385,-0.008857366873995501,-0.8857366873995501
797,13.296616666666669,1421.2182389937109,941.5635220125786,13594.5,1398.2153284671533,894.3138686131387,-2.0238587237161947,detected,1420.7031915184832,941.1359914232614,19.404486642200936,-1.1258398595387007,19.43711957149723,32.06410785478122,-8.987716957435067,33.299940970368226,38.15239072563529,31.965394520676902,242.91178751733224,-2.8466741149180024,-6.598945492076229,32.63954636667942,1.7926854151652787,1.1875533014804562,0.04201885295945518,4.201885295945518,0.040334882675933,-0.008326745100411646,-0.8326745100411646
798,13.3133,1422.1878487290762,941.9795412275264,13697.0,1396.3442028985507,895.0652173913044,-2.0743064578757755,detected,1421.148337510883,941.1073176446668,19.606315523717967,-0.9210985744807658,19.627940060013803,31.67859484793361,-9.263264926388207,33.00517305871884,38.12975465197947,32.133602517406196,242.81889932972396,-3.213965368518373,-6.230629689887634,32.411737107157194,1.7932471135784014,1.187517120056362,0.041646906067784026,4.164690606778403,0.040547132514077225,-0.007861993299542756,-0.7861993299542757
799,13.329983333333333,1421.267787839586,940.990297542044,13392.5,1394.989010989011,896.080586080586,-2.100222808253989,detected,1421.6254119760026,941.0301827181906,20.120389140099633,-3.5224587178345246,20.426398962320494,31.524025232429395,-9.585462043229828,32.94913123948862,37.968911392821234,32.37765573072878,242.8890831781206,-3.0680996523654183,-5.8336869714024004,32.42858840216044,1.7938491002851769,1.1874197889188527,0.04157619083847145,4.157619083847145,0.040855086095556825,-0.007361119206816909,-0.736111920681691
800,13.346666666666668,1421.754215304799,941.5330739299612,13618.5,1399.5413533834587,893.906015037594,-2.007197616571203,detected,1422.0362897406055,940.899301835182,21.240929816936386,-7.900934874549421,22.662786046289376,31.808221130269732,-10.058219211346971,33.36061607907815,37.823240469122595,32.6936735140268,243.11840658320872,-2.7427038822467593,-5.410673131664163,32.91892041726057,1.79436755803231,1.187254639539662,0.04209541461082417,4.2095414610824164,0.04125384670539659,-0.006827347800207146,-0.6827347800207146
801,13.36335,1421.3025210084031,940.9521654815773,13574.0,1397.8185328185327,894.1003861003861,-2.035435482794439,detected,1422.4836267324476,940.7531198959217,25.912636962984834,-11.87518621826348,28.504119037323058,32.0144231441112,-10.4927230404255,33.6900656878742,37.604038905452406,33.076221276221496,243.3513080784697,-2.628719329378773,-4.9809542676911445,33.3198232383734,1.7949320211134987,1.1870701828339707,0.04251112389637124,4.2511123896371235,0.04173655681542145,-0.006285115795193873,-0.6285115795193873
802,13.380033333333332,1421.5553447185323,940.7805186590764,13519.5,1401.0,893.3089430894308,-1.9794261906990656,detected,1422.9145873514256,940.5723016471632,31.867059184086884,-14.808030935879742,35.139539570689706,32.582503728633554,-11.020421870768855,34.39577368567452,37.28678545657439,33.518362740969096,243.5711852879893,-3.156073758820304,-4.63334686688634,34.08227316725301,1.7954758200017988,1.186842021005884,0.04340160717435271,4.340160717435271,0.04229446402645943,-0.005846494469257212,-0.5846494469257212
803,13.396716666666666,1422.6018099547512,941.1900452488688,13428.0,1398.0044843049327,894.5829596412556,-2.0564040144007363,detected,1423.4179681944495,940.386089199086,38.62902989149643,-18.419201026551036,42.7956646964926,33.06962913625946,-11.451321352612911,34.996187391350915,36.932741169497504,34.01178595276495,243.61095029526916,-4.121428407801031,-4.440202978424299,34.71336528544792,1.796111000876277,1.1866070526171433,0.0441592269922409,4.41592269922409,0.04291708006658038,-0.005602779783500694,-0.5602779783500693
804,13.4134,1423.1204287515764,940.624842370744,13546.0,1400.5187969924812,893.578947368421,-2.018654885010558,detected,1423.9654173422396,940.1528354331102,44.32944519179728,-17.08474654886618,47.50777068703133,33.61773738346332,-12.008273639730293,35.698051803847065,36.61912904373784,34.54699464800408,243.65024354940337,-4.807739245093292,-4.1605875408568735,35.45476574319756,1.7968017884444665,1.186312726098562,0.045044860320311755,4.504486032031176,0.04359242226877487,-0.005249952732942428,-0.5249952732942428
805,13.430083333333334,1424.6071871127633,939.6226765799256,13442.0,1401.1254752851712,893.3307984790874,-2.040229791590283,detected,1424.5261297508482,939.8979318183449,44.18523022298996,-18.554182792285246,47.92277401140463,34.16305211629839,-12.516436211585694,36.383723082439126,36.29292825198613,35.11355053670985,243.64824790841368,-5.178255987382682,-3.948519864971745,36.16883321612043,1.7975093119884522,1.1859910811587948,0.04591006067184748,4.591006067184749,0.04430731928922379,-0.004982359451068449,-0.4982359451068449
806,13.446766666666669,1425.9832474226805,939.5257731958762,13241.0,1402.0041841004183,893.1338912133891,-2.047857029406408,detected,1425.1156233743798,939.6173731155328,44.563416490776035,-16.202553470779094,47.41751604949194,34.592320020911465,-12.874618414208339,36.91049178405274,36.049232122212025,35.70034895051085,243.3980982806362,-5.54552911024713,-3.9783490271019364,36.695464879998205,1.7982531525228769,1.1856370638681804,0.04657475303981418,4.6574753039814185,0.045047758928089404,-0.0050199987723683745,-0.5019998772368375
807,13.46345,1427.0682102628284,939.2277847309136,13505.0,1405.1410788381745,891.7925311203319,-2.003793750016965,detected,1425.7452291373029,939.326395733415,42.68433222668091,-14.742101867755082,45.15840769022905,34.9577957523399,-13.213147254186707,37.37157668901775,35.92328820680396,36.295910135126455,243.11688513730707,-5.864979182349939,-4.021718762866053,37.15454914832834,1.799047607744231,1.1852698999790727,0.04715656364544827,4.715656364544827,0.0457992556910113,-0.005074723990998175,-0.5074723990998175
808,13.480133333333333,1427.5533498759305,938.3964019851117,13416.5,1404.765873015873,892.0595238095239,-2.0278450681506675,detected,1426.4003269516168,939.0042511872595,37.09332772427388,-14.666753340728974,39.88770004924036,35.086662014055854,-13.345475554490616,37.53898732070561,36.03399264955017,36.88867051593209,242.86708102945587,-6.803948884521642,-4.124674876273296,37.31169556893839,1.7998742295919457,1.1848634084381824,0.047367807344738944,4.736780734473895,0.046547218316633554,-0.005204637067852741,-0.5204637067852741
809,13.496816666666668,1427.2672141503474,939.0789639924194,13490.5,1404.0962962962965,892.4888888888889,-2.032310401287551,detected,1427.0293406388394,938.709364507644,32.72596537794425,-14.149352254223686,35.65379333440568,35.207099239981346,-13.60061512867592,37.74276843015445,36.19570047124263,37.46726158014132,242.95926834049436,-6.6918194865878,-3.8921410921307853,37.54154773702345,1.800667937714624,1.1844913116815698,0.047624944391362084,4.7624944391362085,0.047277301678411765,-0.004911219043698152,-0.49112190436981523
810,13.5135,1427.2419861722187,938.656819610308,13542.0,1414.1422018348624,887.9495412844037,-1.8236100894451368,detected,1427.6381850110567,938.383709872393,28.735160471633662,-14.078429010697846,31.998618888005097,35.02174975750399,-13.623428868610505,37.57819540924392,36.370204784845654,38.02076767551714,242.8434055821653,-7.091385706420952,-3.8631523373987022,37.37909608636052,1.801436195597548,1.1840803910061741,0.04741728127349391,4.741728127349391,0.047975732082671474,-0.004874640173373757,-0.48746401733737565
811,13.530183333333332,1428.0448515476942,938.94125078964,13545.5,1400.3992537313434,893.6231343283582,-2.1185612155016607,detected,1428.2631982750954,938.0461550970829,25.37278488024731,-15.632924057007585,29.80212286316988,34.936066454890586,-13.659795649545389,37.51158163191563,36.58646052411291,38.53895733035114,242.76812844329143,-6.681682107717868,-3.840714909289506,37.314443122113346,1.8022248558676284,1.1836544543811771,0.04733322603396295,4.733322603396295,0.04862959915501721,-0.004846327961248589,-0.4846327961248589
812,13.546866666666666,1429.0165184243965,938.7928843710292,13719.5,1403.015444015444,892.6640926640927,-2.0840685061078417,detected,1428.844368691442,937.7724113364427,23.660193534592963,-14.936780072215015,27.98056748924357,34.8793194212209,-13.597445521123955,37.43604476954652,36.77082264329418,39.012485253162914,242.55761945731302,-6.206772164504995,-4.006966670421846,37.22098421710017,1.802958193932419,1.1833090363866785,0.04723791138113126,4.723791138113126,0.04922711072954311,-0.005056109363308324,-0.5056109363308324
813,13.56355,1428.8935309973049,938.0586253369272,13756.5,1402.496183206107,892.9083969465648,-2.099856998915564,detected,1429.3955326836676,937.4740719558051,29.000857613519656,-18.6548623196295,34.482656952212565,34.99319179340971,-13.360423155150986,37.45696702584248,36.94550368849619,39.43306384541803,242.72376092028733,-6.084066952196391,-4.161872477072672,37.22503453671516,1.8036536690014735,1.1829325829095334,0.0472643117045331,4.72643117045331,0.04975780926866629,-0.005251574103561731,-0.5251574103561731
814,13.580233333333334,1429.554527428949,937.1850627891606,13656.5,1404.850909090909,891.7709090909091,-2.0689927765735625,detected,1429.996552202661,937.1818253708278,30.51201859291541,-22.451623093795206,37.88216807628959,35.18402396768864,-13.473160260514074,37.67547730240965,37.068699699485826,39.79360393564107,242.47302116998827,-6.778131168922447,-4.312959249033263,37.427796789025166,1.8044120532525691,1.1825638175026219,0.047540034450990094,4.754003445099009,0.05021274944560388,-0.0054422198725971776,-0.5442219872597177
815,13.596916666666669,1430.4609375,936.8984375,13770.0,1406.062271062271,891.2271062271062,-2.061445888035567,detected,1430.6102356845183,936.9074985056343,33.83218621285232,-22.206991235740134,40.46933757408631,35.410678875062715,-13.458808968431367,37.882129259606586,37.13762999581479,40.08832473377849,242.2268654017759,-6.810217918132892,-4.592030139323493,37.60277883935024,1.8051864172675312,1.182217663729507,0.04780079401843103,4.7800794018431025,0.050584636888048574,-0.005794359797253619,-0.5794359797253619
816,13.6136,1430.3755837224817,936.7591727818544,13736.5,1405.3472222222222,891.5277777777778,-2.0762005820721487,detected,1431.2333915799668,936.635128279842,36.15440792153049,-25.669150541558565,44.34012293263995,35.71589239732521,-13.512977222549079,38.186719198622484,37.22996260492432,40.31283298992168,241.96012740482598,-7.820794906706372,-4.862704390440113,37.875844930055855,1.805972733854848,1.181873978902009,0.048185134635485787,4.8185134635485785,0.05086792806299266,-0.006135904593615285,-0.6135904593615285
817,13.630283333333333,1430.4835164835165,937.1288156288156,13596.0,1406.5110294117646,891.0735294117648,-2.0507212551556564,detected,1431.8908832190489,936.3476554496765,35.77323619570234,-27.327174540373562,45.01665132230016,35.93383011136222,-13.489365222143414,38.38232823277679,37.201402961257735,40.46417127686868,242.04829025512814,-10.487038223499175,-4.927428716181057,38.06472864497485,1.806802376301639,1.1815112371604752,0.048431959915175765,4.843195991517576,0.051058891201096135,-0.006217575667105435,-0.6217575667105435
818,13.646966666666668,1432.670394736842,935.3868421052632,13791.0,1410.010989010989,889.7728937728938,-2.031852459715582,detected,1432.5231776654932,936.0661899792435,37.00599029301384,-25.980911951526423,45.215606856478246,36.24088276124905,-13.572054065367745,38.69886606695167,37.08505840068477,40.54083535886116,241.83394594056392,-11.149260639769503,-5.141835100091251,38.35575271939443,1.8076002241835878,1.1811560756835882,0.04883137674063303,4.883137674063303,0.05115562821307402,-0.006488120000115144,-0.6488120000115144
819,13.66365,1431.80310880829,935.5874352331606,13774.5,1408.2633744855966,890.6954732510288,-2.053744716051932,detected,1433.1451345363525,935.7757215126971,43.34491048825657,-24.566817298707747,49.822783718124995,36.34451482904227,-13.485094270765046,38.76559719196769,37.02062552364779,40.54276080788915,241.37403186915427,-11.839100024910518,-5.575527743311033,38.36254704830563,1.8083850278061233,1.1807895539592395,0.048915580052956084,4.891558005295608,0.05115805780175288,-0.007035366237616446,-0.7035366237616446
820,13.680333333333332,1433.6603892027622,935.6898932831136,13684.5,1413.3745173745174,888.0540540540541,-1.9733893715725404,detected,1433.7936610730994,935.4630042901858,46.67512150238235,-23.953206967602227,52.46258753907344,36.43440858962949,-13.219951811658458,38.75865393919968,36.95288426451089,40.47127936938234,241.02142376713505,-11.475652831707198,-6.087009223103426,38.27769028946878,1.8092033578209459,1.1803949580948718,0.048906818850725155,4.8906818850725156,0.05106786040300611,-0.007680768735777194,-0.7680768735777194
821,13.697016666666666,1434.6030183727034,934.1581364829397,13640.0,1406.936090225564,891.4135338345865,-2.145243882633956,detected,1434.4232147802484,935.2008240884194,54.822315630446155,-23.00982186968281,59.455346215111675,36.63032826048268,-13.011904965653432,38.87274905773854,36.92346039754877,40.32904604489981,240.80794409048684,-11.150932290179654,-6.506766724152378,38.32430829256251,1.8099977473567803,1.1800641313418543,0.04905078745455967,4.905078745455968,0.050888386176529736,-0.008210431197668617,-0.8210431197668616
822,13.7137,1434.1195508586525,933.5792602377808,13741.5,1410.5114503816794,890.0687022900763,-2.067927478087643,detected,1435.1033022631898,934.9538300853051,56.03928586920165,-20.838967589837694,59.78849497136058,36.72932089428627,-12.736770114515663,38.875034743463225,36.918378248210225,40.11993847875696,240.5472235480717,-11.042665101772185,-6.969342956519963,38.24521649905879,1.810855901909388,1.1797524669846122,0.04905367160058451,4.905367160058451,0.05062452804890468,-0.008794123604441595,-0.8794123604441595
823,13.730383333333334,1434.7608550434202,933.7875751503008,13752.5,1409.9520547945206,890.0856164383562,-2.0871132836294466,detected,1435.824458870981,934.7257780692644,53.64745178437579,-15.991758044394146,55.980223367787396,36.76613873914356,-12.298349601052484,38.7685228077581,36.941510148157896,39.84893107225121,240.164880403165,-11.181293927612362,-7.623031471645053,38.01167915099212,1.8117658787015536,1.1794647041883464,0.0489192716817137,4.89192716817137,0.05028256286719396,-0.00961896715664991,-0.9618967156649909
824,13.747066666666669,1437.9314404432132,933.6925207756232,13742.5,1410.9652777777778,889.8611111111111,-2.122335258020617,detected,1436.5049637713805,934.4862871240321,55.111285591410706,-14.664579024675504,57.02897226418328,36.54070707243236,-11.965887678434578,38.45004214934258,37.065530560561996,39.521947336005965,239.7471670278212,-11.638985404530843,-8.073557475462186,37.592863830474926,1.8126245599638873,1.179162507412028,0.04851740334301903,4.851740334301903,0.04986996509275201,-0.010187454227712538,-1.0187454227712538
825,13.76375,1437.8415300546449,933.5737704918032,13794.5,1410.286274509804,890.2313725490196,-2.1370940155765257,detected,1437.1702882026084,934.2915806249055,49.421150148825745,-10.15743838454,50.45417362883377,36.31957136553702,-11.557799669311635,38.11422303251474,37.258171854434394,39.145695262928776,239.49820055534684,-11.307689811293415,-8.47620562104612,37.15976231950392,1.8134640860600737,1.1789168209777987,0.048093656823362446,4.809365682336245,0.04939519906994168,-0.010695527597534537,-1.0695527597534538
826,13.780433333333333,1440.1792318634425,933.3165007112376,13630.0,1410.1714285714286,890.0489795918368,-2.1771742787598383,detected,1437.7969649968063,934.1009090212684,44.76606436788188,-4.630911061644156,45.00495368568,35.914783604563205,-11.208311053467266,37.623103514115876,37.41737647770299,38.72749179900767,239.0864430455997,-10.525104153040898,-8.834918024744038,36.57105606254667,1.8142548454218377,1.178676225894345,0.04747394765188123,4.747394765188123,0.04886749753818003,-0.011148161545418346,-1.1148161545418347
827,13.797116666666668,1439.6816920943131,933.2177531206656,13704.5,1410.75,890.25,-2.1634012723680507,detected,1438.409490944676,933.9094963597831,37.9546255115647,-0.4376804039088711,37.957149021746666,35.384251690212004,-10.77137948900015,36.98740168993118,37.5704159044219,38.27508360360709,238.6633633125537,-8.4302738195177,-9.20200383087571,35.824447089506805,1.8150277488260897,1.178434695722124,0.046671800239660804,4.667180023966081,0.04829663546196478,-0.011611361300789541,-1.1611361300789542
828,13.8138,1440.0888429752067,933.0482093663912,13848.5,1411.568345323741,890.3093525179856,-2.1592511615454995,detected,1438.976216547468,933.7763181473956,29.25956336969284,-1.2942495854813387,29.28817390303789,35.133770401201964,-10.351418496249064,36.62695301944816,37.60910266203412,37.796472023630244,238.45213128451758,-8.471236207383082,-9.560852443859721,35.35708964317629,1.8157428599968053,1.1782666475046002,0.046216975418862036,4.621697541886204,0.04769270917808233,-0.012064167121589555,-1.2064167121589555
829,13.830483333333332,1440.80081300813,933.030487804878,13741.0,1413.0367647058824,889.4375,-2.137901902110677,detected,1439.5307919048325,933.6606751327527,18.321992440662143,1.5830235362589065,18.390252051345854,34.86432757968544,-10.051440080835754,36.2843325042951,37.568211776879025,37.299750366164055,238.33923727872906,-8.292547286499808,-9.744405779783177,34.951385398595775,1.816442639627549,1.1781207257195618,0.04578464669311685,4.578464669311685,0.047065931061405754,-0.012295780163764262,-1.2295780163764263
830,13.847166666666666,1440.8418945963977,933.4856571047364,13786.5,1416.0845070422536,888.3556338028169,-2.0725479809139107,detected,1440.1007462284292,933.5369110001673,15.720511481606081,3.926203184839096,16.203380903130967,34.747430833662236,-9.906623502702189,36.132051405427184,37.49463938244394,36.79296097578588,238.2113015705853,-8.353288743760466,-9.883938130017892,34.75389051324198,1.8171618248939172,1.1779645564670882,0.04559249388697437,4.559249388697436,0.046426449180802375,-0.012471846220842768,-1.2471846220842768
831,13.86385,1438.162547528517,930.119771863118,14105.5,1415.6560283687943,888.3085106382979,-2.064603505775428,detected,1440.679942699066,933.4155326045069,14.387013069246677,3.3117521060858053,14.763260041970351,34.81790844539733,-9.709707660530128,36.146440645864814,37.37311569436246,36.28397819445919,238.03491287490198,-8.26677702540886,-10.19525185872099,34.67884096826586,1.8178926721754778,1.1778113976082107,0.04561065065724267,4.561065065724267,0.04578419961445954,-0.012864671115105352,-1.2864671115105353
832,13.880533333333334,1440.306289308176,934.1905660377358,13309.0,1413.2618181818182,889.6945454545455,-2.116927941074823,detected,1441.283569917537,933.2777502128955,22.407443230983972,4.540751773446573,22.86289436658945,34.94194703595475,-9.417238840403584,36.18872821806084,37.20643375895731,35.78042099640726,237.8845382509919,-7.420931530280281,-10.599889462264281,34.60153744313179,1.8186543468991005,1.1776375397008145,0.04566401036979286,4.566401036979286,0.04514879620997762,-0.013375254841973857,-1.3375254841973856
833,13.897216666666669,1441.3357519788915,933.038258575198,13435.5,1412.5708812260536,890.0191570881226,-2.1601731367973125,detected,1441.905024764635,933.1264920691154,26.695624030006456,1.233287535447289,26.724096626388473,34.97133228652836,-9.207071861749766,36.163023299528,37.02684730713155,35.28959610965117,237.67294333589314,-6.481415840701946,-10.920908212056116,34.47459960588448,1.8194385170531675,1.1774466776897357,0.04563157514136026,4.563157514136026,0.04452945881343997,-0.01378032581962917,-1.378032581962917
834,13.9139,1441.1863517060367,934.0505249343832,13723.0,1413.1538461538462,889.8178137651822,-2.135663448280785,detected,1442.486951996393,933.0279684148247,31.202673241927187,-2.5503643578344963,31.306727324972684,34.936402610620014,-8.950693247320391,36.06476309334312,36.91779556091741,34.81846911725218,237.5054436721524,-5.635498344012765,-11.219120872001106,34.27533316888973,1.8201728100900858,1.17732235762123,0.045507587499486586,4.550758749948659,0.0439349768041037,-0.014156619396846823,-1.4156619396846823
835,13.930583333333333,1441.7263714474554,934.021150033047,13728.5,1415.1877729257642,888.8777292576419,-2.1022511973257734,detected,1443.0484179566806,932.9191136834886,37.43856163123655,-7.394770283189018,38.16187265526986,34.79965819158807,-8.660869916718935,35.86121690581191,36.87735908979318,34.37365784980127,237.85716762336187,-3.3617123918944007,-11.181151536466896,34.07357815499062,1.8208812844879252,1.1771850014933611,0.04525074688430525,4.525074688430525,0.04337370075684703,-0.01410870856336517,-1.4108708563365169
836,13.947266666666668,1443.0586419753083,933.143827160494,13308.0,1418.7790262172284,887.12734082397,-2.056301760959364,detected,1443.630330475109,932.8436138654865,40.48873409087719,-9.402489445180663,41.566144830240084,34.59300252030227,-8.331976535018176,35.58226603730758,36.92059941185933,33.961439789505555,237.96652386066896,-4.802054061215482,-11.28529980969676,33.74521691373447,1.8216155589591283,1.1770897335842103,0.04489875840669727,4.489875840669727,0.04285355178486506,-0.014240125942835028,-1.424012594283503
837,13.96395,1444.7300257731958,934.0431701030928,13689.0,1413.5105485232068,889.6033755274261,-2.183206031847593,detected,1444.2271559226538,932.7874815087928,44.42589688987891,-13.164611228296735,46.33537852723715,34.392656619163084,-8.02055718336325,35.315494713443584,37.09443576436631,33.587763540317,237.9016806146023,-4.9160296502684675,-11.480839450524272,33.39722282415931,1.8223686510065034,1.1770189041120414,0.04456213843967645,4.456213843967645,0.0423820360130183,-0.014486863659967536,-1.4486863659967537
838,13.980633333333332,1444.8673723536738,932.6419676214196,13564.0,1417.6091549295777,887.9154929577464,-2.118129975407693,detected,1444.7865275195272,932.7336225479348,43.57603875089262,-11.767830224963518,45.13704666261252,34.11912477229126,-7.833367931993878,35.006804029862096,37.16405970632155,33.25825388536173,237.53628145020866,-3.7280507191529786,-11.704707631079444,32.99206188852282,1.8230744826744825,1.1769509432781513,0.04417262338152946,4.4172623381529466,0.041966250959446984,-0.014769347168554504,-1.4769347168554503
839,13.997316666666666,1445.496259351621,932.5554862842891,13673.0,1419.8,887.121568627451,-2.0855181453103437,detected,1445.3343225895994,932.6729456284731,42.414399501132266,-10.62564953261699,43.72511535755684,33.873521585762816,-7.7978429143300305,34.75948530599535,37.17836424157723,32.97820065758383,237.51369580611998,-3.551002871401692,-11.615765068992966,32.76119382134402,1.823765706737665,1.176874379341922,0.04386054928201306,4.386054928201306,0.041612871492219344,-0.014657116806300273,-1.4657116806300272
840,14.014,1446.3579201934704,932.0888754534462,13624.0,1417.9841897233202,888.0632411067194,-2.1432827009985878,detected,1445.878879770183,932.5934775434629,40.751886041699436,-9.050648110115162,41.74482539391905,33.69926800522156,-7.691107692976195,34.56578946925279,37.28755539364208,32.7525235982527,237.491410875652,-3.16360350133061,-11.624869069933137,32.552361216041135,1.8244528451358777,1.1767741041557893,0.04361613813154927,4.361613813154927,0.041328105486754196,-0.014668604504647492,-1.466860450464749
841,14.030683333333334,1446.2507797878975,932.3955084217092,13818.5,1407.0112359550562,893.8764044943821,-2.3654593026954047,detected,1446.3906941852194,932.5405838231957,35.08563847451023,-6.6691667529269125,35.71386022740161,33.44006281726348,-7.6942887496560335,34.313843861998485,37.392526152238396,32.58570846145721,237.25339342572926,-1.79863522054963,-11.617111035959248,32.287499311092596,1.825098667741602,1.1767073612910988,0.043298225693373486,4.329822569337349,0.04111761320057692,-0.014658815187330282,-1.465881518733028
842,14.047366666666669,1447.7074097530085,931.7365421152628,13654.5,1417.307116104869,888.7715355805243,-2.1865777077101924,detected,1446.8666121039175,932.5165818042848,29.067562111770258,-5.328740496956698,29.55196511918502,33.15292224193104,-7.669250841594586,34.028424319248536,37.51062488520385,32.48171359910016,237.41589944041908,-1.8036580818819856,-11.391949696131553,32.064889579907074,1.8256991950838077,1.176677074831905,0.0429380748507868,4.2938074850786805,0.040986389399495476,-0.014374699932027196,-1.4374699932027197
843,14.06405,1447.9251612903226,932.2651612903226,13289.5,1419.9563492063492,887.3611111111111,-2.1278532860613346,detected,1447.4007984673578,932.4358623196804,26.191164033840778,-0.8776387132693344,26.205864289478868,33.01782435918574,-7.851399350389982,33.93849138033898,37.630202024298754,32.44385073737992,237.56729460040685,-1.3380921641097347,-11.080992055734534,32.078541304649306,1.8263732472774232,1.1765752205926567,0.04282459480168957,4.282459480168957,0.040938612917829555,-0.013982324360548309,-1.3982324360548308
844,14.080733333333333,1448.0991464215365,933.1694024950756,13613.0,1421.258064516129,887.2620967741935,-2.099874927130003,detected,1447.8769604293934,932.374648316593,23.29232196198518,-1.1731655789658362,23.321847693878105,32.68470398604251,-8.05698824312206,33.6631093959698,37.65322083182323,32.474648079157554,237.60992957104594,-0.5605343049942165,-10.705069079068476,31.91561420711502,1.826974082560749,1.1764979789483825,0.04247710964791142,4.247710964791142,0.04097747391691805,-0.013507973601348236,-1.3507973601348235
845,14.097416666666668,1449.4472681067346,932.1397712833544,13640.0,1420.7413127413126,887.2664092664093,-2.1399040267168483,detected,1448.348488542071,932.3527700201771,20.8795650412535,-1.8660590035410678,20.962786372918842,32.72225989702799,-8.423209297556692,33.789003353740576,37.659763810230935,32.57570756941172,237.86852446496164,0.7927453753291013,-10.270762467459022,32.190187728190196,1.8275690707155472,1.176470372265208,0.04263596637695972,4.263596637695972,0.0411049937784375,-0.012959952640326842,-1.2959952640326842
846,14.1141,1450.5830437804032,928.1487143849896,13796.0,1423.8203125,886.24609375,-2.1391787166985825,detected,1448.8304740530266,932.2356868234134,19.018393574047877,-2.54630456927066,19.188094253908442,32.82834657007599,-8.80323616639934,33.988193619644186,37.562920374485664,32.747570482101686,237.80857174951768,0.9176215193739562,-10.03935096742618,32.47166053159679,1.8281772543255856,1.1763226332156638,0.04288731056106522,4.288731056106522,0.04132185549792011,-0.012667950747540922,-1.2667950747540921
847,14.130783333333332,1448.705176767677,932.373106060606,13645.5,1421.1892857142857,887.4928571428571,-2.1207894680239128,detected,1449.279218325714,932.085109214369,20.2281411846252,-4.675271679916705,20.761403157449678,32.77730476026177,-9.228570728333137,34.0516992973174,37.43112835421158,32.98960592346379,237.94927412562618,1.457286272967929,-9.571988652409292,32.67866671504628,1.8287434931554754,1.1761326299234942,0.04296744390828694,4.296744390828694,0.041627262994906995,-0.01207821911975936,-1.207821911975936
848,14.147466666666666,1448.9819238218206,932.281471917366,13533.0,1420.903474903475,887.7799227799228,-2.133666014759269,detected,1449.716101400233,931.9234702270488,24.526353721085343,-10.044308872141528,26.50339917012114,32.78748057783659,-9.57011939495391,34.15561546621118,37.38741835831684,33.2999351913653,238.19600625962602,1.2072278813218462,-9.146272220438789,32.90823259224528,1.8292947651737956,1.1759286690562132,0.04309856841162294,4.309856841162294,0.04201884566733792,-0.011541037502130964,-1.1541037502130964
849,14.16415,1449.659249841068,931.8684043229498,13612.0,1421.451851851852,887.6037037037037,-2.1381516348320213,detected,1450.2422620937023,931.7502983276096,28.791139726023175,-14.199370570339397,32.10220944603674,33.174503779301766,-9.906689346692392,34.622105580319285,37.29022690037047,33.67540137225872,238.25855276518746,1.2512362563614825,-9.027721180400162,33.42439894902719,1.8299586903390566,1.1757101556184348,0.04368719947043443,4.368719947043443,0.042492620028086715,-0.01139144628441661,-1.1391446284416609
850,14.180833333333334,1450.0413703943116,931.671622495152,13456.5,1425.6108949416343,885.84046692607,-2.060536062906899,detected,1450.7441045146527,931.5866924074375,33.47822597247705,-14.0453544326258,36.30514557748416,33.558258173330735,-10.35665407621149,35.12003666402168,37.227911053866826,34.11158870620514,238.32915680524707,0.9830979998691884,-8.805056967821386,33.99835212294336,1.8305919299869435,1.1755037128169559,0.04431550367699897,4.431550367699897,0.043043014140321946,-0.011110481978323516,-1.1110481978323516
851,14.197516666666669,1450.1188498402555,932.0594249201278,13492.0,1430.1969696969695,884.0189393939394,-1.9639014934129904,detected,1451.29949379052,931.3927972918351,40.257476987615064,-14.049014084102055,42.63847147991652,34.32342294707628,-10.773667899394747,35.97456438666536,37.2447758145442,34.60289101770436,238.38785579312912,-0.0406148449242282,-8.816159460640119,34.8775660729773,1.8312927366441896,1.1752590502105176,0.04539377209673862,4.539377209673862,0.043662953965557555,-0.011124491432984378,-1.1124491432984378
852,14.2142,1452.126733921816,931.1538461538462,13544.0,1423.965384615385,886.85,-2.137011161257791,detected,1451.8764990292752,931.180519532925,42.58107799486879,-13.570759244508508,44.69131581949129,34.78693404660197,-11.16363188533446,36.53433258229705,37.31395986962379,35.142623858674355,238.32542011692345,-0.3762044060071703,-8.765670968225612,35.467174538024565,1.8320208189643854,1.1749911918396532,0.04610010420479123,4.610010420479123,0.04434400486898973,-0.011060783556120647,-1.1060783556120648
853,14.230883333333333,1452.6875383670963,930.5070595457336,13631.5,1423.9352226720648,886.8866396761134,-2.1535756720272143,detected,1452.4442319723632,930.9276336318167,43.50539872580566,-13.338102349069004,45.50411731443182,35.346374055726,-11.426292864934933,37.14735963056545,37.45278161575008,35.723171686001784,238.20970325866418,-0.435763048563119,-8.908746517533578,36.06328552709662,1.832737201226957,1.1746720929108097,0.046873639912385426,4.687363991238542,0.04507655733249437,-0.01124132052685625,-1.124132052685625
854,14.247566666666668,1453.40999359385,930.0723894939142,13530.5,1424.2170542635658,886.8837209302326,-2.165191334985194,detected,1453.036458800846,930.7184710284864,42.85445235357247,-11.29410518459531,44.317726684085635,35.93823550664385,-11.937153671471213,37.868884444980885,37.77578986154134,36.33615976086642,238.08553295455394,-0.07818449527950519,-8.866132149353815,36.8163565527268,1.8334844906004368,1.1744081653356295,0.04778408131858787,4.778408131858787,0.04585004386229202,-0.0111875484534433,-1.1187548453443301
855,14.26425,1454.45317616241,930.1303208906352,13354.0,1425.82683982684,885.8744588744589,-2.14494489917113,detected,1453.6510623471258,930.4802708990949,40.107093933792385,-10.516148943060216,41.46285533349907,36.35768750670534,-12.193769969141563,38.34800473160991,38.098910704924,36.97264045868849,238.00653792991795,1.3402885288570199,-8.921479899428995,37.29579953962189,1.8342600155799698,1.1741075973490156,0.04838864950360872,4.838864950360873,0.04665317408036403,-0.011257387885714822,-1.1257387885714822
856,14.280933333333332,1454.8741302972803,930.7001897533208,13411.0,1428.1828793774318,885.5408560311284,-2.1046061094081767,detected,1454.266747457591,930.242930837642,35.55375735318967,-10.210969126241025,36.990992855376774,36.652587652662355,-12.509407398280185,38.72850959038114,38.49286986590499,37.62328494232502,238.10429421267742,2.262227761185652,-8.74567204440887,37.72811518726968,1.8350369053092632,1.1738081146216304,0.04886878181751563,4.886878181751563,0.047474176583375424,-0.011035548321020657,-1.1035548321020656
857,14.297616666666666,1454.8825438027254,930.6502271252432,13643.0,1429.824267782427,884.979079497908,-2.0726159569221,detected,1454.872705131944,930.0069728696099,29.837623467541107,-8.727985212230806,31.08796390977832,36.698701626641686,-12.549746504906244,38.785188389624714,38.78348888912556,38.278573137790836,238.12638469660087,2.7978836505575706,-8.721219045201426,37.79194592481704,1.8358015206712228,1.1735103758607066,0.04894030080709744,4.894030080709744,0.04830103865967298,-0.011004692801515996,-1.1004692801515996
858,14.3143,1455.8811817597946,929.931278098908,13608.5,1430.448905109489,884.4817518248175,-2.080958672157092,detected,1455.501737839889,929.7359713993394,28.643497272883906,-9.912708512655172,30.310257769913044,36.77011187679839,-12.732780331893984,38.91227084625795,39.08163173316427,38.928977115439174,238.1449157901477,2.627854975983106,-8.591217657014795,37.952019729947615,1.8365952527948128,1.1731684181695134,0.049100657219252934,4.910065721925293,0.049121737685096756,-0.01084065319497135,-1.084065319497135
859,14.330983333333334,1456.4061107574794,930.2176957352006,13668.0,1428.412,885.548,-2.130610950628696,detected,1456.091340942501,929.5231013782164,28.07320069728121,-10.626834322612922,30.017231802917706,36.81677817734034,-12.871539362116602,39.00194457857199,39.337309487463315,39.56513488014023,238.08980966593043,3.2581623988799975,-8.534593160014754,38.0566998109798,1.8373392314731873,1.1728998124646266,0.04921381019378169,4.921381019378169,0.04992446041658073,-0.010769202725570668,-1.0769202725570668
860,14.347666666666669,1456.3087038196618,929.835942391985,13528.5,1421.12,888.6444444444444,-2.2777647301846278,detected,1456.6737698277484,929.2928378093659,28.458321248329867,-14.459174319220665,31.920898644410897,36.88199904219277,-12.887140300662542,39.06866056671599,39.52688978959333,40.17801294493305,238.1697046869968,3.9086840876159834,-8.50266047328136,38.13220428133375,1.8380741575113546,1.172609259065446,0.04929799440595078,4.929799440595078,0.05069780813240764,-0.010728909114550612,-1.072890911455061
861,14.36435,1456.5171957671955,929.4920634920636,13506.5,1427.352226720648,886.1052631578948,-2.1626256673192588,detected,1457.2647977828174,929.0417429175868,31.46416865002493,-18.497301232913742,36.498548762085925,37.14772506950663,-13.01944317894658,39.363172871727066,39.66862648068391,40.75905683526062,238.20561206932052,5.798650106402545,-8.506314945603444,38.433084505093696,1.8388199341108107,1.1722924200852831,0.049669618765586204,4.966961876558621,0.05143098654291561,-0.010733520436092674,-1.0733520436092674
862,14.381033333333331,1457.292600135777,929.0230821452816,13565.0,1436.2068965517242,882.2911877394636,-1.994652576308736,detected,1457.921803021084,928.8504161632077,32.66195225225056,-19.213785430029702,37.89423010801931,37.46671339423593,-13.135213392244776,39.702499208810835,39.68334193364798,41.30032894053358,238.28948250297182,5.395234740775236,-8.519228641650919,38.77771507937129,1.8396489628026298,1.172050998313196,0.05009779079976131,5.009779079976131,0.05211397973568906,-0.010749815320695166,-1.0749815320695166
863,14.397716666666668,1457.9776168531928,928.523370638578,13596.5,1429.8333333333333,884.7898550724638,-2.142617106914329,detected,1458.5322824305417,928.6102410580932,32.854522100346,-20.229563390009844,38.583090303817684,37.95002620775402,-13.404953654887507,40.24794742168722,39.671212764865146,41.794633073815184,238.5077526736411,5.3960364596685775,-8.393906229496793,39.36292176489588,1.8404192838240276,1.1717479382436506,0.05078605352894287,5.078605352894288,0.0527377073486627,-0.010591679784853997,-1.0591679784853998
864,14.4144,1458.703794369645,928.9461444308446,13574.0,1430.996138996139,884.5289575289576,-2.128535726668388,detected,1459.1802306003162,928.3435901060342,37.90094121800939,-25.748085982297198,45.81970402526377,38.337246311083774,-13.553065140007895,40.662390847145275,39.53141400450635,42.23562489215484,238.70230569115088,6.143704197742841,-8.334794390062095,39.79901043846936,1.841236884038254,1.1714114701653429,0.05130901053267543,5.130901053267543,0.05329416390177267,-0.010517090713012107,-1.0517090713012107
865,14.431083333333332,1459.3907692307691,928.0110769230768,13527.0,1438.0441176470588,881.3345588235294,-1.9997305470308493,detected,1459.864025659658,928.0711666066884,42.79401965936586,-24.845673017421404,49.48369010385961,38.69744214356969,-13.793115421433203,41.08213798579502,39.29336508303464,42.61790709037866,238.89666115177144,5.946120860067344,-8.180273969768281,40.25947316177192,1.842099716920704,1.1710677181156952,0.05183865991898426,5.183865991898426,0.0537765389153043,-0.01032211226469184,-1.0322112264691838
866,14.447766666666666,1460.7053513862024,925.6009026434558,13865.5,1431.5451263537907,884.3357400722022,-2.1859746476991133,detected,1460.5310676242334,927.7905816246271,45.23531938493352,-23.124887002075184,50.80348923760737,38.98615998341723,-13.874832567412989,41.38153753821077,39.0763920471594,42.93710808875533,238.61729015286807,3.9717049933705693,-8.457066698844045,40.50814327857611,1.8429414102513988,1.1707136676651446,0.052216451152316434,5.221645115231643,0.05417931620032219,-0.010671377537973559,-1.0671377537973559
867,14.46445,1460.2969993876302,927.4537660747092,13806.0,1431.6466431095407,884.1519434628975,-2.155313074561452,detected,1461.2558210052684,927.4784626635717,46.812163894703644,-20.42707419250746,51.0748866721288,39.305621033736244,-13.960640676564458,41.71128543868955,38.913659476452075,43.18994286193967,238.57947057352177,3.5796456047294383,-8.577117733596527,40.81990181678368,1.8438559255586986,1.1703198267048225,0.052632536831154014,5.263253683115401,0.05449835061443492,-0.010822861493497196,-1.0822861493497196
868,14.481133333333334,1461.0025300442758,926.7545857052498,13767.5,1435.1948529411766,882.6838235294117,-2.1005575743804283,detected,1461.9661245828852,927.1832285530381,47.66740557651883,-17.99424393600566,50.950705286824196,39.64375263844719,-13.919643667458145,42.01646823672114,38.74327758118719,43.37425466059787,238.58939095784237,3.923761114611468,-8.78126224402699,41.088599836074025,1.8447522076755651,1.169947291549575,0.053017625535294814,5.301762553529481,0.05473092070737902,-0.011080457090254878,-1.1080457090254878
869,14.497816666666669,1462.8096862210095,925.1855388813096,13808.0,1436.758064516129,882.4032258064516,-2.1177593453304997,detected,1462.7159732835446,926.9302531826205,49.537548698380306,-18.22352279373149,52.78319348105087,39.69682475868427,-13.729568766540973,42.00403497804545,38.66834380382976,43.489036657815056,238.57484312277882,4.975615175518736,-8.981560728494133,41.032554408874404,1.8456983890013183,1.1696280797257042,0.053001936880814456,5.300193688081445,0.05487575603509787,-0.011333199657405847,-1.1333199657405848
870,14.5145,1463.5091911764705,926.249387254902,13572.5,1438.0412844036698,881.7706422018349,-2.090814530066874,detected,1463.5073819568129,926.6460424473081,52.66127141009292,-14.831606389978106,54.71001786359341,39.788739833001884,-13.602220789280445,42.04954491904334,38.71697824066539,43.53443295210038,238.62731435100903,5.0966462770425505,-9.100560348881672,41.0529417853947,1.8466970119328872,1.1692694541921869,0.05305936267387173,5.305936267387173,0.05493303842536326,-0.011483356907106211,-1.1483356907106212
871,14.531183333333331,1464.1468110709989,926.214199759326,13690.5,1437.046692607004,881.9105058365759,-2.119766971250719,detected,1464.2601428454764,926.3639210401282,51.81645223351461,-12.618135551994783,53.330685977930344,39.759246727222276,-13.411192628065086,41.960192897831185,38.907240306064075,43.51171882079221,238.74248790200556,4.890069126001307,-9.166014839786918,40.94681867959962,1.847646867943819,1.168913465034862,0.05294661564395103,5.294661564395103,0.054904377060936545,-0.011565949324652262,-1.1565949324652263
872,14.547866666666668,1465.1469583048531,926.2611073137388,13705.0,1434.3117408906885,883.5263157894736,-2.1958383421796177,detected,1464.9978536595836,926.1398171849058,53.120387310544174,-8.763639719633602,53.83843356894555,39.50988264491445,-13.329107186332596,41.69767289669359,39.162300295051054,43.42326062779969,238.81385168267593,5.2006860768251455,-9.056104603043655,40.70236964131679,1.8485777333243958,1.1686306841449916,0.05261536012201084,5.261536012201084,0.05479275788996807,-0.011427261328761712,-1.142726132876171
873,14.56455,1465.6775732788003,926.0804362644852,13751.5,1438.1538461538462,881.9757085020243,-2.128715007281143,detected,1465.7083018568815,925.9033105713038,51.407549338153785,-9.437181120096056,52.266590824810955,39.239012231833684,-13.119330269012007,41.37410914614849,39.38713771541946,43.27245635818005,238.87956764155211,5.3337709396030935,-9.049004790390903,40.37242152684045,1.8494741979266645,1.1683322530868188,0.052207077786938165,5.220707778693816,0.054602468590763474,-0.011418302574625746,-1.1418302574625747
874,14.581233333333332,1466.9050505050504,925.114478114478,13795.5,1438.6544715447155,881.9878048780488,-2.1507207755365143,detected,1466.416624856377,925.6665909895045,46.70531535949931,-8.089475105990232,47.40069715015506,38.93796728342958,-12.929443258291437,41.02847546686094,39.67734871853678,43.063658373169964,238.84216190033828,5.9248975978075755,-9.082095148509223,40.010640420371125,1.8503679808913276,1.1680335532990593,0.05177094696133873,5.177094696133873,0.05433900110179176,-0.011460056969727727,-1.1460056969727728
875,14.597916666666666,1468.2792297111416,925.25447042641,13709.0,1437.2549019607843,882.5764705882353,-2.199374689601354,detected,1467.0802724560249,925.4424907495666,44.116641225451986,-12.419037716172625,45.83132695887135,38.73014352427334,-12.76196322007453,40.7785694040552,39.98041611868061,42.80208061564246,239.02115526645952,6.917164184898482,-8.993675733849525,39.77443298697938,1.8512053911117035,1.167750776971062,0.05145560808082675,5.145560808082675,0.05400893453077913,-0.011348486730409496,-1.1348486730409497
876,14.6146,1467.9133597883597,925.2056878306878,13846.0,1440.4408163265307,881.5836734693878,-2.1328300158931675,detected,1467.7026848078178,925.2445673050128,39.81372054522399,-11.155982021591626,41.34716772064643,38.50896940906676,-12.498150826399366,40.48634953941719,40.150557281782454,42.493693086022205,239.41765017823892,8.797221542639848,-8.832805512581885,39.51108763125573,1.8519907694735873,1.1675010312997007,0.05108687639043179,5.108687639043179,0.05361980200128985,-0.011145495914929825,-1.1145495914929824
877,14.631283333333334,1469.31906614786,925.9156939040208,13494.0,1442.5688405797102,880.4963768115942,-2.103059685274049,detected,1468.3785080707496,925.0387226419965,34.769889344508556,-9.673397315288184,36.09043946322619,38.40391779859037,-12.362192016071786,40.34457452648516,40.28547603307426,42.145106876097664,239.6827817144087,8.505669557697537,-8.714214187166997,39.392222136143744,1.8528435433069397,1.1672412903999956,0.05090798047506014,5.090798047506015,0.053179945584981285,-0.01099585386393312,-1.0995853863933118
878,14.647966666666669,1470.0162232316677,923.946138870863,13800.0,1445.3970588235295,879.1544117647059,-2.0733603526247912,detected,1469.0352254882346,924.8183880401316,32.66380334828182,-10.194309170734641,34.217656095117775,38.357806494871404,-12.26498418639991,40.27097163206568,40.35671971010525,41.763453311225234,239.8055432454854,8.568973163315448,-8.690620711944002,39.32205828579894,1.8536722088179618,1.1669632656657813,0.05081510616033525,5.081510616033525,0.05269836379965329,-0.010966082917279497,-1.0966082917279498
879,14.66465,1468.764817150063,925.783102143758,13687.0,1446.4924812030076,878.6954887218045,-2.0126097526328715,detected,1469.661868953277,924.5822894131478,30.844614706622906,-8.656466028363866,32.03630222888147,38.49232400459811,-12.142017022759742,40.36195714600504,40.37897353091999,41.35626073311547,239.94083098801363,8.3063535854296,-8.771556837350158,39.39730162466819,1.8544629261240089,1.1666653494172212,0.05092991437981709,5.092991437981709,0.05218455613011416,-0.011068210520315657,-1.1068210520315658
880,14.681333333333331,1470.4261213720315,924.2387862796834,13773.5,1445.4310954063603,879.1978798586572,-2.077424761325793,detected,1470.3066153097293,924.3668788224297,32.58046778226435,-9.954458804733349,34.067258930038655,38.691166077560226,-12.021855214017213,40.515815865266,40.33764952295913,40.93133209914015,240.15280993742755,7.915876005950446,-8.828922194770538,39.54214799561132,1.8552764861952422,1.1663935379462838,0.05112405787415268,5.112405787415268,0.05164836857935666,-0.011140595829363456,-1.1140595829363455
881,14.698016666666668,1470.4808168316831,924.825495049505,13792.5,1445.6244725738395,879.1729957805907,-2.0693827278039207,detected,1470.9779014600072,924.1879801349666,34.62230039556334,-13.33963014314827,37.10322650439737,38.71904479589446,-11.815330176401845,40.48168051210169,40.334275723213814,40.4966258740415,240.3505422527428,8.255943955141994,-8.885682511190646,39.49444395600722,1.856123534965309,1.1661677982775605,0.05108098487331444,5.108098487331444,0.05109984337418486,-0.011212217679735832,-1.1212217679735832
882,14.7147,1470.838059231254,924.6635160680528,13617.0,1444.1299212598426,879.6456692913385,-2.1062591742600136,detected,1471.6242841543417,924.0290664849233,38.29035767704863,-15.56513194964441,41.3330959842855,38.678964420090864,-11.615212039595471,40.38533693477645,40.41044267017495,40.06014171700259,240.6679875042913,8.614369081180243,-8.8215576463915,39.410094646255416,1.8569391598162042,1.16596727632167,0.05095941569056965,5.095941569056965,0.05054907472176983,-0.011131303023837856,-1.1131303023837855
883,14.731383333333332,1472.0543825975687,923.5617402431222,13867.5,1449.03187250996,877.5099601593625,-2.0343852183521247,detected,1472.2922634592767,923.8625406135359,41.98414168794034,-12.602919247606906,43.83493728562584,38.63287734117815,-11.496410462434332,40.30715401984226,40.45297077842093,39.62981136321225,240.99240072253602,8.848454336778957,-8.679824127413108,39.36149537678241,1.8577820359107593,1.165757149039162,0.05086076217014796,5.086076217014797,0.05000607112077256,-0.010952459466767329,-1.0952459466767328
884,14.748066666666666,1472.9044303797468,923.9943037974684,13657.5,1448.2627450980392,877.9921568627451,-2.062566281750907,detected,1472.9662052251206,923.7266640327073,44.70299375677723,-15.914425180033277,47.451307459640574,38.510019654786845,-11.348798338025727,40.14743874183314,40.4951909359807,39.21339404290277,241.2476357668445,8.546128767647414,-8.574710208052986,39.22105534502044,1.8586324356152943,1.1655856959403248,0.050659228696319426,5.065922869631943,0.04948062339798457,-0.010819823606376008,-1.0819823606376007
885,14.76475,1474.181647940075,923.6953807740324,13621.0,1454.262962962963,875.3222222222222,-1.9614091252181332,detected,1473.6227960008682,923.5887740171546,46.287024053773166,-14.520746259418047,48.51124269367853,38.212174483502054,-11.20925386464187,39.82232603652873,40.59240585735748,38.818374948023425,241.17184748010493,7.105262096502337,-8.605217018006417,38.88145947662725,1.8594609413260168,1.1654117022298482,0.05024899184420029,5.024899184420029,0.04898217659056584,-0.010858318003793587,-1.0858318003793588
886,14.781433333333334,1474.1002570694088,922.4775064267352,13497.0,1448.3809523809523,878.2930402930403,-2.097942077343719,detected,1474.251148024157,923.4645375685445,45.16782101392391,-13.19757885968852,47.056435722476515,37.85833299325084,-11.152023773192608,39.46670763144195,40.686004267619126,38.451864794586854,241.26486374281762,6.55447524311286,-8.422152980757204,38.55759783018699,1.860253814541523,1.165254936995009,0.049800261995510346,4.980026199551035,0.04851970321083515,-0.01062732237319521,-1.0627322373195212
887,14.798116666666669,1476.3003851091144,922.4062901155328,13638.0,1449.463503649635,877.970802919708,-2.114116315406088,detected,1474.8751344994046,923.3239806170122,43.5386334011032,-9.404311471368146,44.542717392253536,37.49466647993438,-11.075569349201528,39.09626901445312,40.824303513744695,38.12049854564103,241.6080970321779,7.713117184968021,-8.085356759970239,38.2510817744347,1.8610411791790595,1.1650775780656306,0.049332831563978705,4.93328315639787,0.04810157545191297,-0.010202342914788946,-1.0202342914788947
888,14.8148,1473.1813852813852,918.038528138528,14389.0,1451.5593869731802,877.3371647509579,-2.059118761968993,detected,1475.4860369695584,923.1842371230179,36.39028114106577,-5.959135914543822,36.87497609997616,37.137599971958934,-11.081179670155398,38.75556572364167,41.02719617243016,37.83033191299551,241.7694016531952,7.283416161828792,-7.803793654269082,37.96175284626751,1.8618120340309887,1.1649012455810952,0.04890292204875921,4.890292204875921,0.04773543459053062,-0.00984705823882534,-0.984705823882534
889,14.831483333333331,1476.502227880331,922.3558243157224,13626.5,1450.040590405904,878.1549815498155,-2.1102359619316933,detected,1476.0811165978519,923.0775726450395,29.752133362572295,-4.432011234876427,30.08042824180464,36.81730018889808,-11.051599812330984,38.44023220027877,41.15522813613827,37.58673532935528,241.91954245796956,7.05267460147417,-7.579619360682301,37.68555189934889,1.8625629231518637,1.1647666531798606,0.04850502485839593,4.850502485839593,0.047428057197924645,-0.00956418846773792,-0.9564188467737921
890,14.848166666666668,1477.382911392405,922.709493670886,13721.5,1451.5882352941176,877.436974789916,-2.0886871215678418,detected,1476.6374983767803,922.9633491963102,25.069106263976664,-0.8097767563656362,25.082181469515447,36.65011789150114,-11.207871314185644,38.325546582616106,41.282212660857574,37.394286565856014,242.37832177958398,7.554114037371011,-7.061651576807709,37.66935887248476,1.8632649821789027,1.1646225226451865,0.04836031114525692,4.836031114525692,0.0471852196414587,-0.008910601358747898,-0.8910601358747898
891,14.86485,1477.3721945137156,922.964463840399,13721.0,1452.188,877.36,-2.075350713959916,detected,1477.2145509890825,922.8457078980211,21.52998297384829,-1.4397574737756713,21.578069154525625,36.42110654902702,-11.488579218670157,38.19010938344166,41.405255816284495,37.2566648564607,242.40794312282168,6.929414690829488,-6.6873216664477475,37.600055633585136,1.863993124276445,1.1644740793665882,0.04818941247121976,4.818941247121976,0.047011564487647574,-0.008438260777852048,-0.8438260777852048
892,14.881533333333334,1478.5085932527054,922.9121578612348,13655.0,1454.5830115830115,876.2239382239383,-2.0443577087496765,detected,1477.7400562046525,922.7178272961056,17.520770861448,-3.449702206135271,17.85715142150001,36.20514618133849,-11.698253148206213,38.048150240604414,41.51955189675128,37.1765510096728,242.51878242457224,6.25875677908913,-6.3289001128389675,37.518085773308215,1.8646562223402556,1.1643127158310482,0.048010284215273716,4.801028421527372,0.046910474460154956,-0.00798599383323529,-0.798599383323529
893,14.898216666666666,1477.6597402597404,922.5961038961038,13644.5,1456.856,875.388,-1.9858740591366209,detected,1478.2763128019203,922.5901860248232,18.777261317222383,-5.791424414209359,19.650092603363383,35.89948738394352,-12.109636984393621,37.88689090336807,41.61309393759371,37.15553925661623,242.61112832197242,6.545685058726821,-5.762541454633359,37.446089492860885,1.8653328868163033,1.164151654289998,0.04780680240172627,4.780680240172627,0.04688396120708673,-0.007271345684079949,-0.727134568407995
894,14.9149,1477.751750477403,922.8007638446848,13827.5,1453.857142857143,876.8253968253969,-2.050100154604744,detected,1478.8069791580556,922.3722390715075,22.20217805835864,-7.2175558132194055,23.34587377786488,35.94269660617673,-12.572851523163388,38.07826197119795,41.56654531547034,37.19406725020894,242.9076094742196,5.444107084350121,-5.175988770801219,37.72483498958901,1.8660024973603226,1.1638766423615237,0.04804828008983969,4.804828008983969,0.04693257697187248,-0.00653121611457567,-0.6531216114575671
895,14.931583333333334,1478.588761174968,922.8984674329502,13661.0,1452.7439024390244,877.260162601626,-2.086065866872549,detected,1479.32374267281,922.1722176302159,26.65494305172615,-10.118668470939838,28.510935458443942,36.08758313315221,-12.81409192791941,38.29509901187541,41.39594537268711,37.291370510192685,243.13256169720384,5.002503743524298,-4.878114296722325,37.98313585313164,1.8666545648868267,1.1636242493756668,0.048321891497634585,4.832189149763458,0.047055357110653236,-0.006155349270312083,-0.6155349270312083
896,14.948266666666669,1478.6128170894526,921.477303070761,13665.5,1455.571428571429,876.1978021978022,-2.041514886640898,detected,1479.8561054004774,921.9865614387974,30.893324635542285,-12.320160889046747,33.25934261781193,36.17532005634146,-13.12386467588195,38.482328479571024,41.23862949990723,37.445466642508535,243.2328772187098,4.574642781870997,-4.5745394106648245,38.20946472262962,1.8673263159627476,1.1633899828880725,0.04855814319188773,4.855814319188774,0.0472498001798215,-0.00577228947717959,-0.577228947717959
897,14.96495,1479.4241816967267,921.9886439545758,13539.5,1455.820945945946,876.1047297297297,-2.0459069430681747,detected,1480.3979080273928,921.7627484958996,35.28117122348476,-12.768000321512773,37.52043276817312,36.34905482049632,-13.205089994849336,38.67335242923112,40.93243828072589,37.653172946138376,243.23268834270394,3.112766957758087,-4.580388536725222,38.401148797505435,1.868009978583461,1.1631075690799995,0.04879918287600142,4.879918287600142,0.047511890152856,-0.005779670077886716,-0.5779670077886716
898,14.981633333333331,1479.7815013404825,921.8545576407508,13647.5,1459.193308550186,874.7843866171004,-1.983117480673363,detected,1480.9490477071226,921.5808985200425,44.8330451727943,-11.652320336354023,46.322548598785275,36.472968925047965,-13.515397471947562,38.89657351274327,40.59428612873055,37.91015879396287,243.55989764669607,0.8307065769303088,-4.138335518418243,38.67580135135198,1.8687054229742874,1.1628781053880664,0.04908084985835113,4.908084985835113,0.04783616251604148,-0.005221874471190212,-0.5221874471190212
899,14.998316666666668,1481.2736093143596,921.4896507115136,13690.5,1459.3775510204082,874.8605442176871,-2.009812490434949,detected,1481.5406310587664,921.3187635890854,49.76600929332517,-11.841629869953522,51.15544818453165,36.60335090556502,-13.706095695660622,39.08532149969518,40.29752476249226,38.21103176297745,243.65376098501042,-1.0830212421557903,-3.9619430394557895,38.88399881810823,1.8694519003896106,1.1625473357590983,0.049319017665230516,4.931901766523052,0.04821581295012928,-0.004999297210669766,-0.49992972106697664
900,15.015,1482.4032974001268,921.3176918199111,13662.5,1460.5891472868218,874.0038759689922,-2.002803354590113,detected,1482.157291487215,921.0652778926395,49.68071933761712,-11.415618947683924,50.975388471906754,36.87996212044407,-13.870660568191342,39.40211708275797,39.97113259073343,38.54945425502884,243.4225317192738,-2.599546519596418,-4.095417538353203,39.18870227233757,1.8702300208040568,1.1622274799907124,0.04971875972587757,4.971875972587757,0.04864284448584081,-0.005167719291297418,-0.5167719291297418
901,15.031683333333334,1482.4480052321778,920.9424460431654,13469.5,1457.0977443609022,875.781954887218,-2.082301987393854,detected,1482.7523134168302,920.8459195087341,50.22296638988473,-10.468198783711387,51.30233463279023,37.00791683380162,-14.198039402094368,39.63798974772815,39.77015142882756,38.91828562148108,243.15615234153535,-3.0305584482882084,-4.043247262321735,39.43123613097527,1.8709808371190289,1.1619506870772671,0.05001639084886833,5.001639084886833,0.049108246840985595,-0.005101889289995881,-0.5101889289995881
902,15.048366666666666,1483.5287428932406,920.9267214150348,13331.5,1460.996254681648,874.2546816479401,-2.0205760731928124,detected,1483.4089389107426,920.5991235617266,47.17926086596117,-13.214878073108821,48.99505748895032,37.09487718476037,-14.134585988772702,39.696554440234046,39.739440549180465,39.30974378818494,242.86870253256006,-2.910258532869524,-4.337147784003006,39.45891006510675,1.871809386638161,1.1616392726330935,0.05009028951449091,5.009028951449091,0.049602200363640304,-0.005472741683284551,-0.5472741683284551
903,15.06505,1485.2917442582248,921.1558038485412,13631.5,1461.3517786561265,874.1304347826087,-2.0416864317678955,detected,1484.0625257784911,920.3182773424346,42.95262162859217,-14.730025266924713,45.408163904007885,37.252133851273825,-14.455442458398556,39.958494630570016,39.791487584454046,39.71558008956591,242.66881701893212,-2.6983792933830033,-4.261943134666824,39.7305566769226,1.8726341019286956,1.161284892545659,0.05042081341396848,5.042081341396848,0.05011429664298538,-0.005377846226708926,-0.5377846226708927
904,15.081733333333334,1485.9717041800643,920.7048231511254,13700.0,1460.626050420168,874.5336134453781,-2.072832508891598,detected,1484.6936180849184,920.0725596086786,36.29137358715252,-15.436657225550334,39.43797894341706,37.36479499850207,-14.671467057836534,40.141996100209916,39.96106200156652,40.127261326741205,242.6709851734695,-2.3730136323219293,-4.120249363342493,39.929981168204215,1.8734304329147238,1.1609748386229384,0.05065236100972861,5.065236100972861,0.0506337682356356,-0.005199052824406932,-0.5199052824406931
905,15.098416666666669,1485.6818181818182,920.3068181818182,13678.0,1462.8736059479554,873.5910780669145,-2.024986900500248,detected,1485.340726070844,919.778810559568,32.37336060878761,-17.552663186505015,36.825676667856214,37.34847514515973,-14.79516282719301,40.17219733536825,40.13096469321885,40.53615375594257,242.4839763697361,-2.1822539099470544,-4.1333121960457095,39.95899359395565,1.8742469729600557,1.160604177362231,0.05069046982380852,5.069046982380852,0.05114972082768779,-0.005215535894063987,-0.5215535894063987
906,15.1151,1486.493745885451,919.8821593153392,13821.5,1462.420233463035,873.8677042801556,-2.0528098749471315,detected,1485.9492461327168,919.5222453474325,29.755394934929427,-18.084770446330367,34.82014431087396,37.349664673457816,-14.877427172941232,40.20367259972542,40.29975178694548,40.93370456907153,242.44807817502456,-2.6194423828438214,-4.085962664381199,39.99550224226714,1.8750148216185702,1.160280435769631,0.05073018624571032,5.073018624571032,0.05165136223226692,-0.005155788850954195,-0.5155788850954195
907,15.131783333333331,1486.729711602951,919.6284372904092,13697.0,1462.513725490196,873.9294117647058,-2.0580780713935827,detected,1486.5449722995054,919.2825913986209,25.79390895591723,-19.597302058298283,32.394135073965614,37.32737998635381,-15.041384753751506,40.243962925587184,40.40710322283954,41.31161725112142,242.23219491542946,-2.8860794391198974,-4.081172400516177,40.03649065281947,1.8757665265608903,1.1599780333105627,0.05078102577361159,5.078102577361159,0.052128223660721035,-0.0051497443539636305,-0.514974435396363
908,15.148466666666668,1486.945276872964,919.0970684039088,13747.5,1462.4745762711864,874.1313559322034,-2.06918183424911,detected,1487.1559785614218,918.9913215397428,23.99797772120928,-21.298115272129962,32.086019523346806,37.410467501570594,-15.248892114423287,40.3989082699445,40.467840122563636,41.66201785280704,242.14488732455035,-2.5466406958401047,-3.99753313919598,40.200640768580044,1.876537512380343,1.159610500365606,0.05097654040371546,5.097654040371546,0.05257036953035589,-0.0050442058538750535,-0.5044205853875053
909,15.16515,1487.127129750983,918.9764089121888,13774.0,1463.510460251046,873.3807531380753,-2.0487075100466523,detected,1487.7929849688455,918.7373673682307,29.038622704265435,-22.416640707165698,36.68442979187271,37.44647425093115,-15.481243415081206,40.52045571686781,40.37776740581796,41.977609638846666,242.11547404964756,-2.971474754225436,-3.8296365390084937,40.33907801972841,1.8773413059543793,1.1592900534614898,0.05112991257648935,5.112991257648935,0.052968592604222924,-0.004832348945121128,-0.4832348945121128
910,15.181833333333334,1487.8125845737484,918.3213802435724,13568.5,1464.1344537815123,873.1134453781513,-2.0532711560545853,detected,1488.428434100177,918.458636044339,32.94836922804461,-24.543259343422505,41.08487086490663,37.71889757977951,-15.647104800649382,40.83561096979451,40.21822877305697,42.2518137632176,242.23252139950415,-2.3204171905914843,-3.7273775391347588,40.66514207471991,1.8781431345112645,1.1589383420117843,0.051527584819929986,5.152758481992999,0.053314591499328205,-0.004703315506794648,-0.47033155067946486
911,15.198516666666666,1488.24191461837,918.4754204398448,13559.5,1465.9209486166008,872.2252964426877,-2.020438798673274,detected,1489.045648764859,918.1370810348676,36.80183557592636,-25.320221063109784,44.670893168172356,37.914742131554334,-15.945400896480152,41.13129563546146,39.93199590829441,42.47889364176799,242.15948414197516,-3.0685803441030397,-3.6069051613199345,40.97284119766379,1.8789219542774247,1.1585325943657636,0.051900688499005004,5.1900688499005,0.05360112762368201,-0.0045512998881008645,-0.4551299888100864
912,15.2152,1488.862871927555,917.9974126778784,13725.5,1464.8484848484848,872.4761904761905,-2.056234515504457,detected,1489.750361365958,917.791883976053,39.53972168819382,-28.12951459908618,48.52483057940571,38.2083591121727,-16.133049225906216,41.47473909948396,39.62668131152945,42.65406065759013,241.99946936782166,-3.8202600356713847,-3.6934836675248803,41.30995233316048,1.8798111815343321,1.158097014480824,0.05233405564603655,5.233405564603655,0.05382215855847335,-0.004660547214542436,-0.4660547214542436
913,15.231883333333334,1489.6437908496732,917.3581699346404,13580.5,1466.2117647058824,871.5529411764705,-2.0436474369708715,detected,1490.4070518332562,917.4647320948187,44.65484516724382,-26.82636032175037,52.0932702469609,38.626480416876646,-16.222507620306512,41.89480567906072,39.418249824519584,42.77355888057028,241.9988700992908,-4.540698661576962,-3.8112328336988526,41.72108875824783,1.8806398130388093,1.157684204536049,0.05286410811237946,5.286410811237946,0.05397294495971013,-0.004809126604036407,-0.4809126604036407
914,15.248566666666669,1491.2604501607716,916.5832797427652,13695.0,1465.8666666666666,871.8627450980392,-2.0872275348507685,detected,1491.1069202926333,917.0744709095738,49.77838410121785,-25.005265758652058,55.70593181510561,38.76516736597427,-16.09980938282042,41.97549360132825,39.28471921128961,42.834726701141044,241.82611069706638,-5.442472122239093,-4.1106553041998755,41.7737306934059,1.8815229278140484,1.1571917614000933,0.052965922525335336,5.296592252533534,0.054050128329515515,-0.005186946756088172,-0.5186946756088172
915,15.26525,1491.2231620039038,915.839947950553,13765.5,1468.9083665338646,870.796812749004,-2.030764767877616,detected,1491.827461782751,916.7297312958037,51.51338293456365,-24.00658741697498,56.83260385352632,38.91504930265936,-16.01106868884806,42.080106734506025,39.18608312563385,42.83603370176894,241.58395448783557,-5.75650180794495,-4.436544726608993,41.84557866341697,1.8824321284324936,1.1567567587328755,0.05309792647887196,5.309792647887196,0.054051777541664285,-0.00559816369288201,-0.559816369288201
916,15.281933333333331,1494.4114093959731,915.8604026845636,13677.0,1470.0,870.1932773109244,-2.0617012157526493,detected,1492.5647911032079,916.384749599771,53.03708058289067,-19.979200134391704,56.675394615001274,38.80570260993222,-15.744283720403999,41.87797780360316,39.12043909749604,42.77709171812939,241.1848724801187,-5.053381527895931,-4.908949590506451,41.58926831331546,1.88336251243307,1.1563214505990802,0.052842874200130174,5.284287420013017,0.053977402798901446,-0.006194258158367762,-0.6194258158367761
917,15.298616666666668,1492.6006600660066,914.7102310231024,13858.0,1471.7892376681614,869.3542600896861,-2.000982492350373,detected,1493.303783728131,916.0904390386668,52.20827469036294,-18.930152533592263,55.53426528810353,38.84546844487805,-15.634613517141933,41.87375739687583,39.222562462649485,42.65863985781613,240.94163456176628,-4.469817362760908,-5.200643638811636,41.549547100714605,1.8842949952405441,1.1559500808058887,0.05283754876577392,5.283754876577392,0.053827936729105526,-0.006562326358121939,-0.6562326358121938
918,15.3153,1493.4148793565685,914.3223860589812,13815.5,1466.2363636363636,872.2181818181818,-2.144005817987535,detected,1493.9999031737561,915.773967027227,48.70920061145125,-13.337810608630207,50.50231099700578,38.64388899952541,-15.408068092281232,41.602388385091736,39.3636653609924,42.48250420136028,240.75458607179564,-2.949516004800329,-5.435445752249123,41.245783406529846,1.8851733793990615,1.1555507470375104,0.0524951272998003,5.2495127299800295,0.05360568353483947,-0.006858606627443689,-0.6858606627443689
919,15.331983333333334,1495.6921593830334,915.4897172236504,13709.0,1469.6377952755906,870.3937007874016,-2.094697186330273,detected,1494.6843518218604,915.4811907361106,45.40412765273459,-9.319078727548458,46.35062066721506,38.286026610991556,-15.115577703246078,41.16188191713814,39.622588772511556,42.25153392507727,240.49294243574778,-1.9275099537412994,-5.702033761290421,40.765025867102395,1.8860370369991932,1.1551813132316855,0.05193928317619955,5.193928317619955,0.053314238391264694,-0.00719499528238539,-0.719499528238539
920,15.348666666666666,1495.979605263158,914.6111842105264,13824.0,1471.870292887029,869.6569037656903,-2.063066227572562,detected,1495.3566210802908,915.2228624553007,44.40046926663808,-10.487335744387792,45.62220821171622,37.98795253807224,-14.832430098670622,40.78094555876285,39.86094572956154,41.96951654908771,240.3890581017135,-2.2388622333961252,-5.874824318278224,40.35556913111431,1.8868853262842786,1.1548553469467517,0.051458606383296975,5.145860638329697,0.052958380503580704,-0.007413027530950441,-0.7413027530950441
921,15.36535,1496.85,915.6358108108108,13793.5,1470.0894941634242,870.3385214007782,-2.104405120005687,detected,1496.0197615149698,914.9042077013881,37.91834087147345,-8.388182649530336,38.83506382905963,37.47636949825542,-14.557606745765353,40.20450453536422,40.07809135717337,41.641075819314395,240.07111222460503,-0.6351071442278442,-6.081606863420571,39.74187014840794,1.887722096548858,1.1544532589291965,0.05073123600676874,5.073123600676873,0.052543944251500815,-0.007673951878133214,-0.7673951878133214
922,15.382033333333334,1497.2788398154253,913.820698747528,13820.0,1463.3941908713691,873.3651452282157,-2.268033953986292,detected,1496.6350836615893,914.6465206466393,34.676762888391295,-8.473935904228256,35.69713537703944,37.173437046024326,-14.310285684381688,39.83275910834389,40.237699648694786,41.271556307105314,239.93987501743635,0.1911580116502273,-6.234935426103238,39.34176252299426,1.888498528279608,1.1541281017623208,0.050262156603588515,5.026215660358852,0.05207767357363447,-0.007867426405177588,-0.7867426405177588
923,15.398716666666669,1497.3609986504723,915.1309041835358,13769.5,1465.5492957746478,872.075117370892,-2.207122181573069,detected,1497.2189081097233,914.4049614461275,30.274466181506796,-12.774827671440107,32.8593902044787,36.88070361952115,-14.06200258074062,39.470574052725865,40.26778062915085,40.866899128775955,239.97248276097918,1.5006624225614795,-6.2810159076672,38.96761546745384,1.8892352152804082,1.153823295200161,0.049805140760537374,4.980514076053737,0.05156706514672045,-0.00792557212323937,-0.792557212323937
924,15.4154,1498.1947261663286,914.7471264367816,13733.0,1471.2748091603053,869.9160305343512,-2.111564439754765,detected,1497.8099920231748,914.1622340370368,27.506464397381933,-11.563185422421157,29.838110542689076,36.768011907742014,-13.796166633150694,39.27112060302735,40.17690660861882,40.433513243832316,240.0440253079709,2.3840219905347158,-6.406405892705349,38.745049709032884,1.8899810624898106,1.1535170145577751,0.04955346448331527,4.955346448331527,0.05102020598590829,-0.008083792924549337,-0.8083792924549338
925,15.432083333333331,1498.8096179183135,913.2509881422924,13895.5,1475.4008438818566,867.9957805907173,-2.048157539205895,detected,1498.4156714492315,913.9345675111964,29.327258870967853,-11.493676850303473,31.49909078725868,36.71914119309245,-13.533552470993241,39.13377534104505,40.00911570071887,39.97814657497894,240.18028047137312,3.2510609215315944,-6.517788712678428,38.58718443654924,1.890745326749819,1.153229738184475,0.04938015815904739,4.9380158159047385,0.05044561082016271,-0.008224339069625776,-0.8224339069625777
926,15.448766666666668,1498.3534161490684,914.6757763975156,13718.0,1476.1891891891892,867.5096525096525,-2.0100903324192765,detected,1499.0087200956393,913.7132295513458,30.999837408182884,-15.335392006432585,34.585606360518405,36.53572236025103,-13.295247046903889,38.87959107839939,39.81554526759174,39.507760704175034,240.22843480073942,3.266441976139015,-6.601132335676297,38.31510999997837,1.8914936531175262,1.1529504473834016,0.049059420919115956,4.905942091911595,0.04985206398003159,-0.008329504524512678,-0.8329504524512678
927,15.46545,1499.3158593231583,913.64100862641,13686.5,1476.720588235294,867.5110294117648,-2.0262648037362423,detected,1499.591814611315,913.5069825929643,34.171707044707546,-13.571196733185388,36.767960823523204,36.51689613241059,-13.01443756727153,38.766729141593466,39.52557234233948,39.0294121698538,240.38962404210992,3.842409305848884,-6.728150378343296,38.17841380707259,1.8922294190679054,1.1526901988554754,0.04891700838055958,4.891700838055958,0.04924846961495748,-0.008489779657215516,-0.8489779657215516
928,15.482133333333334,1500.2328767123288,913.009784735812,13846.0,1475.4859154929577,868.0633802816901,-2.0740910407463224,detected,1500.2150732136101,913.3092892177405,35.61764415188327,-18.95095388741788,40.345448667392745,36.65865864161896,-12.564476616945994,38.7520751194117,39.250037283722335,38.55014249639466,240.53023868512,4.255721472740471,-7.095918217644,38.0968669408527,1.893015865253767,1.152440743492417,0.04889851750083496,4.889851750083496,0.04864371292920463,-0.008953840022263723,-0.8953840022263724
929,15.498816666666666,1500.1862615587847,913.7575957727872,13761.5,1477.3560606060605,867.0151515151515,-2.0251415215906583,detected,1500.869748447263,913.1271907135535,38.35487470312819,-18.056214013910903,42.3924908210029,36.69087706263677,-12.173169812862877,38.657554538774455,39.05223381475681,38.07687812931446,240.67136108771854,4.157591282764388,-7.358994328261579,37.95064855038626,1.8938419538766726,1.1522109662000677,0.0487792486293684,4.87792486293684,0.04804653391711604,-0.009285797259636063,-0.9285797259636063
930,15.5155,1501.488573193329,912.9919703520692,13832.0,1475.0708333333334,868.4375,-2.1060020384434077,detected,1501.506385269337,912.9488498219984,42.12340127103653,-16.864170780574568,45.37379409700215,36.53538017373967,-11.773404796179339,38.38550592260558,38.910522407842535,37.61634052114983,240.92645292134824,4.336897985013719,-7.463790753510386,37.65287362901006,1.8946452810969554,1.1519859303747615,0.04843596961842976,4.843596961842976,0.04746541390681367,-0.009418032496543074,-0.9418032496543074
931,15.532183333333334,1502.2485207100592,912.1111111111112,13805.5,1478.5686274509803,866.4078431372549,-2.0488366332812005,detected,1502.1295075157052,912.8120440874336,43.0734348540127,-17.76559421254433,46.593316343094365,36.48988619491371,-11.575846637305267,38.282006476779216,38.91323376332468,37.174965778582454,241.26188599234064,3.6153034428374458,-7.394579103288892,37.56104657452144,1.8954315552248648,1.1518133048421877,0.04830537094861731,4.8305370948617306,0.046908474168558305,-0.009330699183960747,-0.9330699183960747
932,15.548866666666669,1503.008119925047,912.4391005621486,13735.0,1479.267657992565,866.6654275092936,-2.049251451530695,detected,1502.76186441408,912.6823286382809,44.66627981550846,-14.007048806659213,46.8110453721067,36.26403123826681,-11.37891042684698,38.00736197307303,38.96598832215102,36.75883259284557,241.38855142751783,3.780417211701816,-7.37625706044202,37.28472067657846,1.8962294819105112,1.1516496260419948,0.04795881636980825,4.795881636980825,0.04638338497519946,-0.009307579886993086,-0.9307579886993087
933,15.56555,1503.0916613621896,911.3558243157224,13756.0,1476.844262295082,867.6270491803278,-2.111386211402493,detected,1503.3748515547027,912.5512136749213,42.337049825644954,-7.734445672369247,43.037744339102794,35.96635329072245,-11.230300878933875,37.67888303631684,39.06927205064599,36.373596693054466,241.42178028751337,4.260953370800936,-7.342739472839522,36.95649339288631,1.8970029672614546,1.1514841812932761,0.04754433190702441,4.754433190702441,0.04589728289344412,-0.009265286401059334,-0.9265286401059334
934,15.582233333333331,1504.629582806574,911.593552465234,13720.0,1478.9602888086642,866.768953068592,-2.090870909935614,detected,1503.9778397511886,912.4348896198189,40.26304405343399,-5.905648652983928,40.693849688389726,35.517992825602164,-11.091977019641625,37.20967305101974,39.114521922184906,36.024429851715794,241.81304616552742,3.3054710865082475,-7.000335920796326,36.54524682581571,1.8977638356481876,1.1513374001511911,0.04695226883409431,4.695226883409431,0.04545669381919974,-0.008833231445799781,-0.8833231445799781
935,15.598916666666668,1505.4613466334165,911.4557356608478,13701.0,1478.3430656934306,867.1861313868613,-2.1204080542727843,detected,1504.5510636869667,912.3036131302626,33.030120969590826,0.24442656934979823,33.03102534911091,35.15949643894491,-10.984073633073146,36.83531000842741,39.09593031600878,35.71596158235946,241.87749559896343,3.839961046145518,-6.8854076547668,36.18606395899714,1.89848714660816,1.1511717515839277,0.04647988644596519,4.647988644596519,0.045067459409917306,-0.008688211551756215,-0.8688211551756215
936,15.6156,1505.1423197492163,911.8244514106584,13793.0,1478.876811594203,867.4166666666666,-2.104914081799857,detected,1505.078565444671,912.22911189839,29.576620951361747,0.5797358354971038,29.582302150770655,34.90751142510582,-11.029735137788956,36.60859750254944,39.0163976583817,35.45222211305686,242.11837337527282,4.162743073043792,-6.575016251264611,36.013311044657854,1.8991527639680394,1.151077743720366,0.04619381388334315,4.619381388334315,0.044734665126885634,-0.008296550474781844,-0.8296550474781844
937,15.632283333333334,1507.1922354414528,911.539762053851,13798.0,1478.1929824561405,867.9754385964912,-2.158105269238498,detected,1505.62030005194,912.1099890780187,26.65068836110504,0.7708186620814104,26.661833236492807,34.52344027239267,-10.922150882340105,36.209961449000005,38.97114785634488,35.236585963383696,242.15559799649338,4.973336040977329,-6.467356482916825,35.627722468057655,1.8998363407595458,1.1509274310132729,0.04569080309022083,4.569080309022083,0.04446256903896997,-0.008160702186645837,-0.8160702186645836
938,15.648966666666666,1506.365535248042,913.0770234986944,13596.0,1478.2542372881355,868.2135593220339,-2.1305429967252283,detected,1506.1485014557752,911.9825691337296,23.481010979500752,1.6286955966099868,23.53742819353575,34.18493088329838,-10.88427118218847,35.875853420696565,38.95119284652186,35.07171642199672,241.92088458098578,7.615753193500424,-6.487339667049515,35.2844340001031,1.9005028409536597,1.1507666487491857,0.04526921567280324,4.526921567280324,0.04425453176277189,-0.008185917560945761,-0.8185917560945761
939,15.66565,1506.7687253613667,912.0906701708278,13699.5,1481.2727272727273,866.8458498023715,-2.083954195406637,detected,1506.6939846517066,911.841211262748,20.11721896284689,-2.3065211262924095,20.249013272383415,34.016893611768005,-10.949259964619872,35.735631305003835,38.88987567381186,34.95951231432166,242.04420890401246,7.99971877531821,-6.275198505037361,35.18035287613738,1.9011911478254975,1.1505882791958966,0.0450922792492162,4.50922792492162,0.044112949292519445,-0.007918231552097617,-0.7918231552097618
940,15.682333333333334,1506.2383386581469,912.5955271565496,13809.0,1485.6883561643835,864.7808219178082,-1.9767118513056656,detected,1507.2085050502967,911.6940747428732,18.15976328708939,-2.714426651931717,18.36151177577263,33.76912180463837,-11.175788037325578,35.570378487046376,38.75368289601084,34.90105953220332,242.2526081667632,9.048910780685222,-5.8313619092624425,35.08912999769209,1.9018403849215102,1.1504026179720799,0.04488375834327619,4.488375834327619,0.044039191838742366,-0.00735818537446365,-0.7358185374463649
941,15.699016666666669,1507.273154362416,911.1476510067114,13713.0,1485.1152416356877,865.0780669144981,-2.0191012777620454,detected,1507.7215747239452,911.5303426763975,21.835276100546707,-6.771633076371245,22.861196314018898,33.7331595715194,-11.294637481780773,35.57379499747586,38.59774030993595,34.896590690915986,242.33319287648004,10.387667577740988,-5.660045563961829,35.12063175309228,1.9024877914497733,1.1501960159954543,0.04488806939744588,4.488806939744587,0.04403355292229147,-0.007142013329920289,-0.7142013329920289
942,15.7157,1507.7117684078037,911.782882315922,13753.0,1487.6985815602836,864.0212765957447,-1.9675930931431287,detected,1508.1888512374471,911.3255404469407,24.5643583819201,-10.111653945283479,26.56413462216632,33.73410142163739,-11.530024470568788,35.65012009821612,38.51485689145421,34.945456773190976,242.8122159691349,10.991710368714392,-5.157274432332404,35.27511280558637,1.903077414810659,1.1499375904693259,0.04498437867282792,4.498437867282791,0.044095213593931835,-0.0065076018073595004,-0.65076018073595
943,15.732383333333331,1507.8034364261168,911.568384879725,13611.5,1488.2711267605634,863.830985915493,-1.959175584235575,detected,1508.6852339858665,911.1779572838157,33.38735925555375,-13.552492272023756,36.03312094230354,33.97488617117082,-11.802122203055477,35.966414595284164,38.51763616528129,35.04611454874831,242.98943759909525,10.613026818835781,-4.915075909955261,35.62899111172315,1.9037037652818507,1.1497513656578116,0.0453834884483081,4.53834884483081,0.044222226559934776,-0.006201988529912002,-0.6201988529912001
944,15.749066666666668,1508.5910034602075,910.9349480968858,13631.5,1483.704641350211,865.9873417721519,-2.076456590631333,detected,1509.216243441544,910.9756059285995,38.295838489854304,-12.194225062164605,40.19042635389341,34.30826961612894,-11.768232300504714,36.27049290444835,38.50086423076338,35.19613288672352,243.3029341017612,10.305800377814869,-4.9001149522682415,35.93796779154597,1.9043738087590463,1.149496032717476,0.04576718347564461,4.576718347564461,0.0444115241472852,-0.006183110349865289,-0.618311034986529
945,15.76575,1508.3615384615384,911.8601398601398,13684.0,1491.8539325842696,862.7003745318352,-1.894760787950104,detected,1509.769142779856,910.761412962084,41.894906938641725,-13.114151662617132,43.899478370791314,34.49679925108474,-11.892191309922753,36.489085665736305,38.41344811612533,35.392219930171294,243.76923060683035,9.694150794388031,-4.579611930741137,36.20055976480552,1.9050714735392507,1.149225757680863,0.046043010303768214,4.6043010303768215,0.04465895259327608,-0.0057786901334273034,-0.5778690133427303
946,15.782433333333334,1510.1773002014777,910.739422431162,13592.0,1489.9721115537848,863.7011952191235,-1.9765130751730235,detected,1510.3286668565925,910.5775797096506,43.83010742180886,-11.608171355938111,45.341239052722486,34.78601024879368,-11.801916768814472,36.73352349621804,38.378300214468645,35.63027170406527,244.11752180741985,8.79620407543951,-4.566939224108358,36.44852280368168,1.9057774976108424,1.1489937914317359,0.04635144920658428,4.635144920658428,0.044959333380524005,-0.005762699336414333,-0.5762699336414333
947,15.799116666666666,1511.15595162317,910.4169318905156,13615.5,1490.6168582375478,863.2605363984675,-1.9815711096479405,detected,1510.8913552394558,910.3705943241233,46.249663159291686,-12.061329142266914,47.79651664113233,35.068886115349834,-12.104019091415143,37.09897642168472,38.33189842004875,35.905441323918055,243.98499724806348,7.125076617240932,-4.5038101030248985,36.82458073206821,1.9064875144977362,1.1487326111345406,0.04681258854471258,4.681258854471258,0.04530655056645812,-0.005683041139463595,-0.5683041139463595
948,15.8158,1512.1354504212572,910.4400518470512,13397.5,1490.4074074074074,863.5061728395062,-2.0043672011428453,detected,1511.436791487357,910.1877951271451,45.396157084342576,-10.969218154118607,46.702621178462266,35.335183424044885,-12.10079633835371,37.349758494978396,38.32814876781519,36.212226754674376,243.9385734992382,5.68424424750359,-4.653534303810504,37.05872472328844,1.9071757621291572,1.1485019496872495,0.04712903280123457,4.712903280123458,0.04569366152009385,-0.005871967575786126,-0.5871967575786126
949,15.832483333333334,1512.6793737236214,910.136827773996,13545.0,1490.5992217898834,863.5486381322958,-2.013381990497581,detected,1512.0341022340378,909.986175126621,41.696052771831546,-9.450523909058575,42.7536339848094,35.45760275447247,-12.053122602058254,37.450225066803284,38.415188177757436,36.544574168868415,244.05410077441093,4.816018349800242,-4.6752319960093605,37.15725451829981,1.9079294665413729,1.148247539591951,0.047255804500698155,4.725580450069815,0.04611302734242072,-0.005899346367204241,-0.5899346367204241
950,15.849166666666669,1512.9777158774373,909.8962395543176,13640.5,1490.1,863.8913043478261,-2.0322722211011515,detected,1512.629551288686,909.7582896786241,39.81381107446987,-12.788823360598144,41.81738340956019,35.62671262956901,-12.286336870176669,37.685762914890745,38.44855634681139,36.89599343982124,244.24044357191497,4.565231476541344,-4.417816725522167,37.42592179034541,1.9086808218153766,1.1479599869761818,0.04755301314181798,4.755301314181798,0.04655645859914352,-0.005574532145769296,-0.5574532145769296
951,15.86585,1514.245283018868,909.7419137466308,13725.0,1491.4462809917354,863.3801652892562,-2.027832814299035,detected,1513.196220385643,909.5700546739869,32.525272306332226,-12.33690332866945,34.78638415159008,35.637585680842605,-12.245618230502062,37.682790223212,38.398201684499014,37.259682179670286,244.48640586607004,4.665926576186378,-4.298543756038766,37.43681611173716,1.9093958616853541,1.1477224664655987,0.04754926211130853,4.754926211130853,0.047015371835546105,-0.005424029976074153,-0.5424029976074153
952,15.882533333333331,1514.7826675693975,910.1895734597156,13678.5,1491.7552742616033,863.084388185654,-2.02548461655573,detected,1513.7788090574434,909.3456593823039,28.545570218541343,-14.254950928448125,31.906946031767728,35.68260687518541,-12.276390706509268,37.73537070425963,38.36511753465174,37.6286549175545,244.62483904450812,5.063863070490188,-4.199569609423319,37.500957551554656,1.9101309893469318,1.1474393178325601,0.04761560972146326,4.761560972146326,0.04748095257735584,-0.005299141462994725,-0.5299141462994725
953,15.899216666666668,1514.5569105691056,909.8028455284552,13766.0,1490.519855595668,863.898916967509,-2.0531752510449133,detected,1514.370473662942,909.1117426509186,24.523103927456305,-16.835041621828623,29.745608964106367,35.79388389192513,-12.409838218661873,37.8841155193305,38.35990776740675,37.9958743843057,244.7918891553872,4.471253188537999,-4.016869908907989,37.67055832897738,1.9108775692907787,1.1471441547645662,0.04780330033984922,4.780330033984922,0.04794432098966019,-0.005068605563290838,-0.5068605563290838
954,15.9159,1514.7711409395972,909.8208053691276,13753.5,1489.798387096774,863.9354838709678,-2.069208646024177,detected,1514.9494864985038,908.8990179295753,24.008708552276403,-17.79058583758342,29.88181772905681,35.7820675565244,-12.374214999333903,37.86129363174767,38.381532314837635,38.35438228780074,245.1111351778314,3.864684190142129,-3.8342540000719065,37.66664375455223,1.9116081848561564,1.1468757324032497,0.04777450300535984,4.777450300535984,0.04839669689312397,-0.004838175394412501,-0.4838175394412501
955,15.932583333333334,1515.886817576565,908.4487350199734,13690.5,1487.545112781955,865.0375939849624,-2.1491844280848187,detected,1515.5683022390276,908.6840298365622,26.59275467787984,-22.683422551248213,34.953000729499266,35.78684675651158,-12.506067155399172,37.90910334562659,38.33090296942503,38.697427314459034,245.28486439297063,2.386601029514514,-3.602249769532653,37.73756633736864,1.9123890249072906,1.1466044540524445,0.047834830720033555,4.783483072003356,0.04882956128007449,-0.0045454255766973544,-0.45454255766973545
956,15.949266666666666,1515.637047163363,908.2323991797676,13671.5,1492.552511415525,862.9543378995434,-2.042284368710575,detected,1516.1801319130834,908.4359271105332,26.098684180250075,-23.28941202495389,34.97910845645587,35.88891479654475,-12.716984297716504,38.07539750156283,38.23088074226712,39.01858832672812,245.36766916143338,2.1639085388947112,-3.3985245158054784,37.923421865879746,1.9131610497325975,1.1462913906757517,0.048044665617113985,4.804466561711399,0.049234811768742115,-0.0042883590104801,-0.42883590104800995
957,15.96595,1516.127688172043,907.9818548387096,13712.5,1495.308300395257,861.5810276679842,-1.9925567453792488,detected,1516.777533371548,908.2195521700284,28.749729016802576,-23.523326972379436,37.14692221960056,36.147279313505884,-12.972490145066548,38.404573976708285,38.06313218583822,39.31189086584671,245.54268606836825,1.3909171313504096,-3.157054685404013,38.274590893252245,1.9139148686076317,1.1460183623596574,0.048460030254521495,4.846003025452149,0.04960490960990122,-0.003983665218175411,-0.39836652181754106
958,15.982633333333334,1514.5738767948123,903.8842056507642,14292.5,1487.4615384615386,865.1447963800905,-2.1814313637092924,detected,1517.3568025406985,907.9528601907459,32.39214856864828,-21.542722947565608,38.90167349727969,36.38636328066891,-13.307022007407001,38.74331255195437,37.897586578245324,39.57191517015818,245.58520303599687,-0.012329860814665677,-2.922857606595489,38.632902698477004,1.9146458076223327,1.1456818425119824,0.04888746063338091,4.8887460633380915,0.0499330159875813,-0.0036881483994895764,-0.36881483994895764
959,15.999316666666669,1517.2342158859472,907.5743380855396,13706.0,1495.905138339921,861.5849802371541,-2.0050528109751755,detected,1517.9996668194822,907.6881971090982,34.3845753882415,-20.77599055060432,40.173882162276314,36.64533542685829,-13.584980871759699,39.082378559051804,37.69657754099641,39.793894018994045,245.53052575679578,-0.8159677720611616,-2.8139988487106944,38.98094052626856,1.9154569928321543,1.1453478827875057,0.04931530417545969,4.931530417545969,0.0502131154813805,-0.003550787190802138,-0.3550787190802138
960,16.016000000000002,1518.7384923282189,905.9199466310874,13720.0,1495.0926829268292,861.7609756097561,-2.0624157631036333,detected,1518.6499229599067,907.3856114401761,37.14547889557207,-16.814148467737823,40.77379294444558,37.00406626870898,-13.703170216439133,39.4598250680323,37.576645268865505,39.973798811775914,245.33589845218393,-1.6257762207066653,-2.9886868915372578,39.346480720187216,1.9162775053121852,1.144966071217888,0.04979157737291143,4.979157737291143,0.05044012468362892,-0.003771213743264679,-0.37712137432646786
961,16.032683333333335,1518.4625340599457,906.9386920980926,13655.5,1498.6953125,859.93359375,-1.9688777889761797,detected,1519.2988935246635,907.0828651344453,43.71422153155754,-15.279389823986094,46.307590279601236,37.14643891938728,-13.664785331202166,39.58009957718156,37.424770977152264,40.10841237866731,245.1599974320805,-2.4511618236251156,-3.204110766696113,39.450195902357066,1.9170963956147176,1.1445840569519816,0.049943343315055594,4.994334331505559,0.050609984074028155,-0.0040430419769036125,-0.40430419769036124
962,16.049366666666668,1519.192779291553,906.6689373297004,13497.5,1509.4144144144143,855.7567567567568,-1.7605489932318996,detected,1520.025359294426,906.7846868281317,48.22841754283991,-16.935510084717635,51.11547476563316,37.39176946329575,-13.67743400948375,39.81477897314061,37.295278431164675,40.195387091820706,244.85736713749367,-3.820926408224703,-3.505220999733405,39.660182178389796,1.9180130716648909,1.1442078067231947,0.05023946873582412,5.023946873582412,0.050719731346146005,-0.004422991797770858,-0.4422991797770858
963,16.06605,1519.9012846517917,906.3299526707236,13698.0,1500.1605504587155,859.7798165137615,-1.97188296066732,detected,1520.7196356135892,906.5476452561176,51.09557967836008,-12.910394354917571,52.701390352315485,37.403594117761415,-13.445642906633067,39.746876180385904,37.2244684373976,40.23328693512227,244.52286432702618,-4.837555020492436,-3.9510404767958605,39.55001195005697,1.9188891301117845,1.1439087006386341,0.05015378697840493,5.015378697840493,0.05076755449226786,-0.004985540033811812,-0.4985540033811812
964,16.082733333333334,1520.5903141361257,905.5765706806284,13737.0,1502.1620553359685,858.897233201581,-1.946798140406078,detected,1521.4244498765374,906.2991164534895,49.0111938816035,-10.669769426473067,50.159157741276196,37.30410983028631,-13.356800191243623,39.623234617820756,37.33826158094051,40.22161236343015,244.17742520452066,-5.16699039658341,-4.226053805680921,39.397223135778994,1.9197784856486277,1.1435950996258544,0.049997772388417364,4.9997772388417365,0.050752823171520696,-0.005332560007168355,-0.5332560007168355
965,16.099416666666666,1521.8219749652294,905.8824756606398,13690.5,1506.376984126984,856.968253968254,-1.8766453517916304,detected,1522.084525415972,906.0726919303823,48.49378443229625,-7.259918426040258,49.03420789733201,37.054365455814626,-13.12872952490796,39.31144284138218,37.58734520215127,40.160807107414975,243.89932620757995,-3.9118783534845396,-4.512164873541469,39.05163129019371,1.9206113885375042,1.1433093904484322,0.0496043442793466,4.96043442793466,0.05067609729642269,-0.005693583436645387,-0.5693583436645386
966,16.1161,1523.2909336941814,905.8504736129904,13697.0,1501.0588235294117,859.678431372549,-2.0195394833110334,detected,1522.7517451180236,905.8042681536938,50.19219993944898,-11.410981861167556,51.47297778249785,36.85803899462184,-13.0364884830305,39.095588887971125,37.8354507416205,40.052246559071065,243.84540104967147,-4.398219158636319,-4.545173776257824,38.83048371886281,1.9214533061426167,1.142970685367437,0.049331973360215935,4.9331973360215935,0.050539112377376745,-0.005735235048905773,-0.5735235048905772
967,16.132783333333332,1524.3173943173942,904.4192654192656,13836.5,1503.9437751004016,858.4738955823293,-1.9881743858272984,detected,1523.3933274453498,905.5729947561041,49.542350650257504,-10.479155972433091,50.63849541453271,36.70639942760985,-12.84820022787918,38.890050244695125,38.0845212501138,39.89820793590394,243.75748127419723,-3.802654051815768,-4.706584142729678,38.604197618164754,1.9222628737480756,1.142678857736409,0.049072618605293536,4.907261860529354,0.05034474187495766,-0.0059389074356210455,-0.5938907435621046
968,16.149466666666665,1524.8601782042497,906.0424948594928,13698.5,1502.077868852459,859.327868852459,-2.024548450757774,detected,1524.033229674027,905.3443472951323,44.739210258880576,-8.442411937080806,45.52879587583763,36.36240886144383,-12.634996010265091,38.49503737348782,38.1873048943494,39.70182300112239,243.656758067504,-2.827751897836404,-4.812859478265562,38.19298739335132,1.9230703213552394,1.1423903435900724,0.048574179651088734,4.857417965108874,0.05009693754084845,-0.006073008805382413,-0.6073008805382413
969,16.166150000000002,1524.789293067948,905.4886753603296,13614.0,1499.0285714285717,860.4938775510204,-2.0907698448815144,detected,1524.6368045552435,905.1277663514882,40.42880405610549,-8.626107197225565,41.33881859445185,36.201195048559306,-12.582303576634198,38.325460026442165,38.27637751783798,39.46701469646421,243.31049111931333,-2.560092509769251,-5.018257627715277,37.99549942585692,1.9238319300381623,1.1421170553331081,0.04836020192610999,4.836020192611,0.04980064945926084,-0.006332186281028741,-0.6332186281028741
970,16.182833333333335,1525.7689133425035,905.5006877579092,13732.0,1500.209486166008,860.0316205533597,-2.0829030103731108,detected,1525.2116067319314,904.9640458924652,35.72294829560451,-10.061417624215665,37.11281664788204,35.878822718559796,-12.422218296377897,37.9684267131614,38.33287975244595,39.19841961076425,243.4183919407548,-1.2329928446640184,-4.945606040906446,37.64495195854097,1.924557232469314,1.1419104680031107,0.04790968670430461,4.790968670430461,0.0494617282154754,-0.0062405123544560836,-0.6240512354456084
971,16.199516666666668,1526.4840027229409,904.296119809394,13794.0,1505.1962962962964,858.2074074074073,-2.0034901320702843,detected,1525.8215029918467,904.7692521305701,32.106796590580416,-9.28872715527109,33.42344745046472,35.69683043143806,-12.35516973631569,37.77451418700198,38.355562733927805,38.90129868865329,243.3971219586358,-0.44273168367274374,-4.938034052721294,37.45036370662077,1.9253268176553273,1.1416646714581327,0.047665002128709125,4.766500212870913,0.04908681222543002,-0.006230957795231917,-0.6230957795231917
972,16.2162,1527.502363268062,904.6144496961512,13733.0,1504.7178571428572,858.3642857142858,-2.028535580106186,detected,1526.426520612383,904.5686208331456,31.435202152106285,-8.917771136958436,32.67565724503421,35.630271375547466,-12.278126230360842,37.68645143846568,38.26735706223519,38.58143886931663,243.48279660019676,-0.1390389907936862,-4.92125101965981,37.363751289522966,1.9260902468295056,1.1414115089377233,0.04755388194128162,4.755388194128162,0.04868320362058881,-0.00620978046644771,-0.620978046644771
973,16.232883333333334,1526.9096385542168,904.8788487282465,13606.5,1502.9895470383276,859.1289198606272,-2.0525519466543583,detected,1527.0375307400113,904.3749072521613,31.864353853702596,-12.152382560383785,34.10304162985893,35.64732912252486,-12.143562873864257,37.65897227542333,38.19615120840615,38.24504835996731,243.38854232545071,0.7754279422648297,-5.110658631239836,37.310579748859936,1.9268612375268284,1.141167075397049,0.047519207918515244,4.751920791851524,0.04825873610090513,-0.0064487806072426965,-0.6448780607242697
974,16.249566666666666,1527.7836538461538,904.1126373626372,13719.5,1504.4,858.2983050847457,-2.042729601362548,detected,1527.6269604453526,904.175308132666,30.954858711384986,-11.818094769544814,33.13413107090255,35.76968038210105,-11.978750763537768,37.72214872581653,38.13384857932478,37.8986479940905,243.54292538450008,0.37525620687292055,-5.212169005559575,37.360323857671595,1.927604997407385,1.1409152153093578,0.04759892583699247,4.759892583699247,0.04782163784743281,-0.006576869407646152,-0.6576869407646152
975,16.26625,1528.388149134487,904.1138482023968,13759.0,1504.9573643410852,857.937984496124,-2.0403662279513712,detected,1528.208641366709,903.993628360674,29.885262319866342,-11.766548345729689,32.11822790721208,35.85997093358907,-11.885363644196689,37.77829250128498,38.042303952426444,37.548960669304414,243.63998758280323,-0.14052520987276368,-5.272637918369746,37.40853744393671,1.928338979642535,1.1406859663857087,0.04766976971770976,4.766976971770976,0.04738039201174059,-0.006653170874914506,-0.6653170874914506
976,16.282933333333332,1528.8696808510638,904.2646276595744,13764.0,1507.5494505494505,856.3479853479853,-1.989437869629446,detected,1528.8366478667567,903.8261276368381,32.60400886937441,-13.125501535638705,35.14683748100673,35.94362294883537,-11.827876096076453,37.83969719265974,38.08807941758308,37.202800300752195,243.66713421431143,-0.29400882122013233,-5.343542229985731,37.460502400108574,1.92913141686657,1.140474609005474,0.04774725197811955,4.7747251978119545,0.04694359659400908,-0.006742640037836885,-0.6742640037836884
977,16.299616666666665,1529.5972222222222,903.8320105820104,13829.5,1505.3114186851212,857.7543252595156,-2.0558585301834142,detected,1529.4831011881379,903.6824789846506,36.71726821266884,-16.09546369111399,40.09017007238845,35.93370665506168,-11.662798407475064,37.77899073116468,38.156960617431594,36.86696114816661,243.66964732349516,-0.2977844785071422,-5.4854519384713765,37.37862969259504,1.9299471308367673,1.1402933488765308,0.047670650764876574,4.767065076487658,0.04651982479263926,-0.006921705916052211,-0.6921705916052211
978,16.316300000000002,1530.030737704918,903.8224043715848,13714.5,1503.2301587301588,858.8015873015873,-2.1077476375557977,detected,1530.088477980711,903.5472685030051,39.759016441904805,-17.53011847410812,43.45209364511592,35.87554198041401,-11.557868409531885,37.69136286419614,38.24685442698902,36.548107852295836,243.6486336130716,-0.7023008946251943,-5.567369269375892,37.27791885257159,1.9307110132248722,1.1401227362813944,0.0475600793239068,4.7560079323906805,0.04611748624895374,-0.007025071633281883,-0.7025071633281883
979,16.332983333333335,1528.2322175732218,900.4544979079498,14167.0,1502.4334600760455,859.2851711026616,-2.1305812592237454,detected,1530.6827768751607,903.4266503417372,40.413404995606925,-14.372278379425325,42.892956171784704,35.736649690306535,-11.42378893239217,37.51814340635117,38.291779620017756,36.25266615035513,243.45922197561555,-0.6072623725443662,-5.748461917701848,37.07514356331292,1.931460917192632,1.1399705367088167,0.04734150587552199,4.7341505875521985,0.0457446891487131,-0.007253579706879304,-0.7253579706879304
980,16.349666666666668,1531.091149273448,903.0303830911492,13808.5,1507.490706319703,856.6951672862454,-2.041889085847288,detected,1531.3126805279064,903.2743208967308,40.02093763042103,-11.686161093733972,41.6922272123564,35.54953382052807,-11.468629516117916,37.35369885078103,38.2562269639939,35.98671415877781,243.3109117988333,-2.2712951541072504,-5.720305585927758,36.91309959673454,1.9322557483001974,1.1397783228980831,0.047134004859029695,4.7134004859029695,0.04540910303946727,-0.00721805121252714,-0.721805121252714
981,16.36635,1532.566424322538,902.0066093853272,13616.5,1506.0285714285717,857.3102040816326,-2.1065970151977367,detected,1531.8861614176872,903.1165736568555,37.38878463325409,-9.55888705130792,38.59136610709084,35.34748785905085,-11.494513689344219,37.16945981448034,38.28881992718392,35.755874403393776,243.29410732470615,-2.984037348827068,-5.6172070721750345,36.74256016676812,1.9329793834923499,1.13957927275313,0.04690152657978592,4.690152657978592,0.04511782259103316,-0.00708795845069405,-0.708795845069405
982,16.383033333333334,1533.5796519410978,902.1619812583668,13654.5,1506.3955223880598,857.6641791044776,-2.119198916688788,detected,1532.4500658270313,902.953508188579,34.22231161439413,-6.975638468630677,34.92600956705096,35.11397825120154,-11.510025549560789,36.95229569021926,38.31923273710758,35.56520742831917,243.22413488441913,-2.6030804474225873,-5.543029661056574,36.53418917882322,1.933690934797516,1.139373511909879,0.0466275024482262,4.66275024482262,0.04487723334803681,-0.006994359193762238,-0.6994359193762238
983,16.399716666666666,1533.3834688346883,901.9166666666666,13682.0,1508.7470355731225,856.6916996047431,-2.0696021525843995,detected,1532.9900552844542,902.792144242751,30.288060929209223,-5.831877904302019,30.844406863192823,34.754773650336375,-11.603435873630929,36.64060610251393,38.381262012106774,35.419108712183146,242.67338019632086,-3.1744633793530945,-5.646069006499646,36.20298220220849,1.9343723095071979,1.1391698980981086,0.04623420328392925,4.623420328392925,0.04469288165575161,-0.0071243772952676926,-0.7124377295267692
984,16.4164,1534.3947190250508,902.7454299255248,13640.0,1510.6832061068703,855.820610687023,-2.038681761042268,detected,1533.5377076420664,902.6220203975075,26.902000804320323,-3.693338813708351,27.154344014696726,34.43997040156638,-11.59985069578122,36.340997474273934,38.505861443030206,35.32121159714716,242.62395484980124,-3.268354551516606,-5.535725004537184,35.91690195575512,1.9350633534915664,1.1389552307854984,0.04585614823252232,4.585614823252232,0.04456935217305636,-0.006985141961561117,-0.6985141961561117
985,16.433083333333332,1534.458685751464,903.0650618087184,13550.5,1509.90625,856.1875,-2.053268148016466,detected,1534.0966653120665,902.4190755049962,21.983642008752668,-2.6305009531226915,22.14046185682165,34.297314935355,-11.902203108200624,36.30383245063509,38.715760296411425,35.27429980929052,242.31595807401084,-3.083920409659595,-5.394700365699597,35.900772395146404,1.9357686628543427,1.1386991489022034,0.045809252303640496,4.580925230364049,0.04451015748806375,-0.006807192890472678,-0.6807192890472679
986,16.449766666666665,1534.2462585034014,902.6489795918368,13658.5,1509.5955056179776,856.3932584269663,-2.060434390792924,detected,1534.6119128910184,902.2482388078565,20.197530257391918,-2.197273026953553,20.31669848310103,34.069368385489526,-12.03942304863182,36.13405000176593,38.824742182994626,35.280233736526306,242.26412287992065,-2.474753340771091,-5.199638204258072,35.757982774129474,1.936418817528099,1.1384835820919326,0.04559501577509897,4.559501577509897,0.04451764509340859,-0.006561057670988104,-0.6561057670988104
987,16.466450000000002,1534.643929058663,902.3424283765348,13687.0,1511.007843137255,856.0745098039216,-2.0430882642142247,detected,1535.1279546136184,902.0824807244493,19.565602938733264,-4.461088444093775,20.067738498948874,33.827658099717766,-12.251033287025832,35.977746859846796,38.93777152796488,35.33989476775045,242.73747562810064,-0.533789349426681,-4.605223507326416,35.68179067197699,1.9370699742758593,1.1382744236270654,0.04539778783576883,4.5397787835768835,0.04459292715173559,-0.005811007580222608,-0.5811007580222608
988,16.483133333333335,1533.2437854339294,898.0104666375927,14316.5,1513.309963099631,855.1660516605166,-2.0062683268288115,detected,1535.6059713659743,901.9095877805904,24.440649919555653,-8.341397927144044,25.824877305986153,33.770616645952394,-12.508930697754906,36.01288513642182,39.020372519207505,35.45315156886165,242.9065704229323,-0.457339932096786,-4.244321161509655,35.76190198698992,1.9376731499886113,1.1380562621837105,0.0454421263551064,4.5442126355106405,0.044735837941781265,-0.005355610298434896,-0.5355610298434896
989,16.499816666666668,1535.3342560553633,901.9487889273356,13683.5,1517.172093023256,853.0372093023256,-1.9263424637662296,detected,1536.0733329447958,901.6871278146907,27.131766288568087,-14.077814353483518,30.566609215099838,33.78020792772061,-12.735195041723747,36.10107533565702,39.13965940148029,35.61885116139004,243.08125411199967,0.12697329305118546,-3.9378642681477682,35.88566378648204,1.9382628806874396,1.1377755556021334,0.04555340736360508,4.555340736360508,0.04494492260112308,-0.0049689139030255755,-0.4968913903025575
990,16.5165,1535.8325550366912,902.088058705804,13670.0,1510.0467289719627,856.6682242990654,-2.087143575997892,detected,1536.5509664477938,901.4800138416972,31.134355707634768,-16.029284900001812,35.01836774801127,33.93850709208587,-12.923938547777114,36.31598065901955,39.2182529507286,35.83483620007074,243.5253704761717,0.7871766353925778,-3.561208148087575,36.14094973506198,1.9388655728047872,1.1375142130494602,0.04582458127321079,4.582458127321079,0.04521745892753406,-0.0044936380417508835,-0.44936380417508837
991,16.533183333333334,1536.8700636942676,901.7031847133758,13666.5,1514.5674603174602,854.8412698412699,-2.0149964396423687,detected,1537.06527036123,901.251522723692,35.467291999118515,-15.65486291991715,38.768589538338034,34.218696083660035,-12.978789021378043,36.59737867836075,39.21012946164598,36.09798815931129,243.67938228943024,0.5043275437609075,-3.5391181421386353,36.42585302917859,1.9395145367334135,1.1372258961813149,0.0461796576383101,4.61796576383101,0.045549511872948006,-0.0044657642172096345,-0.44657642172096346
992,16.549866666666667,1536.6791406791406,901.6763686763688,13554.0,1515.92936802974,853.914498141264,-1.9806373515141036,detected,1537.5803586617621,901.015000115787,38.13993510848741,-15.233213143987541,41.06951950984799,34.69737833955432,-13.41047284145104,37.19877478452038,39.117065025084145,36.40429451655461,244.01564827011504,-0.1837408291155894,-3.1469534231697676,37.06542229115796,1.9401644904249367,1.1369274449410562,0.04693851707825916,4.6938517078259165,0.045936018317419065,-0.003970919145955543,-0.39709191459555426
993,16.56655,1538.3070539419086,900.8305670816044,13561.5,1519.375,852.4015151515151,-1.9434537200102409,detected,1538.137461302541,900.7991357447218,42.234814726237346,-14.190387764623665,44.554984904833894,35.03504090853808,-13.43767406918807,37.52366154645181,38.998261610918725,36.748936694359394,244.03452041119215,0.04189872191304661,-3.2581277755957316,37.381944562188814,1.9408674590568342,1.1366550608766206,0.04734846882833037,4.734846882833037,0.046370898037046554,-0.0041112022404993466,-0.41112022404993465
994,16.583233333333332,1538.6863787375414,900.1774086378738,13553.0,1517.3992805755397,853.8129496402878,-2.00121292577769,detected,1538.680923825394,900.5742149502288,44.17525589316483,-15.04849467210488,46.66808786658141,35.297455650440874,-13.530807431638262,37.802025410643246,38.90921542905492,37.12639463232736,243.87072287548665,0.030264695033124588,-3.3969335990529554,37.64908985979001,1.9415532161834628,1.1363712491485538,0.0476997166064899,4.769971660648991,0.046847185655933585,-0.004286351544546316,-0.4286351544546316
995,16.599916666666665,1539.0148148148148,900.2242424242424,13584.5,1518.3908045977012,853.2260536398468,-1.9843188939047105,detected,1539.2532123409223,900.3666614364495,43.60539898863772,-16.013213117954592,46.45270514533379,35.58613769886164,-13.658035329678203,38.11712378169528,38.915933211154474,37.530563459243155,243.98799669318888,-1.3647827336364409,-3.3321300884924963,37.9712000661349,1.9422753468024259,1.1361093519702834,0.04809731707469436,4.809731707469436,0.04735717786655288,-0.004204580553302834,-0.42045805533028346
996,16.616600000000002,1539.98332221481,900.1901267511674,13526.5,1516.7655172413793,854.0758620689655,-2.037227432011416,detected,1539.8203015981444,900.0985241093965,40.64209824986028,-15.43524125435738,43.47443872819421,36.00356717444036,-13.812724129726455,38.56226390097406,38.99000444517646,37.95487781262746,244.10718380512157,-1.532556043206758,-3.2962618347834844,38.4211251147714,1.9429909168430846,1.1357710083399326,0.04865900807693888,4.8659008076938886,0.047892590299845376,-0.00415932092717159,-0.415932092717159
997,16.633283333333335,1540.733779264214,900.1317725752508,13464.5,1521.9460580912862,852.0331950207469,-1.9431806010457855,detected,1540.4498661074585,899.8514593583861,40.27175389217973,-15.671483295291637,43.21353434083931,36.315104164569064,-13.940128337200473,38.89876564289825,39.02190243636165,38.39243983384693,244.0259607465723,-1.1101201614360263,-3.3726311727535574,38.75228157816895,1.9437853200094115,1.1354592547108975,0.04908361595318391,4.908361595318391,0.04844471903324534,-0.0042556860224019655,-0.42556860224019655
998,16.649966666666668,1542.0760869565215,900.2241847826087,13536.0,1516.2153284671533,854.7153284671533,-2.0875488347104008,detected,1541.0515365544156,899.5999754033195,36.75722282587412,-15.002016546690356,39.7008051598218,36.45170559707271,-13.910649846120565,39.01580474726923,39.07371661497019,38.83614761976626,243.98469241133108,-1.270259926917185,-3.486948901789825,38.85967328006429,1.944544525620714,1.1351419247991414,0.04923129936563941,4.9231299365639405,0.049004602674783924,-0.004399935522763187,-0.43999355227631864
999,16.66665,1542.7717678100264,899.575197889182,13669.5,1517.1604938271605,854.2057613168724,-2.084707571404881,detected,1541.6692392943924,899.35202124928,33.77134533878507,-15.910745170413065,37.3316966915422,36.621129697956164,-14.075406205207276,39.23294789072209,39.1356152053841,39.27882177188553,244.05308872102893,-1.859720340067416,-3.366538668007948,39.08824142364199,1.945323961254754,1.1348290488949906,0.049505297022993174,4.950529702299318,0.04956318204654326,-0.004247998319252932,-0.42479983192529314
1000,16.683333333333334,1542.6475800954329,899.0613496932515,13646.5,1519.0619834710744,853.4958677685951,-2.048440227744765,detected,1542.2739112878967,899.1286369470678,32.60064280083088,-17.560558537441466,37.02938194426522,36.89756906184704,-14.332442759508911,39.583450053379266,39.26089864826746,39.71332849901938,243.95647473867058,-1.628070240762753,-3.3228801886834827,39.44373188961746,1.9460869543064945,1.1345471759584451,0.049947571045273524,4.994757104527352,0.050111455519267364,-0.004192908755436571,-0.4192908755436571
1001,16.700016666666667,1542.633812457221,898.8829568788501,13581.5,1519.8125,853.1833333333334,-2.033944913320512,detected,1542.898004705455,898.887116474238,30.334141229479883,-18.01855177284301,35.282124824344905,37.0863614672517,-14.41800859602542,39.79041566451291,39.33862092018407,40.13269839118872,244.05339790122594,-1.4075862712991036,-3.261813309566458,39.6564969795398,1.9468744538870095,1.134242418264023,0.05020872639055258,5.020872639055258,0.05064062888478072,-0.004115852756550736,-0.4115852756550736
1002,16.7167,1543.700754975978,898.4049416609471,13668.0,1520.0185185185185,853.1703703703704,-2.0531003420896594,detected,1543.5494176386546,898.6354622257983,28.612845225405636,-18.642834896168097,34.15040563241967,37.210122284276395,-14.533264569957403,39.947577892422736,39.359632862225304,40.53024043094781,244.03977902726416,-1.7821085126887992,-3.221788830132379,39.817446630908115,1.9476964260424665,1.133924873471039,0.05040703835006024,5.040703835006024,0.0511422592188616,-0.004065348681555053,-0.40653486815550527
1003,16.733383333333332,1544.1419795221843,898.1098976109215,13572.5,1523.9025423728813,851.0550847457628,-1.9769996191843704,detected,1544.1923997761114,898.3842228219478,27.106016764850665,-17.163697428808746,32.08315218746533,37.35118161015449,-14.601349520558118,40.10374266195421,39.24951251594622,40.89965102623684,243.90963257638725,-2.5984617966672725,-3.313114163942865,39.96665422615367,1.9485077599698568,1.1336078521412591,0.05060409168700847,5.060409168700847,0.051608392462128505,-0.004180585695826959,-0.41805856958269594
1004,16.750066666666665,1543.8750848608283,897.8323150033945,13650.0,1518.237354085603,853.8949416342413,-2.0989997607786943,detected,1544.8234705657412,898.1218909156389,29.102542803519555,-16.000226511772325,33.21092058433054,37.38444418753213,-14.798646283740688,40.2069222776623,39.05209631461143,41.23511784145473,243.60360333733405,-3.105174023248736,-3.3645977864643264,40.065896729978434,1.9493040638053518,1.1332768339629513,0.05073428678569376,5.073428678569376,0.052031694437166855,-0.004245549257368236,-0.4245549257368236
1005,16.766750000000002,1545.1997310020174,897.7444519166106,13669.0,1519.7025089605736,853.6594982078853,-2.0951562884627672,detected,1545.4448589069536,897.846287446706,32.96756379764838,-15.841574568267106,36.57616365276686,37.62376743887041,-14.902861891080214,40.46780410201196,38.797939253075306,41.53141798186146,243.56936623342702,-3.5187092601492362,-3.401742345567879,40.324574614658815,1.9500881500403202,1.132929069333383,0.05106347520758608,5.106347520758607,0.0524055747405192,-0.0042924193634925915,-0.42924193634925917
1006,16.783433333333335,1545.706083390294,897.6390977443609,13673.0,1523.4902723735408,851.4513618677042,-2.019120114105672,detected,1546.1249428538513,897.5478333003031,34.51606490463382,-17.36290921323325,38.63714990585971,37.88610488591437,-15.173287929482209,40.81158671281325,38.58572695490341,41.78400967768756,243.3528599676814,-4.26646427121566,-3.4300481147736317,40.66719046046595,1.9509463001310428,1.132552471041392,0.05149727030007982,5.149727030007982,0.05272430243241333,-0.004328136422427296,-0.4328136422427296
1007,16.800116666666668,1546.0822368421052,897.1019736842105,13557.5,1527.861471861472,849.5497835497836,-1.9367139535155693,detected,1546.8322783545034,897.2625020612396,37.53727300805576,-18.70854545542693,41.94110797223993,38.2005699757985,-15.448786098337372,41.206171120210385,38.41316831265363,41.98911608675896,243.30757450217442,-6.342882228509463,-3.357309047955665,41.06917352887169,1.951838837040383,1.1321924316230154,0.051995168605943706,5.199516860594371,0.05298311178139933,-0.004236352110985066,-0.4236352110985066
1008,16.8168,1546.4801880456682,897.32639355272,13531.5,1522.696153846154,851.9384615384615,-2.053472175944522,detected,1547.534514220476,896.9189651952969,42.58839496301471,-18.11071481079739,46.27925427752453,38.35140037489604,-15.479254195190904,41.35743247778942,38.2845549203139,42.143799293761276,243.01572896499664,-6.584247003257522,-3.607744826726922,41.19977425205309,1.9527249390794652,1.1317589466186713,0.052186034672289494,5.21860346722895,0.053178295638815494,-0.004552359402809996,-0.4552359402809996
1009,16.833483333333334,1547.3045484508898,896.5385629531971,13536.5,1527.946502057613,849.6913580246913,-1.9626442146418095,detected,1548.2765303884928,896.6097796260893,47.67703194030173,-18.27307956149025,51.058836760125125,38.4624224255778,-15.356206370757038,41.414623177627355,38.24060997761798,42.246022137670174,242.88616333399347,-7.156912366177685,-3.8610271079932925,41.23425132843096,1.9536612370832718,1.1313688070991665,0.052258199593220644,5.225819959322065,0.05330728345447341,-0.00487195849589059,-0.487195849589059
1010,16.850166666666667,1548.201223657376,896.2114208021754,13719.0,1526.8477366255145,850.2139917695473,-2.0054225052121124,detected,1549.0101379738742,896.3238283989298,48.98122644510386,-16.380618193828013,51.64770272217837,38.473174843511096,-15.1488011339696,41.348172369960125,38.33792682335025,42.29469523052234,242.72612699600703,-7.938142681808085,-4.165460260761764,41.137820787590925,1.9545869248881695,1.1310079853614257,0.05217434999364054,5.217434999364054,0.053368700606337346,-0.005256101275409166,-0.5256101275409166
1011,16.86685,1548.5859000684463,895.5386721423682,13687.0,1524.800925925926,851.4583333333334,-2.0656061987060785,detected,1549.723424697113,896.0386377226971,53.823146647654085,-17.684306762542292,56.653912669175604,38.3302701443012,-14.960181582005125,41.146283456731226,38.60544359124549,42.289706502746604,242.577524233091,-9.055951634169755,-4.373752291839912,40.913163324183316,1.9554869712266412,1.130648123309397,0.051919600576317004,5.1919600576317,0.05336240568169919,-0.005518930336706513,-0.5518930336706513
1012,16.883533333333332,1550.3306177868296,895.1126951799049,13889.0,1525.7368421052631,851.0485829959514,-2.0798646646786287,detected,1550.4238760832727,895.7479672943372,54.54924458651112,-15.646425603721582,56.74883892320448,38.15905147290586,-14.72653515152538,40.90212765714018,38.99236510455169,42.231930861119956,242.5011545177871,-10.429343705997919,-4.556473832813852,40.64754104606912,1.9563708215561801,1.1302813467436432,0.05161151754844187,5.161151754844187,0.053289502663873764,-0.00574949379534871,-0.574949379534871
1013,16.900216666666665,1551.334693877551,895.6455782312926,13824.5,1527.7207547169812,850.211320754717,-2.050109865785503,detected,1551.0923401123493,895.4688158419036,54.027518018877345,-14.747860571005958,56.004214972642444,37.92125038927544,-14.5604022659875,40.620518771102574,39.35038063629872,42.123218080647874,242.33376038743808,-10.848076894487233,-4.7119318226495395,40.34630396619001,1.957214309290031,1.1299291051632854,0.05125617510549221,5.125617510549222,0.05315232565381436,-0.005945655296718662,-0.5945655296718662
1014,16.916900000000002,1552.3457814661135,895.1687413554633,13801.0,1525.5529411764703,851.2392156862745,-2.1184671493703826,detected,1551.7449891682666,895.2088013557527,51.10758521001526,-13.596647523660522,52.88529181049902,37.74076920971321,-14.385500033777653,40.389457433378,39.665009143464815,41.96635784457978,242.35967072373612,-10.801323848218878,-4.76489904326923,40.10740591050617,1.9580378412217876,1.1296010111744514,0.050964615057890225,5.096461505789023,0.052954394756567554,-0.006012490906333413,-0.6012490906333413
1015,16.933583333333335,1552.9177989130435,895.6677989130435,13834.0,1527.0566037735848,850.6075471698114,-2.09182217598215,detected,1552.3768261834737,894.9734404161826,49.76301658028751,-11.501753354937819,51.07492681744922,37.5913923585758,-14.180175624892106,40.17698545447599,39.93035695182715,41.765021839258594,241.785888604622,-10.517819880107258,-5.276613133843226,39.82897832037534,1.9588351119034368,1.1293040257617446,0.05069651161448075,5.069651161448075,0.05270034301483734,-0.006658186919675995,-0.6658186919675995
1016,16.950266666666668,1554.4352296093214,894.167237834133,13902.5,1525.1145038167938,851.7557251908397,-2.1756857466648265,detected,1553.0006313999306,894.7274888771209,44.79356916246388,-10.80506347272808,46.078338023002935,37.588536211853075,-13.921123420463188,40.083609266601215,40.18468156424542,41.52368390999415,241.54102697464808,-10.572143143162071,-5.6731661356926235,39.68010733143736,1.9596222478232566,1.1289936768165565,0.050578686771736554,5.057868677173656,0.052395815659298614,-0.007158569256394478,-0.7158569256394478
1017,16.96695,1554.1640625,894.8046875,13774.5,1531.22,849.205,-2.0369709044271995,detected,1553.5904568201481,894.4956361164976,38.414389187825236,-10.05060137004989,39.707428581732074,37.492575959850946,-13.612945643487718,39.887410810903035,40.35854535846537,41.24752037727309,241.41040496367071,-10.547071900510838,-5.9882949317453615,39.435337769672735,1.9603665070285783,1.1287011181280728,0.0503311177424644,5.033111774246439,0.05204734432463482,-0.007556208115767018,-0.7556208115767018
1018,16.983633333333334,1554.9462809917354,894.4641873278237,13667.0,1533.711462450593,847.6600790513834,-1.9967192727866192,detected,1554.2246298313396,894.2508409011282,34.77422431192326,-12.567618771269508,36.975555683125584,37.464966434909336,-13.373170715138315,39.78021373679528,40.397984003062774,40.94229358904985,241.31411743728455,-9.920842461794043,-6.251652133203981,39.285903967587686,1.96116672533923,1.1283922282664078,0.05019585329564074,5.019585329564074,0.05166220011236574,-0.007888520041897768,-0.7888520041897767
1019,17.000316666666667,1555.3613267466478,893.7600564573041,13578.0,1526.6455696202531,851.3037974683544,-2.1654803864115366,detected,1554.8507460565284,894.0077110050158,34.203606076509004,-15.232064684918669,37.44198797076018,37.39413986910588,-13.235903462149842,39.6675035389121,40.30707325988807,40.61422254777265,241.17256320226852,-9.94349649224883,-6.434798072079548,39.142102789466556,1.9619567773583955,1.1280854397539632,0.050053632225756595,5.005363222575659,0.05124823034419262,-0.008119619018396907,-0.8119619018396907
1020,17.017,1556.726533166458,894.3385481852315,13655.0,1530.0555555555557,849.3282828282828,-2.105722259385129,detected,1555.4452771978006,893.7689288270283,33.36495803097432,-16.1152035020516,37.0529379175419,37.37731392557787,-13.006462032351259,39.575644668030264,40.157555190387676,40.26984492995674,240.9606668045529,-9.214388627104118,-6.771942683094686,38.991953569769656,1.9627069743820829,1.1277841373211714,0.04993772197858709,4.993772197858709,0.05081368445420409,-0.008545038085923894,-0.8545038085923894
1021,17.033683333333332,1556.2044685172648,893.7779282329045,13752.0,1534.125,847.2316176470588,-2.0137181531043447,detected,1556.02812151307,893.5546546781645,30.969390730361283,-14.600773784655075,34.238658813108586,37.52722310861957,-12.799249720908927,39.649883576907236,40.036115549285405,39.91587499686603,240.7834977753875,-9.47573475819742,-7.146503775042994,39.000522451059474,1.9634424246221704,1.1275137598462646,0.05003139883521418,5.003139883521418,0.050367034696360925,-0.009017670378603147,-0.9017670378603148
1022,17.050366666666665,1556.8260869565215,894.1197324414716,13806.5,1532.2727272727273,847.702479338843,-2.057350867579612,detected,1556.6470279728753,893.3354025097508,32.67811815944833,-16.576250943926425,36.641936381677326,37.551223165139305,-12.467102861287447,39.56669072530601,39.90115772626653,39.559061819611394,240.67694481043682,-8.329124881210529,-7.520363916527453,38.84542626249593,1.964223379145584,1.1272371009586761,0.04992642362814639,4.992642362814639,0.04991679724872101,-0.009489418191201833,-0.9489418191201834
1023,17.067050000000002,1557.3857729138167,893.1463748290014,13798.5,1530.3429752066115,848.8429752066115,-2.118827855000737,detected,1557.300502008839,893.164852113203,31.946216269627712,-16.955909685831557,36.1671620011842,37.633558168680636,-12.221065196282197,39.5681580941955,39.81702060918729,39.206051962538965,240.37972524330306,-8.609754849456435,-7.976350444554873,38.755863666713694,1.9650479520616266,1.1270218954109819,0.049928275197723034,4.9928275197723035,0.04947135894326683,-0.01006479551363391,-1.0064795513633908
1024,17.083733333333335,1558.7185385656292,892.0595399188092,13829.5,1536.2172284644196,846.187265917603,-2.026831957413278,detected,1557.9704580061332,892.9829212045311,34.66709256258491,-16.18022448711008,38.2571166084966,37.67518867918723,-11.999580894506801,39.53997703155846,39.73342980271273,38.86326031007218,240.1008007503054,-8.983239957947738,-8.377681930506903,38.642259627607544,1.9658933224052155,1.1267923295956228,0.04989271549723465,4.989271549723465,0.04903881427138446,-0.010571207483289468,-1.0571207483289469
1025,17.100416666666668,1558.8836265223274,892.5683355886333,13799.0,1533.5720524017468,847.3013100436681,-2.080646034697294,detected,1558.6140102824836,892.8035548670979,34.69763504032471,-17.70830239893553,38.955228804920594,37.625162447450144,-11.84192553611093,39.444696089586095,39.67619836587707,38.53675210104566,239.991054692183,-9.627582768905015,-8.563184419673666,38.50397281053563,1.9667053757507682,1.1265659998323003,0.04977248717928845,4.977248717928845,0.0486268165312879,-0.010805280024824816,-1.0805280024824817
1026,17.1171,1558.9333333333334,892.3293729372938,13658.0,1533.480198019802,847.3762376237623,-2.086003313368365,detected,1559.232211095631,892.6362797831758,37.09642285092468,-17.739494976989135,41.11975523240903,37.488492368170945,-11.702407213968746,39.27255268810469,39.66816958422782,38.23213849213007,239.79185679799804,-9.601107848624865,-8.748805217183016,38.28566052599524,1.9674854398683044,1.1263549271712,0.04955527153073147,4.955527153073147,0.04824244604685182,-0.011039501851335036,-1.1039501851335036
1027,17.133783333333334,1559.8219363574813,892.1814488828707,13681.5,1534.2576419213974,847.0043668122271,-2.0857410777685987,detected,1559.872073126411,892.4780059256933,35.526474556165795,-13.643449386506973,38.05619667744102,37.35109407115723,-11.667085998106462,39.130871751082275,39.75231186060084,37.954487176730794,239.44579909597348,-9.10861517111538,-8.940453690062611,38.09584507286188,1.9682928367525692,1.1261552125245342,0.04937649432313221,4.937649432313221,0.04789209738388744,-0.011281329577366071,-1.128132957736607
1028,17.150466666666667,1560.3288859239492,891.6050700466978,13678.0,1537.8266666666666,845.4266666666666,-2.02422337213205,detected,1560.5080827085296,892.3114549884432,32.21260854226739,-8.11709127274662,33.21956230637991,37.146168299242056,-11.605127541548683,38.91679334903156,39.883551880589515,37.7082488170723,239.43511049117555,-8.82803325401796,-8.896702334371234,37.88621770703458,1.9690953725028766,1.1259450536131776,0.049106363847358434,4.910636384735843,0.047581386519965053,-0.011226122819395879,-1.1226122819395878
1029,17.16715,1561.8904731043422,891.797796500324,13664.0,1535.5105485232068,846.8059071729958,-2.101100904157589,detected,1561.108901361574,892.1481643788549,28.788812457314634,-5.108422834941848,29.238531197086314,36.79027930139162,-11.568425011077132,38.56621718954712,40.028263687365346,37.497199370686495,239.05356246222595,-8.760404547401244,-8.99726447490913,37.5020311487239,1.9698535032953617,1.125739008679943,0.04866399645368722,4.866399645368722,0.04731507807026687,-0.011353015110295434,-1.1353015110295432
1030,17.183833333333332,1561.7938144329896,891.2639175257732,13572.5,1537.0227272727273,846.4659090909091,-2.0759020767468046,detected,1561.6996183677516,892.0109930971934,27.692277943005138,-5.289700658051743,28.19296349666778,36.64125864039866,-11.620677052892693,38.439848723950725,40.15475757275803,37.32439783580826,238.7241879065752,-8.884979563408352,-9.090677444934133,37.34945185022643,1.970598887530286,1.1255659218892031,0.04850454097659398,4.850454097659398,0.04709703196947415,-0.011470886365847487,-1.1470886365847488
1031,17.200516666666665,1562.311289245157,890.6199064796259,13535.5,1531.142857142857,849.5069124423964,-2.2194716815907887,detected,1562.2942003904473,891.874503331005,26.2953055935036,-3.041624420288599,26.470636096811834,36.398412650117145,-11.646361084907909,38.216255310643206,40.28666738640696,37.1921584978491,238.54987332053514,-8.402323869162677,-9.05564849838332,37.127852082257505,1.9713491487576622,1.125393695054896,0.04822240417746777,4.8222404177467775,0.04693016845154461,-0.01142668580237643,-1.142668580237643
1032,17.217200000000002,1562.5980595980595,892.063756063756,13608.5,1538.2627118644068,846.0338983050848,-2.0571286153029744,detected,1562.866766316503,891.7195243411328,24.42399483960662,-2.4073742833677443,24.542350638546242,36.13782189281938,-11.680913580366076,37.97875607795911,40.39647919792394,37.10203643209923,238.52681954310356,-7.003206926674096,-8.905063118133382,36.919991388016015,1.9720716294214549,1.1251981379698837,0.047922720603102986,4.792272060310299,0.0468164497565921,-0.011236672704269254,-1.1236672704269253
1033,17.233883333333335,1562.4907597535937,891.8357289527721,13723.0,1535.0380952380951,847.7952380952381,-2.1282086465796133,detected,1563.4299691133215,891.5903543527213,24.858946812211798,-2.661739206389484,25.001041822596235,35.792987815081425,-11.712057727152562,37.66046033885833,40.48442386583929,37.05482483355885,238.5139775757736,-7.509087941291626,-8.706675644972533,36.64019749056988,1.9727822954111314,1.125035147448229,0.04752108560108307,4.752108560108307,0.046756876761588455,-0.010986341507851778,-1.0986341507851778
1034,17.250566666666668,1562.9117231638418,891.6228813559322,13705.5,1535.0660792951542,848.2511013215859,-2.141542763494887,detected,1563.9873249667003,891.457474710858,26.419237008075015,-5.110529649569344,26.90898729770349,35.469220939515594,-11.913130710395178,37.416417751825634,40.49062554961143,37.05056272387584,238.44511503562637,-6.032381225192057,-8.409932120982026,36.45903672753309,1.973485583554196,1.1248674759758461,0.04721314542817115,4.721314542817115,0.04675149870520611,-0.010611901729945774,-1.0611901729945774
1035,17.26725,1563.2717770034842,891.4515679442509,13597.5,1533.446511627907,848.5023255813953,-2.177774607164848,detected,1564.5295559858228,891.3351598366157,32.973739538081645,-5.473981204431766,33.42502010996734,35.246399660869116,-12.244100871115945,37.31255412318723,40.483428055953624,37.08855170301989,238.39228289711218,-5.081779169456753,-8.044893618291225,36.434960983458645,1.9741697867328996,1.1247131354405246,0.047082087221687365,4.708208722168736,0.04679943432557715,-0.010151285322764953,-1.0151285322764954
1036,17.283933333333334,1563.8740484429063,891.6110726643599,13742.5,1531.6407766990292,850.1067961165048,-2.2311210199767144,detected,1565.026701025325,891.1475426686277,38.35701177673127,-7.199860939537302,39.02689265095258,35.13491944140804,-12.440741447794768,37.2724376976488,40.391667318397616,37.1673806137956,238.16432056634233,-4.097527278094465,-7.9639301269011025,36.411679841212326,1.9747970990855839,1.1244763945345462,0.04703146712637073,4.703146712637072,0.04689890298270739,-0.010049123188518742,-1.0049123188518743
1037,17.300616666666667,1564.6383866481224,891.1140472878999,13620.0,1535.4405286343613,847.7885462555066,-2.163802662391525,detected,1565.5530186999135,890.9314848132946,42.014185948471095,-10.74989470409082,43.36763836159108,35.209120898963526,-12.599058687235372,37.39543386942089,40.25394518122918,37.284957230156735,237.98000332214744,-3.4068504321130177,-7.986134403238324,36.53272685655485,1.9754612223342758,1.124203766325924,0.04718666734311785,4.7186667343117845,0.0470472646437309,-0.010077141202824385,-1.0077141202824385
1038,17.3173,1565.5595489781535,890.722339675828,13557.5,1534.7534246575342,848.2465753424658,-2.198277256973782,detected,1566.0815282705855,890.7479564546862,44.718640263497036,-10.710595055200429,45.983406066238096,35.41369305756366,-12.720074585274432,37.62884469964866,40.08816272727537,37.43854635767907,237.7607742514557,-1.8156903892765877,-8.132631130154616,36.739491889942045,1.9761281113824425,1.123972184800866,0.04748119205002986,4.748119205002986,0.047241067959216496,-0.010261995116914342,-1.0261995116914342
1039,17.333983333333332,1566.511768661735,890.3167451244116,13538.0,1544.5323383084576,844.0099502487562,-2.0139574726101275,detected,1566.6406685528157,890.560080997499,46.995993876665125,-9.865919646575321,48.02041035776586,35.6279183533387,-12.927164152965611,37.90066146164058,39.85658722825694,37.62481404285649,237.59583860431604,-1.4884232253735863,-8.178315509376937,37.007773435576645,1.9768336511707454,1.1237351179779167,0.04782417850049285,4.782417850049285,0.047476106047768446,-0.01031964102129582,-1.031964102129582
1040,17.350666666666665,1567.7074829931971,890.5931972789116,13420.5,1540.3021276595746,846.4340425531915,-2.126228345134809,detected,1567.2078176505897,890.4019663554475,50.19336540717586,-10.256205101101386,51.230495546833595,35.83285868584517,-13.09527151346643,38.15075225485278,39.545800314102244,37.8398778954624,237.49437068186126,-0.9388459279358483,-8.212201449201427,37.25640407995502,1.9775492967199872,1.1235356042340032,0.04813975047930951,4.813975047930951,0.047747479994274325,-0.010362399304986027,-1.0362399304986027
1041,17.367350000000002,1568.5569948186528,890.4928756476684,13484.0,1539.6215139442231,846.9402390438247,-2.157213866306057,detected,1567.813204078715,890.1658243346361,48.79701426398515,-8.826380326394201,49.58884542662521,36.180374186906015,-13.300178479244765,38.54755794968471,39.2796930231675,38.07936378204696,237.3252444006689,-1.5187309787142926,-8.33727219736235,37.635144694705104,1.9783131912665175,1.1232376332298248,0.04864045167152645,4.864045167152645,0.048049670387440964,-0.010520217283737981,-1.052021728373798
1042,17.384033333333335,1568.6551255940258,890.4419551934827,13622.5,1540.9454545454546,846.3454545454546,-2.131827584490237,detected,1568.4122664147578,889.9464443963927,45.58215723730336,-9.12976439793897,46.487478490106575,36.34939265097077,-13.357662709218959,38.7260312857864,39.12290530294889,38.33846930807931,237.32316192178567,-0.49516603769721396,-8.381507018211813,37.808145144285675,1.9790691058861298,1.1229608131184767,0.04886565461928884,4.886565461928884,0.04837661742344393,-0.010576034092380837,-1.0576034092380837
1043,17.400716666666668,1569.2300884955753,889.9911504424779,13474.5,1540.6612244897958,846.9387755102041,-2.1566616880355998,detected,1569.025428435058,889.7409054968679,41.12724062591269,-9.51453657174784,42.21346145102117,36.53865859531417,-13.540165146733028,38.966776157975005,39.01354174958202,38.612034554281294,237.45420709918847,0.8246486475231674,-8.242989013016006,38.0849415947698,1.979842811905436,1.122701458040212,0.049169433637823355,4.916943363782336,0.04872181016313097,-0.010401247965950797,-1.0401247965950797
1044,17.4174,1570.5284938941654,890.1458616010855,13485.5,1544.704280155642,845.1011673151751,-2.0913535851520626,detected,1569.6668842361682,889.4990479530007,37.55892655528123,-10.963390552067722,39.12631973981424,36.55641428626776,-13.72567372414028,39.04824637100617,38.94324961555697,38.894620451649985,237.39512073466403,0.2562265488813206,-8.135553667635898,38.19133816943068,1.9806522198563639,1.1223962750195593,0.04927223516846205,4.927223516846205,0.04907838542794951,-0.01026568286137022,-1.026568286137022
1045,17.434083333333334,1571.9685618729095,889.610033444816,13478.0,1542.95670995671,846.060606060606,-2.158463432641968,detected,1570.3259203573198,889.2642251730449,34.95919875323352,-13.634412973409553,37.523896314183084,36.74322344999261,-13.724609698026219,39.2228170948906,38.91246606657278,39.18059493766367,237.44701710538328,0.0935365808272956,-8.202373054336942,38.35557921784952,1.9814838111764288,1.1220999686726119,0.04949251368440455,4.949251368440455,0.04943923651440211,-0.01034999754490466,-1.0349997544904659
1046,17.450766666666667,1571.6618156618156,890.081081081081,13578.5,1545.540425531915,844.804255319149,-2.094077043384849,detected,1570.9500809223268,889.0336834062018,32.87635404262255,-16.08568740746523,36.60060101291439,36.79004079346339,-13.857788775017891,39.31342533178344,39.003374394511916,39.46422661670264,237.63318601547797,0.9459865540929978,-7.990277667995597,38.49286783426305,1.982271395485586,1.121809064234955,0.0496068458445217,4.96068458445217,0.04979713137754277,-0.010082369297155329,-1.008236929715533
1047,17.46745,1571.9496453900708,888.9794326241134,13495.0,1545.0669642857142,845.0223214285714,-2.119676968821193,detected,1571.5779084491317,888.8215915801597,31.169753204035715,-17.15362115466064,35.57808642293899,36.83288294868577,-13.928304023428474,39.37840676412189,39.11265390440869,39.73978508781573,237.71768126587602,1.7322523458562449,-7.8967689423568785,38.578490892616166,1.983063606875876,1.1215414404796968,0.04968884134274056,4.968884134274056,0.05014483922752774,-0.009964377214330447,-0.9964377214330448
1048,17.484133333333332,1572.192415730337,889.0196629213483,13649.0,1544.5458333333331,845.3333333333334,-2.1350155930020853,detected,1572.1975722003326,888.5771696139384,28.112683334276426,-17.728280401097436,33.23574717428869,36.913540519687956,-14.08515432150114,39.50950576708277,39.270550799754396,40.00164649057271,237.73878767968134,1.8635709731352788,-7.792974120174902,38.7333267396622,1.9838455169720286,1.121233021594875,0.04985426595215492,4.9854265952154915,0.050475263710501844,-0.009833405829873694,-0.9833405829873694
1049,17.500816666666665,1572.9232394366195,888.6802816901409,13601.5,1541.668292682927,846.3756097560976,-2.207094718198673,detected,1572.8378678138567,888.2921606961106,27.257493413613247,-20.697403730296173,34.22504153931807,37.14235170704315,-14.347505321311735,39.817147050922166,39.42650188281565,40.244402249697345,237.94465037548645,2.7849201542697464,-7.552842969784335,39.094242061313054,1.9846534609638573,1.1208733888909914,0.05024245684658949,5.024245684658949,0.05078158012580107,-0.009530401223702632,-0.9530401223702631
1050,17.517500000000002,1573.6088173547937,888.3100069979006,13542.5,1545.3215859030838,844.9691629955947,-2.149045633190328,detected,1573.481715771924,888.02741244257,27.308459294942168,-21.713370351950743,34.88871452353163,37.2573488460291,-14.538026994073915,39.99330283828941,39.48480456714493,40.46296852925167,238.05534815939927,3.4142109813754105,-7.376473216504003,39.3071483931527,1.985465887409368,1.1205393216940949,0.05046473544263648,5.046473544263648,0.05105737353848791,-0.009307852639121771,-0.9307852639121771
1051,17.534183333333335,1573.7830832196453,887.6575716234652,13570.5,1549.0049261083743,843.1182266009853,-2.078479284432077,detected,1574.1048187996025,887.7555183795126,31.111370034785068,-22.29201773988507,38.27337717469773,37.32321617541219,-14.737465581641223,40.12748880065397,39.36345630483719,40.65269355311925,237.99891111359216,4.96541781536007,-7.280961577546721,39.461410972656545,1.986252137286565,1.1201962377028551,0.05063405526896401,5.063405526896401,0.051296774199519564,-0.009187333220879144,-0.9187333220879144
1052,17.550866666666668,1574.1168831168832,887.6985645933014,13614.0,1544.155462184874,845.1218487394958,-2.1840041201218763,detected,1574.7287858622065,887.4759581986642,32.076931180467,-21.316472350552885,38.513913166910235,37.48805861340416,-14.914500751380102,40.345964745745555,39.214171118202366,40.80945971595176,238.16581503350687,5.627385789406848,-7.102521893731032,39.71587911672124,1.9870394774286517,1.1198434803768635,0.05090973469494708,5.090973469494708,0.051494586392368154,-0.008962172736569126,-0.8962172736569126
1053,17.56755,1574.6154366960054,887.381855111713,13622.5,1549.2,843.0,-2.0908655655977624,detected,1575.3576102099476,887.1732108979976,32.55563637571231,-23.756379189319432,40.30179911634631,37.62466579058984,-15.124261608763005,40.5506937679725,39.08696213835243,40.929777318079196,238.4013489906822,7.233051481232888,-6.832112531366656,39.97100203175581,1.987832946637158,1.1194614648555175,0.05116806784602208,5.1168067846022085,0.05164640671051003,-0.008620962184689787,-0.8620962184689787
1054,17.584233333333334,1575.9257067718606,886.4319526627219,13680.5,1549.3716814159293,842.787610619469,-2.117382921228527,detected,1576.0272278648665,886.8719787934103,33.49926090943018,-26.597852118026594,42.774364037008056,37.88656177917022,-15.252600418720391,40.841564404170796,38.95376973589781,41.010866831074225,238.6905960196797,7.435681000150908,-6.656687613312698,40.295432656801204,1.9886778900503048,1.1190813612535147,0.05153509703996315,5.153509703996315,0.05174872786255423,-0.008399605821214762,-0.8399605821214762
1055,17.600916666666667,1576.0393333333334,886.2513333333334,13668.0,1549.1711711711712,842.8693693693693,-2.125314782545041,detected,1576.7075338968596,886.5427389264092,37.74099115104718,-24.691972447432136,45.10073077465785,37.91666119731846,-15.364521599722742,40.9113886386246,38.832894716770745,41.050726831504505,239.01203437787746,7.9891171639269345,-6.350069957099365,40.41557041389526,1.9895363203745864,1.118665916626384,0.05162320332949477,5.162320332949477,0.05179902439306563,-0.008012706570472384,-0.8012706570472384
1056,17.6176,1576.7905084745762,886.2759322033899,13725.0,1550.5458333333331,842.075,-2.106613781256346,detected,1577.414286976164,886.1775398309375,42.30556381033011,-21.20377879055991,47.3218867365716,37.785226414366036,-15.455870360843305,40.82410150629281,38.73246640003166,41.04818509490619,239.03229344264113,7.5274961837028,-6.1898210407916245,40.35211740762897,1.9904281223673996,1.11820509757847,0.05151306183759346,5.1513061837593455,0.05179581715445576,-0.007810499736014669,-0.7810499736014669
1057,17.634283333333332,1577.0815913688468,885.614295347269,13726.0,1545.7480916030534,844.206106870229,-2.2185704894669467,detected,1578.1034030035505,885.88144057472,46.440708854781406,-20.0614367499511,50.58854300537683,37.620273497172626,-15.392449135145513,40.64741650314458,38.72535452899795,41.00293079078223,239.3722877648915,8.293398113096016,-5.92080034436635,40.213885557879905,1.9912976694051112,1.1178314707567447,0.05129011546138118,5.129011546138118,0.05173871393158641,-0.0074710414439953955,-0.7471041443995395
1058,17.650966666666665,1577.641458474004,884.7893315327482,13681.0,1552.9436090225563,841.0,-2.084336069384729,detected,1578.76042650553,885.5831062987494,47.904321308622,-18.528489691590494,51.362719264959786,37.357462879937444,-15.301898132498032,40.369891246859346,38.81205568298253,40.91552625965715,239.59537437536352,8.496964471725445,-5.70926767368354,39.96413869850673,1.9921267211426248,1.1174550237208194,0.05093992586354492,5.093992586354492,0.0516284243024065,-0.007204123247550208,-0.7204123247550208
1059,17.667650000000002,1578.659137577002,883.7556468172485,13753.0,1553.2620689655173,841.0586206896552,-2.107398704933679,detected,1579.4196902404165,885.2813801564923,48.06838177504778,-17.905594599281812,51.295025532945935,36.96330612966504,-15.168196761040463,39.95447650785793,38.97952026895001,40.78739749699864,239.8376850079352,8.360894354590217,-5.457758381932619,39.57995788857557,1.99295859967245,1.1170742967274352,0.050415743227580995,5.041574322758099,0.0514667476302822,-0.006886761365214661,-0.6886761365214661
1060,17.684333333333335,1580.2860082304526,884.8525377229081,13713.0,1557.0378787878788,839.5530303030303,-2.0449554632938294,detected,1580.0365672138687,884.9958147535912,49.67174285354713,-15.91028001561267,52.157636528931356,36.629152105875136,-15.07367382213367,39.60947394868322,39.09210175683182,40.62080321668893,240.0745180711034,7.508216100496199,-5.209327969373032,39.265421538535946,1.9937369933298028,1.1167139618341846,0.049980408768054534,4.998040876805454,0.05125653402736773,-0.006573284503940734,-0.6573284503940734
1061,17.701016666666668,1581.054362416107,885.1120805369128,13664.5,1556.595667870036,839.6245487364621,-2.064147971533276,detected,1580.6442657052203,884.7277251946524,48.18151724962172,-13.363637825300884,50.00045420195108,36.26640351832033,-14.921342603122932,39.216048873304516,39.20371912856883,40.41878319294689,240.43885443010936,4.749700756388671,-4.913080092397269,38.90707047875872,1.9945038053062718,1.1163756784790568,0.04948397334170917,4.948397334170917,0.05100161917091091,-0.006199470148135356,-0.6199470148135355
1062,17.7177,1582.1767381416505,884.3944119558155,13671.0,1561.3171641791046,837.2574626865671,-1.98742192219482,detected,1581.2233566381028,884.4510009411384,46.35045239707824,-12.008902006067501,47.880874728905575,36.027158595927645,-14.775429138605444,38.93930485673921,39.26327660917657,40.18508743819906,240.65281157070172,3.486521074358947,-4.777690926212326,38.645091954084705,1.9952345194171646,1.1160264996102693,0.049134769535317625,4.913476953531762,0.05070673493779062,-0.006028632083548677,-0.6028632083548676
1063,17.734383333333334,1582.4743677375257,883.835953520164,13749.0,1558.2723577235772,838.7967479674796,-2.063878922183092,detected,1581.799753786292,884.1792569778821,40.23337793012888,-10.32900852563671,41.538092358596074,35.84973363910854,-14.67796590720973,38.738173487765806,39.305529945894484,39.924088612229994,240.63235045616813,2.540763245026042,-4.789418344756106,38.44096196880556,1.9959618344306527,1.1156836050194097,0.048880976009799126,4.888097600979913,0.050377398879785484,-0.0060434300880203235,-0.6043430088020324
1064,17.751066666666667,1583.070621468927,883.1094632768361,13771.0,1559.0,838.2123552123552,-2.062927333900325,detected,1582.3813179613753,883.9152606543388,34.60306666217184,-9.358946419120684,35.84636802386931,35.71773398671527,-14.659068474211466,38.60886957264322,39.292188756382046,39.640680812645584,241.01640744909417,2.71843792024685,-4.484209692410234,38.34757714787037,1.9966956693518934,1.1153504866300805,0.04871781649544887,4.871781649544887,0.05001978651437929,-0.0056583087601390965,-0.5658308760139097
1065,17.76775,1583.7176056338028,883.8985915492958,13659.5,1557.1333333333334,839.3333333333334,-2.1086564585095693,detected,1582.9877265236573,883.6271693531655,30.324778764824714,-13.114444357502862,33.039080767200566,35.62028372919971,-14.338612141088289,38.397921963060114,39.19433688852218,39.340168483294605,241.03031926506702,2.8222818252454416,-4.708058384082522,38.10819593385817,1.997460853657612,1.1149869644834898,0.048451636546448094,4.84516365464481,0.04964059114611307,-0.005940767677075738,-0.5940767677075738
1066,17.784433333333332,1584.0041841004183,883.8110181311018,13675.0,1559.7640845070423,838.2464788732394,-2.0597109912988083,detected,1583.5676467718772,883.3793951323903,28.948916487808674,-13.694889168974669,32.024830291019825,35.729249615846996,-14.124448819110391,38.41977788268917,39.08092242892439,39.028149495026014,241.05400987034142,2.283512604833758,-4.932448142110404,38.10184100382242,1.998192614223189,1.1146743156244674,0.04847921499392955,4.847921499392955,0.04924687633441769,-0.006223909327584107,-0.6223909327584107
1067,17.801116666666665,1584.570644718793,882.8559670781893,13696.0,1560.2454212454213,837.9633699633699,-2.067363736916123,detected,1584.1378299024873,883.1596501230092,29.19303608014752,-12.140222065939042,31.6167415681488,35.745295140956294,-13.95194259220617,38.3716409189168,38.984179794873356,38.71039642725728,241.14503112786247,1.7331143578099537,-5.03074460863993,38.040431589204275,1.9989120882050315,1.1143970348555323,0.04841847434563635,4.841847434563635,0.048845926091176384,-0.006347942723835875,-0.6347942723835874
1068,17.817800000000002,1584.2042640990371,883.0852819807428,13772.5,1557.4192439862543,839.2233676975945,-2.1190222544713087,detected,1584.7056170588749,882.9338427325933,32.03112254412008,-11.395129899078029,33.997673403533064,35.76479721949243,-13.77782551542323,38.326873027744654,38.98231949928333,38.39273970544769,241.2630874158989,0.44459461771804554,-5.1144013821141225,37.9841031826143,1.999628538875552,1.1141121043944395,0.0483619848930532,4.836198489305319,0.04844509742012327,-0.006453503321279651,-0.6453503321279651
1069,17.834483333333335,1585.1356164383562,883.3089041095891,13863.5,1557.4650349650349,839.2027972027972,-2.131093755855336,detected,1585.3127734329782,882.7140552579805,33.30300185232136,-12.422748368346447,35.54454401731684,35.806670985459924,-13.4673023810196,38.2555345078695,39.00650837644767,38.08095559994232,241.3768974445279,0.15458741036804752,-5.331574769940287,37.882188835326424,2.0003946667924017,1.1138347700416158,0.04827196783327382,4.8271967833273814,0.0480516789904635,-0.006727539141880489,-0.672753914188049
1070,17.851166666666668,1585.9094707520892,882.5188022284123,13679.0,1559.5685618729096,838.2240802675585,-2.1072902702972875,detected,1585.9328009812846,882.5291892384448,35.53427714012787,-15.312619354526532,38.69316688212577,36.07236453924916,-13.374578234127027,38.472000550962576,39.04210537656428,37.78066127892364,241.32632893197413,-0.583765719561662,-5.573845281689238,38.066088256728655,2.0011770359385297,1.1136015006163342,0.04854511110531556,4.854511110531556,0.04767275871157557,-0.007033243257652036,-0.7033243257652035
1071,17.86785,1586.4725795531483,882.1205145565335,13598.5,1561.751633986928,837.1699346405229,-2.0736075397658023,detected,1586.5601039056392,882.3659694708216,39.21186221638254,-15.038184453597069,41.996632366619316,36.061111918682535,-13.136301968688564,38.37924207464653,39.01541393772913,37.49721825491656,241.49985784654353,-1.4583115547456624,-5.662562668080575,37.959209768571036,2.001968585369892,1.113395545073592,0.04842806570933316,4.842806570933316,0.047315101898948345,-0.007145189486537004,-0.7145189486537004
1072,17.884533333333334,1587.3824561403508,882.0463157894737,13508.5,1561.806557377049,837.0983606557377,-2.0881183664506597,detected,1587.166354280193,882.1790655213706,41.692230410586035,-13.75967976160564,43.90410987312389,36.06044010612744,-12.999558685254044,38.33202142672583,38.98469102305308,37.23564478673007,241.74332321838472,-3.339336813900257,-5.621343308132619,37.917599687626335,2.0027335700696445,1.1131597041279124,0.0483684812955531,4.83684812955531,0.0469850407403534,-0.0070931776758771225,-0.7093177675877123
1073,17.901216666666667,1588.2532963219987,881.9972241498959,13624.0,1562.484949832776,836.7759197324415,-2.088734707951636,detected,1587.7471947590525,882.010500291238,43.60651675506688,-14.323552793054432,45.89871967849807,36.076251950706286,-12.837072131305764,38.29211897656209,39.0010863184341,37.000537200043375,241.54062124448942,-3.4824705547638266,-5.905839175414679,37.833945595844526,2.00346649180953,1.112947003522067,0.04831813120070926,4.831813120070926,0.04668837501582761,-0.00745216299736868,-0.745216299736868
1074,17.9179,1588.5366022099447,881.5372928176796,13566.5,1563.8790322580644,836.3145161290322,-2.0699828512221803,detected,1588.3590674775055,881.8453808266028,39.89772878648364,-12.506783251888919,41.81206033705508,35.968944980723506,-12.687670398238582,38.141079994680986,39.026996849072475,36.795999753066596,241.18124478579716,-4.212890847411209,-6.222199260750985,37.63012383078435,2.004238570949534,1.1127386508853032,0.04812754573461323,4.812754573461323,0.046430283600084034,-0.007851355534070644,-0.7851355534070644
1075,17.934583333333332,1589.3856749311294,881.2658402203857,13527.0,1570.034632034632,833.3116883116883,-1.9543439629318853,detected,1588.9692027656436,881.6835778950194,34.287500970946894,-7.845748662065944,35.17369037933032,35.8776341021011,-12.564537354776801,38.014105641246246,39.031350574068284,36.625582644742906,240.87033039214353,-4.299690075379533,-6.489415945083763,37.456103753534244,2.0050084577484464,1.1125344831482895,0.047967325730279176,4.796732573027917,0.046215246239423226,-0.00818853747013724,-0.818853747013724
1076,17.951266666666665,1590.4031485284052,881.1115674195756,13514.5,1566.3537906137185,835.3718411552346,-2.054860157404901,detected,1589.554346853941,881.5106039297733,29.91890786735985,-7.062698833088916,30.74122253233405,35.75978005372432,-12.490959865369987,37.878568450365485,39.029542578942404,36.49222802058578,240.641456089125,-3.52517228638375,-6.645333457802675,37.29109130990446,2.005746809910336,1.1123162194697456,0.04779630088374194,4.779630088374194,0.046046975420297516,-0.008385278811107478,-0.8385278811107477
1077,17.967950000000002,1590.9569444444444,881.0277777777778,13630.5,1569.2380952380952,834.2467532467532,-2.0054505006771217,detected,1590.1440298187922,881.3576720774274,26.13156589336586,-6.738164060181816,26.986322293733316,35.50104688212714,-12.41637629590866,37.60971589959956,39.04311975327772,36.39822426975032,240.0752417148389,-2.8129395165253803,-6.949092872195804,36.962154135036414,2.006490889361252,1.112123245523568,0.04745705476290165,4.745705476290165,0.04592835870000041,-0.008768571447565683,-0.8768571447565684
1078,17.984633333333335,1591.459972862958,880.9409769335142,13585.5,1565.5569105691056,835.7642276422764,-2.091405914171253,detected,1590.7205595267167,881.2116196086881,21.978014994715522,-5.7276959794826325,22.712103476809933,35.22182117967992,-12.385934278716308,37.33614944219648,39.11042683544154,36.34516936951102,239.79895719110732,-1.803205409384657,-7.013095154586617,36.67157688895779,2.0072183716425447,1.111938952187619,0.04711186049488515,4.711186049488515,0.04586141245364167,-0.008849331425345889,-0.8849331425345889
1079,18.001316666666668,1591.213639526792,881.1565762004175,13461.0,1566.2741312741314,836.015444015444,-2.075540480313581,detected,1591.3005798474755,881.0512962857457,21.545867216859733,-5.63315238375867,22.270087559441635,35.09891884341057,-12.506786207570865,37.26062003265923,39.23879770103898,36.333944382460096,239.4952940244758,-0.9694791409499885,-7.040841392924964,36.58934759869163,2.007950258482619,1.1117366514646634,0.04701655524625771,4.701655524625771,0.04584724843212631,-0.008884342451640334,-0.8884342451640335
1080,18.018,1590.8,881.5464285714286,13441.5,1567.0891472868218,835.5387596899225,-2.0466621395899374,detected,1591.8567356863186,880.8920233903895,20.4784717073494,-6.709660968044545,21.549648576596564,34.91666489804088,-12.640571499140766,37.13431748971522,39.35035309196834,36.36469836984023,239.27973108809113,-0.6247939915427392,-6.9703354072022154,36.47426434814105,2.0086520324117587,1.1115356762023842,0.04685718295232205,4.685718295232205,0.04588605472535045,-0.008795375908141598,-0.8795375908141598
1081,18.034683333333334,1589.5112494016275,876.6902824317856,14306.0,1567.3162055335968,835.2608695652174,-2.062618922735253,detected,1592.4037942883963,880.7255896104131,22.890409142109547,-7.834057981568549,24.193868957894068,34.791782680999226,-12.676764887902285,37.029292595795425,39.43952174977058,36.43684592053886,239.15578402314225,-0.37425561714379635,-6.954121073772788,36.370437311590564,2.0093423271777873,1.1113256651235497,0.0467246594268712,4.67246594268712,0.045977092644213076,-0.008774916181416768,-0.8774916181416768
1082,18.051366666666667,1592.10768126346,880.6683417085427,13688.5,1568.2122448979592,835.3102040816326,-2.0556666347828627,detected,1592.9198553229699,880.5303238417398,27.56293353504543,-9.788360425696283,29.24939836784116,34.69964980167301,-12.707782234245467,36.95339531993982,39.47189127812419,36.549078204180525,238.79852973360676,-0.9864511732753027,-7.106503627006205,36.263632359032904,2.0099935082939684,1.1110792729864225,0.04662888999361492,4.662888999361492,0.04611871066773568,-0.008967197005686064,-0.8967197005686064
1083,18.06805,1592.0084388185653,880.71870604782,13608.0,1566.949790794979,835.744769874477,-2.0791364881017445,detected,1593.4152067543703,880.3470149341314,32.724579103316046,-12.733724170184587,35.11475201011012,34.676476205993424,-13.009783958279932,37.03663700588845,39.45896347613191,36.699387962472834,238.7367468061879,-0.8173688429910543,-6.875428088646819,36.392869759113424,2.010618557418764,1.1108479683711439,0.046733926821310355,4.673392682131036,0.0463083759778837,-0.00867561903930198,-0.867561903930198
1084,18.08473333333333,1593.2545061283345,880.1759192501802,13498.5,1566.0528455284552,836.1260162601626,-2.1239980911082554,detected,1593.9101051408174,880.0992288914615,37.26285897497928,-11.310206762026155,38.941513016175634,34.778262812580515,-13.301886387303583,37.23530241211495,39.37019721823622,36.88510822112474,238.55792652565344,-0.4338532561385877,-6.792859809060253,36.61044661481347,2.011243034878003,1.1105353045949042,0.04698460872191161,4.698460872191161,0.04654272330741292,-0.008571431935722717,-0.8571431935722718
1085,18.101416666666665,1593.681623931624,879.9337606837607,13470.5,1558.408163265306,839.8775510204082,-2.292788691346301,detected,1594.4462961444538,879.8648427275281,42.93956488570666,-11.666215597864039,44.49614386606618,35.013193534147725,-13.298036961503902,37.453457897625526,39.16029107791843,37.102963838223104,238.516714073659,0.46067975733197974,-6.945166974075786,36.803887895050096,2.0119196165860616,1.1102395491830008,0.04725988378249278,4.725988378249278,0.046817619985139565,-0.0087636176329032,-0.87636176329032
1086,18.1181,1594.9687721788505,879.9212207239177,13469.0,1564.5309734513276,837.0044247787611,-2.1876888510313925,detected,1595.0005367507172,879.6605077067115,44.81128869664553,-11.590428266605386,46.28595491137065,35.2561280559886,-13.295564420908589,37.67979032280828,38.90055866236969,37.34913441495457,238.71409224774618,-0.09003784186390082,-6.946611405906582,37.03391943537877,2.01261897381794,1.1099817131945888,0.04754547674802307,4.754547674802307,0.04712824531855467,-0.008765440259819032,-0.8765440259819032
1087,18.13478333333333,1595.6941340782123,879.5328212290503,13533.5,1569.0358744394618,835.4843049327354,-2.1150322077729853,detected,1595.587677317466,879.4348318989994,46.37118594387539,-12.604867670231897,48.05381956541565,35.54955897275936,-13.340307234185577,37.97018488577794,38.635750573519665,37.6193266645115,238.77808675142597,1.4518687362087888,-7.019081935654928,37.31577989323983,2.0133598451955406,1.1096969487684536,0.047911905218647244,4.791190521864724,0.04746918191105552,-0.008856885723223884,-0.8856885723223884
1088,18.151466666666668,1596.2672998643147,878.9538670284938,13428.0,1567.2540322580644,836.4717741935484,-2.1699894140876883,detected,1596.1729466380305,879.2055670497521,45.87924478814557,-11.777029144930793,47.36669207165655,35.819747472520866,-13.488643496712953,38.275289840530036,38.467642275938694,37.90885410427577,238.82851143750244,1.9574966752743763,-6.999168628555685,37.62990102146993,2.014098355379218,1.1094076555832835,0.0482968956978297,4.82968956978297,0.04783451621990634,-0.008831758521836828,-0.8831758521836828
1089,18.16815,1596.49694085656,880.2467709041468,13602.5,1571.486956521739,834.195652173913,-2.068320260042272,detected,1596.7829490202616,878.9537557328297,44.411333302121875,-13.561442618382216,46.435754021700056,36.016504893488914,-13.718638438300513,38.54075330534585,38.43402324392742,38.2127219022407,238.83621377725763,2.8160671087016,-6.899124479093251,37.91822446747083,2.0148680744735166,1.1090899125966305,0.04863186536952158,4.863186536952158,0.04821794561796934,-0.00870551984743628,-0.8705519847436279
1090,18.184833333333334,1598.2177747625508,879.196065128901,13405.5,1571.4166666666667,834.4078947368421,-2.110036338321139,detected,1597.4195440817925,878.7195483277412,41.280854018667924,-15.318855499782785,44.031536906333365,36.133852510454155,-13.760467779327753,38.66530448287161,38.520301863705306,38.52571483520333,238.91086234989456,2.616558071197348,-6.874490092864386,38.0492727488487,2.0156713489991076,1.1087943827479385,0.04878902773863926,4.878902773863926,0.04861288938196004,-0.008674435448409321,-0.8674435448409321
1091,18.201516666666667,1598.7184139784947,878.494623655914,13564.5,1570.992125984252,834.767716535433,-2.135897321078712,detected,1598.049679731912,878.4925332032458,38.33325449876611,-16.534239465678183,41.747089421605935,36.21431269702315,-13.803761080666597,38.7559061833148,38.676246048856655,38.84248654791027,239.04513364559472,2.980952626055286,-6.789562295746665,38.15654737947438,2.0164664728478385,1.1085079283321715,0.04890335165087041,4.890335165087041,0.04901260132228426,-0.00856727103564248,-0.856727103564248
1092,18.2182,1599.3956785955436,878.4773801485483,13573.5,1568.6793248945148,836.0970464135021,-2.197959301718661,detected,1598.6640587164554,878.2446207697822,38.40115668332919,-17.310110040489008,42.122306967109914,36.3899703874928,-13.98636391423573,38.98523208016131,38.9079464072743,39.15764858017054,239.15178201133222,3.4309598824383865,-6.651828751953426,38.41355873384714,2.017241714468714,1.1081951050722805,0.04919272186771144,4.919272186771144,0.04941028212008901,-0.008393474765871831,-0.8393474765871831
1093,18.23488333333333,1599.4524765729584,878.7657295850067,13723.5,1570.918215613383,835.0408921933085,-2.148988035312678,detected,1599.2513379456634,878.0014656359158,35.87890312030095,-18.377360184751524,40.31157472086685,36.426982952977625,-14.084822560049874,39.05518292883305,39.12209654503588,39.46585790628749,239.29387286318598,2.8008879620713283,-6.490789958889421,38.512036551112075,2.0179827608147174,1.1078882847140894,0.04928098792281773,4.928098792281773,0.049799189787113556,-0.008190271241500846,-0.8190271241500846
1094,18.251566666666665,1600.68231292517,877.3659863945578,13600.0,1573.2420634920636,833.984126984127,-2.1347908719372146,detected,1599.8585126321022,877.7725873998257,33.43964748269991,-20.585857457062275,39.26814931989697,36.46984123611418,-14.130607502933785,39.11167841181637,39.32344430712502,39.761901985812926,239.45105998501964,1.7230255300927904,-6.367464458964367,38.58987930213268,2.018748911838615,1.1075994793688653,0.04935227559850647,4.935227559850647,0.050172746985252904,-0.008034655468724753,-0.8034655468724753
1095,18.26825,1600.3115891741843,877.3566967383762,13696.0,1569.1517857142858,836.0491071428571,-2.2170667288583847,detected,1600.4551516901452,877.5223221733773,30.594468570296613,-17.594164200028445,35.29272050999228,36.63322331875394,-14.256129443378931,39.30941715960786,39.43640815215928,40.04078055665874,239.55615524433574,1.15081401292549,-6.27123889166567,38.805951092477216,2.0195017686941896,1.107283687285019,0.04960178821401623,4.960178821401623,0.05052464423553153,-0.007913235194530814,-0.7913235194530814
1096,18.28493333333333,1601.2775873886224,877.2823851953393,13646.5,1564.8115183246073,837.696335078534,-2.315193232715472,detected,1601.0581061729015,877.2745485448656,29.383994953028832,-17.248978104772732,34.072663603812266,36.780840575450206,-14.479523040497012,39.52830404807381,39.42356307138711,40.297783608383845,239.9747452383735,-0.5625299017800911,-5.868016252031275,39.09032113174391,2.020262594539939,1.106971039173332,0.049877986180534774,4.9877986180534775,0.05084893830710896,-0.007404436911080474,-0.7404436911080473
1097,18.301616666666668,1602.358991825613,876.9284741144414,13553.5,1576.2243902439025,832.3170731707316,-2.1007299563949733,detected,1601.6687625100756,877.0208178137399,28.515931688334604,-18.587713741059815,34.03911664795885,37.01724571008526,-14.667523050349033,39.81724139607547,39.26955906927656,40.52856512488355,240.27195643271858,-2.1977935542906946,-5.619136790590883,39.41875206195617,2.0210331388139755,1.106650874212921,0.05024257589410154,5.024257589410154,0.05114014526799186,-0.007090393426613102,-0.7090393426613102
1098,18.3183,1602.0159279778393,876.6890581717452,13605.5,1576.3015267175572,832.1145038167939,-2.094046239623141,detected,1602.3134552892288,876.7812074324208,29.519977961818313,-19.708922219596843,35.494657540598375,37.20907723677243,-14.910068587791926,40.085228876791454,38.98522202877095,40.72921223372309,240.56816170329643,-4.123918491314361,-5.298298075318328,39.73353258407606,2.021846631279784,1.1063485267286068,0.05058073044390089,5.058073044390089,0.05139332773971368,-0.006685549621852781,-0.6685549621852781
1099,18.334983333333334,1602.622950819672,876.396174863388,13612.0,1577.8659003831417,831.3448275862069,-2.0732783414263016,detected,1602.959322242809,876.5033681618235,29.582879222431984,-18.8946279109673,35.10204704832615,37.33107668949237,-15.07263675471,40.25908177711205,38.73148531913773,40.89630931663963,240.58477988071425,-4.538674060436205,-5.205081256719627,39.92118228017729,2.0226616053537025,1.1059979408982001,0.050800103188784924,5.080010318878492,0.051604175793867044,-0.006567925875986911,-0.6567925875986911
1100,18.351666666666667,1603.4695244474212,876.2417950435365,13649.0,1579.979079497908,830.0460251046024,-2.0412190005177693,detected,1603.6208173298057,876.2027309078256,32.619922268621394,-19.849899452299724,38.1847854135297,37.47808846792324,-15.163345366975983,40.42937246517281,38.521025456616734,41.02699643997351,241.03029351753173,-5.075823469811363,-4.886358652862475,40.13299960186467,2.0234962994697865,1.10561858789631,0.05101498102860923,5.101498102860923,0.051769080681354586,-0.00616575224335959,-0.616575224335959
1101,18.36835,1603.399031811895,875.7302904564315,13649.5,1584.9702127659575,827.6978723404255,-1.937150357223137,detected,1604.303195026675,875.9136146014725,34.469992204089976,-18.62334383300731,39.17919470934076,37.686020703705466,-15.313555711569164,40.6785096213154,38.37125761663106,41.11902120378499,241.18921986138014,-5.983072991944624,-4.7436092556948015,40.40098162471719,2.0243573438822398,1.1052537723677889,0.05132934967989325,5.132934967989325,0.051885200257141946,-0.005985626821065996,-0.5985626821065997
1102,18.38503333333333,1603.9601921757037,875.2608098833219,13613.5,1583.3333333333333,828.7866666666666,-1.9885117583588832,detected,1605.0108231177558,875.6137840917924,38.67988516084188,-20.119966888211593,43.59984614237356,37.79377135289036,-15.391131531536985,40.80754933704826,38.29459483409235,41.170782836754896,241.57238936012374,-7.254937185861699,-4.456393644055536,40.563488984366835,2.0252502499908593,1.104875437339801,0.051492175819619256,5.149217581961926,0.05195051462051091,-0.005623209645495945,-0.5623209645495946
1103,18.401716666666665,1604.88295687885,874.7145790554415,13632.0,1584.8106995884773,828.1193415637861,-1.9775517740447568,detected,1605.7268224615875,875.286520709335,45.33095573052606,-18.773204034908986,49.06453645128257,37.85606432054429,-15.293385672428828,40.828534766347396,38.332081534174,41.1813671298261,241.48159555767614,-7.783113745319572,-4.636293952907403,40.56444292171497,2.0261537191944323,1.1044624866994766,0.051518655856589775,5.151865585658977,0.051963870195364165,-0.005850213189788522,-0.5850213189788521
1104,18.4184,1605.5668233713902,874.32639355272,13498.5,1583.576335877863,828.8969465648855,-2.021609195851307,detected,1606.4109636719502,874.9861580067166,48.19420472344518,-15.307989765091634,50.56694493019621,37.82823690619539,-15.175734070671597,40.7587832499326,38.44229124335462,41.150570662000426,241.23633539670658,-7.255225304178563,-4.899635308491646,40.46321769037613,2.027016988860505,1.1040834801346582,0.05143064132483609,5.143064132483609,0.05192501029905417,-0.006182505121125106,-0.6182505121125106
1105,18.43508333333333,1606.405498281787,874.4687285223367,13642.0,1582.9961089494163,829.1906614785992,-2.047962215024018,detected,1607.0781462896848,874.7075783144369,49.89812698237756,-13.496370331990192,51.691150968881516,37.54814421099029,-14.943565965342279,40.41253886419238,38.686045002988145,41.07891279498607,241.0305714234454,-6.253953452431531,-5.112375214289871,40.08786496083539,2.0278588596715266,1.103731960018217,0.0509937398917254,5.099373989172539,0.05183459027758495,-0.006450946642637062,-0.6450946642637062
1106,18.451766666666668,1607.5593451568895,874.7012278308322,13696.0,1584.7283018867925,828.6981132075472,-2.0314742807949817,detected,1607.7355212350699,874.4230305160505,51.0354713785141,-10.843189236002445,52.17464989470357,37.27690964831092,-14.826128175377761,40.117104451855276,38.95227479495186,40.9676341544053,240.82727843876228,-5.331034601448669,-5.224909412144816,39.77539932214316,2.028688354870751,1.103372909168518,0.05062095198972275,5.062095198972275,0.05169417558915496,-0.006592945630466645,-0.6592945630466646
1107,18.46845,1608.7158322056837,873.2598105548038,13712.0,1584.359375,828.65625,-2.070613645691387,detected,1608.3823284468815,874.1540851871998,49.734858583592086,-9.99506648944157,50.72925696733849,37.01683449320448,-14.707673540671754,39.83166701101359,39.226110509517056,40.818680777968474,240.6635459200889,-4.272346943458947,-5.314396199956105,39.475548000074184,2.029504515390387,1.1030335459775393,0.05026077856279318,5.026077856279318,0.05150622180185297,-0.0067058627128783665,-0.6705862712878367
1108,18.485133333333334,1609.801789401239,873.9236063317275,13652.5,1587.3544776119402,827.4216417910447,-2.0205225858625004,detected,1609.0010132226848,873.9007378222913,45.88999849088623,-9.898789182854443,46.94547889605703,36.61512922071658,-14.552047633039393,39.400885499745065,39.469022808867805,40.63467373951973,240.50947132857436,-3.4695612487293515,-5.358242124028676,39.03484365927837,2.0302851901863535,1.102713864759989,0.049717205677911755,4.971720567791175,0.05127403626437821,-0.0067611888000361844,-0.6761188800036184
1109,18.501816666666667,1610.3117687543015,874.3874741913282,13673.0,1587.6014760147602,827.4206642066421,-2.021188773895072,detected,1609.6122152050793,873.656563668212,40.61977513338479,-10.164545573892383,41.872235653359624,36.37539902527198,-14.512154855635583,39.16340502052528,39.66642643841799,40.41886476441295,240.19641828144728,-2.497526702662515,-5.486903577164675,38.777134782453984,2.031056422971709,1.1024057585718765,0.04941754576722433,4.941754576722433,0.05100172210020562,-0.006923537636800852,-0.6923537636800852
1110,18.5185,1610.816997943797,873.6716929403701,13681.5,1581.1130434782608,830.3695652173913,-2.172043896083323,detected,1610.1863104302233,873.4302614337726,35.387226337435095,-11.707387521417331,37.27356584006282,36.219722645382795,-14.558708177202567,39.036192082443186,39.753602823592296,40.17507904057835,239.69148041933747,-3.5514350752565793,-5.709668852566633,38.616369247916495,2.0317808333504397,1.1021202037019213,0.0492570247097075,4.92570247097075,0.05069410604489383,-0.007204629466961052,-0.7204629466961052
1111,18.53518333333333,1611.2319660537482,873.6209335219236,13520.5,1589.2961373390558,826.6437768240344,-2.007653423636356,detected,1610.7861550590476,873.195093197132,32.42330981663645,-12.927004254211397,34.90527837525426,36.11256452982437,-14.488304224920586,38.9105162679009,39.771761647930205,39.90764700081248,239.45199189606834,-4.329375292662048,-5.877197585237141,38.46409786773458,2.032537735090281,1.1018234614474853,0.04909844324025351,4.909844324025351,0.050356652366955815,-0.00741602218957368,-0.741602218957368
1112,18.551866666666665,1611.974233983287,873.0480501392758,13506.5,1587.9828326180257,827.1072961373391,-2.0520652881469594,detected,1611.3757662891785,872.9550325241615,30.917223445801483,-12.372050265683356,33.30078577712863,36.07585824077404,-14.423325757456285,38.85228273491953,39.73126018517363,39.62132721313601,239.22882119396428,-3.997257891861474,-6.064024025000993,38.376131727133945,2.0332817240242003,1.1015205457718127,0.04902496244153884,4.902496244153884,0.04999536556862589,-0.0076517653312315375,-0.7651765331231537
1113,18.56855,1612.0820584144644,872.7990264255911,13566.5,1590.0992647058824,826.0808823529412,-2.010600088180971,detected,1611.9564218955206,872.7169738475957,30.261224414953176,-15.932116086127962,34.1990354553168,36.06617394201739,-14.46678990343955,38.8594507543032,39.6371930165165,39.32122261514048,238.93231740506917,-4.260917653932366,-6.220310009885646,38.35837139800165,2.0340144124864614,1.1012201562745687,0.04903400726095041,4.903400726095041,0.049616684687874425,-0.00784897162130681,-0.784897162130681
1114,18.58523333333333,1612.0759581881532,872.829268292683,13593.5,1586.5795918367346,827.8612244897959,-2.0865889532546213,detected,1612.5132183182404,872.5038166426015,33.17921164676818,-16.969069307196378,37.26673313631705,36.05259204491029,-14.14090035185424,38.72666337186565,39.48200009152423,39.012692176351656,238.710415118196,-3.0675927092992143,-6.640258134313994,38.15313129780408,2.034716994723332,1.100951188192557,0.04886645220424688,4.886645220424688,0.04922737183135856,-0.008378874617430908,-0.8378874617430908
1115,18.601916666666668,1612.707746478873,872.4492957746479,13563.0,1588.0272373540856,827.1439688715953,-2.069607252224676,detected,1613.1260404321777,872.2684192802226,35.817911618200924,-17.043366119752363,39.6660953634357,36.10088964082831,-13.889170405561432,38.680528530696016,39.3476489374312,38.701259741111514,238.61918819033448,-3.1151624216686784,-6.941055411309188,38.05266136804526,2.03549027183871,1.1006541568204702,0.048808237893622736,4.880823789362274,0.04883439714966753,-0.00875842954108415,-0.875842954108415
1116,18.6186,1613.9621848739496,872.0217086834734,13633.5,1589.936090225564,825.9924812030075,-2.0518687961915294,detected,1613.7316952216315,872.0224884438715,39.086745353810784,-17.850835255942457,42.970059130613805,36.16672824625482,-13.681606316512536,38.66805637006445,39.227411828112885,38.39252140288169,238.7212844245504,-4.686061364485182,-7.084816330606284,38.01347078339541,2.0362545050115224,1.100343833998576,0.048792500151500884,4.879250015150088,0.04844482195947217,-0.008939831331995312,-0.8939831331995312
1117,18.635283333333334,1614.6239782016348,871.9046321525885,13764.0,1587.0672268907565,827.4621848739496,-2.1258316135639186,detected,1614.340021994113,871.813148203561,40.1011771522285,-19.270375065276085,44.491030153850424,36.25838760783465,-13.555185786804682,38.709349434403684,39.079643291829754,38.092052408645635,238.39672009237327,-5.462721494637711,-7.455741692370005,37.98454487619175,2.0370221097717516,1.1000796822757868,0.04884460496454724,4.884460496454724,0.048065681272738976,-0.009407875952517356,-0.9407875952517356
1118,18.651966666666667,1614.9611307420496,871.5646643109541,13561.5,1585.6502057613168,828.3497942386831,-2.166782311261394,detected,1614.9534785560904,871.6345203269286,41.23444074740428,-19.022146780446064,45.41058435968457,36.16180054958903,-13.388359064656415,38.560653228808576,38.99688434721002,37.805314386841296,238.0954764226714,-5.626489167768093,-7.745926256276519,37.774655575726314,2.0377961874524804,1.0998542843242003,0.048656975683039214,4.865697568303921,0.047703866734184606,-0.009774039440096555,-0.9774039440096555
1119,18.66865,1616.2188139059306,871.3551465576005,13603.5,1588.2775119617224,827.0,-2.1329436830370003,detected,1615.5785064910053,871.4195768460083,40.74138711357955,-17.213085890803995,44.22839528880447,36.1926722164954,-13.372442737839869,38.58408670614719,38.979078423847334,37.53756368425841,237.78333971111013,-5.513293393886749,-7.981523761029138,37.749530134819054,2.0385848662347072,1.0995830622662566,0.04868654473961791,4.868654473961791,0.047366010958054774,-0.010071323357765474,-1.0071323357765474
1120,18.68533333333333,1616.7877358490566,870.638140161725,13729.0,1580.8905472636816,830.8457711442786,-2.30477726241758,detected,1616.1614775915061,871.2218296281117,38.17495663585396,-15.934862986634698,41.367223408782834,36.134340264264985,-13.371344272204839,38.528994198908265,39.06781283885938,37.293761782134204,237.34054514712585,-6.267590440206734,-8.242465559118502,37.637018419187406,2.0393204764561594,1.099333538962917,0.04861702738032589,4.861702738032589,0.04705837448849742,-0.01040058745630095,-1.040058745630095
1121,18.702016666666665,1617.707934336525,870.4781121751026,13503.5,1582.4166666666667,830.1764705882352,-2.2900102924709045,detected,1616.7900026124794,871.0381869709928,33.57818403681267,-13.94286378314655,36.357913769706876,35.93712256326613,-13.389836414812656,38.35054754945038,39.160424755756694,37.07848908833319,236.5990377434042,-7.516899165229399,-8.60484516408243,37.372732533825,2.0401135679652738,1.0991018132126094,0.048391858106562,4.8391858106562,0.0467867370199788,-0.010857848787485717,-1.0857848787485718
1122,18.7187,1617.7607192254495,869.6756569847856,13586.0,1581.2067307692307,831.3365384615385,-2.332363296832161,detected,1617.410077789094,870.8452642340789,30.45147958178086,-9.723457913798256,31.966204693723377,35.90699076328882,-13.397839238520968,38.32511033168934,39.240601733757714,36.89586378610242,236.1112361177942,-6.401404808691645,-8.899267084362808,37.27756868811775,2.0408959972102134,1.0988583775824339,0.04835976067090138,4.8359760670901375,0.04655629499823649,-0.011229359096987772,-1.1229359096987772
1123,18.73538333333333,1618.2193635748138,870.1861882193635,13621.0,1588.4388185654009,827.717299578059,-2.1823486786964192,detected,1617.9732263036524,870.6384865293643,28.63223254695413,-6.581689905829762,29.37896156502746,35.86363921925353,-13.332511661964196,38.261684297286116,39.31031510577689,36.74946775622951,235.99729718557967,-6.942033642096493,-9.003293687872349,37.18732563703807,2.0416065947049242,1.0985974593430465,0.04827972781991939,4.827972781991939,0.046371568146661844,-0.011360622949996655,-1.1360622949996655
1124,18.752066666666668,1618.7420875420876,870.4855218855218,13708.5,1581.8975609756098,831.0341463414634,-2.3220401623563154,detected,1618.5469748166802,870.44388625227,24.56108033037117,-3.8510344248793444,24.861157115801173,35.74921220088411,-13.337109603171172,38.15605673482052,39.39702348943165,36.642281779068355,235.76304184175433,-6.530354882243779,-9.087079642452455,37.05819273956257,2.0423305675920256,1.0983519069429275,0.048146443829426525,4.814644382942652,0.04623631770229446,-0.01146634655199048,-1.146634655199048
1125,18.76875,1619.3204152249134,869.7916955017301,13422.0,1585.3841807909605,829.9774011299435,-2.27666067986223,detected,1619.1356178909223,870.2579765007696,23.30832597375911,-2.0984639407529357,23.40259837303657,35.60793903758484,-13.360085786035746,38.03179215754358,39.45057036919393,36.576632200132,235.84468693804723,-7.08469402163042,-8.93593404543074,36.96709749832011,2.0430733348781356,1.098117320505703,0.047989643101001365,4.7989643101001365,0.04615347911688581,-0.011275626555748567,-1.1275626555748568
1126,18.785433333333334,1619.2659574468084,869.9021276595745,13511.0,1579.7037037037037,832.2345679012345,-2.3807227638145614,detected,1619.6994635870678,870.0656566122586,23.049277672263997,-2.890768343668924,23.22984594933608,35.3440055543364,-13.442098001528553,37.813869509845986,39.590904628478334,36.5541509864456,235.91119557785242,-5.61517830712876,-8.67716808186013,36.80482959323148,2.043784812097247,1.0978746455675188,0.047714661842076955,4.7714661842076955,0.04612511165482095,-0.010949107989728871,-1.0949107989728872
1127,18.802116666666667,1619.611837577426,870.7233310392292,13465.5,1587.5263157894738,828.3062200956938,-2.2183991491041914,detected,1620.244137932109,869.8541903259813,24.180920262271684,-4.234870577271067,24.548951780810878,35.10697114646166,-13.515483520398238,37.618714994915074,39.652031404440876,36.57575062140289,235.90736701389196,-4.351849079403219,-8.485988979084057,36.64908878697412,2.0444720983370464,1.097607811136885,0.04746841008822092,4.746841008822092,0.04615236671470396,-0.010707872528812692,-1.0707872528812692
1128,18.8188,1620.4274965800273,870.2086183310533,13547.0,1593.46288209607,825.6157205240174,-2.114652872472837,detected,1620.800274304578,869.6509683482545,26.038640624680284,-9.361527657757279,27.670363309291854,34.85842145195911,-13.753025637406004,37.47339403237382,39.62046513399255,36.64161461768676,235.94683828863168,-2.7838952817624727,-8.124752911856095,36.5820126623295,2.0451738477029378,1.0973513796192487,0.047285039788484313,4.7285039788484315,0.04623547585827983,-0.010252054147452488,-1.0252054147452487
1129,18.83548333333333,1620.3570929419986,870.1264849755415,13736.0,1594.5205479452054,824.9269406392694,-2.0900797575265746,detected,1621.3357786265683,869.4287259019767,30.260236989863643,-14.357511832020236,33.493582798639395,34.691664781429445,-13.990330085578012,37.40642914273563,39.605842394276586,36.75120363359672,236.11412766710737,-2.3461322464670746,-7.727936260964466,36.59945276034837,2.045849562935733,1.0970709475103808,0.04720054150502919,4.720054150502919,0.04637375852819775,-0.009751339130554532,-0.9751339130554532
1130,18.852166666666665,1620.961511546536,869.7312806158152,13555.5,1595.4818181818182,824.5818181818182,-2.0845832011975265,detected,1621.8481531666237,869.1829578818766,33.566290314533035,-16.126278728550915,37.23912876411622,34.687036603671295,-14.028762941853401,37.41652974319173,39.59169370281147,36.90327634916929,236.11109017249112,-1.3476194479645875,-7.695392052542017,36.61663063664958,2.0464960923238156,1.0967608301348601,0.04721328674219777,4.721328674219777,0.04656564839011898,-0.009710273883333776,-0.9710273883333777
1131,18.86885,1621.5920679886683,869.3328611898017,13609.5,1596.580786026201,824.1746724890829,-2.076597688652274,detected,1622.353532010636,868.9499457561164,38.16282317146488,-19.08144505782593,42.667348381535575,34.8953682437917,-13.990972993473898,37.59566531096294,39.533281443643034,37.09592350123679,236.3523564618169,-1.0952776765374914,-7.6880275084199425,36.80119948050227,2.0471337943351875,1.0964668085250682,0.04743932531351791,4.743932531351791,0.04680873627916315,-0.009700981083179738,-0.9700981083179738
1132,18.88553333333333,1621.9591261451726,869.061310782241,13585.0,1596.7268518518515,824.2314814814815,-2.083448317231104,detected,1622.8973555059038,868.6920334896136,41.425043708198245,-22.239757152441825,47.017454678297106,35.120747461502994,-14.214376694993552,37.88819614447017,39.4881496767926,37.3266128928233,236.35343689181593,-0.19192926093442955,-7.626231861136652,37.11274706461418,2.047820006947513,1.0961413671793232,0.04780844939365322,4.780844939365322,0.0470998269940988,-0.00962300550301155,-0.9623005503011549
1133,18.902216666666668,1623.0125173852573,868.3525730180806,13501.5,1600.9145299145298,822.1324786324786,-2.016773768177288,detected,1623.467250152561,868.450500230615,44.60858523313118,-19.32416621024481,48.61429086413476,35.41576767080709,-14.280106281812445,38.186359280932294,39.520887605754076,37.59224285986583,236.58806584511848,0.6321526350871187,-7.58177744422059,37.42612304151676,2.048539116911749,1.095836593350934,0.04818468048067167,4.818468048067167,0.04743500676323764,-0.009566911601540178,-0.9566911601540178
1134,18.9189,1624.380125086866,867.5232800555941,13492.5,1599.5822784810127,822.831223628692,-2.0773633731352144,detected,1624.0468289157802,868.2297099532007,45.972769767745376,-16.272721449150367,48.76778673960673,35.69459585640291,-14.23796052978056,38.42946387083126,39.62410533860725,37.88920163928537,236.9615723493062,0.938091560860938,-7.524988752343889,37.685517611897325,2.0492704465814264,1.095557993631799,0.048491437060985826,4.849143706098583,0.04780971815682697,-0.009495253946175255,-0.9495253946175255
1135,18.935583333333334,1624.648973814579,867.8159943382873,13446.0,1596.428571428571,824.1981566820276,-2.1450542206086043,detected,1624.633163408624,867.9972374420153,45.545139633418785,-12.295952421088032,47.17573730392854,35.96711495699804,-14.27968635475714,38.698098153787214,39.796010197578475,38.21343033640006,237.09236474522123,-0.20017594250269588,-7.551967397956881,37.954058928398496,2.0500103008310715,1.0952646529236787,0.04883040776503119,4.883040776503119,0.048218839541198814,-0.009529296401207421,-0.9529296401207421
1136,18.952266666666667,1625.6100068540095,867.6792323509253,13547.5,1600.057142857143,822.652380952381,-2.08697800471316,detected,1625.2347407894379,867.7666518688982,44.73892715593274,-10.991087212739558,46.06924789034333,36.15569508088004,-14.277201853751952,38.87251959359402,39.98224845981167,38.56048768470731,237.40202202435378,0.6196807087415687,-7.450422885166359,38.1518541932963,2.0507693890087544,1.0949736932099663,0.04905049790989782,4.905049790989782,0.04865676679458336,-0.009401164523869224,-0.9401164523869224
1137,18.96895,1626.443537414966,867.0496598639456,13501.0,1600.42600896861,822.5022421524664,-2.0993987809656964,detected,1625.836747155155,867.5503841395804,41.37893500970404,-10.769357514364174,42.75740080745674,36.4306820389681,-14.460031422993593,39.195498498913814,40.21097565740089,38.92561542615463,237.58775333331343,1.4997778272008049,-7.319757870125834,38.505950803753514,2.0515290184923094,1.0947008001761267,0.0494580422699228,4.94580422699228,0.04911749580587335,-0.00923628753328181,-0.9236287533281811
1138,18.98563333333333,1627.4351194318915,867.7230471271788,13510.0,1604.286432160804,820.8040201005025,-2.029130114534293,detected,1626.4230179497515,867.3347470050351,37.52041107580044,-10.004432344213228,38.83130069707926,36.68389771679746,-14.684709456010149,39.513909494048946,40.48171859429336,39.303803791549186,237.95893884096762,2.4117204362089146,-7.014034024399026,38.88640341055553,2.0522687923656173,1.0944287028454702,0.04985982270542454,4.985982270542454,0.04959470509974661,-0.008850516119115491,-0.8850516119115491
1139,19.002316666666665,1627.353220338983,867.7905084745763,13539.0,1599.421052631579,823.3157894736842,-2.1315829993607323,detected,1626.9973465532844,867.1041940801789,35.640295194941245,-11.495512378867943,37.448330355774985,36.84647904972853,-14.782864373373325,39.70133621735714,40.65320813852213,39.68985711607074,238.08899741523595,3.422497815103655,-6.928365753872756,39.09211999142791,2.0529934972281194,1.0941377843283016,0.050096323302658854,5.009632330265886,0.050081838632265924,-0.008742417355044487,-0.8742417355044487
1140,19.019,1628.1651937457511,867.7450713800135,13468.0,1592.7062146892656,826.9774011299435,-2.286663251936842,detected,1627.5788540695005,866.8659491091811,32.242709808793734,-15.685103425848865,35.85547106500847,37.004476661325185,-14.903210200310172,39.89281849221974,40.768274888523266,40.07846000091419,238.35105583402373,4.281715237827301,-6.729950634048588,39.32104693057471,2.0537272606555215,1.0938371597592191,0.050337941315103774,5.033794131510377,0.0505721892756015,-0.00849205127324743,-0.8492051273247431
1141,19.03568333333333,1628.862559241706,866.762356127285,13491.5,1601.09375,822.7708333333334,-2.1338637586515694,detected,1628.2054472221694,866.6328616238549,30.021283478328314,-17.760967135635838,34.88164868923608,37.16277570033455,-15.135534714879254,40.126753031595904,40.775449255380224,40.464244585159584,238.70094472222357,5.22557503680082,-6.373427710296301,39.61736649602442,2.0545179144759236,1.093543043058492,0.05063312685374878,5.063312685374878,0.0510589837036714,-0.008042180076083661,-0.8042180076083661
1142,19.052366666666668,1628.7487787857642,866.2491277041172,13587.5,1602.557142857143,822.4095238095238,-2.109333079082301,detected,1628.8331814044975,866.3877477323254,31.440404199518525,-18.05620505695242,36.256386434500286,37.366262726470545,-15.30717796601642,40.38003575316546,40.68331256002881,40.84185942612934,238.96477706295153,5.45898840562274,-6.148771158696572,39.90914557673343,2.055310008081385,1.0932337510817987,0.05095272650241699,5.095272650241698,0.05153546930741873,-0.007758701777535107,-0.7758701777535107
1143,19.06905,1629.5566733735748,866.1576123407109,13728.5,1604.172268907563,821.6932773109244,-2.0895390648218397,detected,1629.4333547379156,866.1475862808762,32.244610209374514,-20.844945388720816,38.39565907512531,37.66804542664347,-15.569946011065674,40.75910775582773,40.528567117937655,41.206040249034004,239.22414647557946,4.995726820604243,-5.896698573670083,40.330308838173465,2.0560673245904297,1.0929307082408533,0.051431050795997135,5.143105079599714,0.051995003468812626,-0.0074406291150411145,-0.7440629115041114
1144,19.085733333333334,1630.538255033557,865.5993288590604,13595.0,1604.4026548672566,821.429203539823,-2.1050928304044003,detected,1630.1038895104755,865.8892173430726,33.41052400505032,-21.333600842927808,39.64070684558253,37.86741718757474,-15.774399852817227,41.02161595030589,40.372908899332266,41.551682489728535,239.4470257314925,5.278273600649313,-5.665050613859462,40.62856355714291,2.0569134252498116,1.0926046906537195,0.051762291419944345,5.176229141994434,0.052431145097449255,-0.007148328850295852,-0.7148328850295852
1145,19.102416666666667,1629.845311430527,865.053388090349,13690.5,1606.2995780590718,820.5105485232068,-2.057068106649343,detected,1630.7601070354422,865.605894992761,32.6163292997112,-20.662941848541095,38.61064753178053,38.17576055461166,-16.04257904160227,41.409576624605805,40.211853921486004,41.87391519726689,239.31952375746016,4.209978222085687,-5.682139486111623,41.017878139775476,2.0577414599816306,1.0922471861107395,0.05225183170297263,5.225183170297263,0.05283774788298661,-0.007169892096039903,-0.7169892096039904
1146,19.1191,1631.047419804742,864.9839609483961,13500.5,1610.3495934959349,818.3536585365854,-1.9885414721208463,detected,1631.4491627447571,865.3034756967029,33.53179097277325,-17.809322363726324,37.967788570008665,38.4780153337768,-16.237651808970778,41.76384800632881,40.135116537760894,42.16817555132695,239.15794086750583,3.2952821885142822,-5.785265075538247,41.36121018903451,2.0586109309082112,1.0918655844753349,0.052698861837638875,5.269886183763887,0.053209054323440946,-0.007300019022761195,-0.7300019022761195
1147,19.13578333333333,1632.5100714749838,865.2352176738142,13493.0,1602.1336206896551,822.4094827586207,-2.187739109273834,detected,1632.1311581149164,864.9743152682948,34.057121380898025,-18.81882752319393,38.91061276953812,38.70057488488074,-16.518743876538412,42.078538421372684,40.07057973092553,42.430283006797765,238.878922114837,1.9233392302360872,-5.861009402604246,41.66835687259004,2.0594714928894846,1.0914502400861765,0.05309594753485512,5.309594753485512,0.05353978928302557,-0.0073955954606993645,-0.7395595460699365
1148,19.152466666666665,1632.664153529815,864.5867032213845,13647.0,1606.8059701492537,820.3781094527363,-2.100048612942518,detected,1632.822936098593,864.6500555659917,34.13112886430417,-19.5843862710517,39.35075784740995,38.86734867944041,-16.639711189964288,42.27943686775666,40.03045234873353,42.65651187710711,238.84753145724875,1.7063021420851814,-5.866589270919901,41.87044198693093,2.060344398862578,1.0910410795785386,0.05334944715174342,5.334944715174342,0.05382525157994588,-0.007402636303999875,-0.7402636303999875
1149,19.16915,1632.8511371467953,864.1302549965541,13499.5,1599.951923076923,823.3317307692307,-2.249416910650291,detected,1633.5211369495746,864.3262953855956,37.21606936259968,-16.74229938339863,40.808582521881114,39.00551596120704,-16.60898181905868,42.39444011265863,40.102828650067316,42.84366096491757,238.55381709628443,0.14696194922252745,-6.179448654032168,41.94166146921195,2.061225409400094,1.0906325493824551,0.05349456165635159,5.349456165635159,0.05406140184847643,-0.007797411550829234,-0.7797411550829234
1150,19.18583333333333,1633.3131944444444,863.75625,13510.0,1606.4599156118145,820.451476793249,-2.125864100342377,detected,1634.2410167043065,863.9676640575932,43.6370710437468,-14.72826782893344,46.055573414276374,39.046144732319114,-16.53499514190229,42.40291832881251,40.17433080076914,42.98911862393499,238.2563432389563,-0.9464871911970908,-6.481415874089954,41.904638538794714,2.062133775021207,1.090180017738288,0.05350525972089907,5.3505259720899065,0.05424494463588012,-0.008178442743331174,-0.8178442743331173
1151,19.202516666666668,1634.1583220568336,863.8051420838972,13574.5,1608.156779661017,819.8262711864406,-2.104740901417205,detected,1634.9324138709583,863.6385045701322,44.02354062368795,-15.265232271773584,46.59505816453823,39.02753650237872,-16.49063717378712,42.368499145497154,40.32522908412435,43.09092140971886,237.7268411643463,-3.0966080657618065,-6.895966807043315,41.80353288465163,2.0630062004680862,1.0897646745364444,0.05346182857475982,5.3461828574759815,0.05437340240973989,-0.008701535403209231,-0.8701535403209232
1152,19.2192,1634.3769179452968,862.7785190126751,13573.5,1609.604838709677,818.9032258064516,-2.0847811406174404,detected,1635.6315129315494,863.3392343016163,45.153114278538396,-14.803261847976955,47.5177891993148,38.871056745922154,-16.2420586364184,42.12794228648669,40.49526764258928,43.1478043032291,237.23637658439412,-2.93345559251639,-7.377906715722119,41.47686118533629,2.0638883443931224,1.089387046437371,0.05315828679682864,5.3158286796828635,0.05444517893151937,-0.009309661470942738,-0.9309661470942738
1153,19.235883333333334,1635.4506756756757,862.6871621621622,13637.5,1606.1673640167364,820.5146443514644,-2.1777334527453025,detected,1636.3205317290972,863.0384051039018,48.19629583951837,-12.73508958512889,49.850430684113796,38.799571148679654,-16.01628080794104,41.97532575502274,40.68421338831948,43.159240427313165,237.08798342659168,-2.654186845550039,-7.636004901775333,41.274924607809254,2.0647577687433403,1.0890074512352075,0.052965710731889895,5.296571073188989,0.054459609372003996,-0.00963533741548938,-0.963533741548938
1154,19.252566666666667,1636.926694329184,863.4087136929461,13609.5,1611.1417322834643,818.3031496062993,-2.0901154695481865,detected,1636.9972553346815,862.7566562070238,49.5584913000057,-12.030718328859848,50.9978650870907,38.54751493133083,-15.786596346691574,41.65486204027747,40.84899784430769,43.12546825525402,237.00560584439654,-2.2021096942632346,-7.750723290526768,40.927421370863755,2.06561167865575,1.0886519321224275,0.05256134011391479,5.256134011391479,0.054416994643853654,-0.00978009248015996,-0.978009248015996
1155,19.26925,1638.4472461844723,863.2249502322495,13585.0,1607.5632653061225,820.5959183673469,-2.1977651273344767,detected,1637.657396100032,862.4692381698325,47.90434737722762,-11.700049060398896,49.31244919544999,38.321061495366344,-15.522682577162207,41.34558535712107,41.004872717144,43.047504526420845,237.0163282200353,-2.0355467266693132,-7.84116037846481,40.5952414999859,2.066444663848621,1.0882892595202933,0.05217108562412753,5.217108562412753,0.05431861769895375,-0.009894208679450865,-0.9894208679450865
1156,19.28593333333333,1638.6457023060798,862.4689028651293,13611.0,1613.1314741035856,817.4621513944223,-2.086520267433129,detected,1638.2869392529306,862.1903207177187,46.32075815484404,-14.434830058098214,48.51780039166787,38.207646523249025,-15.296881669364963,41.15603044089769,41.12154683672054,42.92714141649516,236.98513125862667,-1.4348216640277747,-7.990808657722244,40.372835157414556,2.0672390400667893,1.087937313208478,0.05193189960996554,5.193189960996554,0.0541667399577226,-0.010083039315737848,-1.0083039315737847
1157,19.302616666666665,1639.235994397759,862.4019607843137,13659.5,1611.029535864979,819.1603375527426,-2.148785871707641,detected,1638.9154005125558,861.9387147248665,45.570125461280895,-16.74607293031727,48.54963741516909,37.98250559589008,-15.175800425634067,40.902025009777894,41.21925983765583,42.76692693853835,236.92652338480383,-0.6765512264543864,-8.010701900893126,40.10990282904615,2.0680320511199444,1.0876198293058252,0.05161138802495634,5.161138802495634,0.05396457657859729,-0.010108141199865145,-1.0108141199865144
1158,19.3193,1639.8208852005532,862.1735822959889,13502.5,1608.2899159663866,820.1974789915967,-2.2150424602864147,detected,1639.5385821945206,861.6717678403086,42.67459935804254,-19.52676399044026,46.92990456316525,37.873004638506394,-15.097054976755848,40.77113622796789,41.258805550889825,42.570128051725376,237.03160974865932,0.6485835573799449,-7.9436000928937265,39.98980828765867,2.068818400245452,1.087282987811115,0.051446228678823834,5.144622867882384,0.05371624990753991,-0.010023470148761801,-1.0023470148761802
1159,19.33598333333333,1640.4811715481171,861.8389121338912,13485.5,1608.0977777777778,820.7022222222222,-2.237692390465663,detected,1640.1735579831886,861.3933831846374,40.04928350066666,-22.00595191849561,45.696903929652734,37.91904954903232,-15.135258966065344,40.82805876688028,41.288137269982045,42.34067650160465,237.15290997057224,1.049215190450447,-7.851799130570139,40.06594106076891,2.0696196315245285,1.0869317137976497,0.051518055226347365,5.151805522634737,0.05342672113767148,-0.009907632972328252,-0.9907632972328252
1160,19.352666666666668,1640.7130977130978,861.6999306999307,13761.0,1611.0577777777778,819.0933333333334,-2.178850517176974,detected,1640.7960951265609,861.1080286801239,37.5805548478088,-22.94399135296362,44.03095322468087,37.921058504664565,-14.969257442662801,40.768680951177565,41.276344603260085,42.08309799258746,237.18614970875677,0.7345887244870267,-7.969156111211239,39.98221976546641,2.0704051673521273,1.0865716450222385,0.05144313053776349,5.144313053776349,0.05310170093701888,-0.010055717490487368,-1.0055717490487368
1161,19.36935,1641.7569169960475,860.5375494071146,13802.0,1614.5655737704917,817.3360655737705,-2.132558891566718,detected,1641.4019769790682,860.8387548241162,38.59099274389473,-22.17508946457997,44.508418459000104,38.119170899271346,-14.82139713317461,40.899205408261075,41.20458384861913,41.802425882690976,237.3266220491044,0.887092029107897,-8.102521633348516,40.08857875016588,2.0711696870398337,1.0862318672859512,0.05160783016815278,5.1607830168152775,0.05274754054598231,-0.010224002061007592,-1.0224002061007593
1162,19.386033333333334,1642.7372311827958,859.9905913978495,13793.0,1613.4872881355932,817.6483050847457,-2.1753193390262826,detected,1642.0265626503374,860.553791392272,41.042885295889846,-23.842179021969514,47.46543936304829,38.321871477296895,-14.688782199558242,41.040542833014776,41.17967720226964,41.50410116430194,237.40769045804205,1.1759258304227014,-8.266709370148218,40.199349151671896,2.071957807760678,1.0858722919776305,0.05178617392178521,5.178617392178521,0.052371105570097096,-0.010431179015959897,-1.0431179015959897
1163,19.402716666666667,1643.4034505640343,860.2873258128733,13871.5,1617.848148148148,815.7037037037037,-2.0912763039203397,detected,1642.6888647320757,860.2974560685502,39.268037698822354,-23.318332134952016,45.669720803526594,38.484015562532974,-14.381335829906748,41.08335762896991,41.1600025228504,41.19386103138507,237.6722664882755,1.9022653248877668,-8.427493973522639,40.20969558944807,2.072793520166657,1.0855488404650477,0.0518401989009084,5.18401989009084,0.051979635370832895,-0.010634061796243079,-1.063406179624308
1164,19.4194,1644.0194239785667,860.0093770931012,13844.5,1616.762645914397,816.1828793774318,-2.127181077661361,detected,1643.3314514919273,860.0729984929886,39.60557670557091,-21.997360813615387,45.30436611349113,38.55116112175253,-14.074967666658548,41.04018443736343,41.13891084127175,40.87761883925337,237.89789109161927,1.0867466934715853,-8.564295936522875,40.136636303562675,2.073604355194861,1.0852656132403642,0.051785721687524836,5.178572168752484,0.051580591595272396,-0.010806682569744952,-1.0806682569744952
1165,19.43608333333333,1641.0305838739573,855.8373493975904,14373.5,1616.0374531835205,816.6029962546817,-2.1379937250639736,detected,1643.9951543119805,859.8677820194742,38.82775232615131,-19.2137176263534,43.32160310660481,38.5773444826762,-13.73610470066575,40.94987276760112,41.141941710746345,40.56133875286292,237.48577919613302,0.5582186741293299,-9.152585792895863,39.91393557376171,2.0744418350939817,1.0850066650088004,0.051671763744607094,5.167176374460709,0.051181500003612525,-0.011549004155073645,-1.1549004155073646
1166,19.452766666666665,1644.8902777777778,859.1736111111111,13714.5,1616.7751937984497,816.0930232558139,-2.149008415216998,detected,1644.6639105285299,859.6486916381324,36.77052843116235,-15.685514514798115,39.97633208163126,38.604952223918815,-13.492286395062834,40.89479341404541,41.110045177958995,40.250908831897334,237.80075132283858,-1.136965621136283,-9.154059988566003,39.85708612158178,2.07528569151865,1.084730210268937,0.051602262983022604,5.16022629830226,0.05078979032416068,-0.011550864338884546,-1.1550864338884546
1167,19.46945,1646.469798657718,858.376510067114,13700.5,1616.4553191489365,816.2765957446809,-2.190150488599659,detected,1645.2995629645698,859.4343612466813,35.22449840985064,-13.791180548396596,37.82805769721785,38.56794399286521,-13.313123533875544,40.80104854124485,41.09956333376608,39.95201664187898,237.9438431630573,-1.754281880259823,-9.186694981044425,39.75336712016067,2.0760877766114447,1.0844597618254654,0.05148397292270644,5.148397292270644,0.050412639295746346,-0.01159204414011915,-1.159204414011915
1168,19.48613333333333,1645.774912891986,858.4425087108013,13590.0,1618.356,815.372,-2.137697512865432,detected,1645.9584081345572,859.2444300105958,34.64675197886254,-11.800263355848301,36.601142577140834,38.45227801443714,-13.177865222149972,40.64767910118259,41.04663168408108,39.67003161580556,238.1710585131331,-2.533193151291862,-9.082893507625542,39.61987962932055,2.0769191269836687,1.0842201009597425,0.051290446815372356,5.129044681537236,0.05005682222814582,-0.01146106436293444,-1.1461064362934439
1169,19.502816666666668,1647.1561439239647,858.2172437202987,13539.0,1620.4609375,814.55078125,-2.1195148854902826,detected,1646.6122770483703,859.0444388499516,32.823269901039566,-6.576019155105087,33.47552949431568,38.45392549041041,-13.064528990373928,40.612637237224035,40.92156884802278,39.40989824726649,238.17749782532889,-2.537864522591248,-9.175609552110611,39.56253900736874,2.0777441981682907,1.0839677461829043,0.05124622995233317,5.124622995233317,0.049728578229989266,-0.011578056217174273,-1.1578056217174273
1170,19.5195,1647.4214765100671,858.3644295302014,13665.0,1621.0308370044054,814.1497797356828,-2.108915205069339,detected,1647.2275661386288,858.8442516213831,32.39681979192892,-3.614063716765486,32.5977819671762,38.219441889782814,-13.029690875896092,40.37943266921782,40.88011819605878,39.1760437475517,238.21978191895278,-1.7930535943343777,-9.052531350545001,39.351623331640276,2.0785205881875446,1.0837151440017454,0.05095196551320861,5.095196551320861,0.049433493687762405,-0.011422752492801265,-1.1422752492801265
1171,19.536183333333334,1648.0616438356165,858.1095890410959,13618.0,1621.5897435897436,814.0299145299145,-2.111617668406722,detected,1647.8688617393573,858.6456043917317,28.71612894702139,-2.2469223981777304,28.803901158790843,37.97655932898403,-12.942072705812338,40.12126997479488,40.87386225411466,38.97230307134748,238.44040386007865,-0.4942690391738497,-8.84847605458415,39.13337163983992,2.07932979399288,1.0834644850368855,0.05062620817008818,5.062620817008818,0.04917640766100629,-0.011165269469506816,-1.1165269469506816
1172,19.552866666666667,1648.4663951120162,858.1866938221317,13622.5,1621.502024291498,814.2631578947369,-2.121369011416304,detected,1648.5082408098056,858.463199798514,27.40292038683947,-0.7329141616569359,27.412719837619534,37.96658564947307,-12.76156917478842,40.0539545323765,40.85731642397372,38.80186326965398,238.2425340135596,-0.4230445944206433,-9.131799155589258,38.99909637239898,2.0801365814634774,1.0832343215123206,0.05054126754874007,5.054126754874007,0.04896134166517852,-0.01152277495973408,-1.152277495973408
1173,19.56955,1648.9873060648802,858.4083215796898,13456.0,1621.330612244898,814.5020408163265,-2.1329135604865788,detected,1649.15805102306,858.2790912679068,28.31507562941988,-2.2908504637659917,28.40759588115658,37.74061624674223,-12.669385123806192,39.810393543636124,40.91966353001209,38.667228041825645,238.3133943654052,-0.13134197831683875,-9.043307160067,38.76965346386096,2.080956531259382,1.0830020079090308,0.05023393507083423,5.023393507083423,0.048791454942366745,-0.01141111313573123,-1.141111313573123
1174,19.58623333333333,1648.980631276901,858.922525107604,13589.0,1621.7510729613734,814.1201716738198,-2.1169100041840228,detected,1649.7866104925324,858.0752594068022,26.749186992351042,-2.902549893515925,26.90620375742575,37.43348799300225,-12.527016762996492,39.47394295358191,41.021263151225284,38.57020221704717,238.11595350989202,-1.1798236896437113,-9.1355150721804,38.40227254562682,2.081749666236634,1.0827448068224634,0.04980939173953554,4.980939173953554,0.04866902487955479,-0.011527463813476847,-1.1527463813476846
1175,19.602916666666665,1649.8696566222843,858.1527680448494,13683.5,1622.4439461883408,814.085201793722,-2.1274920164205167,detected,1650.3652729663872,857.8972347349403,30.241012625996518,-4.827221661206067,30.62386183374164,37.26882735690944,-12.543384697523445,39.32304657868191,41.084510090854394,38.51189479663114,238.0350820456233,-0.7613805264565061,-9.088652307762807,38.258311403638615,2.0824798397052207,1.082520170012543,0.04961898621915699,4.961898621915699,0.04859545084748409,-0.011468330987713321,-1.1468330987713322
1176,19.6196,1649.845288326301,858.1990154711674,13578.0,1627.8356164383565,811.4703196347032,-2.010983955871504,detected,1650.9471969414285,857.7159201508654,31.79679550632636,-8.373381035791226,32.880841145592434,37.11433134819191,-12.453092744592842,39.14783659832062,41.22326010771897,38.49273823572192,237.88549685422143,0.5093225752185825,-9.182848322818682,38.055596264004556,2.0832141286327177,1.0822913818938364,0.04939790107043612,4.9397901070436125,0.0485712785308794,-0.011587190312704962,-1.1587190312704962
1177,19.63628333333333,1650.8343815513626,858.058001397624,13590.0,1624.580786026201,812.8165938864629,-2.096604686361057,detected,1651.5088724449822,857.500033811008,34.94299452322957,-11.946395927359617,36.92870485007139,36.89082835363381,-12.425337601132632,38.92714003262239,41.39056445217259,38.51252092555766,238.25458066214372,-0.3465033205410009,-8.843523329363059,37.90929076417025,2.0839228674384636,1.0820189701085277,0.049119419599523526,4.911941959952353,0.04859624091553017,-0.011159019973959697,-1.1159019973959696
1178,19.652966666666668,1650.9445599445598,857.6638946638947,13577.0,1624.7399103139014,812.9506726457399,-2.100903077008637,detected,1652.0482748220425,857.2819456922084,38.55768280918983,-15.530791288688306,41.56802114206171,36.875767413622036,-12.342885069453747,38.88661767473861,41.529236060278855,38.570429413360216,238.2804765945551,-1.2601203818877442,-8.888606891286972,37.85712220591337,2.0846035013527353,1.0817437800532599,0.04906828728673642,4.906828728673642,0.04866931156259965,-0.01121590774925801,-1.121590774925801
1179,19.66965,1651.7638504155125,857.7894736842105,13609.5,1623.6413502109704,813.9367088607595,-2.1410267310420936,detected,1652.6074592014609,857.1072613120016,42.09445510810383,-15.556405649677572,44.876997533095825,37.02195347400465,-12.166373389001718,38.969804727147064,41.585737039923664,38.665096789736594,238.32540997612375,-0.7930653112174897,-9.085895945244067,37.895806830626675,2.085309096784178,1.0815233581223995,0.04917325517621081,4.917325517621081,0.04878876566528277,-0.011464852927752766,-1.1464852927752767
1180,19.686333333333334,1653.160510409671,857.4472800537274,13442.5,1626.716738197425,812.2403433476395,-2.100075725270925,detected,1653.2064806452413,856.930839675662,46.26937742703285,-14.148956279518188,48.38438024078571,37.277168628741016,-11.927956665439707,39.139027213105344,41.54097923212356,38.79465387501594,238.22215217479055,-1.4687321520968684,-9.491256968007708,37.97077155333357,2.086064959804721,1.081300744070236,0.04938678512694681,4.938678512694681,0.04895224463724409,-0.011976349486445059,-1.197634948644506
1181,19.703016666666667,1653.332392378264,856.5215243472124,13438.5,1628.6414342629482,811.792828685259,-2.075186054698086,detected,1653.7888220312454,856.7810454104293,49.99783290382038,-13.565224532303318,51.80539172412605,37.53283846266985,-11.957546419688647,39.391583865641635,41.50524336968387,38.95678031186382,238.23604111652065,-0.8073202330493514,-9.591484349866079,38.20602449104267,2.0867997754337484,1.0811117292245165,0.04970546860017872,4.970546860017873,0.04915682058279346,-0.012102819368916188,-1.210281936891619
1182,19.7197,1654.3301104972377,856.4488950276243,13496.5,1629.5152838427948,811.6768558951965,-2.076895337595828,detected,1654.3733746310695,856.6466122569,49.182619025288204,-11.686650721721207,50.55203081260087,37.81304142803962,-12.020364758601724,39.67764195322694,41.46072939128466,39.148753370970006,238.4500873576848,-2.2374680385382715,-9.541768131604552,38.51324359088923,2.0875373812379427,1.0809420974850474,0.050066425177573426,5.006642517757342,0.04939905788135017,-0.01204008597047893,-1.204008597047893
1183,19.736383333333333,1655.2700534759358,856.0200534759358,13599.5,1628.147859922179,812.3151750972763,-2.126207928093341,detected,1654.9871884133538,856.4960034792323,49.04300505864512,-10.739171016969976,50.205040975125385,37.975627981621834,-12.006049590867603,39.8283008346692,41.39932262657688,39.36749313798284,238.58082227765414,-4.744742601045688,-9.550837421955944,38.666200381163364,2.088311909669847,1.0807520548633847,0.05025653102166461,5.02565310216646,0.049675070205656584,-0.012051529869975954,-1.2051529869975954
1184,19.753066666666665,1655.9770942408377,856.6269633507853,13633.5,1627.832669322709,812.9083665338645,-2.1427746697495684,detected,1655.6154779272813,856.3506687635436,45.41050737699197,-10.452262459803478,46.59789663455272,38.102629259128896,-12.050262322106564,39.96272236084782,41.37220805737956,39.60960369455789,238.30706409874688,-6.029072011320456,-9.764576795004457,38.75141569678025,2.0891047040091877,1.0805686672095187,0.05042614808939788,5.042614808939788,0.04998057248524655,-0.012321232548901525,-1.2321232548901524
1185,19.76975,1657.617283950617,856.1796296296296,13578.0,1629.0873362445416,812.3318777292576,-2.147634889926766,detected,1656.249703043007,856.1911313962589,41.60265224361092,-8.94285523836652,42.55297091293632,38.090783974433215,-11.995985710434024,39.9350910472466,41.42094847436419,39.87141083039027,237.8604238376109,-5.567668867024485,-10.106015112330919,38.63521651940383,2.089904988066886,1.0803673582287179,0.05039128207854461,5.0391282078544615,0.050310928492606016,-0.012752069542373401,-1.27520695423734
1186,19.78643333333333,1658.1139158576052,856.252427184466,13502.0,1630.8577075098815,811.8181818181818,-2.121014510261899,detected,1656.875443563516,856.0147351389289,40.70517320566705,-8.270984087331954,41.53697513633188,38.25704761395339,-12.151185449881208,40.14041604136287,41.40162120037614,40.148997606609434,237.52910519410227,-4.7790847444381335,-10.287582621646026,38.79972478995834,2.090694566010746,1.0801447762005414,0.05065036724462192,5.0650367244621926,0.05066119571811916,-0.012981176809647983,-1.2981176809647983
1187,19.803116666666668,1658.1243315508025,856.2921122994652,13666.5,1629.8235294117646,812.3613445378152,-2.143093083866655,detected,1657.510206205498,855.8310534579746,36.19759454880068,-11.120347141424872,37.86724140553628,38.52415123078998,-12.411615908970894,40.47417000414705,41.35454050783195,40.438239628658614,237.29588604132184,-5.178268835741905,-10.37060033948607,39.12299945202627,2.091495528335013,1.0799130012088007,0.0510715078916682,5.10715078916682,0.051026169878433586,-0.013085931027742677,-1.3085931027742677
1188,19.8198,1658.841196013289,855.7382059800665,13697.5,1626.8995815899582,814.0376569037657,-2.224443835673994,detected,1658.161762307333,855.652218697792,33.948772268935954,-13.172747813953492,36.414837958421444,38.7685773449173,-12.583908278303012,40.75975143331443,41.40498346281603,40.734842120075044,237.30915397114254,-5.378761999581019,-10.348555608237433,39.42416433773575,2.0923176811449,1.0796873422054158,0.05143186300733682,5.1431863007336815,0.051400431697255576,-0.0130581143321608,-1.30581143321608
1189,19.836483333333334,1659.0283400809717,855.5047233468287,13620.5,1636.0905172413793,809.4224137931035,-2.0326484599659285,detected,1658.8145138129291,855.4805344129467,31.934382969528087,-16.627748627282244,36.003983669263214,39.05284070159075,-12.849017904867152,41.11230506774608,41.42770373542158,41.03438081852366,237.25300964015867,-5.887956304202524,-10.317974096444258,39.796495304593414,2.0931413423506995,1.0794707058838444,0.05187672563753449,5.187672563753449,0.05177839850917812,-0.0130195256737467,-1.30195256737467
1190,19.853166666666667,1659.5975855130785,855.3708920187794,13580.0,1623.483870967742,816.5391705069125,-2.319943900126994,detected,1659.4464614170347,855.2825557558198,28.657126389657606,-16.9972384544501,33.31871858265632,39.295462491566134,-13.231873876358366,41.46342796617202,41.43217726845299,41.33234838932011,237.0949682747173,-6.135077962517437,-10.23807568888544,40.17956775395411,2.0939387525767,1.0792208905436211,0.05231978292261454,5.231978292261454,0.05215438282564052,-0.012918707493861755,-1.2918707493861754
1191,19.86985,1660.556545579164,854.9904043865662,13526.5,1628.5555555555557,813.2685185185185,-2.2250935353700667,detected,1660.124872922825,855.064296501956,31.143395770521238,-17.53952510767408,35.74277606904715,39.41249583879829,-13.51513261107367,41.665376966231804,41.37321693999711,41.62420753636176,236.8674261783957,-6.257103212137174,-10.224326718775743,40.39141964434932,2.0947947923316406,1.078945484545055,0.05257460815928304,5.257460815928304,0.05252265935187604,-0.01290135863567917,-1.290135863567917
1192,19.886533333333333,1660.504467353952,854.3175257731959,13645.0,1626.9473684210527,814.3923444976076,-2.269748997501031,detected,1660.820968067968,854.8137957899352,31.180286394696395,-17.594701884427195,35.802008240560404,39.773659644298064,-13.879914725069089,42.12595440195574,41.28408859148742,41.905451354664,236.58565984181882,-6.895925697800429,-10.317239076873053,40.84299954834731,2.095673145827089,1.0786293953185302,0.053155778425180746,5.315577842518074,0.05287754114153187,-0.013018598204256219,-1.301859820425622
1193,19.903216666666665,1661.5706594885598,854.2563930013459,13604.0,1632.4060913705584,811.4619289340102,-2.1690002283504546,detected,1661.4827082511379,854.5553117626332,29.99004036452152,-14.956393491491326,33.512627878725866,39.95421143884473,-14.190045048995811,42.39924987770941,41.17337190526824,42.171670780215656,236.35225530929057,-6.934583402398118,-10.3254043107088,41.12277247478382,2.0965081492127924,1.0783032325080546,0.05350063076051661,5.3500630760516605,0.05321346470689673,-0.013028901338433818,-1.3028901338433818
1194,19.9199,1661.9768824306473,853.8177014531044,13674.0,1634.7435897435898,810.5512820512821,-2.132576745707241,detected,1662.194544681984,854.2749976296393,33.01380556686263,-15.752881019691358,36.57956558554465,40.1462417987155,-14.455403240105591,42.669420120210056,41.06368195999249,42.41862831475887,236.03712408186567,-6.188178821777425,-10.438616260528201,41.37287401136671,2.097406365529318,1.0779495238228889,0.05384153958386127,5.384153958386127,0.05352508304701435,-0.01317175553378953,-1.317175553378953
1195,19.93658333333333,1662.0062849162011,853.7814245810056,13618.0,1634.4244897959184,810.7918367346939,-2.141238420982441,detected,1662.9023590706727,853.9776181590361,34.55257483924197,-14.982961283183386,37.661247414747024,40.27782856201069,-14.56953981223904,42.83193859739648,40.937266151936925,42.64233657873265,235.91106398301565,-6.088133787607262,-10.508845326336615,41.52275441150641,2.098299506713783,1.077574281588689,0.05404661021753499,5.404661021753499,0.053807364768116914,-0.013260372651528853,-1.3260372651528853
1196,19.953266666666668,1663.3593015446609,853.6856950973807,13659.5,1638.0394736842104,808.9736842105264,-2.086057858242841,detected,1663.63454495888,853.6843330185116,35.945319071299764,-12.63067335254459,38.09986709263205,40.30702092579933,-14.747262270750086,42.92013141167107,40.917643308342406,42.83913969051472,235.60870496409484,-5.05129675199068,-10.597652827548417,41.59119419951619,2.0992234005790285,1.077204205701592,0.05415789452576792,5.415789452576792,0.054055696770365584,-0.013372432589966458,-1.3372432589966459
1197,19.96995,1663.012743125419,853.2783366867874,13616.0,1635.214876033058,810.49173553719,-2.1469509639124644,detected,1664.3576341394291,853.3816628765011,41.20612401404469,-10.015205312793341,42.40576604328985,40.31528545137745,-14.818241341321704,42.952328429035155,40.91880138589035,43.00579499007962,235.3003386067505,-3.953814868120729,-10.767691937536876,41.58075670083464,2.1001358159488066,1.0768222875413265,0.05419852167701597,5.419852167701597,0.05426598736918565,-0.013586992981119088,-1.3586992981119088
1198,19.986633333333334,1663.5296096904442,853.6244952893675,13489.5,1635.1134020618556,810.4278350515464,-2.1526586637840883,detected,1665.0821225457955,853.0870581384576,44.70610545340651,-9.889904144369439,45.78696396132767,40.278664291704345,-14.804358811208681,42.9131662422482,40.96691801327555,43.13955223538714,235.08101580656142,-3.3329677407236877,-10.917200401012874,41.50125988857393,2.101049996903212,1.0764505465469496,0.05414910566845199,5.414910566845199,0.05443476622761785,-0.013775647193707097,-1.3775647193707097
1199,20.003316666666667,1665.2971105527638,852.4949748743719,13640.5,1639.3816425120772,808.4782608695652,-2.1029132880101145,detected,1665.7930718531366,852.8078721513696,48.41282667021915,-8.50765163693336,49.1546734561028,40.091381663903846,-14.626397956367102,42.676110423735025,41.13660077793065,43.238227124670715,235.04994005881946,-3.284651258268009,-10.978286771759882,41.23987900631896,2.1019470938209928,1.076098261389741,0.05384998160723663,5.384998160723662,0.05455927712892204,-0.01385272778770963,-1.385272778770963
1200,20.02,1665.8186775732788,852.7014314928425,13607.0,1643.486187845304,806.6850828729282,-2.0226282223736183,detected,1666.5104153343163,852.5220529716396,52.100305899021805,-11.681479520390894,53.39380899090229,39.910291843425505,-14.555684772260756,42.481753191421134,41.31581670011076,43.30026587109751,234.83137843445155,-2.407009552102753,-11.08902124542911,41.008937587253364,2.102852259096929,1.0757376062733623,0.05360473588822857,5.360473588822857,0.05463755945879812,-0.013992455830194463,-1.3992455830194463
1201,20.036683333333333,1666.4400544959128,852.8821525885559,13638.0,1631.2864077669904,812.9660194174758,-2.2928386020345592,detected,1667.1915766214493,852.2624059357372,53.60003352906415,-15.207756694419686,55.715702077542446,39.66211172835329,-14.521352006333577,42.23686506884984,41.529099585036015,43.32479762265744,234.97598991216356,-1.0646763464845053,-10.871161728287218,40.813853206009,2.103711768607507,1.075409975944148,0.053295728793501376,5.329572879350137,0.0546685143503564,-0.013717554231277247,-1.3717554231277247
1202,20.053366666666665,1668.0775034293554,852.9375857338821,13530.5,1636.508695652174,810.604347826087,-2.2115535993833024,detected,1667.8685484174237,851.9962613256371,54.18456990194272,-16.514444268442958,56.64533948132031,39.49328175761152,-14.414831342824005,42.04172530508414,41.72145847593239,43.311671823223676,235.2151561142905,-1.5123747379755426,-10.691869345335032,40.659446584163405,2.10456599169391,1.0750741467831384,0.053049495653103025,5.304949565310302,0.05465195182741158,-0.013491317785911713,-1.3491317785911714
1203,20.07005,1668.9979079497907,852.4205020920502,13550.0,1640.7424242424242,808.2676767676768,-2.1400721683274115,detected,1668.515458917592,851.7448605432198,50.30582728555646,-18.97764257347535,53.76641308968659,39.26731334761373,-14.419387104492223,41.831096351982936,41.86945782065968,43.26147817435075,235.34956868821172,-1.51965939445501,-10.46422915814634,40.50111764056247,2.1053822825458575,1.0747569218210977,0.05278371779430024,5.278371779430024,0.05458861599287161,-0.01320407464750327,-1.320407464750327
1204,20.08673333333333,1669.4930458970794,852.5757997218359,13583.5,1639.9414634146342,808.9219512195122,-2.165886137040792,detected,1669.1556958861988,851.4884738295368,43.655757192627334,-17.731465309939722,47.119316613245026,39.07846125942515,-14.278954454012792,41.60546448129337,41.969246097257496,43.17554766400499,235.44201140618298,-2.0271018959441496,-10.40739905272551,40.28275958349293,2.1061901525377906,1.074433405463138,0.05249900880920299,5.249900880920299,0.054480186326820175,-0.013132364735300328,-1.3132364735300328
1205,20.103416666666668,1670.582993197279,851.0938775510205,13734.0,1643.49,806.97,-2.121461742321575,detected,1669.8063716042382,851.2485135164649,42.1068548280241,-20.3504555152374,46.76674313212278,39.0366766569081,-14.232667545225667,41.5503423556162,41.98460973798296,43.0559340946042,235.50837462381133,-1.690419747049525,-10.375222367352452,40.23413613707772,2.1070111944532974,1.0741306164245614,0.052429454076487324,5.242945407648732,0.05432925437804947,-0.013091763239561453,-1.3091763239561454
1206,20.1201,1671.4659546061416,850.4632843791723,13697.5,1635.9580838323354,811.2574850299401,-2.3067401752461274,detected,1670.4364293029616,850.9852438548919,40.5613487426931,-22.467985512075757,46.36845247360771,38.93528726162349,-14.2817095563354,41.47196428910333,41.8800421552396,42.905376521542294,235.66679617902656,-1.261675262878599,-10.166254764542149,40.206605005385455,2.1078062199406458,1.0737984149588542,0.05233055430801683,5.233055430801683,0.054139276367876715,-0.012828081721819748,-1.2828081721819748
1207,20.136783333333334,1671.3983628922238,850.7291950886766,13782.0,1632.5953757225434,813.1618497109827,-2.3723726832912244,detected,1671.072655346354,850.739956095653,37.69407601830699,-22.543480443729777,43.92097309248433,38.88972543165309,-14.38785243589219,41.46590215907974,41.807656837686345,42.72724385312586,235.75505499735254,-0.34858923774842204,-9.990927206861128,40.244284257687774,2.108609028828207,1.0734889035907296,0.052322904932592736,5.232290493259273,0.05391450328470141,-0.01260684821055032,-1.260684821055032
1208,20.153466666666667,1671.7838730998017,850.2022471910112,13791.5,1641.0514018691588,808.8504672897196,-2.209928538790156,detected,1671.710213936628,850.4658201154652,38.19147834033038,-22.58220855371519,44.36829003898406,38.92090369744857,-14.42871152347843,41.50932980492247,41.67230286168776,42.52546348300449,235.78249485059638,0.17678212289284492,-9.955398362107191,40.297822575240694,2.1094135191629375,1.0731429906819752,0.05237770322387694,5.237770322387695,0.05365989083028959,-0.01256201686070308,-1.256201686070308
1209,20.17015,1671.9006896551723,850.5331034482758,13713.5,1647.6157407407406,805.1898148148148,-2.062500991291215,detected,1672.359020341297,850.2254810472784,40.36327192552835,-22.924910747095055,46.41923365692738,38.915958256064094,-14.383677527726139,41.48905863247968,41.56671079094887,42.304436232005884,235.73133978359058,0.9274554371078569,-10.025804999379634,40.259473671717956,2.1102322023234032,1.0728397237189633,0.052352124457387614,5.235212445738761,0.05338099209085916,-0.012650858043381242,-1.2650858043381241
1210,20.186833333333333,1673.326203208556,849.8516042780749,13747.0,1648.831818181818,804.6045454545455,-2.066972330832655,detected,1673.0348955116297,849.9713060937619,38.84368533654606,-19.717051355398553,43.56138203358598,39.09583859538257,-14.32400836040253,41.637264691440606,41.50569183316509,42.06894011133553,235.82807939861948,0.9493587916811368,-10.10821811223097,40.39165430606492,2.1110850416550533,1.0725189982255672,0.05253913525733831,5.253913525733831,0.053083836102631586,-0.012754849352972834,-1.2754849352972835
1211,20.203516666666665,1674.3073878627968,849.259234828496,13813.0,1645.5859030837005,806.3744493392071,-2.16092084565681,detected,1673.7252695753527,849.7419198515605,40.77144962182774,-19.415913625689655,45.15848542838299,39.19282304243235,-14.282160767596352,41.71399638283156,41.42827120603753,41.8240255272408,235.96898660646974,1.2619169867220565,-10.09780974554367,40.473345952239825,2.111956176120319,1.072229551863168,0.05263595758086002,5.2635957580860016,0.05277479561796947,-0.012741715767247534,-1.2741715767247535
1212,20.2202,1674.7743451981196,849.1034251175286,13750.0,1642.8577586206898,807.4181034482758,-2.2242417567017863,detected,1674.3817870238688,849.5398461428146,43.88277450226451,-19.79643807776438,48.141425597746434,39.285621634038954,-14.281512988486888,41.800977027016835,41.4250611364957,41.574904566434185,236.14858886885082,1.037925071482281,-10.023121129175799,40.5815071583481,2.1127845893045665,1.0719745692653813,0.05274571233692976,5.274571233692976,0.052460447402440616,-0.012647471456373249,-1.264747145637325
1213,20.23688333333333,1675.711212516297,848.2946544980443,13809.5,1644.0218340611357,807.3187772925764,-2.229085166666435,detected,1675.0732283161947,849.3142731841046,42.96061528190148,-17.577959078952745,46.41765947116339,39.23448731084089,-14.252869357004641,41.74313451877298,41.4715895705416,41.32683696527474,235.9992263930438,0.9902771254476079,-10.124029450527035,40.49683082831591,2.1136570704305297,1.0716899346171669,0.05267272494482396,5.267272494482396,0.05214742834734983,-0.012774800568488372,-1.2774800568488371
1214,20.253566666666668,1676.7480263157895,847.875,13602.5,1646.7061224489796,805.804081632653,-2.1909080481065537,detected,1675.7520734581817,849.1029532529461,41.12405558423461,-14.304330080094132,43.5408062251436,39.09126372995487,-14.289371050309397,41.62106467905771,41.519014495419604,41.085015311481875,236.24377159927934,2.454427212427397,-9.841160920438627,40.44087754681316,2.1145136573604817,1.0714232848617617,0.052518693601334654,5.251869360133465,0.05184229061385726,-0.01241786866932319,-1.2417868669323189
1215,20.27025,1676.3490248823134,848.0827168796234,13682.0,1647.3259911894272,805.2907488986784,-2.166765446773941,detected,1676.4161475644182,848.8987074587117,35.56607413988013,-10.512868801339891,37.08727598729294,38.972404967563,-14.330940907136167,41.523778925328536,41.6537227030638,40.854451996625016,235.97904680908368,1.5084254883886188,-9.926949499866597,40.319720855515065,2.1153516057595185,1.0711655614620967,0.05239593555246503,5.239593555246503,0.05155135898627763,-0.012526119242733877,-1.2526119242733877
1216,20.286933333333334,1677.6775766016713,847.8955431754874,13510.5,1647.759090909091,805.5681818181818,-2.1860952222356915,detected,1677.1019969925019,848.6894409820995,32.75593558695846,-6.831670401919155,33.46076862024287,38.816727808618786,-14.394603851485181,41.39979441747979,41.698140659967706,40.639870441022346,235.81882052543182,1.5293980444407937,-9.899536296493675,40.19878305277406,2.116217030905365,1.0709015028165294,0.05223948822394926,5.223948822394926,0.05128059361643199,-0.012491528449834291,-1.249152844983429
1217,20.303616666666667,1678.4713457823568,847.762395363812,13570.5,1649.1120331950208,804.701244813278,-2.1692062982986995,detected,1677.7451675032557,848.4684188796733,30.883884758912245,-4.257956555787814,31.1760249524013,38.62817243517568,-14.547441828841123,41.27667342997958,41.79276017503094,40.445603100106865,235.73536203515448,0.24542720243191019,-9.7256083099421,40.11453991318818,2.1170286025277676,1.0706226105737204,0.05208413051101525,5.208413051101525,0.051035461325055986,-0.012272060958917476,-1.2272060958917477
1218,20.3203,1678.4731109598365,847.857045609258,13619.0,1652.5970695970695,803.2161172161173,-2.096116962600856,detected,1678.397060585195,848.2489263651883,28.081551073805713,-1.0378227647249787,28.10072217580431,38.490655312448396,-14.677792955589656,41.19427329652593,41.98869724345005,40.27549865712166,235.7508959231098,0.045471114924358624,-9.529590610084382,40.07686433883096,2.1178511805491422,1.0703456484103322,0.05198015557921253,5.198015557921253,0.05082081849479074,-0.012024720012724774,-1.2024720012724774
1219,20.336983333333333,1679.0898328690807,848.3022284122562,13393.0,1649.0445344129555,805.5182186234817,-2.183034325090516,detected,1679.0529793115936,848.0264825518226,26.387971745000414,-0.9027004269328245,26.403407372453366,38.2241694007774,-14.880909377122158,41.01863710887344,42.11977436130913,40.13284057339154,235.62328559720697,1.2591101672065492,-9.300719811054291,39.9502841199623,2.118678838248068,1.0700649622105018,0.05175853262949331,5.175853262949331,0.05064080829450037,-0.011735924051803523,-1.1735924051803523
1220,20.353666666666665,1679.044959128065,847.7152588555858,13581.0,1654.2894736842104,802.5219298245614,-2.07192473746433,detected,1679.6565554993938,847.8098831540774,27.586169078470903,-3.7684879106548124,27.84238182265906,37.97704924564478,-15.084827473573538,40.86328779373495,42.239256363266705,40.02027882303953,235.58225860773288,2.082336342083459,-9.021426310006708,39.855014197045854,2.119440448579677,1.0697916506676057,0.0515625082570788,5.15625082570788,0.05049877454011298,-0.011383503230292377,-1.1383503230292378
1221,20.37035,1679.7717466945023,847.929018789144,13537.0,1655.5943396226414,801.7264150943396,-2.0529026572477456,detected,1680.3001361167417,847.5693170131383,27.01903183807599,-4.954135741086475,27.469465637468712,37.694142837682264,-15.147855099623271,40.623957443690486,42.39868667422358,39.93977622687477,235.67469269097074,3.406974315351558,-8.745537672722559,39.671419046988554,2.1202525376867403,1.0694880971774616,0.05126051412453059,5.126051412453059,0.05039719397712905,-0.011035378766842347,-1.1035378766842348
1222,20.38703333333333,1680.2277432712217,847.8488612836439,13656.0,1654.324200913242,803.013698630137,-2.0946953023634136,detected,1680.8689213863624,847.3556007201285,29.602979948554093,-8.376629148836173,30.765310623031706,37.42323571637892,-15.416711979758038,40.474357064077914,42.490640430298185,39.892570357952756,235.6880178648592,4.279662823334887,-8.361530588368183,39.601242227615245,2.120970247806136,1.0692184236216133,0.05107174392943586,5.107174392943586,0.05033762821192777,-0.010550827240843134,-1.0550827240843135
1223,20.403716666666668,1680.5100207325502,847.9910158949551,13509.5,1650.5391705069123,804.8387096774194,-2.177846069841942,detected,1681.424178467838,847.1148776367436,33.68356712001287,-10.291362511941543,35.22065922552569,37.11475710715701,-15.392389981332093,40.17998089174103,42.5805149567057,39.87915154600807,235.81454797241588,4.602765765270571,-8.120850006312823,39.35076440980078,2.121670887656578,1.0689146720968374,0.05070029134604547,5.070029134604547,0.050320695957107975,-0.01024712934550514,-1.0247129345505142
1224,20.4204,1680.9398648648648,847.6067567567568,13499.5,1656.1630901287554,802.2489270386266,-2.070756923888924,detected,1681.9989746846168,846.8376267336921,37.087564361260775,-13.315458331788705,39.40544202056692,37.00067188474177,-15.455388262455415,40.098862156744104,42.64288044950681,39.89925707668977,235.8538959740743,6.397073978228364,-7.977649309346043,39.29727544961171,2.12239618256734,1.068564828686047,0.050597933320812756,5.059793332081275,0.050346065711911386,-0.010066434459742642,-1.0066434459742641
1225,20.437083333333334,1681.8027972027971,846.8713286713287,13631.5,1654.177215189873,803.168776371308,-2.1345045738914936,detected,1682.561150908921,846.5741800939458,40.92001794933003,-14.254422933798196,43.33170250693,36.88653489857076,-15.455753029741576,39.99370898703751,42.57211881032644,39.95188127550249,236.2507813395091,8.178425237186884,-7.641536465937074,39.256893394403974,2.123105553197377,1.0682324039040325,0.05046524793317036,5.046524793317036,0.050412468486438475,-0.009642317307176119,-0.9642317307176119
1226,20.453766666666667,1682.6446164672766,847.0380014074595,13434.0,1649.0247524752476,806.509900990099,-2.263294417110054,detected,1683.1069779067686,846.3258774273105,42.811075994129624,-17.774476654840782,46.3542905039935,36.82365455274748,-15.391919245165038,39.91106002939238,42.422767791157376,40.035300799990175,236.33302559079456,6.8935259488019565,-7.6034465099532955,39.18010099323432,2.1237942938886674,1.067919088236354,0.05036095902762446,5.036095902762447,0.05051772971607593,-0.009594254271234443,-0.9594254271234443
1227,20.47045,1683.4660260809885,846.232669869595,13570.0,1652.1690821256038,804.4251207729469,-2.2133979622419053,detected,1683.679717560498,846.0988198171475,45.397546125190274,-17.95700796518645,48.81998903369959,36.928930364235256,-15.320725678523361,39.980877093469346,42.15636571178862,40.147114153613906,236.50321661603363,6.355035795821624,-7.6045030077989,39.25101358140296,2.12451699376719,1.0676325802109117,0.050449056269361955,5.044905626936195,0.05065881912127938,-0.009595587391544355,-0.9595587391544356
1228,20.487133333333333,1684.220509383378,846.6132707774799,13555.0,1651.71875,805.1614583333334,-2.2357576092636333,detected,1684.2537461451395,845.8738950282855,46.26707321406957,-18.332340538690914,49.76662308638797,37.142933946940225,-15.325478653215997,40.18044098982668,41.99154203457288,40.284294190433776,236.7356725105633,6.706091389237121,-7.558602027948146,39.463088747841844,2.1252413200569586,1.0673487634426315,0.05070087191145323,5.070087191145323,0.05083191695953789,-0.009537668174067062,-0.9537668174067062
1229,20.503816666666665,1685.1198928332217,845.8626925653048,13425.0,1655.2641509433963,803.2547169811321,-2.181997183417338,detected,1684.8361811498507,845.6691958973729,46.31797809126692,-16.404548008507845,49.13719863633377,37.30917302828139,-15.295181112181048,40.32266059312877,41.986349559447085,40.44325220303904,236.86643097735237,7.174362107467358,-7.584757295809725,39.60288391105275,2.1259762538168467,1.0670904680093034,0.05088032882413725,5.088032882413724,0.05103249489342466,-0.009570671666636877,-0.9570671666636877
1230,20.5205,1685.866440677966,845.6949152542372,13489.0,1655.298578199052,803.7345971563981,-2.20039127806637,detected,1685.471677506699,845.4596105237215,43.89849780517943,-15.877399585224794,46.68158016970119,37.37779540422462,-15.62932789575077,40.51389242905412,41.924805114874225,40.61991207539391,236.99201107009713,8.586407975917924,-7.255106850959846,39.85898774848809,2.126778141964289,1.0668260069699957,0.05112163082530488,5.112163082530488,0.05125540955885668,-0.009154708960201699,-0.9154708960201698
1231,20.53718333333333,1686.5630538513974,844.9304703476482,13350.0,1658.591111111111,801.8088888888889,-2.146240355260836,detected,1686.136097730628,845.2167017883253,43.35162120568202,-18.16923468664413,47.00515025249139,37.397201328166574,-15.973858332793442,40.66589255402589,41.84055096607123,40.80979292699418,236.95334838746533,7.605359356081041,-7.0037895028731665,40.05822948927002,2.1276165271048937,1.0665194975247008,0.05131342909025349,5.131342909025349,0.051495006847942185,-0.008837589278073398,-0.8837589278073398
1232,20.553866666666668,1687.4497671324018,845.3419827012641,13546.5,1659.1515151515152,801.4891774891775,-2.143860998284393,detected,1686.7820540524647,844.9829436897661,39.94228312085852,-17.412463035928113,43.57269615119522,37.297892100127115,-16.26262161743207,40.689133893270494,41.78273820139256,41.0080986523513,236.82046282404139,5.571852770908631,-6.800645592147289,40.11678995775337,2.128431613946328,1.0662245346243107,0.05134275570128769,5.134275570128769,0.05174523489255685,-0.008581256267693741,-0.8581256267693741
1233,20.57055,1687.808,844.85,13633.0,1661.725321888412,800.3090128755365,-2.100551539076148,detected,1687.37873568782,844.7083122759494,36.616365249060436,-19.3695652606807,41.42388516834665,37.36446276737559,-16.47632956433777,40.835921855729765,41.71648716041542,41.20981274757375,236.931989868951,4.796156014042109,-6.579775809171188,40.30234564027649,2.1291845245272176,1.0658779965627123,0.05152797710502179,5.152797710502179,0.05199976371933596,-0.008302556226083519,-0.830255622608352
1234,20.587233333333334,1688.6848567530697,844.924965893588,13714.5,1658.5429864253394,801.7601809954751,-2.180378898906885,detected,1687.9394699113443,844.4504610108859,34.45763422371829,-19.43979769794032,39.56304198153129,37.46265742087151,-16.62593623476446,40.986247165555824,41.57528652495963,41.40979680429962,237.33569530337422,5.084233101781473,-6.22269621041524,40.511115864524356,2.129892075597911,1.0655526321903923,0.051717662038556246,5.171766203855625,0.05225210953223927,-0.007851982599893047,-0.7851982599893047
1235,20.603916666666667,1688.8972972972972,844.2587837837838,13720.5,1659.2605042016808,801.3193277310925,-2.1749144774025666,detected,1688.5574867210428,844.1521155844257,31.668373472255553,-20.53474320237501,37.74336440708149,37.530878174017786,-16.7244015892971,41.088592395372316,41.48948953438142,41.602891038694146,237.7390444665026,5.396586733593378,-5.890505171380784,40.664165721910294,2.130671907534439,1.065176171084449,0.05184680428438147,5.184680428438147,0.05249576156302101,-0.007432814096379539,-0.7432814096379539
1236,20.6206,1690.1405729513658,843.4370419720186,13748.5,1658.6583333333333,801.7791666666667,-2.217956600615388,detected,1689.185104914523,843.8568394380002,31.045791012974405,-21.405584280499397,37.70994799798649,37.679935137827485,-16.970118343263454,41.32508231782791,41.346670702796814,41.78401520402129,237.9434504200931,5.084499631951861,-5.616258138122069,40.941666711325155,2.1314638547817326,1.0648035828870666,0.052145214281170874,5.214521428117087,0.0527243094057051,-0.0070867610575672795,-0.7086761057567279
1237,20.637283333333333,1689.7473262032086,843.6691176470588,13678.5,1662.9826086956523,799.4782608695652,-2.1153685789562164,detected,1689.8161943163252,843.5528427645639,30.746515847814862,-23.493275376676365,38.694731226670626,37.79026576416092,-17.185466209950764,41.51438829344921,41.07516098209556,41.94826820453199,237.97561295605323,4.4076232459277715,-5.469204355389966,41.15254839129961,2.132260182102619,1.0644199908701122,0.05238408617469932,5.238408617469932,0.05293156871234321,-0.0069012042339305565,-0.6901204233930557
1238,20.653966666666665,1690.2127946127946,842.9656565656566,13528.5,1662.940928270042,799.4725738396625,-2.130860665375784,detected,1690.460965293616,843.2264907079275,29.941092322111217,-23.92805102340867,38.32780498828541,37.955024414862606,-17.50842938376717,41.798671962386294,40.70321063454616,42.09102469360678,237.98967313540655,3.5475276601367933,-5.272582014040484,41.464790566508285,2.133073773241156,1.0640081901677318,0.052742803738026874,5.2742803738026875,0.05311170308341549,-0.006653100333174113,-0.6653100333174112
1239,20.67065,1691.0851648351647,842.5480769230769,13747.0,1664.1666666666667,798.7857142857143,-2.1222493033956216,detected,1691.155793827682,842.8581098137668,31.161361328135627,-24.950545360162096,39.91942075722208,38.027942384040124,-17.731206279977126,41.95855190669687,40.346339523628565,42.208026920356204,238.16630996085945,2.3268030771699415,-4.993919182803914,41.66030303901543,2.133950528489189,1.0635433562318823,0.05294454499267744,5.2944544992677445,0.05325933996259458,-0.0063014753095317535,-0.6301475309531753
1240,20.68733333333333,1691.1474103585658,842.2596281540505,13707.5,1665.560669456067,798.2928870292887,-2.097843056976078,detected,1691.8109245134774,842.4759231177978,30.916695915153014,-21.95513347825772,37.91925595733851,37.99771375767967,-17.779489803702674,41.95159721024369,40.126355144688866,42.29547010580407,238.21635188598702,1.980633143870229,-4.900566434954921,41.66438475613337,2.1347771918151137,1.063061101725928,0.05293576935046523,5.293576935046523,0.05336967836694521,-0.006183680044107157,-0.6183680044107157
1241,20.704016666666668,1692.252299605782,841.8226018396846,13691.5,1661.6126126126126,799.8333333333334,-2.2011801787054126,detected,1692.4855505017288,842.1092558421178,33.20399469074346,-23.081509012322385,40.43836447865862,38.09297379595144,-17.903735808519976,42.09059762607705,39.94827468173187,42.35007968515296,238.22781549773777,1.3850995253910656,-4.8367611948094655,41.811770467952066,2.1356284548917714,1.0625984300846913,0.05311116419694265,5.311116419694265,0.05343858635350532,-0.006103168700075036,-0.6103168700075036
1242,20.7207,1692.8122001370805,841.518848526388,13712.5,1663.440170940171,798.9145299145299,-2.1743824505916467,detected,1693.1693819124241,841.7286394715887,37.43840591250773,-21.380913425560493,43.11354423126226,38.22223989415635,-17.94191733728479,42.223832373014154,39.81583912269479,42.3691788286103,238.16036891580563,1.3860418297123878,-4.921734398447631,41.9360054222566,2.1364913336434377,1.0621181570619418,0.05327928375143742,5.327928375143742,0.05346268621906663,-0.006210390408135813,-0.6210390408135813
1243,20.737383333333334,1690.5890609874152,837.5609874152952,14296.0,1669.4007936507935,796.2261904761905,-2.044474017177131,detected,1693.8650885417733,841.3473743477916,39.401119611327886,-17.226531684727206,43.00234436064012,38.116155651335546,-17.872125756140573,42.0981496111188,39.75586963344199,42.35074472919441,238.19141183746282,2.2302033889264075,-4.902407320828269,41.81172805733855,2.137369196898137,1.061637065423081,0.053120693515607324,5.312069351560733,0.05343942552579737,-0.006186002928489929,-0.618600292848993
1244,20.754066666666667,1694.198303979126,840.4455316373125,13801.5,1669.6422764227643,796.2764227642276,-2.078199853272534,detected,1694.553864198103,840.9919584850445,41.048135271611045,-14.445800146272177,43.515865510667666,38.02973623613849,-17.694837139271865,41.94482208301306,39.79518485250348,42.29345222203985,238.04816153083647,2.5203619159293815,-5.111623632577695,41.632191912202906,2.138238314445556,1.0611885911483212,0.05292722029402279,5.292722029402279,0.053367132141375215,-0.006449998274545988,-0.6449998274545987
1245,20.77075,1693.8864569083448,840.9493844049248,13637.0,1669.2510638297872,796.1361702127659,-2.073436073336141,detected,1695.2267540360117,840.6125989127547,44.237822916681125,-12.28504742768223,45.91195232951916,37.79401918328139,-17.460556924457222,41.63242647430549,39.817911886771796,42.196703394960274,238.0644230105405,4.092923693518748,-5.173941724455556,41.30967515208019,2.1390873867962292,1.0607099039908578,0.05253303025148958,5.253303025148958,0.05324505160247354,-0.006528633090795655,-0.6528633090795655
1246,20.787433333333333,1695.60116354234,839.4408532643827,13669.5,1671.7277486910996,794.9424083769634,-2.06321579405575,detected,1695.8971957130213,840.2558026144084,45.56638871691439,-11.153163680401349,46.91150009094537,37.55932836940458,-17.144471892499947,41.28723851305001,39.9127648468011,42.06064197762757,238.32179725895492,5.068674901773654,-5.134070357108557,40.96678393042026,2.139933369984885,1.060259687841525,0.052097461846119894,5.20974618461199,0.05307336527145435,-0.006478322217171682,-0.6478322217171681
1247,20.804116666666665,1696.1646611779606,840.5009499683343,13698.0,1669.375,796.6416666666667,-2.1191260046960325,detected,1696.5541503113584,839.916696703959,48.8823791366558,-11.385560861120439,50.19081575529571,37.29604753050402,-16.797926708423734,40.90434577278055,40.02062637621183,41.886151461396004,238.4252870117673,6.296501930191991,-5.2174518162554495,40.570231693253156,2.1407623347777394,1.0598317939482134,0.05161431643253067,5.161431643253067,0.05285318796390663,-0.006583535414833375,-0.6583535414833375
1248,20.8208,1697.0075862068966,840.5358620689656,13610.5,1675.6169154228855,793.1243781094528,-1.9946233529609256,detected,1697.1915629538437,839.6080416156148,50.731224633997954,-12.340493625331192,52.210582603357345,36.97149198577831,-16.407121574921526,40.44854580857914,40.11646865378383,41.674836128616555,238.396150446401,6.886052047263692,-5.400846675548824,40.08635320425068,2.1415666409512224,1.0594423238051922,0.051039174521866425,5.103917452186643,0.05258654401087263,-0.006814948486496939,-0.6814948486496939
1249,20.83748333333333,1697.785204412719,840.2491888384166,13718.5,1672.661904761905,794.7476190476191,-2.075282106655425,detected,1697.797408427928,839.310205762375,46.71081065544058,-17.628228468381394,49.926488671063915,36.68351410789066,-16.029805076692814,40.032922177884785,40.19735452644399,41.428984520186575,238.612814407342,8.275304271621728,-5.421340384773899,39.664139049436066,2.142331114735556,1.0590665056938486,0.05051472830017008,5.0514728300170075,0.05227632116111871,-0.006840808056497034,-0.6840808056497034
1250,20.854166666666668,1698.819054146676,839.9794379712132,13701.0,1669.7348837209302,796.5209302325582,-2.160578332963153,detected,1698.4022818720568,839.0187361072612,42.92202082898757,-22.361089892460768,48.39750213825869,36.41762373041857,-15.763382425003774,39.68283689011238,40.25762980013043,41.15151541426423,239.02768704141477,7.680939237761843,-5.225598517226995,39.33726812812525,2.143094361983668,1.0586987206400773,0.05007298030298092,5.0072980302980925,0.051926202415475374,-0.00659381516369337,-0.659381516369337
1251,20.87085,1699.6080436264483,839.4342194955692,13743.0,1671.0444444444445,795.8555555555556,-2.1509927148523293,detected,1698.990277542944,838.7534944676576,35.87634060426808,-24.761240938626315,43.59163759225109,36.25860280199171,-15.439262924224543,39.40884566687961,40.276393071215054,40.8459071582359,238.99665773590849,6.886296640349229,-5.442806495549881,39.03117951392112,2.143836312357027,1.0583640308740159,0.04972725005284493,4.972725005284493,0.05154057685581818,-0.006867894631608683,-0.6867894631608683
1252,20.887533333333334,1700.7037542662115,838.8928327645051,13622.0,1673.7333333333331,794.5422222222222,-2.1171638417956307,detected,1699.5860787362403,838.490003804957,35.82653687809034,-28.355602442664576,45.69005290611527,36.090382132672595,-15.235075928679088,39.17426733245882,40.22115897495265,40.51611213767454,239.1058763038867,6.0472731437051515,-5.457237495660795,38.79229021275883,2.1445881119700196,1.0580315505425326,0.049431252154522175,4.943125215452217,0.05112443171946315,-0.006886104095471035,-0.6886104095471035
1253,20.904216666666667,1701.1836734693877,838.4061882817643,13663.0,1676.3512396694214,793.4421487603306,-2.07538311815541,detected,1700.187687261524,838.260757927897,37.32045411673698,-28.34609641043494,46.86488533208145,35.9025006960306,-14.957375635885883,38.89360670009238,40.10658873070085,40.16645914766683,239.2641734244193,4.298849992059309,-5.492711228182163,38.50380196169298,2.145347239446718,1.057742281297031,0.04907710624617335,4.9077106246173345,0.0506832292084124,-0.006930865903068976,-0.6930865903068976
1254,20.9209,1697.665282823041,835.7976128697458,14149.5,1677.685606060606,792.7878787878788,-2.005674468544467,detected,1700.7669405037118,838.0252812240137,36.10370446372508,-24.711904885814647,43.75106534805241,35.8914986964988,-14.745946655136734,38.8026110131382,39.95633795650776,39.801547300969524,239.39623389710138,3.3145719820862976,-5.580327325121736,38.399252185184714,2.1460781583643054,1.057445149809481,0.048962285190079745,4.896228519007974,0.050222772619519906,-0.007041422492267175,-0.7041422492267175
1255,20.937583333333333,1698.6462147451757,835.1118258287976,14147.0,1675.2274678111587,794.3605150214593,-2.09238609367314,detected,1701.3560345399414,837.7999111431702,35.71973097869068,-22.545916475658487,42.23999918226092,35.87055657540124,-14.511946800044557,38.69487600388951,39.79294616466824,39.42613575635933,239.50990791171523,1.852639135826395,-5.695148643915276,38.273472678607234,2.1468214946876234,1.0571607711585744,0.04882634196074387,4.882634196074386,0.04974906720045342,-0.0071863074371170685,-0.7186307437117069
1256,20.954266666666665,1698.6120920278224,835.0502942750134,14295.5,1673.2972972972973,795.5057915057915,-2.140222762997187,detected,1701.9442343251771,837.5661897917412,36.20682796703795,-19.424249887026463,41.08814762322986,35.880240435341,-14.350728591490078,38.643693726201825,39.557987772490115,39.04503391868897,239.6167361622461,1.1368861782690973,-5.7677523690474,38.210837434081945,2.14756370261852,1.0568658546268028,0.04876175864504963,4.876175864504963,0.04926818160086937,-0.007277920970406815,-0.7277920970406815
1257,20.97095,1703.1531886916505,836.870479947403,13741.5,1675.309236947791,794.3172690763053,-2.150211262153168,detected,1702.5490147416479,837.3485066410885,37.44135374612779,-17.00479378091768,41.12198903110371,35.89759741750648,-14.02023554639365,38.53835109505502,39.40496095913071,38.66299679212948,239.63645279440587,0.7805758537538402,-6.048537714681247,38.060736942941695,2.1483268324815747,1.0565911755723516,0.04862883418934388,4.862883418934388,0.048786115826030894,-0.007632224245654571,-0.7632224245654571
1258,20.98763333333333,1704.5539936102236,836.4070287539936,13948.5,1675.237354085603,793.9221789883269,-2.1748126821030613,detected,1703.1508506871432,837.1411800730677,37.458673212776375,-12.535134636227895,39.500402519593784,35.85571473424209,-13.752237861973194,38.40255623413153,39.26708823534082,38.284629800060074,239.73918844658135,0.7255401330284168,-6.190656459519866,37.90029152811149,2.14908624692384,1.0563295647609687,0.048457484207106036,4.845748420710604,0.048308681135722495,-0.0078115538921386335,-0.7811553892138634
1259,21.004316666666668,1704.2254449571524,836.8767303889255,13751.5,1674.9409090909091,794.1772727272727,-2.1719482548084263,detected,1703.7623623599206,836.9636804061109,38.77682846615335,-6.7347575386556855,39.357329495253616,35.846493022945744,-13.475820447626125,38.295806543024476,39.16193355562963,37.91430660453078,239.6679308311093,0.076172464672115,-6.471709901394199,37.745009865317996,2.1498578704857043,1.0561055904178056,0.0483227842814189,4.8322784281418905,0.04784139634641108,-0.008166195459172491,-0.8166195459172491
1260,21.021,1705.0415314730694,835.9500324464633,13843.5,1676.8022813688212,793.0266159695817,-2.152704051633161,detected,1704.3816069648028,836.792695198248,37.50649982691402,-7.033900103008591,38.16036268073727,35.66866165164729,-13.30786581300255,38.07036533206079,39.12554366596135,37.55610232758884,239.39220630922603,0.4544227097139534,-6.707284230992176,37.47485896919774,2.150639251690603,1.0558898362123004,0.0480383158764174,4.80383158764174,0.047389403567935445,-0.008463450133744072,-0.8463450133744073
1261,21.037683333333334,1705.571889103804,835.7646679561573,13733.0,1678.3374485596707,792.2263374485597,-2.129775167080512,detected,1705.0189425731523,836.6095961456681,34.3061479338312,-6.061030152912281,34.837449283385006,35.57553342864823,-13.225827511869992,37.954460766905974,39.15609990412243,37.2137432221193,239.2286274965589,-0.5642420210635523,-6.837089978005995,37.33356790797331,2.151443460660129,1.0556587963983195,0.047892064059187354,4.789206405918735,0.046957404696680506,-0.008627242874455515,-0.8627242874455515
1262,21.054366666666667,1706.25,835.3182414698163,13659.5,1678.4429223744291,792.1050228310503,-2.142578260923036,detected,1705.6027416471238,836.4602398230651,27.62418599437615,-5.630135377030683,28.192092441242806,35.42706479791646,-13.145523958543976,37.78732221711966,39.1600137983458,36.890572423320116,239.29424539145128,-1.1061530066334142,-6.787561943099931,37.17271476781063,2.1521801156430587,1.0554703341615963,0.04768116368090809,4.768116368090809,0.04654961819977302,-0.00856474693135638,-0.8564746931356381
1263,21.07105,1705.8167832167833,835.8972027972028,13560.0,1674.4007782101166,794.6420233463035,-2.221619752179561,detected,1706.1886905813367,836.287598453203,25.73947123477774,-4.036939783012713,26.05412179018171,35.19010101944446,-13.06893803682341,37.53851823352962,39.17072652248608,36.589530100636615,239.17018738383058,-1.0332724344517725,-6.812355418188403,36.91520235384489,2.1529194833833905,1.0552524901617704,0.047367215436630444,4.7367215436630445,0.04616975407020393,-0.008596032073423854,-0.8596032073423854
1264,21.087733333333333,1706.7409360580093,836.3704680290047,13529.0,1678.59765625,792.77734375,-2.144065036072316,detected,1706.7721893814296,836.1329127064334,26.23044651326836,-2.0190886635859897,26.308041419247726,35.007195106474065,-13.12684186770282,37.38740010541542,39.14383267966724,36.313145261505035,239.2160481414108,-1.7008711927784357,-6.639448497762249,36.79314352278125,2.1536557594718357,1.0550573030996007,0.04717653010147057,4.717653010147057,0.04582100348454894,-0.008377852994021766,-0.8377852994021766
1265,21.104416666666665,1707.478231748158,835.5599464166108,13651.0,1679.2145454545455,792.5927272727273,-2.152632879016651,detected,1707.331230354076,835.9691349797721,24.70209314774911,1.2720881148698027,24.734825935350074,34.739003462169634,-13.158410203335203,37.14757220362954,39.117760377797005,36.06353573332107,239.0497230022679,-0.900196508744104,-6.581225173101799,36.55994523853668,2.1543611739483612,1.0548506435075988,0.046873908143381125,4.687390814338112,0.04550603878021586,-0.008304385076469148,-0.8304385076469147
1266,21.1211,1708.1247443762782,835.7709611451943,13542.0,1682.1831501831502,791.2014652014652,-2.0979113712759783,detected,1707.891501672595,835.823954069727,24.644211920443013,1.447451076189509,24.686682559583975,34.573859278010616,-13.356073460801058,37.06395072932721,39.0578835567764,35.84241255702395,238.76213162567683,-1.2733088781447592,-6.510002222552162,36.487755682260875,2.155068140911792,1.054667449930255,0.046768392087479134,4.676839208747913,0.04522701899939931,-0.008214513845491687,-0.8214513845491687
1267,21.13778333333333,1707.7551724137932,835.908275862069,13525.0,1683.1360294117646,790.8455882352941,-2.070818280383365,detected,1708.4651857092406,835.6393175682304,25.161776810758056,0.14886996750078652,25.16221720241731,34.290686401746825,-13.398520691603967,36.81537084732794,38.94483680290818,35.651085237791115,238.79679766425733,-2.984928063015079,-6.304913257025902,36.27147087516114,2.155792032440682,1.054434470117641,0.046454726621234,4.6454726621233995,0.04498559651456292,-0.007955726507288204,-0.7955726507288204
1268,21.154466666666668,1708.466803559206,835.6789869952088,13594.0,1684.929961089494,789.8326848249027,-2.0450951745864,detected,1708.9871970281274,835.4395398997275,28.168232741891643,-3.0217943729810486,28.329853106466263,34.027917147192284,-13.476660228078783,36.59944693952715,38.840334874410594,35.4904650210013,239.00546649778997,-3.4958922138699573,-5.970475379060078,36.109180827419785,2.1564507218020537,1.0541823847315175,0.04618226743158,4.618226743158,0.04478292116214675,-0.007533722875785588,-0.7533722875785588
1269,21.17115,1708.7205180640765,836.1526925698705,13606.5,1686.87072243346,788.7376425855514,-2.0026115137894114,detected,1709.5321565229788,835.2311022228151,28.403283932211707,-5.630610481896156,28.956006501806748,33.84597434117909,-13.613822633147521,36.48131228164021,38.689985472846296,35.36106449658355,238.9030845777491,-3.033834785706849,-5.823566763102292,36.01350046782794,2.1571383678523395,1.0539193718899877,0.04603320161721162,4.603320161721162,0.0446196397433231,-0.007348349227889328,-0.7348349227889328
1270,21.187833333333334,1709.2069204152249,836.0055363321799,13538.5,1683.4186046511627,790.9341085271318,-2.090497791083655,detected,1710.052712045201,835.0180465600897,31.380997616899094,-6.837501157945098,32.11726067890484,33.4563212976129,-13.509988328795506,36.08109227023619,38.44030542846431,35.2629932036858,239.22014496753482,-4.600720484838046,-5.513995809181816,35.65727232458511,2.1577952202463107,1.0536505319370217,0.0455281921390993,4.552819213909929,0.044495890477836975,-0.006957723418525952,-0.6957723418525952
1271,21.204516666666667,1709.7636239782016,835.7997275204359,13664.5,1687.211155378486,788.8446215139443,-2.018558905720549,detected,1710.5602595294501,834.7775713379037,34.32634752271133,-11.015546250731404,36.05052556415721,33.424275829539056,-13.661360560263699,36.108378350275395,38.135824038423415,35.19595029423562,239.23552801278856,-4.611109768227878,-5.357959880187467,35.70864395365552,2.15843565871224,1.0533470931708566,0.04556262252400681,4.556262252400681,0.04441129374666956,-0.006760832656387971,-0.6760832656387972
1272,21.2212,1710.2828212290503,835.4511173184358,13692.0,1688.3895582329317,788.1967871485944,-2.0046611050326493,detected,1711.0638214138135,834.5578228568646,37.098321079820835,-14.733497197556744,39.91693082655393,33.39701715398848,-13.531144748407263,36.03404824587643,37.7788216374411,35.15921649673037,239.1293450439585,-4.998134748466498,-5.521908794757909,35.60844220474304,2.1590710680300487,1.0530698080212804,0.04546883059416584,4.546883059416585,0.04436494195171025,-0.006967708258369602,-0.6967708258369603
1273,21.237883333333333,1711.3247805536798,835.2370020256583,13678.5,1688.9409090909091,788.0727272727273,-2.013913172441318,detected,1711.5972889665888,834.360378743649,39.73893593165667,-17.368768014433044,43.368849780914246,33.287859939208,-13.401877028748046,35.884424577050325,37.39328114499912,35.15164841457633,239.23210191923397,-4.1857432604016775,-5.513270361571994,35.45836681442372,2.1597442132070523,1.0528206671844151,0.045280031012050886,4.528003101205089,0.044355392321231965,-0.006956808027220182,-0.6956808027220182
1274,21.254566666666665,1711.84239888424,834.7322175732218,13442.5,1682.0049019607843,792.0588235294117,-2.180989265776859,detected,1712.1434246927574,834.1831648598537,41.801972339078475,-19.87244340383063,46.28519091756599,33.15577357673056,-13.366078404053285,35.74852966731253,37.12085563940075,35.171678495262114,239.31191659028443,-4.544563230764446,-5.427243697606977,35.33415343858558,2.160433343460893,1.0525970534509197,0.04510855478525241,4.510855478525241,0.04438066687099321,-0.006848257031680729,-0.6848257031680729
1275,21.27125,1712.9451871657757,834.4458556149733,13499.0,1687.9442060085837,788.8755364806867,-2.072582669285205,detected,1712.7155575546967,833.9998989160274,42.81368160572629,-20.04471271935813,47.27369078713977,33.014044365497455,-13.295420314969627,35.59066347679882,36.95134338534312,35.21732382028995,239.10862563981038,-5.047136970913622,-5.540447457435709,35.15677415079682,2.1611552776715417,1.0523658030486152,0.044909354544856554,4.490935454485656,0.044438263495634005,-0.006991100892663356,-0.6991100892663356
1276,21.28793333333333,1713.28940397351,833.9430463576159,13524.5,1686.5454545454545,790.429292929293,-2.121888626260807,detected,1713.3044509209058,833.8609195605213,42.31868075603779,-18.319001900384592,46.11351831684217,32.835131582144676,-13.543340269847405,35.51855756758184,36.81251059116509,35.28620627692019,238.9485172353229,-5.7086626900064426,-5.333989732184326,35.11575836029428,2.1618983607834776,1.052190434776683,0.04481836917045027,4.481836917045027,0.044525181421981315,-0.006730586412850886,-0.6730586412850885
1277,21.304616666666668,1713.612188365651,833.5353185595568,13507.0,1683.177966101695,791.978813559322,-2.20291035779582,detected,1713.9197107692175,833.6950052396164,40.81183372432724,-16.84795174405599,44.1526811180496,32.6670350431013,-13.790018002566697,35.458423188550306,36.7321063473009,35.37558581156865,238.73137022273932,-5.554155571628422,-5.168940571127369,35.07964977576708,2.1626747139043756,1.0519810791667086,0.04474248982782373,4.474248982782373,0.0446379631691718,-0.006522322487226964,-0.6522322487226964
1278,21.3213,1715.1049504950497,833.3207920792079,13677.0,1686.2805429864254,790.8144796380091,-2.166686736579312,detected,1714.546895942671,833.5444868740157,38.47829840758641,-16.265414711054518,41.774910700872304,32.3913373240811,-14.245678169947778,35.385563160194806,36.75687995986928,35.48240746558734,238.5997251022797,-5.018834802533325,-4.716957034594454,35.06976470548278,2.163466114754159,1.0517911506296729,0.044650552883526574,4.465055288352658,0.04477275389979476,-0.005951996258163349,-0.5951996258163349
1279,21.337983333333334,1715.5089581950897,833.1267418712674,13566.0,1684.9755102040815,791.5020408163265,-2.203680553439462,detected,1715.1349306670022,833.3343337122127,35.13335880299155,-16.16886825514598,38.67538236956438,31.940787008229044,-14.898389218638455,35.24451554518938,36.879048687950764,35.60336186615766,238.52437891915605,-3.314346724974321,-3.971149918452287,35.02007773178512,2.164208114406312,1.0515259731384388,0.04447257482042824,4.447257482042824,0.044925377749094844,-0.005010914723599101,-0.50109147235991
1280,21.354666666666667,1716.2270596115204,832.9035498995312,13738.0,1686.8546255506608,790.0352422907489,-2.17150542351232,detected,1715.6778119376017,833.1024479570348,31.454443010286468,-16.44121338171294,35.49218903576357,31.462963523256043,-15.49430574719265,35.07123585294974,37.12706307452558,35.734957863711436,238.47528955112494,-3.0034354825702545,-3.2433468437350026,34.92094336504187,2.164893138091611,1.0512333728164478,0.0442539253664981,4.42539253664981,0.0450914294810239,-0.004092551222378552,-0.4092551222378552
1281,21.37135,1716.591672263264,833.1269308260578,13540.5,1688.8858267716537,789.0826771653543,-2.1322995741891,detected,1716.1171006824895,832.7776998544092,31.33856482534793,-17.867719853624294,36.07438229658457,31.416588817020113,-15.793935321833045,35.16319732117599,37.44152535721871,35.87360512405917,238.42315075902548,-3.501552919768895,-2.995573604512222,35.035367625128586,2.1654474456561386,1.0508235960308003,0.04436996507403911,4.4369965074039115,0.04526637870543744,-0.003779903601908167,-0.37799036019081667
1282,21.388033333333333,1717.029197080292,832.7047113470471,13684.0,1688.8055555555557,788.702380952381,-2.1411108808179447,detected,1716.5658837400176,832.4837647446344,29.38641977753514,-18.393395419217086,34.66812170264181,31.771701380296864,-16.096805876534532,35.61668384374933,37.76891741120203,36.01570373813592,238.39026008911554,-4.3846117854940685,-2.943874543788578,35.49481329287461,2.1660137334258898,1.0504526999932295,0.04494218781545657,4.494218781545658,0.04544568295032924,-0.003714668194054988,-0.3714668194054988
1283,21.404716666666666,1717.5558528428094,832.1779264214047,13760.5,1690.1769547325102,788.4609053497943,-2.1303123114666915,detected,1717.060865772781,832.1734508163613,27.096326223505457,-21.210116613162427,34.41046267568308,32.23361250679095,-16.451763203026957,36.18931178851598,38.09298643960533,36.15773734445721,238.35597209983507,-5.896445004942493,-2.9052689345094382,36.072506152811115,2.166638316432531,1.0500611366767967,0.04566474673629777,4.566474673629777,0.04562490516650752,-0.0036659544914945594,-0.36659544914945597
1284,21.4214,1717.388888888889,831.6018518518518,13766.5,1695.6567164179105,785.5522388059701,-2.0117364598753062,detected,1717.5851874782088,831.8539510682174,27.795723882889433,-22.815302313771554,35.96025981333588,32.346297260831534,-16.598486510864877,36.35646711298337,38.32906561823978,36.29636590960881,238.06906466717305,-6.306293743171459,-3.020940618633011,36.23074134924835,2.16729992110815,1.0496579824204637,0.04587566828136703,4.587566828136703,0.045799830800768215,-0.003811912452533768,-0.3811912452533768
1285,21.43808333333333,1717.8579881656806,831.3451676528599,13732.5,1690.8271604938273,787.7860082304527,-2.126192410901642,detected,1718.1036976577598,831.5246166995736,29.029474587545792,-26.353262124936464,39.207203667879426,32.60407038392092,-16.951967964483142,36.74771589457679,38.396466310385456,36.42851420823726,237.87329220149513,-6.931624811922229,-2.982446373950692,36.62648818949259,2.167954192628088,1.049242418548358,0.0463693575956805,4.63693575956805,0.04596657944257068,-0.003763339273123902,-0.3763339273123902
1286,21.454766666666668,1719.0455136540963,830.5877763328999,13776.0,1689.893617021277,788.1361702127659,-2.1725462961994486,detected,1718.6365169772002,831.1731953310044,29.030529678209405,-25.87255622316593,38.88651204361583,32.83403408189398,-17.24599595816582,37.08770915923559,38.311513302553834,36.55145219230342,237.75157324649882,-7.634195143164075,-2.93428343411966,36.97145049099775,2.1686265198450476,1.0487989846448007,0.04679837117884617,4.679837117884618,0.04612170623634502,-0.003702565847469603,-0.37025658474696027
1287,21.47145,1719.17854763491,830.7501665556296,13744.0,1693.8217391304347,785.9347826086956,-2.085693543755436,detected,1719.1829920371467,830.7957371718906,31.208061051087952,-23.142848465242423,38.85272847115896,33.08359905623969,-17.535195470614504,37.44339202992543,38.25528382573435,36.66286383348499,237.5211835974305,-8.118853569667683,-2.9729711615912127,37.32517982781905,2.1693160782803114,1.048322696746865,0.04724718237214565,4.7247182372145655,0.046262288748876966,-0.0037513831692002684,-0.37513831692002686
1288,21.488133333333334,1719.8449967298889,829.7599738391106,13821.5,1690.592105263158,787.9078947368421,-2.1808233576911418,detected,1719.7017685304959,830.411502163049,32.62040732840342,-20.639628926021487,38.601622459099026,33.20774284157734,-17.58253556693761,37.57525437831336,38.21497911906663,36.76090164307306,237.14391457789705,-9.41634717131321,-3.2462602540847723,37.434763735833926,2.1699706858428973,1.0478378576189893,0.04741357019345535,4.741357019345535,0.04638599576413005,-0.004096227449949239,-0.40962274499492396
1289,21.504816666666667,1720.397486772487,829.7070105820105,13739.0,1697.453781512605,783.781512605042,-2.03411214821836,detected,1720.22862803191,830.0766311991187,32.95887135824705,-16.010244923414348,36.64171316569673,33.43248833985865,-17.667926314794826,37.813845306445685,38.17030028171302,36.84422486684153,236.87277771102356,-10.08904530796109,-3.4746853277432415,37.65386379553857,2.1706354927847444,1.0474153075067745,0.047714631301508756,4.771463130150876,0.046491135478664396,-0.004384460981379485,-0.43844609813794855
1290,21.5215,1721.1673101673102,828.507722007722,13806.0,1697.4609053497943,784.3374485596707,-2.063374945660065,detected,1720.7938768735703,829.696018346119,34.97839333027605,-13.531150654818248,37.50440024864933,33.55700859116185,-17.710105213549255,37.94365101386917,38.07615641391089,36.91202022552459,236.4397419769486,-10.183668357440169,-3.7928561065871698,37.753607705979825,2.171348740534474,1.0469350389225478,0.04787842399226394,4.787842399226394,0.04657668167258624,-0.004785938304841855,-0.47859383048418547
1291,21.538183333333333,1720.9848184818482,829.3267326732673,13759.0,1688.9587155963302,789.2247706422019,-2.2446933200578845,detected,1721.3859056659678,829.3455677500677,36.39275675180352,-9.34835634934393,37.574253291719046,33.59743279021879,-17.77241914541546,38.00850394811138,38.00448759021398,36.964004922201205,236.0726088616129,-9.607859015492282,-4.005547415993343,37.79685122165374,2.172095780020149,1.0464928299685399,0.04796025734777462,4.796025734777462,0.04664227750435484,-0.005054318505985291,-0.5054318505985291
1292,21.554866666666666,1722.2976744186046,829.1687707641196,13751.5,1690.12987012987,788.5151515151515,-2.2401885846369947,detected,1721.9565825421746,828.9963231449251,37.05878569155584,-7.853239831151768,37.88174986425855,33.45782366218313,-17.72276974409089,37.86188758648735,37.95351494575631,37.0004123912409,235.90195062420798,-9.421662506970277,-4.080956484396532,37.641311424872896,2.172815877024826,1.0460521427696217,0.0477752524750629,4.77752524750629,0.04668821752837969,-0.005149471904601303,-0.5149471904601303
1293,21.57155,1722.6329966329963,828.8006734006734,13612.0,1696.948717948718,784.6336996336996,-2.0975218316295328,detected,1722.5363606487563,828.6322623879032,35.45710231384919,-7.03744616889594,36.148744834017094,33.29204563861434,-17.572860897756975,37.64526189224211,37.93714993028672,37.02196189415711,235.73252132324268,-8.659707538296711,-4.2227924547725895,37.40766989294323,2.1735474582318695,1.045592760110919,0.047501907750463236,4.750190775046324,0.0467154093301667,-0.005328444737883394,-0.5328444737883394
1294,21.58823333333333,1722.727619047619,829.432380952381,13647.0,1685.359813084112,791.1822429906542,-2.344526731022624,detected,1723.099028148638,828.2967329772714,32.74882778969095,-7.854747051611184,33.677630154802,33.08459831140231,-17.301016301524527,37.3351819399941,37.99674717444225,37.029813596800686,235.49402205192203,-6.504787082377595,-4.484969383658385,37.06481970980176,2.1742574487679973,1.0451693791511312,0.04711063967191685,4.711063967191685,0.046725316841388885,-0.0056592673610831356,-0.5659267361083136
1295,21.604916666666668,1724.5793333333334,828.7853333333334,13692.5,1694.682142857143,786.0642857142857,-2.1814037842552576,detected,1723.6543726225416,827.9715785863322,28.990925053919455,-13.528070689731521,31.991911978941612,32.849609443241924,-16.98599610593766,36.981358875580256,38.125874518562625,37.025511231909555,235.29724312452004,-5.752604437714657,-4.7374392893730874,36.6766625153375,2.174958198892797,1.044759089698842,0.046664175237325245,4.666417523732525,0.04671988798979124,-0.005977841374603265,-0.5977841374603265
1296,21.6216,1725.2323897300855,829.1553653719552,13650.5,1695.4691943127962,785.8436018957345,-2.172869761604068,detected,1724.183226850228,827.6535011597991,25.1153422226148,-20.937025733089513,32.69769810716207,32.706697801345335,-16.620626476555397,36.68750884894887,38.30992744464907,37.0109148973895,235.63230898464684,-6.275399762374324,-4.74378820166331,36.37952417280169,2.175625522839405,1.0443577301700937,0.04629338656018785,4.629338656018786,0.04670146990206877,-0.005985852620395345,-0.5985852620395345
1297,21.638283333333334,1725.0075757575758,828.6398071625345,13618.0,1696.1574803149606,785.6811023622047,-2.162190970392424,detected,1724.7071225060176,827.3634912395971,17.853381983060444,-28.1321715277561,33.31909847370061,32.54522598664909,-16.354451472671087,36.423341657431884,38.515893523144825,36.98812698422236,235.60891396139,-4.613539344035689,-4.887084763468117,36.093991466845154,2.176286589912956,1.0439917870531195,0.04596005256458282,4.596005256458282,0.046672715437504564,-0.006166668471253145,-0.6166668471253145
1298,21.654966666666667,1726.754781420765,827.8060109289618,13592.0,1695.3164556962026,786.7594936708861,-2.224408273028464,detected,1725.2119235666935,827.086655397577,13.50694223533128,-33.99244296475308,36.57763889674356,32.61059971568375,-16.08223515279858,36.360548693968624,38.68294427586412,36.95941466612099,235.76250042497873,-3.654952541940623,-5.052139653328391,36.007851730556354,2.176923562860181,1.0436424673786462,0.04588081854128533,4.588081854128533,0.04663648538311797,-0.006374939625650967,-0.6374939625650967
1299,21.67165,1723.7047075606276,823.7898240608654,14459.5,1697.9173228346456,785.1141732283464,-2.1588636821407565,detected,1725.7288945997707,826.830343285377,10.896727879692662,-38.582143679940145,40.09140168943481,32.60859194420482,-15.93806602829335,36.29520928863612,38.77585583011231,36.927132764353246,235.57872792626205,-3.8051696275783793,-5.285397021124085,35.9083109549167,2.1775758922394584,1.04331904515505,0.0457983713421276,4.57983713421276,0.0465957511222123,-0.0066692706891155655,-0.6669270689115565
1300,21.688333333333333,1727.8710990502036,828.2998643147897,13739.0,1697.549019607843,785.5450980392156,-2.187676350472641,detected,1726.2651566200138,826.5749980402444,16.20823728952473,-33.02591568126854,36.78883067752765,32.683631068672746,-15.771051684098007,36.28974801587359,38.789116689597506,36.893650999380704,235.68160420859434,-3.450732886465137,-5.401160533689806,35.885558041431,2.1782525635583774,1.0429968429529899,0.04579148014621274,4.579148014621274,0.04655350283833527,-0.006815344522006065,-0.6815344522006065
1301,21.705016666666666,1725.2080213903744,824.1491978609625,14258.0,1700.1801801801803,783.927927927928,-2.127418465331754,detected,1726.7665571092593,826.3181948882302,28.889710497858687,-30.140795963282017,41.75024495676982,32.892074772543154,-15.636524486221354,36.419630432649505,38.762592691337694,36.86128948177001,235.89188617798055,-4.472916001030566,-5.497692475263534,36.0022896257752,2.1788852455637344,1.0426728011207953,0.04595536963110348,4.595536963110348,0.04651266811579812,-0.006937151388345154,-0.6937151388345154
1302,21.7217,1725.021482277121,824.2298603651988,14328.0,1700.151394422311,784.1434262948208,-2.1260892970229186,detected,1727.2689105079696,826.065938301249,41.14529435024633,-24.872374765333007,48.078792347932236,33.05696639840761,-15.543677890583705,36.529015177413015,38.72011133676512,36.83226564422151,235.7393764645704,-5.255768293389132,-5.763067103442028,36.0715401305918,2.1795191299785106,1.0423544962791786,0.04609339454563157,4.609339454563157,0.04647604497693566,-0.007272008963333789,-0.7272008963333789
1303,21.73838333333333,1725.3234811165846,823.8899835796387,14281.0,1703.0383141762452,782.2107279693487,-2.061803423089589,detected,1727.8234212797795,825.8135085164362,46.551077771797736,-17.515691668581212,49.73733302404509,33.28446330249041,-15.412387817286247,36.67965642648884,38.679641335985664,36.80865467808379,235.6167739679791,-5.6691461431497245,-6.0770645605870275,36.17273119204191,2.1802188281132864,1.0420359728914022,0.04628347814067993,4.628347814067993,0.04644625195972718,-0.007668220265724957,-0.7668220265724957
1304,21.755066666666668,1726.163508391987,823.7422847861396,14446.5,1700.5764705882352,783.7098039215687,-2.1395112014365023,detected,1728.3733198819807,825.5537414594288,52.72405402692311,-13.369382518782004,54.392704124426665,33.53749258006165,-15.190289027989166,36.8172281589956,38.689290203481214,36.7923640791242,235.18911026192023,-5.234852251193536,-6.673689968388793,36.207321794318965,2.1809127064756857,1.0417081911159987,0.046457070232171105,4.645707023217111,0.04642569599889489,-0.008421059897020558,-0.8421059897020559
1305,21.77175,1729.663600525624,825.6964520367937,13974.0,1700.0411522633744,783.9423868312757,-2.1878368818252376,detected,1728.948156184699,825.2952357694824,56.084733453841636,-6.8110956792381785,56.496799475193285,33.76596260209313,-14.915897677100288,36.91374044931884,38.7371882327415,36.78512138124376,234.92523365218793,-5.005370547731632,-7.196223787431753,36.20550506705961,2.1816380519680747,1.0413820009709558,0.04657885230197961,4.657885230197961,0.04641655694794166,-0.009080408564582655,-0.9080408564582655
1306,21.788433333333334,1731.5337620578778,824.7453376205788,13927.0,1700.0669642857142,783.7276785714286,-2.2251849333046474,detected,1729.5223241556582,825.0868376012498,56.94243670086735,-5.030370483183333,57.164199676286614,33.98614934776246,-14.6906126078752,37.025294681920855,38.753146880930515,36.78847278979432,234.6557992308244,-3.9585218030798144,-7.6775389364077355,36.220544476346845,2.182362554139632,1.0411190379826498,0.04671961474059414,4.671961474059414,0.04642078585463006,-0.009687746291997144,-0.9687746291997144
1307,21.805116666666667,1731.984664536741,824.3680511182108,13864.0,1698.2333333333331,784.8333333333334,-2.277442452773908,detected,1730.10475062141,824.8889727912585,55.3748148567056,-0.7419274988471898,55.37978491135524,34.17080929723459,-14.52111999180054,37.128252501891915,38.82874558975263,36.80378938210195,234.33787948131516,-2.6078099576765656,-8.12376337631025,36.22860199414219,2.1830974771248077,1.040869366298118,0.04684952997084153,4.684952997084153,0.046440112784986685,-0.010250805522158046,-1.0250805522158046
1308,21.8218,1731.0907911802854,824.795719844358,13749.5,1703.0411985018727,782.2509363295881,-2.15367857619592,detected,1730.688588968865,824.6982785710321,50.771942033359664,-3.948017116039182,50.92520924834155,34.378089133995445,-14.436238550598297,37.286163599849154,38.977523096313774,36.832276948167916,234.34604894994033,-2.524886585230762,-8.308389278450791,36.348709242453715,2.183834181664183,1.0406287426763814,0.04704878687678127,4.704878687678127,0.04647605924059044,-0.010483771960190274,-1.0483771960190273
1309,21.838483333333333,1732.3484848484848,823.8491436100131,13804.5,1702.46484375,782.671875,-2.1985838309720718,detected,1731.2650213390555,824.503702582767,41.006305683902156,-6.137017261502024,41.4629965958757,34.42743598480418,-14.411994473774508,37.32229806965129,39.082975602497385,36.87498548817171,234.5843356313703,-1.359242740692699,-8.20550256012579,36.40911508037054,2.1845615411218366,1.0403832209246273,0.04709438242227292,4.709438242227292,0.04652995014280342,-0.010353946448108253,-1.0353946448108253
1310,21.855166666666666,1732.7443708609271,823.9430463576159,13645.5,1701.274193548387,783.625,-2.233563347154155,detected,1731.844994678623,824.3130008003396,28.59408586378504,-11.104893413206582,30.674751899635478,34.434549633248274,-14.398101663930747,37.32349849584741,39.04115251950169,36.93281487676648,234.55570327477494,-0.6285638434443696,-8.239139696110406,36.402748756618664,2.1852933686796505,1.040142587760681,0.047095897155643426,4.709589715564342,0.04660292098014698,-0.01039639078373553,-1.039639078373553
1311,21.87185,1733.3037230568257,823.9483997387329,13597.0,1703.12890625,782.375,-2.1986419803264865,detected,1732.447169425892,824.1183156334646,23.768930443005956,-9.059314857781374,25.436848077088356,34.5305841015062,-14.521122408592513,37.45963473389083,38.99506384727075,37.00651414740266,234.46397725323487,-0.2817055211126544,-8.253115521521199,36.53916143790038,2.1860532106320405,1.0398969282441195,0.04726767789765405,4.726767789765405,0.046695916905239956,-0.010414025894663973,-1.0414025894663974
1312,21.88853333333333,1734.0278145695363,824.5192052980133,13646.0,1702.8181818181818,782.9920948616601,-2.2152876652266844,detected,1733.0397997986984,823.9312897888991,22.826612852644303,-7.6650631283830535,24.079191163463182,34.55738265667444,-14.567469756205238,37.50231821071569,38.9895853038609,37.09667304067853,234.54414376067365,0.8691541447316106,-8.179775346070405,36.59938724166835,2.1868010092097143,1.03966093348757,0.04732153717440466,4.732153717440466,0.046809682070256826,-0.01032148308652417,-1.032148308652417
1313,21.905216666666668,1734.9259501965923,823.2929226736567,13717.5,1703.6051502145922,782.1545064377682,-2.221522977696761,detected,1733.6301075423685,823.7327717859171,22.987781426531456,-7.299135295353153,24.118778388920422,34.636108508831654,-14.799598505367756,37.66547661394509,38.9948424743793,37.203705666338855,234.47156211186274,1.2877760444908815,-8.082967914010496,36.78795670129996,2.187545877025071,1.0394104375847535,0.04752741528573513,4.752741528573513,0.04694473901115313,-0.0101993285981205,-1.01993285981205
1314,21.9219,1734.6495388669302,823.8866930171278,13563.0,1706.5871559633028,780.7064220183486,-2.147093507959413,detected,1734.2250895198897,823.5034564415636,19.43400366447986,-5.215878409778725,20.121776413045954,34.7021446191301,-14.84530952374711,37.74416585411416,39.09781500572612,37.3278271902118,234.71020376642312,2.9176092568022,-7.930512054559287,36.90161289937564,2.188296642927306,1.039121080683361,0.04762670770235225,4.762670770235225,0.04710135923055117,-0.010006955273891846,-1.0006955273891847
1315,21.938583333333334,1734.5353333333333,823.0433333333333,13693.0,1707.9022222222222,779.9288888888889,-2.124151112942724,detected,1734.8575391180739,823.2275029065905,20.4952208345685,-5.321911766844096,21.17491019843542,34.651061381847924,-14.96622676858468,37.74498640319391,39.189688409138306,37.46902532782402,235.00555973484296,4.0829189837434745,-7.611829725573726,36.96950157638274,2.1890946865843204,1.0387728743300828,0.04762774309551283,4.762774309551283,0.0472795272275382,-0.009604832461291768,-0.9604832461291768
1316,21.955266666666667,1734.7942932979429,823.1327140013271,13648.0,1704.8582995951415,781.9878542510121,-2.199790642987086,detected,1735.4273165398188,823.0093687632364,21.527154683858953,-7.08969558644344,22.664557623991385,34.6803805156215,-15.071916258196167,37.81390554283407,39.321086182325686,37.627029100407185,234.94665039832836,3.9642712870837085,-7.580156169431728,37.04635859095201,2.1898136486306865,1.0384976261996675,0.04771470730956981,4.771470730956981,0.047478901073069006,-0.009564865828935934,-0.9564865828935935
1317,21.97195,1735.0013689253935,823.5222450376455,13804.0,1706.2262443438915,780.7963800904977,-2.1635027883524884,detected,1736.0139938220761,822.7962346134036,26.087946465318055,-8.786810317765458,27.527967348456556,34.86903696929333,-15.189632878764721,38.03386236181642,39.458746567012085,37.80127774489009,234.99969083434556,3.2597792213262506,-7.55764027592126,37.2754176316962,2.1905539354221784,1.0382286872093422,0.04799225534614059,4.7992255346140595,0.04769877317967205,-0.009536454606840708,-0.9536454606840707
1318,21.988633333333333,1735.5588235294117,823.3529411764706,13665.0,1712.0487804878048,777.780487804878,-2.0470692589636577,detected,1736.597507354385,822.5367736458261,30.240008983888856,-10.081594079903425,31.876271465427422,35.0363193770488,-15.11699961437806,38.15845060837339,39.64586432486621,37.99089280201732,235.2673643579261,3.9578940743227142,-7.5384159382162785,37.4064117227798,2.1912902301001704,1.0379012916666577,0.048149464490061064,4.814946449006106,0.04793803508140987,-0.009512196767465337,-0.9512196767465336
1319,22.005316666666666,1735.9827942188576,823.267033723331,13705.0,1708.868725868726,779.3745173745174,-2.1241563638529377,detected,1737.1617162241164,822.3204437548277,35.8373416789309,-13.916341588916112,38.44450054080341,35.18080139341399,-14.964500710846758,38.23120542446671,39.942972237684906,38.19465621264641,235.12832414152308,2.28687697823532,-7.836889729468647,37.419356322308936,2.1920021655824815,1.0376283201953662,0.048241268674405945,4.824126867440595,0.04819514979513743,-0.009888819847909965,-0.9888819847909964
1320,22.022,1737.1458193979934,823.2936454849498,13630.5,1699.119170984456,784.9533678756477,-2.3520876412087457,detected,1737.7856972519057,822.0742220157621,42.37704589474379,-15.343124306292111,45.06911894239284,35.45635485683248,-14.74345745873212,38.39951350695829,40.262483357113744,38.41099677780392,235.1985273573875,2.1847742190206003,-8.129808936714847,37.52904001201714,2.1927895233462533,1.0373176303038008,0.04845364480373286,4.845364480373286,0.04846813473539928,-0.010258433989545549,-1.0258433989545548
1321,22.03868333333333,1737.6194751381215,822.4599447513813,13610.5,1710.6163265306122,778.4081632653061,-2.120710062361016,detected,1738.4050724493748,821.8725718526007,46.25417980884913,-19.012569616008022,50.00926867284601,35.846521634592996,-14.504223708564787,38.66969897332324,40.47936415007658,38.637986679712576,235.33325837129416,1.8746241463967825,-8.46022835564401,37.73287896328338,2.1935710693367505,1.0370631821483922,0.04879457283700094,4.879457283700094,0.04875455732455846,-0.010675367010276353,-1.0675367010276353
1322,22.055366666666668,1739.2184818481849,822.1828382838283,13588.5,1708.608870967742,780.0887096774194,-2.199525784075965,detected,1739.0215868554092,821.66900608058,47.00431459254105,-21.176497315821052,51.55433666415992,36.07106688434723,-14.2827454609277,38.79585910991922,40.716413513843975,38.87334903983575,235.4070689400491,2.034290892993226,-8.721418567578075,37.80285098039309,2.1943490054957846,1.0368063168209212,0.04895376543838388,4.895376543838388,0.0490515445297612,-0.011004944564767288,-1.1004944564767287
1323,22.07205,1739.3825065274152,821.2924281984334,13566.5,1710.707509881423,778.8577075098814,-2.165056755814566,detected,1739.6268148838315,821.456655493701,46.80562515027759,-19.842408279838082,50.837857075727385,36.27613536481445,-14.15496398893504,38.93996664783355,40.94333878734007,39.114476825870874,235.34344220183644,1.7713853259495427,-8.985116421521944,37.889163166083335,2.1951127001688726,1.036538366553566,0.04913560460294455,4.9135604602944545,0.0493558067203418,-0.011337686336305292,-1.1337686336305293
1324,22.088733333333334,1739.9061444969616,821.1863605671844,13572.5,1708.7619047619048,779.9206349206349,-2.2173140423293574,detected,1740.2100745683242,821.2929217398636,44.66924239999253,-17.358514867097256,47.92347290191443,36.442963225459465,-14.172785661411263,39.101885147093554,41.0853203338596,39.358462894028165,235.4707484255784,1.6537762264930205,-8.980788265369062,38.0565745199053,2.195848674534163,1.0363317624477775,0.04933991816667957,4.933991816667957,0.04966367557606078,-0.011332224940528785,-1.1332224940528786
1325,22.105416666666667,1741.5797587131367,820.936327077748,13682.5,1704.5583333333334,782.3625,-2.335661672602253,detected,1740.7993365565303,821.0561236348539,41.5858329549942,-16.70026850923523,44.81384240211093,36.415884015528746,-14.413786136411206,39.16470144682124,41.30026290304517,39.60214058000254,235.52767187199467,1.3469177096877374,-8.728966813204666,38.17956230488524,2.1965922227842656,1.0360329635771028,0.0494191816363675,4.94191816363675,0.0499711553059969,-0.011014469164927024,-1.1014469164927023
1326,22.1221,1742.125597269625,820.5351535836178,13584.5,1710.123348017621,779.3788546255506,-2.2317152583462128,detected,1741.366733790232,820.826171715465,39.150324619922685,-15.402243184444842,42.07109474399379,36.292569513093284,-14.664922086182862,39.14346103318563,41.36661439687959,39.84213398563781,235.60729572018002,1.9995616448021563,-8.399010932657182,38.231755871390824,2.1973081814387787,1.0357428034264542,0.04939237985260017,4.939237985260017,0.050273986101751184,-0.010598121050671525,-1.0598121050671525
1327,22.138783333333333,1742.1851851851852,820.478835978836,13650.0,1710.5577689243028,779.3824701195219,-2.2267185805431886,detected,1741.8901064849556,820.5623630531777,36.32772339150824,-16.23854303387293,39.79188066267889,36.095091101926464,-15.196587265954662,39.163654913556606,41.30519286576004,40.074916880287006,235.80771119986946,2.182441024014688,-7.7144810747085995,38.396336386901666,2.19796858862455,1.0354099218336628,0.049417861089661334,4.9417861089661335,0.05056771846092998,-0.009734360977550285,-0.9734360977550285
1328,22.155466666666666,1743.0666226912929,820.7645118733509,13759.5,1717.304347826087,775.6758893280632,-2.0898980954977584,detected,1742.3890371863126,820.2641576912887,35.29057671489272,-16.945646872017505,39.14817687684632,35.86538780310329,-15.696910611981448,39.14995587516704,41.18048423770311,40.296878897556006,236.172737751542,2.7822627210275908,-6.926204170125793,38.53241156249189,2.198598154178313,1.0350336374653486,0.049400575236803836,4.940057523680384,0.050847796716159,-0.008739689804575134,-0.8739689804575134
1329,22.17215,1743.299529885829,820.8381464069846,13686.0,1715.1140684410643,777.0798479087453,-2.143024706554768,detected,1742.8957682867394,819.9474158935301,32.47233003824931,-19.42555709966109,37.83919246951739,35.6005995737166,-16.18211033606111,39.10579733155388,40.86257744300226,40.50439745210332,236.36898509766502,2.987963291789985,-6.243545351240126,38.60416462486366,2.199237562506927,1.0346339632725932,0.0493448546770396,4.93448546770396,0.05110964978183385,-0.007878290664025397,-0.7878290664025397
1330,22.18883333333333,1743.9913159652638,819.7682030728123,13708.0,1718.7153558052437,775.0749063670412,-2.0854940226718943,detected,1743.492814742782,819.6896672311557,29.31105605809489,-22.343969535916813,36.85635605784652,35.743988247614936,-16.360699131404342,39.310369775848834,40.44710458347994,40.69391355732165,236.6075293428468,2.1093023816773453,-6.0125773802309315,38.84783243838329,2.199990933429378,1.0343087283673889,0.04960299025343702,4.960299025343702,0.0513487868231188,-0.007586848429313479,-0.7586848429313479
1331,22.205516666666668,1744.4351914036265,819.2713230355944,13807.0,1721.3155737704917,773.4672131147541,-2.038236592126445,detected,1744.1270651848506,819.3939033538076,29.54395461345075,-24.486737474364418,38.37245843492544,36.14638911907067,-16.600098864781703,39.77593152482789,39.97968726825744,40.86200953643422,236.6345514551935,1.4768535792304127,-6.01562462213591,39.31840522037166,2.2007912494446065,1.0339355247366657,0.050190449873599864,5.019044987359987,0.051560895314112586,-0.007590693529509035,-0.7590693529509035
1332,22.2222,1745.1826029216468,818.6839309428951,13634.5,1714.8884615384616,776.7076923076924,-2.19593635339345,detected,1744.778923587795,819.1026017724998,30.88799370344077,-28.01550625555592,41.70056049717905,36.5026348167553,-16.955059469147482,40.248184930102425,39.4847282293755,41.00548651963227,236.45186112718437,0.8113534274877219,-6.042005234076711,39.79209171329289,2.2016137837069967,1.0335679517634069,0.05078635322410401,5.078635322410401,0.051741938826034416,-0.0076239813679201416,-0.7623981367920142
1333,22.23888333333333,1745.4317417619368,818.3086751849361,13699.0,1715.4926470588234,776.6066176470588,-2.1934537597786736,detected,1745.3961347176999,818.8238788868325,30.748120423907494,-27.313344797147693,41.12743261633277,36.63291113027467,-17.222624430692974,40.47948826454337,39.02933295953426,41.121439628055455,236.60276194875865,0.534672853150994,-5.78550954668081,40.063909562654636,2.2023925990128705,1.033216250961303,0.051078218630338644,5.107821863033864,0.05188825189659995,-0.0073003275036981835,-0.7300327503698184
1334,22.255566666666667,1745.8238410596027,817.951655629139,13608.0,1718.7272727272727,774.9920948616601,-2.1335168843361143,detected,1746.0673650603107,818.4871797713199,29.010891322769567,-23.218003378785852,37.15787260109031,36.72214151814402,-17.460206550210952,40.661707913645564,38.73438060307177,41.20732887931355,236.60781222736045,0.14247790952883158,-5.6327248283944655,40.26967719590281,2.2032395773631683,1.0327913940332114,0.05130814878693447,5.130814878693447,0.05199662950071111,-0.007107539215639704,-0.7107539215639704
1335,22.27225,1746.3578399479509,817.2498373454782,13700.0,1719.622568093385,774.6420233463035,-2.131172322626796,detected,1746.7381448962772,818.1327291225285,30.50814697973965,-20.270066435093668,36.62816710429978,36.77479237814932,-17.53905910763237,40.74314603509419,38.61436271901402,41.26104411028499,236.54924378994784,-0.6679106054983922,-5.637116829224384,40.35129319725313,2.204085987250823,1.0323441376940423,0.051410909823462705,5.14109098234627,0.05206440897196845,-0.0071130811725228825,-0.7113081172522883
1336,22.288933333333333,1746.8856164383562,817.0472602739726,13804.5,1720.2738095238096,773.984126984127,-2.124325766945458,detected,1747.3804142692593,817.7702503973128,33.31275983975638,-19.468093973080613,38.58427984407618,36.98559424789929,-17.5075884018423,40.92004195401765,38.603532642552814,41.280962548332575,236.4622379128022,-0.8513559868959579,-5.841082019398373,40.5010073252657,2.2048964217908638,1.0318867512899847,0.05163412233945445,5.1634122339454445,0.05208954264773827,-0.007370450497663562,-0.7370450497663562
1337,22.305616666666666,1747.6996073298428,816.2421465968587,13689.5,1721.8536585365853,773.4268292682926,-2.1139035887276085,detected,1748.058562777994,817.4399399911026,35.86961927994935,-14.946895603333587,38.85922381450081,37.094656002722,-17.368282718687286,40.95937925013672,38.643057972060994,41.26599796909817,236.38520615356384,-1.4583643166379934,-6.071916680348998,40.50682135620407,2.2057521296883205,1.0314699558247353,0.05168375930616621,5.168375930616621,0.05207065989791568,-0.007661724517790534,-0.7661724517790535
1338,22.3223,1748.1982585398528,817.0040187541862,13701.5,1721.5854700854702,773.5128205128206,-2.119928679975492,detected,1748.76806816797,817.079333617086,39.737919148838046,-12.598982733897401,41.68736720169114,37.167851626490446,-17.35715400014787,41.02097011911904,38.7136838118951,41.215640573213335,236.19502450201804,-1.723922304142005,-6.2563080550509795,40.54107298819263,2.2066474046283533,1.0310149320089415,0.05176147649100195,5.176147649100195,0.05200711744254049,-0.007894395022146347,-0.7894395022146348
1339,22.33898333333333,1747.7568653717349,817.21165438714,13565.5,1720.148936170213,774.8382978723404,-2.148253262450284,detected,1749.4558799671556,816.7370568840557,41.15047378013969,-8.435585065905343,42.00619701584624,37.09427172695849,-17.16255868127397,40.87222058368746,38.93943563030891,41.12998678299794,236.04450936188735,-0.866785217371808,-6.483100482792819,40.35477448297309,2.207515305952247,1.030583037077673,0.05157377991632487,5.157377991632487,0.05189903695015513,-0.008180568432546146,-0.8180568432546146
1340,22.355666666666668,1749.6025889967636,815.9915857605178,13591.0,1723.5686274509803,773.0274509803921,-2.115576690555782,detected,1750.1240427531027,816.3803172256961,43.51504920937896,-6.600162299115254,44.01274417790073,36.87966570777161,-17.04483669144742,40.62802235594415,39.17205958780512,41.00975814338933,235.8843218605353,0.6484033483854018,-6.572996571011139,40.092791330020574,2.208358413568584,1.0301328923983548,0.05126564335134908,5.126564335134908,0.051747328887557516,-0.008294001982348441,-0.8294001982348441
1341,22.37235,1750.5129011957206,815.5185651353053,13672.5,1721.5208333333333,774.3666666666667,-2.184545064396934,detected,1750.7556355992779,816.0243057315477,44.183265476177894,-6.2783663498676106,44.62710871389232,36.70391531736746,-16.795891696898874,40.36433298740905,39.40894350180819,40.85630845416913,235.86758362590473,0.2598458618134603,-6.692156524644593,39.80570836661615,2.2091553761505085,1.0296836665382305,0.05093291228695149,5.093291228695149,0.05155370151945632,-0.008444361545292862,-0.8444361545292862
1342,22.38903333333333,1751.193633952255,816.6299734748011,13729.5,1722.476595744681,774.0425531914893,-2.16407044395509,detected,1751.3795337381162,815.6878406573018,44.83315236252383,-6.607996079929762,45.31751496886875,36.39856295571231,-16.388229541716242,39.91778366534061,39.687904636019034,40.67161819877936,235.59342411366862,1.8379642580129423,-7.046347136684599,39.29094609171774,2.209942629322544,1.0292591049303492,0.050369443110839886,5.036944311083989,0.05132065387858595,-0.008891289762378043,-0.8891289762378043
1343,22.405716666666667,1752.1297709923665,816.0089058524173,13627.5,1722.233009708738,774.1699029126214,-2.191231893969297,detected,1751.9832812829993,815.3730251269885,46.51458766004953,-12.77094001329533,48.235917882918116,36.11824186204182,-15.982575621455872,39.49645703984733,39.96484090185735,40.458275309867275,235.67252384674137,4.039231092555814,-7.16901837184562,38.840382262339354,2.2107044558776017,1.0288618613589762,0.04983780068119537,4.983780068119537,0.051051451495100666,-0.00904607996447397,-0.904607996447397
1344,22.4224,1752.318897637795,816.5905511811023,13735.5,1723.1486486486488,773.7162162162163,-2.168223362603842,detected,1752.55552082102,815.081947962949,45.26357701046618,-14.884098440353227,47.647956830954755,35.88268935791094,-15.561678511302393,39.11180427499434,40.18540743409419,40.21944138530912,235.72556735331113,5.38743123643663,-7.348212571512992,38.415322537359025,2.2114265246952938,1.0284945715620808,0.04935243441639665,4.935243441639665,0.05075008376695157,-0.009272192519259296,-0.9272192519259296
1345,22.439083333333333,1753.5752330226364,815.8209054593875,13701.5,1722.9808612440193,773.9043062200957,-2.2013002220671427,detected,1753.137624333734,814.8287983421761,40.1905063457225,-16.179197460991645,43.32485696234113,35.72338301404301,-15.158688781220874,38.806519291659335,40.2845764408168,39.958802720995635,235.39050252465066,4.718035092089691,-7.81393257042313,38.011687641024416,2.2121610401687497,1.0281751398639447,0.04896721677180989,4.896721677180989,0.05042120217160333,-0.009859851823877767,-0.9859851823877768
1346,22.455766666666666,1753.8620923913045,815.6813858695652,13626.5,1725.389423076923,772.875,-2.1577482236091456,detected,1753.704645802137,814.5730553205453,39.27740102179132,-21.82651171866155,44.934517298302914,35.56434671595333,-14.844022689474684,38.5378744475896,40.26398516486916,39.680506022663515,235.59461175193718,5.326743911736754,-7.8482271928374026,37.7302676490346,2.2128765246714663,1.027852435735704,0.04862823274143799,4.862823274143799,0.05007003914531674,-0.009903125795378427,-0.9903125795378427
1347,22.47245,1754.7228835978835,815.3716931216932,13685.0,1726.893023255814,772.1627906976744,-2.142996477312656,detected,1754.2795443404823,814.3327758641578,39.38449400977879,-26.904707301225244,47.696977298052175,35.6564191501072,-14.55185298005562,38.51151323645028,40.234891511725394,39.38907939835134,235.53395185065608,5.973347503754953,-8.18115654468501,37.632503628547525,2.213601948694615,1.0275492439926284,0.04859496938353348,4.859496938353348,0.04970230838908687,-0.010323225923892758,-1.0323225923892758
1348,22.48913333333333,1755.692160611855,813.861695347355,13728.0,1726.074418604651,772.3581395348838,-2.1906044561963403,detected,1754.8486277327863,814.0886083790017,38.29432898626874,-27.333230353760655,47.048497468891874,35.65239359541951,-14.387885760881547,38.44612367652802,40.15713405817489,39.08934014397873,235.6618998462915,6.352675932668599,-8.230219403645162,37.55486538810585,2.2143200349940524,1.0272411462195605,0.048512458897827154,4.8512458897827155,0.04932408850975235,-0.010385134894189478,-1.0385134894189478
1349,22.505816666666668,1755.615984405458,813.9577647823262,13733.0,1726.2586206896551,772.2758620689656,-2.1844151943275527,detected,1755.3982119765744,813.8539527592739,37.68778614559915,-28.616592816696766,47.32101656762073,35.721729502667735,-14.193632542817051,38.4382773212104,40.05002137488453,38.78629182508605,235.8203689658405,5.628337614804511,-8.325972554373049,37.52571577526676,2.215013516689684,1.0269450508003457,0.048502558134019436,4.850255813401944,0.04894169315468272,-0.010505959059145803,-1.0505959059145804
1350,22.5225,1756.226377952756,813.3996062992126,13751.5,1729.2232142857142,770.5357142857143,-2.132964894738782,detected,1755.9983791284076,813.611514380855,36.888412748033716,-25.77551436936301,45.001468154656195,35.886414061427274,-13.917909889356219,38.49081617576386,39.986950315484115,38.48501414612445,235.7817166139028,3.5130462075802593,-8.67189120835817,37.50121641689567,2.215770825398622,1.0266391348654322,0.04856885321862948,4.856885321862948,0.0485615320455829,-0.010942449474268985,-1.0942449474268985
1351,22.53918333333333,1757.232258064516,812.5038709677419,13906.5,1727.8658008658008,771.3376623376623,-2.190434674097647,detected,1756.6040667277953,813.37245005012,37.19618229439084,-25.44938431020637,45.06913732307434,36.041794998150046,-13.656167363645887,38.542209248466555,39.94344755748524,38.190549980558494,235.64086334132963,3.4036874991836052,-9.06782249683255,37.46033220512757,2.2165350999719817,1.026337476403937,0.048633702521724366,4.8633702521724365,0.04818996842972681,-0.011442047314615206,-1.1442047314615205
1352,22.555866666666667,1758.0402640264026,812.5828382838283,13869.0,1727.4832535885168,771.5167464114833,-2.210506521075101,detected,1757.1874697583883,813.1673566296178,36.38428234264438,-24.072081759814182,43.62661024925547,36.17146579007672,-13.461086690827427,38.595022895454555,39.89603015304366,37.90779455985993,235.46943881669273,3.464710625035925,-9.414075617159178,37.429279616031494,2.217271255215632,1.0260786834443127,0.04870034434757673,4.870034434757673,0.047833179255343763,-0.011878959769286029,-1.1878959769286028
1353,22.57255,1758.2894236858772,812.3685877137428,13978.5,1728.911330049261,770.4975369458128,-2.1826171464334303,detected,1757.7989806723212,812.9803252165193,33.66845273968238,-19.314775877805005,38.81527118408506,36.269206762895415,-13.143603856722638,38.57732081874158,39.857640608961155,37.641392028922,235.6185536937342,4.375643498280527,-9.633844187022522,37.35503617629469,2.218042877819964,1.0258426816612232,0.048678007342260673,4.867800734226067,0.04749702464217287,-0.012156270267536306,-1.2156270267536307
1354,22.589233333333333,1758.7627226463103,811.9478371501273,13832.0,1726.119266055046,772.5733944954128,-2.2630025307170474,detected,1758.4180439263891,812.8253731811557,32.41107602678176,-15.98507687514848,36.13862935859956,36.22644462283826,-12.82003885245699,38.427967500117326,39.83770829874184,37.3956442579085,235.70222696119276,4.8199649772901765,-9.822488987566656,37.15141176697334,2.2188240301910276,1.0256471585882092,0.048489548896047105,4.848954889604711,0.04718693281755016,-0.01239430787074657,-1.239430787074657
1355,22.605916666666666,1759.7915857605178,811.9514563106796,13720.5,1729.6761904761904,770.4,-2.197956052977052,detected,1759.0250957177955,812.6826661562687,32.60892531888567,-10.509855585003152,34.26075123038438,36.27020615070224,-12.760228959003545,38.449334159392556,39.850197966852605,37.174435913572125,235.98985161351908,5.352199600592542,-9.709922308798772,37.203073879153095,2.219590026142329,1.0254670866325157,0.04851650998030607,4.851650998030607,0.04690780556917619,-0.012252267897537883,-1.2252267897537883
1356,22.6226,1760.184879288437,811.0241423125794,13648.5,1732.8063063063064,768.8243243243244,-2.14631634384861,detected,1759.6359582008217,812.5298928240604,30.390836979993765,-6.728611167911595,31.126792006140004,36.25037171895196,-12.712363947049306,38.41475819114876,39.82646314689877,36.98117837382721,236.5286267574501,5.585606515215554,-9.388650838817304,37.24979036600349,2.220360830537315,1.0252743127117483,0.04847288099829497,4.847288099829497,0.04666394747486084,-0.011846878030053382,-1.184687803005338
1357,22.63928333333333,1760.7516212710766,810.618028534371,13634.5,1729.957446808511,770.3404255319149,-2.2235435396087,detected,1760.262558450959,812.3687918551716,28.127227164626674,-5.238255076974383,28.61084102612086,36.19121432003507,-12.721204941825686,38.36186972933726,39.69943254857747,36.818773257954575,236.52528418453642,5.813161216837589,-9.350820017836186,37.20477407705463,2.221151493313513,1.0250710307320778,0.048406144768879826,4.840614476887983,0.046459019883854355,-0.011799141978342191,-1.1799141978342191
1358,22.655966666666668,1760.3977719528175,811.2175622542595,13650.0,1730.7702702702702,769.9459459459459,-2.193412715329931,detected,1760.8802305941952,812.2130141510534,26.892211686158134,-2.523279282330577,27.01033112921385,36.05307975199256,-12.803305866036949,38.25897542672611,39.653582993562225,36.68959438831478,236.61514619230763,5.589620505326997,-9.14789336583869,37.14922943575111,2.2219308903396784,1.0248744658057456,0.04827630968672065,4.827630968672065,0.04629601815560225,-0.01154308311146838,-1.154308311146838
1359,22.67265,1760.9049180327868,811.6747540983606,13591.5,1730.649789029536,770.6708860759494,-2.206482690285001,detected,1761.5129126355582,812.0709191747537,24.790980202711125,-0.3789022370360726,24.79387558080515,35.73770550159461,-13.011702148603147,38.032722586250244,39.67739591754487,36.59548520320699,236.60930984516597,6.935847782880929,-8.804114971533457,36.99966955110126,2.222729227300389,1.0246951661511088,0.04799081714353343,4.799081714353344,0.04617726839521387,-0.011109293339474394,-1.1109293339474393
1360,22.68933333333333,1762.5729974160206,811.9095607235142,13552.5,1733.5102040816328,769.0979591836734,-2.167188386388841,detected,1762.1356965974223,811.8991480573508,24.84229556866103,1.7826583127530284,24.906174330489677,35.39083357812243,-13.25435224090655,37.7913873082265,39.71429425106395,36.53776729369345,236.8147791007675,7.4430714971374305,-8.278438936591128,36.873519000137684,2.22351507457088,1.0244784202616415,0.04768629313340883,4.768629313340883,0.046104438225480694,-0.010445979730714358,-1.0445979730714359
1361,22.706016666666667,1758.6950281906716,808.2070732957458,14098.0,1731.3612334801762,770.568281938326,-2.1988994078841597,detected,1762.711166150425,811.7108069489562,25.600274271019316,4.631920894618361,26.015932309364114,35.20319064717442,-13.446794324274652,37.68396090302416,39.82565294293833,36.51725505398364,237.19874145139968,7.223587016094903,-7.767741153326485,36.874694666065665,2.2242412191172556,1.024240765866191,0.047550739309809666,4.755073930980966,0.04607855527316548,-0.009801566124071275,-0.9801566124071275
1362,22.7227,1762.3451981195433,811.4116856950974,13564.0,1734.504347826087,768.9478260869565,-2.1511236390740955,detected,1763.292600345323,811.4898419564987,27.343493594031315,3.599877671778131,27.579444540791577,35.01416625696793,-13.694816524897902,37.59707220411197,39.98948475985679,36.534271518007635,237.60956923912926,7.028593042189571,-7.192449265319647,36.902689764934635,2.2249748900256443,1.0239619456864337,0.04744110057301195,4.744110057301195,0.04610002715206011,-0.009075645760655707,-0.9075645760655707
1363,22.739383333333333,1762.775707384403,811.5479641131815,13668.0,1737.3619047619047,767.3095238095239,-2.0922346846759594,detected,1763.8402706577365,811.310406373542,31.183358242815302,0.12667007417371678,31.183615515322277,34.932732315010114,-13.888419738920442,37.592339510019684,40.138144440491054,36.58866127836445,238.0500617623615,6.542736023151518,-6.701162495454993,36.99024751263627,2.225665956665914,1.0237355285470562,0.04743512871926774,4.743512871926774,0.04616865776449773,-0.008455725546315448,-0.8455725546315449
1364,22.756066666666666,1763.10587431694,811.3886612021857,13821.0,1740.2669491525423,765.8432203389831,-2.0356061374143155,detected,1764.3699576540796,811.1279793929862,32.38297608835683,-3.5177730313291704,32.5734841157503,34.57964506663208,-13.952132322950806,37.288253502830905,40.31881984616994,36.67979780212132,238.51395757990838,5.319024332171757,-6.162707987727648,36.77546572851769,2.2263343314247064,1.023505336773484,0.04705142397833553,4.705142397833553,0.046283656532645205,-0.007776287681675266,-0.7776287681675267
1365,22.77275,1764.2912621359224,811.7038834951456,13675.0,1734.8200836820083,769.418410041841,-2.179477434250864,detected,1764.8998037430308,810.8897248148126,33.731748927174976,-6.060540172280525,34.27186941014155,34.55770663042118,-14.051071306814945,37.30506255755985,40.42812561831843,36.8065842344239,238.9342312217505,4.726833958544883,-5.796721313984689,36.85194315679229,2.2270029069312693,1.0232047000817825,0.04707263414203136,4.707263414203136,0.046443639412522275,-0.007314474844144718,-0.7314474844144718
1366,22.78943333333333,1764.4217032967033,811.9031593406594,13571.5,1743.64192139738,764.3275109170306,-1.982596811946974,detected,1765.421459037246,810.6566378498545,40.38682266660771,-8.130347380335934,41.19706292478815,34.67513545193329,-14.280204117454995,37.50052330629667,40.48990559613062,36.967448624189174,239.22996785439994,3.3961299769290365,-5.469629354025763,37.09949329809882,2.227661147050153,1.0229105840376713,0.04731927231078445,4.731927231078445,0.04664662286963934,-0.0069017405098116885,-0.6901740509811688
1367,22.806116666666668,1765.2373907195697,811.581708137189,13572.0,1742.7459677419356,765.1935483870968,-2.022252804582777,detected,1765.9702370139557,810.4637891815597,43.945989112941334,-11.580261378618843,45.44614849150464,34.6964329707104,-14.324657802183735,37.53715868363857,40.53313438546826,37.16033611452419,239.57162419964982,1.9444079604353266,-5.2207636937162505,37.172327186968495,2.228353611374077,1.022667241869476,0.04736549991626319,4.736549991626319,0.04689001402463621,-0.006587714440020506,-0.6587714440020506
1368,22.8228,1766.3373413493655,811.2845691382765,13461.5,1742.7871485943774,765.1004016064257,-2.042347753386149,detected,1766.5236754694754,810.2494162011861,46.95755222927983,-14.858447592365792,49.252260620408315,34.810083344798,-14.381757164011132,37.66399927777677,40.465946017799,37.38270176957172,239.77181251300317,0.4552850810111544,-5.098735335582436,37.31728472938582,2.22905195642836,1.0223967396860394,0.047525551139150496,4.75255511391505,0.04717060160198324,-0.00643373543922074,-0.643373543922074
1369,22.83948333333333,1766.9100459619171,810.6355876559422,13609.0,1743.5787037037037,764.7731481481482,-2.0413990756052307,detected,1767.0643938845199,810.0644057974077,47.394703239604496,-15.703097099966499,49.928400271800754,34.880669131942405,-14.328677496621014,37.70904504086802,40.38357822619617,37.63150823870176,239.88231704272363,-0.4154541664080471,-5.108085355934428,37.36147135607351,2.229734250958385,1.022163288072439,0.047582391218760914,4.758239121876091,0.047484552982588975,-0.006445533572157007,-0.6445533572157007
1370,22.856166666666667,1767.6586703221385,810.37491432488,13502.0,1740.905138339921,766.4150197628459,-2.117507738278175,detected,1767.6388536143297,809.8843957672,46.15290821595863,-16.46019702601916,49.0002961514119,35.003299193978734,-14.454853274644055,37.870486366756374,40.32063906557927,37.90323239806815,239.86842189446094,-1.4248882965877334,-5.069578457976377,37.529629786518036,2.2304591212799116,1.021936146078486,0.047786102670985965,4.778610267098596,0.04782742258431313,-0.006396944426468615,-0.6396944426468615
1371,22.87285,1768.9553148273528,810.0067704807042,13411.5,1746.0646551724135,763.801724137931,-2.030768980370242,detected,1768.1894889343823,809.6901284410828,46.969903773745955,-17.513408619014626,50.12874766011545,35.17934658507641,-14.48644171396157,38.04528117500163,40.185203960501916,38.19388454463855,240.00892716736948,-2.6429832343112083,-5.038171248460941,37.71021413564387,2.231153929254741,1.0216910138057829,0.04800666394321972,4.800666394321972,0.048194176081562845,-0.006357313878184153,-0.6357313878184153
1372,22.889533333333333,1769.368836291913,809.5535831689677,13588.0,1743.7698412698412,764.9087301587301,-2.091421202070437,detected,1768.7728216294315,809.5239679928537,44.16505716253732,-16.157234587171615,47.02774185175261,35.3046199418649,-14.686759710021596,38.23763983327734,39.99522306202141,38.49904276473466,239.993355424838,-2.9703743240610603,-4.937600278206039,37.91750523850558,2.2318899957469167,1.0214813476250522,0.04824938780224271,4.8249387802242705,0.048579233772535854,-0.006230410445685854,-0.6230410445685854
1373,22.906216666666666,1770.572575250836,809.3812709030101,13558.5,1741.431623931624,766.2649572649573,-2.165142294230476,detected,1769.379375342202,809.3001444737306,39.72341155784443,-15.594936773327618,42.67495142068675,35.460198703846594,-15.029644912731955,38.513840607229675,39.81387974042114,38.813903895951086,240.0408724154602,-4.591596805820911,-4.686776263631089,38.22760843387613,2.232655363207826,1.0211989204715843,0.04859790612899644,4.859790612899644,0.048976534884480866,-0.005913913266411469,-0.5913913266411469
1374,22.9229,1770.7565445026178,809.7048429319372,13685.0,1739.73640167364,767.5397489539749,-2.205071412803519,detected,1769.9973600465182,809.085530410201,37.89340214410868,-17.462213051263916,41.72336049149052,35.371232698921645,-15.377761675939981,38.56941348793461,39.648063745696106,39.13335120226254,239.84333186470258,-5.106348423770998,-4.472852330862862,38.30917969403113,2.2334351546328306,1.0209281140822726,0.048668029637772385,4.866802963777238,0.049379622968154624,-0.005643977704558817,-0.5643977704558817
1375,22.93958333333333,1771.3402824478817,809.5595158036315,13662.0,1746.5260869565218,763.9869565217391,-2.0694060175774887,detected,1770.6175781006068,808.8506170831589,34.921703578843335,-19.381306778830094,39.939459602049254,35.2631583342247,-15.78799244963044,38.63613646955643,39.57097636149819,39.45203762712474,239.98941803975566,-6.57959486602095,-3.9658747167065247,38.43205535780745,2.2342177641648036,1.0206316934803268,0.04875222267451916,4.875222267451916,0.0497817509490533,-0.005004258317610757,-0.5004258317610757
1376,22.956266666666668,1772.3203434610305,808.7067371202113,13636.5,1748.5502392344497,762.688995215311,-2.047589923570272,detected,1771.2175509201493,808.5585732875877,31.089305427675754,-20.91263190523273,37.46842784504131,35.38432997295541,-16.19170915158323,38.91300878735098,39.519763831716645,39.76448238315179,239.73863889837287,-7.280004574017142,-3.8464096756995048,38.72244033491614,2.2349748276594945,1.0202631839591012,0.04910158837520629,4.910158837520629,0.0501760030071316,-0.004853513786371615,-0.4853513786371615
1377,22.97295,1772.4402935290193,808.7525016677785,13736.5,1747.188596491228,763.6929824561404,-2.08159488744497,detected,1771.8260587400105,808.2487418320907,29.111233518144672,-23.267402556908564,37.26708921680341,35.56220483315444,-16.48097288536895,39.19557219691402,39.478294529636074,40.0651777597614,239.40038688879247,-8.045246350492615,-3.9165057443601405,38.9994084903591,2.2357426608706756,1.019872229441124,0.04945813526424483,4.945813526424483,0.050555429349856656,-0.0049419630843661085,-0.49419630843661083
1378,22.98963333333333,1772.4644268774705,808.2167325428195,13877.5,1747.3333333333333,763.3506493506493,-2.081387923373942,detected,1772.425387538333,807.9376840122803,24.373784967201118,-27.65435220653103,36.862509268770985,35.717975871685546,-16.816787660594233,39.478831639143344,39.5794788167337,40.34870244337843,238.9812417402123,-8.022300118346076,-3.9941760495097736,39.27626134546601,2.2364989117202945,1.0194797274602907,0.04981556042794113,4.981556042794113,0.050913189203001176,-0.0050399697785612286,-0.5039969778561229
1379,23.006316666666667,1773.5484508899144,807.008569545155,13766.0,1746.56783919598,763.7336683417085,-2.128294811219664,detected,1773.0211678609535,807.6199545909329,22.118797809304397,-30.242949919809917,37.468349795274136,35.88785632466081,-17.246678062529245,39.816907662097826,39.732008882177276,40.609837371807785,238.6544406817377,-10.037301872716432,-3.9393576058745445,39.62155470731888,2.237250684998049,1.0190788070548051,0.05024215477867234,5.024215477867234,0.05124269699912655,-0.00497079824085116,-0.49707982408511603
1380,23.023,1773.884389288047,806.9131286740692,13767.0,1743.0246305418718,765.8128078817734,-2.2148347236805006,detected,1773.6354197342598,807.3023785867367,22.99005124284986,-29.257492734870993,37.209452257187166,36.14060458187199,-17.684449169470934,40.235345679773,39.80486230210578,40.843680160763626,238.19139788493334,-10.52326880950315,-4.020627460977254,40.0339555476456,2.2380257662261953,1.0186780802356301,0.050770152277316086,5.077015227731609,0.05153776676437051,-0.005073346953914516,-0.5073346953914516
1381,23.039683333333333,1774.065003282994,806.623768877216,13804.0,1750.2263374485597,761.6954732510288,-2.058618211698129,detected,1774.2561128936904,806.9385565134229,23.805489330204182,-26.30303394204907,35.476061179435504,36.349088311565374,-18.191096501239098,40.646921322522964,39.827278823794686,41.04575438887027,237.82698130737853,-10.663770140759373,-3.957335497310586,40.45382193020948,2.238808975260177,1.0182189987551078,0.05128949062778923,5.128949062778923,0.05179275001750192,-0.004993483277363516,-0.49934832773635157
1382,23.056366666666666,1774.4708960104645,806.0130804447351,13691.5,1748.5394736842104,762.5877192982456,-2.1091170591012705,detected,1774.9141452769559,806.530157117692,28.84742762967562,-26.068043109187784,38.88080442058581,36.3962601044205,-18.623115754114238,40.88408235462512,39.82354513840967,41.21211043688967,237.2118973354344,-10.958859596039645,-4.053736202585586,40.68261806692898,2.239639300034014,1.0177036682873086,0.05158874745063107,5.158874745063107,0.052002663011848166,-0.005115124545849321,-0.5115124545849321
1383,23.07305,1771.1506447831184,802.9273153575616,14336.0,1752.6610878661088,760.4560669456067,-1.981394794804479,detected,1775.519546233403,806.1545638124195,30.799619261355474,-22.807159706019092,38.3247058762402,36.425187983735526,-19.046024215876137,41.10407957955282,39.776302090824366,41.33941507642459,236.61934559489387,-10.900666167585483,-4.137023968849533,40.89535903697846,2.2404032129128115,1.0172297335172487,0.05186634647262185,5.186634647262185,0.0521632997809774,-0.005220219519053039,-0.5220219519053039
1384,23.08973333333333,1772.301017675415,802.5656132833423,14297.5,1749.8363636363636,762.0681818181818,-2.077254581953962,detected,1776.1343758960438,805.775764518033,34.22674593948159,-17.489145607774844,38.43618544673456,36.3765580526157,-19.302517744722056,41.18059211619753,39.75248879547887,41.42502753197414,235.9994249028694,-10.963546368470826,-4.339411702914418,40.95132077373377,2.241179023212674,1.0167517533350576,0.05196289226018616,5.196289226018616,0.0522713281160557,-0.005475598363298951,-0.547559836329895
1385,23.106416666666668,1776.17723156533,805.0122897800776,13802.0,1747.6214953271028,763.0700934579439,-2.16854408462666,detected,1776.8005096047136,805.357947345333,40.8090122041458,-16.559634590017367,44.04085574592098,36.39925934564567,-19.23687352816306,41.16993301002704,39.7427876828935,41.46706025050968,235.52579103887697,-11.10465656562372,-4.744748042873342,40.89560795561992,2.242019570479134,1.0162245392370133,0.05194944228394579,5.194944228394579,0.05232436624669992,-0.005987063776496331,-0.5987063776496331
1386,23.1231,1776.540397350993,804.9708609271523,13718.0,1747.6352941176472,763.3960784313725,-2.178331074642303,detected,1777.4422757933187,804.9553022072697,44.33258454529732,-15.264701362988944,46.88698284350542,36.291645463961586,-19.272012613364254,41.09128862242646,39.73588105443815,41.46442306759818,234.80870117376776,-10.590600610543031,-5.165459733108204,40.765328729168765,2.2428293700862065,1.01571646966217,0.05185020646362961,5.185020646362961,0.05232103857110181,-0.006517930262597103,-0.6517930262597103
1387,23.13978333333333,1777.9556135770235,804.0783289817232,13719.0,1747.9041666666667,763.5916666666667,-2.2093224890138536,detected,1778.0667725263056,804.5492402279818,47.215961267454986,-12.995367448818115,48.97169155276966,36.057893097435574,-19.253240381502703,40.876141205035715,39.79826434960249,41.4168498424698,234.4540864661293,-11.036532666603023,-5.2970446070964226,40.53147219438802,2.243617378582089,1.01520408861575,0.05157872707260028,5.157872707260028,0.052261009264946125,-0.006683967958481291,-0.668396795848129
1388,23.156466666666667,1777.8046875,804.2083333333334,13803.0,1744.9466666666667,765.2355555555555,-2.271271999254426,detected,1778.6820304833873,804.1479678427629,49.4165422990709,-12.028005619162286,50.85929189411176,35.76840282960505,-19.12214456844707,40.55903171770115,39.80291596849241,41.324906971889,234.074669103215,-10.304659402894035,-5.501635568377642,40.18416429329159,2.244393729316577,1.014697751221152,0.051178588918234895,5.11785889182349,0.05214499302446562,-0.006942126900161063,-0.6942126900161063
1389,23.17315,1779.389956602604,804.6974581525109,13823.5,1747.4505494505495,763.9285714285714,-2.235349171216848,detected,1779.2699230576798,803.7558223003206,46.9018363519308,-15.410676614551676,49.368727013176944,35.474131310793545,-18.9748979042922,40.230097473579846,39.886765013466956,41.189983540698236,233.83067736288905,-9.035269962864255,-5.617905293224046,39.83591197462536,2.245135549599596,1.0142029303474078,0.05076352993511653,5.0763529935116525,0.05197474263810503,-0.00708883948671804,-0.708883948671804
1390,23.189833333333333,1780.632275132275,803.832671957672,13798.0,1747.6946902654868,763.5575221238938,-2.256305523033024,detected,1779.864729455804,803.388492331928,44.61486162853771,-16.74661349104008,47.654327626689394,35.27317495272024,-18.73258579918772,39.93878618547564,40.02546910688513,41.014263271405035,233.47489967111088,-9.599088586902461,-5.940273088448777,39.49455402462207,2.2458860939505416,1.0137394225008556,0.05039594471353394,5.039594471353394,0.05175301359167828,-0.007495612729903819,-0.7495612729903819
1391,23.206516666666666,1780.5232712765958,803.4461436170213,13734.5,1746.2315789473685,764.6789473684211,-2.2950120899611246,detected,1780.44548262511,803.0481247899781,42.886774247497215,-20.269994135321667,47.43572564641301,34.95027803316465,-18.420427108713234,39.50739259256334,40.07569332354823,40.800678909808965,233.5081773330392,-8.593048672873536,-5.976261466893799,39.05276390144812,2.2466189055206436,1.0133099366435057,0.04985159948588435,4.985159948588435,0.05148350651079996,-0.007541023932989022,-0.7541023932989022
1392,23.2232,1781.3993377483444,803.4576158940397,13762.0,1747.7451923076924,763.9711538461538,-2.2766217074884967,detected,1780.9937406387007,802.7293751998724,39.35520964300622,-21.704896983228082,44.94368786712449,34.80388888594268,-18.16447944900512,39.258871548203906,40.04136890306634,40.55285021930392,233.47547087011557,-7.677882173233267,-6.117107309159799,38.77937587696066,2.2473107137396857,1.0129077289588295,0.04953800826271787,4.953800826271787,0.05117078892025732,-0.007718747393261577,-0.7718747393261577
1393,23.23988333333333,1782.128524590164,803.0793442622951,13869.5,1750.238805970149,761.9751243781095,-2.2306221783327604,detected,1781.5657993415966,802.424887676378,35.2392928614272,-25.694223412480824,43.61193504241599,34.663526014180974,-17.927859318167556,39.025224861207505,39.93627903030504,40.27500733361813,233.5040549225235,-7.2007325003167235,-6.204495694618291,38.52885163930105,2.2480325543742548,1.0125235175727167,0.049243185944741336,4.9243185944741334,0.05082019852822477,-0.00782901664936062,-0.7829016649360621
1394,23.256566666666668,1782.4164540816328,802.0969387755102,13844.0,1751.6541666666667,761.1625,-2.215257629417706,detected,1782.1259196854667,802.1215810349877,28.60815469269164,-28.300150802331245,40.24083809211315,34.55157298133795,-17.76158446672537,38.84951837865358,39.74644798902445,39.971901805985574,233.3994584657686,-5.816354510135637,-6.341559147397232,38.32844512673851,2.2487393308333967,1.0121407962586597,0.049021474294831016,4.902147429483102,0.05043773098547076,-0.008001967378419222,-0.8001967378419221
1395,23.27325,1783.683257918552,802.3148028442146,13897.0,1749.0940594059407,762.4950495049505,-2.286015233194312,detected,1782.6886194287738,801.8216763764091,28.29981423252957,-25.804503857025566,38.29819714951254,34.45425311111961,-17.565388189242544,38.673484710895615,39.55247150878335,39.64870823784878,233.29802276392303,-5.556368816114419,-6.5085432099317675,38.12187410094535,2.2494493620552354,1.0117623676673932,0.04879934979292822,4.879934979292822,0.050029915757537895,-0.008212672820103177,-0.8212672820103177
1396,23.28993333333333,1779.939874939875,798.6349206349206,14477.0,1752.433734939759,760.9116465863453,-2.200823071321377,detected,1783.247638531151,801.5163263563834,30.579258866634063,-23.206482124288414,38.38791327250721,34.59210958132899,-17.322298570632093,38.686897950815286,39.29357653908773,39.31091978393978,233.27757395369332,-3.9843092991692264,-6.799424663935424,38.084693740350104,2.2501547489352065,1.0113770679575815,0.04881627501680163,4.881627501680163,0.04960368426995556,-0.008579715664271828,-0.8579715664271829
1397,23.306616666666667,1784.0867279894876,800.931011826544,13823.0,1749.330357142857,762.6116071428571,-2.307475002696457,detected,1783.82986858209,801.2028949423943,31.420612277644068,-21.65952135103157,38.16267471047895,34.57933251372007,-17.03944522159693,38.54961647739469,39.07076541859867,38.96424101101229,233.32308670571342,-3.53141460763555,-6.988391297680824,37.91088653176973,2.250889424078347,1.0109815709052294,0.048643049182832424,4.864304918283242,0.049166234714211096,-0.008818159366158769,-0.8818159366158769
1398,23.3233,1781.3311258278145,797.294228949858,14522.0,1754.7322404371585,759.7540983606557,-2.1872344386201554,detected,1784.435619903981,800.9408329180928,33.658319753580145,-20.085977712572685,39.196032826093635,34.6485103941887,-16.93476543636982,38.56560064255538,38.93821057807035,38.614481467794064,233.19626939136663,-3.4233780367060036,-7.197544391405167,37.888004799076185,2.251653779058651,1.0106508932720415,0.04866321847641058,4.866321847641058,0.04872489775115971,-0.009082074941836172,-0.9082074941836172
1399,23.339983333333333,1780.945226917058,797.7516953573291,14447.0,1747.2753623188405,763.9951690821256,-2.3549092126008317,detected,1785.040186919295,800.6644695255059,36.58558082364516,-18.998126599252828,41.22418632895876,34.61458114348809,-16.52398209492537,38.35637120495805,38.83728476872809,38.26745290449985,232.92762445460676,-3.2950215845909008,-7.682411853099024,37.579139959981774,2.2524166396457983,1.0103021697482724,0.048399206567770414,4.839920656777041,0.04828700681955817,-0.009693895082774795,-0.9693895082774795
1400,23.356666666666666,1785.7614906832298,800.2565217391304,13951.5,1754.9704433497536,759.039408866995,-2.2124036955691286,detected,1785.6417743065233,800.4444405263673,38.17622674380982,-18.812383272902707,42.55972336377869,34.59688336101176,-16.276346010311773,38.23432721708131,38.78491645670137,37.92887241722052,233.00069728279857,-2.3951282909174196,-7.821600796981821,37.42574433081455,2.253175740449872,1.0100245306326403,0.04824520784489755,4.8245207844897555,0.04785977592078299,-0.009869527819535422,-0.9869527819535422
1401,23.37335,1786.4948186528495,800.4436528497409,13948.5,1756.185520361991,758.8144796380091,-2.20011930931448,detected,1786.2615404587261,800.2075637870583,38.86365130851664,-14.823243841689191,41.59461444730728,34.61807599940503,-16.06513760157738,38.1641170742649,38.835044548506495,37.60427296802569,233.34168194133446,-2.2610684462248285,-7.780818008440113,37.36253073839795,2.253957779758645,1.009725632538875,0.04815661460475067,4.8156614604750665,0.047450186710442516,-0.009818066887621595,-0.9818066887621595
1402,23.39003333333333,1787.270304568528,799.8439086294417,13829.0,1759.816037735849,756.4622641509434,-2.13502385946477,detected,1786.858890626171,800.011306214402,40.60571531246296,-16.348632555967697,43.77330125186854,34.6202322450896,-15.910629658198529,38.101294162066054,38.94520694371291,37.298921841004734,233.38484679004125,-1.0655766055769627,-7.8779714147457724,37.277958409933575,2.2547115339131496,1.009477988914072,0.048077342791250546,4.807734279125055,0.04706488560379147,-0.009940657936587726,-0.9940657936587726
1403,23.406716666666668,1788.0809399477807,799.1194516971279,13847.5,1753.7307692307693,760.0192307692307,-2.2916142376736133,detected,1787.4520286205138,799.8074710408503,40.60741327185997,-15.90902542238905,43.612602565334825,34.465368964235545,-15.755502934898118,37.895877487828066,39.02548796751,37.0177467423065,233.61507687724435,-0.5702864814864013,-7.7611339652509255,37.09261827029607,2.2554599730227305,1.0092207836477607,0.04781814194047706,4.781814194047706,0.04671009052656972,-0.009793228978234607,-0.9793228978234607
1404,23.4234,1788.7953253316489,798.527479469362,13809.5,1759.4495412844035,756.3577981651376,-2.1787637573892917,detected,1788.0512798588754,799.5909902453203,35.78103152739641,-12.282903528386214,37.830568806881274,34.41641547210896,-15.799673720202282,37.8697682012139,39.109215451968986,36.765268552061684,233.72919482639358,-0.18404385889041408,-7.622667182257677,37.09466657947209,2.2562161260048903,1.0089476217606566,0.04778519646840871,4.778519646840871,0.04639150605938383,-0.009618507485498647,-0.9618507485498646
1405,23.44008333333333,1789.292587776333,798.4648894668401,13600.5,1759.5896414342628,756.8486055776892,-2.1906802271822867,detected,1788.676969703608,799.4029577159832,30.003062069181397,-11.75924668628204,32.225201568896146,34.14203448785818,-15.938673736033829,37.6791698347221,39.158250413253405,36.54553930487894,233.44468304263816,0.7850166966611528,-7.53169505174303,36.918740621551294,2.257005640004553,1.0087103567394111,0.0475446937977566,4.75446937977566,0.046114245179657974,-0.009503716153618967,-0.9503716153618967
1406,23.456766666666667,1788.8161375661375,798.8730158730159,13599.5,1761.6929824561405,755.578947368421,-2.1304639657936004,detected,1789.2404312859687,799.201296339241,26.887200053357446,-9.231653605265592,28.427890442255432,34.01920176684309,-16.027277001087295,37.60558066195444,39.289436022748745,36.36208389953327,233.690593359766,2.063732004488328,-7.2290388696581775,36.90420970490674,2.2577166325375,1.0084558944343736,0.04745183679741886,4.745183679741886,0.045882755709190245,-0.009121815608401487,-0.9121815608401487
1407,23.47345,1790.2298013245031,797.8211920529801,13555.0,1763.9603524229076,754.5066079295154,-2.1159672508390104,detected,1789.8089310709993,798.9956860795725,24.21030218201122,-4.870844486720898,24.69542179753398,33.7870101330744,-16.214716310287123,37.47638027819073,39.363850444544966,36.217844329424835,233.65232623040254,4.215043528971439,-6.965098691720433,36.82345012312342,2.258433982423974,1.0081964493117634,0.04728880792200724,4.728880792200724,0.04570074994249191,-0.008788768065262378,-0.8788768065262378
1408,23.490133333333333,1790.4161735700195,797.9204470742932,13546.0,1764.2530120481929,754.5421686746988,-2.113521227509296,detected,1790.342125641176,798.7449672028577,23.529494914082534,-2.1445599384394427,23.627024108875734,33.3681210895184,-16.43360247669381,37.19535986392334,39.472870208973056,36.11512582602497,234.1787033804685,6.241229264679216,-6.20387028306563,36.67433419869616,2.25910678314344,1.0078800847985587,0.046934208030187184,4.693420803018719,0.0455711366889905,-0.007828227486518145,-0.7828227486518146
1409,23.506816666666666,1790.3941605839416,799.2972793629727,13728.0,1761.7695652173911,756.4608695652174,-2.159880800147325,detected,1790.8477386354684,798.4908308208486,24.382489288322176,-1.5359599212029025,24.430819813806643,32.945513139828996,-16.601239506568042,36.89184177024889,39.58699817215021,36.055545134233355,234.61124195067072,7.455596523054279,-5.545427546927984,36.47267775366724,2.2597447806125786,1.0075594079758343,0.04655121989936768,4.655121989936768,0.04549595600534178,-0.0069973849172592865,-0.6997384917259286
1410,23.5235,1790.9029126213593,798.4618585298197,13646.5,1767.3620689655172,753.0057471264367,-2.0486459721880386,detected,1791.3653839417595,798.2497865648193,25.49177178395894,-3.082849899054736,25.677507515051904,32.73854669713893,-16.765401559357795,36.78166838640225,39.639003641328515,36.03998209796074,234.95981252050402,7.676847070019727,-5.070199750358153,36.43053943848116,2.2603979608097915,1.0072552511858919,0.046412199856658995,4.6412199856658996,0.04547631810468232,-0.006397728391619121,-0.6397728391619121
1411,23.54018333333333,1791.2335164835165,798.4258241758241,13849.0,1760.8666666666666,757.2541666666666,-2.2062926187329723,detected,1791.8457079473335,798.014142744289,30.016463775464217,-6.131088498371128,30.636226003844115,32.615825198754365,-16.907579123230494,36.73769569807012,39.617187578657564,36.06853670756745,235.4789730108409,6.860798779132232,-4.553206803645015,36.45444544918,2.2610040478830706,1.0069579088256013,0.04635671381459952,4.635671381459952,0.045512349157813825,-0.005745371361066265,-0.5745371361066265
1412,23.556866666666668,1791.6090425531916,798.5079787234042,13743.0,1764.5622119815669,755.2811059907834,-2.129895135584281,detected,1792.3557750265786,797.7568630216698,30.309370597607085,-8.247860526860677,31.41154484092808,32.58306819660447,-17.159932853037493,36.82552957698413,39.614904511962074,36.14049460087849,235.8195294360441,6.269624010020152,-4.109280455438551,36.59553856365396,2.2616476656486797,1.0066332656424857,0.046467545207550955,4.6467545207550955,0.045603147761360874,-0.005185211931152746,-0.5185211931152747
1413,23.57355,1792.4339360222532,798.2406119610571,13714.5,1765.3294573643411,754.5968992248062,-2.1265427222359525,detected,1792.84929426908,797.4963657128537,34.02185812130165,-13.714543378825965,36.68208731950348,32.39218144716411,-17.3073377059682,36.72597660205147,39.537401700288335,36.2543045626735,235.86995199664943,5.922522163783272,-3.847955150400347,36.523836032582054,2.2622704028631926,1.0063045624136957,0.04634192631173687,4.634192631173687,0.04574675654596025,-0.004855463912177094,-0.4855463912177094
1414,23.59023333333333,1793.056856187291,798.0120401337792,13606.0,1762.871485943775,756.4056224899598,-2.198430825360693,detected,1793.3588255762766,797.2566175596062,36.75082219320893,-18.329977674950896,41.06836998763229,32.41042419649903,-17.333198171231636,36.75425629012506,39.44934655522595,36.407571703358926,235.95727867868356,5.942263283381359,-3.781067312616189,36.55925170757277,2.2629133445757437,1.0060020410846766,0.04637761046072564,4.637761046072564,0.04594015356890716,-0.004771062855036201,-0.4771062855036201
1415,23.606916666666667,1793.2888432580423,797.709787816564,13581.5,1762.2954545454545,756.6727272727272,-2.217651285095061,detected,1793.868695310491,796.9757282596414,40.144396728395805,-17.15962415270201,43.65804954127967,32.65770776115403,-17.326907758333615,36.96954974947276,39.324422850377616,36.59706964316968,236.08699444300453,5.305694617167045,-3.8414768552684855,36.76942567200606,2.2635567133255408,1.0056476066367717,0.04664927413182683,4.664927413182683,0.04617926768854219,-0.004847289407278846,-0.48472894072788464
1416,23.6236,1794.8444010416667,797.0703125,13575.0,1764.731914893617,755.4340425531915,-2.196941574962666,detected,1794.364116790773,796.6868795426014,40.50118481696745,-16.58203159232039,43.76425188789209,32.812392901508105,-17.307514216201827,37.097212513435124,39.17927644168156,36.81877420448289,235.94767134730319,5.196395875581211,-4.0335596470520745,36.8772771885431,2.2641818508400924,1.0052831287603805,0.04681036279297808,4.681036279297808,0.04645902107821186,-0.005089665169781798,-0.5089665169781799
1417,23.640283333333333,1794.973297730307,796.6435246995994,13500.0,1763.1455223880598,756.0186567164179,-2.235367417533636,detected,1794.86901218498,796.4161929156394,39.65460029465885,-19.30219309437871,44.102856855104505,33.04967948378147,-17.28034127615123,37.29465790969186,39.07060304216085,37.0679199410165,235.871135831267,5.00043444257966,-4.238440816646516,37.05303129360304,2.264818942820164,1.00494156834781,0.047059505248822533,4.705950524882254,0.046773400556487696,-0.00534819030491674,-0.534819030491674
1418,23.656966666666666,1795.7634333565943,796.2302861130495,13648.5,1768.413043478261,753.1565217391304,-2.136530358045591,detected,1795.4137922286873,796.1275792782748,37.04925918400113,-16.669716875882386,40.626679249052216,33.177609270847725,-17.177761877711685,37.36079843976044,38.98224735437203,37.33907948090597,235.89707112858235,5.029637763317842,-4.378334927137406,37.10336161754369,2.265506362433675,1.0045773871019241,0.047142963330927996,4.7142963330928,0.04711555770461322,-0.005524712841813761,-0.5524712841813761
1419,23.67365,1796.2855271774722,796.1054354944336,13668.0,1766.5593220338983,754.8262711864406,-2.194902447305362,detected,1795.9446168656402,795.8385770178571,35.312150602713245,-17.69018036862758,39.49544861959765,33.318360379110615,-17.28200547505501,37.53372951882239,38.95176947156516,37.62626429734478,236.005262163513,4.88049200061615,-4.300534355909107,37.286542556876526,2.2661761727011234,1.004212715479946,0.04736117289441311,4.736117289441311,0.047477936021886165,-0.005426541774017801,-0.5426541774017801
1420,23.69033333333333,1797.7297476759627,796.2138114209828,13722.0,1770.1333333333334,752.3607843137255,-2.132476974095721,detected,1796.5206540757006,795.5773087284623,33.18336810765231,-17.34457848977513,37.44289414503007,33.48181858184998,-17.388927016647866,37.72806592363595,38.93973932017004,37.92304427861741,235.59222570965017,6.097531702899352,-4.573365809944981,37.449850246785324,2.2669030335340072,1.0038830394049998,0.047606392332663665,4.7606392332663665,0.04785242180267182,-0.005770808592990513,-0.5770808592990513
1421,23.707016666666668,1797.471760797342,796.3820598006645,13710.0,1766.3577981651376,754.2247706422019,-2.2066020158359803,detected,1797.0659552033933,795.2666340915524,30.810677262472836,-18.83172977177219,36.10999694778873,33.663601620547276,-17.615192572858735,37.99385586441327,38.94895966224158,38.22268244543268,235.55064844801123,7.092943035466543,-4.516786454087615,37.72441813433285,2.2675911106667423,1.0034910209357129,0.04794177396140476,4.794177396140476,0.04823051412672894,-0.005699415084022228,-0.5699415084022228
1422,23.7237,1797.9471279373367,794.798955613577,13909.0,1768.849557522124,752.7035398230089,-2.175611398153321,detected,1797.6296051517397,794.9566355829525,29.971287008129366,-20.265667893310592,36.17976423479877,33.7327596159403,-17.802201141920314,38.14206912064685,38.94156775530618,38.51828042016593,235.67872146551133,5.302520303176536,-4.3169952402757215,37.89697862494633,2.268302340885476,1.0030998556251767,0.04812879384308751,4.812879384308752,0.048603508416613164,-0.005447312606026147,-0.5447312606026147
1423,23.74038333333333,1798.193696651346,795.9395929087327,13896.0,1770.4162679425838,751.755980861244,-2.132038783070202,detected,1798.1505082353428,794.6127965736542,28.692964828675485,-23.00727595534795,36.7779958337202,33.72331584157702,-17.98025536438253,38.21716387068991,38.903964253005874,38.802929822431985,235.93944908205276,4.674302361463944,-3.9917013417960234,38.00812985029742,2.268959631842704,1.002665989367387,0.04822355062547623,4.822355062547623,0.0489626874731003,-0.005036847118985519,-0.5036847118985519
1424,23.757066666666667,1798.8394255874673,794.4060052219321,13949.0,1769.5726495726497,752.3333333333334,-2.178579588226898,detected,1798.6597204265636,794.2717441395428,24.736260170579044,-28.01587729612379,37.37341231273965,33.71165381495355,-18.2607029153234,38.33965145773984,38.77008076282793,39.06986465319652,235.7315361161499,3.210853307467143,-3.8912666131257048,38.14166905166246,2.269602170885254,1.0022356392927985,0.048378109094939864,4.837810909493986,0.049299513757976685,-0.004910115600158619,-0.4910115600158619
1425,23.77375,1799.2292619203135,794.4147615937296,13953.0,1764.6538461538462,755.4759615384615,-2.296909750840573,detected,1799.2209038799654,793.9415754762142,25.37677595782543,-30.822090436919098,39.92470434349247,33.77963571083546,-18.431811743050535,38.48110540106671,38.59545642196002,39.312609913681925,235.87124380507544,2.2105523260215234,-3.694753330247039,38.303319317216285,2.2703102888075275,1.0018190226829202,0.04855659987516305,4.855659987516305,0.049605816925781615,-0.004662149312614561,-0.4662149312614561
1426,23.790433333333333,1800.095836087244,793.3853271645737,13840.0,1772.3668122270742,750.5851528384279,-2.145673958867229,detected,1799.7776807484,793.6217494221496,27.575030911266822,-32.55647201525221,42.66504658191786,33.94245524810192,-18.537008870014688,38.67442263455791,38.37425230551064,39.52512214011797,235.99905548294507,1.2916423592722854,-3.6131380224313308,38.50527496002678,2.271012846370221,1.0014154566841005,0.04880053329281755,4.880053329281755,0.049873971154722994,-0.004559164697074234,-0.45591646970742344
1427,23.807116666666666,1800.15333773959,793.3073364177131,13851.0,1768.7081545064375,752.8755364806867,-2.2318121833287714,detected,1800.3684077094517,793.2819737638654,27.375076786865066,-30.248001366005383,40.796279434828634,34.02924128912825,-18.65905101615255,38.809141288324,38.05143245258245,39.701918161557195,236.21145731699323,0.9729903559790163,-3.4172057505625926,38.658403386526665,2.271758243166501,1.0009867176831109,0.048970525284951424,4.897052528495142,0.05009705761710687,-0.004311931546451221,-0.4311931546451221
1428,23.8238,1800.8993464052287,792.5869281045751,13793.0,1770.7844036697247,751.4036697247707,-2.2021840634632484,detected,1800.9782671481403,792.916932574184,28.04215958168652,-30.688516399550508,41.57099653376442,34.11995956784236,-18.818310001360597,38.96537478606494,37.66117778693755,39.83818914521914,236.0733177858594,-0.5035974684280764,-3.428887940457363,38.81421337229819,2.272527781890398,1.0005260978854058,0.04916766534519236,4.916766534519236,0.05026900838513457,-0.004326672480072383,-0.4326672480072383
1429,23.84048333333333,1796.8784722222222,789.9201388888889,14360.0,1775.5416666666667,748.4333333333334,-2.0458210770879446,detected,1801.5884163127173,792.5298995289612,29.106023336394173,-26.869370109086503,39.61216536012382,34.28702798592403,-19.000635103604534,39.199801306229425,37.33821758810322,39.92989781714746,236.17333610689982,-1.4539985341670247,-3.302668673104332,39.0604250115582,2.2732976861990126,1.0000377281122539,0.049463471679784765,4.946347167978477,0.05038472910681068,-0.004167405265746792,-0.4167405265746792
1430,23.857166666666668,1802.0921391752577,791.4394329896907,13749.5,1773.763779527559,749.4842519685039,-2.1646870037581163,detected,1802.2042088716116,792.1413176225298,32.803544826483176,-26.074618705477633,41.904156044706774,34.44551168511076,-19.146854472913066,39.409330258912206,37.10253634815887,39.973857550129516,236.17077464609025,-2.2661760157088513,-3.2711813350281282,39.27333298982118,2.27407471150992,0.9995474039401007,0.04972786152544127,4.972786152544127,0.05044019880142526,-0.0041276736088683005,-0.41276736088683
1431,23.87385,1798.157494145199,789.0462529274005,14389.5,1778.266129032258,747.008064516129,-2.01275351124241,detected,1802.8073477916892,791.7556419343049,35.14440081260045,-23.94632057468266,42.52711108860066,34.36630715380413,-19.114726368119843,39.324494040199745,36.926271802593696,39.96779270218126,236.14076618459845,-1.947320174475119,-3.274300465029267,39.1879418696927,2.2748357700841506,0.9990607469202586,0.04962081266902176,4.962081266902176,0.05043254599644323,-0.0041316094195952896,-0.41316094195952896
1432,23.89053333333333,1802.393979057592,790.9626963350786,13858.0,1774.58203125,749.05078125,-2.156659611177395,detected,1803.4515875439477,791.335803033251,37.43248909067961,-22.485266460492767,43.66667433321673,34.33704281553214,-19.152525363108648,39.317321082446696,36.86832236336627,39.910380108448464,236.1506448400363,-1.4803236380944367,-3.219851007035242,39.18525611237857,2.2756486909071896,0.9985309817454271,0.04961176161822927,4.961176161822927,0.05036010108321573,-0.004062903478908823,-0.4062903478908823
1433,23.907216666666667,1803.126213592233,790.7695792880259,13836.0,1774.766169154229,748.3980099502487,-2.1606320667599554,detected,1804.0766737371355,790.9069587994534,39.29909853735853,-19.85159339718325,44.028455642415,34.290099627043055,-19.03379370820801,39.21857003205442,36.88273625643365,39.801271977769005,236.2987140559881,-1.579618572289984,-3.1913048610740056,39.08851248951337,2.276437443201433,0.9979898533747047,0.04948715461457972,4.948715461457972,0.05022242520854134,-0.004026883105456159,-0.4026883105456159
1434,23.9239,1804.011780104712,790.1583769633507,13772.5,1774.9563492063492,749.1388888888889,-2.187092617749779,detected,1804.6985271116732,790.5634558912727,43.781528314938896,-15.928723390926507,46.589123735657935,34.06363490663862,-18.802340591156447,38.90834402488261,36.92590507639555,39.64110066245451,236.36325029980196,-2.094345087108977,-3.214530121752116,38.77532760474071,2.277222116229241,0.9975564112192716,0.04909570223959951,4.9095702239599515,0.050020316293318,-0.00405618942807838,-0.405618942807838
1435,23.940583333333333,1805.367162249515,789.732385261797,13877.0,1770.990291262136,751.3349514563107,-2.301003585371518,detected,1805.31675664867,790.1903667152943,43.52336861978074,-14.31799988152352,45.81799577262871,33.797147766280645,-18.541464300497303,38.54909980197235,37.035034808078045,39.43146590139336,236.40966358126542,-0.47360076823378117,-3.252998007949854,38.4116011056907,2.278002216591382,0.99708563623381,0.04864239722646354,4.864239722646354,0.049755792935512126,-0.004104729347570794,-0.4104729347570794
1436,23.957266666666666,1805.706964520368,789.2766097240473,13781.5,1774.042372881356,749.8220338983051,-2.247095175180746,detected,1805.9097902075357,789.8325761686368,47.090287689549314,-13.030231820170457,48.859821284690575,33.53859859606082,-18.225919222967878,38.17095397432245,37.13318117023944,39.17490522179798,236.47319928610787,-1.569438365347518,-3.3306445025038105,38.02536698715456,2.2787505239211807,0.9966341655124755,0.04816524160797786,4.816524160797786,0.04943205706220565,-0.0042027059968502345,-0.42027059968502345
1437,23.97395,1805.943248532289,789.2393998695369,13894.0,1778.4530612244898,747.6734693877551,-2.155118482858269,detected,1806.4818264514834,789.4866397452964,45.594677062333176,-11.65867540887848,47.06165412209858,33.27923273747076,-17.785179457792218,37.733538661787605,37.31852639066283,38.87484826504293,236.58091812097604,-1.6624503269314495,-3.48417094346658,37.572336802191614,2.279472336216383,0.996197652675453,0.04761329799594651,4.761329799594651,0.04905343629658414,-0.004396430212576127,-0.4396430212576127
1438,23.99063333333333,1806.8890322580648,788.9341935483872,13862.5,1779.6734693877552,746.7795918367347,-2.144081422457233,detected,1807.0402020729614,789.180558783635,43.59971235483454,-11.354745383622685,45.05402490512043,33.12723382629741,-17.457568779083303,37.44569839993117,37.436056991646474,38.53555592107026,236.71805753475297,-1.8297580017368007,-3.5846956348426886,37.2737211164132,2.2801769111330743,0.9958114306418108,0.04725009261820968,4.725009261820968,0.04862530715592463,-0.0045232752490128566,-0.45232752490128564
1439,24.007316666666668,1808.3010540184453,789.397233201581,13760.5,1778.3162393162393,747.8974358974359,-2.196483073487324,detected,1807.5922605192463,788.8719522187612,39.65035868216046,-12.3630350294452,41.53306608912068,32.99902392334739,-17.02469574140075,37.13187101373861,37.45677246079442,38.16204534514841,236.89033971738525,-3.545976273827085,-3.765153766183545,36.940485406907094,2.2808735148507844,0.9954220217271436,0.046854095916389414,4.685409591638941,0.0481540004355185,-0.004750982670263149,-0.47509826702631486
1440,24.024,1808.9366515837105,789.2876535229476,13864.5,1783.6254980079682,745.0996015936255,-2.090979722184025,detected,1808.1279521019721,788.6097644672237,38.01706084426132,-13.442168725293186,40.32355162030643,32.82304086545863,-16.752009880423262,36.85080523800485,37.42745303717996,37.760002187411914,236.82023979337572,-4.658272770234428,-3.9422633799541096,36.63932868015513,2.281549466374728,0.995091185447601,0.046499438786126,4.6499438786126,0.047646690457302104,-0.004974464832749666,-0.49744648327496654
1441,24.04068333333333,1809.770684039088,788.7387622149837,13826.0,1783.564853556485,745.1338912133891,-2.1119390539917786,detected,1808.7033213273385,788.3542983847316,36.60922508965359,-15.146132770965778,39.61869129060986,32.72921209651899,-16.56929447027876,36.68436783838227,37.35978248664212,37.335681647476775,236.5416209438357,-4.491429084289258,-4.22109268111662,36.44070828454298,2.2822754843247175,0.9947688307693775,0.04628942313991454,4.6289423139914545,0.047111270217636315,-0.005326299913080908,-0.5326299913080909
1442,24.057366666666667,1809.448275862069,789.0332056194125,13882.0,1782.5882352941176,745.7521008403362,-2.126221784529541,detected,1809.2368734735146,788.0967068337267,35.73115648732028,-16.321757273369258,39.28250634076385,32.704040224684434,-16.379288285034285,36.57643136969541,37.21558830276679,36.895800218605984,236.38264656124127,-5.676100887152751,-4.466477737631383,36.302698361985186,2.2829487362441827,0.994443794111958,0.0461532257030857,4.61532257030857,0.04655621478688453,-0.005635934053793544,-0.5635934053793544
1443,24.07405,1810.3740157480315,788.0623359580053,13842.5,1782.3375,746.0333333333333,-2.159081879300716,detected,1809.790978420247,787.8443948540471,33.958326135234074,-18.659978159678076,38.747421834576095,32.642643196132475,-16.21742429320807,36.44923875111727,37.139621294238566,36.44742017484768,236.293382371471,-5.596997100901913,-4.623611571701298,36.154795277666544,2.2836479222968418,0.994125419374192,0.04599273028532148,4.5992730285321475,0.04599043555185827,-0.005834210185112048,-0.5834210185112049
1444,24.090733333333333,1806.01766004415,786.3443708609271,14161.5,1789.7760416666667,741.8229166666666,-1.9205984870868504,detected,1810.3568284681355,787.5963970165155,31.272497528756503,-21.070795952609387,37.70871973115213,32.499507341008815,-15.989251498727427,36.219803159291786,37.07453919695762,35.997828972953904,235.96900378971083,-5.331603114061845,-4.9372158505181645,35.88172293164356,2.284361928666417,0.9938124883489156,0.0457032216521032,4.57032216521032,0.04542312804158222,-0.006229925363429861,-0.6229925363429861
1445,24.107416666666666,1811.6109660574407,787.2323759791122,13912.0,1789.649289099526,741.7298578199052,-2.020465823602071,detected,1810.9393680353664,787.3723189753608,32.468967417416934,-21.31406179903024,38.83971003401239,32.54078652869227,-15.707471252894942,36.13346705017997,37.01120921677023,35.55441578372679,235.82548900792324,-4.799205169629561,-5.283389563112319,35.74511485211423,2.285096994366393,0.9935297400320011,0.04559428018950155,4.559428018950155,0.04486361613088554,-0.0066667376190691725,-0.6666737619069173
1446,24.1241,1811.5870967741932,786.9290322580645,13969.5,1780.4242424242425,746.9653679653679,-2.2330856406422512,detected,1811.4818476303838,787.1535956582258,31.958218535346077,-20.187815541308282,37.80047127064457,32.54651321271129,-15.238606387680461,35.9373155222235,36.97289544079219,35.12454731508232,235.4755864483375,-4.450432813597952,-5.891119637562635,35.45116861768833,2.2857815112055317,0.9932537484646382,0.04534677037504543,4.534677037504543,0.044321195350261605,-0.007433589448028562,-0.7433589448028562
1447,24.14078333333333,1812.6177631578948,787.1092105263158,13846.5,1781.680497925311,746.0954356846473,-2.217052693770581,detected,1812.0513371538123,786.9259181891248,32.10139036319197,-19.09926180168577,37.35346121337844,32.387315336242835,-15.050481835331077,35.713515623148346,36.962960755673755,34.715444920030386,235.45033212905753,-5.193690043878796,-5.971406487084039,35.21075833791246,2.286500109973265,0.9929664582828074,0.0450643730260547,4.50643730260547,0.04380497781707304,-0.007534897775500365,-0.7534897775500365
1448,24.157466666666668,1813.3879746835444,786.2936708860759,13866.5,1786.0350877192982,743.8201754385965,-2.142941316562467,detected,1812.5761173368628,786.7799945358375,30.964514971556127,-15.581541985809054,34.66389531023964,32.338376978257145,-14.78576790981906,35.5582558384253,37.041965730402154,34.33406470000491,235.72832380899303,-6.843866134998368,-5.991694233888227,35.04980967820649,2.2871622931695432,0.9927823274900159,0.04486846162577326,4.486846162577326,0.04332374094637844,-0.007560497456010382,-0.7560497456010382
1449,24.17415,1813.406878650227,786.0441271901362,13921.5,1782.5291262135922,745.9854368932039,-2.227485127496029,detected,1813.1275631565195,786.6012476254062,31.03154887082428,-13.90164988207357,34.003130661251056,32.16868502616845,-14.692740397902373,35.365250129371155,37.170733470244954,33.98698195546812,235.63981538191032,-7.682575161689992,-6.026852456194684,34.847926282409496,2.287858123856807,0.9925567793380521,0.04462492129889105,4.462492129889105,0.04288578164727838,-0.007604861143463324,-0.7604861143463324
1450,24.19083333333333,1814.4409547738692,785.7060301507538,13749.5,1783.142857142857,745.4151785714286,-2.231232516629108,detected,1813.6625897188444,786.4206855292676,28.00424029857959,-12.714961281555816,30.755612741287607,32.002201389697575,-14.469740591667193,35.12142204662138,37.2526981234174,33.68028096607314,235.2369109952781,-9.245919186962062,-6.36002401127713,34.540764049929194,2.2885332362382895,0.9923289407309371,0.04431725179384402,4.431725179384402,0.04249877724425633,-0.008025266891201427,-0.8025266891201427
1451,24.207516666666667,1814.279611650485,785.6019417475728,13688.5,1783.2718894009215,745.4976958525345,-2.22896711042027,detected,1814.2071882698428,786.233266139693,25.959426235314368,-10.37291649721601,27.955128458387453,31.858114863565966,-14.408656234264562,34.96496613951419,37.22260899240605,33.41945078492136,234.9629912450169,-8.967800297100657,-6.492377115577389,34.356919194341344,2.2892204268389187,0.9920924493876253,0.04411983109086964,4.411983109086965,0.04216965398728247,-0.008192273962873677,-0.8192273962873676
1452,24.2242,1814.5873754152824,785.509634551495,13565.0,1784.5637860082304,744.9012345679013,-2.207442840449958,detected,1814.7193241756686,786.076327038812,23.516543279052712,-6.836546147641002,24.490123948734606,31.699032226498602,-14.429968866029443,34.828905316865416,37.22830122685026,33.2092875973877,234.75957052810062,-10.622493719777902,-6.505116504168868,34.2160211719359,2.289866655111254,0.991894418976419,0.043948145510240275,4.3948145510240275,0.041904463845284165,-0.008208348901159455,-0.8208348901159455
1453,24.240883333333333,1815.4677835051543,785.4020618556701,13509.0,1783.0816326530612,746.0122448979591,-2.2589256602481727,detected,1815.2136336189224,785.9091670122714,21.34932992938684,-5.3337586036693665,22.00551906399914,31.66727502886033,-14.542924641513363,34.84699362760319,37.19681172483624,33.05380429925246,234.36038916956608,-10.993021856152986,-6.633037323143705,34.20987840890406,2.290490389424508,0.9916834914981343,0.04397096987710182,4.397096987710182,0.04170827040915138,-0.008369763183777548,-0.8369763183777548
1454,24.257566666666666,1816.002672010688,785.1663326653306,13483.5,1784.7615062761506,745.1297071129707,-2.233418224314176,detected,1815.6626805875771,785.6997709610675,20.297513623973373,-3.942316522119654,20.67682081162291,31.437110593890147,-14.74151403321373,34.72181099084432,37.23754888286357,32.956148314722896,234.15137173200534,-9.46219788450153,-6.4620271375286915,34.115192565157244,2.2910570102051446,0.9914192693515048,0.043813010713999144,4.381301071399914,0.04158504519207937,-0.008153977460604027,-0.8153977460604027
1455,24.27425,1811.9548667754211,782.7721587819467,14004.0,1786.1541850220265,744.4581497797357,-2.163446498044801,detected,1816.1630941633202,785.5026823817817,19.536754392388048,-3.161652640092143,19.790927709561654,31.335913162774272,-14.960559525537168,34.72402331329235,37.283345807697735,32.918529254187234,233.81732694826206,-9.146190109688824,-6.424270732578554,34.124573852527526,2.2916884468937795,0.991170577137895,0.04381580228806606,4.381580228806606,0.041537576345977587,-0.008106335309247387,-0.8106335309247388
1456,24.29093333333333,1815.9926764314248,785.4600532623169,13504.5,1787.686274509804,743.321568627451,-2.1623078631551462,detected,1816.6661857484173,785.2632201722486,21.726127713842743,-2.3781731849867356,21.85589927539006,31.018514196968376,-15.132277703170072,34.51280996200377,37.3049751173174,32.942158685131744,233.78964720701845,-7.478166984303629,-6.11470032160657,33.96681456142644,2.2923232627740284,0.9908684166211339,0.04354928701830129,4.354928701830129,0.04156739266262681,-0.007715710184992518,-0.7715710184992518
1457,24.307616666666668,1816.7515570934256,785.9079584775086,13650.5,1785.0677290836654,745.3625498007968,-2.234117660549542,detected,1817.1282334033128,785.053062767415,23.905526942762208,-4.542632215491722,24.33330486917782,30.77239053101198,-15.347470098270632,34.38727755159496,37.31212256205018,33.02720488424761,233.67515354493625,-7.65291798859667,-5.863394826806513,33.88370491129041,2.292906288206073,0.9906032337759181,0.04339088650043529,4.339088650043529,0.04167470647854588,-0.007398605459692761,-0.7398605459692761
1458,24.3243,1816.648829431438,784.7411371237458,13840.0,1785.347014925373,745.1865671641791,-2.2402453290157096,detected,1817.5639143593894,784.8237746666546,26.02191015245171,-5.249303959788676,26.54609199193965,30.6721589406024,-15.478608173701957,34.356493492097954,37.32505190717204,33.17276576181631,233.464013469106,-7.383814791920478,-5.823181361652335,33.85940347823443,2.2934560433556967,0.9903139112512992,0.04335204226132234,4.335204226132234,0.04185837951017831,-0.0073478629169114636,-0.7347862916911464
1459,24.34098333333333,1816.9401767505096,785.2053025152957,13786.5,1790.9786324786326,741.3760683760684,-2.105559972100515,detected,1818.01940142471,784.577724929062,29.550482839857523,-9.450458875244522,31.024864367494047,30.551551931880255,-15.661470935598059,34.331894752736254,37.320918532565045,33.37686303991365,233.13595214983928,-6.915392332711245,-5.798299569015127,33.838716279151576,2.2940307904412744,0.9900034383962928,0.04332100284256941,4.332100284256941,0.042115915507777484,-0.007316466333142116,-0.7316466333142116
1460,24.357666666666667,1817.7347600518808,785.0629053177692,13747.0,1784.5204081632653,745.3010204081633,-2.266712645073093,detected,1818.4578198619495,784.3222060665684,32.229218011907506,-14.753092149752774,35.44539774975251,30.76393066014289,-15.886903342849008,34.623880884255406,37.36643178475981,33.63646014314024,233.01705389281796,-9.634668919462024,-5.816191509454528,34.13187723833039,2.2945839998258037,0.9896810171186983,0.04368943960158411,4.368943960158411,0.04244348283046087,-0.007339042914138207,-0.7339042914138206
1461,24.37435,1818.4422419685577,785.2734107997265,13726.0,1786.5061224489796,744.0204081632653,-2.2295767637760995,detected,1818.9119423453826,784.038602084569,36.156110819707465,-18.2333761309269,40.493460641674254,30.866627484697947,-16.07551225015289,34.80187906398053,37.31117351828862,33.9475051570039,232.3684052714882,-9.062630504307979,-6.115554795310647,34.26033823431227,2.2951570250414925,0.9893231572045035,0.043914042982940736,4.3914042982940735,0.04283596865237086,-0.0077167883852500285,-0.7716788385250029
1462,24.391033333333333,1819.432450331126,784.2298013245033,13528.0,1787.1913875598086,743.9712918660287,-2.24605588364856,detected,1819.3382555190576,783.7450906839426,36.9117241341778,-20.946848628516136,42.44108676770203,31.034179553517227,-16.180699214954107,34.99907609701666,37.194084011056184,34.30499878046459,232.14820868692306,-8.943919551848596,-6.266934890863979,34.433426415598476,2.2956949596454987,0.9889527958157005,0.044162872046708726,4.416287204670873,0.04328706470721084,-0.007907804278692719,-0.7907804278692719
1463,24.407716666666666,1820.0705725699067,784.6011984021305,13498.5,1782.0815217391305,746.9239130434783,-2.3603147334022525,detected,1819.797560057604,783.4649189810127,36.7770400241684,-20.456398443076978,42.08342797588151,31.186575261659875,-16.39760509099177,35.234697803036354,37.08622318909713,34.703085694772675,231.98263444203056,-8.84417685512071,-6.289391720947268,34.66882578126601,2.2962745237319924,0.9885992668530129,0.04446018650225408,4.446018650225407,0.0437893825801548,-0.007936140972804125,-0.7936140972804125
1464,24.4244,1820.6290429042904,783.26600660066,13517.0,1787.3165829145728,744.070351758794,-2.275233413480014,detected,1820.2942171972045,783.1935373820827,35.612234353516214,-22.680722986700403,42.22139778417101,31.458334826930493,-16.466598504880295,35.507403402729885,37.04274835009618,35.13516645543159,231.61697932256826,-8.612682137060286,-6.625171970775199,34.88384716114105,2.296901220438113,0.9882568295042053,0.044804294514485664,4.4804294514485665,0.044334594896443646,-0.008359838448927697,-0.8359838448927697
1465,24.44108333333333,1820.707509881423,782.7173913043479,13502.0,1793.330357142857,740.59375,-2.147117906295768,detected,1820.7998623849749,782.9253805513899,34.87563308948302,-20.48811527514158,40.44839491153799,31.774543762053934,-16.51264799215522,35.809065542115285,37.029389800083436,35.59402607891957,231.3536909426227,-6.861505195930192,-6.946912015027122,35.12875728594708,2.297539258529937,0.9879184612635836,0.04518494074714863,4.518494074714862,0.04491359757592375,-0.00876581957732129,-0.8765819577321291
1466,24.457766666666668,1822.118587608261,782.6135909393738,13753.0,1789.3829787234042,743.3446808510638,-2.2657076666957963,detected,1821.347835487633,782.6450665279822,31.452196807444125,-19.55822095552162,37.037341845213504,32.033165967212256,-16.593913542211933,36.07605422616739,37.075804664320984,36.071975014003314,231.1816859531738,-5.593445298163125,-7.15113998518696,35.360187859252534,2.2982307072399153,0.9875647527166969,0.045521834985700185,4.5521834985700185,0.04551668771483068,-0.00902352048604033,-0.902352048604033
1467,24.47445,1822.179804560261,782.2677524429968,13804.5,1791.545871559633,741.8761467889908,-2.219666558212435,detected,1821.873737244587,782.3976860805444,31.4129193796216,-19.3689325168898,36.904295831168994,32.185448014347074,-16.679234688754654,36.25051632303731,37.128968329491435,36.56099812733814,231.075114481276,-4.644703238372449,-7.246199986683777,35.51890369141169,2.298894305671403,0.9872526007325483,0.04574197643285465,4.574197643285465,0.0461337515802374,-0.009143470014742937,-0.9143470014742937
1468,24.49113333333333,1818.8315450643777,780.8401287553648,14214.0,1793.284,740.928,-2.140176750191777,detected,1822.4101369744244,782.1282247884029,29.94511484591476,-20.529165961434728,36.306425852831545,32.443433857850245,-16.890276732526193,36.57673917382493,37.21796987264676,37.052907593801976,231.04633080136045,-4.502026526007163,-7.262118463807562,35.84856320701911,2.2995711507563716,0.9869125864837892,0.04615361409946364,4.615361409946364,0.04675445753161133,-0.009163556421208282,-0.9163556421208282
1469,24.507816666666667,1823.0106382978724,781.9434840425532,13829.5,1794.3811659192825,740.1300448430493,-2.171176775818372,detected,1822.9500306186392,781.848195660223,29.551598061405002,-17.490562399452983,34.33972511584789,32.56001271785042,-17.272761709767114,36.85787195795462,37.32028311203183,37.539496033301354,231.45673841420916,-2.076942844911244,-6.778637303130255,36.229170589203235,2.3002524045661064,0.986559237426149,0.046508355782908045,4.650835578290804,0.047368449253377104,-0.008553485556000322,-0.8553485556000322
1470,24.5245,1824.0905485789824,782.4481163251818,13876.5,1797.3382352941176,738.4803921568628,-2.1174084217164064,detected,1823.4949530370775,781.56211077789,28.978197441941575,-18.224611844058018,34.23262192486472,32.90653815842817,-17.611985251922043,37.32321366235776,37.394783397039824,38.01268675693682,231.7861703354555,-0.466850616435399,-6.5180500180294985,36.749657169128454,2.3009400038322747,0.986198247038347,0.04709553774430002,4.709553774430002,0.04796553533998338,-0.008224668792466245,-0.8224668792466244
1471,24.541183333333333,1823.5809649702576,781.6040978189028,13917.0,1790.2139037433155,742.3903743315508,-2.2758141924344075,detected,1824.0538937727604,781.2666290273835,28.31563850549901,-21.73044736150473,35.692964663995426,33.06542737788542,-17.979587345206507,37.637588243485055,37.448229762236465,38.46467848539898,231.7136894679302,-0.3341193582052352,-6.374440749112376,37.09386140484946,2.3016452918268273,0.9858253994036386,0.0474922249129149,4.749222491291491,0.048535871905866224,-0.008043458358501421,-0.8043458358501421
1472,24.557866666666666,1825.1433267587115,780.387902695595,13857.0,1785.1148648648648,746.0945945945946,-2.4332084072996247,detected,1824.6338284753251,780.9708054753995,32.252312231351425,-24.741645770170862,40.6492395954118,33.30983233810851,-18.267823232123778,37.990239483754515,37.47420368515091,38.888082318712556,231.75698435457485,-0.49391089288278,-6.271317349910687,37.4690388818519,2.302377070631325,0.9854521204736904,0.04793721070505302,4.793721070505302,0.04907013541793383,-0.0079133341954709,-0.7913334195470899
1473,24.57455,1824.770976616231,780.1678129298487,13818.5,1790.75,742.1519607843137,-2.30079521876089,detected,1825.2213346734145,780.6453773423534,34.731313121787025,-26.49420947204112,43.683031565036885,33.64616011576409,-18.63208494648598,38.460612059465504,37.42981422787443,39.27604904484273,231.90388846759663,0.18728948222673872,-6.096070496276454,37.97442039706638,2.303118403373394,0.9850414856054933,0.048530740769041646,4.853074076904164,0.04955968333734099,-0.007692202518960825,-0.7692202518960826
1474,24.59123333333333,1825.467234600262,780.4508519003932,13880.5,1792.4070796460178,741.0398230088496,-2.268784697794402,detected,1825.8202632139712,780.3010521514342,33.88934134365263,-27.970012410864683,43.94097234894249,33.82317498264879,-18.961257713191983,38.77546208587283,37.316556339437916,39.622385110882504,231.8521249856449,0.4969830988829875,-5.980848842833922,38.311433111959325,2.3038741491658943,0.9846070058693177,0.04892802786860925,4.892802786860925,0.04999670045537225,-0.007546812419979712,-0.7546812419979713
1475,24.607916666666668,1825.810379241517,779.8383233532934,13831.0,1795.6744186046512,738.9720930232559,-2.206203604562585,detected,1826.4357714254645,779.9491217949275,31.301868210501652,-26.77433652565469,41.190679162361725,34.116265537960864,-19.33804789525148,39.21580893792319,37.221350866982085,39.921655823303446,231.85961491595805,0.4742943996820038,-5.860505038736999,38.775432316695515,2.3046508156788197,0.9841629297096878,0.04948367058413022,4.948367058413021,0.05037432911457849,-0.007394959039415772,-0.7394959039415773
1476,24.6246,1826.719762062128,778.7937871777924,13822.0,1790.4,741.9333333333334,-2.3488061279527988,detected,1827.0545096771345,779.5751631571188,32.875642522760245,-24.62446131890829,41.075198922594794,34.225634903284806,-19.616849581269204,39.44888936367016,37.17675184173632,40.16927464630717,232.0855604343746,-0.674448311356939,-5.55480013681351,39.055845496764576,2.3054315579522204,0.9836910576115064,0.04977777837687087,4.977777837687087,0.050686781888084766,-0.007009211529102222,-0.7009211529102222
1477,24.64128333333333,1827.916990920882,778.3151750972763,13876.5,1796.6044444444444,738.0577777777778,-2.2318586477817046,detected,1827.66264090153,779.2230208591883,33.58958334072622,-21.771117344203503,40.02801093507734,34.33910990811336,-20.006928762648595,39.742315833317825,37.1385567212531,40.36157780199389,232.23474419997413,-1.2085218005449914,-5.214217149738374,39.39877672352986,2.306198915964076,0.9832467140179033,0.05014803259724647,5.014803259724647,0.050929435712295135,-0.006579453816704574,-0.6579453816704574
1478,24.657966666666667,1828.4681967213116,778.3324590163934,13880.5,1799.8149779735684,736.3700440528635,-2.1699059871599737,detected,1828.3241338741357,778.8238491260247,35.750873146928825,-21.28672219248051,41.60828610346308,34.30480975705722,-20.164134090808016,39.79211323993706,37.16048083282611,40.49588365800389,232.0297364069323,-0.918556527410217,-5.210121742480792,39.4495488887833,2.307033607412159,0.9827430272883593,0.05021086844156096,5.021086844156096,0.051098906823979676,-0.006574286110385859,-0.6574286110385859
1479,24.67465,1828.5069674850697,777.6469807564698,13777.0,1799.1361502347418,736.9295774647887,-2.195696893715962,detected,1828.9768643035213,778.41525282696,38.97144350221697,-20.743447833035134,44.14820536158111,34.31661176147801,-20.287245748955723,39.86479879375453,37.2575008800523,40.5705365531883,231.8241216964126,-0.10993741530197255,-5.262173023039084,39.515967885680496,2.307857242023371,0.9822274483620947,0.050302585228712345,5.030258522871234,0.051193106060805425,-0.006639965959670769,-0.6639965959670769
1480,24.691333333333333,1828.1347424042272,778.0924702774108,13618.5,1798.7713004484306,737.2825112107623,-2.1945009285992345,detected,1829.5939962202397,778.0080204109111,40.202736781866406,-16.839297096103564,43.586947259963914,34.34415593236105,-20.269860198922192,39.87967250605477,37.422495773556854,40.584934765472404,231.9848788038765,0.22453402081986495,-5.18194167959447,39.541570019657314,2.3086359573756967,0.9817135904238626,0.050321353319942926,5.032135331994293,0.05121127415201566,-0.00653872767141258,-0.6538727671412581
1481,24.708016666666666,1829.39098740888,777.066931742876,13750.0,1796.7991631799164,738.4100418410042,-2.271273950509626,detected,1830.2066075230443,777.613012432159,42.14613151539197,-12.696102034818068,44.0168991251227,34.220974582202444,-20.196914140371657,39.736512707449435,37.65664030503054,40.539542328690466,231.718365412957,2.961617336962733,-5.34676060336419,39.37515197684452,2.309408968483337,0.981215157643103,0.05014071004094566,5.014071004094566,0.05115399662926242,-0.0067467010768002406,-0.6746701076800241
1482,24.7247,1830.7469879518071,777.2617135207497,13814.0,1800.1161825726142,736.8298755186722,-2.2191381383856013,detected,1830.8356738106606,777.212982357906,42.742048699579755,-12.954186239415549,44.6619935533862,34.054214081675376,-19.832262826670654,39.40822433892093,37.85570833453054,40.435884420155254,231.94075136736876,2.263439411649373,-5.378204293081211,39.03950645344538,2.3102027429787517,0.9807103878333199,0.04972646604280244,4.972646604280244,0.05102319800650506,-0.006786377656884809,-0.6786377656884809
1483,24.74138333333333,1830.836583725622,776.9831876260928,13590.5,1802.3896103896104,735.3593073593074,-2.170314129590205,detected,1831.419444851839,776.8134519214066,44.45531247308372,-13.2454057864677,46.38658837991543,33.88058629887124,-19.681289968006435,39.18223197777294,38.099982261977786,40.27652609551932,232.10494601952902,1.6278165088401502,-5.278798527958902,38.82501241289217,2.3109393625890715,0.9802062484812701,0.04944130218015514,4.9441302180155144,0.05082211494702754,-0.00666094451477464,-0.6660944514774639
1484,24.758066666666668,1832.8108465608464,776.5879629629629,13642.5,1792.4444444444443,741.7777777777778,-2.429969227445812,detected,1831.9877615101952,776.4354438620146,46.270554307470775,-12.948361075035109,48.048145130172166,33.66267561736132,-19.362406883375463,38.8339867904015,38.275616808373165,40.06503424078546,232.18145504841164,3.9051155640536614,-5.345238537062128,38.46435954255555,2.3116564814008775,0.9797292667028576,0.0490018760762164,4.90018760762164,0.05055524825335705,-0.006744780488406471,-0.6744780488406471
1485,24.77475,1832.8531799729365,776.765899864682,13642.0,1806.9578544061303,732.5057471264367,-2.100166186819265,detected,1832.5453368854419,776.0841010060681,43.963128943426,-14.045132288587638,46.15216622760223,33.531543496744106,-19.065048665636624,38.572535435165975,38.29134168994974,39.805922751487984,232.17655517242048,4.037743254633651,-5.502998247452423,38.17797139956064,2.3123600465431444,0.9792859318688557,0.048671969003364006,4.867196900336401,0.05022829369272932,-0.0069438463690251395,-0.694384636902514
1486,24.79143333333333,1834.179960448253,776.8516809492419,13730.0,1801.8008658008655,736.2294372294373,-2.2437529882868965,detected,1833.0849490419425,775.762102559949,38.559577958390946,-14.861160638805359,41.32426826770931,33.51508403880206,-18.687675666217473,38.37303845063225,38.218606798474134,39.50458116654786,232.3886707973274,3.716715487802929,-5.650519526606882,37.9547323665065,2.3130409451633347,0.9788796246813237,0.048420237792595903,4.84202377925959,0.0498480519451708,-0.0071299930935102614,-0.7129993093510262
1487,24.808116666666667,1834.2680481283423,775.8923796791444,13680.5,1801.6759259259256,736.4351851851852,-2.26119832075655,detected,1833.6686244423122,775.4193015316181,35.319265612668005,-18.278689223175206,39.76884462912663,33.399840373973845,-18.36012329191675,38.11356011056061,38.16502149574172,39.16718729445698,232.79623370443034,1.982069619920819,-5.571604890439012,37.70412024230447,2.313777444091246,0.978447068178698,0.04809282032878311,4.809282032878311,0.04942231835262711,-0.007030416265538186,-0.7030416265538186
1488,24.8248,1834.751134154245,775.8742709008425,13738.5,1804.8408163265303,734.4204081632653,-2.1958280692412924,detected,1834.2339528204693,775.1233934970709,32.81638511233905,-21.80975551135748,39.40279897807434,33.388816125954655,-17.990065447020296,37.92697584939884,38.096847964788694,38.80060473356796,232.66227133365282,0.6254026547772851,-5.947282129991368,37.45778066499894,2.314490792202485,0.9780736826461462,0.04785738277526668,4.785738277526668,0.04895975360702582,-0.007504456946361348,-0.7504456946361349
1489,24.841483333333333,1835.4939451880175,775.5812619502868,13794.0,1808.579908675799,732.0958904109589,-2.1250127252951074,detected,1834.7914962442787,774.8178612873717,30.97052125626169,-24.788202822370295,39.66898266968191,33.41899551053798,-17.828677208039803,37.87731500412662,38.02482349201124,38.41226653059097,232.69942125525577,-0.36074769401084394,-6.069661365079844,37.387834957845484,2.315194317027481,0.9776881530440021,0.0477947192481093,4.77947192481093,0.048469736947117946,-0.007658878694107059,-0.765887869410706
1490,24.858166666666666,1835.3394136807815,775.342019543974,13654.5,1806.904761904762,732.9880952380952,-2.1620398434098447,detected,1835.3892231350499,774.50956873668,31.08075039473306,-28.08935829297411,41.89301963824967,33.08286642091073,-17.701461784907647,37.52089817616802,38.01418079836706,38.01004649089739,233.02196031154284,-0.6319284293023524,-5.758539862690371,37.07636738673538,2.31594854654265,0.9772991403617414,0.047344981925764064,4.734498192576407,0.047962203774003016,-0.007266296356707094,-0.7266296356707094
1491,24.87485,1836.0161917098449,774.449481865285,13817.0,1806.6514522821576,733.0041493775934,-2.1872158261938823,detected,1836.0004473697902,774.2399134822706,30.045259842035193,-29.18642132749096,41.8875259341159,32.89501222831655,-17.689929989008057,37.34990565606695,38.11112563106433,37.60211986223041,232.96375715933044,-1.1255153707936536,-5.69225737417154,36.91359720351421,2.3167198074066757,0.9769588813656412,0.04712921849345988,4.712921849345988,0.04744746985770399,-0.007182659147219609,-0.7182659147219609
1492,24.89153333333333,1836.878968253968,773.9966931216932,13964.5,1804.718487394958,734.2731092436975,-2.2513676426629883,detected,1836.5799222820979,773.9900526940944,32.559862124429856,-28.252396903001,43.10849744918723,32.68485383215353,-17.792263297104284,37.213764970273104,38.28493033564526,37.196815312408944,232.96479690294427,-1.1700506487465443,-5.4833187659363265,36.80757420115941,2.317451006034193,0.9766435996139993,0.046957432139145876,4.695743213914588,0.046936044558244724,-0.006919014215692526,-0.6919014215692526
1493,24.908216666666668,1837.020025839793,773.1072351421188,13883.5,1806.0579710144928,733.3333333333334,-2.2322591597518247,detected,1837.1319948049236,773.7382334165907,32.28311372774351,-27.98170297944148,42.72206846102031,32.398753727336995,-17.798135259020036,36.96556318768869,38.45375881345005,36.80246036101486,233.0615113284556,-0.20578586142604904,-5.244553055066058,36.59163189905039,2.3181476275140995,0.9763258465824489,0.046644243769954186,4.664424376995418,0.04643843578676954,-0.00661773256159755,-0.661773256159755
1494,24.9249,1838.4082654978083,772.8134001252348,14028.0,1806.724,732.6,-2.238117506255997,detected,1837.6509119427171,773.4478888166744,32.78428720145075,-27.029791864021718,42.49022399940417,32.323304519618375,-17.599629957199603,36.80411647762162,38.68417075180992,36.42722272670539,233.29460558890457,-0.3161141143101382,-5.209695215320641,36.433529412641384,2.3188024125460154,0.9759594811566871,0.046440525523812774,4.644052552381277,0.045964949812877465,-0.006573747905767371,-0.6573747905767371
1495,24.94158333333333,1838.271437782076,772.3352675693101,13942.0,1808.6682464454973,731.781990521327,-2.201362808788108,detected,1838.1730033062856,773.2143470443707,32.535691716589554,-23.982328211324784,40.4193431652799,32.38939333630608,-17.391603341578904,36.76330599231749,38.96231240598301,36.07895040838241,233.70931765621887,-0.3366665104555329,-5.152643195257493,36.40042493690333,2.31946120291014,0.9756647912231807,0.04638902964330283,4.638902964330283,0.045525489474299574,-0.0065017579750883195,-0.6501757975088319
1496,24.958266666666667,1838.8922386144964,772.0801796023092,13974.0,1806.928270042194,732.6118143459915,-2.251522423869241,detected,1838.6635014029887,772.9695425202558,31.178255064774476,-22.801281936807754,38.62618343618653,32.28477607442503,-17.24843327109485,36.603486397926346,39.18600352139644,35.76501369921836,233.74147884283016,-1.2551198093709834,-5.1857825451035655,36.23427763703974,2.320080127953298,0.9753558896154648,0.046187364539970154,4.618736453997015,0.04512935482551213,-0.00654357418940513,-0.654357418940513
1497,24.97495,1839.8109161793373,771.7855750487329,13887.0,1808.8190045248869,731.8009049773756,-2.230165647433867,detected,1839.1842748892464,772.7075195307004,26.519197789441478,-18.76845884770387,32.48881190369188,32.325707635818034,-17.280898664492554,36.65488825257615,39.2663118647303,35.49215268764198,233.26477212438982,-2.6603685884925947,-5.485536332199647,36.24209877969214,2.320737255380753,0.975025261237477,0.04625222492438631,4.625222492438631,0.04478505070995834,-0.00692181240656107,-0.692181240656107
1498,24.991633333333333,1839.8068833652007,771.6800509878904,13833.0,1810.547717842324,730.6182572614108,-2.1899049841481184,detected,1839.6763585659762,772.432762440754,24.361922267859427,-14.700274538220128,28.453494127861838,32.22078718789937,-17.22448780947206,36.535764769695895,39.24779168106439,35.26633406301763,233.21391729609644,-4.202957565257417,-5.500050813810072,36.11940681063379,2.321358181155806,0.9746785645940115,0.04610191138131974,4.610191138131974,0.04450010607320837,-0.0069401272098549805,-0.694012720985498
1499,25.008316666666666,1840.6204704386523,771.1093452002543,13623.0,1810.128514056225,731.2610441767068,-2.2239552507022307,detected,1840.184079877998,772.2053943491837,23.391769818263583,-11.55602102030889,26.090544590951875,32.05172433811517,-17.214513552193722,36.38203553795727,39.20413063497138,35.09262113896586,233.09366234530216,-5.087897895728073,-5.4822995640138,35.96660814388257,2.3219988389627737,0.9743916647939228,0.04590793127817953,4.590793127817952,0.04428090995453106,-0.006917728156484291,-0.6917728156484292
1500,25.025,1840.6277742549144,771.277108433735,13654.5,1804.509900990099,735.4257425742575,-2.3598975470873063,detected,1840.673916355685,771.9597442986333,24.138388442182077,-9.023279332511265,25.769776221344923,31.869653320259136,-17.200157271816536,36.21491699464086,39.21595256873558,34.97506086415481,233.05969416133996,-5.417805433433892,-5.405674553465811,35.809201269376835,2.3226169291554384,0.974081696275878,0.04569705614465724,4.5697056144657235,0.044132568913760016,-0.006821040446013642,-0.6821040446013642
1501,25.04168333333333,1841.4329962073325,770.0183312262958,13547.5,1807.7692307692307,733.4375,-2.3146910747020413,detected,1841.1556932317135,771.719012630352,22.171554577693314,-4.474545991671221,22.618563045056916,31.80565338383823,-17.451796596571167,36.278985537373465,39.210029827582204,34.916591183619715,232.6839865930803,-6.683594044709472,-5.401442320050462,35.87463187942311,2.3232248495037395,0.9737779339184254,0.04577789973170154,4.5777899731701535,0.04405879013705958,-0.006815700088391751,-0.6815700088391751
1502,25.058366666666668,1837.4508547008547,769.1127136752136,14050.0,1811.560538116592,731.0044843049327,-2.167555144943325,detected,1841.6632108422853,771.4494384642368,22.923459335651387,-2.681828600233075,23.079800531076753,31.801438179371647,-17.658377366767418,36.37512558746101,39.28776023296689,34.91897148640031,232.32161523055288,-6.097467750413033,-5.462148853443745,35.962684707991194,2.323865250274177,0.9734377772419393,0.0458992120977426,4.58992120977426,0.044061793673691244,-0.006892301392358038,-0.6892301392358038
1503,25.07505,1837.495151169424,768.7860810039931,14232.0,1813.252380952381,729.9333333333334,-2.12865131369759,detected,1842.1831081549276,771.1801188970221,25.412364711128248,-0.9682290054665827,25.4308031257061,31.732225361123348,-17.803739736180024,36.38553661776552,39.386211050020584,34.98273811082675,232.14536243743146,-5.209934153606142,-5.415503992743002,35.980266695333704,2.3245212721197825,0.9730979418258955,0.045912349044499076,4.591234904449908,0.044142256291264045,-0.006833443523965933,-0.6833443523965933
1504,25.09173333333333,1842.610246433204,771.071335927367,13638.5,1810.5539906103288,731.6525821596244,-2.2535485132180115,detected,1842.6548734033329,770.8776597389794,27.865345716193588,-0.758883202563311,27.875677491284783,31.73774720477877,-17.929068705803626,36.45183263283027,39.46579444368885,35.1071860500068,232.06039338399506,-5.089431141149178,-5.373409529984617,36.0536069251738,2.325116559499474,0.9727162898914568,0.04599600332218331,4.599600332218331,0.04429928839117578,-0.006780327482630431,-0.6780327482630432
1505,25.108416666666667,1842.6925151719488,770.7923128792987,13784.0,1822.6093023255812,723.5581395348837,-1.9728227792699116,detected,1843.0812656388023,770.5995780091271,33.23677305963429,-2.4774810294629788,33.328981317600764,31.67271116714725,-17.96521246664152,36.41304013192398,39.55905495254013,35.290377158060046,232.25930300005936,-6.399761140791675,-5.179822776372946,36.04273751609988,2.325654593865997,0.9723653981187724,0.045947053794225846,4.594705379422584,0.04453044436348271,-0.006536053976495831,-0.6536053976495831
1506,25.1251,1842.7176308539945,771.7017906336088,13663.5,1808.38,733.16,-2.298571837029903,detected,1843.5490531789242,770.2738656092449,33.97479612960524,-2.7713379122824335,34.08763831467785,31.59261043804278,-17.99320554922846,36.35723422135842,39.61976301591287,35.52917435423173,232.11377434375402,-7.537279699756567,-5.200070347288653,35.98343714280175,2.326244862055425,0.9719544045542523,0.04587663624146173,4.587663624146173,0.04483176574666464,-0.006561602961878427,-0.6561602961878428
1507,25.141783333333333,1843.859776168532,770.869651086241,13726.5,1810.026178010471,732.0314136125654,-2.2874367644565945,detected,1844.0048667552132,769.9818937893273,37.57801366829244,-8.446167242079582,38.51551443685456,31.82089064744977,-18.04776722704377,36.58265960094361,39.61318050436674,35.81930061494566,232.07624417377875,-8.474651516514617,-5.320903258831116,36.19363164962411,2.326820021142225,0.9715859858540408,0.04616108466996039,4.616108466996039,0.04519785566554658,-0.006714073512720652,-0.6714073512720652
1508,25.158466666666666,1844.3884077281807,770.9520319786809,13606.5,1819.1990049751244,726.1890547263681,-2.0833593438438927,detected,1844.4497311823966,769.6707222374203,37.70771689708545,-12.195935811184654,39.63095714086754,31.995557126543854,-18.003084149266954,36.7127595629029,39.50607415070893,36.15542097605282,232.04024289019458,-8.631064379703343,-5.486312928350644,36.300510811498654,2.3273813642680086,0.9711933403626755,0.04632524865981439,4.632524865981439,0.04562198230416759,-0.006922792338612801,-0.6922792338612801
1509,25.17515,1845.2955599734923,770.3598409542743,13524.0,1816.482233502538,728.1319796954315,-2.169564367330685,detected,1844.9491436276423,769.3540968394294,32.56960557407592,-15.837090422848632,36.21591694700496,32.37974361222592,-17.953265788294434,37.0238780904787,39.25131544802987,36.531245352713825,231.2963364082438,-9.94116997763196,-6.236255934534952,36.494885405733314,2.3280115377004953,0.9707938130465987,0.04671782724350625,4.671782724350625,0.04609620864695751,-0.007869092661873758,-0.7869092661873758
1510,25.19183333333333,1846.4881578947368,770.0730263157894,13677.5,1813.5759162303664,729.979057591623,-2.258138518214688,detected,1845.449624504915,769.07194844267,30.199883437240715,-21.25444397149795,36.929450959369426,32.67051194978419,-17.920261178247184,37.26255643078699,39.04156528735598,36.939649708516086,231.53951539449912,-10.576890272578789,-6.288000340778771,36.72817941951317,2.3286430593121956,0.9704377898330221,0.047018998650835316,4.701899865083532,0.04661154537352188,-0.007934385288048922,-0.7934385288048922
1511,25.208516666666668,1845.9523169912693,770.1873740765615,13564.5,1806.374358974359,734.6717948717949,-2.4102393919281626,detected,1845.98942971995,768.7876904815425,27.899755358244875,-28.405462155283885,39.815406933813684,33.068533697749466,-17.736724504568386,37.52491595020765,38.92418128667954,37.372812926933264,231.18415324987788,-10.762194734649244,-6.90816791363129,36.88355369466483,2.3293242015393694,0.9700791047085711,0.04735005167218631,4.735005167218631,0.047158123567108225,-0.008716931121301313,-0.8716931121301313
1512,25.2252,1847.1025810721376,769.5049636002648,13567.5,1814.4814814814813,729.3564814814815,-2.253119751102113,detected,1846.561722802676,768.5020068398886,24.34241654031166,-30.140686643984736,38.74292495918343,33.22704464864277,-17.72232042090829,37.6578960801615,38.81841791449418,37.822366595894486,230.8421095839751,-11.372282507116315,-7.239492822695274,36.955471595616075,2.330046337921358,0.9697186206181561,0.04751784994342145,4.751784994342145,0.04772538371721702,-0.00913500671633473,-0.913500671633473
1513,25.24188333333333,1847.927868852459,768.8452459016394,13820.0,1813.868544600939,730.2018779342723,-2.293225935153284,detected,1847.1372664166686,768.2322290282634,25.915368690496052,-28.731165996809978,38.692198618075366,33.384452347570566,-17.694583752907924,37.78385836221445,38.79554420998965,38.27955476470802,230.57346501395995,-11.234312375632433,-7.534079611961179,37.02509415432341,2.330772575920087,0.9693782069757267,0.04767679288607502,4.767679288607503,0.04830227730562526,-0.009506725062411583,-0.9506725062411583
1514,25.258566666666667,1843.7207415990729,766.2514484356894,14246.5,1810.6875,732.2954545454545,-2.3424207259467766,detected,1847.7355158918467,767.9556412397959,28.43262764305473,-28.031112399116864,39.92690292297316,33.522818426359684,-17.617992488110207,37.87047681978388,38.82804922723663,38.73540056912748,230.63917776911265,-11.447244280081666,-7.6385803513800425,37.09211647740391,2.331527464847756,0.9690292003025817,0.04778609062433298,4.778609062433298,0.04887747705883594,-0.0096385871941704,-0.96385871941704
1515,25.27525,1844.465258476932,766.2612562534741,14351.0,1814.5028571428568,729.4114285714286,-2.253471025305249,detected,1848.2875741865605,767.7045164378874,31.59439696364825,-27.34960373072022,41.78763864738006,33.70907509435807,-17.637365269836025,38.04442662701975,38.85607249726191,39.18087646836046,230.4401159970691,-10.886724757012368,-7.871090843536267,37.22128861701982,2.332224068374209,0.9687123235809305,0.048005585649236286,4.800558564923628,0.04943959175818355,-0.009931975827806016,-0.9931975827806016
1516,25.291933333333333,1849.5909993381863,768.583057577763,13934.0,1817.2331606217615,728.300518134715,-2.2475292496331973,detected,1848.873327274571,767.4260044846869,36.662505321108256,-26.81236815824218,45.42072635563428,33.794214346086854,-17.70518561528365,38.15131086792313,38.90673370416666,39.60707472699132,230.26173439709635,-10.732799509016058,-7.989211220104382,37.30542889475294,2.332963188989995,0.9683608889396681,0.04814045535384622,4.814045535384622,0.04997738135897959,-0.010081023621582816,-1.0081023621582816
1517,25.308616666666666,1845.7438190426087,765.4676486059968,14337.0,1817.6782178217825,727.8316831683169,-2.211547635924557,detected,1849.4531681541628,767.1517864240298,38.311132681179515,-22.793557196149322,44.57902126526637,34.03449452240604,-17.85987995365101,38.43594839931119,38.94966322671043,40.00537474723499,229.95537869780614,-11.027724983257208,-8.224732205401244,37.54565100652734,2.333694849405884,0.9680148724593436,0.0484996194313075,4.84996194313075,0.05047996813531229,-0.01037821098473343,-1.0378210984733431
1518,25.3253,1850.1489222730245,767.3141737426519,13944.0,1815.44623655914,729.247311827957,-2.309996833775378,detected,1850.0313303192663,766.8647042240906,40.06296939324693,-21.84140972367709,45.62991009548207,34.198727191553985,-18.17293357694634,38.72736056477949,38.98398293810581,40.36760396257726,229.60727858480843,-10.768864248914792,-8.320685824720895,37.8229380630422,2.334424391570052,0.9676526236266128,0.04886733194293942,4.886733194293942,0.05093703970041295,-0.01049928810690334,-1.049928810690334
1519,25.34198333333333,1851.1189856957087,766.2438231469441,13930.0,1814.345,729.83,-2.3611155234512298,detected,1850.6297108591434,766.5561919086854,43.35451106347955,-20.27598533419564,47.86156297934583,34.56664510710823,-18.436326372999435,39.175899276117754,38.89789056286144,40.68618926700736,229.3749804199863,-11.156241809898097,-8.513606852230916,38.23963366009369,2.3351794458790454,0.9672633336387197,0.049433311389423036,4.943331138942304,0.051339040084551875,-0.010742721580102104,-1.0742721580102104
1520,25.358666666666668,1851.6130753835887,766.0060040026684,13865.0,1817.0950226244345,728.3710407239819,-2.313022714222367,detected,1851.2346289986972,766.2415584918498,41.72064654969472,-20.879833371592667,46.653829319253404,34.75041894998006,-18.78386834907502,39.5022192712576,38.75327130847731,40.954296351335294,229.11255555030084,-10.71830737473264,-8.546214397018215,38.56666367259053,2.33594274952517,0.9668663198635329,0.04984507163565628,4.984507163565628,0.05167734555373539,-0.010783866747026138,-1.0783866747026138
1521,25.37535,1852.145150931278,765.4264611432242,13873.5,1822.237623762376,725.0643564356435,-2.2084998350302563,detected,1851.8572851595845,765.8982002989775,38.657394412828125,-22.211933304811737,44.58434841877091,34.90078314168036,-19.0383344303594,39.75579004100922,38.53891199743163,41.16595479698177,228.70506371586828,-10.32579377957902,-8.728329469250717,38.785810633026834,2.336728435532599,0.9664330603141672,0.05016503475206211,5.016503475206211,0.051944422456759336,-0.011013664945426773,-1.1013664945426773
1522,25.39203333333333,1852.6644951140065,765.6377850162867,13850.5,1816.0,728.7675675675675,-2.3533968754218866,detected,1852.4891300187458,765.5446222722574,34.436027171307614,-25.37532412447058,42.775542565407335,35.157339653449675,-19.294176680140676,40.10366299071082,38.36170992220069,41.31616728462577,228.53287202330048,-10.68258178491533,-8.823030811246769,39.1210673752174,2.337525716111982,0.9659869050754036,0.050603991155471074,5.060399115547107,0.052133965027918956,-0.011133161906935987,-1.1133161906935987
1523,25.408716666666667,1848.4833625218916,762.3975481611209,14265.5,1817.0224719101125,727.938202247191,-2.310739708743344,detected,1853.1066352910698,765.1883645032574,32.5673090377104,-26.20577348025222,41.8015810903849,35.36167012739248,-19.52873242245896,40.39578077258219,38.17962912785495,41.40100175472773,228.13321440439157,-9.08216730478836,-9.05739378446605,39.36727984074639,2.3383049025754827,0.965537368458369,0.05097259403480403,5.097259403480403,0.05224101167788989,-0.011428888056108581,-1.1428888056108581
1524,25.4254,1853.351655629139,764.4211920529801,13854.0,1818.9558823529408,726.8186274509803,-2.31168411115508,detected,1853.7862840964663,764.7861217446792,34.77367730505421,-23.14131407021182,41.76995391680754,35.36249719298343,-19.6602633874692,40.460254129063784,38.06340109150833,41.41766574390259,227.7806439358039,-8.023484164583964,-9.202614815023958,39.39979752174781,2.339162503591756,0.9650298066178918,0.051053948427840744,5.105394842784074,0.05226203879356794,-0.011612132258705311,-1.1612132258705312
1525,25.442083333333333,1854.3562778840023,763.0548119821542,13787.5,1821.8721461187213,725.1095890410959,-2.27880934776004,detected,1854.4333218845563,764.413683731635,35.679329271350525,-19.75855338998008,40.784984606079526,35.362744154878406,-19.831432153458657,40.543919093010985,37.96270883451288,41.364562363728695,227.23874515437396,-8.31566035784166,-9.449335139323829,39.42739454802157,2.3399789550593773,0.9645598532891295,0.05115951936026623,5.115951936026622,0.052195031373790154,-0.011923451279903885,-1.1923451279903885
1526,25.458766666666666,1854.6679611650488,763.2045307443366,13794.5,1826.3260869565215,722.3695652173913,-2.1775238856390606,detected,1855.1212079360853,763.9729678728366,39.91712319493172,-18.118730091411862,43.8368007989268,35.23019517500173,-19.99658258687448,40.50962808052435,37.96709472074053,41.24132748315839,226.6849148539396,-7.79129972707703,-9.618907272964131,39.35106847464914,2.340846950077079,0.9640037449499517,0.05111624994387931,5.111624994387931,0.052039529947203025,-0.012137422426453163,-1.2137422426453164
1527,25.47545,1854.765625,762.9739583333334,13812.0,1825.5454545454545,723.1626794258373,-2.2039571936917493,detected,1855.738420261243,763.5820433227746,43.80499928840936,-15.39764888756622,46.43237613909409,35.00169718751011,-20.025900272838733,40.325618256188406,37.976314258162354,41.048847671191744,226.55083576619643,-6.623257783656921,-9.532542424812775,39.18272735100226,2.3416257668911586,0.9635104647605989,0.050884060891089475,5.088406089108948,0.05179665321286025,-0.01202844470007921,-1.202844470007921
1528,25.49213333333333,1856.3300844704356,763.1845354126056,13733.0,1823.6560846560849,724.3068783068783,-2.269708969372052,detected,1856.374597329081,763.1520556016246,46.8052552922768,-10.856259005478705,48.04779165132611,34.701635162126685,-19.79525402901477,39.95066413714011,38.00551298035632,40.78925843356243,226.4941214707374,-4.828026053647485,-9.532040002833515,38.79685268656408,2.3424285139799133,0.9629678935036273,0.05041093266516102,5.041093266516103,0.05146909581522074,-0.012027810729127465,-1.2027810729127464
1529,25.508816666666668,1857.396449704142,762.7254437869823,13813.0,1816.89417989418,728.7883597883598,-2.444161974086125,detected,1856.9927109938162,762.7739886447705,46.89034725913962,-10.971064817141723,48.156712193676874,34.64149784249505,-19.660771830204737,39.831888252139905,37.99053928831195,40.465922324086605,226.32723195151075,-4.3908393624271485,-9.700748990174581,38.63256127621605,2.3432084681309986,0.9624908374066505,0.05026105773140682,5.026105773140682,0.051061100724399504,-0.012240692732081492,-1.2240692732081493
1530,25.5255,1857.2044728434505,763.208945686901,13839.0,1820.9379310344827,726.7862068965517,-2.354045662474111,detected,1857.6171160315205,762.3823749495633,46.17992030509458,-8.696257179295344,46.99159423038691,34.378141439669726,-19.418569012060292,39.483381710817085,37.832966514152176,40.08338669571296,226.7097163343633,-1.4160073539607916,-9.438353402739805,38.33868694109222,2.3439963609230543,0.9619966876335184,0.04982130184330232,4.982130184330233,0.05057840592518986,-0.011909594199040764,-1.1909594199040763
1531,25.54218333333333,1859.0516698172653,762.2476370510396,13853.5,1820.9076923076923,726.4564102564102,-2.3880055478162503,detected,1858.1957287980445,762.031148310954,42.793464677503835,-11.606302186305356,44.33945048762563,34.12720629606391,-18.94047324423284,39.030856207488,37.71781190769332,39.647321195463775,226.5733149180511,-1.1250698050834984,-9.704317655978551,37.805210687436556,2.344726471669457,0.9615534994459988,0.04925029174446436,4.925029174446436,0.05002816554632653,-0.012245195780414577,-1.2245195780414577
1532,25.558866666666667,1859.772466539197,762.5882727852135,13698.5,1822.6,725.1809523809524,-2.353045472229252,detected,1858.7962216247415,761.695715663025,38.562278772271384,-14.328877215391913,41.138377050682855,33.89584723084944,-18.617655907522092,38.67228427424447,37.5715689241383,39.16443556103465,226.5928080466354,-1.404370411169467,-9.766993066651308,37.418597213470754,2.345484191324595,0.9611302405842588,0.048797835046365264,4.879783504636526,0.04941884613379767,-0.012324281472115216,-1.2324281472115217
1533,25.57555,1860.3489304812836,762.4351604278074,13884.5,1828.629807692308,721.2740384615385,-2.227357128073227,detected,1859.3804529367112,761.3830986981878,31.576118373652662,-16.365077054713538,35.564968698898596,33.69398340554538,-18.217620098698518,38.30360557171703,37.498974556233826,38.64237876933883,226.9513312801092,0.36124759869588086,-9.687199510960554,37.05839129574458,2.346221391718248,0.9607357712279974,0.048332625327087736,4.8332625327087735,0.048760099393487494,-0.012223595597426567,-1.2223595597426566
1534,25.592233333333333,1860.815855181024,761.54556803995,13812.0,1818.235,728.545,-2.4822766390027557,detected,1860.0239840249615,761.0888437452483,30.300542956212666,-19.205475035779727,35.87440835458123,33.2508849395404,-17.922445696264102,37.773474939408075,37.490404370227246,38.08962103526439,227.27059932580795,1.1672056216966746,-9.396717166428422,36.586023499312404,2.347033418328027,0.960364471602837,0.04766369077527833,4.766369077527833,0.04806261329370902,-0.011857056361423876,-1.1857056361423877
1535,25.608916666666666,1861.3295526149968,761.8475110270952,13813.0,1826.9754901960785,723.0147058823529,-2.295074722179049,detected,1860.6696825468998,760.8350619330134,28.17386559043689,-21.71710514024153,35.5724522345636,32.92789724048449,-17.77043283401733,37.417037560291,37.53739653696728,37.51532048836723,227.4855629448413,1.0804846481966373,-9.153169506564891,36.28021758165623,2.347848179869905,0.9600442421867678,0.047213927520871925,4.721392752087192,0.04733794383390187,-0.011549740702290085,-1.1549740702290086
1536,25.6256,1860.7373935821872,761.0694171578258,13836.5,1825.1926605504584,723.5779816513761,-2.32954684821651,detected,1861.2779022207776,760.6057153514068,25.916859986249165,-22.902798044621022,34.58643939204409,32.3909693702977,-17.56762947630177,36.848290356055735,37.57245689263222,36.92917652239172,227.27393287550356,0.37794218571355626,-9.071791127784019,35.71413036737769,2.34861564948994,0.9597548458692832,0.046496265433508814,4.649626543350881,0.0465983299967088,-0.011447055050831571,-1.1447055050831572
1537,25.64228333333333,1857.030601659751,759.7759336099585,14309.0,1824.7129186602872,724.4354066985646,-2.3115460286955107,detected,1861.8784208922198,760.3966956315747,27.200371286106474,-26.937898314138238,38.28198745735254,31.99138819786894,-17.54244199033465,36.48542434741584,37.70080732641786,36.34127182680756,227.30968540718158,1.148096621812838,-8.797087114095755,35.4090023598239,2.3493734017567443,0.9594910985887379,0.04603839034374239,4.603839034374238,0.04585649441868462,-0.011100425380562468,-1.1100425380562466
1538,25.658966666666668,1861.5335068314896,760.5614834092388,13881.0,1821.6349206349207,726.2857142857143,-2.4318551899317544,detected,1862.4831046360612,760.168565745359,30.78140643155939,-27.477904907814036,41.26172851478373,31.59098047345332,-17.51363592051595,36.12087333427163,37.91759605728511,35.761905032042485,227.35617808793802,1.267864651474407,-8.518289003803087,35.10208317006532,2.3501364096354087,0.9592032375335762,0.04557838906532698,4.557838906532698,0.04512543221708831,-0.010748629657795694,-1.0748629657795694
1539,25.67565,1863.1057068741893,759.5311284046693,13931.5,1828.4868421052631,721.8684210526316,-2.314108448597835,detected,1862.9859910467908,759.9381325237746,33.08234911632189,-27.884023504472452,43.26615986948895,31.00335092955023,-17.441877908053943,35.5728389901664,38.21778429291061,35.20141581960077,227.2440373278352,1.3181840392330384,-8.240735513823163,34.605160771357745,2.3507709666205563,0.9589124700615453,0.04488686307907433,4.488686307907433,0.04441819030864451,-0.010398404433846263,-1.0398404433846262
1540,25.69233333333333,1862.868810289389,759.4720257234727,14032.0,1826.9116279069767,722.5209302325582,-2.342562957886398,detected,1863.465714597197,759.6791500690045,34.71120525687411,-27.637338521460833,44.369925072448204,30.43486329465086,-17.514271921834396,35.1145358037956,38.481439610138075,34.670004363399435,227.65713541439254,0.2474409449239583,-7.554600836712787,34.29225322013678,2.3513762960216997,0.9585856783205106,0.044308562528448704,4.430856252844871,0.04374763957526743,-0.009532619352318975,-0.9532619352318975
1541,25.709016666666667,1864.1458198314967,758.7278029812054,13922.5,1828.5627906976745,721.646511627907,-2.3355784582907124,detected,1863.8617040423057,759.3708172015528,37.63407945971676,-25.056037011973103,45.212044053831946,30.282217682334153,-17.586645252926075,35.01860646874085,38.65600929390255,34.1775471673938,228.1274896371128,-1.1678001217328497,-7.11705777818319,34.2877571094194,2.351875967245812,0.9581966147653663,0.04418751604888436,4.418751604888436,0.043126242482515835,-0.008980514546603395,-0.8980514546603394
1542,25.7257,1864.6169405815424,757.9393173198483,13878.5,1831.1552511415523,719.9680365296804,-2.2931477666762814,detected,1864.2819673660194,759.0973983907033,37.70285247775837,-23.45605543452939,44.40373431939397,29.958475542178327,-17.76991749870179,34.83217226533489,38.77784580908021,33.733411785856944,228.37270591570964,-0.9054228840723049,-6.618198373395547,34.19765598710458,2.352406267969741,0.9578516068021494,0.04395226784269387,4.395226784269387,0.042565819288147566,-0.00835103895696599,-0.835103895696599
1543,25.742383333333333,1865.7083065035413,757.9517063747585,13875.0,1828.5570776255709,721.5525114155251,-2.366418873329043,detected,1864.7141907655498,758.8560014590399,33.00388029176747,-19.376963741101008,38.27169761242975,29.868314706496708,-17.707296650702947,34.72268103246527,38.87920445597052,33.34627352096419,228.42133131110387,-1.3539132482462541,-6.576181546999704,34.094257791352845,2.3529516602719873,0.957547004995634,0.0438141085583158,4.3814108558315805,0.04207731674569614,-0.008298020879494895,-0.8298020879494895
1544,25.759066666666666,1865.7338811630848,757.2572692793932,13781.5,1831.6153846153843,719.9757085020243,-2.311922852800877,detected,1865.1483801374848,758.5813001281305,29.015615103850905,-16.406795822947288,33.33299970045753,29.889711720599713,-17.69948604965491,34.737108013801105,38.83642048951362,33.02393788423228,228.63280948480124,-3.721778068865438,-6.4702981399245445,34.129194469588256,2.3534995332965107,0.9572003787105748,0.043832312951168594,4.383231295116859,0.0416705840810502,-0.008164414056687124,-0.8164414056687124
1545,25.77575,1866.0038834951456,757.5288025889968,13785.0,1833.457711442786,718.8009950248756,-2.26968037525458,detected,1865.5877833802638,758.3192897971091,25.141169001561593,-12.601625661824983,28.12257719494868,29.87243588785331,-17.733681143787525,34.73968728678241,38.76429868746259,32.773173228896525,228.43279354635905,-3.4398461650861747,-6.552354831024418,34.11616213690782,2.3540539853378726,0.9568697663055006,0.04383556755429958,4.383556755429958,0.04135416180302401,-0.008267955622743746,-0.8267955622743746
1546,25.79243333333333,1866.9,757.22,13616.5,1829.70351758794,721.8793969849246,-2.3817741587036685,detected,1866.0411202491239,758.0616163421732,21.751448495678233,-9.67449479908987,23.80591021737585,29.775327323699315,-17.885644110157898,34.734224944119035,38.676330711852124,32.599558329807394,228.51374756800675,-2.606196597424111,-6.325978777149835,34.15330694061281,2.3546260192417967,0.9565446262992723,0.043828675008352094,4.38286750083521,0.04113508937515129,-0.007982307605236386,-0.7982307605236386
1547,25.809116666666668,1867.6771300448431,756.8680333119795,13687.0,1838.029702970297,715.9075907590759,-2.197321652981256,detected,1866.4921608433767,757.8067777278986,19.09999339714568,-4.083028249967583,19.531535204920324,29.6663232995356,-17.908379659342227,34.65257277801623,38.652097709239825,32.507349660425405,228.44006012178053,-3.4837350659104356,-6.280571941565766,34.078662183579446,2.3551951556383304,0.9562230633790519,0.04372564388393215,4.372564388393215,0.04101873774186171,-0.007925011913647655,-0.7925011913647655
1548,25.8258,1866.6045650832816,757.5471930906848,13625.0,1835.8708333333332,717.6,-2.2265724971308782,detected,1866.8977908065913,757.536582063422,19.956539258995235,-4.208050769686679,20.395370809967606,29.599515858198373,-18.150498158128446,34.72134678303768,38.630823693681485,32.499372643419065,228.43201155366728,-4.079418024391427,-6.059886219313411,34.18844397507638,2.3557069915540585,0.9558821224775041,0.04381242496282357,4.381242496282358,0.04100867210526065,-0.007646544125316607,-0.7646544125316607
1549,25.84248333333333,1867.675675675676,756.5373230373231,13618.5,1836.389534883721,717.4418604651163,-2.2456896406256943,detected,1867.3231147597655,757.2512591961017,20.69853953916163,-2.3881668116530363,20.83585562856775,29.457707105183076,-18.259016670343232,34.65758499466784,38.6607706490021,32.57694029396515,228.25950309818373,-3.9178320035362413,-5.987411229651965,34.13647762188804,2.3562436779303035,0.9555220936228414,0.043731968447530405,4.37319684475304,0.041106549266833,-0.007555093034261155,-0.7555093034261156
1550,25.859166666666667,1867.0592447916667,757.275390625,13643.0,1838.116402116402,716.7460317460318,-2.190936350806184,detected,1867.746964694431,756.935902291639,22.73938257441978,-2.0707243938179545,22.83347147021185,29.44781615492447,-18.58171479350962,34.82031017899704,38.783583775856734,32.73980158044076,228.1841395627515,-3.61088178632439,-5.785208337236636,34.336356321781324,2.3567785043462854,0.955124166929513,0.04393729991040636,4.393729991040636,0.04131205246743314,-0.007299947428689762,-0.7299947428689761
1551,25.87585,1868.312138728324,756.5728965960179,13736.0,1836.2186046511629,717.8232558139534,-2.2625139922974946,detected,1868.1469663656117,756.6100400898742,23.34810502900791,-2.932610969135794,23.531557864745803,29.48772947982089,-18.769810832173906,34.95471339534471,38.880741879782136,32.98612068796769,228.60801256101703,-3.939508801264088,-5.416313338151648,34.53252869938214,2.357283238316229,0.9547129843405354,0.044106893874252005,4.410689387425201,0.041622865221410336,-0.00683446478000208,-0.683446478000208
1552,25.892533333333333,1868.1393609789257,757.8640380693406,13666.0,1836.871559633028,717.7110091743119,-2.232423741603493,detected,1868.5409122828632,756.2881343646048,26.471131022183727,-4.563067077006735,26.861540513211086,29.417228328162444,-18.996895665579153,35.017929228327354,38.949125355202966,33.31248736684419,229.05981067682492,-4.865027711712995,-4.926110313812098,34.66971018939006,2.3577803309562944,0.954306794150921,0.0441866614868484,4.4186661486848395,0.042034684374566804,-0.006215912067901701,-0.6215912067901701
1553,25.909216666666666,1869.660277594184,756.5393258426966,13665.5,1836.876,717.404,-2.2681153604954485,detected,1868.9678272136687,755.9630022989825,25.719034352996005,-8.672809339511332,27.141966581110214,29.491524961407805,-19.083752442358737,35.12747716290728,38.92351814913059,33.71395779160772,229.33454852383082,-6.16829057289952,-4.74234178164143,34.80588809751406,2.358319024875292,0.9538965328693786,0.04432489231912591,4.432489231912591,0.042541271661334666,-0.005984027484721048,-0.5984027484721048
1554,25.9259,1869.317263843648,756.9583061889251,13728.0,1836.7458333333332,717.3833333333333,-2.259423666065474,detected,1869.3834058677282,755.6277799001908,21.89343192858314,-13.283183680538514,25.607915383772035,29.81974800906509,-19.18499818674617,35.45816586838066,38.92121390502449,34.18412486905484,228.88930567383005,-7.149456145633921,-5.15220002171762,35.08185231263891,2.3588434143441366,0.9534735393062346,0.04474216513360336,4.474216513360336,0.04313454242152031,-0.006501198765574285,-0.6501198765574285
1555,25.94258333333333,1870.485084306096,757.041504539559,13680.5,1837.9429824561405,716.828947368421,-2.251153470162094,detected,1869.7814680057716,755.3303679075713,19.72934264370224,-20.49084246834491,28.445062598193292,30.067767576174777,-19.245998293155548,35.699847301004155,38.87128284217028,34.71521666447139,228.47367966254154,-6.82372603775405,-5.525307721749893,35.26967637922107,2.359345700953655,0.9530982560347903,0.045047125931866445,4.504712593186644,0.04380468979744025,-0.006971997125236459,-0.6971997125236459
1556,25.959266666666668,1870.5856861457648,756.2396585686146,13676.0,1834.948356807512,718.5774647887324,-2.3285769897840507,detected,1870.2332695383275,754.9825949997598,16.04532268472485,-26.93224010198992,31.34960824265879,30.5113878244743,-19.261013312863316,36.08228680133476,38.8173331063989,35.29822146495033,228.22596621866515,-7.993688432771064,-5.96208058501351,35.586303768607124,2.3599157975247036,0.9526594258672049,0.0455296994338609,4.55296994338609,0.04454034254252408,-0.007523130075726827,-0.7523130075726827
1557,25.97595,1871.349540078844,756.0703022339028,13631.5,1836.971563981043,717.5734597156398,-2.299734810369748,detected,1870.6974471003334,754.6550435311724,14.514780384597088,-33.02487828730159,36.07383311354878,31.047588683384486,-19.172375853499812,36.49017345697999,38.78919146957306,35.92303784536789,227.532163828776,-6.371182231684817,-6.819966404804768,35.847187018758135,2.3605015105366984,0.9522461117112586,0.046044382911015765,4.604438291101577,0.04532875437901311,-0.008605635842024945,-0.8605635842024945
1558,25.99263333333333,1872.7007447528772,755.3527420446852,13714.5,1836.6415094339625,717.5849056603773,-2.333055334391278,detected,1871.2077059850963,754.3247167763182,13.971641057271881,-32.95671820986763,35.79597783268207,31.467884081722858,-18.99507721862634,36.756505371462126,38.80996121326615,36.57864784301545,227.34134289481048,-4.7519109696534665,-7.3545062680315,36.01321874917333,2.3611453703281975,0.9518292956168053,0.046380448418248746,4.6380448418248745,0.046156022514846004,-0.009280134092153313,-0.9280134092153314
1559,26.009316666666667,1868.427559912854,752.30174291939,14102.0,1835.2614678899083,718.9724770642201,-2.3537405819812345,detected,1871.7137991070747,753.9881894983735,17.50276861571092,-35.11136827366272,39.23206712963114,31.982986291608555,-18.938293373848264,37.16948167573992,38.76454777303756,37.25331092428339,226.64966129013396,-4.964459875075345,-8.183603029744695,36.25739937577872,2.3617839736366877,0.9514046555184524,0.04690155416497151,4.69015541649715,0.04700733239657211,-0.010326312971286682,-1.0326312971286682
1560,26.026,1868.3557858376512,753.6102475532527,14185.5,1837.9444444444443,717.6296296296297,-2.272505615394121,detected,1872.2568564068144,753.6764542890022,26.286365837717767,-32.15660626095587,41.53336436139603,32.40560442096641,-18.799261593526357,37.46378830751093,38.75437614993161,37.93477583036317,226.5051035060356,-4.669826632789075,-8.66679707199822,36.44752478375995,2.3624692194407757,0.9510112987873846,0.0472729190000138,4.72729190000138,0.04786722502254028,-0.01093602154195359,-1.093602154195359
1561,26.042683333333333,1869.8504823151125,751.4930332261522,14300.0,1840.4610778443116,715.4850299401197,-2.2553320914652817,detected,1872.7826492705185,753.3618533785698,33.53140766055776,-30.058848776851846,45.032096214679584,32.639142126337106,-18.76771426973206,37.650241667930075,38.8135748412466,38.61050665359361,226.22713292010025,-4.245611790184675,-9.027861250136628,36.55185930841028,2.3631326804675314,0.9506143260297412,0.04750819137909158,4.750819137909159,0.04871988221273642,-0.011391623028563568,-1.139162302856357
1562,26.059366666666666,1875.214465408805,754.0509433962264,13688.0,1840.982456140351,715.0350877192982,-2.290976725559189,detected,1873.3237337930043,753.0526903454114,40.92418721179865,-27.516630962464205,49.31484643057087,32.85602094589654,-18.823128776856876,37.86592517484988,38.82338874669841,39.26791871787232,225.80559592889443,-2.6408777662433196,-9.407988277006467,36.67857747960025,2.3638154369627817,0.9502242149468915,0.04778034722378534,4.778034722378534,0.049549424249681166,-0.01187127858297346,-1.187127858297346
1563,26.07605,1869.8845928529583,751.96309314587,14370.5,1840.5829145728644,715.5125628140704,-2.2478957484878306,detected,1873.8773422230765,752.7617734851142,49.779182446511186,-22.51975378311795,54.636126468622415,32.93930052945874,-18.882464962700613,37.96768365910169,38.849626331919,39.89461916605321,225.0815383682826,-1.4282922490570356,-9.887525831726622,36.65762997473454,2.3645139964959956,0.9498571274260117,0.047908749096658286,4.7908749096658285,0.050340213458742226,-0.01247637328924495,-1.247637328924495
1564,26.09273333333333,1875.7873036649212,752.6256544502618,13858.5,1834.315,719.655,-2.4699053800314923,detected,1874.4582896603206,752.4355483106028,51.30736892512641,-18.983737805961937,54.70674919152605,33.237526386713796,-19.00037942333841,38.285082976772,38.7821354493056,40.47864674857826,224.98842927938213,-1.1961087799792642,-10.074642436896452,36.93574364090971,2.365247053199143,0.9494454868272592,0.04830925296753565,4.830925296753565,0.05107715678054039,-0.012712482570216345,-1.2712482570216346
1565,26.109416666666668,1876.3473684210528,752.4203947368421,13828.0,1832.2967032967035,721.2692307692307,-2.526072992925973,detected,1875.014585366935,752.1227933299425,50.39446486878296,-19.3302810782734,53.97464086009332,33.47674233473159,-19.1328088190174,38.55848351077983,38.72742631695653,41.008705259390915,224.98603311173545,-1.9459794637328522,-10.151760671982816,37.19809680494237,2.365949003617584,0.9490508433185395,0.0486542378684919,4.86542378684919,0.051746000327307154,-0.012809792646035099,-1.2809792646035099
1566,26.1261,1871.4945244956773,750.6864553314122,14484.0,1837.3850931677016,717.8819875776397,-2.3756941485529914,detected,1875.620629819226,751.7947947342091,46.97000257466743,-18.682112342341725,50.54901050897181,33.74444077081683,-19.354303252318772,38.90085265540952,38.64456832158432,41.47438538866125,224.9802783818976,-2.697227406608786,-10.188286986792255,37.542977313908416,2.3667137284785187,0.9486369649643017,0.04908624940745682,4.908624940745682,0.05233360932323186,-0.012855882633176347,-1.2855882633176348
1567,26.14278333333333,1876.78125,751.03515625,13926.0,1840.4237288135596,715.276836158192,-2.3645031682235023,detected,1876.2350542579552,751.4479287436716,45.480426309224185,-22.170588511751475,50.59648379310738,34.00721825026119,-19.681849011808776,39.29206120381744,38.52453791896926,41.866370377832624,225.009853626294,-2.9734102402960385,-10.123036617110591,37.96564503986695,2.367489027454833,0.9481992791718254,0.049579887954343774,4.957988795434377,0.052828227606097955,-0.012773547781843017,-1.2773547781843018
1568,26.159466666666667,1877.6404199475064,751.0984251968504,13878.0,1832.973821989529,720.5497382198953,-2.541735666403016,detected,1876.866414080334,751.1115971445681,39.606156045211264,-22.93035612030053,45.76514862295794,34.42442355244636,-20.030276664307397,39.827790801988016,38.40630733799643,42.17662163109807,224.81592972370788,-3.4877619753641356,-10.301849470840615,38.472390329261614,2.3682856960004215,0.9477748859868368,0.05025588744730349,5.025588744730349,0.05321971183734773,-0.01299917914301655,-1.299917914301655
1569,26.17615,1877.9673495518568,750.4289372599231,13724.0,1844.940789473684,712.2763157894736,-2.2843023033190675,detected,1877.5201148752005,750.725589959134,35.79919150951855,-24.03622893761326,43.11986101875262,34.647334145921,-20.314012049729893,40.163376961800346,38.28332001333634,42.39854121373615,224.63838565099863,-3.1768014736568593,-10.380267599459406,38.79880015592348,2.369110555047572,0.9472878106739863,0.05067934001489003,5.067934001489003,0.05349973654730114,-0.01309812946304026,-1.309812946304026
1570,26.192833333333333,1873.28331332533,748.8601440576231,14244.0,1841.3736263736264,714.989010989011,-2.3263854194911056,detected,1878.156024294623,750.3639690205847,32.59673094176787,-23.652517241888063,40.27391761385797,34.92954902356902,-20.59887775345133,40.55104387918446,38.15739010437515,42.52710884059788,224.4214036377524,-1.7897456515088697,-10.529300766759963,39.160196437896616,2.369912964409619,0.9468315066505801,0.05116850962673119,5.1168509626731185,0.05366196699129071,-0.013286183932820144,-1.3286183932820144
1571,26.209516666666666,1878.4212548015364,749.5813060179257,13836.5,1841.1089743589744,714.275641025641,-2.3838199614394315,detected,1878.8244087316316,749.9889141440779,35.548958169880734,-21.583413780803312,41.588125437404614,35.21919678776623,-20.869258845301648,40.93797487819353,38.034982412496895,42.558991450054286,224.11755205851142,-1.7964953697224009,-10.756547278353311,39.49955034903757,2.370756351711838,0.9463582512859027,0.05165675063494452,5.165675063494453,0.053702197413317714,-0.013572930319688722,-1.3572930319688723
1572,26.2262,1879.7819114817191,748.6850545221296,13903.0,1842.3333333333333,714.1058201058202,-2.3960100452322397,detected,1879.5331389001462,749.5936764301872,34.92122716077938,-21.01943279732177,40.759154328026504,35.441013480706985,-21.10083947260383,41.24694974162635,37.944403347531406,42.492623726388736,224.09582428320263,0.16358464264278205,-10.769681421036683,39.81613774686876,2.3716506484544433,0.9458595286185328,0.05204662427965471,5.204662427965471,0.05361845265159462,-0.013589503370393292,-1.3589503370393292
1573,26.24288333333333,1879.6850756081528,748.939513477975,13813.0,1845.6367924528304,711.4811320754717,-2.3085413569302977,detected,1880.2366264225027,749.2075641841946,38.53827494374218,-19.602811231906117,43.23735472751786,35.21298607738886,-21.09963603965287,41.05056673777111,37.826970813801495,42.328257992733256,224.04498780698054,2.1582886546427864,-10.641936490791043,39.64717161687792,2.372538329870666,0.945372320737154,0.05179882238204557,5.179882238204557,0.05341105109493156,-0.01342831102938933,-1.342831102938933
1574,26.259566666666668,1880.634491634492,748.2586872586872,13762.5,1846.1940298507463,711.6268656716418,-2.3253714227471214,detected,1880.9396584288331,748.7945831439139,43.01199452154469,-18.45191099616227,46.80282782195628,35.12243731660124,-21.181914336017066,41.015351979435074,37.76664062218303,42.0679818359191,223.9692466287476,4.341541391720026,-10.572045468356189,39.629420291141756,2.3734254365032594,0.9448512090144024,0.05175438735575404,5.175438735575404,0.053082626922295394,-0.013340120464802763,-1.3340120464802763
1575,26.27625,1881.7440318302388,748.4031830238727,13888.5,1838.2534246575344,716.4794520547945,-2.5083861440654247,detected,1881.6085838839479,748.4051197882352,46.09126940950864,-15.405081799994605,48.59754789127155,34.818265605091526,-21.057651456425717,40.69073978937969,37.683597120962496,41.715701779987334,224.1084738479874,6.864377248819708,-10.343802842332117,39.35406011285201,2.374269506478168,0.9443597726034514,0.05134478206861791,5.1344782068617905,0.05263810950156131,-0.01305211715120772,-1.305211715120772
1576,26.29293333333333,1882.0182849936948,747.7610340479193,13786.5,1836.372093023256,718.1162790697674,-2.565606706530259,detected,1882.3039460799394,748.0000892483491,47.71612787996219,-14.196295305803915,49.78316643471461,34.547868078654695,-20.947847870277474,40.40256822500788,37.666980366638725,41.277091441560465,224.3110882454251,8.223801406440606,-10.087789867973296,39.12293463885386,2.3751469351166428,0.9438486930578539,0.05098115864354307,5.098115864354307,0.052084657970423304,-0.012729072388609838,-1.272907238860984
1577,26.309616666666667,1882.510582010582,747.8630952380952,13884.5,1836.9259259259256,717.7037037037037,-2.5570970530553105,detected,1882.9790295684347,747.6813278667981,45.40415693574914,-11.315961737712314,46.79303855377962,34.1009107964475,-20.73782999700605,39.91152352556832,37.62740956225279,40.759503001689,224.62007327164872,9.86867797426625,-9.706043618555697,38.71333655740212,2.375998775480675,0.9434464704943826,0.05036154388084331,5.036154388084331,0.05143154952894511,-0.01224737365117438,-1.224737365117438
1578,26.3263,1884.2204773869344,747.6048994974874,13846.5,1847.73595505618,710.5955056179776,-2.3490529109624405,detected,1883.6699668992471,747.3383032536932,46.64215365553764,-11.520270287710218,48.04380423247812,33.80887318184306,-20.6710804080254,39.627433314069165,37.62896225518299,40.17184158746788,224.9498124092803,11.07225279735602,-9.323562705266461,38.51499252942888,2.3768706206930563,0.943013631865859,0.05000307042784753,5.000307042784753,0.05069002093055885,-0.011764747893080709,-1.176474789308071
1579,26.342983333333333,1884.991746031746,746.7453968253968,13888.0,1851.830687830688,708.3809523809524,-2.2835737371320985,detected,1884.3147618997027,747.0232812641806,43.209690110482825,-10.824842929466058,44.544972150530846,33.422045839493826,-20.48333281259483,39.19949070088476,37.657699174703566,39.524403275799614,225.35004511407158,12.310269590223818,-8.91600977198266,38.17204266154302,2.3776842421447353,0.942616127778146,0.049463079748750485,4.946307974875048,0.04987306407040961,-0.011250485516697363,-1.1250485516697364
1580,26.359666666666666,1885.5578880407124,747.3740458015267,13840.5,1845.655172413793,712.4827586206897,-2.4230975698245323,detected,1884.9797956536668,746.7373972937839,39.78483921947509,-12.478612320493085,41.6959134348277,33.06245437192528,-20.260539117128683,38.77647913893605,37.598779616252784,38.82867886481429,225.84488966209935,13.45843320860293,-8.495354369583838,37.834432578638406,2.3785234014557313,0.942255390906983,0.04892931121632309,4.892931121632309,0.04899517837831457,-0.01071969005625721,-1.071969005625721
1581,26.37635,1886.542176432711,747.105602060528,13863.0,1859.117924528302,703.183962264151,-2.128957185233772,detected,1885.6302092036647,746.4478939424366,37.13475724276486,-14.206428926694798,39.75943684621688,32.574054954959365,-20.110903419904048,38.28207795527068,37.51563092559202,38.09712724473829,226.22438364335503,13.98812178602666,-8.014729429021498,37.43369611396927,2.3793441125598296,0.941890086993611,0.04830546114229739,4.830546114229739,0.04807208485140478,-0.010113223254285804,-1.0113223254285804
1582,26.39303333333333,1886.2675078864356,747.2239747634069,13854.0,1853.7990654205607,707.0841121495328,-2.250930159979736,detected,1886.3024023033631,746.1612077268895,31.824488014523013,-18.041476874717773,36.58268613985987,31.95625995798776,-19.87681185454037,37.63363123594757,37.36948281526201,37.342924069766696,226.49443024554338,15.724637191670146,-7.582691260152332,36.861809413761804,2.380192305745569,0.9415283378257282,0.04748723184346697,4.748723184346697,0.04712040892084126,-0.009568064681580231,-0.9568064681580231
1583,26.409716666666668,1887.5069269521407,746.6958438287154,13800.5,1856.8860103626944,704.9948186528497,-2.2041712070723323,detected,1886.8760348182896,745.8730653254792,27.279243516827137,-19.700460763495585,33.64914978338062,31.08793864771399,-19.70048103296141,36.804468238165065,37.46780101481021,36.57969338316521,226.57858126027008,18.12169513313888,-7.059767384154041,36.121026657277284,2.380916132262826,0.9411647511993428,0.046440969385697244,4.644096938569724,0.04615734180841036,-0.008908223828585542,-0.8908223828585542
1584,26.4264,1887.4539184952976,746.3228840125391,13767.5,1851.672131147541,708.4098360655738,-2.327282467880735,detected,1887.4307158325823,745.5651595055526,27.213449011022476,-22.127283258735133,35.07404270237208,30.16300350875081,-19.694160335522653,36.023141617440686,37.71041757539618,35.8212317162807,227.1215387763198,18.079192498407107,-6.092422253641605,35.50421275107392,2.381616045214615,0.9407762265054292,0.045455068286991404,4.54550682869914,0.04520029238647407,-0.007687599058222846,-0.7687599058222846
1585,26.44308333333333,1887.871181938911,745.7543160690572,13895.0,1854.3567567567568,706.4864864864865,-2.277308982543814,detected,1887.937601632805,745.2369373444,26.441990340746088,-26.572720152057173,37.4871752664782,29.159879034775958,-19.611157046902978,35.141087433957686,38.136709148646645,35.08123572376782,227.7389190579631,19.134203955230912,-5.096325318715426,34.76957713701562,2.382255648748019,0.9403620660497161,0.04434206616272263,4.434206616272263,0.04426654350002249,-0.006430694408473724,-0.6430694408473724
1586,26.459766666666667,1888.271437782076,745.052869116699,14007.0,1860.061320754717,702.25,-2.1535217339404564,detected,1888.3295037917721,744.873932783891,26.236565359564793,-28.534236237159575,38.76286882449164,28.63758117087893,-19.61189870085882,34.709330531881875,38.585669249649776,34.3730453023501,228.53082239473935,19.787875100919432,-4.268862100726331,34.44581893839091,2.382750162513277,0.9399040161310928,0.043797262500797324,4.379726250079733,0.04337292782630928,-0.005386576783250891,-0.538657678325089
1587,26.47645,1884.351184346035,744.1951596292482,14513.0,1861.1535269709543,701.4730290456432,-2.0682410699865867,detected,1888.6984678491135,744.5135066857413,29.175454312731745,-30.968880764099367,42.54737019059229,27.98902844876679,-19.525504874516315,34.12669122711191,39.01527814258991,33.70941398073807,229.39407357198965,19.522729894475727,-3.392894915075056,33.957610608019735,2.383215732301721,0.9394492197927335,0.043062070949037114,4.306207094903711,0.04253553814604173,-0.004281255413343919,-0.42812554133439196
1588,26.493133333333333,1889.2121014964216,744.3799609629148,14058.0,1854.995495495496,705.4864864864865,-2.2923113085797,detected,1888.9682989080866,744.1394783678894,27.674984490604402,-28.8240426628156,39.95910662143247,27.944968060523195,-19.285939130651748,33.953920069041594,39.314305593451635,33.10231677136848,230.2950959028238,19.8291988266751,-3.0146480120388794,33.81982533098561,2.3835562131332324,0.9389772597702075,0.042844063178601385,4.284406317860139,0.04176948488500755,-0.0038039722549386493,-0.3803972254938649
1589,26.509816666666666,1890.14463840399,743.7113466334165,13997.5,1852.565934065934,707.7747252747253,-2.3785273841021524,detected,1889.2513027860082,743.7808945399617,30.661258665431887,-28.24667670648273,41.68917758734365,27.81612903596894,-19.091392762668445,33.737491195465964,39.58150832408665,32.56280233227546,230.7365637835545,18.42902672024092,-2.823062922366322,33.61917054153038,2.3839133158183072,0.9385247880630432,0.04257096680815895,4.257096680815895,0.041088709567540016,-0.003562224507717757,-0.35622245077177567
1590,26.5265,1890.144945963128,743.2231404958677,13976.5,1852.3697916666667,707.7395833333334,-2.387465175809172,detected,1889.6025473972384,743.4683508091878,31.29874862596489,-26.71845104325189,41.15200228059368,28.120901923757987,-18.848079144971926,33.85314184031877,39.76927312516213,32.100891126146756,231.07980150406559,16.08950988985078,-3.0023865135252645,33.71974032646371,2.3843565266842126,0.9381304111156944,0.042716898221222425,4.271689822122243,0.04050585631059528,-0.0037885003325239934,-0.37885003325239935
1591,26.54318333333333,1890.703968770332,742.675992192583,13850.0,1853.5470852017936,707.0582959641256,-2.377341405778687,detected,1889.9706364139458,743.1704564022117,29.837315915331146,-24.365916919280835,38.522244591256225,28.03638168511553,-18.96255414666349,33.84696674384023,39.84367644020118,31.725514643293693,231.49328857866087,15.642368898352155,-2.6167612707344965,33.74566221324765,2.3848209923204364,0.9377545191195101,0.042709106301375685,4.2709106301375686,0.04003219513349362,-0.003301906966226494,-0.3301906966226494
1592,26.559866666666668,1891.706106870229,741.8848600508906,13739.0,1856.7444933920704,705.2511013215859,-2.332843241934446,detected,1890.3390244887241,742.8822400784218,24.60161782605337,-21.203933864904457,32.47839914476126,28.08425175179173,-19.066065479866733,33.944661573516726,39.86764532898579,31.44448362783925,231.82760427053682,15.675186130753314,-2.3680241535350426,33.86196259741684,2.3852858353170023,0.9373908392156742,0.04283238053440597,4.283238053440597,0.03967758186478139,-0.0029880430959432717,-0.2988043095943272
1593,26.57655,1891.4391025641023,742.3794871794872,13661.0,1858.170305676856,704.3930131004366,-2.290082862714529,detected,1890.7024072863371,742.5793949566,19.830849773689806,-18.772025365889704,27.306620792113026,28.277464400542616,-18.981667981293526,34.05757936606797,39.84946930168047,31.26446713686856,232.00706225780823,13.086583553891655,-2.4473999068728105,33.9695296695709,2.3857443625064194,0.9370087002606942,0.04297486355339807,4.2974863553398075,0.03945043171844614,-0.0030882017752338303,-0.30882017752338303
1594,26.59323333333333,1892.6329032258063,741.4690322580645,13679.5,1862.78,700.904,-2.2052297212860155,detected,1891.0568837947092,742.2805453349581,16.37665607051349,-14.618342987038432,21.95201165585018,28.48958386973928,-19.013795245449074,34.251726944882215,39.914846180233134,31.190960977742737,232.488234478244,13.137196643908608,-2.2657199539933384,34.17670715263316,2.386191651475974,0.9366316029463194,0.04321984472540343,4.321984472540343,0.039357679467183264,-0.002858952623335443,-0.2858952623335443
1595,26.609916666666667,1892.859626529298,741.220218931101,13603.5,1861.2255319148933,702.1574468085106,-2.251500793649423,detected,1891.3940385300198,741.956565782171,13.983780910170935,-11.026167077455966,17.807933315341085,28.656842759934207,-19.092147592013717,34.43435401808532,40.04951043050753,31.22822517631675,232.99814872208947,12.228684864336099,-1.9995621873971174,34.3762488893358,2.386617083318637,0.936222795939648,0.043450288981811136,4.345028898181114,0.039404700537939125,-0.002523106861068918,-0.25231068610689183
1596,26.6266,1892.669677419355,741.1845161290323,13588.0,1863.3524590163931,701.2745901639344,-2.20435838416531,detected,1891.749601889146,741.6500334766183,10.112488110847153,-11.204512208582173,15.093161021611476,28.724868164763983,-19.176166378089064,34.537565172478864,40.21711224707142,31.379176353501443,233.3949795496631,10.619574812326988,-1.7345419406442932,34.49398168230758,2.387065743708702,0.9358360043869002,0.04358052387694494,4.358052387694494,0.039595175209465545,-0.0021886964550716635,-0.21886964550716634
1597,26.643283333333333,1888.3033642691416,739.881090487239,14190.0,1862.351931330472,701.8884120171674,-2.170065223123385,detected,1892.1210654264064,741.3155834911441,7.954889521049154,-12.291614483675858,14.641176657202378,28.989874714593572,-19.319739061024944,34.83769730269101,40.4030934979237,31.645231632493434,233.85416412223486,8.071381204923522,-1.498419250785572,34.80545780625217,2.387534467415024,0.9354139854777844,0.04395923949866374,4.395923949866374,0.03993089164983399,-0.0018907498432625515,-0.18907498432625516
1598,26.659966666666666,1888.7330210772836,739.5357142857143,14154.0,1864.632911392405,700.6286919831224,-2.125378971176344,detected,1892.4880984656083,740.9802397603605,9.530734756751372,-15.127720165884739,17.87967623926296,29.120363145432858,-19.301738309382394,34.936408680426275,40.56308022010115,32.026113918484846,234.29396254037312,6.744482144503592,-1.321987007759276,34.91138785320744,2.3879976005875188,0.9349908388143351,0.04408379644217827,4.408379644217827,0.04041150021259918,-0.0016681224072672253,-0.16681224072672254
1599,26.67665,1894.059800664452,742.6471760797342,13678.0,1866.4671814671813,699.2393822393823,-2.137024905145494,detected,1892.8553651308803,740.6501482558554,8.951070248928772,-16.491779578686646,18.76433991040569,29.407231006157307,-19.430005343237738,35.246423124733475,40.66760087472521,32.51964099926103,234.52898821642532,5.919462676420822,-1.2407757363035987,35.224576912433555,2.388461028556316,0.9345743195657481,0.044474981860862434,4.447498186086244,0.04103424731767953,-0.0015656476167868756,-0.15656476167868755
1600,26.69333333333333,1894.3781676413253,741.5730994152046,13770.0,1864.7545787545787,700.7509157509157,-2.198546028601339,detected,1893.243774650691,740.3221379130412,10.846442996512451,-19.960763269033805,22.717336902881094,29.82547264086902,-19.443674774548334,35.60358559175794,40.75231045076591,33.12152968273452,234.64300027887933,2.056613004658274,-1.4015557416280267,35.575988369864625,2.3889511352059194,0.9341604263886956,0.04492566005269141,4.492566005269142,0.041793728306289614,-0.0017685245951142294,-0.17685245951142295
1601,26.710016666666668,1895.818537859008,740.97454308094,13807.0,1866.328125,699.8828125,-2.193284949793604,detected,1893.63184561482,739.9904470774452,10.800863924828263,-22.460540702021262,24.922571098299837,30.241756481651862,-19.547483845610472,36.0092760242404,40.78483129070586,33.825248830676536,234.29564680285176,-1.3143153366458065,-1.7758541629160423,35.96545984388339,2.3894408146559245,0.9337418890567133,0.045437572270334896,4.543757227033489,0.042681701994544526,-0.002240825442165353,-0.2240825442165353
1602,26.7267,1890.45632798574,739.1336898395722,14208.0,1863.0801687763712,702.0675105485232,-2.20694534987726,detected,1894.0241100580042,739.6630898501276,11.86768011152617,-24.49449601047627,27.218048534690205,30.700220646396048,-19.556524013525785,36.40001619819712,40.799084802404984,34.621951109296994,233.82339750648555,-4.687680191306778,-2.3355519744271795,36.32501034003655,2.389935785562151,0.933328820000161,0.04593061980845063,4.5930619808450635,0.043687004554317975,-0.0029470687374475455,-0.29470687374475457
1603,26.74338333333333,1896.211212516297,741.4093872229465,13642.0,1865.6583333333333,700.25,-2.209355361957123,detected,1894.46485675041,739.3440149862456,9.18853539167958,-25.40544024246924,27.016024440280322,31.377078113693845,-19.589220898180795,36.989979810085984,40.743389191008816,35.500503860140746,233.48321942048182,-5.619970966511567,-2.9276710609900842,36.87393860857841,2.3904919328080885,0.9329262018753889,0.04667505338812112,4.667505338812112,0.04479558846705457,-0.0036942221589780244,-0.36942221589780244
1604,26.760066666666667,1891.763788300836,738.6278551532033,14060.0,1863.53738317757,701.9392523364486,-2.226567344549851,detected,1894.931873682608,738.9888451654991,9.024205743170569,-23.91182324992087,25.558004234105,32.13185858034756,-19.613087238784935,37.6447808715052,40.626038980731636,36.447627281114244,233.392218129767,-6.862458744082648,-3.417175995862088,37.4893642927824,2.3910812286215877,0.9324780380637213,0.04750130078423369,4.750130078423369,0.045990696884686745,-0.004311894001087809,-0.4311894001087809
1605,26.77675,1892.8576530612245,737.0801020408163,14208.5,1865.3252427184464,700.6844660194174,-2.218428949621235,detected,1895.432351150761,738.6613034014765,18.080519766766884,-20.421508685766412,27.275322400281194,32.87453217551139,-19.477165875969174,38.211187580586284,40.51704931480768,37.44813595493202,233.02248906019827,-9.523188239157232,-4.214324659152931,37.97807688635652,2.3917127459315597,0.9320647361532828,0.048216009565408564,4.821600956540856,0.04725316839739056,-0.005317759822274992,-0.5317759822274992
1606,26.793433333333333,1893.360718171926,738.1974972796518,14189.0,1869.7619047619048,697.8835978835979,-2.1003939302517227,detected,1895.9956037856987,738.3372765850418,24.643062388615363,-15.121392467153782,28.91257570737834,33.58627786051706,-19.3108885288608,38.74207630339326,40.39896315869136,38.48526987743569,233.0278409596164,-9.163308835837233,-4.77168376560501,38.44710015513534,2.392423474808453,0.9316558695079392,0.04888590069828803,4.888590069828803,0.04856185473493463,-0.006021052070164051,-0.602105207016405
1607,26.810116666666666,1894.0971615720523,737.806768558952,14139.5,1875.1714285714288,694.0285714285715,-1.978841907954321,detected,1896.5670360147512,738.0370092475043,39.205306830194786,-10.602167366194408,40.613569610544154,34.138466580265835,-19.086965211705714,39.1119820700101,40.39349297113154,39.541094624542836,232.76832788897894,-9.554748756667797,-5.458157536911649,38.72926100181937,2.3931445249397494,0.9312769832776081,0.04935265876341969,4.935265876341969,0.04989412570920232,-0.0068872650308033434,-0.6887265030803343
1608,26.8268,1894.094832826748,737.273556231003,14313.5,1865.8942307692307,701.0721153846154,-2.232595075797178,detected,1897.179003516094,737.7535671779667,50.53425278453824,-7.718301593007254,51.120278598343226,34.82376839631035,-18.96754004454259,39.654286283593486,40.46170204927584,40.59694723061126,232.53750381374698,-9.26447133910774,-6.12576234439898,39.17827786364702,2.3939167236796144,0.9309193276693587,0.05003695430106434,5.0036954301064345,0.051226431836733456,-0.007729668573374108,-0.7729668573374108
1609,26.84348333333333,1894.4411247803164,737.5559461042765,14411.0,1867.891625615764,699.64039408867,-2.181674728756776,detected,1897.825404659901,737.4735345008196,62.04784645845757,-6.821093731689871,62.42165145066914,35.27709194726564,-18.85068264949099,39.997768095328205,40.554130987328165,41.633904156055166,232.1692120869846,-10.491683226118953,-6.74780283306111,39.42446714330819,2.394732371810601,0.9305659741335264,0.05047036983637629,5.0470369836376285,0.05253489483413901,-0.008514577707332632,-0.8514577707332632
1610,26.860166666666668,1900.5717998700452,739.2150747238467,13987.0,1868.614973262032,699.1016042780749,-2.24349780888482,detected,1898.4706506704324,737.1925144602459,66.09164882329833,-11.183373442011316,67.03114116383276,35.79508650480477,-18.77905729645555,40.42203867731089,40.66591984338963,42.63324957486528,231.76079997900084,-10.814882123308184,-7.405519560606429,39.73788483132303,2.3955465623601673,0.9302113747132441,0.051005727037616265,5.100572703761626,0.05379589851718017,-0.009344504177421362,-0.9344504177421362
1611,26.87685,1901.914266577361,738.4922973878098,13942.5,1866.7121212121208,700.2727272727273,-2.315120433802452,detected,1899.137543824716,736.902334365243,68.41541497566595,-16.451754405436304,70.36568218463721,36.260471987597214,-18.7645919492767,40.8280753867505,40.76096749831309,43.57692532831261,231.60155644515677,-10.16486022474184,-7.8163351659740705,40.07289163960269,2.396388067917623,0.9298452168646599,0.05151807619779243,5.151807619779243,0.05498665656569415,-0.009862883490188103,-0.9862883490188104
1612,26.89353333333333,1901.9771428571428,738.0768253968254,14024.0,1868.139175257732,699.6701030927835,-2.293038586562876,detected,1899.780897716003,736.623754596625,66.82978751978908,-18.294037042112677,69.28847156084731,36.76877209450598,-18.923272803470024,41.35254351224686,40.74224011562678,44.44794764256871,231.5586652018281,-8.300374188308503,-8.038062051058699,40.56380669261207,2.3971998709350197,0.9294936966518927,0.052179865630595415,5.217986563059542,0.05608573835024443,-0.01014266504865451,-1.014266504865451
1613,26.910216666666667,1902.0126078301264,737.530192435302,13865.5,1869.338383838384,698.4040404040404,-2.2665759354545685,detected,1900.4791724295362,736.3435898588898,64.20168568318422,-21.793131242212667,67.79968299264155,37.215881965983485,-18.996147960608088,41.78367513571933,40.768410719913746,45.230779627937636,231.04870273671068,-7.737641903489365,-8.62318434264049,40.88418031023943,2.3980809746744938,0.9291401764780944,0.052723880297437645,5.272388029743764,0.05707353896269734,-0.010880989706801882,-1.0880989706801882
1614,26.9269,1902.9718586387437,736.7846858638743,13891.0,1868.5855855855857,699.1621621621622,-2.311282277418656,detected,1901.211546874486,736.058405131143,57.83889677068646,-25.41175547290345,63.17511611279209,37.703950918796394,-19.167813373595735,42.29648903173883,40.78393635550754,45.91165232414149,230.60838806276098,-9.103843679754664,-9.114188582494728,41.30283950159753,2.3990051064662286,0.9287803219320417,0.05337096407790389,5.337096407790389,0.05793268432068328,-0.011500553416397134,-1.1500553416397135
1615,26.943583333333333,1898.0107591153617,734.545726240287,14276.0,1869.764705882353,698.3891402714933,-2.233977343010616,detected,1901.9362130686602,735.7699275262833,46.227555832569124,-28.28580026095665,54.19477294588502,38.15716565525267,-19.409294687134,42.80992888448195,40.62164544052876,46.47883038773923,229.91307199831382,-9.607822502537854,-9.721835536664692,41.6914370691686,2.399919511758562,0.9284163123360042,0.05401883770912549,5.401883770912549,0.05864836641986023,-0.01226730036172201,-1.226730036172201
1616,26.960266666666666,1897.91498470948,733.8648318042814,14351.0,1871.9666666666667,696.8857142857142,-2.182663611402433,detected,1902.6894374767485,735.4421569270742,42.648759870051435,-29.348177335202763,51.77095934355301,38.55495397816406,-19.563144781369143,43.23425852255546,40.410414588789294,46.92282127059533,229.21329644484697,-10.074322554496158,-10.373657583987173,41.971279922410574,2.400869952652049,0.9280027216745416,0.05455426942909206,5.455426942909206,0.059208607281508306,-0.013089788749510629,-1.308978874951063
1617,26.97695,1904.1582914572864,735.072864321608,13806.0,1870.6090909090908,697.6863636363637,-2.302151694072048,detected,1903.4772335046434,735.0856680128418,35.31895541560334,-27.682019948088964,44.87452328499738,39.00297434610715,-19.754242260703645,43.720270986553395,40.24738560282841,47.23652880338412,228.63525433226297,-10.506630890571314,-10.94921200667464,42.32702271091784,2.40186401704056,0.9275528933915985,0.05516753436789072,5.516753436789072,0.05960445274874968,-0.013816040386971156,-1.3816040386971156
1618,26.99363333333333,1905.051451187335,734.3087071240105,13862.0,1873.6443514644352,695.1297071129707,-2.2465309710825103,detected,1904.2494489145463,734.7695772821703,39.24935493202065,-24.603635111511494,46.32332806783354,39.360169921364125,-19.93495664024006,44.12057878685306,40.171044621307274,47.415353418621535,228.31693796116926,-11.632811397431345,-11.286771436636025,42.6524824954427,2.4028384213432763,0.9271540407345998,0.05567265462063478,5.567265462063478,0.059830098950942004,-0.014241982885345143,-1.4241982885345144
1619,27.010316666666668,1905.8743489583333,734.205078125,13910.0,1871.5845070422536,696.9788732394367,-2.3151587408311487,detected,1905.0500473990808,734.4227380459924,42.19413263189381,-20.412820208416406,46.87246587730348,39.851874270332445,-20.18191766480009,44.670814672302036,40.19836066155168,47.45724185060307,228.1398299369856,-12.109049166997385,-11.562752292841541,43.14840023571607,2.4038486402512063,0.9267163887015678,0.056366958577037274,5.636695857703727,0.059882955016533845,-0.01459022371336472,-1.459022371336472
1620,27.027,1905.888308295232,733.5258001306336,13917.0,1871.017543859649,697.374269005848,-2.3381631400220795,detected,1905.9205731421,734.018268575433,46.57446444285324,-17.63293683317761,49.80061444903499,39.967437740747314,-20.151445257768902,44.760214761966566,40.242084982029645,47.36268917502595,227.75202663510214,-12.38304058736906,-11.954787728010862,43.134207723285826,2.404947095447445,0.926206017129884,0.056479766261156555,5.647976626115655,0.059763645646720445,-0.015084905650486893,-1.5084905650486893
1621,27.04368333333333,1906.9573248407644,733.3847133757962,13781.0,1867.817142857143,699.9885714285714,-2.4352180483114823,detected,1906.7642789505348,733.6446323709836,46.44175434360841,-18.177000280673383,49.8722356197882,40.011641846644835,-20.19305940660853,44.818424018064285,40.35105808616665,47.134695733515485,227.30021374715128,-11.45081045887893,-12.293946961139552,43.0993039338188,2.4060117084549337,0.9257345518876765,0.056553216426579546,5.655321642657954,0.05947595676153374,-0.015512866827936345,-1.5512866827936345
1622,27.060366666666667,1907.274118429807,733.5828343313374,13897.0,1869.907514450867,698.150289017341,-2.382755292777597,detected,1907.5391598599135,733.2671984646727,46.894606837760875,-20.241678603877972,51.07670411421297,39.94689349264303,-20.045006849417735,44.69403315103449,40.429301270102485,46.778681084921935,227.47218406371786,-12.963513288111884,-12.229872148090596,42.98821729901261,2.406989476163929,0.925258294592647,0.05639625634199936,5.639625634199936,0.059026726921037144,-0.015432015328820943,-1.5432015328820943
1623,27.07705,1908.5,732.655737704918,13792.0,1874.3701923076924,695.1153846153846,-2.3086436759171725,detected,1908.3390603625307,732.8864196802131,48.67184772235396,-18.08834744222372,51.924339898535194,39.82595778438702,-19.80678189287046,44.479383116175505,40.4310148672137,46.302356831890904,227.2988376519148,-11.97267938342834,-12.45293154807013,42.70058568983097,2.4079988143375783,0.9247778166311837,0.056125404562997486,5.612540456299748,0.05842568685412102,-0.0157134782940948,-1.57134782940948
1624,27.093733333333333,1909.4002574002573,732.6357786357786,13775.0,1868.217877094972,700.4692737430167,-2.4784986859518123,detected,1909.1106833052186,732.5341431040131,49.90106965413361,-17.095853476119828,52.748317117265955,39.712214687676564,-19.567217676224633,44.27116446389085,40.5097018356213,45.715560086289,227.28266955310238,-11.742729148756945,-12.563829412398048,42.45098577754153,2.4089724710475946,0.9243333036012784,0.055862668093237665,5.586266809323766,0.057685249320238496,-0.01585341250775779,-1.5853412507757791
1625,27.110416666666666,1910.2535825545167,732.0336448598131,13908.0,1873.9476439790576,695.9424083769634,-2.3591600957289525,detected,1909.912324261821,732.2488966965618,49.0255337243334,-15.364279057175963,51.37668759177189,39.216666711423876,-19.538631930161664,43.814439237051005,40.65663210109955,45.030049492678884,226.8484928715913,-10.306989870423477,-12.567085816766753,41.973484960523045,2.409984005377692,0.9239733712259456,0.05528635865873944,5.528635865873944,0.05682025172577777,-0.01585752153535237,-1.585752153535237
1626,27.1271,1911.204591492235,731.9176232275489,13844.5,1874.55,695.52,-2.359712072866805,detected,1910.678579038612,731.922910378309,44.95380335518075,-15.316474672492859,47.49146062703669,38.6117308569031,-19.60341908948478,43.30311535864249,40.74624091578221,44.25926613817325,226.77667253214295,-10.372752693949952,-12.158193410765232,41.56125759346466,2.4109508883767976,0.9235620320231029,0.054641155026678226,5.4641155026678225,0.05584765443302619,-0.015341568972574427,-1.5341568972574426
1627,27.14378333333333,1912.106808244847,731.3610243597751,13903.5,1879.0533980582525,692.6844660194174,-2.2779612004797234,detected,1911.46292177384,731.5921160369026,42.17156084418002,-16.582618576479945,45.31471927406585,37.75292977604867,-19.663194490999068,42.56671145703081,40.81299261849003,43.41806234467973,226.48184585197396,-9.44838815204826,-11.737189601990211,40.91654072026436,2.411940595298221,0.9231446259140726,0.05371193874704204,5.371193874704204,0.05478619854218263,-0.014810333882637491,-1.4810333882637492
1628,27.160466666666668,1912.996173469388,731.639668367347,13878.5,1875.3478260869565,695.7487922705313,-2.380088362508764,detected,1912.2191392820318,731.2501466197263,35.22494159758753,-16.25548878646032,38.794811846949194,36.90629200242299,-19.67524786742937,41.82331608101986,40.9361433294903,42.522402248008184,226.13919925263653,-8.08417564062324,-11.38633844487326,40.24352202319892,2.412894812974173,0.9227131187630616,0.05277390041769068,5.277390041769068,0.05365602807319645,-0.014367619488799067,-1.4367619488799066
1629,27.17715,1913.490816972768,731.443951868271,13857.5,1874.3135135135133,696.0864864864865,-2.407398769346172,detected,1912.9419652253544,730.9118175165595,31.60889572103406,-17.960909232612266,36.35541980455379,35.87140091629918,-19.798655272056916,40.97248045065879,41.146638418554666,41.5890391754465,226.07857495001966,-8.239608923328198,-10.622149978190693,39.571632315592446,2.4138068961834125,0.9222862050682139,0.05170029078947482,5.170029078947482,0.05247828287122587,-0.013403343821060813,-1.3403343821060814
1630,27.19383333333333,1913.4186965108624,731.2666227781435,13902.0,1876.9384615384613,694.625641025641,-2.3539961334314694,detected,1913.583491175107,730.5824143482351,28.269458047648186,-18.841897263309875,33.97321519651717,34.86246850982608,-20.032576635901325,40.20815635255955,41.51074951544479,40.63517608935652,225.76762255457473,-6.8813649572825915,-9.965343788084194,38.95366170794687,2.4146163926499775,0.9218705543826312,0.05073584397799313,5.073584397799313,0.05127467014429845,-0.012574566294112549,-1.257456629411255
1631,27.210516666666667,1913.7377049180327,730.8760655737705,13862.0,1878.4497607655503,693.3636363636364,-2.3256480378397546,detected,1914.1207965808721,730.2366227046083,28.250237950989685,-22.8183618775347,36.31464694942891,33.76578422132069,-20.120039713794434,39.3057779743062,42.033498420126556,39.678116722587596,225.6289956963236,-3.8848228622481127,-9.230128618671301,38.20666051682926,2.4152943805436875,0.9214342242329443,0.049597196182089846,4.959719618208984,0.05006702425563104,-0.011646849992014261,-1.164684999201426
1632,27.2272,1914.4980494148244,730.0331599479844,13940.0,1880.3960396039604,691.5891089108911,-2.296413607805024,detected,1914.5893896073324,729.8718661580451,27.116744937757176,-25.16039386326679,36.99139461245132,32.83772815944662,-20.147075528327818,38.52558945711096,42.48165543081829,38.73491644350722,226.02638350185754,-0.7346510616974973,-8.301086809054974,37.620645938186556,2.4158856651196623,0.9209739636063662,0.048612731176165255,4.861273117616525,0.048876866174772514,-0.01047455748776653,-1.047455748776653
1633,27.243883333333333,1914.0975769482643,729.709888670596,14003.0,1878.04932735426,693.390134529148,-2.3524427869589517,detected,1914.982723909361,729.4940327714497,27.125902846943063,-28.854597708635765,39.60306066693586,31.898697247862835,-20.182685814578612,37.747419684010254,42.76142292509736,37.822043275903646,226.03953104287274,0.4260509075071141,-7.61498142269809,36.97133688051823,2.416381986005503,0.9204972022352679,0.047630813481400955,4.763081348140095,0.04772497574246517,-0.009608809366180556,-0.9608809366180556
1634,27.260566666666666,1915.2136422136423,729.3018018018018,13993.0,1881.169154228856,691.0497512437811,-2.2980613923880475,detected,1915.3348741884943,729.1295043065745,29.66269879421543,-31.082162884651552,42.964829213489956,30.87314423176078,-20.100067155626174,36.83970323463242,42.79620886124654,36.95506069439665,226.3764615574094,1.0988662658997872,-6.749699575988114,36.216091589923,2.4168263396700245,0.9200372294089268,0.04648542994906299,4.648542994906299,0.04663099141248789,-0.008516971073802037,-0.8516971073802038
1635,27.27725,1915.5775862068965,728.9575596816976,13945.0,1880.991304347826,691.1826086956522,-2.31215699287667,detected,1915.7231899333215,728.7758260795617,31.56876792768435,-29.81152461066972,43.420203915741325,30.37198591452539,-19.95121799836754,36.33880333762401,42.723025257082725,36.14834449854041,226.66126798638413,1.086309096830042,-6.333902899056868,35.7825418615815,2.417316327991573,0.9195909477344628,0.045853379605834715,4.585337960583471,0.04561305299500368,-0.007992306497232642,-0.7992306497232642
1636,27.29393333333333,1917.007692307692,727.8083333333334,13936.5,1884.472972972973,688.581081081081,-2.263203303853699,detected,1916.0637314428195,728.4965621615125,31.811233193904627,-26.852927821465073,41.62972843896285,29.84817889812758,-20.066609827521322,35.9664095164447,42.539987486443025,35.41484576049704,226.53090363747395,1.9647713871741408,-5.971196917405674,35.46727253226795,2.417746033366334,0.9192385642416563,0.045383482039677854,4.538348203967786,0.04468750253690478,-0.007534633334265835,-0.7534633334265836
1637,27.310616666666668,1916.8083282302512,727.7023882424985,13938.0,1887.1178861788617,686.280487804878,-2.192696320110712,detected,1916.4940828028693,728.2406014750258,32.305127905201516,-25.636638780308886,41.24146623149409,29.848192585750727,-20.026263814884366,35.943926371772626,42.33632746485139,34.76591000020405,226.53617642803505,2.6954441919490835,-5.9972258344936105,35.440077952926316,2.4182890634736522,0.9189155854574458,0.04535511214103802,4.535511214103802,0.04386865615167704,-0.00756747739368279,-0.756747739368279
1638,27.3273,1917.265806451613,727.0309677419355,13880.5,1882.5637860082304,690.320987654321,-2.328083938705308,detected,1916.9080911290073,727.9888695166217,34.39362371388597,-24.881228298282167,42.449933731439636,29.766118523287904,-20.05271049230282,35.89056993181544,42.12206913605276,34.21115894994525,226.61702953807037,3.6709823085655073,-5.87161328560272,35.407021442856056,2.4188114714561606,0.9185979426077245,0.04528778540292169,4.528778540292169,0.04316865482642934,-0.007408975754703748,-0.7408975754703748
1639,27.34398333333333,1918.1580952380957,726.3688888888889,13737.5,1887.901477832512,686.0147783251232,-2.214155230918421,detected,1917.332866299212,727.7138703685332,27.46182827636494,-18.656666857712707,33.199747446633275,29.743956114116187,-20.07994543110996,35.887423059267206,41.9753866008147,33.758435493799844,226.5280773193229,4.901430137727069,-5.891563482988726,35.40051713691111,2.4193474653617817,0.9182509405281177,0.04528381458582613,4.528381458582613,0.04259739494485785,-0.0074341495053485505,-0.7434149505348551
1640,27.360666666666667,1918.3654096228868,726.8335500650195,13659.5,1888.1065573770493,686.3811475409836,-2.2130234211847544,detected,1917.6616477271934,727.3821002219947,23.770756727860316,-15.119818961519286,28.171932856022405,29.726655745284383,-20.256682464859878,35.9723122176044,41.90794420536368,33.413805207677456,226.55664764501861,7.195707594599048,-5.733693307577953,35.51242046573911,2.4197623315169636,0.9178323031192364,0.04539093024303394,4.539093024303394,0.04216253023050783,-0.0072349442366914235,-0.7234944236691423
1641,27.37735,1918.8162746344565,726.7438016528926,13644.0,1886.9867256637167,687.1946902654868,-2.24846376137592,detected,1918.0152379396798,727.0265703598624,22.48310632141147,-9.709222078266976,24.489978832677647,29.69078037714075,-20.408784323722323,36.02861247641686,41.85970648069412,33.18160067738455,226.92845038513235,9.103910094205348,-5.367517325605652,35.626544524204746,2.420208502132088,0.9173836849966719,0.0454619715790749,4.54619715790749,0.04186952766862404,-0.006772892524423536,-0.6772892524423536
1642,27.394033333333333,1919.6052631578948,725.6684210526316,13712.0,1883.2,690.3954545454545,-2.3719901157878525,detected,1918.376465685112,726.6920731354581,22.756531211835863,-6.123114279074116,23.565912697577858,29.80488190785209,-20.421617038105413,36.129951951144996,41.91382939352018,33.06448917961394,227.18411078911856,9.78063293483269,-5.27662982996768,35.74256014374937,2.42066431001276,0.9169616064800734,0.04558984473330599,4.558984473330599,0.041721752908030214,-0.006658207987340922,-0.6658207987340922
1643,27.410716666666666,1920.4516331658288,725.4692211055276,13688.5,1883.294871794872,690.5,-2.3865146301206006,detected,1918.759384610795,726.3517681976513,22.97512461530914,-3.8198074117397027,23.29049762782594,29.93122159963383,-20.54610588711079,36.30455196763562,41.95369941797549,33.063542084113784,227.99427299972078,8.690037412035357,-4.762761667395212,35.99078486043818,2.4211474884678803,0.9165321996184874,0.0458101602115276,4.5810160211527595,0.041720557834843894,-0.006009793902075978,-0.6009793902075978
1644,27.4274,1918.812169312169,726.9517195767196,13748.5,1884.2323232323236,689.9090909090909,-2.321822421310798,detected,1919.144547807187,726.0101485840644,18.14890535291852,-8.284726484321936,19.950425018761372,30.15620228256119,-20.611642867406,36.52720024584744,41.97691483638066,33.178286576763824,228.72224831184872,6.579020414722612,-4.404275859465072,36.26070479119194,2.4216334988103307,0.9161011338600182,0.046091104411163965,4.609110441116396,0.041865345838187795,-0.005557445879451195,-0.5557445879451195
1645,27.44408333333333,1915.558257918552,724.420814479638,14314.0,1887.2028301886792,687.8584905660377,-2.230441677674542,detected,1919.5311753104525,725.6428472900266,15.60601662231602,-13.189136564887804,20.43284312432473,30.23539083478365,-20.666680248390584,36.62363350927017,41.936848512179225,33.40672701630801,229.27415893838423,4.587119303416107,-4.064746239153433,36.39736761680197,2.4221213568586153,0.9156376621956172,0.046212786762486024,4.621278676248602,0.04215359875874828,-0.005129017336471209,-0.5129017336471209
1646,27.460766666666668,1920.928990228013,726.3244299674267,13693.5,1875.7714285714285,696.5028571428571,-2.557948483963286,detected,1919.9137376331016,725.295428171342,9.314973329646818,-15.954946600825679,18.47509267005799,30.51603545099091,-20.777053625047394,36.91767025401561,41.90613103914804,33.745333147004516,229.41333535349537,2.5662740188377606,-4.075088600460873,36.69207039514973,2.422604085341453,0.915199278449643,0.046583811046076486,4.658381104607648,0.04258086201514766,-0.005142067634650944,-0.5142067634650944
1647,27.47745,1920.856110381077,726.5072273324573,13971.5,1885.658415841584,688.8910891089109,-2.3229926264972125,detected,1920.319226322283,724.9498244935477,4.971874363316601,-17.26189204870161,17.963642497712783,30.646332072472248,-20.740882947047492,37.00516038229488,41.83575557790769,34.18900322751622,229.5416357383268,1.1532033720459465,-4.104985542937877,36.7767724061212,2.423115742993417,0.9147631854808174,0.04669420868428377,4.669420868428377,0.04314069807888482,-0.005179792483202369,-0.5179792483202369
1648,27.49413333333333,1921.8449059052564,725.9033095392602,13748.0,1883.046357615894,691.0397350993378,-2.409562994027463,detected,1920.7249051649483,724.5988913653446,1.9163919111879295,-22.538675730324258,22.620001362377817,31.01965270460284,-20.86156553375602,37.382131699962905,41.732268693946075,34.73101930758103,229.78303798845752,0.25020990904945634,-4.098892571374456,37.15673357712843,2.4236276405866857,0.9143203676534317,0.04716988227124657,4.716988227124657,0.043824630041111715,-0.0051721041910087785,-0.5172104191008778
1649,27.510816666666667,1918.276185513288,723.8650338718082,14276.0,1890.049180327869,686.1639344262295,-2.2134681801896003,detected,1921.1441438201505,724.2144764608422,4.824867054667266,-29.525290089765804,29.91691991131501,31.50816375703494,-20.72299626291426,37.71215927857869,41.56197806169883,35.363017247196204,229.55333246194306,-1.5421226720273393,-4.670194215476782,37.42186851885694,2.4241566483535024,0.9138353015278766,0.04758632085625072,4.758632085625072,0.04462210378195105,-0.005892989546342943,-0.5892989546342943
1650,27.5275,1923.369693011104,725.5969954278249,13652.5,1885.04,690.352,-2.398096020870115,detected,1921.588500823494,723.8633482057177,5.361513823653695,-28.818913338289576,29.313403017750677,32.059379818971216,-20.82393205242562,38.228784711276106,41.39149708591874,36.07499456485042,229.66280544464155,-3.303795903320914,-4.878540731192658,37.91622107799236,2.424717351196838,0.9133922374835555,0.048238214146720644,4.823821414672064,0.045520497873628295,-0.006155887357971808,-0.6155887357971808
1651,27.544183333333333,1919.7712384851584,723.5916069600819,14183.5,1888.688524590164,686.9781420765028,-2.274675938654968,detected,1922.0822458494076,723.4870685544092,10.804159983035788,-28.51038496199908,30.488881967373207,32.59147537961463,-20.737805619002405,38.62979225043223,41.22479530044653,36.85537508105814,229.44263436639878,-3.667928987812027,-5.435613774253035,38.24545662178326,2.4253403733115557,0.9129174366617152,0.04874421735070313,4.874421735070313,0.04650520514960018,-0.006858818642590581,-0.6858818642590581
1652,27.560866666666666,1920.226326742976,723.5863683662851,14192.5,1891.2371794871797,685.6025641025641,-2.222690515671983,detected,1922.6054266667625,723.1207988563185,21.309954307685985,-25.262925423100796,33.05040927929361,33.19596317790127,-20.76222040378613,39.15407727688101,41.07459074254688,37.69114193683147,229.39542298439542,-3.489335065531909,-5.842011515113192,38.71579353263026,2.426000538380773,0.9124552666956701,0.04940577574369844,4.940577574369844,0.047559800551206906,-0.0073716233629188554,-0.7371623362918855
1653,27.57755,1920.0341491178144,722.7882754695504,14252.5,1885.1572327044023,689.9308176100628,-2.386000043586696,detected,1923.1611872788692,722.7496395701673,30.13361657228961,-19.46238546368886,35.872263598258954,33.86918493209979,-20.562463769019644,39.6224255216288,41.0280467631919,38.56804176955325,229.18372580381842,-4.322323937157389,-6.576238328675327,39.07287670061526,2.426701813601097,0.9119869269024194,0.04999675144685022,4.999675144685022,0.048666298762843216,-0.008298092528296943,-0.8298092528296943
1654,27.59423333333333,1921.2932535364528,721.8237214363438,14274.5,1893.0462427745665,684.6936416184972,-2.2211471712782576,detected,1923.7566566988135,722.4074303858266,42.97827294007038,-13.725547083190577,45.11676614789747,34.45837672107531,-20.428513763313482,40.05875560760011,41.074987795879075,39.47085439302,228.8662960444328,-5.309915224705595,-7.281076843299578,39.391494270101,2.4274531945726356,0.9115551172060904,0.05054732568782349,5.054732568782349,0.04980549450223344,-0.009187478666624074,-0.9187478666624074
1655,27.610916666666668,1922.558394160584,722.1392075078206,14262.5,1896.5467289719627,682.3177570093458,-2.1494229897664723,detected,1924.3546334827026,722.0832520466432,51.092378170642405,-19.047107093771046,54.52727203678467,34.95690306406528,-20.305937274712203,40.42667634662789,41.151048593478194,40.38371556031934,228.49988483852627,-5.263323916862051,-7.9549765727344806,39.636277677933485,2.4282077394103507,0.9111460593648496,0.05101157898628126,5.101157898628126,0.050957369792201064,-0.010037825328371585,-1.0037825328371586
1656,27.6276,1927.8995521433144,722.8445297504799,13751.5,1895.431924882629,683.4272300469484,-2.2598162722530635,detected,1924.9655611840074,721.7525714131983,58.32907345083095,-22.65242701476791,62.57326313443961,35.41487072412037,-20.135021712734904,40.738583281435595,41.24418269642128,41.29047598656778,228.56335913190853,-6.983285386790507,-8.342273647027579,39.875288565433266,2.428978626099694,0.910728796735897,0.05140515240559697,5.140515240559697,0.0521015469862054,-0.010526528261233539,-1.0526528261233539
1657,27.64428333333333,1928.5817245817243,722.5148005148005,13889.0,1896.904109589041,682.7716894977169,-2.2437415660021816,detected,1925.6160319394887,721.4256848670019,59.205041403935866,-26.411124715992855,64.82888581801703,35.82729616780543,-20.1131910303448,41.08692741151117,41.33613134289975,42.175077911649296,228.5774259069867,-8.194003091256103,-8.621717005085527,40.172149556664344,2.4297994093873676,0.9103163215987407,0.05184470335837372,5.184470335837372,0.053217763926371356,-0.010879138176764072,-1.0879138176764072
1658,27.660966666666667,1929.094094743673,722.2887735236859,13920.5,1892.2946859903384,685.4202898550725,-2.355256837535749,detected,1926.2319740579392,721.108394997353,57.95272901125281,-27.45261179365457,64.12616232197905,36.196081622245714,-20.131422228066555,41.417755681941124,41.37206824327701,43.02193081751711,228.39975108095612,-9.649735219345322,-8.977463943088337,40.43310063400425,2.430576623416958,0.9099159558326222,0.0522621522800519,5.22621522800519,0.05428634803472191,-0.011328030212098848,-1.1328030212098847
1659,27.67765,1929.6314102564104,722.0198717948717,13909.5,1892.1088082901556,686.2124352331606,-2.379579896308843,detected,1926.8864250307358,720.7977297614882,56.78631171809229,-28.29489653047517,63.44514455980569,36.61693888587566,-20.20894089816453,41.82345640424115,41.311212666478795,43.81626994548279,228.01724764259848,-9.25905867953671,-9.471082119668,40.73696244297021,2.431402429060866,0.9095239492258527,0.05277407748169231,5.277407748169231,0.05528866870092466,-0.011950892264565301,-1.19508922645653
1660,27.694333333333333,1924.1565918249853,719.3949337938975,14404.5,1896.9343434343436,682.3636363636364,-2.204702533720715,detected,1927.5678940932755,720.4791302107606,53.650493587675555,-29.852896787731197,61.39683142329209,36.916963082154716,-20.25833961626745,42.11012333414859,41.23048221236745,44.544484319116314,227.6605399443042,-9.184970341647162,-9.890072908045873,40.932248229125435,2.432262326931578,0.9091219308653131,0.053135802314383085,5.3135802314383085,0.056207551191313966,-0.012479587265673027,-1.2479587265673027
1661,27.711016666666666,1925.33672922252,719.1308310991957,14426.0,1896.7297297297296,683.0135135135135,-2.240675605740553,detected,1928.2779932935352,720.1293615367977,51.57656051648064,-29.281929005697748,59.30913050285692,37.41840707944221,-20.41905499415716,42.62716264563319,41.20201422701914,45.19440441402794,227.44966078141377,-8.929500125815647,-10.26135715634277,41.37365761601503,2.4331583511590353,0.9086805823808173,0.05378821784937943,5.3788217849379425,0.05702763963915198,-0.012948084739864696,-1.2948084739864696
1662,27.7277,1925.6883343006384,718.0725478816018,14463.5,1897.5866666666664,682.3199999999999,-2.236945048464648,detected,1928.9852849615968,719.7910668551813,50.056566657161056,-27.888126272099043,57.301024881509306,37.793196464625396,-20.601061803009546,43.04334381092148,41.169376635908336,45.75554292402881,227.30404047183262,-7.582068141375072,-10.48685673797832,41.74632058256525,2.434050832759113,0.9082537121201026,0.054313367584758965,5.431336758475896,0.057735700850509546,-0.013232626798710815,-1.3232626798710816
1663,27.74438333333333,1926.9440633245383,718.089709762533,14461.0,1901.1764705882356,679.4411764705883,-2.1588330335084214,detected,1929.712437612069,719.4144381161458,50.14539490147763,-24.900979366351976,55.98767188612709,38.10673006815891,-20.728445628190194,43.37961888546698,41.05457919303471,46.21928496113918,226.91310237359136,-7.170047450537759,-10.892598283381286,41.98979206051445,2.4349683755357336,0.9077784708090169,0.05473768944538421,5.4737689445384206,0.058320864304276576,-0.013744603512153043,-1.3744603512153044
1664,27.761066666666668,1931.7745664739884,718.4322414900449,13856.5,1906.3105263157893,675.5368421052632,-2.106519600345358,detected,1930.4649089121312,719.0233507771248,47.01625654779036,-19.474944088043003,50.89009556878471,38.46238731432402,-20.9199614277508,43.78355883269032,41.046725113768204,46.57902638235355,227.114976862826,-7.663056375852083,-10.846292802034357,42.41883964122771,2.4359178661351817,0.9072849852077286,0.055247392848820596,5.52473928488206,0.058774796696976085,-0.013686173882693196,-1.3686173882693196
1665,27.77775,1931.888888888889,718.4558080808081,14005.0,1902.3762886597935,677.9587628865979,-2.2005642557573237,detected,1931.21533904525,718.6586650743186,47.1912210957762,-14.63116589375818,49.40731083474495,38.78941438675653,-21.033635572752306,44.12519114830967,41.106314304793116,46.83026076062551,227.2583026897223,-7.819332666435643,-10.878614683365832,42.763164481194835,2.4368647811296533,0.9068248139739037,0.05567847463509107,5.567847463509107,0.059091811685331876,-0.013726958590997896,-1.3726958590997895
1666,27.79443333333333,1932.879594423321,718.1850443599493,13919.0,1902.5340314136129,678.4712041884817,-2.2232639932505327,detected,1931.973422551489,718.3092083400219,45.23274738956388,-14.58667678269353,47.526546013474075,39.1073997682808,-21.170128757641432,44.4697995076574,41.18881688551435,46.9706168631657,227.13348201202282,-7.157486017432473,-11.088031442072246,43.065283314879785,2.4378213533772732,0.9063838591041287,0.056113311681586626,5.611331168158663,0.05926891717749616,-0.013991206866968135,-1.3991206866968136
1667,27.811116666666667,1933.229311433986,717.5167403663929,13928.0,1892.111111111111,686.0277777777778,-2.4880461095189355,detected,1932.7466441110098,717.9126949756926,45.51817661117275,-16.08603102008101,48.27695926614395,39.48584110617875,-21.327025507972984,44.8773179332291,41.20492015898234,46.99984943019511,227.12928807190582,-9.304982858878287,-11.233666700616695,43.44857186766421,2.438797027269413,0.9058835267832084,0.05662753051511559,5.662753051511559,0.05930580369740709,-0.014174973754721383,-1.4174973754721383
1668,27.8278,1934.2181818181816,717.3266233766234,13962.0,1889.5594405594409,687.1888111888112,-2.547948186512709,detected,1933.5508644275503,717.4899059353227,45.60234677846984,-15.012931796395833,48.01002137915636,39.87307683999976,-21.336661474171827,45.22295191108088,41.16658879205933,46.91978663586888,226.6243450923491,-9.468945629675847,-11.875075384285445,43.63597098919046,2.4398118163123663,0.9053500390351076,0.05706366171745222,5.706366171745222,0.05920477808942446,-0.014984322251464285,-1.4984322251464284
1669,27.844483333333333,1934.3914452365525,717.402462734932,13886.0,1890.9883040935672,686.280701754386,-2.519522174680356,detected,1934.343284428949,717.1338939437084,44.452113884849496,-17.67549205871046,47.83736456316512,39.67421575179146,-21.106145853808698,44.93898962284248,41.10973409355103,46.73423795970266,226.19472371163164,-8.860588455135387,-12.230643169888445,43.242619670561176,2.440811715367759,0.9049008125472662,0.056705349681820165,5.670534968182016,0.05897064726776361,-0.015432988226988575,-1.5432988226988575
1670,27.861166666666666,1935.837908496732,716.5006535947713,13854.5,1896.4649681528665,682.5095541401274,-2.429421346434827,detected,1935.1153101900986,716.7467097616909,45.39747853946574,-16.68662086630752,48.367079441259854,39.611305840065334,-20.890366201106627,44.78239554078737,40.99195695557366,46.44886641510434,225.88950423793372,-7.045588369932594,-12.571967086320754,42.98149129511446,2.441785880366055,0.9044122520652252,0.05650775462559921,5.650775462559921,0.058610556990667945,-0.01586368086601988,-1.5863680866019878
1671,27.87785,1935.6870479947404,716.5890861275477,13931.0,1897.29,682.225,-2.411565252233114,detected,1935.9043886301688,716.3807738431394,44.668305568020514,-16.528704093779652,47.62830651343569,39.688824670974554,-20.49094403146587,44.66633621715604,41.014044855472704,46.0710292648559,225.14371724881434,-8.727517342124061,-13.46817032336058,42.587439218682476,2.4427815629402763,0.9039505032721002,0.056361307529534437,5.636130752953443,0.05813379087048064,-0.016994536685628493,-1.6994536685628492
1672,27.89453333333333,1937.249527410208,715.7781978575929,13940.0,1897.7731958762888,681.6907216494845,-2.429318044173588,detected,1936.7261898174463,716.0796303625971,44.749343045973546,-13.883267887712236,46.85348258441631,39.39332340803376,-20.176099861703893,44.2595632011816,41.195268678764286,45.60959155418238,224.59311712566108,-7.430378509432544,-13.887410628928002,42.02438293161394,2.443818536047251,0.9035705114985453,0.05584802927593893,5.584802927593893,0.057551535084141806,-0.017523546534924925,-1.7523546534924925
1673,27.911216666666668,1938.294375,716.861875,13909.0,1900.79797979798,679.8838383838383,-2.3631545998954087,detected,1937.5558290961937,715.7734623438597,41.9679665581516,-14.505576878144439,44.40407613715085,39.13604518459273,-19.844338096880126,43.87969675366697,41.45085630929941,45.07471702589004,223.79847060893684,-6.246598933789038,-14.512823109813626,41.410213143342204,2.4448653994904657,0.9031841796137031,0.0553687025282864,5.53687025282864,0.05687661454370983,-0.018312710548660727,-1.8312710548660727
1674,27.9279,1939.0365853658536,715.2002567394095,13838.5,1897.129943502825,682.5028248587571,-2.4790142883981123,detected,1938.3199340174936,715.4153297686951,40.00797308803794,-15.822481627928028,43.023119778548,38.52669203184026,-19.724051035424758,43.282146298032686,41.76971625501818,44.47764123533499,223.46777243111617,-3.638265925407839,-14.392096394709535,40.819257091839546,2.4458295697381622,0.9027322773106563,0.054614695644205284,5.461469564420528,0.05612320660610094,-0.018160373999633484,-1.8160373999633483
1675,27.94458333333333,1939.1149870801037,715.8940568475452,13794.0,1904.018691588785,677.9532710280374,-2.3172683251424817,detected,1939.047245995844,715.0641690963859,36.316746345543834,-15.079722012044613,39.32307313889791,37.92238335478306,-19.510438973124913,42.64697396335593,42.128148910137824,43.83043191708547,222.87894793221338,-2.6283490061572192,-14.513345035053947,40.101461371434254,2.446747313559425,0.9022891723613702,0.05381321635754692,5.381321635754692,0.05530653869663782,-0.01831336912940561,-1.831336912940561
1676,27.961266666666667,1939.8312731767612,715.053152039555,13860.0,1904.0677290836652,677.8247011952192,-2.336127767520777,detected,1939.6265343580822,714.7072599811337,33.5337682744248,-17.7776637662555,37.95469593698325,37.417143838898305,-19.206198300348923,42.05853904040333,42.61452361559941,43.145741814960054,223.3337882972785,-4.689649716596546,-14.035836368083121,39.647395925350835,2.4474782767925327,0.9018388138563201,0.053070711722906415,5.307071172290642,0.054442576422662536,-0.01771083453385883,-1.771083453385883
1677,27.97795,1940.5282776349611,715.6105398457584,13964.5,1903.491452991453,678.2948717948718,-2.352444217807334,detected,1940.1962207203637,714.4130381279286,30.440821051452986,-20.165318366060546,36.51415685855504,36.782162677217094,-19.069411184739533,41.43150895328254,43.14118662675747,42.436559214260775,223.32761820322438,-3.6312987658529923,-13.672052920124019,39.110675052922055,2.4481971239373674,0.9014675559973864,0.052279506565656206,5.22795065656562,0.053547708787710764,-0.0172518017919546,-1.72518017919546
1678,27.994633333333333,1940.5877525252524,714.6982323232323,13945.5,1904.331914893617,677.3404255319149,-2.341225976325023,detected,1940.6978716751998,714.0897710729117,29.533088627139477,-24.94086420170993,38.65553040622533,36.086918846889645,-18.901716447425777,40.73745937734563,43.588489686315555,41.715961261177,223.01479456899276,-3.786134076973908,-13.491437140976256,38.43854472260847,2.448830121987634,0.901059648041529,0.05140373423008913,5.140373423008913,0.052638436922620824,-0.017023895446026824,-1.7023895446026824
1679,28.011316666666666,1941.174271229404,714.10773130545,14021.5,1907.755980861244,674.4593301435407,-2.27113414442413,detected,1941.1603588443677,713.7544772846288,28.59647716717336,-24.5671761155445,37.70019427887405,35.63885369475319,-18.849998298396127,40.31687399248061,43.81414541296542,40.99687479730015,223.06860387586815,-2.8144871781180423,-13.163320627810641,38.10744439837202,2.4494137020118205,0.900636564397008,0.050873027119849354,5.087302711984935,0.05173107229943237,-0.01660986830007652,-1.6609868300076518
1680,28.028,1941.722152690864,714.1289111389236,13979.5,1898.390374331551,682.2459893048128,-2.5072506517753306,detected,1941.6783237244392,713.4548382080225,30.13619470192043,-27.619530684345136,40.878217993639836,34.9883134065758,-18.770964832311115,39.705556233008906,43.74887111864522,40.29184889438942,223.29064307791805,-1.1107139426905728,-12.59621865096708,37.654567737124026,2.4500672854567056,0.9002584709249496,0.050101648243544364,5.010164824354437,0.05084144970900873,-0.015894282209422184,-1.5894282209422184
1681,28.04468333333333,1941.7858958068612,713.2935196950444,14069.0,1900.058823529412,681.1176470588235,-2.4847218265913,detected,1942.1456345586766,713.1655881263742,30.309676791386664,-28.34280156597356,41.496878289896415,34.782854979123755,-18.57218131145101,39.43060891191213,43.442125330286906,39.61284259962394,223.47285403698766,-0.8556451909594123,-12.464070756092545,37.408820608932366,2.4506569521245134,0.8998934865947941,0.04975471156077241,4.975471156077241,0.04998465943170213,-0.015727534077088386,-1.5727534077088385
1682,28.061366666666668,1943.0427568602424,712.6598596043395,14114.5,1901.607594936709,679.2721518987341,-2.463336031180422,detected,1942.648236102569,712.8879610141839,30.40672252355307,-28.042987341882736,41.363968785421754,34.517912544854944,-18.332207065761317,39.08396221413847,43.06118714883331,38.97103066555705,223.83852293484827,-1.1631596452257815,-12.200182100278138,37.131006707013164,2.4512911496562384,0.8995431684721564,0.04931730247840816,4.931730247840816,0.04917480210164928,-0.015394551546092289,-1.5394551546092288
1683,28.07805,1943.4409700063816,711.9706445437141,14060.0,1909.335106382979,674.186170212766,-2.305069328946039,detected,1943.1461179291289,712.6447514607379,31.267264187895307,-24.919690175463302,39.98290595037737,34.12710927181009,-18.152471685275575,38.654518694905484,42.65273424730182,38.37662931105668,223.9376965178257,-2.159266234443197,-11.979192228303914,36.75147301935177,2.4519193917086803,0.8992362794457261,0.04877541791155266,4.8775417911552665,0.048424768846759225,-0.015115699972623237,-1.5115699972623238
1684,28.09473333333333,1943.4148418491484,711.7986618004866,14016.5,1908.6631016042784,675.0534759358288,-2.3283201547026224,detected,1943.6423322455914,712.4250461734566,31.490837093739174,-23.785856451760537,39.464411664285294,33.86930840867513,-18.008223668095653,38.35917324137881,42.22407357005765,37.83874339280859,223.9914785448239,-3.561897508494234,-11.85940392892753,36.47986719017286,2.452545529647434,0.8989590487993144,0.04840274226041491,4.840274226041491,0.04774604844518434,-0.014964547544388052,-1.4964547544388052
1685,28.111416666666667,1944.4571780653112,711.5224892174984,13886.5,1908.456043956044,675.6813186813187,-2.358421079519154,detected,1944.14876252393,712.1421324024105,32.1632278759289,-24.173656629844345,40.23479715689576,33.613520941697764,-18.1860322766607,38.21780422873218,41.8633796235417,37.365235792757325,224.06458272818637,-2.0040186270565514,-11.505391271369001,36.44484232039432,2.4531845583898173,0.8986020598137673,0.048224358648242496,4.82243586482425,0.047148562514520286,-0.014517843875544483,-1.4517843875544483
1686,28.1281,1944.945760598504,710.8092269326684,13949.0,1910.956937799043,673.2248803827752,-2.3060010479154758,detected,1944.6273714763101,711.8608522161485,33.48056318876206,-21.226347622790854,39.642224267064634,33.476048692611535,-18.395199727571754,38.19724085699587,41.50625250318081,36.96261936846439,224.59181743096022,-3.1589615687281563,-10.924800225754668,36.6016112912356,2.4537884813581203,0.8982471321339414,0.04819841117602003,4.819841117602003,0.0466405291715639,-0.013785236877923872,-1.3785236877923872
1687,28.144783333333333,1945.2243172951885,711.1768530559168,13757.0,1912.4450549450548,673.0494505494505,-2.28091196360628,detected,1945.1137534471973,711.5636919263226,32.61525701794835,-17.097229374349126,36.824859030632226,33.23304209371687,-18.684250215534835,38.12527105371804,41.192677870476224,36.635971509644136,224.9504581025481,-3.462160957596688,-10.319288477511972,36.702160402861296,2.4544022125516687,0.897872166468546,0.04810759754412371,4.810759754412372,0.04622835521721658,-0.013021184198753278,-1.3021184198753277
1688,28.161466666666666,1945.7467492260064,710.769040247678,13723.5,1903.6013071895425,679.6274509803922,-2.505228531984365,detected,1945.5981291624491,711.2556486904585,29.266225930072324,-14.842692540513553,32.814897562574444,32.92484926604281,-18.881784259179828,37.95480833836275,40.90468071337244,36.388871247214105,225.2586322250319,-1.9641025483742853,-9.764485922810753,36.677272126823745,2.4550134121923652,0.8974834683791275,0.047892502635158055,4.789250263515806,0.04591655677881906,-0.012321117883672876,-1.2321117883672876
1689,28.17815,1946.485284909205,710.1653099561678,13718.0,1905.630057803468,678.2543352601156,-2.478498673676493,detected,1946.1101496628553,710.9486283372222,28.481012845832993,-12.471252323366343,31.091803216242933,32.916161404196686,-19.02309328724711,38.01778215259845,40.70794677607195,36.22335899546923,225.80665397841412,-0.3171947420778047,-9.30586090602906,36.861263035876476,2.45565949484272,0.8970960609933404,0.04797196486132297,4.797196486132297,0.045707708511633104,-0.01174241123789156,-1.174241123789156
1690,28.19483333333333,1947.125700062228,709.408836341008,13647.0,1911.59693877551,673.8214285714286,-2.3553698328697443,detected,1946.6174318092967,710.6666476079844,27.024276518333863,-9.154127111989965,28.53260528801814,32.777685709822734,-19.21373674937213,37.99400426864863,40.5488581934611,36.13991932956036,226.36714201254694,-0.03313403554362879,-8.711294945733584,36.98185637220672,2.4562995984975355,0.8967402493476144,0.04794196122226957,4.794196122226957,0.04560242186695313,-0.010992170278528182,-1.0992170278528182
1691,28.211516666666668,1947.8952442159384,709.6677377892031,13803.5,1903.208092485549,680.6184971098266,-2.5651766576494235,detected,1947.1320315122591,710.3843399468203,22.32303101036996,-9.73894250370381,24.354973097509006,32.707952734137066,-19.42072928928936,38.039123257330814,40.413463191384885,36.137487602123294,226.8193551170787,0.5823466489079314,-8.22048611205337,37.140254526159936,2.4569489356621568,0.8963840251694895,0.04799889370010198,4.799889370010198,0.045599353441165044,-0.010372853138237692,-1.0372853138237692
1692,28.2282,1948.2522686025409,710.2117362371446,13852.5,1913.4177777777777,672.9288888888889,-2.3222579002450825,detected,1947.6455220506,710.0728338783053,18.31848025213094,-11.086847493125333,21.412260648598753,32.55617887563807,-19.62480972070076,38.01365464614332,40.33892628993959,36.2134815520793,226.66910437126003,-0.4163870095138365,-8.06525570321506,37.1482111278324,2.4575968732499684,0.8959909575751488,0.047966756651284956,4.796675665128496,0.045695244860667894,-0.010176978805318688,-1.0176978805318688
1693,28.24488333333333,1942.3607954545453,708.5261363636364,14419.5,1911.7733990147783,673.9556650246305,-2.2951408558029964,detected,1948.1445716939027,709.760149202933,13.840232539572753,-10.152318019159338,17.16454479185498,32.58862425023879,-19.819641516017917,38.142320594671645,40.27516921378714,36.36385922101349,226.2585269739153,-1.4296972258074643,-8.212921127942687,37.247611291100334,2.4582265888882056,0.8955964027797263,0.04812911116046895,4.812911116046895,0.045884995862477594,-0.010363307416962382,-1.0363307416962382
1694,28.261566666666667,1948.405439595193,709.9392789373815,14016.0,1916.6288209606987,670.235807860262,-2.245749811395853,detected,1948.6382471319612,709.4599278659352,11.455718772269393,-9.150618139557082,14.661763363433352,32.52376699612449,-19.985558286449375,38.173524328246955,40.19369320917104,36.58320433575273,225.94309737423066,-2.713932130583355,-8.253518392026855,37.270596906834434,2.4588495231949037,0.8952175745942401,0.048168484956778494,4.816848495677849,0.046161772032495565,-0.010414534248614328,-1.0414534248614329
1695,28.27825,1949.183215887252,710.0864830237027,13832.5,1914.2447916666667,672.5989583333334,-2.3210130570295173,detected,1949.1429620823683,709.1095852803473,17.746753119057757,-8.218554575081043,19.557399765111203,32.67563823422954,-20.104512018721547,38.36520216974182,40.05481102199708,36.86483972546141,225.78441488525212,-3.448408999570239,-8.377361021782926,37.439398497249854,2.4594863874856383,0.8947755019310377,0.04841034974099915,4.841034974099915,0.0465171479185633,-0.010570802551145649,-1.0570802551145648
1696,28.294933333333333,1945.1799363057328,708.6433121019109,14218.5,1917.1627906976744,670.2883720930232,-2.2016808376451444,detected,1949.633406993972,708.7677393550466,23.012939791215103,-13.819695776476692,26.84360983900003,32.6970944082459,-20.157778530046254,38.41140479087089,39.87717510662577,37.20096826576388,225.60951252085528,-3.9257141727371536,-8.468556047379717,37.466245828485775,2.4601052454182613,0.8943441506057371,0.04846864957838599,4.846864957838599,0.0469412848779355,-0.010685875138649487,-1.0685875138649488
1697,28.311616666666666,1945.98424796748,708.6067073170732,14276.0,1920.898785425101,667.6113360323886,-2.1199269174188795,detected,1950.1403473571575,708.4177520805683,31.103780857580205,-16.35974209888309,35.14379525859921,32.96214607022946,-20.339087157345073,38.73217706183352,39.653025309556014,37.582839350081656,225.48755355161424,-5.133777889610992,-8.604814289656908,37.76425175996128,2.4607449178008296,0.8939025262846289,0.048873409541745766,4.887340954174577,0.047423141135749726,-0.010857809829220074,-1.0857809829220073
1698,28.3283,1947.384918679152,706.3390832922622,14318.5,1921.9816513761468,666.8761467889908,-2.1427474376604696,detected,1950.6835083648982,708.0818340908753,42.21590698430555,-17.082303506261724,45.541057251534895,33.249981221010266,-20.164832410600926,38.88678075317057,39.403420947101324,38.00093719918947,225.4014360528258,-5.523463479906583,-8.987741677186948,37.83387657760322,2.4614302944667488,0.8934786550042592,0.04906849306393763,4.906849306393763,0.047950709399608174,-0.011340998961750092,-1.1340998961750093
1699,28.34498333333333,1947.3212247016088,707.7815256875973,14187.0,1921.46408839779,667.1491712707182,-2.1375287585950824,detected,1951.2417816535424,707.7027721444819,42.42920868643887,-19.929329396208004,46.876603118612806,33.58257640206677,-20.162854017953872,39.17052616381315,39.193524964918296,38.44518575380046,224.94730817299262,-6.223292136182642,-9.524122681171011,37.99501555604333,2.462134740256836,0.8930003433999771,0.049426531436988205,4.942653143698821,0.0485112753991173,-0.012017820417881403,-1.2017820417881404
1700,28.361666666666668,1952.1684817424727,708.8731582319026,13771.5,1903.790322580645,681.0967741935484,-2.620396411725834,detected,1951.8242699687958,707.3646845714146,50.48430214290238,-20.05324481697312,54.321242534991015,33.700924918828,-20.044698541368437,39.21150698454243,39.09433064006392,38.90516375222225,224.98822353167728,-6.670869190531937,-9.664221322991382,38.00190924439269,2.4628697412855467,0.8925737344749712,0.04947824225178856,4.947824225178856,0.049091689277252056,-0.012194601038474931,-1.219460103847493
1701,28.37835,1952.160469667319,707.1245923026745,13730.0,1917.9217877094973,670.1675977653631,-2.3180321611274897,detected,1952.4143534540308,707.0083587606343,55.92696413544218,-18.33872914309768,58.85689682603846,33.861492973195496,-19.97226255104729,39.31274574208388,39.07111049987589,39.370323050809894,224.94219350267798,-7.046669630280316,-9.85956953660509,38.056285503640304,2.46361432612496,0.8921241120008004,0.049605988318086915,4.960598831808691,0.049678641073577154,-0.01244109720707267,-1.2441097207072669
1702,28.39503333333333,1953.2807129217056,707.4805856142584,14010.5,1919.598901098901,669.489010989011,-2.2961362174722684,detected,1953.0307844230815,706.707535016486,53.53791263894527,-21.757507452068467,57.79011351660551,33.96793095840685,-19.88706397327251,39.36134711963157,39.121160373558865,39.83020332631042,224.96379132736746,-8.123471506445908,-9.980740376944766,38.074932286218875,2.464392157000734,0.8917445236801085,0.04966731497745309,4.966731497745309,0.05025893164203208,-0.01259399416649182,-1.259399416649182
1703,28.411716666666667,1955.0382897255904,707.0574345883855,13938.5,1919.4489795918369,669.5663265306123,-2.3301770037491347,detected,1953.630884001314,706.3837134503297,50.16683849462515,-25.2743939977629,56.17389675374103,34.027443552770286,-19.846728899996126,39.39237950120441,39.19868272137027,40.27463693586781,224.7823588550206,-8.070976192315028,-10.171911951961443,38.0564287605715,2.4651493804432985,0.8913359160256527,0.049706472556724814,4.970647255672481,0.05081973114936002,-0.012835220128657973,-1.2835220128657974
1704,28.4284,1950.1827956989248,705.4741935483871,14376.5,1917.6844919786097,670.7005347593583,-2.3223841492721764,detected,1954.2270239435293,706.0683171857853,43.24540742158479,-27.649298217349042,51.328831615094856,34.13494332030044,-19.926799683485996,39.52558286864219,39.36309163301772,40.69393878225091,224.720820280216,-7.272323880607948,-10.232821865966201,38.17801799157868,2.4659016074997218,0.8909379396666062,0.049874552515636834,4.987455251563683,0.05134881865268254,-0.012912078064310665,-1.2912078064310666
1705,28.445083333333333,1956.413944723618,706.2996231155779,13979.5,1918.292307692308,670.4461538461538,-2.386846117468276,detected,1954.827164317658,705.7712311648334,37.60734206715097,-29.08604477346762,47.542719504881774,34.244250482888056,-20.000839730287545,39.65731056251076,39.45896468495104,41.079077372900066,224.03275956071664,-7.412736077017898,-10.717672533853683,38.18158949688326,2.466658882419758,0.8905630677158781,0.050040770425881086,5.004077042588109,0.05183479794687706,-0.013523877014326415,-1.3523877014326415
1706,28.461766666666666,1956.123464770524,706.0698125404008,13929.0,1914.4782608695648,673.3586956521739,-2.4757736052145254,detected,1955.4063306020685,705.4507831987488,36.57339149373365,-28.16738804334227,46.162914926790855,34.32722146866354,-20.126406422571403,39.792340585157824,39.47867327815427,41.421824663872705,223.69936555986635,-9.124575122573242,-10.912896866969238,38.2666833056654,2.467389691611443,0.8901587169700301,0.05021115531250199,5.021115531250199,0.05226728664211067,-0.013770216866838155,-1.3770216866838154
1707,28.47845,1956.1825806451611,705.1141935483871,13923.5,1916.267676767677,672.1414141414141,-2.4511521836885946,detected,1956.0174326106533,705.1228594631561,32.60378309587577,-29.712947313944824,44.11197014693603,34.488454705030826,-20.336478596870116,40.03780550507132,39.51174111073421,41.71488354030111,223.08143836082735,-9.293141196679885,-11.299230198735184,38.410327603105785,2.468160798246881,0.8897449330765378,0.05052089022721933,5.052089022721933,0.052637077022461974,-0.014257703720801495,-1.4257703720801496
1708,28.49513333333333,1957.0511836212413,704.3723608445298,13954.0,1915.9289617486336,672.2295081967213,-2.478146328879347,detected,1956.639151347442,704.7701885191793,31.435181763030414,-28.514003970273507,42.44077137484112,34.57870771667786,-20.57659728802253,40.23783522145411,39.55610414894503,41.95199276645866,222.65045425989518,-7.525321340775296,-11.491528815336748,38.56200395201446,2.4689453013847853,0.8892999224216774,0.05077329365483169,5.07732936548317,0.0529362684750267,-0.01450035181745962,-1.450035181745962
1709,28.511816666666668,1957.3240620957308,703.9812419146184,13882.5,1923.2608695652173,666.7971014492754,-2.312418057976008,detected,1957.2392004554843,704.4409840760358,32.86577211607164,-28.83620494067418,43.722828044010534,34.61376549064049,-20.940934834518796,40.45535209566983,39.56084242417556,42.128009897016426,222.27179066078943,-6.10442670021996,-11.526999860254518,38.778393306148075,2.469702461142567,0.8888845224934205,0.05104776289674427,5.104776289674427,0.05315837210979991,-0.014545110233759645,-1.4545110233759646
1710,28.5285,1958.645493042952,703.4004839685421,14020.0,1911.4914285714283,675.16,-2.6019836999098938,detected,1957.8630294442496,704.0652485045563,28.99749866258844,-30.11997582249137,41.80990160517342,34.690131228856806,-21.111630884193332,40.60918816309595,39.49396442147306,42.23897300462893,221.7984955434261,-4.460064859317131,-11.790093151905277,38.86000343200098,2.4704896270589902,0.888410408207642,0.05124187780832297,5.124187780832297,0.05329838864937405,-0.01487708915066912,-1.4877089150669118
1711,28.54518333333333,1953.7471443406023,702.4013499480789,14380.0,1913.6785714285716,673.6785714285714,-2.519653484285892,detected,1958.510616468534,703.6760205995092,30.711872260491873,-28.55517320940089,41.93586787898465,34.63746131304577,-21.374712299392847,40.701745074315404,39.370149930763056,42.28214220859537,221.62272376391942,-3.0883097165710693,-11.695134809491327,38.98532895695998,2.4713067715691284,0.8879192688952798,0.05135866886348947,5.135866886348947,0.053352860831035166,-0.01475726789841177,-1.475726789841177
1712,28.561866666666667,1958.8730255164037,702.9040097205346,13861.5,1921.0505617977528,668.1629213483146,-2.3986334986460416,detected,1959.117710930075,703.3266708078527,32.78022073742159,-26.058409219720943,41.87581118804174,34.70391203721827,-21.675509540763166,40.91685746167095,39.226860253914396,42.25602195089869,221.7110429521055,-2.3414007574810007,-11.484489978618443,39.272072958652316,2.472072821362871,0.8874784489688994,0.051630104052581643,5.163010405258165,0.05331990151532958,-0.01449147000456586,-1.4491470004565858
1713,28.57855,1959.8993077407172,702.6400251730648,13925.0,1919.6279069767445,668.9825581395348,-2.445420429092417,detected,1959.730218277566,702.952607333306,32.56989827347843,-25.3135372747538,41.250132641060475,34.7440468619097,-21.925754553508042,41.08390810382158,39.154302909661,42.160364817176394,221.26026687779645,-2.7973838411312695,-11.658243945198851,39.39508666315497,2.4728457012966136,0.8870064445846133,0.05184089350639947,5.184089350639947,0.053199198507478104,-0.014710717911922843,-1.4710717911922844
1714,28.595233333333333,1960.0679245283015,701.6213836477988,13935.5,1916.907284768212,670.9403973509934,-2.523618087541465,detected,1960.3505705571272,702.5455167811162,34.81440672021745,-22.792831238570216,41.61197028681367,34.811755452917986,-22.138186686887547,41.25478914619792,39.03118355606857,41.99615749172937,220.7077853730201,-2.3800343617017456,-11.950345642512413,39.486033816043545,2.473628480198268,0.8864927656544054,0.05205651627280495,5.205651627280495,0.052991996834989744,-0.015079300495283804,-1.5079300495283805
1715,28.611916666666666,1960.6783663050412,701.0906190172304,13963.0,1919.741573033708,668.8202247191011,-2.474027887952466,detected,1960.9919767744886,702.1060696671573,35.47098637509407,-20.346508377115015,40.892190911739135,34.811502818271656,-22.36401050736951,41.376197196459096,38.92755545317084,41.76558921862655,220.21664092909407,0.05446395853168349,-12.142377458236863,39.55442281340951,2.4744378255829513,0.8859382582550881,0.05220971255073703,5.220971255073703,0.052701058950948336,-0.01532161193468374,-1.532161193468374
1716,28.6286,1960.9134677944048,701.0943396226415,13920.5,1923.1351351351352,666.5297297297298,-2.400588747880934,detected,1961.6438277594245,701.6520826120297,40.026448173482095,-19.72924053264728,44.624651095325106,34.831951101017,-22.36797138556935,41.395542772251325,38.83014143125407,41.47200296619934,219.52262811838625,0.007312987827212832,-12.633842764779937,39.42051468974125,2.4752603504850783,0.8853654039268515,0.05223412337192596,5.223412337192596,0.05233060311192346,-0.015941757431898976,-1.5941757431898975
1717,28.64528333333333,1962.2918689320388,700.6711165048544,14000.0,1927.0622009569377,664.0095693779904,-2.3362798197681416,detected,1962.3084618959788,701.2171434040747,41.547592864534636,-16.98657583624754,44.88592464768569,34.73012818736161,-22.18660834027208,41.21198118939685,38.72323858526131,41.11982940857027,219.3519619168959,1.6476831193287909,-12.787470897617462,39.17790169978207,2.4760990055469767,0.8848165847370029,0.05200249992352916,5.200249992352916,0.051886220073905705,-0.016135609965447904,-1.6135609965447903
1718,28.661966666666668,1962.6182625237795,700.0951173113507,13858.0,1925.7076023391808,665.5497076023391,-2.389283172642058,detected,1962.8945837182835,700.7879032282633,41.82279729028323,-13.162111873364665,43.845040336976425,34.473469965866144,-22.066679357236804,40.9311430251169,38.76934422528511,40.71450390007482,219.22411349267148,3.8964769887638653,-12.751869770089222,38.894064929102754,2.476838591442629,0.8842749567549064,0.051648130000147514,5.164813000014751,0.05137476832817012,-0.016090687407052648,-1.6090687407052648
1719,28.67865,1963.764080100125,700.6332916145182,14016.5,1924.8634146341465,665.8731707317073,-2.4123463738990267,detected,1963.5425796469613,700.4187630788402,40.29004255017844,-10.202942487154132,41.56185226973606,34.06674036848075,-22.03962381200234,40.57447248095848,38.97677373669784,40.26236688191405,219.2770295097822,6.571825952011722,-12.41822448132224,38.62739336066499,2.477656251920456,0.8838091647682528,0.05119807253117789,5.119807253117789,0.050804248431437285,-0.015669683888103775,-1.5669683888103774
1720,28.69533333333333,1964.1963824289403,700.327519379845,13981.0,1925.9756097560976,665.2926829268292,-2.399657780800194,detected,1964.19211317505,700.0636851898089,37.81965963505718,-9.20665728244603,38.924146660241504,33.64703156624801,-21.910072022538774,40.15188649681266,39.16480175778442,39.77054864430777,219.2531031903908,8.77712228863488,-12.191322444075908,38.25631511682087,2.478475852586814,0.8833611169587494,0.050664841005441844,5.0664841005441845,0.05018365759534104,-0.015383372169180957,-1.5383372169180958
1721,28.712016666666667,1965.416149068323,699.6223602484472,13931.0,1924.0798122065728,666.6009389671361,-2.467554969775005,detected,1964.777315166577,699.6674811184868,33.84907138012932,-11.87044614501906,35.870142527997956,32.87798217478368,-21.889018766999587,39.49798544821563,39.297163323810345,39.24684002242059,219.65602447847795,11.403024598100638,-11.343345790589566,37.83410314441943,2.4792142778127157,0.8828611749129172,0.04983972927219638,4.9839729272196385,0.049522826526713686,-0.014313370082762861,-1.4313370082762862
1722,28.7287,1965.6565847511024,700.2425960932577,13958.0,1925.252475247525,666.1534653465346,-2.440764799580324,detected,1965.3269362293966,699.2857761804744,29.339140737888556,-13.204033553362706,32.17346237687141,32.068163793699526,-21.82555505095698,38.79074609210159,39.26520873290388,38.69955132925338,220.47724175429443,13.943677381995125,-10.225122725027578,37.41883012121062,2.479907805967693,0.8823795283034378,0.04894731368088529,4.89473136808853,0.048832241424925406,-0.012902363059971708,-1.2902363059971709
1723,28.745383333333333,1966.328462515883,700.1073697585769,13905.0,1928.76213592233,662.8398058252427,-2.3601868133339465,detected,1965.8363534585962,698.9226237413673,28.110994526597096,-16.77983361810766,32.73821665157936,31.16464638548092,-21.74118183573709,37.9988706667271,38.98332653756785,38.13736251894102,221.35839251734166,16.35907828789417,-9.026051630297847,36.911306721841356,2.4805506037332448,0.8819212917872142,0.04794810178766827,4.794810178766827,0.04812285491349025,-0.011389339596590343,-1.1389339596590342
1724,28.762066666666662,1965.9244299674267,699.5472312703583,13958.0,1923.6543209876545,667.5555555555555,-2.49372880286361,detected,1966.3514317994648,698.6009237157946,26.304450374465887,-22.265294230250902,34.46255122103386,30.109783216235332,-21.73738830437685,37.13641199178976,38.69197046451601,37.56916815218404,222.42259643211725,18.49214078590972,-7.562818961444396,36.3581746651336,2.481200544857369,0.8815153611555768,0.046859825857147965,4.685982585714797,0.04740589041285053,-0.009542989225797346,-0.9542989225797346
1725,28.77875,1966.5829734731649,699.4305983960518,13894.5,1924.9673202614376,666.5490196078431,-2.4729019649496533,detected,1966.9081735232974,698.2916666057777,27.322142068424,-24.677628453667694,36.81690906776958,29.423908698015634,-21.58034306136266,36.48941777714826,38.410151683011954,37.00392115620231,222.3625277686138,17.9384001468013,-7.199962609152749,35.772030249093575,2.4819030580735615,0.8811251313637574,0.04604342937179592,4.604342937179592,0.04669264499205339,-0.009085126320697476,-0.9085126320697476
1726,28.79543333333333,1966.602827763496,698.2859897172236,13944.5,1922.1270718232045,668.0773480662983,-2.5449523482358325,detected,1967.4249284297312,697.9594631705233,27.62474127191581,-27.482169444180045,38.96660066902054,28.64364178344775,-21.716804329487587,35.945483790091416,38.21056275442667,36.45047961573634,222.88103944443236,19.772361234274474,-6.211331099380905,35.404761980241986,2.4825551147378313,0.8807059472183261,0.04535707733765479,4.535707733765479,0.045994296045093176,-0.007837641765780322,-0.7837641765780322
1727,28.812116666666668,1967.3076416337285,698.2088274044796,14105.5,1927.8546511627908,664.2151162790698,-2.430387863025329,detected,1967.9295266505937,697.6359988649217,29.38178664235329,-30.64414106058939,42.454125448984,27.973667317107243,-21.68481283917159,35.39430986808607,38.18770392844491,35.917460890003,223.65262772464777,21.02618943980422,-5.27132616660651,34.99957559004601,2.4831918317357653,0.8802977903658319,0.04466158973890987,4.4661589738909875,0.04532171721136025,-0.0066515156676422845,-0.6651515667642285
1728,28.8288,1968.1369193154037,697.3166259168704,14088.0,1929.2238095238092,662.9666666666667,-2.418398593923304,detected,1968.4213400573597,697.3037365412366,31.411813896696913,-33.270566848677845,45.75623094959923,27.658039056522284,-21.610746624951513,35.099736382770246,38.30948480076922,35.413107193603494,224.08733670651046,23.682172515162193,-4.830453984161375,34.765762014471434,2.4838124164761637,0.8798785319132324,0.04428988818015173,4.428988818015173,0.04468530876164479,-0.006095210074651578,-0.6095210074651578
1729,28.84548333333333,1968.701965757768,696.6360177552315,14144.5,1935.156626506024,658.3453815261045,-2.290232932608559,detected,1968.8207262176952,696.952088123224,33.687910789138186,-30.696843783699478,45.57599753837301,27.18543569974008,-21.542844909293883,34.686338535085994,38.62027302230616,34.945166344201134,225.32656470461257,22.688839023600817,-3.793463482814886,34.47827889809962,2.484316373776272,0.8794348115119547,0.04376825051745867,4.3768250517458664,0.04409484712202036,-0.004786704710176512,-0.47867047101765126
1730,28.862166666666667,1969.5803140096616,696.4263285024155,14075.0,1927.4903846153843,664.4230769230769,-2.4914977695947846,detected,1969.2042808450058,696.6055626197611,31.20216936180441,-28.800989067357023,42.46259935685455,27.414837888045668,-21.36539944859593,34.7570659007041,39.00010558625814,34.52079058949359,226.20800028554808,22.207384273292817,-3.549469560127818,34.57535098690415,2.484800354378556,0.8789975553561655,0.04385749640467394,4.385749640467394,0.04355935721071747,-0.004478825943378951,-0.4478825943378951
1731,28.87885,1969.9623352165725,695.8079096045198,14086.0,1934.5099601593624,658.4900398406375,-2.3305646984996224,detected,1969.5844276877226,696.3037965983776,32.47138483044546,-28.164846457138992,42.984292581838524,27.448986331652737,-21.341334373868964,34.76923070032669,39.34095390532049,34.14645521712267,226.72561573214108,21.84431681271651,-3.2779017999736393,34.6143722069644,2.4852800349371895,0.8786167780421169,0.043872846309560495,4.387284630956049,0.04308700973769423,-0.004136153690818473,-0.41361536908184726
1732,28.895533333333333,1970.1856360316492,695.6189896530736,13915.0,1937.75,656.2280701754386,-2.259661039392526,detected,1969.9277429839597,695.9731259432709,31.649444068968478,-27.847793602009915,42.15669482270768,27.536657155098123,-21.345762235375847,34.84119763565275,39.60197481281987,33.82789699973246,227.33039068963396,21.31789335817875,-2.968525347950955,34.714505756890546,2.485713240358309,0.8781995280041274,0.04396365632259022,4.396365632259022,0.04268504353278544,-0.0037457733097172935,-0.37457733097172935
1733,28.912216666666662,1970.9512040557668,694.2705956907478,13901.5,1938.468085106383,656.0170212765958,-2.2747981769440964,detected,1970.2920778066705,695.6166020890287,31.133663746806633,-24.62750521478938,39.696587150581344,27.64298470559554,-21.336541050424763,34.919659039432936,39.716297954459414,33.57007050383956,227.887710007728,20.346229962348243,-2.7088625714546772,34.8144316483728,2.486172968841225,0.8777496556328438,0.044062661248495824,4.406266124849583,0.04235971041493951,-0.003418123118554798,-0.3418123118554798
1734,28.9289,1971.2941903584672,695.1470951792336,13834.5,1940.5882352941176,654.2352941176471,-2.2146431320091606,detected,1970.653320715933,695.2760898798739,29.896537569714383,-21.727268031260564,36.95777502447328,27.705698473266576,-21.42218382182256,35.02164598626858,39.645906803152165,33.37711812961331,228.58745957358536,21.494089030802865,-2.2607392320188353,34.94860148435604,2.486628795856067,0.8773199872301248,0.044191351402231654,4.419135140223165,0.04211623738752468,-0.002852667800654682,-0.2852667800654682
1735,28.94558333333333,1971.0244215938303,694.5784061696659,13735.0,1937.3401015228424,656.5482233502538,-2.295669010753313,detected,1971.0498370948956,694.9306302012016,28.732498134328125,-17.370816793843915,33.57531422227436,27.858818112010752,-21.57156809065122,35.23416376881535,39.48657680900164,33.25234784990726,229.09791930637263,18.340357015949596,-1.9366382572189274,35.18090005597321,2.4871291319809408,0.8768840759636614,0.0444595126420383,4.4459512642038295,0.04195879854877888,-0.002443707580086975,-0.24437075800869748
1736,28.962266666666668,1972.6323620582768,693.2622442653441,13822.0,1935.32,658.785,-2.3956660155659306,detected,1971.4337384196083,694.5579413810547,27.212501903483826,-12.154759542704596,29.803664865047708,27.943830018183256,-21.65233171082217,35.35082890966766,39.35214299143967,33.198211452693414,229.64223947663112,15.805930433049262,-1.595838040522736,35.314790181296786,2.487613550056288,0.8764138061590596,0.0446067241762368,4.46067241762368,0.041890487637468034,-0.0020136757609119696,-0.20136757609119696
1737,28.97895,1973.0508905852416,693.2849872773537,13722.5,1939.024630541872,655.9458128078818,-2.309805958282769,detected,1971.817940710878,694.1887333715258,27.80769433944988,-9.102505564725789,29.25958769415825,27.948811597375244,-21.6521632668661,35.35466367879353,39.214537925607324,33.21627607060114,230.61768989227366,12.688175270804843,-0.9976987868277902,35.340583483742385,2.488098347900162,0.8759479285445121,0.044611563001632215,4.461156300163221,0.04191328210801406,-0.0012589259139782843,-0.12589259139782843
1738,28.99563333333333,1973.6070975918883,693.4429657794677,13762.0,1942.8084112149531,653.3364485981308,-2.22566934376224,detected,1972.2247180526306,693.8113656548591,23.081510537729628,-9.75679719408231,25.058954890213922,28.00318608479297,-21.577963548702613,35.35232583308602,39.153701546177594,33.30718314141486,231.44387106586132,8.863499959939714,-0.5799309067362515,35.347568826612296,2.4886116316121525,0.8754717547695383,0.04460861303859435,4.460861303859435,0.0420279913456339,-0.0007317740148091501,-0.07317740148091502
1739,29.012316666666667,1969.304016268429,692.1631926792069,14414.0,1945.1442786069647,651.1890547263681,-2.1035587699511944,detected,1972.6225240598214,693.4159534744826,19.265232302373988,-13.378332944963631,23.45482824602929,28.004783219411568,-21.614174111660752,35.375703607072204,39.06238199699349,33.470591676581705,231.3944344991474,7.436331514889742,-0.5831290995056975,35.37089716346945,2.489113595028166,0.8749728119551832,0.04463811180703117,4.463811180703117,0.0422341850808602,-0.0007358095892816372,-0.07358095892816371
1740,29.029,1974.049902786779,694.0194426441997,13869.0,1944.846590909091,651.2215909090909,-2.1695813295625723,detected,1973.016172346235,693.0216567021843,14.854553502207636,-12.758709487107808,19.581686023587547,28.06116240586158,-21.728894594186766,35.490473311205896,39.03665983614287,33.70510653660723,231.61630052159927,5.109674584205032,-0.39123988096999085,35.488316770578976,2.489610312108814,0.8744752765958161,0.04478293162297274,4.478293162297274,0.04253010288530881,-0.0004936780832428907,-0.04936780832428907
1741,29.045683333333333,1973.9348242811504,694.0632587859425,13945.0,1943.5133689839568,652.7486631016043,-2.2054954577356085,detected,1973.385574055528,692.6512998556332,9.237868300071568,-13.276322942943807,16.174021194953447,28.16512097650319,-21.881987801933153,35.6664468343149,39.00800247985739,34.00819677390678,231.96993445495735,2.958098217526616,-0.11565386105325004,35.66625932123293,2.4900764341394677,0.8740079493446476,0.04500498023257401,4.500498023257401,0.042912551134267236,-0.00014593547136056788,-0.014593547136056787
1742,29.062366666666662,1975.123645634162,693.5385595920968,13912.0,1946.367021276596,650.1914893617021,-2.156536831825786,detected,1973.800217975219,692.2584285266864,7.772102831523625,-17.800993258988,19.423721153020956,28.332361861785845,-21.970619252164852,35.85290558644827,38.99695467163925,34.37611325796908,232.43643378443613,0.9966853807350071,0.14303885177487885,35.85262025121256,2.490599644132769,0.8735122126519703,0.045240259415076686,4.524025941507668,0.043376799063683386,0.0001804906647001626,0.018049066470016258
1743,29.07905,1970.9624217119,691.7734864300626,14432.5,1944.838888888889,651.9611111111111,-2.151494065232551,detected,1974.1782582570256,691.822736031124,4.456327974725355,-24.42257059508188,24.825809422656853,28.67054301434416,-21.927257516083255,36.094385420920915,39.007625754203005,34.803817936692035,232.67681326581697,-1.1241841437080329,0.05392853592270441,36.094345133649426,2.4910766665703794,0.8729624429414815,0.045544965830815035,4.554496583081503,0.0439164895100215,6.804862576997403e-05,0.006804862576997403
1744,29.09573333333333,1972.0462079357108,691.7463586137619,14419.5,1946.565,650.58,-2.125055907156484,detected,1974.6254676325289,691.4103125611823,3.5922825371217186,-28.545627924219616,28.770772798353825,28.91768058261606,-21.712251738237494,36.1615006024751,39.01461835924036,35.28493854911474,232.6559463715549,-2.7131817961346014,-0.28006166023828527,36.160416082911325,2.4916409686214878,0.8724420347775171,0.045629653757066374,4.5629653757066375,0.04452358176544447,-0.00035339010755619597,-0.0353390107556196
1745,29.112416666666668,1971.187141216992,690.7904707233065,14208.5,1943.9516129032256,652.6720430107526,-2.191186156951316,detected,1975.0539831707438,691.0105645864476,3.0293883532458494,-33.191366589816425,33.32932657427035,29.295713891441643,-21.508223418488733,36.3433972961917,39.008949626371894,35.81176206648438,232.38511022195922,-3.0708246067368528,-0.8433377417408892,36.33361127774377,2.492181682234377,0.8719376209292714,0.04585917639898006,4.585917639898006,0.045188343301557576,-0.0010641485700200494,-0.10641485700200494
1746,29.1291,1977.2148387096772,691.9509677419355,13831.0,1943.3736842105263,652.9947368421052,-2.28604522143623,detected,1975.5067877884183,690.6147589772788,4.684935597693766,-33.24958384692263,33.57802030418227,29.86035759369543,-21.403294725775293,36.73883477659253,39.051304685430345,36.375277688381736,231.92667950998242,-3.8391055330959483,-1.5648181043367941,36.70549448028326,2.492753044527973,0.8714381816747998,0.0463581511376562,4.63581511376562,0.045899404023194625,-0.0019745338855984783,-0.19745338855984784
1747,29.14578333333333,1978.057934508816,691.3312342569269,13835.0,1944.2277777777776,652.2333333333333,-2.2840876564112143,detected,1975.983953943269,690.2366100279999,9.341673917249864,-30.322462981932176,31.728829680069726,30.32758997234533,-21.051618003287835,36.917927001486056,39.2434018164108,36.96527627631226,231.58020241906436,-4.931643910355701,-2.3526304702821754,36.84288891980857,2.49335514693157,0.87096102211735,0.04658413501764802,4.658413501764802,0.046643881736671625,-0.002968618889945963,-0.2968618889945963
1748,29.162466666666667,1974.0999459751488,689.4991896272286,14368.5,1941.4240837696332,654.9947643979058,-2.328982465288965,detected,1976.4894149527133,689.9004798553691,19.513893711842684,-26.114710287013168,32.60015553907258,30.799153704692593,-20.777676973241004,37.152385244148576,39.43972739651818,37.570508271287174,231.7052470417989,-7.272489194522412,-2.7794469393520487,37.04827126926377,2.4939929526217206,0.8705368830982576,0.04687998138062912,4.687998138062912,0.04740758141487341,-0.0035071885670057397,-0.35071885670057396
1749,29.17915,1974.542175066313,689.4694960212202,14386.5,1948.247311827957,649.5645161290322,-2.15342843636004,detected,1976.9944412465777,689.5709984527555,32.4212994149766,-24.291796819869433,40.512122241291934,31.072429164257887,-20.545756946633947,37.25082526170368,39.64171739897686,38.178897072448436,231.18426890248963,-9.162043605509057,-3.4681974079901856,37.08902249206888,2.494630209774862,0.8701211336943288,0.047004195913821684,4.700419591382168,0.048175264444729894,-0.004376274331848815,-0.4376274331848815
1750,29.195833333333333,1974.8397231096912,688.4829605963791,14456.5,1948.505319148936,649.5106382978723,-2.1650409252162395,detected,1977.51738504993,689.254458100123,41.97765914761294,-25.425025495163936,49.077039325359756,31.356088877236715,-20.251832814223782,37.32748373534491,39.74530466532554,38.77780017887917,230.6481665469966,-11.032765071902128,-4.222218228969226,37.087921419774915,2.4952900757727825,0.8697217136910069,0.047100925849015665,4.710092584901567,0.04893097814369612,-0.005327720162737194,-0.5327720162737194
1751,29.212516666666662,1980.8294422827496,689.7963683527886,13899.0,1948.3013698630136,649.5433789954338,-2.250451280551956,detected,1978.0251138715066,688.9426083794094,51.39132486596827,-23.883553902041285,56.67003104349953,31.61731362858142,-20.180126081887277,37.508559153464525,39.78236805089647,39.354306660241384,229.64957147595376,-12.259918300769892,-5.0917215629725305,37.16135602065818,2.495930743055529,0.8693282124661318,0.0473294121810278,4.73294121810278,0.04965843111702383,-0.006424885252962184,-0.6424885252962185
1752,29.2292,1975.369123931624,688.4188034188035,14447.0,1953.478048780488,645.9121951219512,-2.04637499543308,detected,1978.5385683010654,688.6541317915095,58.57770501801315,-20.740688959934914,62.14115949763191,31.96197345835166,-20.12452178378097,37.76988382796869,39.763666025079985,39.89555712108732,228.80488868436908,-12.505619917696377,-5.907841841987148,37.304979951050996,2.496578635080209,0.8689642041533243,0.0476591594043769,4.76591594043769,0.05034139699821744,-0.007454690021434888,-0.7454690021434888
1753,29.24588333333333,1976.872599531616,685.9882903981264,14677.5,1939.691860465116,656.8313953488372,-2.4765643885504947,detected,1979.0914287629853,688.3464830710153,63.60499170152889,-19.6035653958279,66.55745447040519,32.26944152349414,-20.12920081989207,38.0329013077592,39.60698283024229,40.38907143257133,228.26068626068798,-14.247186683435805,-6.463100509172557,37.47972670249991,2.497276250805029,0.8685760038750983,0.04799104265963306,4.799104265963306,0.05096412799062629,-0.008155331872772944,-0.8155331872772944
1754,29.262566666666668,1981.0752823086573,688.3895859473024,13929.5,1945.0344827586207,652.2610837438424,-2.3549792559013185,detected,1979.6565234662526,688.0302494660006,62.51363999016576,-21.644045102376822,66.15451513852832,32.59364922112979,-20.197861762417293,38.34448577466873,39.374825789228346,40.82307004296103,227.60894397528244,-13.355380043568324,-7.056873285211113,37.68952279825584,2.497989304058363,0.8681769709350166,0.04838420917939273,4.838420917939272,0.051511760306575435,-0.008904571968720647,-0.8904571968720647
1755,29.27925,1976.2747191011235,686.5213483146067,14541.5,1947.3818181818183,650.5090909090909,-2.2469426427572814,detected,1980.259415673028,687.7179126018826,59.285865975383786,-20.907636480285873,62.864482560846305,32.90651625707107,-20.255828090168716,38.64113590198082,39.17528245011853,41.186776366198586,226.81293785162958,-15.354990859289762,-7.751649357499607,37.855637836836486,2.4987500513224328,0.8677828550181484,0.0487585311066004,4.8758531106600405,0.05197069573021904,-0.00978126101892695,-0.978126101892695
1756,29.29593333333333,1982.4179761156504,686.8378378378378,13885.5,1949.5041666666664,648.675,-2.2824780558172817,detected,1980.8780754606048,687.3959042422333,52.57524823040694,-21.764196851915585,56.90199461440557,33.16280953603497,-20.363236565609146,38.91572098458788,38.83103844293085,41.47069020881739,226.13012972516879,-15.373650243038089,-8.302407977262105,38.0197759268698,2.499530694587514,0.8673765353214301,0.04910501070610458,4.910501070610458,0.052328946635731725,-0.010476224576986883,-1.0476224576986883
1757,29.312616666666667,1982.733419188667,686.9420476497103,13963.0,1948.793427230047,648.9765258215963,-2.300269262881469,detected,1981.4870804353127,687.0699675037072,43.29104441081745,-20.83212421455619,48.04260531517901,33.43313611192544,-20.41996443382237,39.175879540312856,38.41188061007741,41.66682502540164,225.5745516423793,-14.729302227026396,-8.819387465755057,38.17024944228144,2.500299155123423,0.8669652586797567,0.04943328648619919,4.943328648619919,0.05257643536328283,-0.011128564625558432,-1.1128564625558433
1758,29.3293,1983.2221510883485,685.9769526248399,13935.5,1952.8102564102564,645.3589743589744,-2.213484073899038,detected,1982.1314117274799,686.6987098360305,35.18500477861198,-19.595490803069424,40.27366162995521,33.65745685374945,-20.580879993797733,39.45119799424486,38.05340102785991,41.768904595355295,225.15637246661558,-14.944985130098704,-9.14183022741354,38.37738869795935,2.5011121914542334,0.8664967947457799,0.049780691475387835,4.9780691475387835,0.05270524239161552,-0.011535432463613299,-1.15354324636133
1759,29.345983333333333,1983.540625,685.3975,14099.5,1945.4031413612563,651.7853403141361,-2.4191820886418958,detected,1982.8068862772247,686.363720508227,28.54420082062279,-18.477401755048277,34.002731891798106,33.71262726452488,-20.571088675666687,39.49317569376928,37.692140660908464,41.7725171351131,224.867059926605,-14.701420088808577,-9.381507017041024,38.36271956559048,2.5019645252709464,0.8660740952785199,0.049833660181412345,4.9833660181412345,0.05270980080140454,-0.011837863743900346,-1.1837863743900345
1760,29.362666666666662,1984.11394769614,685.63200498132,14056.5,1945.4322916666667,651.8489583333334,-2.423691737598172,detected,1983.4201862701134,686.0212204548332,30.527650349775286,-17.820966610033565,35.34861081844754,33.85878737277051,-20.59241334643803,39.62909246734074,37.38487050917397,41.67522663538591,224.27984223628883,-14.292744112019008,-9.863935943305771,38.38186730073725,2.502738405388156,0.8656419185549946,0.050005163996644474,5.0005163996644475,0.052587036763893896,-0.012446606868524633,-1.2446606868524632
1761,29.37935,1984.392924826279,685.4636765634871,14044.0,1937.280821917808,658.0821917808219,-2.615112494501084,detected,1984.1297174221513,685.6354053529669,29.444974165806343,-19.16592382609042,35.13316296225695,33.884502633938155,-20.711907467886387,39.71325508829073,37.11999067625516,41.47664221950588,223.38362089358844,-14.05422994810857,-10.3996854577406,38.32739453821129,2.5036337128355224,0.8651550856188858,0.0501113628874331,5.01113628874331,0.05233645705931341,-0.013122631492417164,-1.3122631492417163
1762,29.39603333333333,1984.7236923076923,685.5163076923077,13937.0,1935.2617449664428,659.6308724832215,-2.659447551375456,detected,1984.8502005249186,685.2540597334892,34.47540990505422,-16.612463915736953,38.26915004900387,33.840896588390144,-20.768538229787,39.705647735658964,36.86020993938189,41.17844661037262,222.51809028038625,-12.3553241896062,-10.907051410091581,38.17819654784468,2.504542839779077,0.8646738924081883,0.050101763704301534,5.010176370430154,0.05196018499731561,-0.013762840896014615,-1.3762840896014614
1763,29.412716666666668,1985.2228607918264,685.1117496807152,14021.5,1951.4653465346532,647.470297029703,-2.301850367978066,detected,1985.5236017242412,684.8651172051824,34.96288242206174,-12.521055199644707,37.13731237679248,34.069462791390016,-20.637364878212992,39.83251340312845,36.685454621553205,40.784384580267016,221.93072897995458,-10.222538454927019,-11.555547730674904,38.11952833725126,2.505392557380746,0.8641831131926593,0.050261846565461774,5.026184656546177,0.05146294584260822,-0.014581132783186,-1.4581132783186002
1764,29.4294,1986.0083014048528,684.4418901660281,14044.5,1945.85,651.2722222222222,-2.4512140042340094,detected,1986.2358005054034,684.4962334155437,37.966640131532586,-11.367242720347804,39.631805030058885,33.97757140810803,-20.47835054690256,39.6716296604375,36.55337388668642,40.300211817081134,222.30119794979925,-10.404554961655698,-11.347887370709072,38.013992846537526,2.506291230921645,0.8637176446883832,0.050058838688249216,5.005883868824921,0.05085200229284686,-0.014319100783229115,-1.4319100783229115
1765,29.44608333333333,1987.1429459291485,683.4829086389061,14012.5,1945.016759776536,652.4022346368715,-2.505945778112979,detected,1986.9474409707566,684.1736750607521,41.31354431264026,-12.696359525984462,43.220440637336715,33.858710922386095,-20.22990855994287,39.44187502730261,36.5142204313669,39.733604214116006,222.6406816161061,-11.544340126724892,-11.203310997348336,37.81728874953956,2.5071891999631,0.8633106309914853,0.049768927479246196,4.976892747924619,0.050137040017811996,-0.014136670028199794,-1.4136670028199794
1766,29.462766666666667,1987.2311083123425,683.6290931989925,14014.5,1943.3846153846157,654.4692307692308,-2.554714032826362,detected,1987.6472859619444,683.8651716198863,42.91825355172932,-11.156409315498422,44.344582044996955,33.58172807945709,-19.869603275158898,39.01965652225558,36.63823173587304,39.094027347246865,222.70454998648339,-11.980327005165218,-11.201970332392165,37.37712476618564,2.508072285125482,0.8629213522017493,0.04923615964953386,4.9236159649533855,0.0493300029618257,-0.014134978337403363,-1.4134978337403363
1767,29.47945,1989.0947567909036,684.4181933038534,14126.5,1945.132530120482,653.4277108433735,-2.527562734633002,detected,1988.3634568996574,683.5705225740339,42.703349269715545,-12.03896118578973,44.36792338260003,33.39538865168931,-19.560533673841586,38.70227978818392,36.73285773614494,38.392565971836234,222.81061167117775,-11.68044964920289,-11.206098724147326,37.044430245146614,2.508975970851303,0.8625495552984656,0.048835684275310945,4.883568427531094,0.048444878197900616,-0.014140187664539214,-1.4140187664539214
1768,29.496133333333333,1988.3841623036649,684.3736910994764,14070.0,1947.7133333333331,650.4266666666666,-2.44606164344007,detected,1989.0469316979904,683.2472879829747,40.03906933796952,-12.363624133598478,41.904489916566575,32.79451605823306,-19.442384233757902,38.12461918743299,36.73610207006258,37.64171387610063,222.83745313604325,-10.66368788642879,-10.82846427668709,36.554492878376735,2.5098383996189155,0.8621416883065928,0.04810677499991545,4.810677499991545,0.04749743075848661,-0.013663677320740808,-1.3663677320740808
1769,29.512816666666662,1989.8513931888544,683.9399380804954,14105.0,1954.7403846153843,645.7548076923077,-2.3142779412493915,detected,1989.7127432373459,682.9460340645538,36.50899404858319,-12.674223606388978,38.64637874968663,32.05437602253107,-19.374190932168595,37.45453639373926,36.69821667682623,36.855125472078086,222.8686877273038,-8.830868019289646,-10.312468822817248,36.006878276912055,2.5106785403625818,0.8617615571792479,0.047261244660869735,4.726124466086974,0.0465048901855875,-0.013012578956236276,-1.3012578956236276
1770,29.5295,1990.92101910828,683.3165605095542,14017.5,1956.542553191489,643.9627659574468,-2.288818313992059,detected,1990.3256768740246,682.6489725942564,34.25416754063008,-16.325319108844496,37.94554042186194,31.27857421794096,-19.20033933173696,36.70152906298437,36.62840380569198,36.04733214047854,222.87490860233632,-7.6226763231770125,-9.858308633838677,35.35273661883996,2.511451958200662,0.8613867162072637,0.046311077681999206,4.631107768199921,0.04548559260628207,-0.012439506162572464,-1.2439506162572465
1771,29.54618333333333,1991.069667077682,683.672009864365,14074.5,1954.139175257732,646.1185567010309,-2.347830985568013,detected,1990.8942771655068,682.3693973192863,34.48056279578759,-23.248755503500433,41.58622179491416,30.55631384048768,-19.106461312044534,36.0381073224862,36.64958553539219,35.23342856259175,222.83870721022194,-7.6529272558445065,-9.414862466885511,34.78657131878139,2.512169434909157,0.8610339398350617,0.045473952457395835,4.547395245739583,0.04445858493702429,-0.01187995263960317,-1.187995263960317
1772,29.562866666666668,1991.458179581796,682.5928659286593,13926.5,1945.095238095238,653.1836734693877,-2.5763155040823573,detected,1991.4405447662912,682.0839645889258,31.3114353078754,-28.527330601009453,42.35817007684062,29.731451259626986,-19.02540648445115,35.29766686202037,36.90911967308084,34.428737018983774,222.60083099226162,-6.51772412230967,-9.006899211901366,34.129181831518046,2.5128587315662982,0.860673772351957,0.04453964272810142,4.453964272810142,0.043443201285783946,-0.011365172507131063,-1.1365172507131063
1773,29.57955,1991.5753070458952,682.1603102779574,14123.0,1953.371727748691,646.6387434554974,-2.392556985644051,detected,1991.9073607506334,681.7603089639829,32.261394843536436,-30.446961177955018,44.3600613415092,28.74168665262028,-19.03995958854569,34.47614556140033,37.38929248344594,33.64846080193013,222.56173855791232,-7.030947085567143,-8.291329615369134,33.46428642568322,2.513447773817834,0.8602653740870447,0.04350302279041052,4.350302279041052,0.042458625617577454,-0.010462245571443703,-1.0462245571443702
1774,29.59623333333333,1992.0288520564764,681.9797421731123,14182.0,1953.098901098901,646.8736263736264,-2.407796914169326,detected,1992.344681889429,681.4605787481172,28.19788904134748,-30.981867601540444,41.892685118854885,27.66918311573462,-19.090458276578957,33.615908309933495,37.887279553630954,32.90734122154993,222.68449580908504,-5.11539215226185,-7.396981378764705,32.791980086357455,2.513999598598649,0.8598871656127662,0.04241754991789716,4.241754991789716,0.04152345895463713,-0.009333730446390796,-0.9333730446390796
1775,29.612916666666667,1992.915580384854,680.9310986964618,14277.0,1960.3407079646015,640.8716814159292,-2.2535126603736826,detected,1992.7022401925044,681.1425263339635,26.288920850415707,-31.17886776395926,40.7827065619961,26.717647810835754,-19.27327530991196,32.943767934398736,38.32272007030068,32.21933564340081,222.89906489477525,-3.400828867290686,-6.452629710132994,32.305656092075075,2.5144507762681445,0.8594858376453799,0.041569423261070965,4.156942326107097,0.040655313114701344,-0.008142119508054251,-0.8142119508054251
1776,29.6296,1993.8461538461536,680.1786600496278,14249.0,1961.9289340101525,640.1573604060914,-2.24401458292739,detected,1993.0026242111821,680.8188501763213,27.64145856975847,-31.005361869704302,41.53772618397627,25.862740331612272,-19.35979120647356,32.30608074370296,38.628676355043815,31.59733567463448,223.44290424549183,-4.598659882161888,-5.465500091240322,31.840401407195028,2.5148298097301987,0.859077413471699,0.040764770654514774,4.076477065451478,0.039870455109948875,-0.006896530083584004,-0.6896530083584004
1777,29.646283333333333,1993.8347305389225,679.9461077844311,14234.5,1954.1559139784947,645.494623655914,-2.42659342232778,detected,1993.2425193074382,680.522970811504,26.76181451593584,-27.08868436569992,38.07875440255195,25.46356321398037,-19.52766559367036,32.08929377675039,38.88431165464003,31.052943870767425,224.31391160083245,-3.751006254513729,-4.577955473195436,31.761062620385218,2.515132516476263,0.8587040641154625,0.040491222431230774,4.049122243123078,0.03918352538898098,-0.005776599966177206,-0.5776599966177206
1778,29.662966666666662,1994.430919050517,679.4954351795496,14044.5,1962.5865384615383,639.8365384615385,-2.247337593973294,detected,1993.4583605510315,680.2215914603098,23.363267457661095,-24.97635735562153,34.20030252868994,25.314062036017027,-19.598973678154813,32.014395293372694,39.026005249900706,30.596323130476048,224.38057180439222,-6.414391494303951,-4.384275947739889,31.712767624639657,2.515404871357769,0.8583237747133248,0.04039671330394031,4.0396713303940315,0.03860734779870795,-0.00553220939777904,-0.553220939777904
1779,29.67965,1994.5107559926248,679.0725261216963,13997.5,1957.8205128205127,644.0666666666666,-2.379683548393296,detected,1993.7336437997901,679.9190293009731,23.506630942062657,-22.710040530765127,32.68497574047336,25.63298365975265,-19.565611591423416,32.24690695628945,39.067376341364756,30.236124851490228,224.3791773722768,-6.925929892722746,-4.636323184136259,31.911871076134496,2.5157522319240258,0.8579419928087989,0.040690103414876284,4.069010341487629,0.03815283892932521,-0.005850250074619885,-0.5850250074619885
1780,29.69633333333333,1994.7661847894408,678.6568196103079,13989.5,1960.87,641.26,-2.307131814927501,detected,1994.0036126242649,679.5825164295288,18.315750908735936,-18.61709662404064,26.116336229642297,25.87629724853159,-19.746904119113815,32.55031461574278,39.013246089121424,29.97949057185759,224.39674734794755,-5.52937106590575,-4.673551259506938,32.213054810256644,2.5160928865921326,0.8575173708889954,0.04107295219652086,4.1072952196520855,0.037829010185309264,-0.0058972255640466105,-0.5897225564046611
1781,29.713016666666668,1995.6626733921817,678.484237074401,13843.0,1961.8693693693692,640.7522522522522,-2.301183082196268,detected,1994.3324368406768,679.255777234375,14.205175792908449,-16.295680993667247,21.61796101288926,26.12936104341786,-19.91311710652301,32.85233235913977,38.852513957880696,29.83210914247425,224.4495646184805,-4.626575976363142,-4.7081122586812665,32.51321916382685,2.5165078067390247,0.8571050816837541,0.04145404714087038,4.145404714087038,0.0376430399274123,-0.005940835657641977,-0.5940835657641976
1782,29.7297,1995.6133415688696,678.4651019147622,13860.0,1958.374384236453,643.6206896551724,-2.389401384770564,detected,1994.636538877518,678.9315340975581,17.680234621293494,-13.311436551525503,22.13108762192392,26.50737184767219,-19.983740684378343,33.196244576928315,38.66979140830512,29.798300464975064,224.42894649092852,-3.413673169389622,-4.940318497334884,32.82657318630949,2.5168915317066474,0.8566959420789377,0.04188800577530387,4.188800577530387,0.037600379135615224,-0.0062338403751859735,-0.6233840375185974
1783,29.74638333333333,1997.3666666666663,677.3465408805032,13839.5,1959.6299559471363,642.9339207048458,-2.402234301217537,detected,1994.9571736271864,678.5940390471347,15.727684912575569,-11.110090894491577,19.25601704385208,26.868046092863818,-20.208227091228032,33.619404263295586,38.618300570928554,29.881090792462704,224.7832541363239,-2.2364619491736875,-4.835095139265995,33.26989927867446,2.5172961181415605,0.8562700808165739,0.04242196121551494,4.242196121551494,0.03770484642582045,-0.006101066421786745,-0.6101066421786745
1784,29.763066666666667,1997.0254184748917,677.724736515809,13842.0,1963.098712446352,640.2103004291846,-2.3060172612339125,detected,1995.299639810784,678.2407187489321,15.023938930155964,-10.827625043206808,18.51907678728438,27.12291942354316,-20.480218883123964,33.98664625344316,38.71384600740932,30.08224603622208,224.45899768044086,-1.0099924477527364,-5.014716093655725,33.61465076505648,2.5177282521271724,0.8558242507872961,0.04288535804850872,4.288535804850873,0.03795867007725184,-0.0063277174683353,-0.63277174683353
1785,29.77975,1997.815855181024,677.481897627965,13786.5,1967.217391304348,637.375,-2.2225168132144275,detected,1995.6504016343376,677.9090198058038,13.167448725561371,-10.473007183237996,16.82455305202615,27.407310083002812,-20.73953112345735,34.36988212384098,38.85595996327487,30.402239115052463,224.29075342662588,-0.4834995961678269,-5.13589163730051,33.983987616179334,2.5181708537972716,0.8554057032249891,0.04336893643386875,4.336893643386875,0.03836244683287377,-0.006480620362524303,-0.6480620362524303
1786,29.796433333333333,1993.3239809422976,677.0889359449444,14448.5,1968.020304568528,636.756345177665,-2.1311019913346203,detected,1996.0375048539324,677.5485768445919,11.705555518972687,-11.671839288671435,16.530331587367694,27.480003558332044,-20.842469397531197,34.48998588217986,39.032837618674094,30.84014343869313,223.80145536594858,-1.8154970526531118,-5.407135473555295,34.06349970457507,2.518659312118527,0.854950885608318,0.04352048691757711,4.352048691757711,0.03891500749361909,-0.0068228838783032115,-0.6822883878303212
1787,29.813116666666662,1997.8795843520784,677.9382640586797,13982.0,1969.5585585585584,635.5405405405405,-2.15971078116119,detected,1996.4075254239174,677.1964004464405,9.962729925814529,-13.14763063528676,16.49594431660859,27.601667589194577,-20.882198951017823,34.6109561661374,39.206869176392615,31.39346340699602,222.9324111368468,-2.3678965245679198,-5.98517412953256,34.089528852324406,2.5191262150459526,0.8545064989860449,0.043673130809006186,4.367313080900619,0.03961320303721896,-0.007552270194993767,-0.7552270194993767
1788,29.8298,1998.29296131896,678.0564362714014,13994.5,1953.3539325842696,648.4719101123595,-2.5593866827618243,detected,1996.7530162323235,676.846716012464,7.02082601519669,-15.463697859875538,16.98287223755693,27.874155773285786,-20.963725161654185,34.87759069555657,39.46902667051794,32.057929670405755,222.9097587571582,-0.8937244918442555,-6.142722174605607,34.33239428021854,2.5195621655928373,0.8540652567980619,0.04400957816474015,4.4009578164740155,0.04045164627180537,-0.007751068990038622,-0.7751068990038622
1789,29.84648333333333,1994.6534954407296,676.6195542046606,14397.5,1949.8461538461536,651.0769230769231,-2.623482916488405,detected,1997.1080997695972,676.4827483962462,3.8853736983319322,-17.23053480171484,17.66316671293106,28.237607031708812,-21.09436826633748,35.24677039720202,39.73611312099568,32.827297723936525,223.02216530297943,-2.649745744851118,-6.25193506930745,34.68786720630486,2.5200102205294606,0.8536059916671876,0.04447542005956091,4.447542005956091,0.04142245769581896,-0.00788887705906303,-0.788887705906303
1790,29.863166666666668,1995.4008919722496,676.8255698711596,14476.0,1954.248447204969,647.4285714285714,-2.52130463139145,detected,1997.470948105225,676.0872587252088,8.164332127727903,-20.698593524439502,22.250575115754174,28.837392512339544,-21.29183533958255,35.84602431286674,39.8742243841765,33.693190909398005,222.72874772404774,-3.640969581343767,-6.736092409849922,35.20742134954782,2.520468073318896,0.8531069510728188,0.045231576420021125,4.523157642002112,0.04251506739356215,-0.008499801148075612,-0.8499801148075612
1791,29.87985,1995.1313400961023,676.3048585157501,14380.0,1955.6506024096384,646.6867469879518,-2.49796903331167,detected,1997.8622020965763,675.6896839435161,7.1684221165178315,-22.967723873297928,24.060395166344243,29.26506489572379,-21.364940089858795,36.23402666547261,39.99515390705347,34.64502319657968,222.60342826206866,-6.71223118824668,-7.078388224062312,35.5359129409058,2.5209617692070365,0.8526052794239951,0.045721169293971756,4.5721169293971755,0.0437161175982078,-0.008931720156545505,-0.8931720156545505
1792,29.89653333333333,1996.7078651685392,675.9399120664386,14390.0,1959.1506024096384,643.6987951807229,-2.432212040634868,detected,1998.287798403829,675.3552613353185,6.671974474185845,-24.07745994578636,24.98478178462109,30.043573184824886,-21.41804010412553,36.89645960812309,39.96841122974116,35.67002543758245,222.19106399959858,-8.401200196723863,-7.87510054564606,36.04624145469016,2.521498799247734,0.8521832950603389,0.04655704682413008,4.655704682413008,0.045009495820293316,-0.009937035388827837,-0.9937035388827836
1793,29.913216666666667,1996.536,675.1456000000001,14410.0,1962.1030303030304,641.9454545454546,-2.374420587360237,detected,1998.7075478144106,675.0075376894333,11.777702833233889,-24.200620361957135,26.914388529772324,30.609355593001947,-21.30322751792182,37.292896810239625,39.90171711014967,36.75338450837273,221.74112179568212,-8.73195197721805,-8.656527802920012,36.27429777261655,2.5220284515008338,0.8517445270529128,0.047057283041311834,4.705728304131183,0.0463765104206596,-0.010923063473716105,-1.0923063473716104
1794,29.9299,1997.227894736842,675.1736842105263,14437.0,1961.7182320441989,642.0,-2.3901922277438445,detected,1999.1854728025091,674.6684514688309,16.755980402408568,-24.774084182427714,29.908495888692148,31.29244938222895,-21.23269759694072,37.815933620399925,39.89931580121364,37.87849114716896,221.7534359707028,-9.09997347159889,-9.205299043470689,36.67843106108508,2.5226315114227247,0.851316658004834,0.04771726639798098,4.771726639798098,0.04779620334027629,-0.011615519297754813,-1.1615519297754813
1795,29.946583333333333,1998.0956475013436,674.3707684040838,14490.5,1960.438596491228,642.9941520467836,-2.4469211360448107,detected,1999.7450107024144,674.3209690091551,24.038161619851053,-24.908413310814467,34.61592505949306,31.869016947817368,-21.187806799398412,38.26953616375438,39.92464730134677,39.0272816344144,221.5850055972885,-8.01786842633693,-9.774133078170664,37.000320549410304,2.523337552936801,0.8508781943333188,0.04828963553786042,4.828963553786042,0.049245781242163285,-0.012333290950373077,-1.2333290950373077
1796,29.963266666666662,1998.0681330472105,674.1400214592275,14362.0,1965.766497461929,639.2081218274111,-2.317093118889367,detected,2000.2976601495927,674.0119997653645,36.09765644752315,-25.930798883198122,44.44600242681313,32.49151309158613,-21.1001121652543,38.74162046645733,39.89443900126102,40.1806516744003,221.33463280373192,-7.34384075339676,-10.46105335687869,37.302540383083326,2.524034902396963,0.8504883277796398,0.04888532550972534,4.888532550972534,0.050701137759495654,-0.013200067327291723,-1.3200067327291722
1797,29.97995,2003.988556897648,674.5823267641449,13960.0,1962.7567567567569,641.6540540540541,-2.4676977029472926,detected,2000.8932072497475,673.6695651117035,49.82691904294734,-25.839901050256685,56.12862324696273,32.978246321494794,-21.047199478619557,39.12223582994699,39.84461315302333,41.31891778370575,220.7191855262068,-8.922656405873344,-11.264551005306629,37.46544043492394,2.524786381387694,0.8500562335794366,0.04936559726176276,4.936559726176276,0.052137435689218616,-0.014213944486191331,-1.4213944486191332
1798,29.99663333333333,1998.6832124930283,673.2861126603458,14609.0,1964.8446601941748,640.2087378640776,-2.367569131591931,detected,2001.4766794059349,673.3351471399768,60.179918665757214,-24.333894099337613,64.91348868035773,33.505341639057626,-21.0500965850119,39.56911023245656,39.85026273987738,42.42230140200098,220.3809011889721,-8.880906160727394,-11.88519611076353,37.74197395469652,2.5255226238560695,0.8496342550662168,0.04992947663401459,4.992947663401459,0.05352971785741449,-0.014997092884244204,-1.4997092884244203
1799,30.013316666666668,2000.2032224532225,672.7380457380457,14767.0,1965.405,640.105,-2.388292849379886,detected,2002.0681785168863,673.0221534224079,65.99757325243809,-24.54381510764756,70.41362464217646,34.079542579148196,-21.107025838127083,40.08642865279145,39.923411086190605,43.47141289349342,220.04689648662153,-9.135970826092398,-12.507941159980994,38.085078049989505,2.5262689949739894,0.8492393103121867,0.05058224435683464,5.058224435683464,0.054853517846679405,-0.015782891053603778,-1.5782891053603778
1800,30.03,2005.5845471817609,673.3324889170361,14131.5,1956.409090909091,647.3116883116883,-2.654904132383162,detected,2002.7104021797763,672.7040369651885,67.54407387773063,-23.942105556157912,71.66188899591289,34.62522997871268,-21.37286831318965,40.69036803730939,40.04545284252367,44.447715797081,220.0832500953052,-8.463902829641532,-12.730108778120579,38.64777330596043,2.52707937183568,0.8488379015333609,0.051344312980832044,5.1344312980832045,0.05608544580073313,-0.01606322874210799,-1.606322874210799
1801,30.04668333333333,2001.3668393782384,671.5818652849741,14637.5,1957.025,647.33125,-2.6411314967659507,detected,2003.3886902758945,672.3441196981826,70.77519709655462,-23.792342236778495,74.66728917784647,35.23466834779199,-21.60002476261419,41.32847593759587,40.109377199672124,45.33395549439106,220.0486518933789,-6.994754310072661,-13.073807021390868,39.206102755717396,2.5279352558686368,0.8483837472532273,0.052149496451225075,5.214949645122507,0.05720372933046191,-0.01649691737714936,-1.649691737714936
1802,30.063366666666667,2000.5876887340305,670.7526132404181,14555.5,1957.368055555556,646.7847222222222,-2.635255026483065,detected,2004.068425117703,671.9931962118563,69.39922570956605,-24.20872249663421,73.50044063817806,35.79504355348545,-21.88382476008327,41.9545817417592,40.20067306407959,46.114540443440674,219.72772143814714,-7.0965227323156155,-13.542796920714203,39.70868394558359,2.528792965448206,0.8479409415922479,0.0529395353208318,5.29395353208318,0.05818869456585574,-0.01708870273907155,-1.708870273907155
1803,30.08005,2006.779484029484,671.5945945945946,13980.5,1964.414201183432,640.7751479289941,-2.5126677481211184,detected,2004.7692722620584,671.6370295044462,64.09263021437619,-23.25680070319595,68.18169862026717,36.38813825020381,-22.22942599192393,42.64087223833922,40.28602908198735,46.77586795772231,219.67073293105656,-5.210229468235825,-13.81818311058947,40.33982896305571,2.529677315157172,0.8474915198794275,0.0538055170199864,5.38055170199864,0.05902317723371901,-0.017436193199481982,-1.7436193199481982
1804,30.096733333333333,2007.335423197492,671.0489028213166,14148.5,1969.3096446700508,636.5583756345178,-2.4049070463816418,detected,2005.4906731454214,671.2541337971172,54.92063046245403,-24.682409935266833,60.212100200923004,36.851598479628116,-22.525327730381715,43.19063208457168,40.33185315364068,47.30659000687305,219.4931495406217,-4.744578129955054,-14.11260960462554,40.8199087457611,2.5305876001834973,0.8470083707219145,0.054499220295989505,5.449922029598951,0.05969285805283666,-0.017807709280284596,-1.7807709280284596
1805,30.113416666666662,2007.0973782771532,670.4937578027466,14000.0,1968.1989247311828,637.1666666666666,-2.4331804268897805,detected,2006.21089824549,670.850006776027,42.857025529163366,-23.808314158091434,49.026120183609656,37.33029937639086,-22.79027942587771,43.73726200667519,40.3873008299355,47.69781755817585,219.794104915325,-5.3288284720277455,-14.096235044598323,41.40343277323743,2.531496401571596,0.8464984312631256,0.055188974140915066,5.518897414091507,0.06018652057813988,-0.017787047374887476,-1.7787047374887475
1806,30.1301,2008.6482843137253,670.3553921568628,13993.5,1971.1656804733727,634.905325443787,-2.3840559569120217,detected,2006.9666541521867,670.4447106522739,32.51022530764658,-21.70370561127902,39.089200385976284,37.84131197657323,-23.045224941016414,44.3062894484563,40.44294426378084,47.94326444891235,219.71359957891508,-3.788037387739086,-14.384594211628823,41.90621354951034,2.532450036785094,0.8459870165959292,0.055906989840323405,5.590698984032341,0.06049623274310707,-0.01815090752256003,-1.8150907522560031
1807,30.14678333333333,2009.1008717310087,669.6214196762141,14151.5,1967.832258064516,637.6322580645161,-2.4821919706525466,detected,2007.7459476598935,670.0366455805165,30.21648980257669,-22.629015545767516,37.75061059850302,38.143934517282105,-23.226198254445563,44.65888518328145,40.37553359644627,48.03933353202247,219.43045605089293,-2.4865260305975334,-14.710310155261125,42.166607652851766,2.533433372441506,0.8454721079880335,0.056351905594045994,5.6351905594046,0.06061745556091164,-0.018561905558689116,-1.8561905558689116
1808,30.163466666666668,2009.1266540642723,669.2199117832388,14143.0,1976.6774193548388,630.8870967741935,-2.273262650077564,detected,2008.4912970951116,669.6180218638758,31.39463736106245,-22.602302036177434,38.68445827935566,38.354882649003386,-23.403661860601364,44.93137446711582,40.29775730515242,47.98514875244995,218.8704441174499,0.29736959662199003,-15.174607484200862,42.29136672188099,2.534373876460709,0.8449438761689285,0.05669574065251208,5.669574065251208,0.060549083599305935,-0.01914776969615251,-1.914776969615251
1809,30.18015,2009.7966101694915,668.3879472693031,14145.5,1974.9837398373984,632.8373983739838,-2.345711038040331,detected,2009.2958385199913,669.1802599378702,36.830395271314956,-20.828917416755758,42.31219465585932,38.739919985345935,-23.506277689975157,45.31364575168532,40.2604601310026,47.78253689435375,219.17496522758864,0.8247909118008431,-15.183287405221474,42.694194861592976,2.5353890706876863,0.8443914951897417,0.057178101894871075,5.717810189487108,0.06029342194871136,-0.019158722277881988,-1.9158722277881988
1810,30.19683333333333,2009.133962264151,668.9100628930818,14012.0,1973.5283018867924,633.8584905660377,-2.364036244978469,detected,2010.117029191071,668.7568870235882,39.68275909629483,-18.54004730476754,43.800168076818935,38.47337889942477,-23.588171244125775,45.12873482140736,40.24439444550229,47.43596218117212,219.22746319669054,4.464437059942625,-14.885898637864633,42.60296619161775,2.536425273427219,0.8438572706922249,0.056944775799883114,5.694477579988312,0.059856103698639904,-0.018783468312762945,-1.8783468312762945
1811,30.213516666666667,2010.1538944723616,668.5961055276382,13944.5,1979.903703703704,628.2962962962963,-2.2146996401996923,detected,2010.9149520559583,668.3349409666416,42.3757865289499,-19.855062525053654,46.796696377211525,38.112558645734644,-23.65264665144429,44.855488183082365,40.236844234366124,46.952416041835114,219.73512811229446,8.223439074554802,-14.18915009603933,42.55211909758089,2.537432116158938,0.8433248466456046,0.05659998508906292,5.659998508906292,0.059245950841432325,-0.017904290342005465,-1.7904290342005464
1812,30.2302,2011.720987654321,668.0277777777778,14045.0,1976.921875,631.1875,-2.3277099785802564,detected,2011.7654390381313,667.928108932923,46.58775104103279,-18.107586802966352,49.98302958893361,37.95285845651795,-23.534796406593646,44.657654516558516,40.22442699825939,46.34126351735118,220.279768000453,12.128407134377257,-13.7383827770468,42.49191623816985,2.5385052858525317,0.8428114939216694,0.056350352702282044,5.6350352702282045,0.05847478046353462,-0.017335498772298803,-1.7335498772298803
1813,30.246883333333333,2012.626582278481,667.6791139240506,14135.0,1967.3757225433528,637.7514450867052,-2.5572642864201267,detected,2012.5665005337387,667.5156680022696,49.42797923504986,-18.33499832584198,52.719041103468,37.466891066282635,-23.384780460520563,44.16577728693829,40.24353522527708,45.61404722176113,220.43679977014443,11.362628307687475,-13.349294082950447,42.10002649460375,2.5395160890015633,0.8422910637252614,0.0557296874283133,5.57296874283133,0.057557157377616575,-0.016844535120442206,-1.6844535120442206
1814,30.263566666666662,2014.16375,667.524375,14131.0,1974.690058479532,632.3508771929825,-2.413737800132364,detected,2013.3429213315321,667.1145251371504,46.373422843133994,-18.662664700474124,49.98789253319672,36.93837348892691,-23.354404523054225,43.70207828735281,40.32242332710935,44.78424964395424,220.4398767226625,9.948641993330819,-12.96448863156215,41.73480179845125,2.5404957997874225,0.8417848897629658,0.05514457828057138,5.514457828057138,0.056510094187954885,-0.016358976191245617,-1.6358976191245618
1815,30.28025,2014.0252844500635,667.5543615676359,13936.5,1966.1005586592175,639.1396648044692,-2.606408139499901,detected,2014.1271032724949,666.7066841788055,45.18265099232758,-22.03664868800547,50.270128665968755,36.07909541297955,-23.154349992213188,42.869861784017736,40.3878107580241,43.867014984389655,220.65401636143412,8.950069938339011,-12.286852822654232,41.07138051119317,2.541485303813874,0.8412702639480196,0.05409446281894983,5.409446281894983,0.055352700295759824,-0.015503915233633103,-1.5503915233633103
1816,30.29693333333333,2015.5904288377876,666.1988812927284,14137.5,1973.934131736527,633.2574850299401,-2.4724926561388694,detected,2014.8773199009509,666.303194878211,37.28082736534361,-21.542771168499712,43.05753219429669,35.15922149227921,-22.981621122701235,42.003877980140544,40.45021223703669,42.878832734775536,220.63972196116615,9.349463450189898,-11.711578808080585,40.33812944588102,2.542431949401831,0.8407611291838625,0.05300173877620258,5.300173877620258,0.054105782630631594,-0.014778017423445535,-1.4778017423445535
1817,30.313616666666668,2015.9854522454143,666.6299810246679,14115.5,1977.2298136645963,630.6708074534162,-2.3936055493245645,detected,2015.537228496754,665.9058297199537,31.913035281681005,-21.779247363649574,38.636478056583435,34.1325593639424,-22.800603260069224,41.04752267501817,40.58906371977767,41.837186865110816,220.70916768236157,10.559018316885691,-11.002500862888388,39.54546867238106,2.543264641636283,0.8402597220441056,0.05179498129339833,5.179498129339833,0.052791402984366964,-0.013883281845915947,-1.3883281845915947
1818,30.3303,2016.4063079777368,666.0408163265306,14134.0,1972.182389937107,635.2327044025158,-2.533125867850741,detected,2016.1386308377,665.5210357917729,30.063031077123014,-24.097220007608712,38.528714611821165,32.95746211867257,-22.786976816380573,40.06795005654772,40.7359049454447,40.76017678044251,220.7936781815097,12.982854413773817,-10.063435026345603,38.783603458220895,2.54402350894347,0.839774177655234,0.05055892751614855,5.055892751614855,0.051432399722955845,-0.012698340727249973,-1.2698340727249973
1819,30.34698333333333,2015.6728739913096,665.7697082557418,14001.0,1977.6457142857143,630.6800000000001,-2.396347640917424,detected,2016.654464790577,665.1559982294472,27.331418518974715,-28.08197992290843,39.18678392838568,32.02967789153261,-22.740387341190427,39.28136303977634,40.885831777256854,39.666119115200566,221.31103541969333,13.252570096293615,-9.046692415508724,38.22542136591673,2.544674403521233,0.8393135624346337,0.04956638869372409,4.956638869372409,0.05005188531886507,-0.011415384751430568,-1.1415384751430568
1820,30.363666666666667,2016.8622417031931,664.9599248591109,14216.0,1979.0,629.4238410596026,-2.387876133611437,detected,2017.1638761092631,664.7589040388555,27.765915534607302,-28.9403935871901,40.10601509071203,31.032669023208648,-22.650656534189732,38.419770797518375,41.00768058545891,38.57314287016953,221.39872252700695,14.77747113806119,-8.299637018066718,37.51259539810838,2.5453171938287236,0.8388124972099124,0.04847920605365095,4.847920605365095,0.04867273548286376,-0.010472728098506901,-1.04727280985069
1821,30.38035,2016.607365792759,665.0674157303371,14276.5,1977.362637362637,630.4945054945055,-2.419398835992654,detected,2017.6511884840118,664.384632659194,26.96618349959408,-29.430735071119898,39.91670351319391,29.74379178561973,-22.61718543858332,37.36616419903928,40.94791734375011,37.49879419436514,221.9038010155485,16.788498441380266,-7.031720329305269,36.69857130952103,2.5459320990334535,0.8383402304847875,0.04714973400509689,4.714973400509689,0.04731709046607589,-0.008872833223098132,-0.8872833223098132
1822,30.397033333333333,2017.8082018927444,664.407570977918,14311.5,1978.7134502923975,629.421052631579,-2.4115935081099664,detected,2018.0440440464572,664.0152254305142,29.903217692887665,-33.13984940293403,44.63689109735777,28.702573453850324,-22.47567131513603,36.45536344544794,40.8533645216788,36.459670870619085,222.24822300633264,17.19280896326707,-6.135384325393183,35.9353667453029,2.546427815831492,0.8378741014896078,0.04600045860624346,4.600045860624346,0.046005893843052474,-0.007741809874313165,-0.7741809874313165
1823,30.413716666666662,2018.749696969697,663.4878787878788,14365.5,1978.8215962441316,629.1830985915493,-2.4318025091779685,detected,2018.3991846383772,663.6318231883529,31.689604310823597,-32.61782230259905,45.47695408820272,27.447385752602113,-22.385921004494715,35.41875836151831,40.74390639186266,35.471109492904354,222.84234484981872,18.18872110757416,-4.903124155451037,35.07773962768775,2.546875942761359,0.8373903131714232,0.04469243957289377,4.469243957289377,0.04475849778284462,-0.006186907451673233,-0.6186907451673233
1824,30.4304,2018.745145631068,662.3865291262136,14353.5,1977.29,630.325,-2.483281165787424,detected,2018.725021502177,663.2570130637852,34.7509791834309,-31.290964807891896,46.76275262231659,26.394390342409498,-22.381843466461163,34.60651323818466,40.642849933272636,34.546949214906434,223.47917762551344,18.751267683798133,-3.751672719217691,34.40255383416365,2.5472870933781415,0.8369173666420002,0.043667524590769294,4.366752459076929,0.04359236493994503,-0.0047339718854481905,-0.47339718854481905
1825,30.44708333333333,2019.2863247863247,662.6611721611722,14219.5,1980.8033472803347,627.9707112970711,-2.407977299552674,detected,2019.0439430269544,662.8941328920274,33.607876157365354,-29.42654106045279,44.67001968425043,25.354967973389588,-22.316245922501786,33.77705186965241,40.660304374432826,33.699393347299186,223.70303892632876,16.51810625757999,-2.911122201299296,33.65136847936933,2.5476895180150847,0.8364594736807918,0.04262088563993995,4.262088563993995,0.042522893813626735,-0.003673340317096904,-0.3673340317096904
1826,30.463766666666668,2020.02399520096,661.7876424715057,14224.0,1981.5846153846155,627.374358974359,-2.4114018770590717,detected,2019.3718219408106,662.5273343767115,32.08443431993146,-27.9514436852603,42.55225175851771,24.741395310199522,-22.469627628694568,33.42186122387198,40.638011919195165,32.93898268188753,223.79941166973074,14.616135883750006,-2.305498108284377,33.34224776676663,2.548103245351181,0.8359966364374909,0.0421726955506271,4.21726955506271,0.04156338508755525,-0.002909145877961359,-0.29091458779613594
1827,30.48045,2020.7170818505335,661.0794780545671,14085.5,1984.6497461928932,625.3654822335026,-2.3611168979475763,detected,2019.56392933997,662.1357662379118,29.62009151305847,-24.410765600527384,38.38274740616999,25.08575209030187,-22.403717441185346,33.63363663240354,40.56166052661965,32.274681645061065,224.057343618562,11.422430801140603,-2.448678893387134,33.54438082298789,2.548345652164,0.8355025441487846,0.042439920040887744,4.243992004088774,0.040725150340771066,-0.0030898156383433874,-0.3089815638343387
1828,30.49713333333333,2020.846058348852,661.0912476722533,14077.5,1982.950738916256,626.1625615763546,-2.3969090032078846,detected,2019.8097896325116,661.7615080282192,28.65910636452736,-19.969610421382413,34.93035525148689,25.43075359558958,-22.290146974325264,33.81676922144713,40.58970481682301,31.714061001625026,224.2811665021331,9.976396572681129,-2.643908110220721,33.71325600533599,2.5486558859716237,0.835030294041917,0.04267100217217304,4.267100217217304,0.0400177425888013,-0.003336161653275358,-0.3336161653275358
1829,30.513816666666667,2021.7811158798283,660.9858982219497,13930.5,1975.744047619048,633.1666666666666,-2.598032800614684,detected,2020.0733451779158,661.3963813030953,22.6914270697107,-17.789230815084466,28.833272368088053,25.76419256014501,-22.257787694839212,34.04706641319876,40.6362820309531,31.26354137557997,224.60317296353895,9.69376855977286,-2.714523099338898,33.938681407619875,2.5489884481740264,0.834569566313054,0.04296159799772715,4.296159799772715,0.03944926356540059,-0.003425265740490723,-0.3425265740490723
1830,30.5305,2022.1930147058824,660.4975490196078,13976.0,1985.621212121212,624.469696969697,-2.363686817246029,detected,2020.3291386796743,661.0016585016238,16.302047020884856,-18.080304776464118,24.34448927131091,25.95525293701247,-22.120577587981337,34.10271408334235,40.803830080755816,30.928644506734763,224.63622031364866,10.325577520710107,-2.9273066914461587,33.976844812083584,2.549311215999589,0.8340714933774432,0.043031815878034514,4.303181587803452,0.03902668076559592,-0.0036937623866828504,-0.36937623866828506
1831,30.547183333333333,2021.930204572804,660.2719614921781,14027.0,1988.2549019607843,622.7973856209151,-2.30284698675572,detected,2020.6439247415499,660.6247283025948,10.433899274841679,-15.672460210397503,18.827964922530388,26.208949352894667,-21.975741810535116,34.202956806479456,41.01553217959192,30.714188962114967,224.60236202367977,12.305265697106952,-3.2297166563846815,34.050127527299665,2.549708422386814,0.8335958716751986,0.043158305118586066,4.315830511858606,0.03875607440014507,-0.004075352247804015,-0.4075352247804015
1832,30.563866666666662,2022.904306220096,659.9635167464115,13928.5,1996.6908212560384,616.1159420289855,-2.1096202127384838,detected,2020.9585588867985,660.2471022399441,5.536858259159089,-14.418410794457941,15.444978770453506,26.49892919482227,-21.918976947816034,34.38945767108133,41.100570847266546,30.624368536013797,224.69833043493085,12.049874076780187,-3.4187297796291514,34.219104102898015,2.550105437081134,0.8331193719116015,0.043393637439850266,4.339363743985027,0.0386427363230458,-0.004313854611519434,-0.4313854611519434
1833,30.58055,2023.2744733581164,660.0650557620818,14169.5,1982.6734693877552,627.5238095238095,-2.465944621224064,detected,2021.2520463644405,659.8743504141271,3.0394384754372368,-16.412449397535056,16.691515253943155,26.80020352745163,-21.889835259987354,34.60369628843451,41.22403246501377,30.662667334071372,225.28162819175796,13.04144125599877,-3.302882945007937,34.445707440460446,2.550475768283206,0.8326490226045768,0.04366397008004355,4.3663970080043555,0.03869106288210899,-0.004167675640388564,-0.4167675640388564
1834,30.59723333333333,2019.239393939394,658.0883838383838,14774.5,1992.097435897436,619.9692307692308,-2.189550177989983,detected,2021.5795012974836,659.4807262886073,-3.194810220828913,-15.7158927304597,16.03733446251056,27.029341062618723,-21.900216636609777,34.78799745616017,41.325139537957284,30.83159467673288,225.5261598354213,14.68517926840888,-3.308965227548059,34.63026878516371,2.5508889606277396,0.832152336010861,0.04389652675856173,4.389652675856174,0.03890422041228124,-0.0041753504448555955,-0.41753504448555956
1835,30.613916666666668,2017.601490825688,659.0814220183486,14592.5,1987.578947368421,623.3223684210526,-2.2692091515065145,detected,2021.8540451488188,659.1336484004314,-5.8975835153351,-15.04580032265062,16.160371241695714,27.19356377974582,-21.87116422778331,34.897531943129906,41.42726355338621,31.13226052792735,225.9417775989146,15.360607492778003,-3.1927526261104937,34.751173597308,2.5512353882004026,0.8317143828396611,0.04403474062224594,4.403474062224594,0.03928360949896196,-0.004028709938309771,-0.40287099383097713
1836,30.6306,2019.93818753274,659.4704033525406,14452.5,1990.712643678161,621.5804597701149,-2.22780770378005,detected,2022.132680649106,658.7836945069132,-4.430127093391093,-15.257346497978006,15.88749974737874,27.522116638995296,-21.79933592058243,35.109513680323985,41.445521872837475,31.563849645564904,227.0128970069933,15.503168882782939,-2.8191360000348915,34.99614868927957,2.5515869787370424,0.8312728006396382,0.04430222546413121,4.4302225464131215,0.03982820144550777,-0.003557269400674942,-0.3557269400674942
1837,30.64728333333333,2020.241255144033,658.9902263374486,14414.0,1985.6216216216217,625.2905405405405,-2.369659087613753,detected,2022.4531442609314,658.4112221507027,-3.2682947216771936,-17.618600831101958,17.919175361423573,28.031675727200586,-21.65660842802487,35.42292383019398,41.29782559933032,32.123080048089605,227.84430276016883,14.890333702652052,-2.7588326664492975,35.31532776286037,2.5519913492251503,0.8308028039756501,0.04469769568478736,4.469769568478736,0.0405338549502708,-0.003481176866182079,-0.3481176866182079
1838,30.663966666666667,2026.3781664656208,657.6640530759952,14120.5,1989.6986301369864,622.1301369863014,-2.3720575199461997,detected,2022.8104912183348,658.0310026860661,6.300054941977578,-20.586246129381834,21.528683702712172,28.5738461494507,-21.438610960900803,35.722244102314384,41.034437989180645,32.80374053066751,228.40078092471737,11.26728131687287,-2.9386878822379394,35.60116342531691,2.55244226021241,0.8303230317805251,0.045075386879891974,4.507538687989197,0.041392732530810744,-0.003708123510710334,-0.3708123510710334
1839,30.68065,2021.16285119667,658.4635796045786,14572.0,1984.6463414634147,626.2439024390244,-2.4186251962774428,detected,2023.215770761406,657.676792953358,15.494087786009914,-20.19573789942774,25.454559230577214,29.31072602706844,-21.24691147082517,36.20151802456562,40.765978089813586,33.59638992791583,229.32200540141002,7.641149300574136,-2.991608512033192,36.07769651451822,2.5529536539576103,0.829876079436414,0.04568014892689669,4.568014892689669,0.042392921044688746,-0.003774900330641252,-0.3774900330641252
1840,30.697333333333333,2021.4003099173556,658.0547520661157,14579.5,1990.5507246376808,621.5507246376811,-2.272439307734778,detected,2023.6353540810182,657.3404647103453,15.588210736071233,-22.19002655394661,27.118067637960895,29.91109610662071,-20.97876079203503,36.53466948897891,40.404605069620914,34.488271500552166,229.6865474413048,2.610407830392545,-3.3548966805253837,36.3803070758333,2.5534830966322,0.8294516904862401,0.0461005293236327,4.61005293236327,0.04351832366000274,-0.004233308114227614,-0.4233308114227614
1841,30.714016666666662,2022.3604834471887,657.730951129795,14660.0,1992.8056872037916,619.9952606635071,-2.2352124321266853,detected,2024.117883143456,656.9684968429502,21.499359336894486,-23.415519694572595,31.78850443892932,30.65028117637674,-20.792128763886254,37.037175307047654,40.19606900258173,35.46345843325269,230.06229061553464,-1.0086505702034594,-3.733867690905969,36.8484814719927,2.5540919661116166,0.8289823304011991,0.046734606065675276,4.673460606567527,0.044748843448899296,-0.004711504972752012,-0.4711504972752012
1842,30.7307,2022.597175141243,656.6593220338983,14555.0,1997.1061452513968,617.0670391061452,-2.1428277765500288,detected,2024.6442665643376,656.6283000431473,24.875702420561538,-23.338055340434494,34.10960858745691,31.27873139785051,-20.4786192481659,37.38626598324885,40.16342458566307,36.50321157197731,230.00859270062728,-1.567296394537746,-4.412480896282563,37.12496325264405,2.554756172320931,0.8285530599913531,0.04717509903249066,4.717509903249066,0.046060834791138566,-0.005567799238211437,-0.5567799238211437
1843,30.74738333333333,2024.647119341564,656.0843621399177,14785.0,1989.9953703703704,622.5694444444445,-2.3728701757325728,detected,2025.179805645124,656.2960849016928,28.865282531345656,-23.55257590451356,37.25491064748755,31.96832484179385,-20.21858121742796,37.825452008352585,40.15900585152701,37.58650603434885,229.79717098485955,-4.073158454393961,-5.193178970237257,37.46726186711901,2.555431931413406,0.8281338610746912,0.04772927698214838,4.772927698214838,0.04742776786668625,-0.0065529072179649935,-0.6552907217964994
1844,30.76406666666667,2024.4140946502057,656.4192386831276,14680.0,1997.73,616.825,-2.163816617198015,detected,2025.7247393302118,655.9979881025466,31.82285917895115,-25.19069209811869,40.58651666139353,32.3429544200221,-20.05782150514225,38.05762609711455,40.162446932987976,38.69067206681358,229.6242940735622,-4.751608027481718,-5.671356795298095,37.632680162967404,2.5561195448961667,0.8277577136940653,0.04802224113200575,4.802224113200575,0.04882103730828213,-0.007156286177032297,-0.7156286177032297
1845,30.78075,2023.5510447761196,655.5283582089552,14702.5,1995.2375,618.9458333333333,-2.229458609412412,detected,2026.295527937703,655.676011580444,32.05750639321468,-26.38233672613137,41.51760358308244,32.88257594476222,-19.88379031080537,38.42692959224212,40.23277594389149,39.79209582301821,229.285713540761,-4.5355945938760245,-6.377540027314788,37.89400877562481,2.5568397828866916,0.8273514341709073,0.04848823923311309,4.848823923311309,0.05021084646437629,-0.008047369119640112,-0.8047369119640112
1846,30.79743333333333,2025.659266907589,655.4889003613836,14711.0,1995.7329192546583,619.1677018633541,-2.2599630191752635,detected,2026.857411612402,655.3947481155299,45.57813823097604,-23.967132427092793,51.49553496546824,33.329227933652454,-19.73835759067879,38.73551593861718,40.29064759529602,40.86693343902455,228.95552744234277,-4.9496781536262695,-6.998786828665308,38.09799440860066,2.557548784368962,0.8269965275905741,0.0488776226354791,4.88776226354791,0.05156710844040953,-0.008831276755413639,-0.8831276755413638
1847,30.814116666666667,2025.325632563256,655.2486248624863,14657.0,1994.873493975904,620.1385542168675,-2.2852676751785794,detected,2027.457588187974,655.1345412171742,55.54754198106002,-21.463407974983056,59.55004031936664,33.88951925168125,-19.771328821833194,39.23525147735294,40.26613809041392,41.891802463139804,228.57405823094956,-5.063413728074358,-7.598277572221683,38.492481557137864,2.5583061049690525,0.8266681908103145,0.04950820375691223,4.950820375691222,0.0528603185654761,-0.0095877319523302,-0.95877319523302
1848,30.8308,2026.2297965915336,654.4843320505772,14633.5,1994.6041666666667,619.9166666666666,-2.311777597980687,detected,2028.1273196274658,654.8509682098387,61.61283600474417,-22.115906372730024,65.46185817126535,34.339950343728816,-19.8685199828681,39.67354629875416,40.159104590885214,42.84442512076445,228.2617315218902,-5.9937216321809315,-8.035332701699357,38.85130247871223,2.5591511919589474,0.826310369980869,0.05006125715931125,5.006125715931125,0.05406236608298354,-0.010139221074699504,-1.0139221074699505
1849,30.847483333333333,2026.194600674916,654.1428571428571,14669.5,1992.7005988023952,621.1197604790419,-2.363273832981499,detected,2028.7800811468728,654.5340327490171,69.4034003105935,-21.021561039261996,72.51715661276239,34.81186079381767,-20.056104535710816,40.176024953639946,39.921216780157486,43.704206430926895,227.83116944490095,-7.502123839771182,-8.504829671640103,39.26551735724222,2.5599748658004704,0.8259104514183182,0.0506952996260441,5.06952996260441,0.05514726363523899,-0.010731646273362906,-1.0731646273362907
1850,30.864166666666662,2027.3991769547324,653.0673868312757,14707.5,1995.3387096774195,619.016129032258,-2.326091068734061,detected,2029.4317791434414,654.236834217605,71.16677323897329,-18.66989447349647,73.57495887120115,35.39914058484713,-20.184359629140843,40.74932548870302,39.62657665179397,44.452736518919934,227.6790780527234,-9.422210208927638,-8.909605032400728,39.76338096730309,2.5607971976573394,0.8255354374985552,0.05141870724126565,5.141870724126565,0.05609178109642894,-0.011242403826373159,-1.124240382637316
1851,30.88085,2033.2378908645003,653.8025751072961,14217.5,1992.1868131868127,621.3516483516484,-2.4726705503547417,detected,2030.1500447302021,653.8949207286132,67.19801495987394,-18.729012135752555,69.75922240197785,35.828138937064956,-20.273933244663606,41.166587287540686,39.26434313749999,45.07421096404949,227.39791680506454,-11.103141048358424,-9.329080905121836,40.095587766840346,2.5617035264734414,0.8251040009193858,0.051945220552101816,5.194522055210181,0.05687597597987318,-0.011771710921289385,-1.1771710921289384
1852,30.89753333333333,2033.1497797356828,653.373190685966,14199.0,1996.011235955056,618.370786516854,-2.3857964802571927,detected,2030.8669565693874,653.5486321949367,67.08038700908946,-18.391317756764693,69.55586884023164,36.42001349741237,-20.484537499508882,41.78556760079351,38.908651150791805,45.55576623587457,227.26582439218836,-12.957800567198575,-9.668448220796176,40.65162688899755,2.56260814709071,0.8246670437790999,0.05272626826598551,5.272626826598551,0.05748361670141902,-0.012199934663465207,-1.2199934663465206
1853,30.91421666666667,2033.590670553936,652.6291545189505,14170.5,1997.953488372093,616.8662790697674,-2.354434083525068,detected,2031.6169342679289,653.1999676982166,60.11734921882635,-17.071974581364657,62.49438369329744,36.83508305511867,-20.61353580081123,42.2106763969593,38.630379528729435,45.8877296569006,226.6648210868602,-13.33210024784715,-10.28534381608913,40.93840378512155,2.563554491189816,0.8242270885781914,0.05326268315073729,5.326268315073729,0.05790249798977994,-0.012978351818408998,-1.2978351818408997
1854,30.9309,2033.9626682986536,653.1542227662179,14177.0,2003.6518987341767,612.7278481012659,-2.214154758064641,detected,2032.4449344000627,652.8581156884169,54.046960435301116,-18.838334821783747,57.235974623942894,37.06615342891687,-20.729612570915045,42.46900713880942,38.429164690647255,46.06378515467891,225.75295691485726,-15.985355084333843,-11.013629737095268,41.01605206953023,2.5645992863092277,0.8237957295752895,0.05358865254108444,5.358865254108444,0.05812465003744973,-0.01389732458939466,-1.389732458939466
1855,30.94758333333333,2033.8932275777915,652.627821842587,14300.0,2008.7012987012984,609.1493506493507,-2.095939691590339,detected,2033.287697961626,652.5108311824949,45.27186519582938,-19.925043033196744,49.4626032289455,37.248784157139205,-20.889684112492677,42.70656651505566,38.274416661442956,46.08105745324438,224.98646442950567,-15.59613081140749,-11.577342115191623,41.1073712739295,2.5656627103616736,0.8233575156876909,0.05388841200637939,5.3888412006379385,0.05814644473595505,-0.014608633583838012,-1.460863358383801
1856,30.964266666666667,2034.720830788027,652.0537568723274,14238.5,2003.3631578947368,613.0105263157894,-2.247456643855185,detected,2034.111646808236,652.1516197307551,35.93997838908399,-21.573020307511342,41.91750531455946,37.32743576593676,-20.981425238462307,42.82006148871482,38.286575314086896,45.94011832997365,224.6281698235278,-16.15367400643505,-11.825702169357498,41.154713388614084,2.566702393448878,0.8229042520261894,0.05403162332960861,5.403162332960862,0.057968603570944674,-0.014922021664804415,-1.4922021664804415
1857,30.98095,2035.8384146341464,651.5518292682926,14081.5,2002.0164835164835,614.2307692307693,-2.307049643192005,detected,2034.9570027386253,651.7802747783973,40.4700765831567,-19.060708158688385,44.73407754896996,37.47166469498092,-21.017633562662848,42.96354938302295,38.355766986418644,45.64491910420434,224.4584005065401,-14.08346407538598,-12.025177601166806,41.246353526679755,2.56776908862918,0.8224356779538137,0.054212680609492685,5.421268060949268,0.057596112434327246,-0.01517372567970575,-1.5173725679705752
1858,30.997633333333333,2035.7621118012423,651.4130434782609,14191.0,2008.0224719101125,609.5,-2.155448470472145,detected,2035.8106597203453,651.4351707403588,43.59880567246091,-18.25542687785355,47.26644123009123,37.56832676752693,-21.05557836327898,43.06642028685299,38.438632458984294,45.20265360924262,223.88824110719904,-16.120607293266698,-12.478382780836517,41.219006774773035,2.5688462583222025,0.8220002154452477,0.05434248616637601,5.434248616637602,0.057038048718287215,-0.015745593414304756,-1.5745593414304755
1859,31.014316666666662,2037.0920427553444,650.4305225653206,14077.0,2005.936507936508,611.3280423280423,-2.243562330506606,detected,2036.6091847500713,651.0705625362203,45.07651014626936,-18.707285926523582,48.804244832836325,37.19752893945591,-21.078099704419255,42.754443586030895,38.62873701591989,44.62355560343443,223.71614902608997,-15.439936675715328,-12.318564002554616,40.94136572301984,2.569853860883371,0.8215401420015399,0.053948824714234574,5.394882471423458,0.05630732568256711,-0.015543929340762925,-1.5543929340762925
1860,31.031,2038.314009661836,650.2789855072464,14200.5,1998.5061728395065,617.8148148148148,-2.457458418178497,detected,2037.4283531522447,650.6939841606692,45.07736279705932,-15.572302736203483,47.69135403032376,36.59252504627714,-21.057385860212488,42.218791888545276,38.83308555661246,43.92063411843689,223.42978600164088,-15.412490047854261,-12.097909026620224,40.448324881407856,2.570887511864031,0.821064964240592,0.05327292351866912,5.327292351866912,0.05542035850906863,-0.015265500349047603,-1.5265500349047603
1861,31.04768333333333,2039.0880388585304,650.5907710989678,14221.0,1999.4774193548387,617.0967741935484,-2.43966950530314,detected,2038.1496610440804,650.3399827927158,40.68887959310905,-13.100690293387288,42.74591218708262,36.26326567726272,-21.0406296187589,41.92532089720405,39.02606260686099,43.10934993469056,223.1266093527454,-14.420446339723988,-12.082914691078116,40.14642829569853,2.5717976795508903,0.820618274817307,0.05290261311950038,5.290261311950038,0.05439665606901018,-0.015246580051833587,-1.5246580051833587
1862,31.06436666666667,2039.5071651090343,650.7401869158879,14180.5,1994.544776119403,621.3805970149253,-2.563124615245755,detected,2038.8538885788041,649.9857782270187,37.92279096628499,-12.12191126808898,39.81304820613425,35.77451074062006,-20.933137922961865,41.44890688585749,39.19588480825403,42.207236492834085,223.10621268798775,-17.346906675510542,-11.813826172927905,39.72965382668628,2.5726862947366613,0.8201713289930836,0.05230145979288012,5.230145979288012,0.05325834257770863,-0.01490703618035067,-1.490703618035067
1863,31.08105,2040.3524041387705,650.0164333536214,14222.0,1988.7622950819675,626.4590163934427,-2.7132417144768755,detected,2039.580140377515,649.627417820398,33.985731163134005,-14.200926004788698,36.83335746421037,35.02622262272447,-20.964292459378683,40.820801431856005,39.29956230441049,41.23346927473788,222.5036353266553,-17.731311141694334,-11.658287321214587,39.12061050488635,2.573602700791817,0.8197191392055496,0.051508897705812,5.1508897705812,0.05202961422679859,-0.014710772645065725,-1.4710772645065726
1864,31.09773333333333,2040.657878969443,649.7765128819652,14158.5,1990.1525423728813,625.4067796610169,-2.6920282132325344,detected,2040.2246994928355,649.3316216079984,29.25382189715674,-14.302207822265927,32.56285067652787,33.98073948649974,-21.09564575927755,39.99646141910916,39.40843451340118,40.2083891510756,221.8237984454547,-18.649954532111803,-11.254952166024859,38.38024202360871,2.574416024596638,0.8193458947734996,0.05046872103357623,5.046872103357623,0.05073613773006385,-0.014201832386151242,-1.4201832386151243
1865,31.114416666666667,2041.082869511441,649.8923933209647,14176.5,1991.4700854700852,624.4188034188035,-2.6672445326185983,detected,2040.7911214233895,648.9868416518224,27.041088999965723,-18.63321833404393,32.83926490937667,33.021218565233546,-21.00285276976329,39.13464833113079,39.5489420210649,39.15298756215345,221.38894294448002,-18.26839885244207,-10.887400174426864,37.58969562849862,2.5751307525847187,0.8189108412010377,0.049381259723824344,4.9381259723824344,0.04940440070934189,-0.013738044384134845,-1.3738044384134844
1866,31.1311,2040.9792060491493,649.6282293635791,14037.0,2002.903448275862,614.303448275862,-2.3936559276457774,detected,2041.3612894813518,648.6371941892646,27.146668927572136,-25.195048090984983,37.03690162756945,31.964025687459397,-20.85305098811728,38.164756957978696,39.56537765761951,38.0883648835729,220.70179560434943,-15.676204380305371,-10.63363544794764,36.653437367070154,2.575850207547447,0.8184696456646873,0.0481574220289952,4.81574220289952,0.04806102824425603,-0.013417836527378726,-1.3417836527378726
1867,31.147783333333333,2041.998750780762,649.1692692067458,14172.5,2000.9923664122136,617.2290076335878,-2.4798447331030764,detected,2041.860458228353,648.2722900585327,24.948132395777975,-29.07602278991999,38.31219663915413,30.954114826939666,-20.829554650356197,37.30988570944089,39.62611772333664,37.03517806665325,220.39749283784252,-12.776581589841344,-10.074267299676192,35.924040836551455,2.5764800734742628,0.8180091988120287,0.04707872013809577,4.707872013809577,0.04673208588852146,-0.012712009210947877,-1.2712009210947877
1868,31.164466666666662,2041.6834487098804,648.0723725613593,14229.5,2004.23178807947,613.9602649006622,-2.402826075892495,detected,2042.4003195762825,647.9178422176986,24.997919259656555,-30.39656723079611,39.35539691997295,30.00577326761607,-20.935912097160205,36.58768706447023,39.69985323137048,36.01309950530913,219.64459381340444,-11.172762417331041,-9.747348630264698,35.2653943605864,2.577161286531587,0.8175619460160236,0.046167428472517646,4.616742847251764,0.04544239685212509,-0.012299493539766181,-1.2299493539766182
1869,31.18115,2042.652282676673,648.2689180737962,14274.0,2008.359649122807,610.3157894736842,-2.305570517515605,detected,2042.853793694219,647.593293560671,28.604415978623365,-32.841680698818664,43.5521366249841,29.06619316827584,-20.998672350667675,35.857883732677536,39.68068008779058,35.040315410533026,219.88538963967102,-10.563505673985896,-8.837841783108134,34.751696050739284,2.5777334936204657,0.8171524208967458,0.04524654098760573,4.524654098760573,0.04421490903537291,-0.011151850830420359,-1.1151850830420358
1870,31.19783333333333,2043.359021406728,647.2666666666667,14393.0,2007.873015873016,610.9206349206349,-2.3442223235308743,detected,2043.2061237273806,647.2460164733343,28.205823332877117,-32.12787683432248,42.75241443201624,27.995590208588975,-21.129099777144102,35.074091984251766,39.859631830206226,34.1330973553576,220.0691240229064,-10.614044170061094,-7.823099612487882,34.19051097852804,2.5781780741039504,0.816714216370138,0.04425752931766785,4.425752931766785,0.043070154391618425,-0.00987141906938534,-0.9871419069385341
1871,31.21451666666667,2043.9969549330085,645.9969549330085,14438.5,2009.8957055214723,608.8527607361963,-2.313509704553535,detected,2043.5787676168875,646.9045889834481,30.682502185308294,-30.745140613859576,43.43592535813466,27.09538901115155,-21.214793888799687,34.41260794258239,40.01226901558206,33.30548289829451,220.0370468535254,-9.971759161146439,-7.097894632139852,33.67265176966205,2.5786482872137384,0.8162833930390513,0.04342284913890523,4.342284913890523,0.04202584592844733,-0.008956333920681202,-0.8956333920681202
1872,31.2312,2039.3367799113737,645.7503692762186,14870.0,2005.1024390243904,613.4634146341464,-2.3854607606315628,detected,2043.868500870071,646.5537044712814,29.137450177343453,-27.74253007957077,40.232312611296166,26.152758372687117,-21.229017416818316,33.684387347608556,40.13498949245824,32.569097747920374,220.11476590530194,-10.165244352545661,-6.322166372590157,33.085769801245696,2.5790138812240646,0.815840636556822,0.042503958798244236,4.250395879824423,0.04109665330967871,-0.007977497000113763,-0.7977497000113764
1873,31.24788333333333,2044.5354760460884,645.5427531837477,14137.5,2007.5294117647056,611.552036199095,-2.3986405861625584,detected,2044.1423327858836,646.2045532723151,24.86426030022176,-24.783408593843888,35.106249896657985,25.20433520257698,-21.39150979593456,33.0583605817564,40.22081226703933,31.93314074958038,220.08801799280147,-10.241688815977412,-5.507375310525303,32.596380497571225,2.579359410455374,0.815400067220587,0.04171401966152228,4.171401966152228,0.040294183911142444,-0.006949369477003538,-0.6949369477003537
1874,31.264566666666667,2045.8322824716267,644.9590163934427,14132.0,2003.6975609756096,614.9365853658537,-2.52250390013734,detected,2044.372041610209,645.8393022971833,18.453047790158962,-23.94782575772433,30.232653394437865,24.09131835273491,-21.498394128866927,32.288892363983656,40.1340392361937,31.404533661471376,220.07618866269377,-11.308386930817269,-4.59362404877484,31.960462890756748,2.5796492638614628,0.8149391827093796,0.04074308184729799,4.074308184729799,0.03962717181258218,-0.005796371039463522,-0.5796371039463522
1875,31.28125,2045.091687041565,645.3948655256723,14074.5,2004.2648648648649,614.5945945945946,-2.49527342803634,detected,2044.4667155953898,645.4613216065549,14.67614513659828,-19.994752459220763,24.80280955811281,23.673057761792123,-21.801959697024046,32.18290090131415,39.96638333172516,30.98821244281499,219.9349595190099,-11.117546079461926,-4.15681452129075,31.913320157253985,2.5797687263033313,0.8144622354656844,0.0406093386767371,4.06093386767371,0.03910184535370977,-0.005245191824972555,-0.5245191824972555
1876,31.297933333333333,2046.523780487805,644.625,14045.5,2002.3978494623657,616.3548387096774,-2.5718042778899357,detected,2044.7253503162897,645.1079057896244,12.643099352939316,-16.70974122796929,20.95384005746897,24.03441073829268,-21.942174057922912,32.5439994764802,39.86638779399325,30.687510538692646,219.08168197367647,-9.822748623390606,-4.823709715730974,32.1845261966602,2.580095079263457,0.8140162849080435,0.04106498356653654,4.106498356653654,0.03872241077437558,-0.006086699956758327,-0.6086699956758327
1877,31.314616666666662,2046.2602495543672,644.4830659536542,14024.5,2010.5989304812836,609.6042780748663,-2.3672874574417744,detected,2044.9412510168095,644.7364230620462,11.832845873646875,-17.70487878792892,21.295045770430672,24.51047244229227,-22.036394970427345,32.96006618071396,39.683739539514704,30.504564043392666,218.8517136564125,-9.989058108568338,-5.264487820121399,32.5369195012195,2.5803675091694758,0.8135475369868091,0.04158998887156336,4.1589988871563355,0.03849156346169422,-0.006642886839269905,-0.6642886839269905
1878,31.3313,2048.129284425737,641.7486470234516,14177.0,2010.9274611398964,609.5077720207254,-2.427512779907884,detected,2045.1931808077366,644.3409579727659,6.84200132379101,-17.697175725881834,18.973745302061456,24.870773987750553,-22.15064932258092,33.304754377741986,39.567384841288714,30.440659972566827,218.64373462765636,-9.670177052715678,-5.592621528770465,32.83183285468019,2.580685401650141,0.8130485274104302,0.04202492665961134,4.202492665961135,0.038410927410178965,-0.007056935682991123,-0.7056935682991123
1879,31.34798333333333,2041.6464305789768,643.4896008993817,14617.0,2011.1243243243243,609.5189189189189,-2.3027730979910754,detected,2045.459144487575,643.9615531078143,1.5110285069558813,-16.693589595660114,16.76183584029998,25.187723794361382,-22.084043332305463,33.49815517075805,39.47845704358995,30.4964560066652,218.76018023000518,-8.284204089257468,-5.814732413090251,32.98962392644604,2.581021002507981,0.8125697831013431,0.042268965515152114,4.226896551515211,0.038481332500523914,-0.007337201783079182,-0.7337201783079182
1880,31.36466666666667,2048.524117647059,643.9888235294118,13962.0,2007.8381502890172,612.0578034682081,-2.4761787324259767,detected,2045.7377119238276,643.5819195554493,7.36641760612838,-17.97268829609061,19.423738902083464,25.312290916653556,-22.056153432710733,33.573590449884556,39.33004894954855,30.672022899096465,219.02374490699228,-5.008551918644688,-5.777251804140601,33.072788471614146,2.5813725071594043,0.8120907502276964,0.04236415198723604,4.236415198723604,0.038702868011478195,-0.007289907639294134,-0.7289907639294134
1881,31.38135,2048.368105515588,643.4814148681055,14038.0,2012.235294117647,608.4901960784314,-2.372243842089098,detected,2046.0066272783158,643.2032279825058,9.615328635982223,-16.196192305063278,18.835370714709352,25.61952271832401,-22.098157410018715,33.83324556161713,39.31420802581342,30.96669506660197,219.10694907314632,-2.817512215759601,-5.94112565541513,33.30752964690196,2.5817118325278434,0.8116129059716163,0.04269179250677241,4.269179250677241,0.03907469409034949,-0.00749668852418313,-0.7496688524183129
1882,31.39803333333333,2043.2241573033707,643.052808988764,14649.5,2005.182857142857,614.6571428571428,-2.500371848156447,detected,2046.3079703719159,642.8019826369522,11.87979789484234,-17.01507352843646,20.75192340966012,26.018679074122595,-22.076366026756695,34.12239144183072,39.25552974707768,31.378753361139072,219.12332475296145,-0.8670075470751591,-6.2550173340437585,33.54418512738586,2.582092076179074,0.8111066026964697,0.04305664535246779,4.305664535246779,0.039594641465159716,-0.007892766352105689,-0.7892766352105689
1883,31.414716666666667,2044.7045568352528,642.4126189283926,14757.0,2007.4171428571428,612.5657142857143,-2.4665742082673243,detected,2046.595215702637,642.412926253084,13.756006357315528,-21.295995003343023,25.35245775235443,26.383906141885895,-22.045310121287105,34.381771357036975,39.19123437734805,31.90499802505012,219.86469511957074,0.5750421753337288,-6.120705639424912,33.83257548758415,2.582454530855063,0.8106156798146171,0.04338393862086685,4.338393862086685,0.04025867258681403,-0.007723287873091372,-0.7723287873091372
1884,31.4314,2045.303911205074,642.6770613107823,14606.0,2007.2721893491123,612.6213017751479,-2.4728058904271637,detected,2046.8994148891802,642.0138482519586,15.210626127481191,-21.299913705779318,26.173449735632083,27.00416208319954,-22.1633344422869,34.9347701211325,39.12503941992314,32.54029163874618,220.53922578825828,1.1771619947309118,-6.116645518009305,34.39512772215549,2.5828383784090603,0.8101121113589383,0.044081728859473195,4.4081728859473195,0.04106030490693525,-0.007718164691494392,-0.7718164691494391
1885,31.448083333333333,2044.951098901099,642.204945054945,14359.5,2009.6024096385545,610.4518072289156,-2.40972680570274,detected,2047.2672246308364,641.5929456042899,14.022366799072188,-21.11065835933664,25.34337520955628,27.651269457854546,-22.125912793063442,35.41396221205879,39.06918587640606,33.277156831227465,220.7409479532649,0.4872723747351318,-6.510227868476774,34.81042448258333,2.583302491647743,0.8095810039170851,0.04468638764928554,4.468638764928555,0.04199010325706936,-0.008214798572210441,-0.8214798572210441
1886,31.464766666666662,2051.349939246659,641.9665856622114,13872.0,1999.2307692307693,619.5524475524476,-2.735447718136988,detected,2047.6825486483451,641.204739536041,16.20587086749765,-20.638111830647404,26.24046322968246,28.27584361119225,-22.038580867819135,35.84999830672249,39.045372035308894,34.1055014765674,220.9400430129165,0.03454140918232001,-6.918253829165533,35.17613029523346,2.5838265598086374,0.8090911539886952,0.04523659092330914,4.523659092330914,0.04303533309346044,-0.008729657828600041,-0.8729657828600041
1887,31.48145,2046.877498718606,641.2521783700666,14569.0,2010.1073446327684,610.5536723163842,-2.44594485170047,detected,2048.0963595922963,640.8368413018883,16.31938089131654,-21.016906436521822,26.608881014379012,29.02000332079029,-21.871792294893137,36.339178456999086,39.063688831577345,35.012519384733004,220.89442100941085,-1.5312400846611671,-7.6179749216290364,35.53170906420148,2.58434871872845,0.8086269290875563,0.0458538529425856,4.58538529425856,0.04417983518578297,-0.009612586651897839,-0.9612586651897839
1888,31.49813333333333,2047.1219748305905,639.4772507260407,14651.5,2010.341176470588,609.8823529411765,-2.4640355040635344,detected,2048.5672879409303,640.4641710317329,19.587781088113843,-23.75499254492229,30.789297471121092,29.733810695172465,-21.761986833262707,36.846757922339,39.10480059303251,35.98278434434389,220.00728989210728,-1.8379125979269222,-8.784532099096461,35.78429215713783,2.584942950083193,0.8081566826898838,0.04649433176320379,4.649433176320379,0.04540414428308378,-0.01108458309034254,-1.108458309034254
1889,31.51481666666667,2053.2452715070167,641.1299572910311,14076.5,2012.391061452514,608.2290502793296,-2.463613327801063,detected,2049.056931329661,640.1250576572087,23.091538704772574,-24.95957659456758,34.00293551348318,30.440874090559596,-21.766823242474803,37.42247198497774,39.24610579237831,36.99852731655296,219.2173798596358,-2.5057657209850235,-9.821764312394427,36.110585086068866,2.5855607966304874,0.8077287793781813,0.047220784839088634,4.722078483908863,0.04668583888524033,-0.01239339345412546,-1.239339345412546
1890,31.5315,2048.0071982281283,640.6389811738649,14846.5,2018.2785714285717,603.6285714285714,-2.2475160861606365,detected,2049.576764114655,639.7934380616679,21.222076353807097,-24.73828155169167,32.59385063010486,31.11606248443532,-21.647772595132597,37.905611759551604,39.41036181905231,38.04006604560431,218.6218027779107,-4.037120605974745,-10.798410444518174,36.33496573188941,2.5862167370531925,0.8073103319390131,0.04783042493318815,4.783042493318815,0.048000083338301976,-0.01362575450412388,-1.362575450412388
1891,31.54818333333333,2049.1513596716263,640.182657773217,14804.5,2017.1206896551723,604.8850574712644,-2.30771010210337,detected,2050.1091928728683,639.4685613939058,28.118718911839096,-24.180561087089018,37.085871807596234,31.670101584082904,-21.498749539199277,38.277820811735765,39.49637952765242,39.08634547997669,218.38769672510196,-2.7124076104757626,-11.473592673547532,36.51777974161173,2.5868885714484144,0.8069003929260642,0.048300089352347975,4.8300089352347975,0.04932030975391381,-0.014477719461889632,-1.4477719461889633
1892,31.564866666666667,2048.541857798165,639.2104357798165,14847.5,2019.7483870967744,601.9741935483871,-2.229021328460556,detected,2050.6935106423875,639.161577248061,33.140246367990585,-23.91471204305958,40.8679505411462,32.23829455764289,-21.436983111572857,38.71500847102073,39.54828997660215,40.115545286640184,218.1337229919521,-2.65288935816169,-12.120416200875592,36.76883724064115,2.5876258809367667,0.8065130312278372,0.048851745704758025,4.885174570475803,0.05061898458882043,-0.015293900568928194,-1.5293900568928194
1893,31.58155,2049.8398921832886,638.455525606469,14733.5,2008.6040268456377,611.2885906040268,-2.559043364177433,detected,2051.2628160774448,638.8210177752196,32.15064922382771,-23.19963255165385,39.647032625978085,32.74129994190814,-21.417645773317126,39.12426705201367,39.55860758394131,41.10571469004832,218.06585726051597,-2.131686579398274,-12.571899853645364,37.04936715285694,2.5883442474163343,0.8060833031863971,0.04936816031799833,4.936816031799833,0.05186840970353101,-0.015863596029836422,-1.5863596029836422
1894,31.598233333333333,2050.905735660848,638.1740648379052,14748.0,2008.7230769230769,611.9615384615385,-2.585582491035621,detected,2051.8676133882063,638.522461662279,41.462642233449515,-28.452682262116014,50.28623896144911,33.31544128689028,-21.429101570358714,39.61218275042393,39.402289409743275,42.03540181137375,218.370968988363,-1.6151599709369866,-12.817447346691432,37.48116948239177,2.589107398597106,0.8057065762300052,0.04998382681441506,4.998382681441506,0.053041516481228713,-0.016173435137780988,-1.6173435137780987
1895,31.614916666666662,2051.010288065844,637.7968106995885,14783.5,2013.0838709677416,608.6451612903226,-2.4862701392558,detected,2052.5570866117896,638.2225752979415,51.369677827689884,-28.968572088632754,58.97475704888462,33.63063899957631,-21.637702111878546,39.990124183380786,39.25079238509283,42.88425218324126,218.4077876880187,-0.21006806130622885,-12.91075680939698,37.8486775305403,2.589977396355571,0.8053281707229546,0.05046072452161614,5.046072452161614,0.05411262105140853,-0.01629117578472805,-1.6291175784728051
1896,31.6316,2056.824655894674,637.8378216636745,14227.5,2012.5886075949368,609.3037974683544,-2.5687121008721503,detected,2053.2383922669082,637.8858591881166,59.87574147533451,-26.710440245467225,65.56334368629904,34.11473214221239,-21.986819473299207,40.58614516908877,39.0131905508737,43.63355773276588,218.7619588133318,0.4223239358042052,-12.835447748583327,38.5030707967525,2.590837088033954,0.8049032923509358,0.05121280147519088,5.121280147519088,0.055058117012953794,-0.016196148578654042,-1.6196148578654042
1897,31.64828333333333,2052.2604166666665,636.8557291666666,14729.5,2012.3302752293575,609.3853211009174,-2.538991858524792,detected,2053.891542427392,637.5313329835919,65.60050750214305,-23.453966959285935,69.66717412573874,34.48115146890558,-22.273676223223198,41.049561010059385,38.743692581671546,44.26674275387139,219.12343106733564,-0.13888917921194338,-12.695541869636179,39.03702954573903,2.591661252274312,0.8044559406733022,0.051797553324996075,5.1797553324996075,0.055857088648418166,-0.016019611191969943,-1.6019611191969942
1898,31.66496666666667,2057.2797330097087,637.0327669902913,14276.5,2011.7027027027027,610.3873873873874,-2.612556516511493,detected,2054.585922663454,637.1574369064426,64.9942154882765,-20.87822184274569,68.26527810132632,34.928853530271425,-22.464185001735764,41.529079170279765,38.49660992377489,44.76977734758022,219.09418658447896,1.0798344692145383,-12.942797150042832,39.460719946095864,2.5925374418466296,0.803984147516016,0.05240262355871264,5.240262355871264,0.05649183261524318,-0.016331605236647107,-1.6331605236647107
1899,31.68165,2051.993659942363,635.9158501440922,14676.0,2013.2384615384613,607.6923076923077,-2.5121563080613902,detected,2055.3741636754535,636.7767291974191,62.243866285815784,-19.940088307106635,65.35981955224268,35.241518467878535,-22.731039389230265,41.936437326465416,38.244075134745216,45.13151185851417,218.83105862500477,1.438694947059835,-13.200122112885992,39.80479307622965,2.593532067729279,0.8035037592396456,0.05291664015957782,5.291664015957782,0.056948279947651954,-0.01665630550521892,-1.6656305505218918
1900,31.69833333333333,2052.125071715433,635.1847389558233,14722.5,2023.8048780487804,599.0813008130082,-2.2359636890923564,detected,2056.1134418222773,636.4083678699027,61.79830258158472,-19.690527970506082,64.85944105311411,35.48735875989258,-22.85294386911111,42.20911838972792,38.06373988056804,45.34392829449669,218.80221245381458,1.0812469604499475,-13.335357830788178,40.047195991266406,2.594464910816754,0.8030389499935682,0.05326071721101315,5.326071721101315,0.057216313305358604,-0.016826949944212213,-1.6826949944212213
1901,31.715016666666667,2059.1546961325967,635.5481890730509,14288.5,2017.8791946308725,604.0872483221476,-2.4903176110572,detected,2056.918824952158,636.0112702675759,57.87474232873319,-17.989277011180093,60.60610437078293,35.74979867353401,-22.976237536507206,42.49653628864612,37.92001106237917,45.402306761768806,218.69556499925037,-0.4200177810035538,-13.53762428149345,40.282605741750814,2.595481167132061,0.8025378804638182,0.05362338963867019,5.3623389638670185,0.05728997698645907,-0.01708217574951855,-1.708217574951855
1902,31.7317,2058.990373044525,635.4440433212997,14299.0,2018.7777777777776,603.4583333333334,-2.4696535728205653,detected,2057.7234026363335,635.6110343382411,54.5250965597761,-15.88896124521193,56.793003480224165,35.83594892020241,-23.033467741263436,42.59995153986891,37.73117668098047,45.30530666400127,218.58556822456646,1.6382559039563016,-13.646582297277028,40.35500790240073,2.596496407112093,0.8020328508999888,0.053753882069235225,5.375388206923523,0.0571675793867524,-0.017219662204765968,-1.7219662204765969
1903,31.748383333333333,2059.365868631062,635.4131368937999,14257.5,2018.144827586207,604.2137931034483,-2.4937034485709173,detected,2058.478721088833,635.1983622129482,50.145714721120385,-16.779284347144085,52.878512536703454,35.66113235761147,-23.077704056545894,42.47701479092662,37.56800273986624,45.054963852448296,218.80119930888463,1.2433607134875273,-13.330652798035084,40.33101141214832,2.5974494903329126,0.801512128975329,0.05359875683397681,5.359875683397681,0.05685168940372025,-0.016821012994366037,-1.6821012994366038
1904,31.765066666666662,2059.1860890787066,634.9585112873704,14237.5,2021.9850746268655,601.1417910447761,-2.403812678576438,detected,2059.230588858916,634.7692249982324,39.66349579583766,-14.382433323138457,42.19060662091688,35.37313061035573,-23.088586097182308,42.24146277230803,37.49456338462018,44.65660612057377,219.0385024954526,3.0597640660512666,-12.932947585466508,40.212933788718544,2.5983982193803357,0.8009706309125961,0.05330153031206061,5.330153031206061,0.05634902980514041,-0.016319176763995594,-1.6319176763995593
1905,31.78175,2060.622249388753,634.3441320293398,14207.0,2023.626582278481,599.6139240506329,-2.387768956606399,detected,2059.9789231617497,634.3504888852144,38.21222989450962,-15.245722561421871,41.141300051538266,35.05389846195627,-23.041432828544533,41.948580717033444,37.374643918522736,44.11869043228872,218.93978276792726,3.7903533379024896,-12.783549610009766,39.953276255419766,2.5993424897940063,0.8004422572684095,0.05293196304988448,5.293196304988448,0.05567027183885013,-0.016130661968466582,-1.6130661968466582
1906,31.79843333333333,2061.163548581774,634.5636692818347,14256.0,2024.8142857142857,598.5,-2.360138428055465,detected,2060.707905158136,633.9476297151524,38.36232727947936,-16.747969732210777,41.858841890918754,34.74919628774057,-22.947609373245115,41.64251935931554,37.33791204502918,43.45256606986396,219.29551952827453,4.196354189731677,-12.358858215054823,39.7662927893856,2.600262340893547,0.7999339176216435,0.05254576575307955,5.254576575307955,0.05482973636575895,-0.015594773772939842,-1.559477377293984
1907,31.81511666666667,2062.067106051528,634.0635110844818,14356.0,2016.6136363636365,605.5113636363636,-2.580722691931576,detected,2061.46922764253,633.5237667034154,40.36017758721755,-17.812206705105837,44.115968113339136,34.131276046563414,-22.865640600043175,41.082618278501386,37.33295190556421,42.67216853982934,219.21303728152856,4.619718239050393,-11.9891485301529,39.29429783236989,2.6012230001798486,0.7993990747046251,0.05183926596656327,5.183926596656327,0.05384500762123577,-0.015128263129530474,-1.5128263129530475
1908,31.8318,2063.5151515151515,633.3484848484849,14293.0,2016.5380116959063,605.5029239766081,-2.6065232761168224,detected,2062.2040540116764,633.1075202586964,40.44471772977067,-20.97621166699696,45.56069191901595,33.27933426098603,-22.687957232890906,40.27725775491581,37.28096607293329,41.793649758394764,219.4403817482306,4.07564059777884,-11.288073401666518,38.663120556086966,2.6021502258822418,0.7988738425977242,0.05082303817654992,5.082303817654992,0.05273646657210696,-0.014243625743427784,-1.4243625743427784
1909,31.84848333333333,2063.5261538461536,633.8535384615385,14213.5,2018.80981595092,603.9693251533743,-2.5524557320595718,detected,2062.817887329033,632.7324692983199,39.165193853109486,-22.068017440446965,44.954530397986765,32.41404541785286,-22.571342534208462,39.49855496277296,37.25627620604414,40.834951072724465,219.55582874932838,3.8969181741149654,-10.617269233805002,38.044834579271,2.6029247789640797,0.7984005921745362,0.04984044790255263,4.984044790255263,0.05152675214223908,-0.01339718515306625,-1.339718515306625
1910,31.865166666666667,2063.616875,633.184375,14199.5,2019.3312883435583,603.2208588957055,-2.546746350232983,detected,2063.5014969578456,632.3341382143941,34.5412293598547,-23.145616009614287,41.57903397332123,31.71792010228309,-22.415377626145126,38.83909898205031,37.28968959471142,39.815327441242616,219.85301471436287,3.904419860480783,-9.985329950427777,37.53356891528691,2.6037873778647898,0.7978979662011283,0.049008326791230676,4.900832679123067,0.05024016080913895,-0.012599785426407292,-1.2599785426407293
1911,31.88185,2065.0169799878718,632.844754396604,14236.0,2019.7664233576645,602.7664233576643,-2.5549484403528218,detected,2064.1252121032812,631.9652373456202,30.95435182195979,-26.441987682638228,40.71057122328864,31.040466751895476,-22.261407539750902,38.1979167210256,37.3639946194217,38.754833897044534,219.58922455775183,0.7116995646000457,-9.734082249410543,36.936817466968066,2.6045744001303235,0.797432476145893,0.04819926400129414,4.819926400129414,0.04890199860825809,-0.012282753627016458,-1.2282753627016458
1912,31.898533333333333,2064.992660550459,632.4648318042814,14136.5,2032.564516129032,592.1774193548387,-2.2485300832355217,detected,2064.6606556600577,631.5927386177187,28.421806245228254,-26.483110066769314,38.84783377551332,30.15362562297171,-22.167074059402115,37.42486219834823,37.52862927879496,37.67378936795408,219.68842295248396,0.3236192289072927,-9.047910460362719,36.314675089646784,2.60525003868777,0.7969624462053234,0.04722380088119651,4.7223800881196505,0.04753790456524174,-0.011416921716546019,-1.1416921716546018
1913,31.915216666666662,2065.6551925320887,631.2024504084014,14166.5,2031.8,592.8666666666667,-2.294208195268536,detected,2065.158389836406,631.1666979521942,26.9548788682514,-28.855542091727784,39.48680544447195,29.18733937144189,-22.235160112099276,36.692003553831896,37.636813256458545,36.5922378766525,219.63393811405572,0.3384801912043169,-8.29483729953799,35.7421151999795,2.6058780944307967,0.796424855460182,0.04629905811209072,4.629905811209072,0.04617317082227445,-0.010466671671341313,-1.0466671671341312
1914,31.9319,2066.0369047619047,631.1517857142857,14335.0,2027.751724137931,596.5103448275862,-2.406117440961599,detected,2065.6493309303883,630.780162433968,23.098373028820788,-33.73837855786837,40.88781021640298,28.351198479325305,-22.03056740029142,35.904545049239665,37.66760729258414,35.52943259538198,219.52579595419644,0.634827918462338,-7.847544147687653,35.03644396971494,2.606497578461058,0.7959371134813478,0.04530541962049169,4.53054196204917,0.04483209160300565,-0.009902263908754138,-0.9902263908754138
1915,31.948583333333332,2066.359326263256,630.8502807236432,14323.5,2030.8523489932888,594.2214765100671,-2.340644142017757,detected,2066.0882815407704,630.430515187485,21.623736771493896,-35.13007945419645,41.25176934897475,27.27041483064761,-21.857545424979566,34.94893155792678,37.96889582111874,34.503373210666766,219.43503576559067,4.998751452600125,-7.178200146012772,34.20381937305295,2.607051459357439,0.7954959182176466,0.044099598180349246,4.409959818034925,0.0435373794456363,-0.009057665799385202,-0.9057665799385202
1916,31.96526666666667,2066.451226810293,629.951526032316,14605.5,2028.816091954023,595.4137931034483,-2.3990846025306443,detected,2066.491362962259,630.078008771569,20.402534439214833,-35.39680335702997,40.855808637690615,26.361311916489356,-21.657306200942575,34.11682397058421,38.33988740003,33.53043003282937,219.94154994369327,5.961647123384366,-6.307095933000632,33.528767032680406,2.6075600794476452,0.7950511151691723,0.04304962015215673,4.304962015215673,0.04230969089316009,-0.007958480672556003,-0.7958480672556003
1917,31.98195,2067.35443823712,630.0043451272502,14388.5,2028.801282051282,596.1538461538462,-2.421053937608087,detected,2066.813187624642,629.707469567011,22.010506134220122,-33.23302162448522,39.86095967959181,25.320647038889135,-21.51727600196653,33.228426580456826,38.782726653716594,32.625087264490695,220.66899897583784,7.5264494042540715,-5.182830213941159,32.82173980742441,2.6079661673497063,0.7945835578132632,0.041928613981648995,4.1928613981649,0.0411673025419441,-0.00653984885039894,-0.6539848850398939
1918,31.99863333333333,2067.899464604402,628.837001784652,14618.5,2025.75,598.8785714285714,-2.523677293065704,detected,2067.1175190413924,629.3434441121028,17.896582680640677,-31.112492557269206,35.89254608928071,24.40638745741993,-21.514532237969096,32.53531690548467,39.45257909217425,31.799830772355843,220.9209864098406,5.769096879015248,-4.349400443268099,32.2432870831188,2.6083501817557004,0.7941242196998143,0.04105402764099012,4.105402764099012,0.04012596942884018,-0.005488202452073311,-0.5488202452073311
1919,32.01531666666667,2062.8697336561745,627.7283292978208,14916.5,2029.1069182389936,595.9748427672956,-2.38685402366844,detected,2067.3980348512077,628.9906127580098,17.731519763195138,-30.557089246337682,35.329060224144456,23.608064242666348,-21.546010752637326,31.962028669010117,39.98389318224581,31.065191245545797,221.26874386832753,2.6004452470935036,-3.5328185825583063,31.766184371141513,2.60870414492266,0.7936790066347127,0.04033063554449226,4.033063554449226,0.0391989794896477,-0.004457815246130355,-0.4457815246130355
1920,32.032000000000004,2069.1351504826803,626.3753549119818,14522.0,2028.2637362637363,596.6318681318681,-2.512495231537621,detected,2067.530845198786,628.6321066664586,15.891384661683333,-27.53700116650657,31.793435481397232,23.29263311678279,-21.558911261276005,31.73851622689094,40.297745863148954,30.42993206544604,221.53651783065072,1.0865047195161135,-3.1396551181286263,31.58284309595684,2.608871728957459,0.7932266330176135,0.040048600917212546,4.0048600917212545,0.038397390618859356,-0.003961709928238014,-0.3961709928238014
1921,32.04868333333334,2068.758280069727,627.1807088901801,14273.0,2024.2307692307693,599.6449704142012,-2.587754695664924,detected,2067.6536095176584,628.278302374519,13.622489429548295,-23.342702510745312,27.02691212039049,23.144256785535827,-21.479712847991856,31.575856064198916,40.4006949476637,29.901345215414963,221.21319197881627,0.8484368630678139,-3.258392165643011,31.40728524851971,2.609026636615342,0.7927801922706864,0.039843351500566455,3.9843351500566455,0.03773040405730595,-0.004111535855700961,-0.41115358557009607
1922,32.06536666666667,2069.1448362720403,627.27959697733,14147.5,2033.2124352331607,592.3834196891191,-2.370823469826828,detected,2067.7575705174036,627.8952144092509,11.373647711456215,-19.990080608228027,22.999199659722233,22.920378309493543,-21.41990347184133,31.37126083843782,40.29557715511313,29.485593226269522,221.25208056928756,-0.881747940781222,-3.1081955308758715,31.216904509178125,2.6091578176875756,0.7922968005164049,0.03958518717783952,3.958518717783952,0.03720579586910981,-0.003922013288171447,-0.3922013288171447
1923,32.08205,2063.9775429326287,625.813298106561,14730.5,2032.276381909548,593.2562814070352,-2.3428762620126347,detected,2067.797459070763,627.5393079260812,10.641711180200218,-14.34148438168404,17.85844873198357,22.79739556812697,-21.377758791109745,31.252676935272685,40.06915271421092,29.188017169879796,220.9160143209002,-2.3973236341882544,-3.2259109215605584,31.085741335002474,2.60920815024702,0.7918477071622476,0.03943555449245765,3.943555449245765,0.03683030557713539,-0.004070550058751493,-0.4070550058751493
1924,32.098733333333335,2070.624923640806,626.6065974343311,14056.5,2031.5852272727277,594.2102272727273,-2.448924589999424,detected,2067.9937444476295,627.1739740105392,11.343389412316355,-11.236230422758581,15.966382103431455,23.13276502199805,-21.469973668648585,31.56080776684019,39.7137783386071,29.01332664978539,220.42074094843238,-1.5468378043866582,-3.690023168342023,31.34435062196279,2.6094558289559995,0.7913867179943712,0.0398243631127321,3.98243631127321,0.03660987589878283,-0.0046561806540593356,-0.46561806540593353
1925,32.11541666666667,2071.0042321644496,626.6964933494559,14160.5,2029.4792899408285,595.887573964497,-2.503271427763659,detected,2068.2255285774336,626.78995986335,8.233772529403723,-11.212692416472237,13.911127966213861,23.33643025717337,-21.488511980432076,31.722943184406606,39.24185192590774,28.96560198882062,220.55955444913806,1.2990608989900867,-3.7567491805952784,31.499713647510927,2.6097483010440805,0.7909021575562776,0.040028950390418434,4.002895039041843,0.036549655506398264,-0.004740377514946724,-0.47403775149467237
1926,32.1321,2065.02198421646,626.4932356257046,14632.0,2034.542553191489,591.7021276595744,-2.290231780055715,detected,2068.495791029318,626.4268389203784,4.054944750148934,-11.338918228628927,12.042161081894468,23.841459245661706,-21.508611210162954,32.1097420598873,38.84208250728988,29.048071714540686,220.9147785841262,-1.1943384150338003,-3.9298642447981145,31.868349536333895,2.61008932621996,0.7904439607828119,0.04051702468124581,4.051702468124581,0.03665371825178636,-0.004958819236338315,-0.4958819236338315
1927,32.148783333333334,2072.2785714285715,624.5488095238095,14338.0,2031.377245508982,595.0,-2.515963610793721,detected,2068.7713932632964,626.0675681807425,1.2168508267250218,-10.910574524873937,10.978222187464121,24.217163747252673,-21.46988054778497,32.36397365431823,38.53564461918199,29.26267507064551,221.09028648816692,-2.813439091259013,-4.14084178149994,32.09797844160889,2.610437089291226,0.7899906223100852,0.04083782164582742,4.083782164582742,0.03692451113015207,-0.005225036948264909,-0.522503694826491
1928,32.16546666666667,2067.127372627373,626.054945054945,14822.0,2032.5392670157069,593.5130890052355,-2.386666966399705,detected,2069.0512011258406,625.7226857724368,4.908117957032118,-12.214050953796459,13.163307433243261,24.617713539238377,-21.390130746374677,32.61241348393283,38.29675790103613,29.609469527931388,220.97265046569788,-3.6349320820320914,-4.561450529301803,32.291836155841864,2.610790159149326,0.7895554394604881,0.04115131038982061,4.115131038982061,0.03736210665985033,-0.005755773538551171,-0.5755773538551171
1929,32.18215,2066.5301675977653,626.2128491620111,14732.5,2034.091370558376,592.6142131979695,-2.338632940100146,detected,2069.3228344417416,625.3681095475806,2.3289653763004026,-13.345999057792142,13.547685063308595,24.92689440882178,-21.270670315722406,32.76875769004228,38.35784999531853,30.085983864483126,221.04547060478342,-3.9326746373066257,-4.832030842455914,32.410537769161735,2.611132914122072,0.789108024665717,0.04134859014516376,4.134859014516376,0.037963386579789433,-0.006097199801206201,-0.6097199801206201
1930,32.19883333333333,2073.9264524103837,625.7323856613102,14099.0,2032.854054054054,593.7351351351351,-2.4797603327449607,detected,2069.6019978348477,625.025658479738,5.758069128909483,-16.032878838483384,17.03550891352497,25.573893691921164,-21.274943586944406,33.26630822909798,38.42472738687335,30.68663606875614,221.16999318135885,-4.214181165215084,-5.245802685140353,32.85009615483532,2.611485170769524,0.7886759097536127,0.04197641416920881,4.197641416920881,0.03872130734227904,-0.006619309381880572,-0.6619309381880571
1931,32.215516666666666,2068.590476190476,625.3107769423559,14551.5,2035.528409090909,591.75,-2.348709061801893,detected,2069.9150969221305,624.669493637165,9.130873778750356,-18.3641270536084,20.50887657587667,26.19261317567201,-21.013228876412025,33.57988643195303,38.3893708172136,31.402325888100144,221.24849487951974,-3.7211261292638236,-5.838533412451422,33.06841847404487,2.611880248482184,0.7882264903938991,0.04237209644410477,4.237209644410477,0.039624385978675264,-0.007367234589844066,-0.7367234589844066
1932,32.2322,2068.190193965517,625.239224137931,14468.0,2030.0273224043715,596.2896174863388,-2.492622663000708,detected,2070.2634492594802,624.3264191421225,11.819566638629112,-19.503148466195626,22.80515195343945,26.892053522732812,-20.812839720347984,34.00524724060128,38.23555701915543,32.2202774290043,220.93328892759035,-5.179646463202591,-6.6800653255021665,33.34266886650564,2.6123198097911424,0.7877935888228675,0.04290882932567985,4.2908829325679845,0.040656501487702584,-0.008429104511674659,-0.8429104511674659
1933,32.24888333333333,2070.009202453988,624.0966257668712,14530.5,2033.5833333333333,593.5512820512821,-2.4437766270917165,detected,2070.671481337689,623.9717618424093,15.491173929079196,-19.575677888562495,24.963646258063697,27.74328473826556,-20.627000663956554,34.5711296381727,38.01115912032572,33.12415934425663,220.41317270966704,-6.393464576000402,-7.751058876411209,33.69100904920703,2.6128346767668,0.7873460717254376,0.04362287651504442,4.362287651504442,0.04179704649117556,-0.009780515932380074,-0.9780515932380074
1934,32.265566666666665,2069.3750686436024,624.3305875892366,14592.0,2031.6374269005848,595.3157894736842,-2.486132755702686,detected,2071.096865083863,623.6641034203452,17.40141025281082,-20.619053908735395,26.980631254252852,28.532596996488994,-20.368489880833163,35.05687480922473,37.712534947219005,34.094463652689605,219.85063650172643,-6.681446156214219,-8.85308154495729,33.92060463122661,2.6133714385916256,0.786957859205483,0.0442358041756779,4.4235804175677895,0.04302140523998688,-0.011171080813826234,-1.1171080813826233
1935,32.28225,2070.3925967470554,623.5821648906337,14591.0,2031.092485549133,596.0520231213873,-2.530524133023813,detected,2071.560601794681,623.3404469731931,21.362311810853498,-20.893785301995194,29.881409440486593,29.157391043523898,-20.068877571596172,35.39651535742867,37.41415804226989,35.10909093123052,219.8987048293494,-10.234809789323855,-9.496131010533075,34.098926600106864,2.613956595324519,0.7865494599030829,0.04466437269076173,4.466437269076174,0.044301692026789304,-0.011982499697833535,-1.1982499697833535
1936,32.29893333333333,2071.0756668481217,623.154055525313,14666.5,2033.196428571429,594.2678571428571,-2.490084686160458,detected,2072.0916171997724,623.0483186222715,27.62493955235368,-20.95915687198044,34.675979323668415,29.86529973356495,-19.868105090902365,35.87029032610156,37.213261981628136,36.14407432993791,219.46282217807897,-12.071777223983075,-10.429402541406176,34.32062485894051,2.6146266463088614,0.7861808436874089,0.045262195995080835,4.526219599508083,0.04560766476963774,-0.013160129389786975,-1.3160129389786974
1937,32.31561666666667,2071.2880523731587,623.1423895253682,14734.0,2035.5625,592.0340909090909,-2.4251704490609267,detected,2072.642424967085,622.7520464296342,28.959357687602278,-21.53755440538066,36.09031237663677,30.461682589834716,-19.60721918442996,36.22647029935594,37.05556138539148,37.1743755589313,219.85725915260454,-12.87851970650468,-10.817891613930435,34.5735501703162,2.615321671882757,0.7858069986493808,0.045711634447136835,4.571163444713684,0.0469077294119007,-0.013650336421363325,-1.3650336421363325
1938,32.332300000000004,2071.702524698134,623.109220636663,14790.5,2037.2666666666669,590.96,-2.3905225883911574,detected,2073.2077248339324,622.4508804713377,28.007628005349943,-21.8326312412305,35.51184328363731,31.177009605983596,-19.565771913565317,36.80795238185975,36.92682230435067,38.17469677011669,219.95214556563042,-12.94049207163912,-11.335591624074777,35.01899086320822,2.6160349840175803,0.7854269785127289,0.0464453657815265,4.64453657815265,0.04816996437869614,-0.014303585645520225,-1.4303585645520225
1939,32.34898333333334,2071.557894736842,622.1637426900585,14864.5,2046.6416666666669,582.2583333333333,-2.128951272242429,detected,2073.8427219361874,622.1660292598501,40.93381297627002,-23.81401515270636,47.35698852830044,31.647833249976546,-19.504253439286217,37.17527742522212,36.76690970592684,39.1202667485901,219.99064516831208,-14.71098278018206,-11.71231509926645,35.28204822084064,2.616836242190773,0.785067544807382,0.046908867413529495,4.69088674135295,0.04936311261651748,-0.014778946497497098,-1.4778946497497099
1940,32.36566666666667,2072.5168900804288,622.054691689008,14864.0,2035.7916666666667,592.6041666666666,-2.4656848289146445,detected,2074.5054832741744,621.8912641222346,50.17235682390856,-23.170996063107395,55.26445917424817,32.0330140546312,-19.4654777856855,37.4835806033684,36.641863870460135,39.98757341259642,220.04292404228278,-15.562299192239196,-11.999944332250953,35.51084553868148,2.617672534099905,0.7847208380091288,0.04729789350582764,4.729789350582764,0.05045750588340243,-0.015141885592745683,-1.5141885592745683
1941,32.38235,2078.604693140794,621.9019253910951,14373.0,2037.759493670886,590.2721518987341,-2.4826690106326885,detected,2075.1846660503797,621.6225586333602,58.442924187989775,-22.33972599984577,62.56707397178891,32.299275486135365,-19.630183662807667,37.796657359677006,36.51164031580495,40.75502501905087,220.17694852378634,-18.000523522904725,-12.014024225502682,35.83644136174601,2.6185295470667254,0.7843817774553442,0.047692943040601905,4.769294304060191,0.05142589907766672,-0.015159652019561745,-1.5159652019561745
1942,32.399033333333335,2073.766738660908,621.0318574514039,14810.5,2033.5,593.6532258064516,-2.544462708266935,detected,2075.8909043763865,621.3511377314519,68.63578052681532,-23.259446455060697,72.46980211040318,32.63444632349436,-19.67812555650201,38.10821056227243,36.378984844449036,41.40352933730355,219.87942078823508,-18.919957219953968,-12.426423755838595,36.02526481372236,2.619420699528564,0.7840392905128731,0.04808607011012295,4.8086070110122945,0.052244201056534455,-0.01568002997582157,-1.568002997582157
1943,32.41571666666667,2079.7312646370024,620.365925058548,14231.5,2030.985815602837,596.3617021276596,-2.684011083509003,detected,2076.618162695805,621.0614122846888,72.46604941093665,-23.94807196750935,76.32062937495549,32.96985990893288,-19.906396356981475,38.513325983818966,36.25565724539303,41.916984139184194,219.04383041270336,-19.03591225572629,-13.067181684942133,36.228787464509736,2.6203383756413947,0.7836737063529197,0.04859725676191668,4.859725676191668,0.05289209355102107,-0.016488557331157266,-1.6488557331157265
1944,32.4324,2074.443237370994,620.0353068984248,14841.5,2032.7272727272727,594.6439393939394,-2.5948205832777167,detected,2077.307702717554,620.7298955564042,71.07035531891233,-21.850704093865033,74.35353841313876,32.95570610695349,-20.2134082564981,38.66083856244917,36.060084948686324,42.28267472215578,218.509224966778,-18.177033330942788,-13.202411658761418,36.33671373066582,2.6212084576877657,0.7832553887147057,0.0487833925078223,4.87833925078223,0.053353532772436325,-0.016659194522096427,-1.6659194522096428
1945,32.449083333333334,2073.229104028864,619.6566446181599,14763.5,2041.0153846153848,587.8,-2.3617675988182856,detected,2078.0335619807324,620.3978711248194,66.94780606276709,-22.437904969766805,70.6078488275217,33.0753571874523,-20.623165713830385,38.978124854046804,35.855576155747826,42.49157572503625,217.35694221701314,-16.18688846522759,-13.776939950496917,36.46217413619303,2.6221243684299465,0.7828364304414126,0.0491837537590496,4.91837537590496,0.053617130252411674,-0.017384151357093904,-1.7384151357093904
1946,32.46576666666667,2080.2261904761904,620.1434523809523,14219.5,2036.5724137931036,591.5379310344828,-2.5615134136243736,detected,2078.7732468010836,620.0570798875103,60.732978217770324,-21.768590247030716,64.51640229076081,33.28940371157371,-20.994880762977605,39.35694878574538,35.662673560658675,42.53855574613665,216.51575227556393,-16.940886177761755,-14.261597640601988,36.682097138268425,2.6230577246701374,0.7824064099526945,0.049661765029331714,4.9661765029331715,0.05367641103613458,-0.017995706802021436,-1.7995706802021436
1947,32.48245,2082.078769230769,619.3267692307693,14345.5,2042.1475409836064,586.9508196721312,-2.460305337508907,detected,2079.559092867793,619.7094381782804,53.37705847526286,-20.478121710736332,57.1704804971181,33.29116404060478,-21.26276937741919,39.50198684592677,35.535554417214705,42.42248441231182,216.08837069007458,-15.956815610521085,-14.378445506814764,36.79221751380759,2.624049328539802,0.7819677453353696,0.049844778354481735,4.984477835448174,0.05352994878525151,-0.018143148904498127,-1.8143148904498128
1948,32.49913333333333,2081.689245395128,618.6601307189543,14351.5,2049.171974522293,580.5541401273886,-2.277224795382836,detected,2080.3003169917056,619.3361825548869,43.74286171431686,-19.632282804781198,47.94647514765559,32.98199400741361,-21.559600140762345,39.4034045094409,35.497722265282526,42.14624251446992,215.9593115738268,-15.749612799908133,-14.036728704138945,36.81845371849596,2.6249846271188715,0.781496760321624,0.04972038423904215,4.972038423904214,0.05318137856715448,-0.017711960509954505,-1.7711960509954505
1949,32.515816666666666,2081.3540145985403,618.8260340632603,14375.5,2047.5165562913908,582.2913907284768,-2.317885765426164,detected,2081.0919593748117,618.9387268641716,35.73179406446434,-21.565088149774965,41.73504683084534,32.605241896865074,-21.755285582810338,39.19686530760745,35.55565737463868,41.71663646916047,215.48177824972063,-15.548870308595106,-13.922728344198797,36.640849954611646,2.625983544952444,0.780995238945327,0.049459766949662406,4.945976694966241,0.052639288920076306,-0.017568111475329714,-1.7568111475329713
1950,32.5325,2082.457021791768,618.1186440677966,14323.5,2033.1338582677165,594.267716535433,-2.6911797395420645,detected,2081.828545307059,618.545161264778,35.89363143477294,-19.8513112836863,41.01740285850789,32.184060558931854,-21.90279488459804,38.930016411732566,35.63081314421813,41.14421855742542,214.91806424160916,-15.84321770820491,-13.85275409530148,36.381965062278795,2.6269129909237336,0.7804986262016127,0.04912304909997801,4.9123049099978005,0.051916995025142486,-0.017479815893124896,-1.7479815893124897
1951,32.54918333333333,2082.718116805721,617.9016686531585,14217.0,2037.0629370629367,591.4895104895105,-2.6171215605597347,detected,2082.553708938728,618.1455896249543,37.37917985061813,-18.65905527982568,41.777546962937485,31.59358948696976,-21.99048046563349,38.493325756299285,35.76969122019874,40.443014109587594,214.29661731995662,-11.811338987899573,-13.709325433084222,35.96929974228529,2.627828023897449,0.7799944348579865,0.04857201988176566,4.857201988176566,0.05103219446004744,-0.017298833354049494,-1.7298833354049494
1952,32.565866666666665,2083.484886649874,617.4823677581865,14341.0,2042.255033557047,586.8993288590605,-2.503380042892326,detected,2083.1886421276827,617.7466869441098,38.127329988337806,-15.541166409966763,41.17306334755629,31.34285630370212,-22.039257961154046,38.315839188941325,36.0369798228269,39.6301562280569,214.27507853438695,-14.389885947193536,-13.488184588070977,35.863245938856906,2.6286292014229438,0.779491087626637,0.048348062068064766,4.834806206806476,0.05000650628145981,-0.017019791278323,-1.7019791278323
1953,32.58255,2084.0546780072905,617.4793438639125,14391.5,2041.4326241134752,587.9148936170213,-2.535146505058256,detected,2083.8106049822322,617.3496129832474,42.55328157263648,-15.192855523654089,45.18411924075438,30.958183021619394,-21.993298276749556,37.97517959259914,36.35913410193497,38.72542821906583,213.92227669424838,-13.196671422121204,-13.415205861759144,35.52670146209442,2.629414012595877,0.778990047928388,0.04791820768782226,4.791820768782226,0.04886489365181809,-0.01692770455742479,-1.6927704557424788
1954,32.59923333333333,2085.8962099125365,616.5481049562682,14377.5,2041.8740157480315,587.3149606299213,-2.555400524901465,detected,2084.4101736991333,616.9594425753495,41.96181030690968,-14.566782797955966,44.418292237724515,30.53343473929142,-21.965532460352517,37.61349828512854,36.738889755435785,37.75071435146798,213.61603945573006,-11.020273851839406,-13.266553952341024,35.19621853942541,2.6301705661818717,0.7784977193379805,0.04746182748912119,4.746182748912119,0.047634970790495876,-0.016740131170146402,-1.6740131170146402
1955,32.61591666666667,2086.192786069652,617.3899253731344,14311.5,2044.0350877192984,585.8362573099415,-2.4990730516936845,detected,2085.05299200564,616.5681346370421,37.27294389253893,-14.861131220811103,40.12636997759107,29.843994368294744,-21.949042209926276,37.046247499415294,37.056371608308694,36.729361793194926,213.1115025173737,-9.954652850649909,-13.007494158512607,34.687599362080306,2.630981693382511,0.7780039553779712,0.04674605362702246,4.674605362702246,0.04634619784630275,-0.016413241840394457,-1.6413241840394457
1956,32.632600000000004,2086.844364937388,616.7775790101372,14412.5,2044.12,585.3333333333334,-2.5071253838964638,detected,2085.603687740041,616.1851300895753,33.228104154985886,-15.294543681682853,36.57909200848888,28.8819856967082,-21.856596643450537,36.219882863136796,37.3724117331631,35.68546162085488,212.6877352378384,-6.596436187536408,-12.503964458154403,33.99309911509337,2.6316765775899573,0.777520668882745,0.0457033222247783,4.5703322224778296,0.045028973654075564,-0.01577787313331786,-1.5777873133317861
1957,32.64928333333334,2087.4024242424243,616.7030303030303,14298.0,2047.0065359477123,583.124183006536,-2.4480885840687527,detected,2086.068189056949,615.8173833854705,29.91266712558172,-17.320076277975886,34.565194876360245,27.88172003081625,-21.730794647468322,35.34993278476294,37.65537156041151,34.643065593748396,212.30661111022235,-5.4822134295294145,-11.95161401350742,33.26825319068302,2.632262699125488,0.7770566351867136,0.04460559341925924,4.460559341925924,0.0437136474369065,-0.015080900963416305,-1.5080900963416304
1958,32.66596666666667,2087.964452214452,615.9784382284382,14400.0,2050.230769230769,580.5524475524476,-2.3877272634168474,detected,2086.5065346099395,615.4184497199199,22.630986066191326,-20.180655930617604,30.321945915757407,27.24445161927413,-21.67156545087492,34.81259675931292,38.03591833728639,33.62536837857902,211.8830644954843,-2.9917641579579697,-11.68737532317331,32.792105012972314,2.632815816542511,0.7765532488579431,0.04392756688872293,4.392756688872293,0.042429486913033464,-0.014747476748483673,-1.4747476748483672
1959,32.68265,2087.767455980571,616.210686095932,14321.0,2033.8166666666664,595.5,-2.7750586737801703,detected,2086.8982630021783,615.0511525404498,14.697524283707935,-22.599713290233467,26.95856563081463,26.34451189869629,-21.5770970232786,34.05296496830384,38.3929197407155,32.65390142873033,211.6169550485579,-1.6480837383168077,-11.122711804030711,32.18524048779199,2.6333101110437585,0.7760897823854257,0.04296904096946857,4.296904096946856,0.041203661108807986,-0.01403496757606399,-1.403496757606399
1960,32.699333333333335,2087.881494454174,615.1838879159369,14297.0,2043.8515625,586.984375,-2.571951542951244,detected,2087.275529441698,614.7000786737694,10.580668651829,-28.99655863919361,30.866664251842803,25.49936947334639,-21.67842970051016,33.468973061900044,38.77511003911412,31.747802194511827,210.88840788659863,1.568055914561015,-10.753758760808113,31.694302805591633,2.633786157024225,0.7756467869700562,0.042232142664858106,4.223214266485811,0.04006031822651335,-0.01356941168556229,-1.356941168556229
1961,32.71601666666667,2088.099761051374,615.2532855436082,14401.0,2034.9912280701756,594.5175438596491,-2.7693539726741725,detected,2087.5910006373315,614.3313221392473,7.405945272717872,-30.22644171385923,31.12050455991711,24.866337749007855,-21.728495984313167,33.02214848837135,39.11891064242171,30.92323581226066,210.84768383835092,2.4519514343969626,-10.207132582202616,31.405043149745616,2.6341842279335417,0.7751814790400597,0.04166832616829193,4.1668326168291925,0.0390198559145245,-0.012879662564293523,-1.2879662564293524
1962,32.7327,2089.1827099938687,614.3562231759656,14443.0,2041.4527027027027,589.1013513513514,-2.6549218262178,detected,2087.8620526412597,613.9635677337714,5.9493917972286,-32.64082724211289,33.17859047347235,24.236555106945456,-21.679803958943996,32.518064258966085,39.49554078983899,30.193049040949806,210.94499550571504,4.009032742647131,-9.638677216498484,31.05672881464499,2.6345262493896024,0.77471743562621,0.0410322577400203,4.10322577400203,0.03809848459425843,-0.012162368727442883,-1.2162368727442883
1963,32.749383333333334,2089.8179682912505,613.8438050499119,14560.5,2037.5607476635516,592.6635514018692,-2.756519068103102,detected,2088.1036741753,613.6317159287131,5.226340309425723,-32.636271411108964,33.05209289363529,23.59434658413459,-21.702904754891996,32.05790488369721,39.90824916232894,29.566721308161107,211.2183373568341,5.628636295440692,-8.929216405311537,30.789257216102058,2.634831134606057,0.774298695178187,0.04045161499520153,4.045161499520153,0.03730816568853137,-0.011267150038247997,-1.1267150038247997
1964,32.76606666666667,2090.2302158273383,613.2817745803358,14463.0,2039.2232142857144,591.0178571428571,-2.730032382846142,detected,2088.346566289758,613.2754409935613,6.469545015243966,-34.523573571591214,35.12452341110609,22.586933675648538,-21.788956916900077,31.383566024189694,40.11689034199477,29.05064214119508,211.931567424779,10.275351401069724,-7.6447781458015225,30.43822569559778,2.6351376230785593,0.7738491369003929,0.03960071422610687,3.960071422610687,0.03665696169235973,-0.009646407754954603,-0.9646407754954603
1965,32.78275,2090.702450408401,612.0997666277713,14605.0,2034.0333333333333,596.5666666666666,-2.874061799126371,detected,2088.5547532684004,612.9586549413823,8.135630279161887,-33.50115087531276,34.474854459586695,21.69988216581076,-22.01812057179489,30.914115214965623,40.11525376397542,28.64869149853894,212.53886170047085,10.177227484149396,-6.450662527861191,30.23361494224296,2.635400319581578,0.7734494068660975,0.039008347274404574,3.9008347274404573,0.03614976845241507,-0.00813963725913084,-0.813963725913084
1966,32.79943333333333,2085.740904621436,612.0963618485742,14980.5,2041.1370967741937,590.483870967742,-2.6903864235551467,detected,2088.6537279835447,612.6074858248951,6.410736844002713,-32.73909290516622,33.36084158315193,21.27492974638258,-22.0337847521711,30.62858642214038,40.05825853156916,28.36304048040269,213.1788722534963,9.59929101974286,-5.748305730128472,30.084336247480916,2.635525208812044,0.7730062912616973,0.03864805857683329,3.864805857683329,0.03578932552732201,-0.007253382624767788,-0.7253382624767788
1967,32.816116666666666,2086.829197080292,611.3377128953771,14898.5,2048.96,583.0,-2.4991771705639723,detected,2088.7161012112106,612.2506900306473,4.873549339728015,-29.44895232603494,29.849493735536658,20.952386972300854,-22.186753755956953,30.516463787020157,39.88101862381088,28.195039928012164,213.73856265979722,8.191474607265732,-5.100979187554593,30.087116402085584,2.6356039132002658,0.772556075748451,0.038506578911066444,3.8506578911066445,0.03557733744859579,-0.006436566798176143,-0.6436566798176143
1968,32.8328,2091.683461766449,611.2270302311796,14293.5,2050.432926829268,581.9756097560976,-2.524774634918393,detected,2088.7782607019462,611.867657279486,4.0866980502878505,-25.419605144625166,25.746017685515575,20.603124883775475,-22.33043408868337,30.383170367252337,39.675491365803275,28.14603775247559,213.60268007720651,7.54848353223357,-4.80190348379281,30.001312712910057,2.6356823478888916,0.7720727536649666,0.038338385321454053,3.833838532145405,0.03551550505044239,-0.006059184206678624,-0.6059184206678624
1969,32.84948333333333,2086.1007194244603,609.6263788968824,14869.0,2057.507692307692,575.2871794871795,-2.2651396625629383,detected,2088.960917553014,611.5049036265784,2.8023455495895178,-21.591406095280945,21.772504627411134,20.742904621395517,-22.566843792498144,30.651762280288608,39.557191401091075,28.217970511949105,213.84237937795152,6.364636474003171,-4.660788366594192,30.295339289883252,2.6359128297198917,0.7716150203489949,0.038677302561878374,3.8677302561878375,0.03560627193936796,-0.005881120967311283,-0.5881120967311283
1970,32.866166666666665,2086.864711447493,609.027436140019,14721.5,2050.5602409638554,582.0602409638554,-2.5027113297549697,detected,2089.1847336614765,611.135801935559,0.24938674118948256,-17.572915459094474,17.57468496102171,20.919233737332743,-22.730691521520946,30.891725060341074,39.40986163238042,28.41361071341595,214.7958047252508,5.558357170013994,-4.207339053231154,30.603871900379872,2.636195247522368,0.7711492768902953,0.03898009471336413,3.898009471336413,0.0358531365468971,-0.005308945177578743,-0.5308945177578743
1971,32.88285,2093.1233766233768,610.3069657615113,14307.5,2051.8990384615386,580.6826923076923,-2.5184848126856427,detected,2089.3225647110903,610.7659216522226,4.9425232504518135,-16.025495098504052,16.770361630967717,21.61351636315736,-22.763013409387646,31.3894706718102,39.29715377006702,28.736411672263767,215.1405008003365,4.154684633120829,-4.572289494206029,31.05467819568585,2.6363691668278744,0.7706825509807226,0.03960816488556493,3.960816488556493,0.03626045636878709,-0.005769450465875115,-0.5769450465875116
1972,32.89953333333333,2094.038674033149,609.9619398403929,14123.5,2047.521472392638,584.8220858895705,-2.6461171679155333,detected,2089.549010619166,610.3914108097387,9.312736952247178,-13.01623976007204,16.00467328730675,22.441482801821568,-22.921334718208445,32.078150439334884,39.332493919003184,29.189965258609345,215.68180939641286,3.356350452320295,-4.858882172150436,31.708027369197218,2.636654902989484,0.7702099820943075,0.04047716143764654,4.047716143764654,0.036832763733261005,-0.006131081605237143,-0.6131081605237143
1973,32.91621666666667,2087.971854304636,609.8487858719647,14696.0,2049.078571428571,583.6642857142857,-2.5490533172337844,detected,2089.7726004523533,609.9851845911952,14.33593052978631,-12.170321913472662,18.805202461883045,23.185148213301673,-23.03981874886386,32.68614914077925,39.5521114157153,29.77716060771435,216.70943323942146,3.3732481824087936,-4.814789366579879,32.32958627957886,2.6369370352711083,0.7696973938059246,0.041244352228112624,4.124435222811263,0.037573704236863535,-0.00607544399568439,-0.607544399568439
1974,32.932900000000004,2088.8466223698783,609.4883720930233,14571.0,2049.137931034483,583.1241379310345,-2.555479321015945,detected,2089.988141378635,609.5874605541683,13.632434650312462,-11.121921606246815,17.593760675607122,23.863579570100107,-23.05196862328022,33.17926592477891,39.83737645267748,30.499188731387328,217.69911729150104,3.0163917411938312,-4.785029416308353,32.83241052363135,2.6372090112033253,0.7691955338222944,0.04186658160855383,4.186658160855384,0.03848478073361177,-0.006037892007960067,-0.6037892007960067
1975,32.94958333333334,2088.530373831776,609.3615654205607,14708.5,2059.1990049751244,574.139303482587,-2.265190748688138,detected,2090.2492028517813,609.1850765968034,14.570867563452339,-11.954341006881123,18.847186804944315,24.64802472471221,-23.152493552201975,33.81660953606642,40.08576297358265,31.35456524368216,217.99576682099772,-0.6671587697337712,-5.1712792980320685,33.41887117986667,2.637538426311396,0.7686877938130011,0.04267080067642451,4.267080067642451,0.03956412018130241,-0.006525273562185576,-0.6525273562185576
1976,32.96626666666667,2091.276054905948,609.0889679715302,14778.5,2039.860655737705,591.672131147541,-2.8149773085932823,detected,2090.518700117419,608.792153258479,19.733544986866946,-13.791676486951246,24.075363716243736,25.482164926217425,-23.273303008276034,34.510684754753505,40.18299607587637,32.33833351343551,217.77550449588807,-0.9526865043250428,-5.8850274535204505,34.00520275065694,2.6378784859525792,0.7681919914933489,0.043546605368774145,4.3546605368774145,0.04080546815575459,-0.007425902149552619,-0.7425902149552619
1977,32.98295,2096.361623616236,609.2017220172202,14256.0,2054.3865030674847,578.7300613496933,-2.513664825332664,detected,2090.8313043681896,608.3938085304904,24.945100669504427,-14.68941317800136,28.948867109539023,26.35546305412612,-23.404030222943497,35.24711425739502,40.310608981689676,33.44156638987976,217.6068380102706,0.5527210061774794,-6.597172359665768,34.6242166746155,2.6382729392658546,0.767689348303458,0.044475853952548924,4.447585395254892,0.04219756011341295,-0.008324507709357436,-0.8324507709357436
1978,32.999633333333335,2088.7975734355045,608.5300127713921,14752.5,2053.539823008849,579.4601769911504,-2.4520932201240058,detected,2091.1792633275018,607.971659228099,27.323235201496573,-16.953779454958294,32.15571208484843,27.25389082750387,-23.31057425540131,35.86303720202847,40.31313406671688,34.651220070285,217.7806632572772,-0.0700219730209737,-7.25943632377302,35.12062103117145,2.6387120041987404,0.7671566677957087,0.04525304378804855,4.525304378804855,0.04372393699720505,-0.009160172017379205,-0.9160172017379206
1979,33.01631666666667,2090.151219512195,608.1756097560975,14697.0,2054.678787878788,578.3151515151515,-2.4418822893921392,detected,2091.6080544720376,607.5207021144311,25.354165536395158,-20.47956436969116,32.59211970429742,28.364337650239886,-23.230731439220325,36.663367733174695,40.27017418480731,35.950328286717664,217.51613303664885,1.1493303023037578,-8.35091696948676,35.69964592690988,2.6392530655798585,0.7665876367374524,0.04626292458444757,4.626292458444757,0.04536319026715163,-0.010537434661812948,-1.0537434661812948
1980,33.033,2090.611476389719,607.979079497908,14818.0,2060.1111111111118,574.1319444444445,-2.3042304382971293,detected,2092.052712296421,607.1294716781235,27.904881598963584,-22.736452746527675,35.99484269374242,29.573450194016218,-23.055019164384152,37.498304828992985,40.23758159782212,37.31847587289571,217.93288937798718,0.02840283662377839,-9.152709297191343,36.364141369887804,2.639814148008102,0.7660939705717648,0.047316472970338155,4.731647297033816,0.047089559461067146,-0.011549159996455954,-1.1549159996455953
1981,33.049683333333334,2091.685358255452,605.6292834890966,14728.5,2058.0318471337578,575.9745222929936,-2.419273842863547,detected,2092.5576600417453,606.7473610967116,28.21013559153016,-23.428414521600416,36.67018348861175,30.777952231478164,-22.96525030111823,38.40162841542221,40.24413816490512,38.73246624080706,218.16768444490972,-0.4407550644825936,-10.006074757683823,37.07510664718046,2.6404513060463666,0.7656118121094154,0.04845631345794601,4.845631345794601,0.048873774436349604,-0.012625961839348674,-1.2625961839348674
1982,33.06636666666667,2093.242391304348,607.5586956521739,14655.5,2061.877094972067,572.6983240223464,-2.303468168826369,detected,2093.110052015092,606.3639046868323,34.874397207612674,-26.184857270919565,43.61043832493285,32.01616559695467,-22.745003223321095,39.27301912459126,40.31655946407253,40.16709586386115,218.542320359457,-0.5773191452602281,-10.86914275841581,37.738995308005855,2.641148330618413,0.7651279554407978,0.04955586009412147,4.955586009412147,0.05068403263578694,-0.013715006635224998,-1.3715006635224998
1983,33.08305,2093.081585081585,606.8659673659673,14847.0,2058.983050847457,574.9887005649717,-2.3898496892022845,detected,2093.7285965125293,605.9790546630071,35.18969206361635,-27.195506359314777,44.47370002227917,33.19664632775936,-22.583232236275464,40.149965201079446,40.50273531334898,41.59596280995565,219.1266955150497,-0.620009685084138,-11.501518260936603,38.46732097951757,2.6419288284069773,0.7646423402687788,0.050662416657513504,5.066241665751351,0.05248701931855603,-0.014512956796134516,-1.4512956796134517
1984,33.09973333333333,2093.382730455076,605.5840140023337,14773.5,2069.448051948052,566.2077922077922,-2.1169649730975157,detected,2094.3805495354,605.630578028625,36.95550733715845,-31.576882438982466,48.60873406201905,34.23139247394179,-22.37718249231465,40.896534413069666,40.72463464438308,42.99225666230823,218.61177747876877,-2.0822947961197387,-12.783881448544275,38.847122185677506,2.6427514820635962,0.7642026221181388,0.05160445982721725,5.1604459827217255,0.05424890430575171,-0.016131080692169432,-1.6131080692169433
1985,33.116416666666666,2100.476275207592,606.7336892052194,14396.0,2062.0078125,572.828125,-2.419157234226045,detected,2095.080787978301,605.2773940099308,40.62977933424099,-31.682156487788916,51.52220888574035,35.10967613462198,-22.31148853210474,41.59918122747472,40.81746420443122,44.329496911996955,218.6576306478103,-3.0772658439971763,-13.47967035279296,39.3546740041932,2.6436350636950174,0.763756964050386,0.05249108041321732,5.2491080413217315,0.05593627370598985,-0.017009047763776607,-1.7009047763776608
1986,33.1331,2100.7024647887324,604.3978873239437,14578.5,2064.125,571.1458333333334,-2.4037803884986486,detected,2095.817625226649,604.9751322923885,44.177889174970005,-31.992058648250804,54.54518960008345,35.89544344950063,-22.350362476348415,42.285003999768776,40.881812659741016,45.58220245156863,217.4895792393427,-1.5714790698643575,-14.878930426988981,39.58079070217373,2.644564826784415,0.7633755612522253,0.05335647192399846,5.335647192399846,0.057516974702294804,-0.018774675617651712,-1.8774675617651713
1987,33.14978333333333,2101.109850746269,605.6710447761194,14553.0,2062.617391304348,572.5826086956522,-2.4315468794701087,detected,2096.62085000916,604.6603111444697,46.47785095406289,-30.759548574541668,55.734553535644956,36.69810811502148,-22.490170015909914,43.0413625082471,40.866774904721105,46.72648519812067,217.0847391822897,-1.8430708900144137,-15.714244368871647,40.07020601995608,2.64557835963301,0.7629783105923909,0.05431086751829287,5.431086751829287,0.058960864603306844,-0.019828699519080943,-1.9828699519080943
1988,33.166466666666665,2095.074096028453,604.1742738589212,15042.5,2063.4158415841584,571.8514851485148,-2.345808439282165,detected,2097.417949765602,604.3248838032123,49.20238612074081,-29.91033923871896,57.580406331926135,37.1931100085588,-22.58442095584097,43.51302680829484,40.80302150586268,47.74056677959789,216.42089512675705,-2.8101182488603484,-16.51980209871578,40.25518153776792,2.6465841637420846,0.7625550584267663,0.054906027518353114,5.490602751835311,0.06024046281337274,-0.020845176149799093,-2.084517614979909
1989,33.18315,2095.8749295774646,602.5633802816901,15142.5,2057.37,577.7,-2.5682325257803607,detected,2098.23261628357,603.9735353176088,47.28662064916625,-28.447826199857218,55.184266851299554,37.53941735343943,-22.667910105008517,43.85250282212472,40.66368026189809,48.605219893321035,215.8716143535375,-4.2211572715484875,-17.13665546397317,40.3655427719427,2.647612134111761,0.7621117164890964,0.05533438841908482,5.533438841908482,0.06133150775182465,-0.02162354001763176,-2.162354001763176
1990,33.19983333333333,2096.382991202346,603.3648093841642,14909.0,2054.962962962963,579.1111111111111,-2.6118623057605976,detected,2099.05281091786,603.597534442587,52.7531770149817,-28.10818674263055,59.77430758388244,37.76802001066423,-22.900967491395537,44.16874061559701,40.53445663872939,49.30413663663925,215.0346873683893,-7.2531318820388275,-17.777820249236385,40.43299092020932,2.6486470800225366,0.761637267435441,0.05573342664428645,5.573342664428646,0.06221342162351956,-0.02243258075613424,-2.243258075613424
1991,33.21651666666667,2103.240121580547,603.429179331307,14351.5,2055.6781609195405,578.0574712643678,-2.651548099654207,detected,2099.8561818712665,603.2140815268141,57.59151923561967,-27.418043069411624,63.78504663024761,38.11356353309804,-23.019801936793524,44.525891416126676,40.39791944041394,49.824225768779996,214.44676460893822,-8.91027591010389,-18.40950320644557,40.54189435747389,2.649660797313901,0.7611534151757907,0.056184090114986346,5.618409011498635,0.06286968551265615,-0.02322965704283353,-2.322965704283353
1992,33.233200000000004,2097.123831775701,602.5508177570093,14882.0,2062.3797468354437,571.9620253164557,-2.4197107967501097,detected,2100.642755326417,602.7859704423726,61.918737462255194,-23.560668935539525,66.24979373258292,38.55740936743974,-23.05274697576416,44.92330086110028,40.32011549993493,50.15584012904792,214.18801164795715,-9.092971103316096,-18.941042044158905,40.734995845566715,2.65065331902387,0.7606132119146658,0.05668555313703506,5.668555313703505,0.06328812634580179,-0.023900368509979692,-2.3900368509979693
1993,33.24988333333334,2097.8112543962484,601.4085580304807,14930.5,2058.1428571428573,575.6632653061224,-2.565911821539509,detected,2101.4831606416683,602.3854658027075,65.12442584796736,-21.420772354454584,68.55684014224084,38.6332134713386,-23.158360470438296,45.04258921066569,40.29913494122738,50.292934724876346,214.00973908924334,-10.206484576653168,-19.07145882252872,40.805812100500695,2.6517137673711906,0.7601078432841735,0.05683607471377374,5.683607471377374,0.06346111637208372,-0.024064932268175042,-2.406493226817504
1994,33.26656666666667,2099.25427756654,599.6259505703422,14847.0,2052.3982300884954,580.9646017699115,-2.762578714889379,detected,2102.29621631217,601.9517388365832,60.293519979458324,-19.565722291186376,63.38869016069955,38.81228772962108,-23.292127850160114,45.26496325631006,40.312311173255715,50.23315557562586,214.58798381485514,-10.586155337219948,-18.73015910025085,41.207985132427794,2.652739705125767,0.7595605537370136,0.05711667287862469,5.711667287862468,0.06338568526892853,-0.02363427015804524,-2.363427015804524
1995,33.28325,2104.6838015540943,601.2349073520621,14441.5,2057.9692307692308,575.7538461538461,-2.6422395599673045,detected,2103.1311860444116,601.5164372951361,54.564108585157555,-22.42803389056735,58.993717037404096,38.94803053737769,-23.443334365679725,45.45920158693469,40.36116124368227,49.97785936427231,214.34973431004323,-11.017358855236221,-18.92810255325213,41.331173981090046,2.653793294693264,0.7590112773440204,0.057361768563955445,5.736176856395544,0.06306354493914487,-0.02388404107665884,-2.388404107665884
1996,33.299933333333335,2100.793279022403,600.4394093686354,14836.0,2055.346153846154,577.7788461538462,-2.6790546293877604,detected,2103.93937495597,601.0755334764914,54.67328986753637,-21.915619770456942,58.90214779499045,38.758152133584915,-23.516263228180687,45.33441290043576,40.37501056340736,49.53206425784624,214.08917327118263,-11.679454445210483,-18.91773957116905,41.19864224151836,2.6548130914270915,0.7584549318315349,0.05720430649897257,5.720430649897256,0.06250102745469557,-0.023870964758572935,-2.3870964758572937
1997,33.31661666666667,2105.457142857143,600.6182370820669,14406.0,2052.6020408163267,580.7448979591836,-2.7819485305454004,detected,2104.736244198652,600.6285224293625,55.39482240896086,-19.442517943720986,58.707732486549205,38.40590773428253,-23.52743318205884,45.03947003496451,40.41428711338095,48.904332746817644,212.98560672706014,-10.394448889458705,-19.40615680132754,40.64424853817271,2.655818604667069,0.7578908800370505,0.05683213884538109,5.683213884538109,0.061708937219959174,-0.024487264102621503,-2.44872641026215
1998,33.3333,2106.3522727272725,600.4180622009569,14376.5,2052.232323232324,581.4848484848485,-2.8050621815537533,detected,2105.4816535486552,600.192788147607,53.66478356096468,-14.967736066237194,55.71303364199191,37.77738067226077,-23.40840776230051,44.44191765015358,40.427485777844815,48.10658786236497,212.7215133493542,-11.577745125662465,-19.128846651887244,40.114477064915285,2.656759184288524,0.7573410575995041,0.05607812952700767,5.607812952700767,0.06070231906923025,-0.024137345932980753,-2.4137345932980754
1999,33.349983333333334,2106.967105263158,599.7858851674641,14445.0,2052.0,582.2061855670103,-2.8320510172301563,detected,2106.215394665227,599.7529565914799,50.987985902636865,-15.140180283900463,53.18834238286153,37.17536167066258,-23.240608952302956,43.84214205326233,40.48366072700094,47.15386459090327,212.14485783502343,-11.441506389138777,-19.111151108306835,39.45753822951826,2.6576850405870376,0.7567860650996593,0.05532131489370641,5.5321314893706415,0.059500144594199715,-0.024115017171365095,-2.4115017171365096
2000,33.36666666666667,2108.054925373134,599.1098507462686,14350.0,2066.4036697247707,568.7064220183486,-2.511046032278443,detected,2106.8898780071563,599.3201796916559,43.57303366360338,-16.356821618242975,46.5419689753295,36.465276824603485,-22.99694685674807,43.111204792107806,40.533472870121415,46.063998740572494,212.26855289626707,-9.481594992575001,-18.555594876364786,38.91356932242638,2.6585361236683362,0.7562399743743292,0.054398996583101336,5.439899658310134,0.05812491954646372,-0.02341399984399342,-2.341399984399342
2001,33.38335,2108.578665077473,598.6960667461263,14361.0,2070.908045977012,565.0229885057471,-2.4121681123859524,detected,2107.624107457365,598.9033350012252,44.90058787000817,-15.269962846950193,47.42609573240838,36.00293032464819,-22.756659692747778,42.59197755837364,40.568536484453666,44.85725597573104,211.26037219649183,-11.433533207979108,-18.966882658409354,38.13573015631317,2.6594625961607132,0.7557139873832495,0.05374382026293204,5.374382026293204,0.05660221574224738,-0.023932974963292563,-2.3932974963292564
2002,33.40003333333333,2109.201898734177,599.443670886076,14389.0,2062.4014084507044,573.0633802816901,-2.628310666713603,detected,2108.335786247927,598.5200215413871,42.30805431767203,-16.212022302369405,45.30784840708738,35.38527819978733,-22.54249133638154,41.95571270908386,40.65361191357675,43.555904288012826,210.71711311862498,-10.66878030916531,-18.906016441630396,37.454564090855236,2.660360613562053,0.755230311093233,0.052940962408938634,5.294096240893864,0.05496013159370704,-0.02385617216609514,-2.3856172166095138
2003,33.416716666666666,2109.7757875231623,599.5694873378629,14330.0,2072.021582733813,564.431654676259,-2.392072886147037,detected,2109.0322913735954,598.1487104451189,38.75845423679402,-16.976278443554975,42.31325802415557,34.674906335997754,-22.38559689606158,41.27304299180252,40.69515003550732,42.18373396051465,210.29813880532296,-9.238452854644184,-18.645203956018435,36.82146720653121,2.6612394843830858,0.7547617797414751,0.05207954951647006,5.207954951647006,0.05322868638550745,-0.02352707123787815,-2.352707123787815
2004,33.4334,2111.1339829476246,598.6382460414129,14403.0,2059.955056179775,575.8202247191011,-2.7221969068698644,detected,2109.6205571186442,597.7772094092915,33.91621289990417,-18.28113838209447,38.52933321531678,33.70168043271969,-22.18530883728229,40.348372856842154,40.7369485161129,40.765530392180516,210.28100301906377,-9.432843118796072,-17.91676738121297,36.15218719250966,2.6619817755440307,0.7542930087183489,0.05091277332093647,5.0912773320936475,0.0514391550689975,-0.02260790836746116,-2.260790836746116
2005,33.45008333333333,2111.463063063063,597.9093093093093,14401.0,2064.626506024096,572.566265060241,-2.64561170490802,detected,2110.203697770749,597.4206949972986,28.29890080029236,-23.68140751179203,36.90036379555556,32.506926639175454,-21.9618054309212,39.23036040250427,40.683757073383894,39.32650739601255,210.58868838064384,-8.688625023102158,-16.807607948986586,35.44750333018586,2.6627175997107244,0.7538431482615756,0.04950203205363315,4.950203205363315,0.049623353181088396,-0.021208338105976766,-2.1208338105976767
2006,33.466766666666665,2112.1371841155237,598.089651022864,14369.0,2063.4166666666665,573.4479166666666,-2.673333851077061,detected,2110.7465645503717,597.0916992698932,23.271835807086973,-30.184206898360117,38.11383853556377,31.441538627295103,-21.849735020436036,38.288134868585054,40.54872424709667,37.891712218718666,210.6639962510716,-8.586554502423981,-15.901740572631322,34.829813643998875,2.6634026051108792,0.7534280116970261,0.0483131039351231,4.83131039351231,0.04781288608040211,-0.02006528778880924,-2.006528778880924
2007,33.48345,2112.18905775076,597.6705167173252,14334.0,2061.231578947368,575.6947368421053,-2.7344340576240587,detected,2111.2869165860966,596.8230360739093,17.58354448979935,-35.30853262856226,39.444562530303195,30.495901455378323,-21.903771128083672,37.54697318303591,40.22371629230289,36.485418916490815,211.12707536415624,-8.21748120481264,-14.782300438049472,34.51461703346656,2.664084437332614,0.7530890045096648,0.04737788414263207,4.737788414263207,0.04603838349084015,-0.01865274503223908,-1.8652745032239082
2008,33.50013333333333,2112.4108241082413,596.9674046740467,14460.0,2070.833333333333,566.8181818181818,-2.514197096533285,detected,2111.7866570595233,596.4977464833173,11.844708940086093,-35.92958828506448,37.83163285148552,29.3358970916252,-21.756550197600745,36.52317530926281,39.90396072345247,35.13053394928013,211.21247068084918,-7.226201039423969,-13.815038802977986,33.80957020642761,2.664715024680787,0.7526785444584446,0.04608602562683005,4.6086025626830045,0.044328749462814045,-0.017432225618899667,-1.7432225618899666
2009,33.51681666666667,2112.252962085308,596.279028436019,14484.5,2064.60447761194,571.3358208955224,-2.6593350232907342,detected,2112.2086461629997,596.141837496766,6.808794821371521,-34.75463546505057,35.41531269420173,28.26594231799239,-21.71082276541692,35.64159536658563,39.57285757247037,33.84804639463518,211.7775415223781,-3.268623039610469,-12.595444068438294,33.34183721684006,2.6652475030447946,0.7522294479454461,0.044973621913672726,4.497362191367273,0.04271046863676364,-0.015893304818218667,-1.5893304818218668
2010,33.533500000000004,2113.991784037559,594.0974178403756,14649.5,2086.121951219512,552.4024390243902,-2.160013038996746,detected,2112.626256301454,595.7919723842798,8.394759295748372,-33.229598627296355,34.27357887009715,27.37194292395552,-21.549789941798867,34.83700196583992,39.37297618030549,32.65656344436891,211.76906997821308,-0.9746357239772482,-11.925099263389171,32.73238019952489,2.6657744559008885,0.7517879777719619,0.04395836210200621,4.3958362102006205,0.041207020119077495,-0.015047443865475296,-1.5047443865475296
2011,33.55018333333334,2113.9077468953283,594.7066824364282,14439.5,2074.35,562.95,-2.465150979322825,detected,2113.0442892284427,595.4492986881868,13.316860266440017,-29.58255833854423,32.441740477496914,26.37902970549796,-21.283717062605575,33.89468719732624,39.327015970665485,31.57197691329509,211.750984005052,2.1908748877732194,-11.231129113300696,31.97986177338734,2.666301942244092,0.7513555819409298,0.04276932138463879,4.276932138463879,0.03983845667292756,-0.014171771751798987,-1.4171771751798987
2012,33.56686666666667,2109.485496909177,594.2572515454113,15166.0,2073.7596899224804,563.7054263565891,-2.4341017643051264,detected,2113.4186925104764,595.0925549530897,14.484087604211709,-26.18982523585487,29.92817634957232,25.410780655363613,-21.15650176961926,33.06516808732271,39.52941644541161,30.607304402997173,211.5882688393376,6.28873746267974,-10.563752980705148,31.332291068569305,2.6667743754075413,0.7509054321174634,0.04172260957390879,4.172260957390879,0.038621204294002745,-0.013329656757987569,-1.332965675798757
2013,33.58355,2109.4711830131446,593.0899898887766,15067.5,2072.1567164179105,565.276119402985,-2.5010477862326197,detected,2113.6815909278607,594.7659346405853,18.62779052831229,-21.300573919845647,28.29680245684112,24.227940061941112,-21.11837216707619,32.1399863508395,39.88301128871141,29.772735686214883,211.6875654556229,11.463859365705542,-9.522956825777635,30.696775334333157,2.667106108426323,0.7504932929218743,0.040555187824403156,4.055518782440315,0.03756812073970332,-0.012016349306974936,-1.2016349306974936
2014,33.600233333333335,2108.213774104683,593.1873278236915,15053.0,2070.5068493150684,566.9794520547945,-2.5342023316388307,detected,2113.8596059042793,594.3799705042026,22.11902453134917,-17.400327613999025,28.142896924320414,23.32905890980819,-21.169474974129127,31.502248495902325,40.35945282118415,29.07588899667342,212.0916832230095,11.863919624247393,-8.517530765573303,30.32891903703613,2.6673307330022453,0.7500062719295932,0.03975047128820483,3.975047128820483,0.03668881892324722,-0.010747672890313318,-1.0747672890313318
2015,33.61691666666667,2115.5280966767373,593.3395770392749,14465.0,2073.283582089552,564.8283582089553,-2.547905249713978,detected,2114.0497888098653,594.02977707472,23.027211938508117,-13.45600560732737,26.670518865695065,23.110607059689876,-21.045146075005672,31.25697253391176,40.78583806622865,28.522245443918774,212.2562212648225,12.775769170921224,-8.312016252979346,30.13152365539986,2.6675707114320066,0.7495643874759874,0.03944097480619781,3.9440974806197806,0.035990215071190886,-0.010488348584201067,-1.0488348584201068
2016,33.6336,2115.392921415717,593.9334133173365,14229.0,2072.4,566.0258064516129,-2.565835628287428,detected,2114.2026172094065,593.6690335873581,22.740528475008432,-12.680653573183235,26.037100652064815,23.276464881647488,-20.98629373874857,31.340362829354838,41.13923904555147,28.115689928385333,212.390182529528,13.217988936892732,-8.41312389349103,30.19002631049494,2.667763554838368,0.7491091906465086,0.03954619915376005,3.954619915376005,0.03547721126610137,-0.010615929203143255,-1.0615929203143255
2017,33.650283333333334,2116.920116618076,592.2577259475219,14383.5,2070.681818181818,567.6558441558442,-2.6526215926724275,detected,2114.3222851908317,593.3360196248266,21.19716296498609,-12.714493242941217,24.71797030884566,23.55005282258055,-20.9514810635514,31.52093822687845,41.3433840381189,27.85905473876671,213.44828035809994,13.177666669429808,-8.101658525682586,30.46198739143462,2.6679145554458445,0.7486889837537244,0.039774054544957034,3.9774054544957034,0.03515338137383812,-0.010222912966160992,-1.0222912966160993
2018,33.66696666666667,2117.2829297105727,592.3408151210868,14190.5,2062.55,575.3833333333333,-2.841149118288589,detected,2114.4548847343667,592.9738594475883,19.09278028251356,-11.748988977770523,22.418139996799727,23.65579024109811,-21.01411518054867,31.64157784865032,41.364033534555176,27.754548958415526,214.22776735264227,11.93271698686044,-7.738691828681853,30.680646954275453,2.6680818734818508,0.7482319993029506,0.03992628119703511,3.992628119703511,0.03502151288128142,-0.009764910824835146,-0.9764910824835147
2019,33.68365,2117.273333333333,592.8284848484849,14183.5,2071.144,566.552,-2.6238061741763405,detected,2114.5689579484037,592.6158106400378,17.030368417813406,-10.425981511906912,19.968338411923035,23.6945266604386,-21.056452695466902,31.698656024801288,41.345704118626806,27.803970511298374,214.50073737559904,9.408790374374107,-7.600377764223362,30.773999603882658,2.6682258144459357,0.7477802027003633,0.039998304132241376,3.999830413224138,0.03508387446220615,-0.009590382036874906,-0.9590382036874906
2020,33.70033333333333,2112.164516129032,592.105376344086,14788.5,2069.7578125,568.84375,-2.639873717177954,detected,2114.8054722063976,592.2665957227681,13.33840535476702,-11.249612714153272,17.44897829749686,24.19259789962287,-21.039877684927934,32.06178794343143,41.28996865918148,28.008638483291822,214.9128532157517,7.842307990842544,-7.796749006638503,31.099340042146345,2.668524255150029,0.7473395529624834,0.04045651475511853,4.045651475511853,0.03534213057828621,-0.009838169093550163,-0.9838169093550163
2021,33.717016666666666,2112.621938232162,592.2752928647498,14704.5,2082.4597701149423,557.1609195402299,-2.28047453063697,detected,2115.033423541876,591.9081222088554,11.920353565150435,-13.392619332566937,17.929224236013123,24.67767087376467,-21.117923844379302,32.480057685460736,41.14004889933525,28.369043185013837,215.34222623926692,5.145443913861573,-7.9140077452812605,31.501152814754022,2.6688118909045753,0.7468872204528144,0.04098429991856244,4.098429991856245,0.03579689991799853,-0.0099861296470426,-0.99861296470426
2022,33.7337,2118.600353148911,592.1771630370806,14270.0,2071.651851851852,567.6296296296297,-2.6598240689034878,detected,2115.2820114613273,591.5759330414504,13.624961705015266,-13.883021010958828,19.45193702061203,25.242677699827,-21.177905808469177,32.94990852627266,40.92627380485377,28.8842753826401,215.51236985541348,1.3000610566779738,-8.245495960154077,31.90154021768884,2.669125566512716,0.7464680543109785,0.04157717164198443,4.157717164198442,0.03644703518314209,-0.01040441130618811,-1.040441130618811
2023,33.75038333333333,2112.8050389922014,591.5344931013797,14794.0,2075.209677419354,563.5,-2.500855520608358,detected,2115.550890988977,591.2444007663992,12.365169604478979,-16.157841894797457,20.346333184257126,25.947465326163464,-21.199302087256502,33.50643767754509,40.78013529152204,29.551346646435913,215.34163888946028,-2.01990677000387,-8.903050837420352,32.30196668355538,2.669464846673788,0.7460497170553934,0.042279416627817146,4.227941662781714,0.03728876548446172,-0.011234133548795398,-1.1234133548795397
2024,33.767066666666665,2119.371091445428,591.9970501474926,14285.0,2075.4013157894738,564.5855263157895,-2.584132187190311,detected,2115.8390767365277,590.9050750625996,11.45439862555304,-17.943659660279536,21.287981817847704,26.733597396321052,-21.271942174126444,34.164027186617844,40.649751833898385,30.36453546479144,215.00079795973753,-5.721962865427452,-9.697339939500159,32.75885150162835,2.669828487995619,0.745621545820315,0.04310918256986479,4.310918256986479,0.038314871248948196,-0.012236391090851936,-1.2236391090851937
2025,33.78375,2119.9709794437726,592.0737605804111,14429.5,2078.849557522124,560.6991150442478,-2.4898386890512003,detected,2116.17526200225,590.5516750271138,12.602136770537982,-22.50532829247868,25.79348081852441,27.621459125149034,-21.389705717347873,34.935147271437444,40.61915180598966,31.314883035107886,215.19795133575965,-7.021783213240063,-10.242211055536062,33.40002436482462,2.6702526965328075,0.7451756151761689,0.04408220475891161,4.40822047589116,0.03951404799382699,-0.012923925622127524,-1.2923925622127523
2026,33.80043333333333,2114.28622754491,590.6892215568862,14988.0,2077.84,561.55,-2.4671489200408705,detected,2116.5409368379674,590.1704465727298,12.960589846609764,-30.476156236190036,33.11756313657013,28.547111249745193,-21.404403964576908,35.68033169386356,40.46705191610846,32.389924149818846,214.8654655533877,-3.8054143769428515,-11.186949041359277,33.881237299280485,2.6707141158838708,0.744694569807861,0.045022500560080204,4.5022500560080205,0.04087056675056006,-0.01411602402695177,-1.411602402695177
2027,33.81711666666667,2114.5244417622207,590.053108026554,14667.0,2078.8444444444444,560.5222222222222,-2.450212275215748,detected,2116.9682905437476,589.8231214987319,11.278660297382885,-32.277264096073395,34.19108005944576,29.379084724241753,-21.240191985614796,36.25294987749204,40.30149059619912,33.573686781304374,214.54345599317563,-4.077739368150442,-12.155595050652831,34.154324525372985,2.6712533634621423,0.7442563047302612,0.045745047164027816,4.574504716402782,0.04236427354107808,-0.015338290284735434,-1.5338290284735434
2028,33.833800000000004,2113.957920792079,589.9480198019802,14924.0,2071.60447761194,567.4850746268656,-2.653946189206529,detected,2117.4245181552037,589.4976716249612,12.472208586295892,-32.317032726338084,34.64024525397128,30.260089376661167,-20.993619551169008,36.82940497676751,40.15392768495456,34.84694545137675,214.4268018821085,-1.030264879282898,-13.091204318781221,34.424198471811536,2.6718290449907935,0.7438456424289731,0.04647243530191485,4.647243530191485,0.043970909086910724,-0.016518869802878512,-1.6518869802878513
2029,33.85048333333334,2116.6680068925903,589.55140723722,14847.5,2071.5,567.8984375,-2.69457074998615,detected,2117.9401364264486,589.1566748972584,14.58430094745745,-30.03477252453945,33.38846200002088,31.298394151331028,-20.79647210816167,37.577689239728656,40.04929827231809,36.18768017684107,214.27964884657274,-3.4442928808916173,-14.14856232820752,34.812367236981245,2.6724796674150775,0.743415362646383,0.04741664257379011,4.741664257379011,0.045662687920304194,-0.017853075493006337,-1.7853075493006336
2030,33.86716666666667,2115.9456391875747,588.4623655913979,14951.5,2073.574712643678,566.7126436781609,-2.6673481965223798,detected,2118.503482620111,588.8429195890683,15.858185308750762,-25.529107485893064,30.053575000537954,32.252540902843954,-20.82533838124008,38.39168026256175,40.00913974845062,37.571678528180854,213.8374389607573,-3.376455728955005,-15.19328103403295,35.257415174735485,2.673190514347143,0.7430194568947235,0.04844376058367413,4.844376058367414,0.04740905807972348,-0.019171332535057352,-1.9171332535057353
2031,33.88385,2117.786523216308,586.535107587769,15036.0,2071.6803278688526,568.3852459016393,-2.766569407171332,detected,2119.1204635159584,588.5221530043935,17.573946724638517,-21.392015080019746,27.685048540037368,33.18868712456615,-20.640277257536816,39.08337240208852,40.005866412134374,38.97321988992903,213.72605556647346,-5.647656158644336,-16.143137500857293,35.59366671121071,2.673969039136856,0.7426147041064903,0.049316558236073844,4.931655823607384,0.049177564529878905,-0.020369889590987122,-2.0369889590987125
2032,33.900533333333335,2117.516355140187,587.7517523364486,14973.5,2076.244680851064,564.1382978723404,-2.621905307897514,detected,2119.759630719093,588.2334048970413,20.132970335369464,-20.60171210033309,28.8056771486087,34.065977701450215,-20.603174786044683,39.81182799144006,39.99853614368369,40.36579175505602,213.0012679956647,-6.3105731287997395,-17.348046620562158,35.83332145462953,2.6747755592669944,0.7422503531823865,0.05023574509960892,5.023574509960891,0.05093475300322527,-0.021890279647397048,-2.189027964739705
2033,33.91721666666667,2124.664603960396,588.2852722772277,14707.5,2081.3866666666668,560.0266666666666,-2.5631419354529124,detected,2120.437734191129,587.9396100763894,26.577909847946103,-18.503572223968376,32.38467966389608,34.83539180715607,-20.63831689053771,40.49005614261767,40.021604789214045,41.7228014010215,212.9966244659699,-6.852875699919339,-17.977122297468682,36.28040408173791,2.6756312103358098,0.7418796341657911,0.05109155349226205,5.109155349226205,0.052647068013907256,-0.02268406599049676,-2.2684065990496762
2034,33.9339,2119.331539289559,587.5882669537136,14957.5,2082.647619047619,558.1142857142858,-2.4647468603457034,detected,2121.1344556698473,587.6230401045676,38.70431033746263,-15.595001452679753,41.72802066966153,35.455603345689845,-20.663711629318556,41.03765084537038,40.07048056689603,43.01825829543298,212.63657700192053,-8.33514892035241,-18.713342080859405,36.52259047591319,2.676510354157536,0.741480176788098,0.05178252472601941,5.17825247260194,0.054281713937454866,-0.023613049944302092,-2.3613049944302094
2035,33.950583333333334,2118.8342277877164,587.5992844364937,15071.5,2085.4193548387098,555.6774193548387,-2.379041484507129,detected,2121.8876480297527,587.3102670944211,50.71147913275581,-12.763945507432481,52.29313932772285,35.79506818346207,-21.117563596649575,41.560057729955545,40.07340151319895,44.22741120811973,213.24741878119715,-5.7917367476989945,-18.357982593129393,37.2856926129527,2.6774607546116753,0.741085510529238,0.052441713223918676,5.244171322391868,0.05580745893769052,-0.023164646805210593,-2.3164646805210594
2036,33.96726666666667,2119.4296555750147,587.1395213076474,14991.5,2090.5677966101694,550.5169491525423,-2.238232362683537,detected,2122.6460949700104,586.968697915734,64.20137278191305,-13.72559839353653,65.65217679820539,36.01925059823674,-21.597984037353015,41.99832530156807,40.084565862095815,45.327329208274584,213.35986238571158,-5.654640323545894,-18.207837150482632,37.84618863819497,2.6784177854511175,0.7406545084110209,0.05299473224172628,5.299473224172628,0.057195368086150895,-0.022975188833416572,-2.2975188833416573
2037,33.98395,2120.2914906457454,586.0464695232348,14892.5,2093.1678832116786,548.1021897810219,-2.191404345389851,detected,2123.399003024875,586.615821651243,72.2965789855316,-19.60092975475527,74.90655365361604,36.15849551691931,-22.003041930969317,42.32694947977078,40.068064588585784,46.297418388553176,213.54949697957116,-5.227285314919507,-17.974666083659734,38.320778064178185,2.6793678271607257,0.7402092386766473,0.05340939997447418,5.340939997447418,0.058419455379877826,-0.02268096666707853,-2.2680966667078533
2038,34.00063333333333,2127.0685096153848,586.4501201923077,14373.0,2084.972222222222,556.3611111111111,-2.5210249907158526,detected,2124.150857460515,586.2552641983502,75.52825857678454,-21.504131125237336,78.52990194246411,36.167191891995856,-22.388299923286624,42.53588770447241,40.075924160067274,47.11986742067699,213.51199983630892,-4.682361350722162,-17.794286576914118,38.635024369426,2.6803165393823534,0.7397542765909783,0.053673044422047206,5.367304442204721,0.05945724595669021,-0.022453358456673966,-2.2453358456673964
2039,34.017316666666666,2120.8766233766232,586.3612750885478,14792.0,2086.2517482517483,555.4475524475524,-2.412759532669549,detected,2124.9050427502084,585.8694766653878,77.365807979093,-22.841331519653977,80.66718459106299,36.06773937760928,-22.79723169040602,42.668437943721344,40.11277004611046,47.78001587356424,213.7164426255623,-5.897694952635506,-17.346600877714703,38.98321477952359,2.6812681927447426,0.7392674784421297,0.05384030024444334,5.384030024444334,0.060290240849923335,-0.021888455366201518,-2.188845536620152
2040,34.034,2122.442448062886,585.7136440202133,14841.0,2087.188811188811,554.6293706293707,-2.418962318444083,detected,2125.693330406864,585.4738874334872,77.56358637412814,-23.693352201469907,81.10169461706539,36.053974771894175,-23.121303118981604,42.830873850205414,40.191349029876505,48.266640218028186,213.58381601230036,-5.758046143197116,-17.24606242020611,39.20531961061617,2.682262877485002,0.7387683122189114,0.05404526668795636,5.404526668795636,0.060904277877638094,-0.021761592959250613,-2.176159295925061
2041,34.05068333333333,2128.6748017083587,584.8608907870653,14456.0,2078.9561403508774,561.8508771929825,-2.708141780764336,detected,2126.501424186774,585.0896153925864,72.26168508079627,-24.34652703905408,76.25289836838706,36.23942417566321,-23.255002216431244,43.05915689687694,40.28364899948323,48.57215383120232,213.39997886385902,-5.632674661425277,-17.452989529174197,39.36348751272429,2.6832825541788945,0.7382834263628851,0.05433332100552296,5.433332100552296,0.06128978401413543,-0.022022699721355454,-2.2022699721355457
2042,34.067366666666665,2128.60225921522,584.6498216409037,14448.0,2079.3058823529414,562.0117647058823,-2.711094952752971,detected,2127.212432345949,584.6647689612564,65.08739734424307,-24.56481064242189,69.56866546761857,36.36028353828696,-23.441198165076244,43.26153014398584,40.38907557926983,48.69271906199441,213.14672797536855,-6.75415378699887,-17.62619066197368,39.50794088720326,2.6841797253576645,0.737747342537863,0.05458868156969822,5.458868156969822,0.06144191679746929,-0.022241250046654486,-2.224125004665449
2043,34.08405,2129.3045317220544,584.2706948640483,14425.5,2082.201923076923,559.9134615384615,-2.664350869492776,detected,2127.972348299711,584.2344374068351,56.37181127364602,-26.968269884813935,62.490548780209366,36.53619923086447,-23.517696323318773,43.45084457859551,40.5569356423412,48.62827135582077,212.4218302847494,-9.212633088378535,-18.232095475864604,39.44067176345023,2.685138609841907,0.7372043374218741,0.054827564137029036,5.482756413702903,0.061360594770751765,-0.02300579870771559,-2.300579870771559
2044,34.10073333333333,2129.5690276110445,583.9651860744298,14319.5,2082.4597701149423,560.0459770114943,-2.671772999404768,detected,2128.7410157052673,583.8028298935585,49.33395690505495,-27.04902592287044,56.26267952458304,36.58081720959474,-23.64489881043646,43.557289028101394,40.76104592532922,48.382457346342996,211.9097577302674,-9.288715732755481,-18.55449612609426,39.40771626197483,2.68610853716753,0.7366597222631653,0.05496187889981249,5.496187889981249,0.061050419364470664,-0.023412613408320834,-2.3412613408320833
2045,34.11741666666667,2130.517363154797,583.4296645085344,14380.5,2078.409523809524,563.0666666666666,-2.769054799655643,detected,2129.5038122975056,583.3670674391557,45.383539479513274,-24.461473466839607,51.55607956252529,36.45362540823794,-23.683384410112126,43.47147918487791,40.98290818049758,47.962490495434764,211.56164093817665,-10.587738609849444,-18.665063722913352,39.26047501929716,2.687071056526821,0.7361098642765371,0.054853601495114084,5.485360149511409,0.06052049273871895,-0.023552130880647764,-2.3552130880647764
2046,34.134100000000004,2131.3327359617683,582.65770609319,14456.0,2077.958333333333,563.8125,-2.802180396352352,detected,2130.2445314535894,582.9325582285343,43.19994557318478,-21.4514137211072,48.232752856956374,36.24673113932452,-23.64152155225535,43.275247654891956,41.135742375691855,47.37892915850703,210.9667178512027,-3.9916907567294504,-18.915841381807933,38.92220451632351,2.6880057179225103,0.7355615876700748,0.05460599073172487,5.460599073172487,0.05978413773944105,-0.023868569566950076,-2.3868569566950075
2047,34.15078333333334,2132.430696014277,582.3807257584771,14465.0,2082.342857142857,559.7047619047619,-2.716475805717103,detected,2130.9702252028555,582.5055334049366,44.28581482244499,-19.901940724844508,48.552246488737396,35.94661152491225,-23.53141472525715,42.963779618359965,41.26835381001302,46.64538284452001,210.29617713929827,-2.830681362220515,-19.166461291558278,38.45169854056127,2.6889214198143288,0.7350227550850936,0.0542129711272681,5.42129711272681,0.05885852724860569,-0.024184809200704455,-2.4184809200704454
2048,34.16746666666667,2133.430994152047,581.938596491228,14484.5,2082.1008403361343,559.5378151260504,-2.7301009173435493,detected,2131.66728430958,582.0848386160185,43.40151290457561,-17.507336598823258,46.79955295930229,35.697957848605284,-23.31744490019067,42.63856741536033,41.35861398273868,45.778153026855115,209.94749357545498,-0.20725592972736784,-19.29147032649368,38.02481563237673,2.689800989665085,0.7344919099255754,0.05380260872600673,5.380260872600672,0.05776423094871308,-0.024342549307878464,-2.4342549307878465
2049,34.18415,2134.093529411765,581.5917647058824,14475.5,2080.945945945946,561.1621621621622,-2.7746118480232504,detected,2132.3736251174514,581.6870834872733,41.01135403663284,-18.62529830057406,45.04256760780193,35.40830978530066,-23.079968455682327,42.266219913390756,41.46795742457863,44.7958153393908,209.38741449307852,2.470562215151934,-19.52639981785233,37.48537122559261,2.6906922714415793,0.7339900107094932,0.05333276960680222,5.333276960680222,0.05652468812541426,-0.024638990306438274,-2.4638990306438275
2050,34.200833333333335,2134.8903508771928,581.9949874686716,14488.0,2098.3566433566434,545.1258741258741,-2.3516251359905924,detected,2133.0638324375027,581.3151008678927,36.22220832688981,-16.905869760568066,39.97320112822959,34.96770324489946,-22.954308876152375,41.828705050541075,41.49689580153127,43.7187506104745,208.94575126583388,6.777723536711693,-19.490023609690205,37.010532904821545,2.6915631955047354,0.7335206320099593,0.052780700379231646,5.278070037923165,0.05516561591227067,-0.02459308972831572,-2.459308972831572
2051,34.21751666666667,2134.6992966002344,581.7391559202814,14459.0,2091.6,552.0733333333334,-2.5387531943848143,detected,2133.7331926618513,580.9272875892214,32.25353418355007,-18.525742305701215,37.19534373153017,34.3674862929809,-22.867514168241186,41.28010802230224,41.47413330211538,42.56863319187263,208.97157250356867,9.848058363092823,-18.99027761024596,36.652648944090416,2.6924078140843553,0.7330312777151059,0.05208846438145393,5.208846438145393,0.05371436364905064,-0.023962495407250425,-2.3962495407250426
2052,34.2342,2135.497905445841,581.4314781567923,14442.5,2098.038167938931,546.1679389312977,-2.3863847002429246,detected,2134.3525141090367,580.5451779754497,27.54659806552081,-21.725078742228106,35.08267537317196,33.72761424950479,-22.877544750068193,40.754558232850115,41.48769102246621,41.36788663250347,209.16424525526628,12.964938371631023,-18.303274717760296,36.41324142892209,2.6931892922511507,0.7325491204737536,0.05142531007299699,5.1425310072996995,0.0521992260347047,-0.023095614785817408,-2.309561478581741
2053,34.250883333333334,2136.226458694396,581.3090699017908,14337.5,2086.5575221238937,557.3185840707964,-2.6916309440352157,detected,2135.0284290961786,580.1614760196491,23.72316589223101,-23.51463101137665,33.402491996129704,32.74950603877382,-22.78938514428644,39.898448855040805,41.46421888777659,40.13911907711652,209.50048171922163,12.060950239750685,-17.28138660471809,35.96164481856436,2.6940421818248312,0.7320649539680115,0.050345045873868524,5.034504587386852,0.050648730696677,-0.021806166062735763,-2.1806166062735763
2054,34.26756666666667,2136.355871886121,579.8066429418743,14381.0,2096.0392156862745,548.0915032679738,-2.4750444855882514,detected,2135.5948127310903,579.7993076410412,17.66443986489776,-30.137249980134357,34.932596126049624,31.6963297031301,-22.80196548399006,39.04595941429281,41.441130910756975,38.90455392559922,209.31937978014972,12.890355045618573,-16.47053991343804,35.402094027648225,2.694756861490335,0.7316079591685063,0.04926934941866601,4.926934941866601,0.049090919779935925,-0.020783015663644214,-2.0783015663644213
2055,34.28425,2136.568236714976,580.3218599033817,14355.0,2086.2258064516127,557.5725806451613,-2.7171674798411845,detected,2136.131683733843,579.3915011802882,12.756649066973296,-35.74537587165696,37.95344505606765,30.67608603188085,-22.806676077613375,38.22521063309576,41.463780983293816,37.68547522653763,209.58013214214793,11.918636610636637,-15.4196586956604,34.97714759173312,2.6954343012414426,0.7310933768836444,0.04823370426889056,4.823370426889055,0.0475526501281232,-0.019456982581274956,-1.9456982581274955
2056,34.30093333333333,2137.131216297184,579.0101857399641,14596.5,2097.358108108108,547.0135135135135,-2.464125934736653,detected,2136.6149146254743,578.9807336774843,10.271467281580044,-37.71158762060327,39.08537937621953,29.634894842017772,-23.317789063143245,37.70870296219023,41.567667308536,36.50171167974527,210.04766302157296,7.68195222584626,-13.97654735978912,35.02288399018941,2.6960440563097468,0.7305750582681191,0.04758195957374162,4.758195957374162,0.04605894218264388,-0.017636021905096683,-1.7636021905096684
2057,34.317616666666666,2137.2045728038506,578.4729241877257,14581.5,2089.6846153846154,554.1153846153846,-2.6679357707752063,detected,2137.0295136782815,578.5946653321537,6.382098391296495,-38.435738447752556,38.961996482472934,28.46554494551381,-23.5462337606234,36.94201366134483,41.696335874724525,35.37118722484316,210.51885579807262,5.2579572977983,-12.564694676923677,34.739614578038626,2.6965672096886837,0.7300879057818974,0.046614528279299475,4.661452827929947,0.0446324129020103,-0.015854504324193917,-1.5854504324193917
2058,34.3343,2137.385663507109,578.4857819905213,14627.5,2091.083333333333,552.7878787878788,-2.634916962104781,detected,2137.440821262023,578.1792942969234,3.978434292599559,-37.600335579263856,37.8102258006189,27.315996478688227,-23.58913723906768,36.0917034691808,41.8523047569602,34.30956870228782,210.75299472173566,4.721672398469426,-11.412790115137023,34.239732491582174,2.697086209794351,0.729563778292648,0.04554158166458146,4.554158166458146,0.043292831170079274,-0.014400996990709179,-1.4400996990709178
2059,34.35098333333333,2133.1590324240865,576.15697375193,15180.0,2089.8615384615387,554.3692307692307,-2.6753801397290538,detected,2137.7896075278986,577.7750297062365,3.5201551632626433,-34.23621046685321,34.41670523894049,26.242311335272852,-23.57827560211666,35.278803616148316,41.754496665997245,33.330040253945796,211.44010834039506,3.5409815265807745,-10.090975404585686,33.80482509895305,2.6975263186471907,0.7290536652444626,0.04451584052510829,4.451584052510829,0.042056833128007315,-0.012733091993168058,-1.2733091993168058
2060,34.367666666666665,2133.1624365482235,576.4634517766498,15236.5,2089.978260869565,554.1739130434783,-2.6651081933840937,detected,2138.0626534804214,577.3786860870781,5.230070151198561,-32.571565323833966,32.98879357344311,24.99686470543555,-23.474831328025235,34.29155801332282,41.42120527881275,32.4432281880607,212.11860573155153,3.893020876437903,-8.69012845416232,33.17216632104757,2.697870856126715,0.7285535471130323,0.04327010474867233,4.327010474867233,0.04093782736663811,-0.010965461771813654,-1.0965461771813654
2061,34.38435,2134.239503816794,575.1593511450382,15163.5,2091.020134228188,553.1879194630873,-2.67127147301457,detected,2138.2825805772686,576.9866943846928,11.971217287807121,-26.545091318438608,29.119613947580707,23.77905530892576,-23.394804593889685,33.35806279404174,40.84243576947573,31.657287815279314,213.15534138846652,5.220908092011966,-7.1127351077758085,32.59093973265953,2.698148366659014,0.7280589203592338,0.04209219280005268,4.209219280005268,0.03994610449877516,-0.008975060072903229,-0.8975060072903228
2062,34.40103333333333,2133.983149025803,575.4713006845708,14951.0,2093.843137254902,551.1830065359477,-2.597439375595682,detected,2138.4600327124444,576.5859628770186,18.58156244937436,-21.848985229185246,28.68192145943424,22.62676379094318,-23.484543770737996,32.611259340461636,40.24557532849303,30.978145577601467,214.23448458013627,7.69902526905464,-5.494538972188575,32.14505058720467,2.6983722810251667,0.7275532654599604,0.04114985405736484,4.114985405736484,0.039089142684670626,-0.006933172204654354,-0.6933172204654354
2063,34.41771666666667,2134.211111111111,574.5792270531401,14877.0,2088.4418604651164,557.0697674418604,-2.7762110421039554,detected,2138.642160182306,576.2064256249693,23.738259717556502,-18.259200809780623,29.94834534043674,21.73465735147161,-23.473999338731208,31.990998345482,39.74114502230193,30.409867941266555,214.60286903580032,8.396889828974537,-4.559437665460253,31.66442014810021,2.698602094867263,0.7270743541009076,0.04036719034130221,4.036719034130221,0.03837207311200827,-0.005753233647268458,-0.5753233647268459
2064,34.434400000000004,2140.239041496201,575.9228521332554,14289.0,2095.5806451612902,549.7161290322581,-2.610915988827679,detected,2138.8528673475175,575.819168561617,27.833514170658418,-12.522785574667523,30.520889070230965,21.06761436764959,-23.39176738187812,31.480456737345676,39.24178622675936,29.955107133843708,215.64748951966794,7.727151017838138,-3.487277431320809,31.286707281350225,2.6988679714164263,0.7265857016550372,0.0397229738010671,3.9722973801067103,0.03779824244018134,-0.0044003500710672674,-0.4400350071067267
2065,34.45108333333334,2141.011209439528,574.9799410029499,14323.0,2096.9112426035504,548.2426035502958,-2.5965615061884946,detected,2139.114292472573,575.4399510221026,28.34835123180983,-11.413689469593237,30.55979916279486,20.63196594598711,-23.313854650487794,31.132199367542974,38.773869115544926,29.615557865309757,216.51944015678683,7.8651922983047164,-2.7070125524889637,31.0142857486854,2.69919784539126,0.7261071937187416,0.03928353232497536,3.9283532324975363,0.03736978910449181,-0.0034157887097652543,-0.34157887097652545
2066,34.46776666666667,2142.0420616113743,573.8992890995261,14290.5,2096.1119402985078,549.6417910447761,-2.6556879119951784,detected,2139.363257905505,575.066573512678,27.93580712988023,-10.613035788641355,29.883872718388584,20.565718876102853,-23.401606565611235,31.15419687205164,38.6555367793982,29.392353104511095,216.9926038538154,4.758140309565758,-2.3450852019811315,31.065810115591724,2.6995119973571047,0.7256360549055875,0.03931128942845633,3.9311289428456333,0.03708814271862599,-0.0029590980466638883,-0.29590980466638883
2067,34.48445,2141.988670244484,574.8932617769827,14249.5,2096.8661971830984,548.8661971830986,-2.618399658465899,detected,2139.5426748442933,574.6986349605884,29.164495475719377,-9.404413964462037,30.643283087297036,20.694955252005528,-23.474670738162054,31.294429842188098,38.82719190844351,29.286333317752998,217.3106901810494,1.7758148205643143,-2.2310859406613712,31.214797687523397,2.699738390970717,0.72517177913008,0.039488239548502335,3.9488239548502335,0.036954363807890224,-0.0028152503983108787,-0.28152503983108784
2068,34.501133333333335,2136.996170678337,574.308533916849,14715.0,2097.804195804196,548.1048951048951,-2.5522548207389866,detected,2139.714833571346,574.321511640787,28.259716006490635,-9.978672429856033,29.96974227833586,20.974206403005283,-23.506049755769048,31.50320157311885,39.25901582789864,29.298142224065373,217.64792974407302,-1.038451497103206,-2.2492585445671693,31.422802951936823,2.6999556259575344,0.724695913742318,0.039751673909298235,3.9751673909298235,0.036969264636044635,-0.002838181128791381,-0.2838181128791381
2069,34.51781666666667,2142.8291690877395,574.2481115630447,14306.0,2095.093023255814,550.3798449612403,-2.6779417986540857,detected,2139.8967980746265,573.936058421151,24.997459558816445,-13.310235720376568,28.32022880074686,21.196795241869967,-23.46807261427775,31.62363927119671,39.90993741765284,29.42813033927769,217.93344314865755,-4.272837262302394,-2.2915545117915403,31.54050314554704,2.7001852341635666,0.7242095374399382,0.03990364576807156,3.990364576807156,0.03713328749435671,-0.0028915514344372752,-0.2891551434437275
2070,34.5345,2144.1790235081376,574.1289933694997,14374.5,2117.462365591398,530.0,-2.115192965661035,detected,2140.117268741763,573.566603638581,19.59689252260523,-16.187699062166757,25.418099800532204,21.425107134590125,-23.553143797964317,31.840003117089196,40.56017230644609,29.67608046801538,217.79530313990526,-7.741094831601738,-2.4958699062199816,31.742029423265855,2.7004634305889756,0.7237433484398499,0.04017666008465514,4.017666008465514,0.03744615831926231,-0.0031493626576908286,-0.31493626576908285
2071,34.551183333333334,2144.134892086331,574.6480815347722,14312.5,2108.0823529411764,538.8235294117648,-2.3593663806172382,detected,2140.2200833800684,573.1843984117992,16.655615554926953,-19.899438195309585,25.949897302349207,22.45280860316654,-23.710705383011586,32.65464995877929,41.09927905223835,30.040800634310923,217.25128238575007,-10.428523370333535,-3.519806577535862,32.46439781648721,2.7005931651483515,0.7232610705511662,0.04120460562621992,4.120460562621992,0.03790637304013997,-0.004441396312348091,-0.4441396312348091
2072,34.56786666666667,2138.2580081537567,573.3820617355854,14779.0,2106.619047619048,540.6071428571429,-2.3385610140915065,detected,2140.3996158318373,572.7887497069123,11.955905582494779,-21.69248089496864,24.769081647814666,23.486224496983013,-23.790056553732914,33.430069278308345,41.45270874842423,30.519653330599013,216.90549745896433,-13.167929999357284,-4.494363866062773,33.12657883621435,2.700819704519669,0.7227618292831701,0.04218305271710832,4.2183052717108325,0.038510603571733776,-0.0056711215975555505,-0.5671121597555551
2073,34.58455,2144.501182033097,573.9166666666666,14164.5,2112.978947368421,533.9473684210526,-2.238585023442201,detected,2140.6230828181656,572.3638465731098,10.661747598357579,-24.41979429982507,26.645810468005145,24.675855804406915,-23.746647323564105,34.24618400332535,41.72238746315431,31.108100365954076,216.22398446405293,-14.95805031383359,-5.873409009122177,33.73876383925735,2.7011016817894835,0.7222256739092868,0.043212850477382145,4.321285047738215,0.039253123490162876,-0.007411241651889183,-0.7411241651889183
2074,34.60123333333333,2139.1813411078715,572.3265306122449,14831.0,2114.794117647059,533.2450980392157,-2.128683760018201,detected,2140.8907828449396,571.9775586084005,9.456765446167992,-25.51535249197991,27.21146128920353,25.94178312757852,-23.888629281144997,35.265318951773224,41.77938380841344,31.799337870983624,215.71779196857347,-18.947728094607363,-7.116169798320174,34.53987330856573,2.701439473621375,0.7217382443008209,0.04449882517573909,4.449882517573909,0.040125347471272714,-0.008979394067280978,-0.8979394067280978
2075,34.617916666666666,2140.23022751896,572.1419284940412,14707.0,2109.929824561404,537.140350877193,-2.2843271729522905,detected,2141.2597413559515,571.6015307776331,8.713349731640847,-30.793154821637245,32.002200665191864,27.040927889694018,-23.84765982227125,36.05444022772233,41.63913509071644,32.584077892760405,215.8314552349797,-19.00426640707225,-7.962742773571005,35.16414918146528,2.7019050364112953,0.7212637612336065,0.04549456180154238,4.5494561801542375,0.04111555570064405,-0.01004762495087824,-1.004762495087824
2076,34.6346,2140.232722976964,571.3106910809214,14949.5,2110.063063063063,536.7747747747748,-2.2888178033404936,detected,2141.638866601677,571.2240136224101,9.288403313414165,-33.59501533851744,34.85540835663621,28.103102569763323,-23.737360583491157,36.78650107739682,41.38380476271134,33.45050670452948,214.87736079852323,-16.765968380039183,-9.481624407702228,35.543571290861905,2.7023834278885515,0.7207873988926311,0.04641829788945971,4.641829788945971,0.04220884126754509,-0.011964194836217322,-1.1964194836217321
2077,34.65128333333333,2140.7313345091125,571.3721340388007,14922.0,2101.5272727272727,544.9151515151515,-2.5479439143979943,detected,2142.0720502736563,570.8397970382242,8.826104235650746,-32.30615104977119,33.49011065417975,29.20853532996417,-23.532932872904137,37.509165089646785,41.21013209126717,34.3844223830409,214.55660815527887,-14.536894752619588,-10.706807007278154,35.94859871304133,2.702930031891049,0.7203025830135322,0.04733017676927039,4.733017676927039,0.043387283764089464,-0.013510166570697988,-1.3510166570697988
2078,34.667966666666665,2142.070930232558,570.325,14874.5,2111.434343434344,535.6969696969697,-2.2951127211609004,detected,2142.5587884060055,570.487584722518,13.045533700429587,-29.501488932602115,32.257151126060236,30.34813205814808,-23.36049448037722,38.297804399032195,41.06893778026473,35.36953156075855,213.63253712168853,-14.355110953008149,-12.32951488714485,36.25885939234994,2.7035442124996916,0.7198581510694234,0.04832530523537186,4.832530523537186,0.04463032373597294,-0.015557747491665427,-1.5557747491665428
2079,34.68465,2142.470038482683,570.7119296316657,15093.5,2103.7891156462583,543.0612244897959,-2.520975650591903,detected,2143.1487796527417,570.105867279737,17.18746493360959,-25.995198180601392,31.163428554842955,31.06724250532081,-23.35429542425234,38.86639514603414,40.97552823120684,36.3878711037565,213.1817976846714,-12.58847941207377,-13.219618530982913,36.54912252767444,2.704288680949832,0.7193764886810562,0.04904276990035854,4.904276990035854,0.04591529476814701,-0.01668090666370084,-1.6680906663700839
2080,34.70133333333333,2143.0856481481483,568.5300925925926,15295.5,2096.3368421052637,551.8947368421052,-2.799719716693396,detected,2143.773111384875,569.7483424188722,21.68735646510231,-24.574184807346455,32.77547847690453,31.680775966502846,-23.172271545711375,39.250805525847866,40.88640075464748,37.42031520732034,212.3843349383585,-13.180683481068385,-14.34262971841908,36.53648460358839,2.705076481242745,0.7189253532099334,0.04952783031652728,4.952783031652728,0.04721806335308561,-0.01809795548065499,-1.809795548065499
2081,34.71801666666667,2143.548140043764,568.4381838074398,15285.0,2098.6822429906542,549.1869158878504,-2.7362673607714547,detected,2144.4130830206445,569.3957484493213,25.971018874398396,-23.627292637159144,35.11043689184617,32.38289990130918,-23.276794106404907,39.88058863520167,40.79975967863116,38.44713009296765,212.33400337679961,-13.106429636174616,-14.912071210740027,36.98772069344088,2.7058840164298354,0.7184804396836862,0.05032250931886646,5.032250931886646,0.04851372882393394,-0.01881649364131234,-1.881649364131234
2082,34.734700000000004,2143.3949082297218,569.0562462995856,15118.5,2103.8494623655915,544.0537634408602,-2.5777990978973824,detected,2145.0819555865583,569.0285074761175,32.274045582415056,-23.67612955294817,40.027154893444404,32.95713122539061,-23.368807211291525,40.40140652361162,40.71348075241215,39.44854422368379,211.55765914070963,-12.933695070906287,-15.853016710766301,37.16120975229805,2.7067280196675814,0.7180170441339023,0.05097969277427334,5.097969277427334,0.04977734286900163,-0.020003806575099436,-2.0003806575099436
2083,34.75138333333334,2144.4170454545456,568.6613636363636,15066.5,2098.542056074766,550.1214953271028,-2.7575233487893303,detected,2145.8042400984905,568.6603854092607,30.233167622979636,-21.217472451647154,36.93542421247643,33.28113541202044,-23.337881490975594,40.64837864909328,40.64869707129541,40.405309049178804,210.30232009490177,-9.597676451228864,-16.95868246060123,36.94176195040727,2.707639419682638,0.7175525367940199,0.05129132952566976,5.129132952566976,0.05098461709675559,-0.021398968404544142,-2.1398968404544143
2084,34.76806666666667,2144.8102064220184,568.4919724770642,15030.5,2101.769230769231,546.9076923076923,-2.67676004327066,detected,2146.519921469624,568.293037908009,29.194325688910794,-20.998733765042516,35.961861355682544,33.22291356024378,-23.84309288469402,40.89321537540887,40.65130546769823,41.29923190357634,209.89038124953214,-10.95068875878738,-16.92159628648247,37.22787454122085,2.708542487658832,0.7170890068239861,0.051600271767077446,5.160027176707745,0.05211259546192599,-0.021352171970324883,-2.1352171970324885
2085,34.78475,2145.4605764002176,568.0152256661229,15021.0,2100.617021276596,547.8936170212766,-2.7198146641929983,detected,2147.2200672972585,567.8791308299795,31.364869670805092,-20.17358004760763,37.29247084069144,33.15600175305673,-24.17813264019628,41.0353816872175,40.681339476413214,42.113667849233174,209.40285373492364,-12.002473791968836,-17.01497072689675,37.34157631084248,2.709425952425563,0.7165667265993433,0.05177966143497477,5.177966143497477,0.0531402748886223,-0.02146999460807161,-2.146999460807161
2086,34.801433333333335,2152.0552884615386,567.0943509615385,14497.0,2105.6279069767443,542.3488372093024,-2.651899585207349,detected,2147.929057104745,567.4457541234707,38.3036220116137,-24.853650487139475,45.66039204546393,33.01777416719106,-24.43157627138476,41.07402256974741,40.78876998005883,42.833960702544715,208.6583241840363,-12.040852246167521,-17.255913459409904,37.273432639635914,2.710320576788322,0.7160198790201523,0.05182841964636898,5.182841964636898,0.054049161769772515,-0.021774023292630795,-2.1774023292630793
2087,34.81811666666667,2146.7007743362838,566.77046460177,14966.0,2108.305263157895,540.378947368421,-2.539400757267169,detected,2148.48348996327,567.036401407175,45.84551455843393,-28.178148658020746,53.81281693910005,33.44770336060267,-24.64167643606345,41.54468771911176,41.040995990905174,43.44782532584472,208.4696945269153,-10.572093661193843,-17.656315765480446,37.60605790651503,2.711020176609805,0.7155033456241957,0.0524223188884691,5.24223188884691,0.054823754354378196,-0.022279262795558925,-2.2279262795558927
2088,34.8348,2152.3470105509964,567.200468933177,14440.0,2099.3296703296705,549.2747252747253,-2.815548418078873,detected,2149.045095473691,566.6235435197597,49.0311805710262,-27.463182253091873,56.19860360947697,33.87763255401788,-24.851776600741612,42.015530315327695,41.277009834532166,43.94566393584961,208.30556865886408,-9.103335076220503,-18.042866231381893,37.944166426931545,2.7117288270961404,0.7149823892993813,0.053016442038268385,5.3016442038268385,0.0554519418748891,-0.022767023635813115,-2.2767023635813115
2089,34.851483333333334,2146.9300057372348,566.2845668387837,14986.0,2101.5684210526315,546.4736842105264,-2.729826509791148,detected,2149.613873636156,566.2071804612636,50.68347937028648,-28.55469883511796,58.17375616755842,34.30756174743309,-25.061876765419772,42.486544458911006,41.510838546799576,44.320809219480694,208.1659465798721,-7.634576491247162,-18.415123216795305,38.28824489277705,2.7124465282475154,0.7144570100457586,0.053610781651622724,5.361078165162272,0.055925311317956715,-0.023236748538542972,-2.323674853854297
2090,34.86816666666667,2146.0937846836846,565.2347391786903,15128.5,2098.670588235294,549.8235294117648,-2.827386103202175,detected,2150.189824450664,565.7873122316869,64.30360364253556,-28.7906091979105,70.45461389719712,34.7374909408483,-25.271976930097935,42.95772450701876,41.754194977555244,44.56968698641709,208.05082828993943,-6.165817906273815,-18.772639635906256,38.63876416141336,2.7131732800639297,0.7139272078633273,0.05420533060822557,5.420533060822557,0.0562393526642487,-0.02368787335761042,-2.368787335761042
2091,34.88485,2147.732905982906,564.5566239316239,15152.0,2099.9347826086955,548.3369565217391,-2.8144486480827258,detected,2150.7729479172153,565.3639388310294,72.94596667351198,-27.56319964772888,77.97976679083928,35.16742013426352,-25.482077094776095,43.42906505974905,42.02397502889994,44.69189129552908,207.9602137890661,-4.6970593213004745,-19.11496196518614,38.9961782875374,2.713909082545382,0.7133929827520876,0.05480008209432057,5.480008209432057,0.0563935536852102,-0.024119825823578727,-2.4119825823578727
2092,34.90153333333333,2148.60084254871,564.5860979462875,14990.5,2099.1046511627906,549.5930232558139,-2.847464884044227,detected,2151.3632440358106,564.9370602592912,79.85476935677161,-24.910340552256685,83.64992083351062,35.597349327678735,-25.692177259454258,43.90056094730463,42.28864228335582,44.69016572550586,207.89410307725208,-3.228300736327134,-19.44162928255953,39.36092354515493,2.714653935691875,0.7128543347120394,0.055395029586504274,5.539502958650427,0.05639137630978657,-0.0245320243313054,-2.45320243313054
2093,34.918216666666666,2155.850595238095,564.7369047619047,14550.5,2098.1505376344085,550.3548387096774,-2.8973146665277967,detected,2151.960712806449,564.5066765164722,84.18458123756955,-26.167930389578487,88.15783742253873,36.027278521093955,-25.902277424132418,44.372207217955676,42.581949426332486,44.57028596607659,207.85249615449732,-1.7595421513537872,-19.75217234091418,39.73341743681284,2.715407839503406,0.7123112637431827,0.05599016683653713,5.599016683653713,0.056240108474544595,-0.024923876770869626,-2.4923876770869624
2094,34.9349,2150.8383631713555,563.4675191815857,15069.5,2100.5,547.4310344827586,-2.8331839478500203,detected,2152.565354229131,564.0727876025726,79.67827437616324,-24.69548067821279,83.41758911339463,36.45720771450917,-26.112377588810578,44.84399912674475,42.929796270858965,44.340841427408336,207.8353930208019,-0.29078356638044645,-20.04611267893504,40.11405768733604,2.7161707939799764,0.7117637698455175,0.056585487857091166,5.658548785709117,0.05595058855193481,-0.025294779405596265,-2.5294779405596266
2095,34.95158333333333,2157.847447795824,562.9460556844548,14583.5,2109.4857142857145,540.5857142857143,-2.7085110532593477,detected,2153.1771683038564,563.6353935175923,71.21966213928135,-22.365832144950673,74.6489834007771,36.887136907924386,-26.32247775348874,45.3159321248815,43.36758868261713,44.01291723981801,207.84279367616577,1.1779750185928943,-20.322961772284163,40.503221219418386,2.7169427991215858,0.711211853019044,0.05718098690836783,5.718098690836783,0.05553680408809844,-0.02564411580098948,-2.564411580098948
2096,34.968266666666665,2152.341715976331,562.3663708086785,15164.5,2104.0,545.1829268292684,-2.8000638770091477,detected,2153.7961550306254,563.1944942615313,62.56427085687665,-20.60603419548329,65.8703016018452,37.3170661013396,-26.5325779181669,45.7880018497788,43.81419615390605,43.599682802987125,207.87469812058896,2.646733603566241,-20.582220228197002,40.90126310853181,2.7177238549282343,0.710655513263762,0.05777665848552531,5.777665848552531,0.055015372622065774,-0.02597125580845048,-2.5971255808450477
2097,34.98495,2158.928697701827,563.4331172657631,14562.0,2111.0508474576272,539.4067796610169,-2.676485519906173,detected,2154.4223144094376,562.7500898343895,56.19389122588473,-21.069028865569635,60.01380998107661,37.74699529475481,-26.742678082845064,46.26020411568591,44.31538337775057,43.11589871417919,207.93110635407143,4.115492188539582,-20.82337702662571,41.3085155147449,2.7185139613999216,0.7100947505796714,0.05837249730685919,5.83724973068592,0.054404919513159865,-0.026275554607729606,-2.6275554607729608
2098,35.00163333333333,2159.820717131474,561.7603870233352,14535.0,2102.764705882353,547.0588235294117,-2.889409264483509,detected,2155.055646440294,562.302180236167,42.949703874456645,-21.06056344170156,47.83538852549911,38.17692448817002,-26.952778247523224,46.73253490487753,44.79293940233828,42.57736007000509,208.01201837661318,5.584250773512923,-21.045908811128506,41.72528658918067,2.7193131185366486,0.7095295649667723,0.05896849830268459,5.896849830268459,0.053725375482656275,-0.026556351812149534,-2.6556351812149535
2099,35.01831666666667,2160.821469575201,561.1205510907004,14636.0,2104.8837209302324,545.3720930232558,-2.8671607159125805,detected,2155.696151123193,561.8507654668638,26.897801868562965,-19.292106673220133,33.10101396107639,38.606853681585235,-27.162878412201387,47.20499035936103,45.2813137943698,42.000300281539644,208.1174341882143,7.053009358486263,-21.24927923278139,42.15185935299478,2.720121326338414,0.7089599564250647,0.059564656604871966,5.956465660487196,0.05299722433001848,-0.026812970640733617,-2.6812970640733615
2100,35.035000000000004,2159.8751445086705,561.6560693641618,14446.0,2122.2551020408164,528.6122448979592,-2.420864552018127,detected,2156.3438284581357,561.3958455264799,9.842487542736308,-22.636984744424353,24.684157659280583,39.036782875000455,-27.372978576879547,47.677566773066715,45.66071702663203,41.40078500636333,208.2473537888747,8.52176794345961,-21.432938350474387,42.58849054691889,2.7209385848052188,0.7083859249545488,0.0601609675369927,6.01609675369927,0.05224073817837644,-0.02704471716148188,-2.7044717161481877
2101,35.05168333333334,2160.386943620178,561.7810089020771,14433.5,2116.1147540983607,533.6639344262295,-2.5757664705263537,detected,2156.998678445122,560.9374204150153,6.68289334293604,-25.718633147953824,26.57271447240737,39.466712068415674,-27.58307874155771,48.150260584489054,45.97852022280838,40.7941297097851,208.4017771785944,9.990526528432957,-21.596322091046936,43.035409449591135,2.721764893937063,0.7078074705552243,0.06075742660503351,6.0757426605033515,0.051475242536006445,-0.027250879610153864,-2.725087961015386
2102,35.06836666666667,2160.8978145304195,560.8718251624335,14478.5,2119.328244274809,530.4045801526718,-2.5091114749375505,detected,2157.660701084152,560.47549013247,-0.16630023262314353,-26.48344862911199,26.483970757010443,39.89664126183089,-27.79317890623587,48.623068369748744,46.356956876403174,40.194375682774584,208.5807043573734,11.459285113406292,-21.73885177281763,43.49281666308501,2.722600253733946,0.7072245932270915,0.06135402948864195,6.135402948864195,0.0507184551202203,-0.02743072778904433,-2.7430727789044327
2103,35.08505,2161.550750750751,560.3075075075075,14643.5,2119.0737704918038,531.0655737704918,-2.538681956556661,detected,2158.3298963752254,560.010054678844,-5.7947174774917585,-29.797304290918873,30.355528222212847,40.3265704552461,-28.003279070914033,49.09598683604821,46.7975758061014,39.61385712536868,208.78413532521174,12.928043698379637,-21.859933696168405,43.960882864252625,2.7234446641958683,0.7066372929701502,0.06195077203286841,6.195077203286841,0.04998593959037058,-0.02758351255037023,-2.758351255037023
2104,35.101733333333335,2161.692581602374,560.452818991098,14600.5,2117.904761904762,532.2619047619048,-2.569583211384693,detected,2159.006264318342,559.5411140541371,-6.433884360162665,-32.9641908056135,33.58619870465902,40.75649964866132,-28.213379235592193,49.56901281549467,47.30190313678715,39.06288566030316,209.01207008210932,14.396802283352985,-21.958958804955223,44.43974752071567,2.724298125322829,0.7060455697844001,0.06254765024037183,6.254765024037183,0.04929070745779579,-0.027708465369028674,-2.770846536902867
2105,35.11841666666667,2156.376630151278,558.8878455920709,15150.5,2111.260869565217,540.1413043478261,-2.747778209182314,detected,2159.689804913502,559.0686682583497,-9.509449129810491,-33.51706510897998,34.839966651419985,41.18642884207654,-28.423479400270356,50.042143259267256,47.78611729211658,38.54956858998603,209.26450862806624,15.865560868326318,-22.03530242263127,44.92951757057055,2.725160637114829,0.705449423669842,0.06314466026405963,6.314466026405963,0.04864298875708017,-0.027804798009629362,-2.780479800962936
2106,35.1351,2163.162471395881,558.5657894736842,14755.5,2121.1574803149606,529.4566929133858,-2.535585967796625,detected,2160.380518160706,558.5927172914814,-9.00220539107453,-33.54748747621969,34.73432909774145,41.61635803549174,-28.633579564948516,50.51537523210607,48.22320971971211,38.07976440144636,209.54145096308247,17.334319453299667,-22.0883240670888,45.43026606512163,2.726032199571869,0.7048488546264751,0.06374179840013385,6.374179840013385,0.04805017590087869,-0.02787170229285653,-2.787170229285653
2107,35.151783333333334,2157.300908605024,558.6942811330839,15124.5,2129.96875,520.2109375,-2.188357422438556,detected,2161.0784040599533,558.1132611535326,-8.494961652434828,-33.57790984348178,34.635825425898666,42.046287228906955,-28.843679729626675,50.98870590710281,48.51592596350738,37.657165303418196,209.842897087158,18.803078038273014,-22.11736734834473,45.94203077422019,2.7269128126939477,0.7042438626542998,0.06433906108151775,6.433906108151775,0.047516927827657034,-0.02790834996636559,-2.790834996636559
2108,35.16846666666667,2158.2928496319664,556.3238696109358,15174.0,2115.330188679245,535.2264150943396,-2.685118646092358,detected,2161.783462611244,557.6302998445029,-7.987717913795127,-33.60833221074385,34.5445166626787,42.47621642232217,-29.05377989430484,51.46213256077388,48.94483343576779,37.28348428050176,210.16884700029283,20.271836623246347,-22.121759953318488,46.46481275406603,2.7278024764810653,0.7036344477533161,0.06493644487163897,6.4936444871638965,0.04704540603217888,-0.02791389268557538,-2.791389268557538
2109,35.18515,2163.468994581577,556.837447320891,14441.0,2118.241071428572,533.2232142857143,-2.6604090013031185,detected,2162.495693814578,557.1438333643927,-7.480474175155426,-33.638754578005944,34.46046000047711,42.90614561573739,-29.263880058983,51.93565256839855,49.444178515771064,36.95871552502175,210.51930070248696,21.740595208219695,-22.100813722071237,46.99857487762486,2.7287011909332213,0.7030206099235239,0.06553394645854707,6.553394645854707,0.046635603186147324,-0.02788746210986907,-2.7887462109869072
2110,35.20183333333333,2158.926477893691,556.9632389468455,15040.0,2121.0647482014388,530.5971223021583,-2.5333009702738063,detected,2163.2150976699554,556.6538617132016,-6.973230436515726,-33.66917694526802,34.38370862621595,43.336074809152606,-29.47398022366116,52.409263399605614,49.93024682277425,36.68143369939676,210.89425819374043,23.209353793193042,-22.053824819996784,47.54324032812797,2.7296089560504173,0.7024023491649233,0.06613156264934462,6.613156264934463,0.046285720756336614,-0.02782817011986976,-2.782817011986976
