frame,time_sec,x,y,area,blue_x,blue_y,theta_rad,status,x_smooth_px,y_smooth_px,vx_raw_px_s,vy_raw_px_s,speed_raw_px_s,vx_sg_px_s,vy_sg_px_s,speed_sg_px_s,speed_ma_px_s,speed_butter_px_s,theta_smooth_deg,omega_deg_s,v_surge_px_s,v_sway_px_s,x_m,y_m,speed_sg_m_s,speed_sg_cm_s,speed_butter_m_s,v_surge_m_s,v_surge_cm_s
600,10.01,1147.265045592705,1056.8310030395137,14043.0,1134.6434108527133,1007.9418604651164,-1.8234480555808463,detected,1149.261637803897,1056.6192473370613,31.299307437860957,0.17917029452511343,31.29982025641966,26.747029507793954,0.9212661176135287,26.76289070243092,30.526795375171382,30.146655251178075,254.6792692870174,-21.777898110786005,-7.955680434267251,25.553071587934014,1.4501724136326777,1.3332734982171122,0.03377020908824091,3.377020908824091,0.03803994353460956,-0.010038713481725239,-1.0038713481725239
601,10.026683333333333,1148.9961215255332,1055.4363283775049,14017.5,1140.035242290749,1007.1850220264316,-1.7544170971541828,detected,1149.7082358235862,1056.634927861572,32.5926002039067,2.0838209027880708,32.65914722717964,26.791194630764885,0.9585170404945736,26.808335730896157,29.852201732436022,30.37363889533214,254.3243001738403,-20.77584173062166,-8.161636220815836,25.535750603017537,1.4507359442568912,1.3332932843679142,0.033827552972739636,3.3827552972739636,0.03832635822754844,-0.010298594600398532,-1.0298594600398532
602,10.043366666666667,1149.2484510532838,1056.0080545229243,14080.0,1133.6897959183673,1008.6367346938777,-1.8881367943923408,detected,1150.1555706647434,1056.6512298556459,33.885892969952444,3.9884715110510283,34.11981312031967,26.835359753735823,0.9957679633756187,26.853828161908492,29.274762164900192,30.532294504987934,253.98604870127232,-19.773785350457317,-8.360235303327247,25.51929765143058,1.4513004046242821,1.3333138547074397,0.03388495667117791,3.388495667117791,0.03852655458042642,-0.010549192811769397,-1.0549192811769397
603,10.06005,1149.6777973052135,1056.8072642062098,14138.5,1135.531914893617,1008.4468085106384,-1.8553668188430756,detected,1150.603642327369,1056.6681533192832,35.17918573599818,5.893122119313985,35.669370577023166,26.879524876706757,1.0330188862566636,26.899367754965176,28.704939446200175,30.62007739352194,253.66451486931342,-18.771728970292973,-8.55148179865917,25.503884893562027,1.4518657947348506,1.3333352092356887,0.033942419880082245,3.3942419880082246,0.03863732163220434,-0.010790513310610941,-1.079051331061094
604,10.076733333333332,1149.9964349376114,1056.721330956625,14169.0,1136.5182186234815,1008.6072874493929,-1.843926139557196,detected,1151.052450811463,1056.685698252484,36.472478502043934,7.797772727576943,37.296741782533765,26.923689999677695,1.0702698091377085,26.9449542709409,28.32682186530655,30.63584834006434,253.35969867796356,-17.76967259012863,-8.735380123048138,25.489678200576638,1.4524321145885968,1.3333573479526613,0.033999942297717224,3.3999942297717225,0.03865722188020737,-0.011022561669461374,-1.1022561669461373
605,10.093416666666666,1150.4249512670565,1055.891487979207,14324.5,1133.9467213114754,1009.6844262295082,-1.913353937855467,detected,1151.5019961170249,1056.703864655248,37.76577126804068,9.702423335789717,38.992185089538694,26.96785512264863,1.1075207320187537,26.990587472080286,28.057713169632322,30.579954231351923,253.07160012722278,-16.767616209964284,-8.911934752744893,25.476837147708014,1.4529993641855206,1.3333802708583573,0.034057523624076075,3.4057523624076076,0.03858669303640622,-0.011245343536586617,-1.1245343536586616
606,10.1101,1151.198113207547,1056.740251572327,14260.0,1132.6936170212766,1010.4255319148936,-1.950904471178931,detected,1151.9522782440552,1056.7226525275755,36.34025874896042,11.788437284396878,38.20447172190126,27.012020245619563,1.1447716548997984,27.036267121990477,27.910837019019485,30.454280994940955,252.8002192170911,-15.765559829799937,-9.081149993556929,25.465515009246214,1.4535675435256217,1.3334039779527769,0.03411516356087127,3.411516356087127,0.038428114820114774,-0.011458864345182247,-1.1458864345182247
607,10.126783333333334,1151.8375757575757,1058.0660606060603,14199.5,1138.641592920354,1009.1017699115044,-1.834044103668975,detected,1152.4032971925537,1056.7420618694666,39.882251830782025,8.164736491436088,40.70942069188045,27.0561853685905,1.1820225777808433,27.08199298563373,27.897670815723327,30.262275542600158,252.5455559475685,-14.763503449635591,-9.243029759331835,25.45585875475468,1.4541366526089008,1.3334284692359202,0.034172861811525214,3.4172861811525213,0.03818583664681408,-0.011663129033857205,-1.1663129033857205
608,10.143466666666669,1153.145212428662,1057.1071655041217,14196.5,1138.0094339622642,1009.75,-1.880144591717546,detected,1152.8550529625206,1056.762092680921,42.55933523717022,5.217164702132322,42.87791766584537,27.100350491561432,1.2192735006618884,27.127764829319982,27.98131461549974,30.00893372346907,252.30761031865495,-13.761447069471249,-9.39757735940959,25.44800904606886,1.4547066914353575,1.3334537447077868,0.03423061808116087,3.4230618081160866,0.03786616242709031,-0.011858141778434816,-1.1858141778434816
609,10.16015,1153.4039688164423,1055.5520907158043,14256.0,1141.1467391304348,1009.358695652174,-1.8301652670146424,detected,1153.3075455539556,1056.7827449619385,46.492094716015345,3.375962151116255,46.614504089700574,27.144515614532366,1.2565244235429334,27.173582420699546,28.200563266889688,29.700751698055598,252.0863823303505,-12.759390689306903,-9.5447952950677,25.442100234646603,1.4552776600049915,1.3334798043683769,0.03428843207659249,3.428843207659249,0.03747728920890297,-0.012043905735101201,-1.2043905735101201
610,10.176833333333333,1154.1577608142493,1057.8886768447835,14198.0,1145.59900990099,1009.0841584158416,-1.7443990383026315,detected,1153.7607749668587,1056.8040187125198,48.948449770809475,-0.9951731999212825,48.95856518182799,27.188680737503304,1.2937753464239783,27.21944552875568,28.572119260819644,29.345638720639144,251.88187198265507,-11.757334309142559,-9.684685064979773,25.438260358858177,1.4558495583178028,1.3335066482176907,0.03434630350631632,3.4346303506316316,0.03702919712383489,-0.012220422794927159,-1.222042279492716
611,10.193516666666667,1154.6290212183435,1057.4893908282,14193.0,1146.5233160621765,1008.5336787564768,-1.734879933188348,detected,1154.2147412012303,1056.8259139326644,49.18216677167311,-5.069958478833996,49.44279530258951,27.23284586047424,1.3310262693050232,27.265353923797303,29.039954961491944,28.952790125503725,251.69407927556875,-10.755277928978213,-9.817246979705969,25.436611140821864,1.4564223863737922,1.333534276255728,0.03440423208050133,3.4404232080501327,0.03653348911735486,-0.012387693349786712,-1.2387693349786713
612,10.2102,1155.8477653631285,1057.1990223463688,14235.5,1143.2372093023257,1009.753488372093,-1.830580224654296,detected,1154.66944425707,1056.8484306223722,46.457282864050285,-5.1221519738364805,46.73880156736432,27.277010983445177,1.3682771921860681,27.31130737745166,29.480226667653817,28.53252041155409,251.5230042090915,-9.753221548813867,-9.942479985232831,25.437267982408997,1.456996144172959,1.3335626884824887,0.03446221751098001,3.446221751098001,0.03600318033003671,-0.012545716069694424,-1.2545716069694424
613,10.226883333333332,1156.5978480161398,1057.1136516476126,14218.0,1141.8826086956522,1010.7304347826088,-1.8780059342330304,detected,1155.124884134378,1056.8715687816436,44.467632271098864,-3.143440634299168,44.57859956098931,27.32117610641611,1.405528115067113,27.357305662657037,29.881983321218417,28.09605771599646,251.36864678322337,-8.751165168649523,-10.060381495579579,25.440339960060413,1.4575708317153035,1.333591884897973,0.03452025951123917,3.452025951123917,0.03545243875835515,-0.012694487691583066,-1.2694487691583065
614,10.243566666666666,1158.0133868808568,1056.7817938420349,14224.0,1135.4439461883408,1012.95067264574,-2.046307120701207,detected,1155.581060833154,1056.8953284104784,44.370585922159535,-4.365803670576497,44.58485322131005,27.365341229387045,1.4427790379481582,27.4033485536555,30.124937856847563,27.655302596743553,251.23100699796424,-7.749108788485179,-10.170947234489047,25.445929818074497,1.4581464490008254,1.3336218655021812,0.03457835779641073,3.4578357796410732,0.03489628087917168,-0.012834002819544539,-1.2834002819544539
615,10.26025,1158.75625,1055.95125,14170.5,1133.2882096069868,1013.5327510917032,-2.1115094361864366,detected,1156.0379743533983,1056.9197095088764,40.98483764519642,-7.112310740855264,41.597378293320304,27.40950635235798,1.480029960829203,27.449435825985653,30.383027895436005,27.22255580140291,251.11008485331422,-6.747052408320834,-10.27417108622284,25.454133960045215,1.458722996029525,1.3336526302951122,0.034636512083262655,3.4636512083262656,0.034350228140571495,-0.012964253736558788,-1.2964253736558788
616,10.276933333333334,1159.1782111634163,1056.901815736382,14302.5,1136.9637305699482,1012.5492227979274,-2.035132436210868,detected,1156.495624695111,1056.944712076838,31.29695748252834,-3.6227379651768388,31.505932425934013,27.453671475328914,1.517280883710248,27.49556725647538,30.639259339061564,26.81022149474579,251.0058803492733,-5.744996028156489,-10.370044955483081,25.465042438146867,1.459300472801402,1.3336841792767673,0.034694722090189756,3.4694722090189756,0.033829932485483646,-0.013085230227738904,-1.3085230227738904
617,10.293616666666669,1158.9151636606546,1057.561790247161,14408.0,1141.0905172413793,1012.0991379310344,-1.94444984863914,detected,1156.9540118582918,1056.970336114363,22.781809309085475,-1.4973065812423556,22.830960610402823,27.497836598299852,1.554531806591293,27.541742623234693,30.908536722059644,26.43049416966603,250.91839348584142,-4.742939647992145,-10.45855863648628,25.47873893998055,1.4598788793164565,1.3337165124471457,0.03475298753720466,3.475298753720466,0.033350781286644836,-0.013196919415124644,-1.3196919415124644
618,10.3103,1159.9610738255033,1056.8805369127515,14510.5,1143.236051502146,1011.4206008583692,-1.9233338986616797,detected,1157.4131358429408,1056.9965816214512,15.960136898471774,0.4959882395492059,15.967841875210668,27.542001721270786,1.591782729472338,27.587961705648524,31.15823457701923,26.095039059608094,250.84762426301862,-3.7408832678277997,-10.539699691218889,25.495300772715936,1.4604582155746888,1.3337496298062477,0.03481130814592874,3.481130814592874,0.032927494081524414,-0.01329930560406169,-1.329930560406169
619,10.326983333333333,1160.7112582781456,1056.6192052980132,14415.5,1142.6745283018868,1011.5990566037736,-1.9518515807738883,detected,1157.8729966490582,1057.023448598103,8.337931865566588,1.2387568014369208,8.429449935075061,27.58616684424172,1.6290336523533828,27.63422428436957,31.370631358731362,25.814677096988152,250.7935726808049,-2.738826887663455,-10.613453336909052,25.514798844280453,1.4610384815760988,1.3337835313540731,0.03486968363958306,3.486968363958306,0.03257372504351817,-0.01339237014121016,-1.3392370141210161
620,10.343666666666667,1160.7068965517242,1055.962201591512,14340.5,1140.590243902439,1012.180487804878,-2.0015026072630127,detected,1158.3335942766437,1057.050937044318,4.212993343736798,0.6342030530140619,4.260460823293992,27.63033196721266,1.6662845752344277,27.680530141311202,31.56197222160229,25.599086077130387,250.75623873920023,-1.7367705074991107,-10.679802342754215,25.537297641366433,1.4616196773206862,1.3338182170906223,0.03492811374297944,3.492811374297944,0.03230168590174182,-0.01347609128423245,-1.347609128423245
621,10.36035,1158.9498392282958,1057.0842443729905,14384.5,1144.6764705882354,1011.1386554621848,-1.872002272280488,detected,1158.7949287256974,1057.0790469600965,1.2218152446471322,2.8024095541700262,3.0571770968256935,27.67449709018359,1.7035354981154727,27.726879059640293,31.83340512846787,25.456529503001345,250.73562243820467,-0.7347141273347662,-10.738726935950522,25.56285520404578,1.4622018028084511,1.3338536870158948,0.034986598182511416,3.4986598182511415,0.03212180378927615,-0.013550444083218326,-1.3550444083218327
622,10.377033333333332,1157.3647798742138,1058.1716981132076,14255.5,1146.9727272727273,1010.4636363636364,-1.7852719791211953,detected,1159.2569999962195,1057.1077783454386,1.2819680396323747,4.875745032424675,5.041461263944489,27.718662213154527,1.7407864209965178,27.773270823770225,32.14862291896975,25.393623530604007,250.73172377781816,0.2673422528295785,-10.790204717076309,25.591523096800447,1.4627848580393938,1.3338899411298912,0.035045136686145395,3.5045136686145395,0.032042427167954586,-0.013615400273913324,-1.3615400273913325
623,10.393716666666666,1161.7727574750832,1054.367441860465,14504.0,1138.5352697095436,1012.3734439834024,-2.0762098637790825,detected,1159.7198080882097,1057.137131200344,-0.8203464763837474,7.684925025630946,7.7285859632201825,27.76282733612546,1.7780373438775627,27.81970521935375,32.47870490271594,25.41515056910514,250.74454275804075,1.269398632993923,-10.83421058488914,25.623346375795933,1.4633688430135139,1.3339269794326107,0.03510372898341167,3.510372898341167,0.03206959062347652,-0.013670928182825415,-1.3670928182825415
624,10.4104,1159.5898141775638,1056.7047487955954,14467.0,1144.3173076923076,1011.0528846153846,-1.8936350850857524,detected,1160.1833530015886,1057.16710552474,1.9607308701852162,9.809593688694804,10.003629035633928,27.806992459099448,1.815288266761103,27.866182033279227,32.72994743909848,25.523925610506808,250.77407937887992,2.271455013158158,-10.870716670603318,25.658363552247852,1.4639537577307111,1.3339648019239623,0.03516237480539966,3.516237480539966,0.032206846196223105,-0.013716992644294409,-1.3716992644294408
625,10.427083333333334,1159.7731741573034,1056.5266853932585,14396.0,1141.3529411764705,1010.9954751131222,-1.9552299352145392,detected,1160.5387899378893,1057.1922489006615,5.810812357469331,11.614904079003281,12.987360664052005,27.76501817461794,1.9520347454275466,27.83355302300123,32.87254496009991,25.720718579049617,251.04183184470546,2.377243603550694,-10.866385010090829,25.624760500279688,1.4644022585967058,1.3339965285812765,0.035121202552682945,3.5121202552682944,0.0324551653994317,-0.013711526826613035,-1.3711526826613034
626,10.443766666666669,1159.6498237367805,1058.4900117508814,14313.0,1141.6931818181818,1011.2272727272727,-1.93388419214142,detected,1160.9247893290915,1057.146979292726,12.913111916360776,6.0528647132828155,14.261333408968564,27.949333221846103,2.017246766303261,28.022036186936013,32.90394215757205,26.00423325743663,251.44660544579446,3.1328220661974266,-10.805555525308296,25.85487346423166,1.4648893240745635,1.3339394060476037,0.035359036198026515,3.5359036198026517,0.032812912627680296,-0.013634770378937915,-1.3634770378937915
627,10.46045,1160.4421252371917,1057.8222643896268,14413.5,1142.454954954955,1010.7252252252252,-1.935617575431195,detected,1161.2967539315807,1057.135141813047,12.43555052108195,4.772021065848094,13.31972604129978,28.161009652956643,2.08117768129845,28.237807372652927,32.885556435110445,26.371140994150586,251.72897140608458,2.2200300305601544,-10.80507738473376,26.088772832867534,1.4653586800398497,1.3339244691647283,0.03563130267842641,3.563130267842641,0.033275887689779925,-0.013634167046982663,-1.3634167046982664
628,10.477133333333333,1160.2168674698796,1057.4844641724794,14448.0,1139.4242424242425,1011.7373737373738,-1.997396518885938,detected,1161.6620504678335,1057.1533865952724,17.738697277003666,0.17184107253615366,17.739529600285,28.42095816439777,2.2439059297504245,28.50940155113778,32.76437328459799,26.816165643539154,251.94132052233542,2.139789696516587,-10.943607257790868,26.325338307251524,1.4658196220414303,1.3339474909719526,0.035974008266419916,3.5974008266419917,0.03383743298869294,-0.01380896814863201,-1.380896814863201
629,10.493816666666667,1161.014483627204,1058.035264483627,14302.0,1145.319502074689,1010.3858921161826,-1.888989050229185,detected,1162.0462822417808,1057.1843585231122,20.034706403812834,-2.9693892123527803,20.253560995079756,28.563256855488092,2.330523047995617,28.658174747702027,32.629539517710214,27.332215076384447,252.2639997630988,1.7003088875917753,-10.921023955428918,26.495701833217666,1.4663044570874206,1.3339865722689115,0.03616173469741581,3.6161734697415806,0.03448859946546934,-0.013780471868049109,-1.378047186804911
630,10.5105,1160.7173043974872,1058.462592804112,14301.0,1161.175355450237,1007.473933649289,-1.5618131776169155,detected,1162.4329566661609,1057.1887173772554,22.890540319815045,-5.337335676346356,23.50455250063438,28.688387286232306,2.287247040087002,28.779420843846772,32.46646171848316,27.91055397394273,252.5153781810779,0.27151259490210145,-10.800991338764705,26.67571274037813,1.466792374342159,1.3339920724003225,0.036314726616841354,3.6314726616841355,0.035218364635889884,-0.013629011153015402,-1.3629011153015402
631,10.527183333333332,1161.91742013261,1056.915611814346,14381.0,1147.9736842105262,1009.9511278195488,-1.8594062844825876,detected,1162.8407222477215,1057.208564120029,26.162760253392207,-8.437037633548243,27.489518513542365,28.80745509634968,2.4142420625302,28.908442259393592,32.326967837985194,28.541012241878885,252.6862129145136,-1.7161112410234807,-10.878082285654168,26.783677112212025,1.4673069050444436,1.3340171156088696,0.03647752966484996,3.647752966484996,0.036013895573348755,-0.013726286795778132,-1.372628679577813
632,10.543866666666666,1161.4859320046894,1057.331184056272,14428.5,1147.246963562753,1009.7246963562752,-1.8614246831954293,detected,1163.2621380160163,1057.280216207228,30.26501725512071,-4.892500054690572,30.657916208344975,28.917698365612633,2.718117378518242,29.045162090233863,32.144164811668304,29.212223048879284,253.0854038895877,-3.0851015803954813,-11.014016971977158,26.875878980769308,1.4678386599571185,1.3341075283371964,0.036650046801556924,3.6650046801556924,0.0368608492730338,-0.013897813213851305,-1.3897813213851304
633,10.56055,1163.1268612269207,1056.381179273377,14384.5,1148.8353413654618,1009.714859437751,-1.86797636203609,detected,1163.7458152997706,1057.3447440352584,35.396073903059005,-1.6768005417579843,35.43576876275799,28.983164262431366,2.8001840546068633,29.11811878200158,31.921146859543263,29.91188411376048,253.28988745789744,-4.4917421096733285,-11.01545392370905,26.95412058030082,1.4684489782962407,1.3341889514640486,0.036742105718613985,3.6742105718613987,0.03774370235174824,-0.01389962640215653,-1.389962640215653
634,10.577233333333334,1162.4683992911991,1056.5936207914945,14447.5,1147.0413223140497,1010.0909090909092,-1.891117376463076,detected,1164.1846543615227,1057.4088215617799,41.199234544611045,0.690650313043534,41.20502305443814,29.22703307415738,2.8916348844608604,29.369729563326256,31.63189604578324,30.62703545517959,253.42054812580065,-4.784371276928468,-11.111192993941728,27.186805712961217,1.4690027184372527,1.3342698063871041,0.03705959566350316,3.7059595663503164,0.03864610152073135,-0.014020432799926472,-1.4020432799926472
635,10.593916666666669,1163.620850320326,1057.2347117064649,14496.5,1148.0703703703705,1010.0148148148148,-1.888930991951925,detected,1164.6240721767458,1057.5085642511638,45.327748115944814,2.800931942209445,45.41420448502239,29.60092591606553,3.0618653655672543,29.758861446723063,31.33203123500997,31.344346488230773,253.71374740575413,-4.298017522652083,-11.2401780147318,27.554459399567254,1.4695571888665564,1.3343956646702382,0.037550613812899765,3.7550613812899765,0.03955122585265713,-0.0141831899239518,-1.41831899239518
636,10.6106,1164.359853121175,1057.2858017135864,14512.0,1154.390510948905,1008.970802919708,-1.7742810443656771,detected,1165.0800553406614,1057.6051359938663,44.845193183563424,6.611980166434023,45.330008089481304,29.951915220753456,3.1483556229458523,30.116928271650437,31.066367261443794,32.05040524766895,254.20149904793254,-4.449446634505928,-11.183987696309002,27.96332933912817,1.4701325619440524,1.3345175217588219,0.038002433150347556,3.8002433150347557,0.04044215173207438,-0.014112287313954577,-1.4112287313954577
637,10.627283333333333,1165.7298606904906,1057.5202907328892,14441.5,1146.8921568627452,1010.8382352941176,-1.9543438298897773,detected,1165.5742514702572,1057.6867976755398,44.23497204094974,6.749772084153847,44.746979503108676,30.409034132612817,3.2293004037782893,30.58002187664773,30.833923046401754,32.7320027501234,254.51290995232205,-5.37423410057168,-11.231904674268893,28.44260985501138,1.4707561532747726,1.3346205648902711,0.03858677839324635,3.858677839324635,0.04130221167208,-0.014172750377626366,-1.4172750377626366
638,10.643966666666667,1166.3727100442195,1058.006948831333,14401.5,1157.0072463768115,1009.0036231884058,-1.7596380052865497,detected,1166.1102680115032,1057.7772835081148,38.81657931540349,6.501012676849314,39.3572102107551,30.82534355227509,3.2414681455203658,30.99530481950792,30.59325395486576,33.37640609405108,254.6742286570892,-6.49674104109224,-11.273547365217263,28.8724098519402,1.4714325148410137,1.3347347425969904,0.03911079472493113,3.9110794724931135,0.042115338919938274,-0.014225296359895601,-1.42252963598956
639,10.66065,1168.0758208955224,1058.1379104477612,14375.5,1154.4524590163935,1009.8196721311476,-1.84561301035805,detected,1166.7085210730427,1057.8702077854487,40.212993476451175,4.358841048650902,40.44853940038514,31.31004311890248,3.122989644879963,31.46540742513213,30.233470414676994,33.97161473930278,254.49118280274854,-9.157841075605912,-11.381167473563348,29.33497726892359,1.4721874082940603,1.3348519972056136,0.03970398413265885,3.9703984132658845,0.04286639083823695,-0.014361094603865424,-1.4361094603865425
640,10.677333333333332,1167.2218323586744,1052.2686159844054,15041.0,1163.7865612648222,1008.2332015810276,-1.6486502015186624,detected,1167.312791711304,1057.938655749888,40.81321699134605,2.480352425106503,40.88851708408401,31.96283873278388,2.82293411772777,32.08725630045331,29.88803444115789,34.50659534065593,253.92454704691679,-11.582476961017143,-11.563157467195962,29.931344879236736,1.4729498949038538,1.3349383668768304,0.040488651483221845,4.048865148322185,0.04354144522480244,-0.014590734974379764,-1.4590734974379764
641,10.694016666666666,1170.7397260273972,1056.7150684931507,14285.5,1153.66796875,1010.3125,-1.9233326461508076,detected,1167.9329646941785,1058.0086944272882,41.866109210648574,2.6343692807404295,41.94890942498103,32.657720027583295,2.7519742591088616,32.773465482350396,29.665072287837557,34.97149138048427,253.46567797965577,-13.690843080972474,-11.93222791349826,30.52412122802466,1.4737324475636322,1.3350267437568306,0.04135453057709829,4.135453057709829,0.044128064833418634,-0.015056439007568782,-1.5056439007568783
642,10.7107,1170.5006973500697,1057.513249651325,14216.5,1154.6,1009.9076923076924,-1.8931550987738333,detected,1168.5744855586113,1058.0936476915404,41.5533542459666,2.7694993027830606,41.64554448532168,33.1442821128098,2.7954481989778257,33.261959764973135,29.589004532395904,35.3578045934814,253.11173569810447,-15.079866826088374,-12.303508873967818,30.902777169615145,1.4745419376133897,1.3351339403047828,0.041970927148231085,4.197092714823109,0.0446155263009229,-0.015524932333082421,-1.5524932333082422
643,10.727383333333334,1168.1522875816993,1057.3843137254903,14150.5,1155.89453125,1010.41015625,-1.8260510347776424,detected,1169.2644261395235,1058.1572146195035,40.351585906514174,3.5069444289665626,40.503692972353186,33.66745670050162,2.728596170981164,33.77784596069507,29.627409200797047,35.6585458304354,252.73796566430406,-16.21434940807927,-12.59624756643623,31.341305412976876,1.4754125250971906,1.3352141509394366,0.042621887647564756,4.262188764756476,0.04499501051159041,-0.015894318695818588,-1.5894318695818588
644,10.744066666666669,1170.017704918033,1057.84,14042.0,1157.0588235294117,1010.2647058823528,-1.836731432641608,detected,1169.9828837484963,1058.2089232092803,39.604389766716395,5.474512615164713,39.980970187923006,34.24877126726122,2.611460926188452,34.34818862016142,29.813311663621032,35.8683536229552,252.19574168204807,-17.187236828588585,-12.958501490118557,31.809987435030244,1.4763190962126138,1.3352793983713318,0.043341562927648486,4.334156292764849,0.0452597522056217,-0.016351421438635404,-1.6351421438635403
645,10.76075,1171.8937994722955,1057.9736147757255,14027.5,1158.827067669173,1010.2593984962406,-1.838096853715494,detected,1170.7132623699163,1058.2332392667217,42.80522701401742,10.388878468550047,44.04788593741894,34.73933278408827,2.3819425202044266,34.820897352784975,30.02523139337121,35.98357930758691,251.45028376941548,-18.208492017148455,-13.309729683572982,32.17679269603178,1.4772407096150364,1.3353100810936553,0.04393804082370344,4.393804082370345,0.04540514739127686,-0.01679461158810471,-1.679461158810471
646,10.777433333333333,1172.562082777036,1058.2263017356474,13957.5,1159.4108527131782,1010.3914728682172,-1.8390974690425,detected,1171.4310329965497,1058.303028937217,45.26316706824218,11.284566469934362,46.64864128205634,34.66348782335656,2.215606524646763,34.73422376204837,30.27812864673589,36.002338137661226,250.76941505002185,-17.330706005416648,-13.509114985491404,31.999533006917734,1.4781464138757725,1.3353981437693592,0.043828673516780284,4.382867351678028,0.045428817839320165,-0.017046201874437103,-1.7046201874437104
647,10.794116666666667,1172.9622878692646,1058.3563796354497,13961.5,1155.584269662921,1011.4531835205992,-1.9256231664773185,detected,1172.1411050753054,1058.3421956216346,46.6628051996031,11.219101907404365,47.99255813878679,34.72386491055813,2.108597111862246,34.787827987772445,30.522921468254395,35.92452636427611,250.25235421682984,-15.460733407714217,-13.717021924685511,31.9693022386248,1.4790424038805117,1.3354475654531668,0.043896312918324853,4.389631291832485,0.045330632636310556,-0.017308545015376042,-1.7308545015376042
648,10.8108,1172.7124681933842,1058.5101781170483,14028.0,1158.011952191235,1011.215139442231,-1.8721551761932067,detected,1172.8569869020419,1058.3594509850298,43.56418266453329,10.405252912520154,44.789589185460635,34.66567739912179,2.14373801783869,34.731898914817634,30.73045857901994,35.75180485575982,249.40425775128503,-16.92897654389816,-14.201140150657263,31.69593697385361,1.4799457247975292,1.335469338782372,0.043825739955605854,4.382573995560586,0.045112687515154355,-0.017919419748463426,-1.7919419748463425
649,10.827483333333332,1173.5044136191675,1058.5756620428751,14080.0,1156.3933054393306,1011.6652719665271,-1.9205607786043095,detected,1173.5437510713405,1058.3443697720506,37.494992707971505,7.747738717780521,38.2870987854895,34.46338464548827,2.2163890774573956,34.534580665842014,30.905532036022535,35.48755050143233,248.86649077812078,-16.92797578311774,-14.492831779950267,31.346372816701013,1.480812304190966,1.3354503088606318,0.043576757937971,4.3576757937971,0.04477924353493039,-0.0182874848958363,-1.8287484895836301
650,10.844166666666666,1174.3360811667724,1059.6138237159164,14127.5,1157.0177777777778,1011.9422222222222,-1.919255588925614,detected,1174.2361894080545,1058.3319244441584,33.504459092487195,6.850382764424012,34.19760990331437,34.079451012020826,2.2083588610051854,34.15092722225427,31.03091492246737,35.13677739353018,248.0778567248191,-16.73065317206494,-14.772115176464123,30.790752562303275,1.4816860434171035,1.3354346049768562,0.04309265264637763,4.309265264637762,0.044336627625905595,-0.01863989296714716,-1.863989296714716
651,10.86085,1175.3154651879236,1059.1836105976586,14079.0,1154.873015873016,1012.7103174603176,-1.9851986425610728,detected,1174.8916955180239,1058.363934698205,32.77574940224622,5.407995321767885,33.2189127197009,33.6019060114217,2.59270613491489,33.70178352405764,31.193801592897717,34.706030485256875,247.40791037066367,-16.732300410783672,-15.30252261292203,30.027371086784356,1.4825131804643836,1.335474996464612,0.04252590980953646,4.252590980953646,0.04379309840410962,-0.019309176798639787,-1.9309176798639787
652,10.877533333333334,1176.28320194057,1059.1564584596726,14196.0,1158.8744939271255,1011.991902834008,-1.9243894359653135,detected,1175.5584719014132,1058.3925904883095,29.5948210695301,2.8464866023973627,29.73139620191306,33.054389181892155,2.8427633719230117,33.1764064928186,31.40029770383976,34.20325492683049,246.70318967018608,-16.576134438681887,-15.683813211055956,29.235115032054225,1.4833545386768623,1.3355111551902958,0.04186297349251559,4.186297349251559,0.04315868129568516,-0.019790300581774077,-1.9790300581774076
653,10.894216666666669,1176.2583732057417,1058.8253588516743,14294.0,1156.334693877551,1013.1224489795918,-1.981895773724828,detected,1176.1468202178635,1058.4430211546037,30.679939203475442,0.7813495560189949,30.68988720503287,32.566661507201886,2.901302684341992,32.695641895990285,31.60698393361299,33.63764448593433,245.85683077943463,-16.812936667055805,-15.967869392941243,28.531248588885926,1.48409693402885,1.3355747901004464,0.041256330468126545,4.125633046812655,0.04244497726931777,-0.020148731095193998,-2.0148731095194
654,10.9109,1177.3300630693764,1056.9859845830413,14206.5,1155.7534246575342,1013.6712328767125,-2.032951647464765,detected,1176.7256227504718,1058.5184943896575,30.958690390711126,-1.6262265145492165,31.001372927412945,32.11379085611215,3.0077045200472354,32.254330711239774,31.871174726672518,33.01947237069703,245.10644498510237,-15.577423405835834,-16.24604221107486,27.864098085278105,1.4848272842277248,1.3356700244664448,0.040699470929009184,4.069947092900918,0.041664949363655564,-0.0204997378057727,-2.04997378057727
655,10.927583333333333,1177.0411295273177,1059.2934315531002,14316.0,1153.020920502092,1014.7405857740586,-2.065263297053628,detected,1177.267889895271,1058.633183816209,31.080364881198875,-4.247601459005637,31.369271577500925,31.484706742528047,3.0609142359540282,31.633146454674044,32.103190787667906,32.35990747611667,245.24428081515322,-12.564395190842227,-15.963853510716184,27.309546603912185,1.4855115329908783,1.335814742985753,0.039915642214099746,3.9915642214099747,0.04083269082159832,-0.020143663735919477,-2.014366373591948
656,10.944266666666667,1177.3916990920882,1059.2237354085603,14179.5,1151.0697674418604,1016.0406976744188,-2.1182034309686704,detected,1177.8091877147554,1058.6821215868852,31.6432024211731,-2.6271357743603403,31.752072402352876,30.946667403517576,2.9577397219654125,31.08768964794311,32.312643872212604,31.670818678410956,244.93455588872888,-12.01971013385842,-15.789847221939453,26.779192899612198,1.4861945586306062,1.3358764941159436,0.03922736864093768,3.9227368640937685,0.03996317814310531,-0.019924097440933066,-1.9924097440933066
657,10.96095,1176.789293067948,1058.7597803706246,14116.0,1152.2921348314608,1015.5449438202248,-2.0864985984422524,detected,1178.2851006660705,1058.7448498623767,31.822138778982207,-2.8559433610353153,31.950038011718313,30.32425580960384,2.8797177039477266,30.460683913213803,32.50324325140648,30.964569411508926,244.61681789006215,-11.304901059623985,-15.600810651347313,26.16233879991486,1.486795079704821,1.33595564651404,0.03843619421225717,3.843619421225717,0.03907201187572105,-0.01968556549065907,-1.9685565490659072
658,10.977633333333332,1178.7202702702702,1058.8925675675675,14243.0,1157.337962962963,1013.9305555555557,-2.014704609514832,detected,1178.777319842318,1058.7863605359369,32.17388076645648,-4.156173263853361,32.44121421545944,29.8453709483492,2.567747747397257,29.955625440621834,32.52163934188218,30.253804464042513,244.19137490704395,-9.946278671059062,-15.305301660903172,25.750480317997656,1.4874161764571838,1.3360080259128542,0.03779889645504333,3.779889645504333,0.03817514758869718,-0.01931268348378949,-1.9312683483789492
659,10.994316666666666,1179.8756868131868,1058.6895604395604,14215.0,1158.430769230769,1014.103846153846,-2.0191139567354037,detected,1179.1877779015142,1058.813408767804,33.579613958511345,-6.820024538929829,34.26518945393787,29.30632439336731,2.3181391991479554,29.397864187656594,32.4818116419531,29.551230802550972,243.7528990791565,-8.654158869950415,-15.039653616005006,25.259517768684535,1.4879341046075891,1.3360421561738853,0.037095096766759116,3.7095096766759115,0.03728861930921259,-0.01897748090347635,-1.8977480903476351
660,11.011,1180.3003436426118,1058.568384879725,14270.0,1154.6984924623116,1016.3869346733668,-2.1163073370735312,detected,1179.6172805599667,1058.8197303767813,35.76054452051994,-6.926980959766297,36.425260597846844,28.747409041527,2.3201613626515516,28.840885481371917,32.42700537589942,28.869394313834732,243.3297327227607,-7.125943927804938,-14.97673446896065,24.647395399835972,1.4884760637980654,1.3360501329675476,0.03639228451908129,3.639228451908129,0.03642825780925518,-0.018898087657994514,-1.8898087657994513
661,11.027683333333334,1180.8234501347708,1058.8780323450137,14363.0,1154.159817351598,1015.7442922374428,-2.1244632050404206,detected,1179.99909503857,1058.841273768203,34.987938779648175,-5.039684268410383,35.34903503030417,28.390624858653474,2.2386650644497395,28.478749992504593,32.418694245600186,28.22045471685203,243.29772726136486,-5.171503952813659,-14.757372619882055,24.35691184229922,1.4889578486291104,1.3360773170576696,0.03593533122082599,3.593533122082599,0.035609406582778586,-0.018621290372090923,-1.8621290372090922
662,11.044366666666669,1179.1184049079754,1060.7263803680985,14131.0,1152.688679245283,1016.6367924528302,-2.110815024431204,detected,1180.3916255313534,1058.8510422350053,32.6496302757032,-2.9851712627501,32.78581407572587,28.174123962896978,2.2634394927308237,28.26489730060839,32.39165271488277,27.615961556206354,243.05887418008456,-5.068858754121214,-14.7827771659625,24.0909509707574,1.48945315524461,1.3360896431987448,0.035665485552818156,3.5665485552818157,0.03484663918764209,-0.01865334658165615,-1.8653346581656152
663,11.06105,1180.8047585724282,1058.0846745976207,14259.0,1154.6816143497758,1016.170403587444,-2.128137510874591,detected,1180.8110122207659,1058.8939840291962,26.87427954174018,-2.0904328636343052,26.955459752060566,27.806147447710647,2.2607332350931806,27.89789867793057,32.43338424540484,27.066635135954094,242.99982814075128,-2.1903510010709915,-14.638126073148236,23.749063470181262,1.4899823498053828,1.3361438284280078,0.03520239580811429,3.520239580811429,0.03415348282139318,-0.018470821543404715,-1.8470821543404716
664,11.077733333333333,1182.1257142857144,1057.767142857143,14252.0,1160.4888888888888,1014.6088888888888,-2.0355128864050163,detected,1181.2211433776934,1058.9283244701733,24.662259036620526,-0.6572590785099237,24.671015590884267,27.80673772192135,2.3353472958011334,27.904632406246268,32.4399234845954,26.582157359947935,242.95279563637453,-0.35634853912736475,-14.724338178265537,23.70363632314252,1.490499865460812,1.3361871602147297,0.035210892626178256,3.5210892626178256,0.033542154397410644,-0.018579606534089008,-1.8579606534089008
665,11.094416666666667,1182.9466019417475,1058.4133148404994,14200.5,1159.0708333333334,1015.0708333333332,-2.074301854396742,detected,1181.604226678676,1058.9238105251277,20.531253609125542,-1.427030204955372,20.580786913237443,27.784879271127465,2.4114487955720527,27.88932773310957,32.46455617526236,26.17097846435784,243.3003170049322,3.546185643412384,-14.638462147888628,23.738787402679744,1.4909832513295598,1.3361814643850192,0.03519158073578495,3.519158073578495,0.03302331667426857,-0.018471245612477767,-1.8471245612477767
666,11.1111,1184.2641509433963,1057.1104122990916,14286.0,1160.3217391304347,1014.7130434782608,-2.08486647812994,detected,1181.9506285728298,1058.959393721325,19.09790957426503,-0.4679036533470935,19.10364059376169,27.806372005882626,2.27066171194146,27.89892880989537,32.44610822362505,25.840146239624605,243.4811288353023,4.023351129012619,-14.447097267833403,23.86695643087678,1.4914203515114572,1.3362263643171293,0.03520369565917397,3.520369565917397,0.03260586276293326,-0.0182297757322819,-1.8229775732281899
667,11.127783333333332,1183.5189606741574,1056.558988764045,14277.5,1160.36866359447,1015.331797235023,-2.082448483636839,detected,1182.303727605158,1059.006131606245,17.43755622397066,3.8134465282073506,17.84967062686689,27.61663696702031,2.131993874210126,27.698809274910396,32.470957258172106,25.595164261208414,243.60987118137967,5.46403962240614,-14.18488169406113,23.791031221310092,1.4918659023408936,1.3362853395662397,0.03495117889578599,3.4951178895785993,0.03229673723811787,-0.01789890434581846,-1.789890434581846
668,11.144466666666666,,,,,,,lost,1182.6417798002653,1059.0063821523804,15.155406565867906,8.827152355678209,17.538670613450364,27.286639949219037,2.047945622557828,27.36338431172705,32.47432350056248,25.439884744377224,244.00235680504812,7.0872448920152715,-13.801385081656537,23.627876985017053,1.4922924666249406,1.336285655712783,0.03452792973088587,3.452792973088587,0.03210080093927726,-0.01741499694846251,-1.741499694846251
669,11.16115,1184.2229532163742,1056.565058479532,14205.0,1164.336405529954,1012.8663594470046,-1.997869469221098,detected,1182.9843661478737,1059.0114465818192,9.900969791761327,10.790411727772153,14.644527581052696,27.30133757111189,2.052096095021035,27.378351512737325,32.38230219044496,25.376439979576848,244.59054605272695,7.855516056544508,-13.568157612622635,23.77980720178439,1.4927247522370648,1.3362920461600243,0.034546815788942996,3.4546815788942995,0.03202074445372473,-0.017120703612142126,-1.7120703612142125
670,11.177833333333334,1182.7918136908963,1057.938602681722,14405.5,1167.0,1012.725,-1.9068218209113104,detected,1183.3686349287198,1059.01014420904,8.649415585732186,12.800922403168897,15.449142511694888,27.545779770988656,2.117664047264236,27.6270607232996,32.21693545604057,25.405214169686676,245.0325711812198,9.606556119479773,-13.546919618372192,24.077696174307167,1.4932096339794572,1.3362904027874323,0.03486064444580391,3.486064444580391,0.032057052580046284,-0.01709390488122674,-1.709390488122674
671,11.194516666666669,1182.2874852420307,1059.4161747343564,14278.0,1167.32,1012.6666666666666,-1.8806475599147232,detected,1183.7589304051223,1059.0503042890614,8.126480740247644,14.973181117700278,17.036309518351445,27.866405083841407,2.041919223262417,27.941116055216384,31.946526425468164,25.524855284751016,245.81576729257503,9.930605795005592,-13.278792079647385,24.58413405667494,1.4937021203850125,1.33634107796727,0.035256928776298276,3.5256928776298277,0.03220801928675207,-0.01675557360207872,-1.675557360207872
672,11.2112,1184.9375,1057.9789402173913,14351.5,1165.69140625,1013.4140625,-1.9784688583098144,detected,1184.1527124233805,1059.0931937914509,10.91363913243913,14.185466593195542,17.89790439073171,28.20309147012154,1.9678156504187543,28.271658368515904,31.615576121374882,25.732324680182487,246.28649688899367,10.420214042229958,-13.143924480108272,25.03045976739712,1.4941990062124677,1.3363951972131873,0.035674016868789786,3.5674016868789784,0.032469810321996834,-0.016585393665751763,-1.6585393665751762
673,11.227883333333333,1184.256218905473,1060.1641791044776,14286.0,1163.7318007662834,1014.0919540229884,-1.9898880238932508,detected,1184.5699921194544,1059.1098968866318,13.896768489159967,12.3360868567529,18.582228428761205,28.234310693414155,2.0586424336653524,28.309261894332895,31.317080286884007,26.02298097826472,246.86070499893003,11.498582129444602,-12.988205922285239,25.153942353480957,1.494725542106567,1.3364162736739833,0.0357214661127229,3.57214661127229,0.03283656905774728,-0.016388903371968758,-1.6388903371968757
674,11.244566666666667,1183.8555825242718,1059.9441747572816,14419.5,1167.542750929368,1013.1747211895912,-1.9063949596769765,detected,1184.987240409417,1059.1598855817335,17.422276172081183,7.903424940053355,19.131122099848852,28.36771400598568,1.9995543721475906,28.438097960527717,31.050167024944816,26.390694180337405,247.50888439870926,11.525448499967252,-12.699256103437033,25.445123501997152,1.4952520383715042,1.3364793508917774,0.03588403528142299,3.5884035281422992,0.03330056047992102,-0.016024297922318024,-1.6024297922318025
675,11.26125,1184.3497917906009,1060.7144556811422,14236.0,1165.6100386100386,1013.7220077220076,-1.950252461371774,detected,1185.3970062099236,1059.2731224393112,21.708207669416424,4.84716344665685,22.24278026005554,28.678058948656986,1.9290728206859227,28.74286671524179,30.843004542266648,26.827986031489434,248.23814215744392,11.189221928703985,-12.42397373226596,25.91905213757092,1.4957690930093674,1.336622236516481,0.036268601533428126,3.6268601533428124,0.03385234830471853,-0.01567693846342708,-1.567693846342708
676,11.277933333333332,1184.0769696969696,1060.5878787878787,14161.5,1166.457446808511,1013.7163120567376,-1.9303651691472183,detected,1185.8636360256519,1059.3349758292575,23.409352861326624,-1.1591831850828385,23.438035477460133,28.90801138265699,1.979784261079208,28.97572549256089,30.643411138963906,27.326193013685355,249.1957223881629,8.362923888869577,-12.118154316332888,26.32001147009221,1.4963579003478258,1.3367002849580536,0.03656242964360996,3.6562429643609957,0.034481000648183414,-0.015291046455940554,-1.5291046455940553
677,11.294616666666666,1185.7037037037037,1059.7502986857826,14294.5,1169.07326007326,1012.992673992674,-1.9125164374535988,detected,1186.3737398642995,1059.4013789714465,26.906607762612566,-7.253466664571079,27.867154859172953,29.11712882416783,2.0041470402358126,29.186020563312002,30.56675583058473,27.875648671630863,249.81600619471965,7.984139181435082,-11.927529141546703,26.637527004202646,1.497001564497539,1.33678407441192,0.036827786199762784,3.682778619976278,0.03517432009038595,-0.01505050995778764,-1.505050995778764
678,11.3113,1186.172263681592,1059.597014925373,14258.0,1172.7282229965158,1012.1393728222996,-1.84684865362694,detected,1186.854066073968,1059.4486727743404,31.705463451162814,-9.845364539070033,33.19890985499673,29.36732765272117,2.0215484083879516,29.43682373201527,30.4984723729541,28.46588204092108,250.17285183189512,7.886508119373213,-11.862630048245647,26.940760935211106,1.49760765435201,1.3368437511348144,0.037144257075098136,3.7144257075098137,0.035919094057944585,-0.014968618357407757,-1.4968618357407757
679,11.327983333333334,1186.3296364756625,1058.8545902649414,14253.0,1167.054054054054,1013.7374517374516,-1.9745577981804177,detected,1187.3603289124069,1059.4922673514927,34.232066977211616,-6.65698111843767,34.873339489408494,29.547854657006052,2.076714444526006,29.620743706322724,30.50848695979722,29.08582867276875,250.5636702794236,6.618196732494275,-11.790684963552701,27.172931490840465,1.4982464718137627,1.336898760064975,0.0373763327524577,3.73763327524577,0.03670136110128549,-0.01487783591615483,-1.487783591615483
680,11.344666666666669,1186.7669263031755,1059.4170161773518,14326.0,1167.241610738255,1013.8020134228188,-1.9752440597583396,detected,1187.8583505226118,1059.5323793618284,37.34108266853991,-5.559800948176871,37.75271965623245,29.735772361726625,2.2868196279711808,29.823576277155283,30.58057785992887,29.72405022138373,250.78072748092438,5.395137680802231,-11.947914351040449,27.32568470541042,1.4988748902493525,1.336949374589058,0.03763227290492781,3.7632272904927806,0.03750668797650944,-0.0150762326196094,-1.50762326196094
681,11.36135,1187.6770149253732,1059.2597014925373,14342.0,1169.1351351351352,1013.7567567567568,-1.957740707341584,detected,1188.3667865628051,1059.6057552686684,39.99665656498428,-0.22435261808595897,39.997285788845,29.86288561416453,2.3322226915447253,29.953817784843903,30.754269765911836,30.368957976225218,250.74150913945425,4.245545854896356,-12.051403835240377,27.422524783243144,1.4995164499215208,1.3370419624841243,0.037796615501380325,3.7796615501380324,0.03832045170501605,-0.015206818719546218,-1.5206818719546218
682,11.378033333333333,1188.0367647058824,1058.7359068627452,14454.0,1173.4911660777384,1012.9469964664312,-1.8783810096244835,detected,1188.8295770289674,1059.6354482185145,36.18131557912557,3.361971079905743,36.33717719606735,29.897271511826123,2.4603495483268105,29.99833601638267,30.933480908069157,31.009035293786397,250.90802217790662,2.2985482890533877,-12.103984026264742,27.448018770828064,1.5001004126548485,1.337079429928725,0.03785278992603492,3.785278992603492,0.03912812024452542,-0.015273165963741,-1.5273165963741
683,11.394716666666667,1189.350732017823,1059.0375556970082,14576.0,1175.4109090909092,1012.6327272727272,-1.862616346615982,detected,1189.355935294978,1059.7164798251333,38.7991148138276,5.955104001701329,39.25346575791309,30.070399706422982,2.372608992658766,30.163856052170928,31.12706925136237,31.633053748842297,250.85393438655524,2.468376646550645,-12.103784759142505,27.628908889792196,1.5007645871230009,1.3371816780127865,0.03806164801535764,3.8061648015357643,0.03991552523513224,-0.015272914522577294,-1.5272914522577294
684,11.4114,1189.1350059737156,1060.1857825567504,14498.5,1176.253246753247,1012.6883116883116,-1.8356350165111923,detected,1189.8544148693566,1059.7939344450199,41.575618310500886,9.859490237115551,42.72869744839215,30.65412499774201,2.212405976756949,30.733859497030004,31.275353503699893,32.230278005603765,251.02771838768865,1.3462964572756067,-12.05820307912428,28.269592464090795,1.5013935834313648,1.3372794125489211,0.03878089526439117,3.8780895264391173,0.04066912051180286,-0.015215398207096883,-1.5215398207096882
685,11.428083333333332,1190.9897032101755,1061.3803755299818,14528.5,1174.4312267657992,1013.2527881040892,-1.9021640197173748,detected,1190.3827486891144,1059.8747404788776,44.37888476601711,6.969160348136029,44.92276270481878,31.17967703275667,1.954420199142753,31.240870957478617,31.309949384918017,32.79065484318395,250.90981563571094,-0.30755299208998993,-12.044437540294608,28.82574443999275,1.5020602507118164,1.3373813759985838,0.03942065735959447,3.942065735959447,0.041376220622314136,-0.015198028442012124,-1.5198028442012124
686,11.444766666666666,1191.4357541899442,1060.2662942271882,14353.5,1173.4903474903474,1013.903474903475,-1.9401020137478424,detected,1190.942225791639,1059.9410127256792,43.14432590136266,4.902285844428661,43.42194449795493,31.66155049874614,1.8181551522390538,31.713711043368377,31.301273800591787,33.304982386522326,250.77169931552166,-2.407638369117933,-12.14392290136774,29.296494751213867,1.5027662155099546,1.3374650002847688,0.04001730100109575,4.001730100109575,0.04202521436785152,-0.015323562020653301,-1.53235620206533
687,11.46145,1190.805291723202,1059.686567164179,14175.0,1179.2490706319702,1012.7657992565056,-1.812282301789956,detected,1191.5180596345203,1059.9840095229274,41.11676969044629,4.851950693415347,41.40205520633651,31.990496386587495,1.6695069542659113,32.03403053832923,31.26864612242357,33.765056360404394,250.64428453508097,-4.788531513944192,-12.177819308967358,29.629036930159433,1.5034928197281014,1.3375192549185204,0.04042148963827033,4.042148963827033,0.04260574935066801,-0.015366333512892566,-1.5366333512892567
688,11.478133333333334,1192.560052219321,1060.146866840731,14132.0,1178.9851851851852,1012.6370370370372,-1.8491082443606317,detected,1192.0717227819096,1060.0531857811648,40.6407360014764,3.230920868611065,40.76896212072275,32.343487068303645,1.1810074166561586,32.36504185468824,31.288600114793613,34.16379107340292,250.4274563026093,-7.548076753651822,-11.947837784873109,30.078981141688967,1.5041914483052488,1.3376065435724478,0.04083916953272965,4.083916953272965,0.04310888463520873,-0.015076136006149035,-1.5076136006149035
689,11.494816666666669,1193.427299703264,1060.8913946587536,14168.0,1181.63671875,1012.22265625,-1.8084789156959336,detected,1192.685353780777,1060.053791569575,42.008044512742345,2.7123624258410928,42.095518926765315,32.72095026005266,0.8450131984101628,32.731859605380315,31.244533602115744,34.49531378060062,250.18293667476723,-8.996968696641122,-11.887966104173898,30.496735811105097,1.5049657460956176,1.3376073079742272,0.041302031047798504,4.13020310477985,0.04352720981779258,-0.015000588144068011,-1.5000588144068012
690,11.5115,1194.6992824527072,1059.5472928897586,14163.5,1176.955223880597,1013.179104477612,-1.9362808357797887,detected,1193.336950263261,1060.0716331209308,40.99885222681769,1.9449526051871544,41.04495979475261,33.08869106235088,0.5487087925206802,33.09324036051303,31.332534378815716,34.755031974499715,249.88129393546564,-11.181493181996066,-11.896621458261281,30.880948098099672,1.5057879498590045,1.3376298209727835,0.04175803200064736,4.175803200064736,0.043854929936277244,-0.015011509726512658,-1.5011509726512657
691,11.528183333333333,1194.366447368421,1059.3131578947368,14126.5,1180.8091603053435,1012.675572519084,-1.8536942038476791,detected,1193.9706193895424,1060.0683582150277,42.86144300133947,-0.3822170283451669,42.86314717812761,33.4217937556344,0.34802325553014446,33.42360570062051,31.426863670716113,34.93967395606559,249.38993196886577,-13.017426899851833,-12.090425163458317,31.16021561859555,1.5065875323527351,1.3376256885994042,0.04217489678311737,4.217489678311737,0.04408791666380516,-0.015256056988590937,-1.5256056988590938
692,11.544866666666667,1194.50318877551,1060.2213010204082,14009.0,1178.5547445255474,1013.5766423357665,-1.90024916294611,detected,1194.6071357141705,1060.0566109881277,40.6213176888582,1.9613095345689544,40.66863884948124,33.697988461645714,0.14295148125856483,33.6982916701604,31.550175353215206,35.047303747295615,248.95496841322415,-15.511593304998572,-12.234417495353604,31.398947275929288,1.5073907075257673,1.337610865600161,0.04252150368474499,4.252150368474499,0.044223727125925066,-0.015437750782780575,-1.5437750782780575
693,11.56155,1196.0061842918983,1060.465677179963,14067.0,1175.336879432624,1014.5602836879432,-1.993865404591576,detected,1195.2650818090876,1060.0812143168484,35.46767115267903,-0.5493965771938747,35.47192599216474,33.942698591138004,-0.305777707078466,33.94407588453378,31.641029894550325,35.07731205375661,248.36371629998837,-16.886217029949083,-12.230890094387664,31.66394819276329,1.5082209234184072,1.3376419108099036,0.042831641494679856,4.283164149467986,0.04426159249685377,-0.015433299803643741,-1.543329980364374
694,11.578233333333332,1196.6998754669987,1060.854296388543,14053.0,1181.2845849802372,1012.9525691699604,-1.8821409543589371,detected,1195.930708494831,1060.0421890095943,35.64983651849843,-4.596317979882315,35.9449159516037,34.145875001299046,-0.5096523235461162,34.149678257565405,31.74906290188337,35.03038557651628,247.90918234166298,-18.467214669542923,-12.36919807107587,31.830857107117428,1.509060830908304,1.337592667519993,0.043091076665697677,4.309107666569767,0.04420237927636124,-0.015607820909874915,-1.5607820909874914
695,11.594916666666666,1197.556320400501,1059.7484355444303,14025.0,1174.0921985815603,1014.8758865248228,-2.052600307923957,detected,1196.5410509179978,1059.9845102545733,33.33810024338027,-2.009346385643312,33.39859878400843,34.16638662167554,-0.8741923137989219,34.17756847675555,31.807851162875057,34.90845746703687,247.45639566050778,-18.60869061493184,-12.291535441271591,31.89081910956943,1.509830979076338,1.3375198867565594,0.04312626937130039,4.312626937130039,0.044048526772286274,-0.01550982390065816,-1.550982390065816
696,11.6116,1198.29028049576,1059.6875407697323,14022.5,1179.7299578059071,1013.337552742616,-1.9516807199330588,detected,1197.2070031191377,1059.879362062762,31.574111808783528,-3.5762004644038825,31.77599323821627,34.069243372434954,-0.8639764775672064,34.0801965857592,31.82014970440174,34.71464205121801,247.0873677328865,-18.65633884340868,-12.468269253109332,31.717535546696578,1.5106712973112149,1.3373872076501732,0.04300340263187281,4.300340263187281,0.04380396473339812,-0.015732831865122185,-1.5732831865122185
697,11.628283333333334,1197.5248897290485,1060.7063642091998,13970.0,1179.3870967741937,1013.616935483871,-1.9384598298252524,detected,1197.843466735221,1059.8291860197178,29.725384988049427,-5.121108252812519,30.16329329540756,33.939213169639984,-0.876712090517919,33.95053482147114,31.788544776246315,34.4531570807175,246.47127193268065,-19.176641166274415,-12.74501138188623,31.467499098903854,1.5114744059750425,1.3373238940311898,0.04283979157283425,4.283979157283425,0.043474015243807576,-0.016082033289446348,-1.6082033289446347
698,11.644966666666669,1198.4299123904882,1059.7083854818522,14048.5,1176.9518072289156,1014.6746987951808,-2.0158216103082185,detected,1198.4878994593266,1059.8124788433834,24.972822290895238,-3.4378777808383347,25.208348950469087,33.697771853790776,-0.824210791206169,33.70784999578696,31.788978984641314,34.12923670447657,245.84477058747478,-19.936476377884194,-13.037428384481107,31.08447542517005,1.5122875702956804,1.3373028124206732,0.04253356466345358,4.253356466345358,0.04306528290785687,-0.01645101373436102,-1.645101373436102
699,11.66165,1199.8075447570332,1058.596547314578,13965.5,1176.3969465648854,1015.0763358778626,-2.0643214564500525,detected,1199.1025421862237,1059.789226376986,24.029190570819082,0.9161291779669227,24.04664825208418,33.257611735933565,-0.7943441196350255,33.2670966716139,31.720540106060554,33.74903810330159,245.3138986970281,-19.73842391407858,-13.168182413210724,30.54993769045876,1.513063144714478,1.3372734717690677,0.04197740904935508,4.197740904935508,0.04258553703886636,-0.01661600304506085,-1.6616003045060852
700,11.678333333333333,1199.3010012515645,1059.8279098873593,14091.5,1163.946341463415,1020.0780487804878,-2.2977400309532103,detected,1199.715221921761,1059.7638402677792,23.16023673936661,3.6031188207266496,23.438835957866626,32.72118377436457,-0.48768757971387383,32.72481790279583,31.65340688761338,33.319544284176125,244.63790473188905,-19.49565990359971,-13.57502396834691,29.77637370517023,1.513836242172569,1.3372414388236962,0.04129314561866981,4.129314561866981,0.04204358900211499,-0.017129367783403043,-1.7129367783403042
701,11.695016666666668,1199.150403977626,1059.7035425730269,14103.0,1174.7572016460906,1016.329218106996,-2.083100750972679,detected,1200.2612879005355,1059.7513309800254,25.251102890916172,6.090754495050987,25.97528609133341,32.15950985353781,-0.22324668508046006,32.16028471736833,31.666127162598485,32.84846486513145,243.92527827366138,-18.593112981025996,-13.93496010290662,28.98449240598489,1.5145252844170796,1.3372256542334706,0.04058080090519663,4.058080090519663,0.041449167022247886,-0.017583545871175547,-1.7583545871175548
702,11.7117,1200.4089285714283,1060.0238095238096,14314.5,1179.9043824701196,1014.788844621514,-1.9963826442436208,detected,1200.8501952903482,1059.732728577143,27.113249173593886,3.544846104581211,27.343997781132042,31.607892290759835,-0.14607329428981483,31.60822982186095,31.68959297319093,32.344135799849376,243.34970239233397,-17.85997631915352,-14.046971313892753,28.315416108160125,1.5152683852244142,1.3372021811698966,0.039884201667963345,3.9884201667963346,0.04081278965280678,-0.017724884938665936,-1.7724884938665937
703,11.728383333333332,1200.3875305623471,1060.2610024449878,14211.5,1175.8513513513512,1016.6216216216216,-2.082994764917246,detected,1201.399342608059,1059.6905101310917,31.27222918128382,3.714736686462402,31.49208768272578,31.13671099212692,0.020335394223858543,31.136717632651898,31.715701756422774,31.81541795570264,242.9552794078211,-16.633255020942478,-14.175532453053574,27.722724696680167,1.5159613155937655,1.3371489086827657,0.0392892336058699,3.92892336058699,0.04014563779899387,-0.017887107196282115,-1.7887107196282115
704,11.745066666666666,1201.1588089330023,1060.9559553349875,14215.0,1177.8584474885845,1015.675799086758,-2.0460415084021366,detected,1201.9169488710734,1059.6668373502262,34.901724912584086,-0.007337856442063639,34.90172568395193,30.61243577039584,-0.1308823498816413,30.61271556046803,31.827519952947746,31.27159338926582,242.1139022714362,-15.122215405697393,-14.202222336590307,27.118909172165772,1.5166144465250138,1.3371190376659006,0.03862803225295651,3.862803225295651,0.039459423835035735,-0.017920785282763797,-1.7920785282763796
705,11.76175,1201.3843137254903,1059.9758169934642,14132.5,1181.609649122807,1014.5482456140352,-1.981359511861323,detected,1202.393827886858,1059.6544446409666,39.89240338558375,-5.450080002379764,40.26297579551807,30.16293784828622,-0.19310450918137434,30.16355597390738,31.93159503012506,30.72225721541583,241.35095822490604,-13.745275409024465,-14.291951661391556,26.562760148363548,1.5172161866080227,1.3371034001778759,0.03806126936770647,3.806126936770647,0.03876625516140799,-0.018034008405541396,-1.8034008405541395
706,11.778433333333334,1202.3798200514138,1061.0539845758356,14192.0,1176.2663755458516,1016.759825327511,-2.103493601419112,detected,1202.8740237899963,1059.6149836189124,40.20174867143987,-6.547140175297045,40.731383977427114,29.72357162179025,-0.1788620792511073,29.724109769664906,32.03633881839328,30.1772023121877,240.60982777588958,-11.880160936914038,-14.431128699720068,25.98586588996419,1.5178221120378503,1.3370536070901105,0.037506763116296415,3.7506763116296415,0.03807848872200341,-0.01820962611952059,-1.820962611952059
707,11.795116666666669,1201.5700598802396,1061.8161676646707,14181.5,1183.840425531915,1014.209219858156,-1.92730048526483,detected,1203.3032618174077,1059.6050865854718,39.95127994001132,-12.71896886413333,41.92704303682701,29.406734068497123,-0.5000607407535453,29.410985521055775,32.2487871129341,29.646293912761188,240.46729911026858,-11.315022657332623,-14.060083873271127,25.832539766665093,1.518363737309032,1.3370411187198383,0.03711165365432906,3.7111653654329055,0.037408572760581946,-0.01774143075491625,-1.774143075491625
708,11.8118,1204.959211420802,1059.2855200543847,14263.0,1180.995867768595,1015.6157024793388,-2.0726710886561435,detected,1203.7513593910753,1059.5734748498692,39.41295583131796,-13.093993275190769,41.53111781847632,29.178384665517207,-0.675738561445422,29.186208289058616,32.42479573775047,29.139331542513936,240.2307651266863,-9.748174822837449,-13.90073685670663,25.663286405542685,1.5189291601149217,1.3370012300944722,0.03682802307767649,3.6828023077676493,0.036768872608850395,-0.017540361964298586,-1.7540361964298585
709,11.828483333333333,1205.1657101865137,1058.7704447632711,14159.0,1183.295238095238,1015.295238095238,-2.0368859025676045,detected,1204.1413126251784,1059.555159288536,35.7814763514707,-13.147445665180385,38.120458777534765,28.964912588290858,-0.5803473872418947,28.970725989129246,32.551040559583654,28.665896825024817,240.01892447226004,-7.404969668648474,-13.97147888951137,25.379139898293378,1.519421214668995,1.3369781189760708,0.03655612112192965,3.6556121121929652,0.03617147864356444,-0.017629626359004884,-1.7629626359004884
710,11.845166666666668,1205.7716284987278,1057.5973282442749,14309.0,1182.4351851851852,1015.6157407407408,-2.078137598214944,detected,1204.5784857325823,1059.5347833544017,33.81115988362308,-8.745653299701189,34.92393139831908,28.826608196328298,-0.6172948711235273,28.833216835145834,32.58225044040143,28.235187376794002,239.82052263400936,-5.849791175201009,-13.957810472766736,25.229623855080764,1.5199728526594098,1.3369524080181727,0.03638260799387487,3.6382607993874867,0.03562799668996089,-0.01761237914544699,-1.7612379145446988
711,11.86185,1205.3593103448277,1059.5406896551724,14161.0,1179.3247863247864,1017.3632478632478,-2.1238117382228032,detected,1204.9821284364625,1059.5068071717715,30.472407188507987,-6.638145614196219,31.187057845483046,28.87532022675374,-0.4279818487095005,28.87849176567915,32.5252534938292,27.855839211038663,239.7319540303624,-5.2396702128074555,-14.184852449724215,25.154666518162223,1.5204821809923819,1.3369171068413521,0.036439737243759186,3.6439737243759187,0.03514932392560084,-0.01789886744444696,-1.789886744444696
712,11.878533333333332,1206.546218487395,1057.769877181642,14215.0,1180.0657276995305,1017.399061032864,-2.151330037717595,detected,1205.3664408129212,1059.4736828075568,27.469149310140892,-5.070483100995261,27.933205378192678,28.65021307300976,-0.3636621699287946,28.652520993844444,32.40302103523848,27.535742545390626,239.75267502530244,-2.6049365011160743,-14.117923435295445,24.93293398655345,1.520967117745011,1.3368753095363493,0.03615460062314756,3.615460062314756,0.03474541646106073,-0.017814414429394885,-1.7814414429394885
713,11.895216666666666,1206.4094993581514,1059.1264441591784,14271.5,1181.958904109589,1016.634703196347,-2.092946149163195,detected,1205.7477484227272,1059.4606159301966,22.408122274737252,-2.1575994693389475,22.511756469668633,28.794441179940627,-0.24210676579420728,28.795458991846335,32.3111560142202,27.281858310931593,239.978147819473,-1.135477132910349,-14.197105794144282,25.052358085038197,1.5214482629939776,1.3368588213630241,0.036334964027566356,3.6334964027566357,0.034425057805591915,-0.017914329077784584,-1.7914329077784583
714,11.9119,1206.5,1058.7803672316384,14347.5,1180.059829059829,1017.6752136752136,-2.142399361341357,detected,1206.148299425437,1059.4790281484525,24.870534592928834,-1.0532065920174318,24.892824971536253,28.975916200653554,-0.013107792387404728,28.975919165429737,32.24008782249726,27.100044548534456,240.2758564199891,1.1185536288312405,-14.355590482745477,25.169841345809587,1.5219536901267345,1.336882054445997,0.03656267402577885,3.656267402577885,0.034195639808876285,-0.01811430975740754,-1.811430975740754
715,11.928583333333334,1207.4066620402498,1056.9174184594033,14327.0,1183.9358490566035,1016.1132075471698,-2.092785150257811,detected,1206.596910350532,1059.475516124814,23.40890335641825,3.8646714684305152,23.72577589688123,29.187227489411708,-0.05899454162746157,29.187287110566004,32.2493267552659,26.994902785717468,240.46306110448126,2.088355345228301,-14.337525609897272,25.423081800996357,1.5225197606946776,1.3368776228704278,0.036829384366644805,3.6829384366644806,0.03406296881478545,-0.01809151496517006,-1.8091514965170061
716,11.945266666666669,1208.0853406744666,1056.3757742601515,14314.5,1180.99203187251,1017.0358565737052,-2.1738964756227093,detected,1207.0658481300575,1059.4595599342586,22.91083925176872,6.77631082576363,23.891943069322505,29.056913816222718,-0.12731475729773803,29.057192733827893,32.21030213522068,26.969654058114937,240.89066654276746,3.5976002404835015,-14.024306913697538,25.448757634926622,1.5231114802902934,1.336857488876036,0.03666522742438851,3.6665227424388513,0.034031109221596134,-0.017696286326432227,-1.7696286326432227
717,11.96195,1208.1117056856187,1057.6555183946489,14241.0,1184.3800904977377,1016.0,-2.0886468461298064,detected,1207.499220056342,1059.4714582003276,19.90639692091463,9.344482284725927,21.99054313887122,28.966760788281036,-0.059178108220346345,28.966821237650297,32.25564210379458,27.026052389720295,241.39516993947998,4.2133593907920215,-13.8163414642009,25.459486270515974,1.5236583218376556,1.3368725024609813,0.03655119399072593,3.6551193990725928,0.034102274308795325,-0.01743386935545855,-1.7433869355458549
718,11.978633333333333,1208.5028129395218,1057.351617440225,14199.0,1181.609442060086,1017.0515021459228,-2.15925621682662,detected,1207.922597108074,1059.4769399680354,18.932539647868907,6.252084943852424,19.938144940371817,29.237800863982606,0.14306691333764365,29.238150890635918,32.41965077611424,27.164340542482204,241.6063705269604,4.814789901505052,-14.029202387270065,25.65250373512515,1.5241925515559294,1.3368794195180258,0.03689356579260053,3.689356579260053,0.03427677040060846,-0.0177024635801515,-1.7702463580151502
719,11.995316666666668,1209.3934948979593,1058.876913265306,14323.5,1184.8865546218487,1015.9621848739496,-2.089665525669264,detected,1208.3335022109234,1059.5309412594404,15.669922437995865,9.509674025427103,18.329767300287507,29.690869710114892,0.2624880475488135,29.692029976377903,32.60869651319048,27.3832492585901,242.17147316758133,5.804732397982266,-14.092630705920879,26.134544264338338,1.5247110437992726,1.3369475599488208,0.03746628388186486,3.7466283881864864,0.03455299590989287,-0.017782499313464834,-1.7782499313464835
720,12.012,1208.5922982885086,1060.8129584352075,14276.5,1182.25,1017.125,-2.1133929283744584,detected,1208.780858427118,1059.5439524496962,14.271882738451495,10.365592059456048,17.638938053158643,30.154365096600696,0.2682118079137707,30.155557894905453,32.87486435341271,27.680037768688727,242.39987987943016,5.628557001410109,-14.208143818989917,26.59861502356642,1.5252755311383193,1.3369639778545064,0.03805117715445483,3.805117715445483,0.03492749245260408,-0.017928257184845323,-1.7928257184845322
721,12.028683333333332,1209.3989569752282,1059.867014341591,14304.0,1184.9793388429753,1015.8595041322316,-2.077391154770132,detected,1209.2590453353453,1059.556356656821,12.25463360079857,10.822308120127218,16.34926291111599,30.623533841791026,0.25858474976204626,30.62462556558251,33.117261887415175,28.05057069043748,242.7872005937228,6.49144543752823,-14.234001127102646,27.11569477158515,1.5258789215587953,1.3369796298508783,0.0386430606505773,3.86430606505773,0.035395041880678206,-0.017960884702968638,-1.7960884702968638
722,12.045366666666666,1207.8833652007647,1061.3537284894835,14235.5,1182.1615384615384,1017.1807692307692,-2.0980979658115166,detected,1209.7087515455626,1059.5900443673556,13.342702955631012,12.963898438842534,18.60350464011629,30.918237443731066,0.47321651701381084,30.921858619735463,33.15783621003362,28.48942499769338,243.3287482576261,7.007937780556533,-14.30115534741847,27.41602261867889,1.5264463741899845,1.3370221380029725,0.039018118132158316,3.9018118132158315,0.0359488012589191,-0.01804562188948703,-1.8045621889487031
723,12.06205,1208.6441791044776,1061.8871641791045,14156.5,1183.8253968253969,1016.9801587301588,-2.075687600754286,detected,1210.1694862879965,1059.6168343175616,14.87448159725227,5.261463386764262,15.777617049391752,31.336048586988422,0.4439526006651823,31.339193272286643,33.13434124193654,28.990020530420384,243.78648359754018,6.666316177110889,-14.239975256620738,27.917165680787967,1.5270277429501535,1.3370559423565447,0.03954472337197053,3.954472337197053,0.03658046754627178,-0.017968423036745413,-1.7968423036745413
724,12.078733333333334,1209.2869619463506,1060.6693699313787,14194.5,1187.0992366412213,1015.9923664122138,-2.0317404438568545,detected,1210.692877669294,1059.5936893010667,18.84848968682627,1.990029894894633,18.953252556143777,31.78633437386663,0.3051509890194848,31.787799075326916,33.02450777659197,29.54476822893624,244.02743972555282,6.5142192103984256,-14.194859921239567,28.44240007224674,1.5276881737151975,1.3370267372884124,0.04011078747675321,4.011078747675321,0.03728046464219084,-0.017911495168756553,-1.7911495168756553
725,12.095416666666669,1210.438215792646,1060.511754068716,14284.0,1190.8054474708172,1014.9182879377432,-1.977404750599568,detected,1211.2005515436385,1059.6467635236047,24.044400301795577,-0.9024217696764936,24.061328951730268,32.07546595306382,0.13173373729022642,32.0757364667391,33.05310797697511,30.145231418999025,243.98712035136714,3.363044229972671,-14.185827542702452,28.76830142383108,1.5283287716638974,1.3370937079162206,0.040474115415443664,4.047411541544366,0.03803814690094515,-0.017900097845681327,-1.7900097845681326
726,12.1121,1209.9105939987753,1060.1053276178811,14211.5,1188.5495867768595,1015.5785123966942,-2.0180997254151003,detected,1211.7163663670983,1059.6735787498164,28.875812450312424,-2.8587688217521645,29.016979578202836,32.152440251760346,0.02774449810601083,32.152452222189744,33.10779548868467,30.78229656144044,244.08772495254894,2.803261526996886,-14.075394720754174,28.907844045434445,1.5289796421035942,1.3371275441638064,0.04057091763052334,4.057091763052334,0.03884201458856838,-0.01776075043628287,-1.776075043628287
727,12.128783333333333,1210.979091995221,1060.8876941457586,14358.5,1188.368029739777,1015.4126394052043,-2.0322166797048777,detected,1212.2929616169076,1059.675493882013,34.13242376863309,-4.871005775763933,34.47824023335696,32.15960574925951,0.14488887974344822,32.15993213200673,33.18306071961123,31.446350586566588,244.2336817863477,3.5262367367315304,-14.110320592341926,28.899136449323365,1.5297072070875808,1.3371299607344012,0.04058035600253215,4.058035600253215,0.03967993764866447,-0.017804820936709057,-1.7804820936709056
728,12.145466666666668,1211.4870848708488,1059.5510455104552,14219.0,1196.9827586206898,1013.0431034482758,-1.873105071980237,detected,1212.8340225316083,1059.7023970848363,39.934713209036545,-5.791146530379592,40.352431119132405,32.18041324823972,0.23379787990181386,32.181262533905176,33.219390385822145,32.127462156010395,244.41257374507128,2.585319049668273,-14.109197489154056,28.92341965411728,1.5303899337938276,1.3371639079934845,0.040607271336157956,4.060727133615796,0.040539384423987884,-0.017803403771803228,-1.7803403771803228
729,12.16215,1212.5892116182572,1059.6004742145822,14245.0,1197.528735632184,1013.1149425287356,-1.8841072132909344,detected,1213.3987342538526,1059.776062189764,42.13213313330834,-7.82377207742411,42.8523984379206,32.159174478072806,0.32944623184971267,32.16086189657872,33.23037756223688,32.81556402189629,244.49775004113178,2.6500786400393,-14.143369060524892,28.88401200575496,1.5311025037903503,1.3372568608072732,0.0405815292070394,4.0581529207039395,0.041407651762645166,-0.017846522473848447,-1.7846522473848447
730,12.178833333333332,1212.7861519607843,1060.2928921568628,14425.5,1199.5152671755725,1012.2862595419848,-1.840499470614949,detected,1213.8754805817177,1059.7886943126261,44.970370775210085,-3.789249244745861,45.12973141398779,32.503468471743155,0.458163960045804,32.506697416192345,33.22906759785012,33.5006332834156,244.9127048721551,2.2046132387743755,-14.19636751927598,29.242922667981258,1.531704076443808,1.337272800394481,0.04101791472074744,4.101791472074744,0.042272092471186885,-0.0179133975006637,-1.79133975006637
731,12.195516666666666,1214.2923362175525,1058.596415327565,14462.0,1190.5195729537368,1015.2918149466192,-2.0728455108003256,detected,1214.3966852330252,1059.875291048581,46.74009879140431,-0.8115432210906874,46.74714362856765,32.825836049550034,0.5803842371169617,32.83096645264395,33.3261686085004,34.17286599150853,244.860694748269,1.8822518958063192,-14.470498516717052,29.46993435507317,1.5323617479281075,1.3373820707237616,0.04142708700649079,4.142708700649079,0.04312033563597291,-0.018259304122040444,-1.8259304122040445
732,12.2122,1214.6204156479218,1059.2677261613692,14495.0,1195.1328671328672,1014.1188811188812,-1.978268328208333,detected,1214.9224730683254,1059.931731801225,47.8710424487399,0.8096233791175109,47.877888373915056,33.00869376793591,0.4005593661101256,33.01112406555023,33.423854265700726,34.82284239170937,245.23651805761335,2.544721247330457,-14.190190097686866,29.80558365579609,1.5330252026098745,1.3374532893390851,0.04165441522466906,4.165441522466907,0.04394049513149448,-0.01790560264692349,-1.790560264692349
733,12.228883333333334,1215.9993834771888,1059.9278668310728,14450.5,1199.0236486486488,1013.1452702702704,-1.918885278493732,detected,1215.533865315702,1060.0021051175272,48.67451364772887,4.841382313363738,48.91469371821821,33.447862159225416,0.029740696379366688,33.44787538142841,33.486617808877966,35.44167921585423,245.40875380401042,1.7260587288161002,-13.946099174680713,30.401754642479673,1.5337966754772268,1.3375420884763751,0.042205520986029546,4.220552098602955,0.044721361786566854,-0.01759760148224696,-1.7597601482246958
734,12.245566666666669,1215.8909209666886,1059.5355976485955,14189.5,1197.7345454545457,1013.5381818181818,-1.9467478917198533,detected,1216.1673597152108,1060.0098686547556,46.31639046675582,3.5474824973416617,46.45204686488997,33.76383618531084,-0.24845157610230836,33.76475028982406,33.53352722128983,36.02116585851112,245.60005477982628,1.3253808795905828,-13.721700009058038,30.850823505955077,1.534596037495534,1.337551884737862,0.042605363141733826,4.2605363141733825,0.045452575215786904,-0.017314447960956516,-1.7314447960956516
735,12.26225,1217.5534471853257,1060.4667931688805,14230.5,1195.182142857143,1014.2321428571428,-2.0214523836127523,detected,1216.7625250961141,1060.0398317570653,40.543419198658285,2.637128810239119,40.629094115915585,34.247650671259485,-0.5321936866540997,34.251785451575145,33.59455370810683,36.55388196846171,245.7257184847681,0.42597444038482135,-13.594246415848467,31.438531629290924,1.5353470348215952,1.3375896930688522,0.04321991855088347,4.3219918550883465,0.04612477219995169,-0.01715362323766368,-1.715362323766368
736,12.278933333333333,1217.4330609679446,1060.2275298554368,14208.5,1200.369718309859,1012.9647887323944,-1.9172648433033883,detected,1217.3546578223861,1060.0504598720986,35.19360210390005,3.932835441966745,35.41266473539132,34.672265797595394,-0.680926493380607,34.67895148975082,33.77484945926717,37.03329485406179,245.8825156030248,-1.6902572558339322,-13.545911829787329,31.92394006271968,1.5360942054541151,1.3376031039395566,0.04375892932460672,4.375892932460672,0.04672970959503066,-0.01709263322370641,-1.709263322370641
737,12.295616666666668,1219.2307210031347,1060.160501567398,14118.5,1197.0645161290322,1014.3935483870968,-2.021827700825369,detected,1218.0011959853186,1060.0113717891356,36.22587708657875,1.738650284562027,36.2675760908269,35.10950380360319,-1.1800293132523643,35.12932858048047,34.019281032600766,37.45383598973568,245.82971448669528,-3.646420944310687,-13.299004995402866,32.514707328340066,1.5369100264798974,1.3375537814373952,0.04432722849271984,4.432722849271984,0.047260360870328935,-0.016781078858552515,-1.6781078858552516
738,12.3123,1219.692355500311,1060.1174642635178,14197.5,1199.7554744525548,1013.9014598540144,-1.9780624897008008,detected,1218.619435342713,1059.9944484265504,38.5680138604007,-1.8670259794748745,38.61317753234114,35.569195734594736,-1.45613395877414,35.598988908560415,34.35115758691834,37.81095664591715,245.68331167898313,-4.4124386237011395,-13.319725706855754,33.01322338709041,1.5376901392337072,1.3375324270366569,0.04491985982152734,4.491985982152734,0.04771098630399641,-0.016807224866694958,-1.6807224866694959
739,12.328983333333332,1219.66500622665,1059.612702366127,14108.5,1198.7839721254356,1014.547038327526,-2.004693905418322,detected,1219.2723514663242,1059.9709832370077,41.421664532511386,-2.510401428293335,41.49766750041608,35.7867619401025,-1.865548040232033,35.835354046639225,34.578542230675176,38.10116314034602,245.34531891734866,-5.268563533666609,-13.232906820998405,33.302594143921525,1.5385140081593998,1.3375028179646786,0.04521811236168988,4.521811236168988,0.048077177464159015,-0.016697674222080006,-1.6697674222080006
740,12.345666666666666,1218.7246753246754,1059.7064935064934,14084.0,1196.6678200692045,1015.0346020761244,-2.029433405714934,detected,1219.9046833187772,1059.9399740141141,40.711331354173126,-4.423465998623669,40.95094079591163,36.278543347709295,-2.147385119008631,36.34204136094947,34.764224851400535,38.3220324544434,244.99054090911866,-5.309090869907813,-13.391360871732692,33.78484015477932,1.5393119032413594,1.337463689607715,0.04585746543968388,4.585746543968388,0.04835587691412417,-0.016897616241933998,-1.6897616241933997
741,12.36235,1219.8707513416816,1053.29740608229,14693.0,1197.6350877192983,1014.7929824561404,-2.094494908747718,detected,1220.5700656022216,1059.8974148657453,42.839628659730806,-2.0841831979164454,42.89029730960263,36.66927158716601,-2.418698317224159,36.74895345833787,34.92370567159952,38.472209110417104,244.5725832826214,-6.599812128453601,-13.560188776162395,34.1556270713615,1.5401515023371881,1.337409987212297,0.046370919190331705,4.63709191903317,0.048545374271819694,-0.017110648297996713,-1.7110648297996713
742,12.379033333333334,1221.8226906385617,1060.3440793552386,13908.5,1200.2248062015503,1013.984496124031,-2.00677521157964,detected,1221.255790640273,1059.8069133854779,43.4579615515413,-2.093365457800701,43.508350935827885,36.92461268816441,-3.0264146257964595,37.0484305694342,35.04709227364252,38.551384398605386,244.4160533333376,-7.978086200513356,-13.215582807949655,34.611191523904694,1.5410167705240039,1.3372957897608555,0.04674880828950689,4.6748808289506885,0.04864527999824024,-0.01667581426870619,-1.667581426870619
743,12.395716666666669,1223.4158291457286,1059.3699748743718,13970.5,1198.7824427480916,1014.9885496183206,-2.077499406797769,detected,1221.9453877814888,1059.7357084933408,45.20091814072521,-0.8089899573556067,45.208157068339375,37.15778775484995,-3.3237641454759954,37.30614693223127,35.10745654953388,38.56025934213018,244.07863254474177,-10.014982032557084,-13.253676244883653,34.87246284570442,1.5418869246454119,1.3372059413165185,0.04707400243814672,4.707400243814671,0.048656478665148495,-0.016723881697014074,-1.6723881697014074
744,12.4124,1223.7078931013052,1059.6855189558732,13999.0,1200.4465648854962,1014.5572519083968,-2.0467267539559195,detected,1222.6713198708198,1059.669266438379,46.30906928963668,-3.4957314335933916,46.44082295489803,37.35623068841515,-3.8349064332648592,37.552556219224094,35.13499251145582,38.50049318735197,243.8013617514114,-11.48777220641731,-13.051255720168655,35.211634479597095,1.5428029272817918,1.3371221027613618,0.04738492898324807,4.738492898324807,0.04858106395880375,-0.01646846147655351,-1.6468461476553509
745,12.429083333333333,1224.071649166152,1059.6417541692404,13965.5,1201.7423076923078,1014.2615384615384,-2.028063845435422,detected,1223.3391750746168,1059.6467894351053,43.31627824104544,-5.415320147556486,43.65347240433684,37.45687203279765,-4.030230323155396,37.6730675541435,35.03765184368561,38.374639697969506,243.31062750990534,-12.567312491481257,-13.223048792274708,35.276210107892574,1.543645646781851,1.3370937406121204,0.047536993759171614,4.7536993759171615,0.04842225829396783,-0.01668523506911635,-1.668523506911635
746,12.445766666666668,1224.7546353522869,1060.10630407911,14015.0,1199.3826086956522,1015.3173913043478,-2.086204084325224,detected,1224.0310213368602,1059.5582434587811,31.9546181605524,-3.5520638284619963,32.15143510371152,37.52280872346497,-4.201239405087509,37.75727197556252,34.95422475126078,38.18607408646758,242.91835780723798,-13.720618183461685,-13.342010861567351,35.32141465465982,1.5445186389108647,1.336982010673541,0.04764324539503157,4.764324539503157,0.04818432061383922,-0.016835344935731675,-1.6835344935731675
747,12.46245,1225.7851291745433,1059.4593572778829,14021.5,1199.4510638297872,1015.8255319148936,-2.113803051539051,detected,1224.7287934177234,1059.440761908275,23.858766467160876,-3.082711018137161,24.057095513712053,37.34103846722007,-4.3431306899989295,37.59276443680113,34.91948219199435,37.93891397470925,242.31839406742068,-14.386130833918395,-13.501041682070273,35.084723335090175,1.5453991084135312,1.336833768969432,0.04743566490448093,4.743566490448093,0.04787244665578455,-0.01703601474078268,-1.7036014740782681
748,12.479133333333332,1225.7111251580277,1059.8609355246524,13964.5,1202.654008438819,1014.9198312236286,-2.0448308133974984,detected,1225.4179986340826,1059.336292803362,18.508426957719166,-2.4110591103180923,18.664808450200432,37.00822702904703,-4.555749168651731,37.28758128816024,34.97158524505909,37.637938181920944,241.65133184160868,-14.418034218591448,-13.563438072105049,34.733224238261116,1.5462687679925333,1.3367019467550312,0.0470505757579309,4.705057575793091,0.047492666475610026,-0.017114748355968518,-1.7114748355968517
749,12.495816666666666,1226.2202498356344,1058.3951347797502,14148.0,1198.412408759124,1016.5620437956204,-2.157459126054132,detected,1226.0861035311361,1059.2594855660946,24.820446451430143,-0.9915887230040425,24.840245776640376,36.48701184945502,-4.588706309100736,36.774423983163246,35.007494165171146,37.28850716856747,241.08412334737432,-14.164009294157864,-13.625745855476683,34.15695111065114,1.547111802562948,1.3366050291054823,0.046403058653833755,4.640305865383375,0.04705174406128388,-0.01719337016463935,-1.719337016463935
750,12.5125,1226.0534653465347,1058.9379537953796,14120.0,1202.348,1015.16,-2.0670849726067138,detected,1226.769195553388,1059.1670084869584,28.577572711093126,-2.104728567976508,28.654974165102136,35.961788804896706,-4.572872136831721,36.25136430022746,34.93121445392225,36.8964884482796,240.73989909035038,-13.995907174295205,-13.58780640882664,33.60852467193488,1.547973748332351,1.3364883387848057,0.045743046435618245,4.574304643561825,0.04655708321549477,-0.017145497045838034,-1.7145497045838034
751,12.529183333333334,1225.3879003558718,1060.0788849347568,14164.5,1204.4693877551022,1014.8775510204082,-2.004231491050543,detected,1227.39619114083,1059.0541111799794,30.70323349974933,-4.505120449791775,31.03199409653304,35.25872395744069,-4.5583973985633754,35.552167331264506,34.86083231037488,36.46818924182351,240.00686085311384,-12.445754966212034,-13.677744619809596,32.81578742107982,1.5487649099568834,1.336345881615116,0.044860778966895276,4.486077896689528,0.04601664257643345,-0.017258983747393812,-1.7258983747393812
752,12.545866666666669,1228.298969072165,1057.7442010309278,14173.0,1202.8875,1015.4833333333332,-2.112171323284807,detected,1227.9608109320013,1058.995352236255,32.38162703981516,-7.64671649667298,33.27224132706089,34.89643136815003,-4.550800690196636,35.19191255322592,34.81192910579876,36.010297311392605,239.53370848368465,-12.24250501129901,-13.771124231701904,32.38559628212722,1.5494773639520523,1.336271737837546,0.04440619880533239,4.440619880533239,0.04543886096074777,-0.017376812910664865,-1.7376812910664865
753,12.56255,1226.5439146800502,1061.0489335006273,14019.5,1203.9718875502008,1015.6626506024096,-2.0323068398522808,detected,1228.5305059027357,1058.8887136091848,34.42731673422395,-8.411917802673997,35.44009732827381,34.396449437659584,-4.702914955505462,34.716467893439116,34.776148208292234,35.529829553431135,239.32578130172533,-10.359307945307089,-13.502661582916977,31.982984119268906,1.5501962219592882,1.3361371780557538,0.04380626863525441,4.380626863525441,0.04483259249644308,-0.017038058779705965,-1.7038058779705965
754,12.579233333333333,1229.856867779204,1060.1001283697046,14190.0,1201.320987654321,1017.3868312757202,-2.159776439735196,detected,1229.1032981907554,1058.7620432459355,39.20566708118895,-8.880213311097577,40.198787540566656,33.94166502684001,-4.746666380336263,34.271963272045404,34.74821853079479,35.03408671468006,239.28541769690924,-9.100262973823087,-13.25528897919235,31.60482210990169,1.5509189882533192,1.3359773416352498,0.043245379523085686,4.324537952308568,0.04420704948224613,-0.016725916692987196,-1.6725916692987195
755,12.595916666666668,1228.7684391080618,1062.3979416809605,14026.0,1205.8221343873518,1015.4426877470356,-2.0253506259630254,detected,1229.6607504915485,1058.6777457722733,44.03897685513357,-11.395085772504899,45.48933349929117,33.34383598776884,-4.779201591592401,33.684598353436066,34.698572428210475,34.530611581521995,239.13657718271003,-6.071976378190554,-13.00273549581031,31.073799829732806,1.5516223980965913,1.3358709725833102,0.04250422505165435,4.250422505165434,0.04357174962968075,-0.01640723721868809,-1.640723721868809
756,12.6126,1230.0513532269258,1058.3684941013184,14169.5,1205.8796680497926,1015.9294605809127,-2.088534635499533,detected,1230.2109171480743,1058.536438597098,44.649960450953586,-13.731176794690782,46.71364023964279,32.96579269267851,-5.05536051042704,33.3511642637411,34.657153781887814,34.02714719459556,238.88891673826328,-6.241424496680247,-12.705157031204301,30.8363282924456,1.5523166146978855,1.3356926669994926,0.042083488029957226,4.208348802995722,0.0429364633370291,-0.016031743887954954,-1.6031743887954955
757,12.629283333333332,1230.2635486265776,1057.2843355605048,14091.5,1205.3145161290322,1016.5120967741937,-2.1199288246701435,detected,1230.7184823962862,1058.380632432866,43.121270761022515,-11.414843605647093,44.60653143416105,32.65471160773862,-5.078036268171643,33.04718811828695,34.566174857536055,33.531591103014684,238.7166582350485,-5.042949192031696,-12.616894008096857,30.543913110698433,1.5529570755789102,1.335496066161345,0.0416999219158195,4.16999219158195,0.04231115596594913,-0.015920370988134838,-1.5920370988134838
758,12.645966666666666,1230.0794537554314,1061.0856610800745,14103.0,1203.9622641509434,1017.3849056603774,-2.1094765364543533,detected,1231.218041185309,1058.2445472691213,38.9033640812836,-10.964736192211603,40.419019985715906,32.58520237687495,-4.978428203393261,32.963315387233706,34.47691725004739,33.051941446982035,238.79686198623654,-3.7736577276287013,-12.623313131795438,30.45048648043048,1.5535874336723143,1.3353243498663991,0.04159408881669869,4.159408881669869,0.041705919806917395,-0.01592847082876396,-1.592847082876396
759,12.66265,1232.2510148849797,1057.777401894452,14185.5,1206.4409448818897,1016.4291338582676,-2.128828527236807,detected,1231.71057133343,1058.0882480376108,36.35336788564564,-10.766681158594565,37.9142292523523,32.310417290933984,-4.8634832691855125,32.67440183115726,34.408037811567276,32.59623074958549,238.8503035607767,-2.5532929026221702,-12.551137863675345,30.167622931728452,1.5542089228182083,1.3351271268613387,0.04122952912448866,4.122952912448866,0.04113089053575456,-0.01583739793523703,-1.583739793523703
760,12.679333333333334,1233.4055793991415,1055.374105865522,14200.5,1204.2424242424242,1017.5833333333334,-2.228041669189181,detected,1232.2240236449916,1057.9960337381392,39.566083200247704,-6.020755497925165,40.02154965234005,32.22590419549441,-4.742762278427746,32.57303632219234,34.52354259996321,32.17244366029493,238.95482877528485,-2.7176599187288057,-12.555926412421346,30.055804883129003,1.5548568121703366,1.335010768123835,0.0411016231194856,4.11016231194856,0.040596143419930515,-0.015843440268039556,-1.5843440268039557
761,12.696016666666669,1232.9682151589243,1059.6827628361857,14231.0,1203.696428571429,1018.1464285714286,-2.184687900683147,detected,1232.677896721017,1057.890443761807,39.528704609195756,-5.506155312139072,39.91035247153865,32.214527100101186,-4.579790731370966,32.53844248617787,34.702537923028714,31.788415493200812,239.01834981493897,-0.6653257531602749,-12.656461538279139,29.976060794513444,1.5554295226763624,1.33487753156064,0.041057971591391636,4.105797159139164,0.04011156529110513,-0.015970298471014686,-1.5970298471014686
762,12.7127,1234.3645116918844,1057.8837689133425,14375.5,1209.3033707865168,1015.558052434457,-2.105388225853832,detected,1233.188952855012,1057.7896368601055,38.488544185150204,-4.69386514290818,38.77370763122954,32.29766233703848,-4.408654009026853,32.597165867735534,34.84071400168379,31.451709312850863,238.97796183853194,0.42997961895862385,-12.867092719862978,29.950177754849996,1.5560743884605832,1.334750330422846,0.041132070495565345,4.113207049556535,0.03968669944839226,-0.016236079141782937,-1.6236079141782938
763,12.729383333333333,1233.3513513513512,1059.829954954955,14103.5,1209.4885844748858,1015.5525114155251,-2.06510646435547,detected,1233.7187915678119,1057.7125925472587,34.65630805480032,-9.87106556147046,36.034672515621196,32.267925752450495,-4.320939991630302,32.55594499898487,34.93003779794577,31.169470711401637,239.00272473947442,2.2491750258362604,-12.914020701514342,29.885073600340803,1.5567429546596996,1.3346531136243014,0.04108005678105347,4.1080056781053464,0.039330562411863265,-0.016295294260585923,-1.6295294260585922
764,12.746066666666668,1235.8460972017674,1055.460235640648,14183.5,1215.387434554974,1012.649214659686,-2.016594369513348,detected,1234.230664721751,1057.6486173331457,30.983811086511196,-10.83665779969624,32.82422431242407,32.136723545328785,-4.427992457611269,32.44034706092942,34.98779846349613,30.948261454535743,239.33659218125808,2.313957648211193,-12.580663055185791,29.901555720822206,1.5573888513839131,1.3345723878020768,0.040934191874989805,4.093419187498981,0.03905143401203249,-0.01587465369739532,-1.587465369739532
765,12.76275,1233.785584494246,1059.8649303452453,14134.0,1209.1944444444443,1015.5674603174604,-2.077574510756476,detected,1234.6287755914946,1057.5670368803276,30.1089453475729,-9.937492589907379,31.706503259072825,32.083594191871285,-4.407690660136414,32.38494639835198,35.05877095216293,30.79387585926601,239.3702026389812,3.5702936179288707,-12.553520658752776,29.852870419683228,1.557891199484536,1.334469447167606,0.04086428567615392,4.086428567615392,0.03885662568992557,-0.015840404616722748,-1.5840404616722747
766,12.779433333333332,1235.8510502864417,1056.8994271164863,14173.5,1207.987854251012,1016.344129554656,-2.1727726588523453,detected,1235.0631275132498,1057.4653529671589,27.46428096928912,-5.635410712408884,28.036486638977955,31.99875219789935,-4.253206440093278,32.28017824059557,35.047890790155506,30.711146882111258,239.62987215335988,2.642733192446487,-12.508487098431269,29.758152794704813,1.5584392776192428,1.334341139390737,0.04073208610800703,4.073208610800703,0.0387522358133896,-0.015783579934929046,-1.5783579934929046
767,12.796116666666666,1236.9713656387664,1055.6637298091043,14276.0,1209.1857707509882,1015.9288537549407,-2.181035369685299,detected,1235.5344604097245,1057.3962531650677,22.4481206915043,-4.5064886206919255,22.895994459048275,32.14821720001488,-4.007823523817785,32.39707577139331,35.069060939840284,30.703751997539964,239.8418101749941,3.465278001992338,-12.685583761626585,29.81017415521344,1.5590340194444474,1.334253947211442,0.040879590878729735,4.0879590878729735,0.038742904728757056,-0.01600704575599569,-1.600704575599569
768,12.8128,1236.448449891853,1056.170151405912,14259.5,1208.2575757575758,1016.3939393939394,-2.18736202910592,detected,1236.0411687261026,1057.3054229618922,19.509395454721016,-2.578311166977983,19.679029434462777,32.48096836469034,-3.893877319658148,32.7135382752854,35.0196299070623,30.774031439952132,240.01729979559326,3.3336544752893293,-12.859205733481932,30.08016646218149,1.5596733990234735,1.3341393349676873,0.0412789126502024,4.12789126502024,0.03883158541318881,-0.016226127108494554,-1.6226127108494555
769,12.829483333333334,1237.7440597420232,1056.1921249151392,14238.5,1212.2697095435683,1014.5643153526972,-2.1199599953827284,detected,1236.5558786682718,1057.2429473059992,12.815954917018189,-1.1699465761016654,12.869245332418474,32.7556166145454,-3.7838837382096275,32.973446831403145,34.87784900354968,30.922832640532725,240.27360797552177,3.3376422673294805,-12.956221759867798,30.321354086724067,1.5603228752911948,1.3340605013324913,0.041606872973379366,4.160687297337937,0.03901934718048294,-0.016348544807404164,-1.6348544807404164
770,12.846166666666669,1237.882026370576,1057.150589868147,14224.0,1209.8155737704917,1015.7459016393444,-2.166506039710573,detected,1237.0585897325832,1057.187170243803,12.11087500608528,1.914954815188139,12.261335382299652,33.0884276226099,-3.6779817959803296,33.29221519557172,34.65574552123708,31.14939421831753,240.62684552004035,3.209163933307298,-13.024570657052658,30.638736133001622,1.5609572110190326,1.333990120181455,0.04200910434772457,4.200910434772457,0.039305229297561556,-0.016434789472621652,-1.6434789472621651
771,12.86285,1237.498013245033,1057.5649006622516,14295.0,1212.844262295082,1014.4918032786884,-2.0906518840205512,detected,1237.5958266451146,1057.145026876285,16.735386164507872,2.361076313112335,16.90111923606072,33.34579560978471,-3.4442112639006823,33.52319608987063,34.705059906232925,31.451280505553605,240.87696939647077,2.539139339005251,-13.220168048684673,30.806360266095286,1.561635112485949,1.3339369424306438,0.042300562889426664,4.2300562889426665,0.03968615836662916,-0.016681600061431767,-1.6681600061431767
772,12.879533333333333,1236.7245471580263,1058.4322298563395,14266.5,1214.3755102040816,1014.1673469387756,-2.038350803252841,detected,1238.147113875611,1057.0960402694493,18.269318050698985,1.4984517942984894,18.33066664956384,33.74045529773192,-3.3139646839452457,33.90281235568345,34.92487175178951,31.824373570124653,240.96963350134402,2.0597736203152324,-13.475728319579195,31.1095713869795,1.562330743060708,1.3338751296775386,0.04277957395038921,4.277957395038921,0.040156938258832375,-0.01700407358937438,-1.700407358937438
773,12.896216666666668,1237.5335548172757,1056.9488372093024,14262.5,1215.0597609561753,1013.5458167330676,-2.048577050175039,detected,1238.710674432828,1057.0475173649038,20.408396614885987,3.537937583977964,20.712789641634792,33.94466738118663,-3.0031456005407655,34.07725527558584,35.35321327297953,32.26292474762922,241.35905307846863,1.2113933866909095,-13.634647943620006,31.230685272196347,1.5630418604830638,1.3338139020377335,0.042999691199477406,4.299969119947741,0.040710315138964316,-0.017204603083432187,-1.7204603083432186
774,12.9129,1237.483970406905,1057.290382244143,14285.0,1211.941634241245,1015.1867704280156,-2.116094316807621,detected,1239.271362114872,1056.9577782309375,20.323419298431872,-0.09101622228672568,20.323623100534817,34.19078578692272,-2.873793440985045,34.31134683262499,35.730586418910974,32.75966275717667,241.36499170806476,0.13584380297758028,-13.862888878139698,31.386124855117682,1.563749352826337,1.3337006665374607,0.04329507486766561,4.329507486766561,0.041337113889181924,-0.017492604262636845,-1.7492604262636844
775,12.929583333333332,1237.9489603024574,1057.5702583490863,14218.0,1221.3884615384616,1011.396153846154,-1.9151592772197996,detected,1239.838325561516,1056.872429320039,25.254997456693673,-3.9900806894943344,25.56825454438139,34.21169989654733,-2.551016955181216,34.30667715353731,36.06844131196636,33.30595140605244,241.44382804447756,0.15316873599861985,-14.113197649348352,31.269246064263633,1.5644647641154779,1.3335929707508378,0.04328918252812279,4.328918252812279,0.04202643710542896,-0.017808451292553127,-1.7808451292553127
776,12.946266666666666,1240.3256704980845,1056.602809706258,14167.5,1217.412017167382,1013.175965665236,-2.05630909200274,detected,1240.340791250528,1056.8434834082502,31.99466071717552,-2.365445459854982,32.08198320912725,34.16774893320932,-2.0703602540529547,34.23041715703138,36.39012626220684,33.891987190039494,241.59789526257623,0.9896107028708774,-14.430959363395994,31.03979495094003,1.5650987902214863,1.3335564459410099,0.04319295540319418,4.319295540319418,0.04276591443538107,-0.018209412445925544,-1.8209412445925544
777,12.96295,1240.0812958435208,1056.7286063569682,14324.0,1218.7777777777778,1012.90873015873,-2.023311628499708,detected,1240.8589310510092,1056.8184378488875,38.593849526958365,0.6406892331428935,38.599167141312385,34.2106537943159,-1.634313465211042,34.249668809159466,36.675799936403415,34.50702585671657,241.56723597312086,0.9634347738577527,-14.85144430858,30.862184230644758,1.5657525943861317,1.33352484271153,0.04321724770871857,4.321724770871857,0.04354198846273384,-0.01873999281839748,-1.873999281839748
778,12.979633333333334,1240.432574430823,1057.2977232924693,14357.5,1215.4904214559388,1013.8888888888888,-2.092320188792396,detected,1241.3069153693014,1056.8220808855779,41.39044502427805,2.782156297923848,41.48384424054575,34.43456370614597,-1.4767344418510029,34.466214213986056,36.90671247840945,35.13962702212219,241.91388888224185,0.4333056694572219,-14.908889195865562,31.074828160261443,1.5663178742830302,1.3335294396032529,0.04349049112174897,4.349049112174897,0.04434022337176302,-0.018812478480587463,-1.8812478480587462
779,12.996316666666669,1240.4130966952264,1056.5569155446756,14340.5,1222.9957983193278,1011.0126050420168,-1.936060938597988,detected,1241.862103238625,1056.8899733946896,42.66438517190409,1.670397663599033,42.69707238735633,35.02308685670406,-1.2235822133187086,35.04445414619818,36.94028777715485,35.77790689308004,241.86227714161345,-0.4586813696234045,-15.437652155760533,31.460970460599732,1.5670184267995269,1.3336151083844665,0.04422013141476111,4.422013141476111,0.04514562383984864,-0.019479687262789317,-1.9479687262789318
780,13.013,1241.4925373134329,1056.5087605451006,14441.0,1217.625850340136,1013.5816326530612,-2.0782202228958164,detected,1242.4300093682896,1056.9518072041164,44.63326844978883,2.7455011596130134,44.71762995875733,35.476374460950176,-1.2414547979986355,35.49808945434996,36.872054083277675,36.40979068843464,242.07214165553575,-0.38559632956109335,-15.518823202416801,31.926172356252817,1.5677350275940563,1.333693132118759,0.04479254189823339,4.4792541898233385,0.04594295355007526,-0.019582111296424988,-1.9582111296424989
781,13.029683333333333,1242.7403003754694,1057.4493116395497,14370.5,1221.2170818505338,1012.1459074733096,-2.014318529098183,detected,1243.019667912807,1056.9538439736116,43.16157598435848,4.72947197886424,43.41992108067923,35.77912890185253,-1.1099028496108674,35.796339887074396,36.6193327127726,37.023258121282204,242.05743787632372,-0.2574001111121653,-15.78509776520041,32.12800395066613,1.5684790762306715,1.3336957021749043,0.045168883138264226,4.516888313826422,0.046717044947990165,-0.019918104435584116,-1.9918104435584116
782,13.046366666666668,1244.121212121212,1057.5189393939395,14231.5,1219.9067524115756,1013.032154340836,-2.069258055199393,detected,1243.6022604813409,1056.9522940113284,44.49904563456266,1.9344092378551068,44.54107095127361,36.05835851865062,-1.279740328562513,36.08106088196539,36.300650199019735,37.60657700651346,242.07807800240272,-0.8878588533808021,-15.754211170952685,32.459941231449,1.569214208809263,1.3336937463865344,0.04552815253244845,4.5528152532448445,0.04745309401452803,-0.019879130815082253,-1.9879130815082253
783,13.06305,1244.007523510972,1057.9316614420063,14192.5,1220.5381818181818,1013.0181818181818,-2.0523173181095484,detected,1244.1926945382324,1056.9600235984078,42.96762390663798,-3.067131301320387,43.07695437936423,36.15467430834148,-1.1649172202907343,36.1734364758503,35.950367276257126,38.148521502438264,242.01992216891534,-1.0301018065758574,-15.933739716407906,32.47512040196529,1.569959236010388,1.3337034998087165,0.04564471479602562,4.564471479602562,0.04813693564976437,-0.020105665257297043,-2.0105665257297045
784,13.079733333333332,1244.7434519811954,1056.9341840161185,14211.5,1217.4703557312253,1014.6403162055336,-2.1435408933083324,detected,1244.8506447341547,1056.9458958410703,46.114577972884945,-4.012650642785047,46.28882874731579,36.37197638994932,-1.09219465216759,36.388371159880926,35.63268718076081,38.638572604350045,242.01538193521867,-1.8621719805410633,-16.102498075316966,32.631627470962385,1.5707894570777978,1.3336856729855777,0.04591592575379297,4.5915925753792965,0.04875529666164044,-0.020318609558759578,-2.031860955875958
785,13.096416666666666,1246.5,1057.3240506329114,14106.5,1225.8433734939758,1011.413654618474,-1.9935949743853456,detected,1245.4788490158185,1056.9718140862233,43.92681791850373,-4.755065292326435,44.18343556560159,36.844757480565775,-1.012101868449232,36.85865575402644,35.251834669057175,39.067099292262775,241.96679361624734,-4.525188706407031,-16.42305985420744,32.99763035460192,1.5715821438685407,1.3337183773958654,0.04650934480003336,4.650934480003336,0.049296024343549245,-0.020723103916981,-2.0723103916981
786,13.1131,1246.4824120603016,1057.3285175879396,14032.5,1225.5212355212354,1011.7258687258688,-2.001644688330136,detected,1246.1496991186314,1056.9813482521056,42.56263535422613,-6.380366016787775,43.03820394492549,36.99628615347857,-1.008463706055755,37.01002821123623,34.88160328780513,39.42551925820412,241.67333294414885,-5.631721659324913,-16.666955337987083,33.04473918732066,1.5724286424209861,1.3337304078890924,0.046700351055187675,4.670035105518767,0.04974828928480016,-0.021030858470646164,-2.1030858470646163
787,13.129783333333334,1246.3681063122924,1056.6870431893688,14088.0,1227.712,1011.24,-1.9603233187199829,detected,1246.8498829439554,1056.9848776489207,42.66931959065232,-5.241470216551988,42.990043549178075,37.297495115203354,-0.9252191419308475,37.308969060122976,34.5546312477,39.70643847856493,241.74924727175897,-7.452845196715372,-16.839058389266214,33.292721199867344,1.5733121551343288,1.3337348613866509,0.04707756348280502,4.707756348280502,0.05010276148714818,-0.021248023204121405,-2.1248023204121407
788,13.146466666666669,1246.8168642951252,1055.7430830039525,14001.5,1220.5127272727273,1014.6727272727272,-2.140439530029046,detected,1247.5394945519809,1056.9337672431493,44.06208835278039,-4.847540056444359,44.3279401123835,37.34048728078634,-0.7228718743600552,37.34748363830296,34.31688387552048,39.90376911194825,241.6739097511043,-8.028347379447156,-17.081337811271904,33.212383724907795,1.5741823275103861,1.3336703687610718,0.047126162319625194,4.712616231962519,0.0503517591317959,-0.021553738563119124,-2.1553738563119125
789,13.16315,1249.459563543004,1056.3517329910142,13961.5,1229.73046875,1010.69140625,-1.978651818659786,detected,1248.2950228659793,1056.9485112395394,44.33639883509932,-2.860697684790921,44.428592740585025,37.53620585114789,-0.7359892159628764,37.54342059303818,34.155743321477175,40.01282532594393,241.60577559861036,-7.789497928409755,-17.2023525939937,33.3704584184527,1.575135675540668,1.3336889731729205,0.047373401379227985,4.737340137922798,0.05048936949645922,-0.02170643860440846,-2.170643860440846
790,13.179833333333333,1249.3303167420815,1057.126050420168,13977.0,1220.6356589147288,1014.968992248062,-2.1684247203821454,detected,1249.0553609739602,1056.9264927288498,42.27696699491298,-2.6053519637198406,42.35716937123892,37.57083845313981,-0.5465600048826934,37.574813770807516,33.9384490423293,40.03039672411088,241.53742378364882,-8.60175643794829,-17.425188108120686,33.29008034396246,1.5760950927116217,1.3336611895632176,0.04741301422183914,4.7413014221839145,0.050511541607710896,-0.021987619063874683,-2.1987619063874684
791,13.196516666666668,1250.1207124010557,1056.9736147757255,14012.0,1226.773076923077,1012.5615384615384,-2.054795571860647,detected,1249.7735018284488,1056.9172226097703,44.52397737545971,-1.390604958858603,44.545688270382016,37.66017988038645,-0.6033778587511003,37.66501312177517,33.86460448919043,39.954799109203876,241.3154292776589,-10.533012606779211,-17.54707841454149,33.32796502304675,1.577001264136844,1.3336494922520763,0.047526830437571194,4.752683043757119,0.050416150295525396,-0.022141423866929327,-2.2141423866929326
792,13.2132,1250.888888888889,1056.9524765729584,14000.5,1225.633064516129,1013.4274193548388,-2.09657421557296,detected,1250.492005958789,1056.9307937797726,42.73033298333303,2.182557967102639,42.78603646221839,37.77745241912765,-0.6628160203407303,37.78326661838907,33.87970511845181,39.78590242109951,240.82087195425214,-11.562285320048263,-17.839376422229204,33.30663425238711,1.5779078939543079,1.333666616756811,0.04767604620616918,4.767604620616918,0.05020303144618235,-0.022510254160541584,-2.2510254160541585
793,13.229883333333332,1251.3335483870967,1056.496129032258,13945.0,1225.590909090909,1013.7937062937062,-2.1132999136108417,detected,1251.2056468388837,1056.9098204688114,39.26497739538536,4.242962122150857,39.49355868277927,37.756852609218456,-0.9139239136223718,37.76791198721657,33.928866620646694,39.52513583752505,240.41781741518432,-13.434594353057928,-17.844687761245513,33.28636799919438,1.5788083871784022,1.3336401520111185,0.04765667127724489,4.765667127724489,0.04987398843851742,-0.022516956165609482,-2.2516956165609483
794,13.246566666666666,1252.5019305019305,1056.3809523809523,14047.5,1225.0661764705883,1014.5477941176472,-2.151264299811237,detected,1251.9465731586074,1056.8606028095294,32.417022293219816,4.799572676284697,32.77040177101967,37.82672862864006,-1.060659525305357,37.84159612613346,34.079560913285356,39.17547020725459,240.03702717301732,-14.52873896147786,-17.973289425085973,33.300859817961026,1.5797433099793154,1.3335780477091854,0.04774964810868576,4.7749648108685765,0.04943276997760832,-0.022679229558468107,-2.2679229558468106
795,13.26325,1252.4611365120836,1056.6322664924885,14093.0,1224.6284584980235,1015.01185770751,-2.1602237415518144,detected,1252.7108727199407,1056.856529330633,34.09629336833086,5.6901967126877935,34.56783996850781,37.648322885037146,-1.1626082536784115,37.66626971187262,34.16834847380332,38.74137815509638,239.4728943493855,-15.734080592058763,-18.121854400046026,33.02039168621513,1.5807077258295783,1.3335729076727232,0.047528416040217826,4.752841604021783,0.04888501975406483,-0.022866693249269435,-2.2866693249269434
796,13.279933333333334,1253.4774236387782,1056.4561752988047,14126.5,1227.8875502008032,1013.871485943775,-2.111889985743703,detected,1253.4296581662657,1056.8624069624734,33.78875129001153,8.44400551697072,34.82787594598453,37.364623219693264,-1.1927617013806513,37.38365617252975,34.07052066730496,38.2287722765612,238.69281571324518,-14.596831713753042,-18.396550907948004,32.54388826672681,1.5816147106198937,1.3335803242428688,0.04717180589593659,4.717180589593659,0.04823819845622865,-0.023213313448514832,-2.321331344851483
797,13.296616666666669,1253.4109589041095,1057.142857142857,14143.5,1222.5454545454545,1017.103896103896,-2.227531492286458,detected,1254.1338755670638,1056.8504969851192,39.049821040262486,6.893108751878117,39.6535429885117,36.919484391673436,-1.3279772222718138,36.94336004277211,33.96863601447607,37.64492175838626,238.27417385076262,-14.16336861072851,-18.28475610948725,32.10108324132474,1.5825033130183772,1.3335652958802766,0.04661622718330866,4.661622718330866,0.047501478559477936,-0.02307224745676625,-2.307224745676625
798,13.3133,1254.3202614379086,1057.3202614379086,14169.5,1227.084577114428,1015.2039800995024,-2.1448328727530583,detected,1254.8163741285355,1056.811087426666,43.178119086307106,3.6430094712422942,43.33152992728135,36.30339065289618,-1.3379924206834224,36.32803871136723,33.91566069946332,36.99834753864739,237.98222903036924,-14.462048923875654,-18.112952143473297,31.49043285289743,1.5833645099413698,1.333515567730809,0.04583979648122048,4.583979648122048,0.04668561203614813,-0.02285546011794738,-2.2855460117947377
799,13.329983333333333,1254.1306561085971,1058.0277149321266,14074.0,1228.3608695652174,1014.8130434782609,-2.1085057843381807,detected,1255.4467633801146,1056.8047166748365,45.12315516720173,-2.7986896678585254,45.20986392481559,35.62354311997158,-1.408554209469118,35.65137934752998,33.910468887775515,36.29869588625787,237.31922412789226,-14.074674870726883,-18.049646248628967,30.744611229951204,1.5841599537919429,1.3335075289272387,0.04498596763095266,4.498596763095266,0.04580277083439479,-0.022775578862623304,-2.2775578862623305
800,13.346666666666668,1255.5519516217705,1057.8768554150631,13956.0,1231.018779342723,1013.7605633802816,-2.078312543536255,detected,1256.07747905592,1056.8074957690594,46.53045626000903,-4.964591935275621,46.794556658316765,34.752805473310076,-1.4389436278187773,34.782582523869195,33.93657354123235,35.55659021112904,237.133555441846,-12.320505259838091,-17.651120716839483,29.97108580731321,1.5849558095342842,1.3335110356707376,0.043889694036428006,4.3889694036428,0.044866359887859995,-0.022272707529134995,-2.2272707529134994
801,13.36335,1256.1962987442168,1057.9365499008593,14106.0,1231.8760683760684,1013.4957264957266,-2.071525584593365,detected,1256.7344428029924,1056.7991943974598,46.36834588154488,-9.189840265293242,47.27025136269307,34.15477540551833,-1.725516197457866,34.19833459613332,33.96985583634013,34.783461156221165,236.56993031799595,-10.77936730847945,-17.376463238454935,29.45478932994961,1.585784785871284,1.3335005607538926,0.04315247267650892,4.315247267650892,0.04389080272078381,-0.021926136578492034,-2.1926136578492033
802,13.380033333333332,1258.6648865153538,1056.7016021361817,14017.0,1228.361607142857,1016.1830357142856,-2.212943273167918,detected,1257.3366750808286,1056.7958555187274,45.32866378011613,-11.459697834484814,46.75481188656958,33.46038659246495,-2.0474110832570593,33.52296769471718,33.90008750234857,33.99135563766682,236.37422387366703,-10.240572944956526,-16.824409061886712,28.995320704888854,1.5865447004174495,1.3334963476577004,0.04230027469364944,4.230027469364944,0.0428913004891695,-0.021229538248437492,-2.122953824843749
803,13.396716666666666,1259.0361445783133,1056.0489014883062,14092.0,1232.8418803418804,1014.2606837606836,-2.130713190213299,detected,1257.883892844372,1056.7969749591637,40.42518306907141,-10.803841909079438,41.84397717909137,32.841938855522045,-2.2582642283799204,32.91948822680919,33.83849637212344,33.19272648469847,235.9840213977105,-9.810790020217082,-16.500737879501557,28.48540599231493,1.587235196018135,1.3334977602008375,0.04153878640606839,4.153878640606838,0.04188356654220627,-0.020821120352683353,-2.0821120352683353
804,13.4134,1259.3306744017405,1055.2443799854968,14058.0,1232.5042372881355,1014.6525423728814,-2.15478384412296,detected,1258.4146964261884,1056.752028150277,40.68766499783442,-10.990419858658242,42.145882499309344,31.981511776213768,-2.4975258172382753,32.07888294033743,33.880989430716625,32.40020563754359,235.81342980826167,-7.465749942526801,-15.904091563978211,27.858833468479414,1.587904979717588,1.3334410449845768,0.040478085729132404,4.04780857291324,0.04088354023664807,-0.020068254339404686,-2.0068254339404685
805,13.430083333333334,1258.139294403893,1058.7025547445255,13910.0,1233.0553191489362,1014.5872340425532,-2.08780760215939,detected,1258.8754740844286,1056.7018374768834,33.337999402435344,-8.194316270314175,34.33029308489392,31.479515197494138,-2.766022341029092,31.60080310150893,34.01946883011087,31.62636540558903,235.52201197718003,-6.627666693061086,-15.540072396438344,27.515757423225537,1.588486402630194,1.3333777129045847,0.03987483041199865,3.987483041199865,0.039907085685285844,-0.019608924159543652,-1.9608924159543653
806,13.446766666666669,1260.1693496458468,1055.7083065035415,14126.5,1233.5541666666666,1014.5916666666668,-2.1452776857904103,detected,1259.3181715893536,1056.679076405032,28.734044135117983,-3.852000279843651,28.991088260271013,31.18619693753874,-2.9135544482743545,31.321999919385892,34.11514221158485,30.883473945369417,235.5028749168842,-5.831341467221859,-15.261547493706075,27.352382840391872,1.589045011469216,1.3333489923091888,0.03952302828944592,3.952302828944592,0.03896968321182261,-0.019257473178178015,-1.9257473178178015
807,13.46345,1259.4214108910892,1057.9535891089108,14173.5,1234.0,1014.4043478260868,-2.099173743607114,detected,1259.8274545657823,1056.6173727873847,22.663800878877282,5.210992816735143,23.255156770348034,30.74177679652843,-2.84239415002907,30.87290146895321,34.119115532126195,30.183252700258386,235.35760801587801,-5.18239366429842,-15.13676013491478,26.907518238026856,1.5896876398306403,1.3332711328547442,0.03895634254757503,3.8956342547575034,0.03808612328108314,-0.019100012788536003,-1.9100012788536003
808,13.480133333333333,1260.0697392359004,1058.9963614311705,14011.5,1231.449152542373,1016.2330508474575,-2.160605304256903,detected,1260.2761694461367,1056.59455871081,21.644816856775833,5.56154133689779,22.34790457303302,30.309215530282703,-2.8118096333840934,30.439362993918284,34.1420937115421,29.536644770859393,235.28545299524922,-4.436108011366967,-14.949435810853512,26.515451880228113,1.5902538415724123,1.3332423453764164,0.03840929084406093,3.8409290844060933,0.0372702142219046,-0.018863641401707903,-1.8863641401707905
809,13.496816666666668,1262.3259452411994,1056.0912646675358,14184.5,1229.5348837209303,1017.5906976744186,-2.276278437157172,detected,1260.662687164382,1056.5210452570739,19.922528220816275,7.702786819694666,21.359776578861556,30.17334285169802,-2.8159261784473473,30.30445609293427,34.169904278236906,28.953603690136713,235.04627631389133,-4.348011908538654,-14.978774455660258,26.3438109409979,1.590741561090703,1.333149583920598,0.03823906131600539,3.8239061316005394,0.036534515697333396,-0.018900661773703798,-1.8900661773703797
810,13.5135,1260.5146028037384,1059.583528037383,14185.0,1232.6803652968038,1015.9269406392694,-2.138385466132741,detected,1261.0813851548262,1056.468836703773,21.439602272841057,3.772725714628905,21.769014790188223,30.22696487944918,-2.79466311246449,30.355881600369045,34.18282992050426,28.4429114908827,235.09724766703664,-2.9346282935524752,-15.003452698262276,26.388936220822362,1.5912698866306956,1.3330837056199027,0.038303951546207,3.8303951546207,0.03589010913676051,-0.018931801512002872,-1.8931801512002873
811,13.530183333333332,1263.6480286738351,1053.4064516129033,14256.5,1230.8361344537816,1016.9789915966388,-2.3040235110575216,detected,1261.5396502063334,1056.4083966671594,22.582656182702976,2.771403589720194,22.752077666078915,29.889657023492468,-2.7090440793757042,30.012172810478305,34.17547332751719,28.01203304386406,235.08873809197115,-0.9998188537638001,-14.884539130371616,26.061101505547484,1.5918481390616195,1.3330074405894756,0.0378702496031272,3.78702496031272,0.035346413935475156,-0.018781752845894784,-1.8781752845894784
812,13.546866666666666,1262.1089171974522,1057.8286624203822,14089.0,1231.7455830388692,1016.6501766784452,-2.2061580982205458,detected,1261.9494214033468,1056.3491220452465,24.330664512654494,-1.6277254816322966,24.385051278824488,29.520668254579558,-2.8121354378978345,29.65430761150936,34.154949485609826,27.667010454675065,235.3843851755214,0.552156998367816,-14.45541287484087,25.89245060893053,1.592365200508955,1.3329326461138757,0.03741868468329257,3.741868468329257,0.03491105420148274,-0.01824026861178659,-1.824026861178659
813,13.56355,1261.3606965174129,1058.198383084577,14085.5,1232.86,1016.084,-2.1657437943446736,detected,1262.3059922101825,1056.2397225795207,24.86308768351637,-1.8024607121597,24.928337164301645,29.31799450450298,-2.9735329164598823,29.46840171728588,34.020666535449564,27.412397235254602,235.48236141315638,0.13094892270596964,-14.16328463513558,25.841595695998915,1.5928151321264132,1.332794602624001,0.03718410311329449,3.718410311329449,0.034589775691173004,-0.017871652536448682,-1.7871652536448683
814,13.580233333333334,1262.183116076971,1057.4096834264433,14060.5,1230.798206278027,1017.1883408071748,-2.2334121454778924,detected,1262.6902249860161,1056.177463849673,20.841098983068605,-3.022183720790963,21.05908358082747,29.610036896126285,-3.2161946877058027,29.78419368153496,33.90577660844258,27.25122776311617,235.75490116197733,1.7932613816103915,-14.003952569106968,26.286641202355796,1.5932999684366136,1.332716042712521,0.037582578777962096,3.7582578777962095,0.03438640727207088,-0.01767060261086053,-1.7670602610860529
815,13.596916666666669,1265.188779378317,1053.55193328279,14199.0,1233.3881856540083,1016.0253164556962,-2.2737873731916536,detected,1263.07821749695,1056.0980273208918,23.73633110985884,-5.729778852413801,24.41810353517285,29.71644571402918,-3.1487446312641207,29.882800046644856,33.92663505479048,27.185014168063027,235.68712381437325,2.0649369161895264,-14.150733954380343,26.31992528826982,1.5937895488920506,1.3326158073449739,0.037707003213432,3.7707003213431998,0.0343028569944013,-0.017855815715306426,-1.7855815715306427
816,13.6136,1264.3742216687422,1055.9800747198008,14202.5,1236.5,1014.4703703703703,-2.162145181910458,detected,1263.5143326921539,1055.9898718890554,21.989272560697827,-8.667690390226198,23.635925292856168,29.665357811891973,-2.9525506732957227,29.81192730411704,33.95027246882853,27.213761141278358,236.10768966658077,1.9356190218316727,-14.091529153801046,26.271273583393977,1.5943398519774814,1.3324793336139502,0.03761757388532119,3.761757388532119,0.03433913077763831,-0.017781109342335705,-1.7781109342335704
817,13.630283333333333,1264.5985592665356,1055.7806155861165,14091.5,1232.6045627376425,1016.555133079848,-2.255003263494229,detected,1263.9603774595528,1055.9048330390674,20.59009533410199,-7.995323755781101,22.087943042011993,29.627862860441304,-2.8384720135945187,29.763520978692632,33.92150936116546,27.335989778523047,236.22941177939833,2.643986363865927,-14.109673224641838,26.2065698354993,1.5949026844915493,1.3323720290713785,0.03755649334850806,3.7556493348508058,0.03449336249655905,-0.017804004068948692,-1.7804004068948691
818,13.646966666666668,1265.038240917782,1056.4525175270874,14166.5,1233.3607843137254,1016.0313725490196,-2.235509804186909,detected,1264.3796818674255,1055.8214969142637,19.63686518978784,-4.9586586782202176,20.25326567171305,29.696819580939064,-2.852120338233571,29.83346583363407,33.915273404973966,27.548764399716553,236.42435786386247,2.807026130204435,-14.047189610785109,26.31942529169781,1.5954317752270355,1.3322668730779352,0.037644751840547726,3.7644751840547728,0.03476184782298619,-0.01772516039215787,-1.7725160392157868
819,13.66365,1264.3403982016698,1055.7700706486837,14214.0,1234.841328413284,1015.6715867158672,-2.205060034844827,detected,1264.7783276791877,1055.7730671922839,15.22680076247616,-6.64082968526327,16.611925847679984,30.0984373879531,-3.0848657817920686,30.256112276500506,34.013705223885125,27.8477206508026,236.69233642361834,1.9116880786144217,-13.949966591180832,26.848291606602146,1.59593479833336,1.3322057630186548,0.03817805965489023,3.8178059654890233,0.03513907968555533,-0.017602481503067296,-1.7602481503067295
820,13.680333333333332,1263.4927444794953,1057.9305993690853,14114.5,1242.1672862453531,1012.2007434944238,-2.007151563090184,detected,1265.1826887694529,1055.7149324312772,10.543313461596881,-5.952434033351437,12.107556717640866,30.356986305664808,-3.2172759743725003,30.526995958619892,34.099105517332134,28.22709793577046,236.88821193293066,1.0675106687014915,-13.888430745681177,27.18471948871301,1.5964450331475748,1.3321324068533469,0.038519868717501446,3.8519868717501446,0.035617789193401216,-0.0175248337484936,-1.75248337484936
821,13.697016666666666,1265.13988657845,1055.621298046629,14153.0,1238.3045112781956,1013.8496240601504,-2.141831488980544,detected,1265.6338951789603,1055.6381794494982,10.46990484979051,-8.26388753174524,13.338318660948286,30.572226311150857,-3.3224623861227593,30.752232080410444,34.19426583837503,28.679783070211666,237.09603327903088,0.9241119923408103,-13.818348828978879,27.472768582144813,1.5970143787747135,1.332035557664982,0.03880407833490277,3.880407833490277,0.03618900071950999,-0.017436402307859786,-1.7436402307859786
822,13.7137,1265.125543816035,1056.4188937228091,14210.0,1234.2332015810275,1015.9288537549407,-2.222541327645794,detected,1266.0692676430049,1055.5709609216658,14.64007867016835,-10.672101796827064,18.116999206009744,30.715433819706167,-3.2598005693671586,30.887929268320914,34.097038046001465,29.197374006006996,237.06811802903508,-0.167203640274096,-13.962178992202047,27.552163840150698,1.597563744659943,1.3319507393333323,0.038975305070436485,3.8975305070436486,0.03684211231041892,-0.017617891472810156,-1.7617891472810157
823,13.730383333333334,1265.8925465838508,1055.6285714285714,14208.5,1242.0152671755725,1012.648854961832,-2.077888771061021,detected,1266.5070169360115,1055.5332229659537,16.380612708386252,-11.595227139591316,20.06922432783241,30.99353556797863,-3.2653325827922814,31.16507089483034,33.82756651330852,29.770272148231122,237.26802146952184,-1.1439711788524876,-14.011684236007113,27.8376426579233,1.5981161096984373,1.3319031204617713,0.039325010592845856,3.9325010592845855,0.03756501217442413,-0.017680358657422224,-1.7680358657422224
824,13.747066666666669,1265.2914603960396,1055.5414603960396,14165.5,1239.6412213740457,1013.9198473282444,-2.12309476864541,detected,1266.9464163468433,1055.4990617937087,24.757002514465512,-10.386182023437414,26.847382563766363,31.07301880227164,-3.0337266494540205,31.220762240373542,33.462588840415854,30.38780942377012,237.47797533732899,-1.6476438614136335,-14.147601205208158,27.831302071737984,1.5986705569045343,1.3318600148816515,0.03939528358406756,3.939528358406756,0.03834423902053012,-0.017851862719505562,-1.7851862719505562
825,13.76375,1265.8127739511583,1054.719474013776,13981.5,1245.354085603113,1011.1789883268484,-2.0100567565988667,detected,1267.4337066315677,1055.469868517197,31.85964863325262,-11.023462674006623,33.712815669408755,31.199043968666512,-2.805775365514084,31.3249536306203,33.08696825722416,31.038412605296177,237.6215924203034,-1.2750261499139164,-14.33779435083601,27.851038995226855,1.5992854342354168,1.331823177939681,0.03952675536986789,3.952675536986789,0.03916518940731379,-0.018091854070455535,-1.8091854070455535
826,13.780433333333333,1266.4728629579377,1054.2693351424696,14060.5,1239.4982698961935,1014.0588235294116,-2.1616787132104287,detected,1267.9121894271505,1055.426257667317,34.40059048841158,-7.366700440346449,35.18051877572578,31.434334601143867,-2.410145844026411,31.526595039841336,32.7158409512589,31.70980335839634,237.87724020440135,-1.2404716923209764,-14.673558789475788,27.903635377096407,1.599889198015332,1.33176814847611,0.03978119247929506,3.978119247929506,0.04001237016832346,-0.018515531595553046,-1.8515531595553045
827,13.797116666666668,1267.7239344262296,1054.3304918032786,14302.5,1242.8815331010453,1012.6724738675958,-2.108521347788521,detected,1268.4806386444839,1055.3727389985818,37.95450476929773,-6.2513521859027605,38.46587885951438,31.8818199129467,-2.27074092875893,31.962582895115123,32.33230575455157,32.38922886573995,238.03467679626164,-3.305778940311096,-14.951998376420132,28.24968052701898,1.600606484093986,1.3317006170329109,0.04033133488342602,4.033133488342602,0.04086968942049206,-0.01886687492292761,-1.8866874922927612
828,13.8138,1267.2329130723292,1054.78500331785,14381.5,1245.106896551724,1011.596551724138,-2.044245952067179,detected,1269.0579914496175,1055.3143397151355,44.77847178325965,-0.2609720475056747,44.77923225842265,32.33799913541522,-2.281972419521585,32.41841430738975,32.01141910578935,33.063715206561916,237.93604901826984,-2.8436045367839915,-15.233256229620233,28.61645489658544,1.6013350049837445,1.3316269270853445,0.04090651647620158,4.090651647620158,0.04172077628588255,-0.019221774422233735,-1.9221774422233735
829,13.830483333333332,1269.6677461139896,1054.562176165803,14368.0,1245.8129496402878,1011.820143884892,-2.079845423862194,detected,1269.6610558097664,1055.1869825810022,51.424317763808176,2.8479759056726834,51.50312052907483,32.68768857675699,-2.188848141451738,32.76089193958837,31.733293999341562,33.72033412171291,237.70622832606568,-2.0339613754216135,-15.613462683184865,28.800969145467658,1.602095969476046,1.3314662240769746,0.041338664907997945,4.133866490799795,0.04254931750373869,-0.019701530199602354,-1.9701530199602353
830,13.847166666666666,1270.9635520212062,1054.325381047051,14240.5,1243.6743295019155,1012.7318007662836,-2.151442355914446,detected,1270.2486906485935,1055.1429005801876,47.61870333048137,6.8432995953944555,48.10791677290467,33.02986776865739,-2.040096713143614,33.0928112951132,31.620853665019023,34.34647332253384,237.80082900846583,-1.5199180991823094,-15.874096906230662,29.036997207451908,1.602837464540812,1.3314106001011832,0.04175749059320278,4.175749059320278,0.043339398514238285,-0.020030406190827334,-2.0030406190827335
831,13.86385,1269.6717105263158,1055.6125,14129.5,1243.8984375,1013.2578125,-2.117450075845616,detected,1270.875753753141,1055.0343303111367,44.29540015447401,6.261475481187517,44.73576365779943,33.34385738310161,-1.8364148779556753,33.39438942080835,31.61936245280388,34.930100944538104,237.45790192163594,0.3753277426361204,-16.388208061315833,29.096595699971832,1.6036287113604304,1.3312736029162608,0.04213803081490013,4.213803081490013,0.0440758371539913,-0.020679126891250264,-2.0679126891250266
832,13.880533333333334,1270.9355271994627,1054.826729348556,14207.0,1244.934065934066,1012.8644688644688,-2.125531389377844,detected,1271.4868161497327,1054.996598973225,43.85683305860039,5.520258280913367,44.20288517074351,33.644528465457824,-1.722442408486198,33.68859010872307,31.740126582700835,35.460015883847795,237.56406900904355,1.1126644132045214,-16.591723592938123,29.319546581233038,1.6043997680122812,1.3312259923952368,0.042509261966842994,4.2509261966843,0.044744499537978294,-0.020935928823896686,-2.0935928823896686
833,13.897216666666669,1273.3120849933598,1055.5,14133.5,1247.317880794702,1012.2350993377484,-2.111814925680191,detected,1272.1071554932057,1054.9834355819817,47.63883383279017,1.1006345249243168,47.651546515361375,33.78814992407468,-1.6227393641798593,33.82709503247074,31.92383160672933,35.92607729540944,237.677529645768,0.819586036381975,-16.694677069903467,29.420403054129736,1.605182530590796,1.331209382437832,0.04268403158671387,4.268403158671387,0.045332589647204345,-0.021065838574010686,-2.1065838574010685
834,13.9139,1273.9636135508156,1055.207026348808,14170.5,1248.1666666666667,1012.0064102564104,-2.1091124673774457,detected,1272.7701004309577,1054.9540003951586,44.789427510870155,1.5658964555491366,44.816792036701976,34.280745567387186,-1.6050599161545793,34.318300278282756,32.210829168736964,36.31940817602895,237.75134376926437,-1.5183697535816416,-16.934559573298543,29.849060723057683,1.6060190541715555,1.331172240246257,0.04330384893158708,4.3303848931587074,0.04582890621580941,-0.02136852943002971,-2.136852943002971
835,13.930583333333333,1272.463096015676,1055.552580013063,14038.5,1249.8275862068965,1011.2931034482758,-2.0435440214188305,detected,1273.417767377379,1054.901213957699,42.525537542270285,3.6010235402218314,42.6777308885591,34.47454321899344,-1.4509009380636415,34.50506113152562,32.46394959364104,36.63256950672112,237.74252136785458,-1.2857892712103263,-17.172955960289904,29.928060867290817,1.606836299529816,1.3311056327541944,0.04353950931422792,4.3539509314227915,0.046224062469048734,-0.02166934506030272,-2.1669345060302723
836,13.947266666666668,1273.448871181939,1054.8612217795485,13953.0,1246.805860805861,1012.6520146520148,-2.133851118450193,detected,1274.072205787183,1054.8932223903394,41.91830786914488,2.354407432712378,41.98437529571716,34.74995447528886,-1.3779366168451677,34.777263339065236,32.69196572074526,36.859702823046504,237.61979880701824,-3.545015755314593,-17.44613150137672,30.08472271754157,1.6076620893213667,1.331095548757526,0.0438829821313126,4.38829821313126,0.04651066602277162,-0.02201404605851952,-2.2014046058519523
837,13.96395,1275.2427781192378,1055.3712354025815,13958.5,1245.7463768115942,1013.8152173913044,-2.1880682715673045,detected,1274.73713574095,1054.9220506622262,37.602369832527984,3.3134560580051584,37.74807555453048,34.85551645225517,-1.0149944329388996,34.87029166571923,32.79146769680235,36.99664029517332,237.4623171518246,-4.258823409360361,-17.89150652857866,29.930439939803005,1.6085011176541957,1.3311319251258376,0.04400036803245329,4.400036803245329,0.04668345778570766,-0.022576033474547206,-2.2576033474547206
838,13.980633333333332,1277.0445644834572,1054.1681296421336,13906.5,1251.25468164794,1011.1498127340824,-2.110854970548233,detected,1275.3639924973418,1054.9205682270742,38.74643344525566,-2.0187210104409132,38.79898631724316,35.036978369632074,-0.9713749133829531,35.050441117001874,32.85327997772251,37.040982381133844,237.51894525779707,-5.497181809612084,-17.9961610215254,30.077759407637824,1.6092921040975923,1.3311300545452043,0.04422768595205284,4.422768595205284,0.04673940994464839,-0.022708089617066753,-2.2708089617066753
839,13.997316666666666,1277.0639686684074,1055.3831592689296,13928.0,1252.0492424242425,1011.0,-2.0840274607624187,detected,1275.9849018189602,1055.0214878048914,43.21376322917877,-3.7853063629145254,43.37923324228592,35.10592970944706,-1.014630987358864,35.12058907258172,32.90947974596001,36.99214381206166,237.37648319680727,-7.185319674882108,-18.071632811199542,30.114313280271272,1.6100755858914326,1.3312573978610618,0.0443162007225006,4.43162007225006,0.04667778398998317,-0.022803322159242325,-2.2803322159242323
840,14.014,1276.323284156511,1056.3463758819755,13927.5,1243.9595141700404,1015.9757085020244,-2.2465519739884177,detected,1276.657163592227,1055.0647062009587,45.419747581822776,-5.088710583816919,45.70392155824647,35.21805637914801,-1.0590881070251243,35.23397739034425,32.84455765518521,36.851369065418886,237.03024899597034,-8.908078757906459,-18.277001584888847,30.122821511426523,1.610923865731517,1.3313119321147744,0.04445927746415679,4.445927746415679,0.0465001502402762,-0.02306246256768309,-2.306246256768309
841,14.030683333333334,1276.7074742268042,1055.7828608247423,13910.5,1250.5830115830115,1012.2625482625484,-2.111423194382706,detected,1277.355388756543,1055.0915659340099,41.189050899748054,-3.9355774840601043,41.376644186727816,35.28248980577839,-1.153393930265166,35.30133714823319,32.72856058807444,36.6217186329306,236.7114265137285,-9.03142908349887,-18.40086911607546,30.126274582601294,1.6118049069483196,1.33134582452241,0.04454427400407974,4.454427400407974,0.04621037051473893,-0.023218762291577866,-2.3218762291577866
842,14.047366666666669,1278.0452488687783,1055.3393665158371,13925.5,1249.7651821862348,1012.9797570850202,-2.159457729365297,detected,1278.045456432104,1055.075206162221,38.61254343309702,-6.691082507933061,39.187996829396255,35.3078744573535,-1.0890944723736289,35.32466737941053,32.67109781883213,36.30802737863441,236.26194132623715,-10.246678552680764,-18.70421002788488,29.966392053411454,1.6126756548039167,1.3313251812772506,0.04457371278159057,4.457371278159057,0.045814545588182216,-0.023601526849066096,-2.3601526849066095
843,14.06405,1280.20737913486,1053.9185750636132,13903.0,1248.3453815261043,1014.265060240964,-2.2476738807433114,detected,1278.748212264796,1055.1338253526385,37.21234309205374,-5.340163159101849,37.59356089766635,35.24419713112084,-1.1786681399938197,35.26390066344821,32.66691933756874,35.916836147222256,235.4364465787927,-9.37121750953044,-19.02410854768717,29.69218725468636,1.613562412952424,1.3313991487099541,0.04449703553747409,4.449703553747409,0.045320928892394016,-0.024005184287302424,-2.4005184287302423
844,14.080733333333333,1280.4296296296295,1054.2377104377103,13987.5,1248.936507936508,1014.1150793650794,-2.236275290114769,detected,1279.4175816004129,1055.135289892216,37.99172850644118,-7.6407645586709805,38.75245434741105,34.940863738198644,-1.1880300129580648,34.96105510540341,32.76785182490973,35.456297466359636,234.95061402853236,-9.618386359875664,-19.093329726023285,29.28685940923693,1.6144070430289121,1.331400996709421,0.04411489603205478,4.411489603205478,0.04473980752852951,-0.024092529622742317,-2.409252962274232
845,14.097416666666668,1280.2413151364765,1054.50682382134,14070.0,1250.032,1013.564,-2.206470485117664,detected,1280.0926809099099,1055.1352092901311,39.31295909498476,-3.7428779819433657,39.490731677086735,34.62479872620008,-1.1799845301110803,34.64489934061244,33.07950583463196,34.936055599314365,234.87933211157247,-8.368496088608994,-18.954499275133127,28.999931164575994,1.6152589033563534,1.33140089500332,0.04371596131307564,4.371596131307564,0.044083350913961344,-0.023917349243070193,-2.3917349243070194
846,14.1141,1280.935,1054.85375,14020.0,1250.7481751824816,1013.6131386861314,-2.202656991263433,detected,1280.7405235361405,1055.1627389221649,34.853573331464304,1.5802986774674537,34.88938116220701,34.21602683750987,-1.3555422008983322,34.2428676837033,33.4028005760311,34.36710034284031,234.3840655624582,-7.089012244892921,-18.823698775213515,28.604935791286746,1.6160763703926064,1.3314356327093564,0.04320866584694423,4.320866584694423,0.04336542630011396,-0.023752301293644817,-2.3752301293644815
847,14.130783333333332,1282.05359317905,1054.1090133982948,14038.5,1249.179104477612,1015.3432835820896,-2.2741453947519195,detected,1281.3364461614167,1055.222778354307,29.782491244619905,4.5458708593450865,30.127424825326578,33.81284960505495,-1.4595113923377268,33.84433441387832,33.61600275276674,33.76159296089034,233.9072428245617,-7.2014927222962335,-18.739574915102594,28.182748338650114,1.6168283232320717,1.3315113922451822,0.04270578474937328,4.270578474937328,0.042601379130461,-0.023646151312432296,-2.3646151312432298
848,14.147466666666666,1283.3033205619413,1051.9137931034484,14024.5,1251.9282868525895,1013.9243027888448,-2.2611240393287044,detected,1281.9267872185676,1055.2920253535676,25.16420867311399,10.65225703356873,27.32595795307531,33.42257304335899,-1.8723476447156795,33.474976841535515,33.84410214473636,33.132661715166186,233.76793196493333,-6.413182525155139,-18.244362189988944,28.066302264848517,1.617573233083366,1.3315987701622305,0.042239718412032196,4.22397184120322,0.04180777503491002,-0.02302127721134252,-2.302127721134252
849,14.16415,1281.7872222222222,1056.4594444444444,13976.5,1251.610655737705,1014.5409836065572,-2.1947451355255274,detected,1282.4755753188244,1055.3201658841604,27.060356088630215,8.583755423701405,28.389148081923658,32.786202073584505,-2.1565559414554167,32.85705068837651,34.03300644630774,32.49416385097115,233.64738655799158,-6.379935290075277,-17.69726315946352,27.683797727249033,1.6182657101814821,1.3316342787181834,0.0414600008686139,4.14600008686139,0.04100209949649357,-0.022330931431499713,-2.233093143149971
850,14.180833333333334,1283.2309891366494,1055.8078902229845,13934.0,1250.938679245283,1015.5518867924528,-2.2468613315488453,detected,1283.001894057356,1055.3284668753035,27.12256906599032,10.50258301641361,29.08501337039532,32.116911982631805,-2.6472155524333174,32.225824822355804,34.101290339523686,31.8604109329412,233.77243852161473,-5.4560255919916445,-16.845449602901674,27.472433695565872,1.618929834772689,1.3316447531549573,0.040663501353130356,4.066350135313035,0.0402024112718501,-0.02125608782700527,-2.1256087827005268
851,14.197516666666669,1283.9276450511943,1053.1412969283276,14094.0,1248.4418604651162,1017.679069767442,-2.3565265280288794,detected,1283.4971396778942,1055.2660267912502,26.690655857041293,8.33422169992491,27.961587247910515,31.500405155278543,-2.996544910848957,31.642610612107113,34.191334184059734,31.245855538900422,233.726912181891,-6.2302851349641095,-16.220895187943626,27.168683546524317,1.619554750382201,1.331565964405363,0.03992758436858942,3.9927584368589417,0.039426947052240285,-0.020468006546301105,-2.0468006546301107
852,14.2142,1283.2315357561547,1057.0304806565064,13720.5,1255.116071428571,1013.8214285714286,-2.147652654991545,detected,1284.0210301398986,1055.2068062362237,25.472429700565044,5.7825154761826525,26.12053138974244,30.826757604451597,-3.4079115047324193,31.014558601206982,34.306101014838845,30.664740051340477,233.56023911285422,-5.474284753690972,-15.568791682874739,26.82378740526685,1.6202158109020803,1.3314912381529638,0.039135089717611336,3.9135089717611335,0.03869367829822142,-0.019645163006782006,-1.9645163006782005
853,14.230883333333333,1283.9325421611493,1056.3529044347283,13913.5,1258.8942731277534,1011.7136563876652,-2.081971482236172,detected,1284.4433070773857,1055.1771980761573,28.506643080599588,0.7959243499449258,28.51775228336784,30.208040596302272,-3.900197420017914,30.458779630559075,34.37144746459456,30.13071306390966,233.58153115725804,-4.306295175858157,-14.795359893358365,26.623947532418317,1.6207486524635784,1.3314538776986213,0.038433791331935745,3.8433791331935745,0.03801982720998064,-0.018669223840199832,-1.8669223840199831
854,14.247566666666668,1284.984496124031,1053.1363049095607,14079.5,1256.8302752293578,1013.1146788990826,-2.18385082646735,detected,1284.8953387992085,1055.127952347164,28.81979046218703,0.2310605880870753,28.820716703089353,29.915728972284718,-4.444328229950488,30.244055504490966,34.31731569452299,29.656425730100636,233.81341464339226,-4.627788223903448,-14.075735566584616,26.768947712196585,1.6213190394942696,1.331391737977494,0.03816284606244917,3.816284606244917,0.037421357388139606,-0.017761180525658823,-1.7761180525658824
855,14.26425,1284.9064574532288,1056.608931804466,13820.0,1264.8862559241709,1008.3127962085308,-1.963765553142457,detected,1285.358527048033,1055.035175943388,28.719171545638346,-3.385409963285383,28.918018861729017,29.752710065091723,-4.928995701681071,30.15822864235565,34.29344600510358,29.253128462454335,233.67348734917584,-4.317173570208353,-13.65402390047202,26.890265639631373,1.621903504161556,1.331274669960111,0.03805454718278316,3.8054547182783156,0.0369124649368509,-0.017229052240343243,-1.7229052240343243
856,14.280933333333332,1286.647535449021,1051.5010128291694,14027.0,1260.957671957672,1011.5185185185184,-2.141900723978144,detected,1285.7180118747183,1054.9521586205592,29.060170055462095,-2.558721684059037,29.17259913529903,29.50130274692741,-5.12177616425713,29.942602673158177,34.396933648923046,28.93029609065457,233.51170367494007,-3.1625261692242757,-13.425405441111174,26.764116715938933,1.62235711277567,1.3311699162404533,0.0377824639408936,3.77824639408936,0.03650510547716665,-0.016940574689099274,-1.6940574689099275
857,14.297616666666666,1285.846439628483,1057.6130030959753,14108.0,1254.946502057613,1015.358024691358,-2.202204229336309,detected,1286.07601742507,1054.8552151436497,31.023046879245612,-4.512053266719249,31.34945075042915,29.428317573634462,-5.5168589534967225,29.940968720591854,34.57395842067822,28.695314505797914,233.4237882576308,-2.299657693195957,-13.1056884575545,26.920299737948362,1.622808854795041,1.3310475900866243,0.037780402171093824,3.7780402171093823,0.03620859874548633,-0.016537146318680758,-1.6537146318680758
858,14.3143,1287.8940586972085,1051.9541875447387,14207.0,1253.9551020408164,1015.9428571428572,-2.3265767741142094,detected,1286.5052273014003,1054.7502724948793,32.93566055648762,-13.038669447189477,35.422657117235666,29.558632106495043,-5.7052184201205245,30.104189894903367,34.62514072325393,28.55326140998365,233.4462533581269,-1.564578610109713,-13.021435673035903,27.142300238583132,1.6233504445443538,1.3309151703405417,0.03798635948883706,3.798635948883706,0.03602935193688789,-0.01643083365682764,-1.643083365682764
859,14.330983333333334,1287.0472027972028,1055.7319347319346,13966.0,1258.2690763052208,1013.2931726907632,-2.166679090614495,detected,1286.96770650982,1054.6386980572388,31.492371637770702,-13.26462759065771,34.17191561048784,29.580186401620107,-5.969031374449991,30.17642727533794,34.72124474000815,28.506806412834436,233.32831108659724,0.15457187951149093,-12.878556122354183,27.290283166488635,1.6239340145234322,1.3307743824066105,0.03807751075752422,3.8077510757524218,0.03597073364395513,-0.01625054400297058,-1.6250544002970582
860,14.347666666666669,1288.7971793149766,1051.1141705842847,14156.0,1256.640350877193,1014.5087719298244,-2.291589553188745,detected,1287.3678870555257,1054.5338248660757,30.144711146568625,-15.562552860244523,33.92486789418588,29.26701525792164,-6.182701263827307,29.912939959575183,34.830714727550344,28.55624170540219,233.41671136445692,2.38969200118887,-12.47821313214241,27.1859922396439,1.6244389742025562,1.3306420503041967,0.03774503464930623,3.774503464930623,0.03603311256202169,-0.015745379346551937,-1.5745379346551938
861,14.36435,1287.8113649677798,1055.2601054481547,13952.5,1257.4631147540983,1014.3688524590164,-2.209267199130849,detected,1287.7192583068943,1054.4409299055396,27.74150827966605,-9.30560293211829,29.260648105621797,29.288497155730656,-6.7047172686786585,30.046119538039527,34.884640450626016,28.69963662194403,233.59837837708545,2.9101586360074494,-11.98454184357639,27.552496367729134,1.6248823448667438,1.3305248326883783,0.037913084590586156,3.7913084590586155,0.0362140525198032,-0.01512245027580617,-1.512245027580617
862,14.381033333333331,1289.3220675944335,1052.5937707090789,14146.5,1255.33984375,1015.60546875,-2.3138630816620327,detected,1288.0938230598736,1054.3433126026302,25.553225106929403,-11.341706386244823,27.957138929389643,29.59575364332849,-7.108673643710043,30.437507695101605,35.0063533284637,28.933091981315034,233.71859015317477,2.8542871196960653,-11.78288994699338,28.064307922812056,1.6253549817790203,1.3304016562809216,0.038406949772998876,3.8406949772998877,0.036508633414908565,-0.014867999933114677,-1.4867999933114677
863,14.397716666666668,1289.6863945578232,1052.7680272108844,14202.0,1256.0313725490196,1015.329411764706,-2.303024790723294,detected,1288.5246585351722,1054.173819993283,21.402178376926713,-10.4402894739992,23.812872224464815,30.08261979997224,-7.578525333549242,31.02254116382037,35.12615589525239,29.251057669143357,234.0591426542818,3.08760917769337,-11.521238357694298,28.803804036379,1.6258986227573151,1.3301877854804833,0.03914516235182382,3.914516235182382,0.03690985194844588,-0.014537840198983342,-1.4537840198983343
864,14.4144,1288.9359281437123,1055.7299401197604,13944.0,1255.47265625,1015.7734375,-2.267984186831696,detected,1288.9632526075297,1054.028391677177,19.23576672733634,-8.999560860164365,21.236921087208056,30.46219583738746,-7.845672243592494,31.456318096516373,35.12337236320295,29.64667234065355,234.4932652030543,3.435038226093935,-11.305654160316402,29.35442270249142,1.6264520537634446,1.3300042797188356,0.03969251494828565,3.969251494828565,0.03740905027211804,-0.014265809666014389,-1.4265809666014388
865,14.431083333333332,1289.600539811066,1053.598515519568,14153.0,1260.188596491228,1012.6666666666666,-2.1938696243297904,detected,1289.3761972410962,1053.8986304602217,16.320277083539168,-7.4783245086214265,17.95206900442792,30.632897498436854,-7.895574025475437,31.63407179516259,34.99263140835123,30.11208770527289,234.5995108787941,2.5681288291804325,-11.30941112942456,29.543387047648228,1.6269731195471246,1.3298405431674722,0.03991680983616731,3.991680983616731,0.03799632518015507,-0.014270550321040456,-1.4270550321040456
866,14.447766666666666,1290.1519370460048,1054.7875302663438,14032.5,1258.6600790513835,1014.0,-2.2282890754383886,detected,1289.7991939738206,1053.7660841105442,17.152135374853515,-8.787749476366571,19.27226734913882,30.72486865766678,-8.085316904101008,31.770897114664795,34.85326611073926,30.63874959114645,234.98416288952848,2.6023468034142576,-11.008195017701912,29.80284459448223,1.6275068693675971,1.3296732922530528,0.04008946008159596,4.008946008159596,0.03866088276485357,-0.013890466899308406,-1.3890466899308407
867,14.46445,1289.1980380134887,1055.367259350092,13954.5,1267.7868852459017,1008.4467213114754,-1.9989000982017968,detected,1290.2521694501638,1053.6243552037483,16.587865584005613,-11.259923319382324,20.04852008980732,30.93321773660014,-8.371481783470404,32.04599299118207,34.72436101685093,31.21762063692953,235.23946183883498,2.4767584566525125,-10.758983739319678,30.18592280663199,1.6280784472557273,1.329494454515771,0.04043658421600261,4.043658421600261,0.039391319415683954,-0.013576004718384454,-1.3576004718384453
868,14.481133333333334,1290.29263687854,1054.1113908118314,14062.5,1262.37890625,1011.82421875,-2.15423846657624,detected,1290.7598460845254,1053.4076840796008,18.60412158721192,-10.891168075483165,21.557617727387882,31.43208480357847,-8.751112830714638,32.62756397396605,34.64389488152908,31.839341820604528,235.40310471422134,1.1606648638058599,-10.643482239027719,30.842733612680128,1.6287190486870984,1.3292210524663735,0.041170427727401954,4.117042772740195,0.04017582564114136,-0.013430261500350435,-1.3430261500350436
869,14.497816666666669,1290.4693877551022,1054.1608643457382,14006.5,1261.2941176470588,1012.3713235294116,-2.1802780274184137,detected,1291.2771539097462,1053.179355556677,21.091934993969517,-17.45617916573792,27.378603194030525,31.88850598406744,-9.015588807532968,33.13846187502399,34.564765887018346,32.49433985305371,235.57778509316398,-0.2694185741665113,-10.589245360341902,31.401043583627857,1.6293718030406894,1.328932940765523,0.04181509384861072,4.181509384861072,0.04100232158114033,-0.013361823798538678,-1.336182379853868
870,14.5145,1290.8788881535406,1052.998014559894,14089.0,1268.2458333333334,1008.7583333333332,-2.0436814201691638,detected,1291.7831142586158,1052.949690800127,23.75815068030488,-16.94133193278003,29.179760989506125,32.26559835579368,-9.210473946871888,33.554458237071884,34.52409964573518,33.17289370982167,235.77532522490867,-1.5353554207545919,-10.531873580295095,31.858771264317205,1.6300102388121336,1.32864314296546,0.04234001039378156,4.234001039378156,0.04185854095876552,-0.013289430385230405,-1.3289430385230405
871,14.531183333333331,1292.004399748586,1052.5455688246386,14211.0,1265.8503649635036,1009.9087591240876,-2.1210210418702227,detected,1292.30200644163,1052.723355421661,22.700069818404245,-17.33792226780588,28.563905866055965,32.703980479071056,-9.317384293199087,34.00535236168879,34.602081979946426,33.86517625705459,235.92638893600147,-2.7104038270565307,-10.60489061886799,32.30944574276165,1.6306649923553693,1.3283575462733892,0.04290896197058523,4.290896197058523,0.04273208360511621,-0.0133815654496757,-1.3381565449675699
872,14.547866666666668,1292.4132748904194,1051.1033187226049,13980.0,1265.2433460076045,1010.4866920152092,-2.160368448578309,detected,1292.8736037108251,1052.4689106872756,26.844687283369694,-15.990034030834977,31.24609453434415,33.146382576937775,-9.511003394409459,34.483936311059274,34.743913500001156,34.56128668824136,235.86684262041473,-4.3373770297938545,-10.726437796694544,32.77324206877975,1.6313862507392116,1.328036480362493,0.043512853389349244,4.351285338934924,0.04361045638894809,-0.013534937282895324,-1.3534937282895323
873,14.56455,1292.4679527069072,1051.8817672682017,14108.0,1263.023166023166,1011.976833976834,-2.2064910961364395,detected,1293.4423018964405,1052.2189863443018,30.64273717560127,-19.091865577542194,36.103693340763854,33.52445615072903,-9.492943042275845,34.84257636579199,34.91216105881285,35.25128720207036,235.7395599179718,-5.697624089682317,-11.026982359936092,33.051638202057475,1.6321038509734267,1.3277211184155229,0.0439653960451634,4.39653960451634,0.044481119497880584,-0.013914173324840495,-1.3914173324840495
874,14.581233333333332,1292.8330146590183,1051.1790949649458,14239.0,1262.9770992366412,1011.9885496183206,-2.221815769928131,detected,1294.005315897044,1051.9659396620275,33.487514443166674,-15.872478746257002,37.058726436990206,33.834288790770124,-9.421736114765345,35.12162025581261,35.026470787209966,35.925253866665244,235.57363438886003,-5.869847000807939,-11.356549891490419,33.23487601835752,1.6328142787344406,1.3274018166082366,0.04431750190007901,4.431750190007901,0.04533155062039779,-0.014330031408820719,-1.4330031408820718
875,14.597916666666666,1293.6308439587128,1052.463266545234,14330.5,1260.268907563025,1013.1596638655462,-2.274608673276288,detected,1294.5867823111773,1051.7277587545757,38.46168104857588,-9.395657699232743,39.592667157991926,34.320005537381874,-9.064620531021818,35.496903040368814,35.060358168937285,36.57334765474067,235.19012013392773,-5.901024172954849,-12.149238277085106,33.35305285493301,1.6335479902980157,1.3271012728764362,0.04479104484589125,4.479104484589125,0.046149334580114415,-0.015330269119350292,-1.5330269119350293
876,14.6146,1293.0699638118217,1051.9016887816647,14320.5,1265.9384615384615,1010.6653846153846,-2.1527412986475207,detected,1295.1721845619945,1051.5243404859534,43.48882337422674,-7.252734479001447,44.089453567691066,34.70638472358589,-8.962683315345856,35.84498336996037,35.12445490638286,37.1859077719075,234.91030883591228,-8.613127807488766,-12.617500298716848,33.550879556348676,1.6342866682170278,1.3268445936731275,0.045230262927394786,4.523026292739479,0.04692228110019874,-0.015921136023617475,-1.5921136023617475
877,14.631283333333334,1295.0117356392834,1050.7757875231623,14302.5,1267.072463768116,1010.0905797101448,-2.1725525882544097,detected,1295.7937354195299,1051.2941613146463,47.82253829314686,-3.898869167856901,47.981208296452515,35.02855434158856,-8.792824246817327,36.11527900345007,35.22038727917697,37.753566041294555,234.99146022955836,-9.856400748754734,-12.893921682382608,33.73514726728824,1.6350709595199115,1.3265541467692699,0.04557132997280766,4.557132997280766,0.0476385691372802,-0.016269932722249348,-1.6269932722249347
878,14.647966666666669,1295.8564935064935,1050.4876623376624,14234.5,1261.3204633204632,1013.2007722007722,-2.317912615682821,detected,1296.4003997666803,1051.1404106677608,48.52632654650688,-5.619874123982299,48.85066379556806,35.31816072746625,-8.461270593368493,36.31756568418844,35.2327172306089,38.267378494563545,235.1086032856191,-10.210594530533529,-13.262536455934573,33.809328653203806,1.635836466582562,1.3263601396438622,0.04582658130496964,4.582658130496964,0.04828691292689406,-0.016735061774049934,-1.6735061774049935
879,14.66465,1296.4786821705427,1050.969638242894,14133.5,1267.9965156794426,1009.9825783972126,-2.178095519985208,detected,1297.0485541552325,1050.9271893054658,46.646800289999646,-5.223046671856537,46.938301991353526,35.58477894775811,-8.058056111324051,36.48573366473608,35.25450562132118,38.71896857298964,234.98012035089567,-11.16243609396355,-13.821534183979438,33.76646196827768,1.6366543270097573,1.3260910906062662,0.04603878064950925,4.603878064950925,0.04885674267885128,-0.01744042168325481,-1.7440421683254812
880,14.681333333333331,1298.285347043702,1051.477506426735,14072.0,1271.996336996337,1007.96336996337,-2.1142607772155846,detected,1297.7056257489965,1050.7888712513231,48.623527880030906,-10.79146598219586,49.806658204953216,35.67881014079697,-7.485245543753211,36.45553996189487,35.23378093472188,39.1006754784177,235.14418869741945,-9.611800630189888,-14.24857062210625,33.55569443686369,1.6374834394309106,1.325916556784004,0.04600068133993044,4.600068133993044,0.049338391770874075,-0.017979268923793378,-1.797926892379338
881,14.698016666666668,1299.376582278481,1050.7455696202533,14101.0,1272.045751633987,1008.0686274509804,-2.140401823750964,detected,1298.352298471117,1050.6306090737057,51.731704134207575,-10.946158441436182,52.877098986746745,35.97792215309513,-7.087094899695301,36.66930319179055,35.20935563273702,39.405701137187556,234.9153337667009,-8.893937978488847,-14.880220750038003,33.51442714714961,1.6382994302474663,1.3257168568753386,0.04627041412213319,4.627041412213319,0.04972328219203478,-0.018776303785536914,-1.8776303785536914
882,14.7147,1299.470996216898,1051.282471626734,14073.0,1270.586956521739,1009.036231884058,-2.17050332821259,detected,1299.0054927050842,1050.5001072260436,49.22309966198054,-9.646752172843208,50.159479341571355,36.12058305207145,-6.851093543413302,36.76457537851064,35.15525763036453,39.62824977722623,234.6683276341262,-9.03575345943256,-15.299601276246147,33.42986993019982,1.6391236501010527,1.3255521857741877,0.046390631392442455,4.639063139244246,0.050004100665269696,-0.01930549056939577,-1.9305490569395771
883,14.731383333333332,1299.1413612565443,1050.8979057591623,14057.5,1275.517730496454,1006.390070921986,-2.058759487822443,detected,1299.6924209776923,1050.4013415828854,48.284218171281736,-11.020342223780972,49.52588885765891,36.326603612567766,-6.695858535640072,36.938552374909406,35.006202044401924,39.76365508688485,234.27028036093242,-10.750589105593136,-15.777800419893158,33.39936624344757,1.6399904365649116,1.3254275603569532,0.04661016072543774,4.661016072543775,0.05017495910017016,-0.01990889642888727,-1.9908896428887268
884,14.748066666666666,1299.473202614379,1050.7,13947.5,1275.8100775193798,1006.6356589147288,-2.0636140865282133,detected,1300.360765321104,1050.3607839357796,46.50234730872353,-12.064096543040705,48.04176027812629,36.49423753197221,-6.482427304126951,37.065499278888716,34.939318305684644,39.808491158943426,234.1187740236605,-11.103030614238453,-16.137243160058926,33.3682576708229,1.6408337732758411,1.3253763835151795,0.04677034609323497,4.677034609323497,0.05023153458541758,-0.020362451936982873,-2.0362451936982873
885,14.76475,1301.851551956815,1049.1174089068827,13897.0,1273.44,1007.8945454545454,-2.1742495417838232,detected,1301.084993964523,1050.298130103321,42.714526921767174,-12.923417947502458,44.62673572642527,36.49519001225698,-6.366626122653258,37.046360444939694,34.831979634492484,39.76066475307852,233.6206932241794,-12.0066748267421,-16.52050243153774,33.1587970473289,1.6417476264536568,1.3252973250515092,0.046746196145034315,4.674619614503431,0.050171185808300975,-0.020846059850520807,-2.0846059850520806
886,14.781433333333334,1303.1131436314363,1049.15108401084,13841.5,1273.809187279152,1007.8586572438162,-2.187982137381345,detected,1301.7702933170094,1050.2458483137789,41.90225951605589,-12.447496362740821,43.71200656857727,36.498612010993526,-6.077351777790728,37.00112002845397,34.73785157303552,39.619487652273904,233.18609666607693,-11.881370248285588,-17.00517843030286,32.86193527340743,1.6426123574978038,1.3252313543391532,0.0466891104459987,4.66891104459987,0.049993044356181585,-0.021457638397858497,-2.14576383978585
887,14.798116666666669,1303.6211139896373,1049.696243523316,13878.0,1272.1137931034482,1009.3689655172412,-2.234024494804589,detected,1302.5124981608642,1050.201925536351,43.20794289624473,-11.332303969569239,44.669312089888514,36.51746226535994,-5.879670511308696,36.98777602970392,34.630084308177224,39.385728884350314,232.45153960377095,-12.114763386642233,-17.593291043502216,32.535698638298285,1.6435488935783777,1.3251759312761526,0.04667227259268634,4.667227259268634,0.049698080611167594,-0.02219973633249491,-2.219973633249491
888,14.8148,1303.977358490566,1049.6251572327044,13860.0,1271.5676691729325,1009.7706766917294,-2.253534773090318,detected,1303.2270885232037,1050.0774058685595,42.67605753887119,-6.9783478752679,43.24284017186314,36.63530439612188,-5.836470846234425,37.0973034078685,34.55387816092807,39.061647227687956,231.69599902834324,-12.133373156390576,-18.127729287199422,32.36657768478873,1.6444505848873234,1.325018808666952,0.0468104774862694,4.68104774862694,0.04928914476679869,-0.022874106356087602,-2.2874106356087602
889,14.831483333333331,1304.4473684210527,1049.8618421052631,13882.5,1272.7849829351535,1009.4744027303756,-2.235683781647841,detected,1303.9273778805364,1050.0080880882274,39.18611442221618,-2.958202687544599,39.29761477051266,36.64669004400418,-5.774021485338131,37.0987764662726,34.50427148185154,38.65100468933605,231.32583890170588,-13.591673641117756,-18.39232398788492,32.218653504129165,1.645334230764084,1.3249313414362491,0.04681233623504429,4.681233623504429,0.048770983835124355,-0.02320797979543839,-2.3207979795438387
890,14.848166666666668,1304.6826666666666,1049.226,13935.0,1272.0,1010.2699619771864,-2.2688477252989854,detected,1304.6246878449372,1049.9417292665992,34.52624316023366,1.2186838990355682,34.547744603741506,36.4926149883767,-5.6750909562071525,36.93125513777077,34.60866086219928,38.15906155681241,230.83307817092432,-13.271015206059735,-18.648121128087002,31.877345944154683,1.646214117154495,1.3248476079073808,0.046600952855231255,4.660095285523125,0.04815023540291787,-0.023530752212097165,-2.3530752212097164
891,14.86485,1305.2475928473175,1048.757909215956,13990.5,1273.7597173144875,1009.303886925795,-2.2443717797377407,detected,1305.3250807838235,1049.9208610709597,32.86376812285698,0.7196779183814215,32.871647228867566,36.28771256728203,-5.361881451086947,36.68171010273633,34.699028850648766,37.59255320579129,230.26119668845226,-13.100077461886526,-19.07521747574517,31.331835795468713,1.6470978937335314,1.3248212757993183,0.04628606953026667,4.628606953026667,0.047435398366929074,-0.024069675048258892,-2.4069675048258894
892,14.881533333333334,1306.1079182630906,1049.3269476372925,14025.0,1271.9125874125875,1010.8671328671328,-2.29756688978934,detected,1306.0067660878326,1049.8307925691881,33.62255415029358,1.3765271124984793,33.65072026689574,35.95529120103321,-5.16066318876821,36.32375820174729,34.764637091778084,36.9596480797777,230.15620290902163,-11.001842192270477,-19.074113473883575,30.91267709345822,1.6479580644641423,1.3247076246929819,0.045834395207252104,4.583439520725211,0.046636779911391424,-0.024068281985972967,-2.406828198597297
893,14.898216666666666,1306.6664397549353,1047.9087814840027,14050.0,1272.1472602739725,1011.1712328767125,-2.3250724766349173,detected,1306.6859241999227,1049.8207886027797,34.6718185923296,3.760311192083009,34.87513361638515,35.42620748124295,-4.940989010556276,35.76911445516246,34.86939146608243,36.26988512531042,229.760698548694,-9.768571288098695,-19.11295371634979,30.234492705239532,1.648815046309051,1.3246950013915202,0.045134529280962093,4.51345292809621,0.045766416561905894,-0.024117291755646423,-2.411729175564642
894,14.9149,1307.4153846153847,1047.9451505016723,13953.5,1272.1978798586572,1011.5901060070672,-2.340302308316241,detected,1307.3311474013988,1049.8371579040581,36.699947859423446,7.695470735791332,37.49808585421155,34.83920464109718,-4.751774175964548,35.16176243938309,34.7777459445817,35.53408752199467,229.41730853259367,-9.026872602108615,-19.055644273208163,29.55049845902028,1.6496292080774748,1.3247156566612721,0.04436815449764428,4.436815449764428,0.04483796532743808,-0.024044977000893582,-2.404497700089358
895,14.931583333333334,1308.5878787878787,1046.9771043771043,14054.5,1273.9746376811595,1011.1557971014493,-2.33904455801448,detected,1307.933306701094,1049.8556089845463,37.88903208197007,7.9325444311648425,38.710515538558276,34.30510085299022,-4.870353179492341,34.64910221963654,34.693194374596345,34.764247961575414,229.52812063513508,-7.918410661273052,-18.561577682891294,29.25795820881583,1.650389030537658,1.3247389387817619,0.043721264630456204,4.37212646304562,0.043866558942051,-0.023421549126676714,-2.3421549126676715
896,14.948266666666669,1308.2425770308123,1049.587675070028,13806.0,1273.0144927536232,1012.0144927536232,-2.3239933000784205,detected,1308.5477776289058,1049.8546975724726,36.20472027885398,7.9959185479015105,37.07716930800862,33.77529686734562,-5.014377227896407,34.145492491117665,34.72490211963224,33.97337927532375,229.56168132122272,-7.525691746845644,-18.09117317186186,28.95900741956945,1.6511643881752756,1.3247377887349812,0.043085794941473396,4.30857949414734,0.04286861738211199,-0.022827978765756294,-2.2827978765756294
897,14.96495,1308.8955555555556,1050.0655555555556,13875.0,1274.2429149797572,1011.8947368421052,-2.307920968099637,detected,1309.150679643888,1049.7801690803074,35.32299350319636,4.185369054461262,35.57008833484806,33.14673644537503,-5.233704419582976,33.557380692341226,34.83094070186401,33.17532323114195,229.2802453209083,-6.042918479421792,-17.656922879844657,28.536483198634237,1.6519251478156316,1.324643746473574,0.04234369803449997,4.234369803449997,0.041861606600810036,-0.022280028870466446,-2.2280028870466446
898,14.981633333333331,1309.549088771311,1050.22810111699,13869.5,1277.5274725274726,1009.5567765567764,-2.237761680456867,detected,1309.6937657245014,1049.769943612683,33.55340863985475,5.43239789107065,33.99032477338203,32.53885377766287,-5.553496755797971,33.00936732778718,34.87237639672342,32.384510247723114,229.16686823073658,-6.0039168425205665,-17.073926935193292,28.25065221180681,1.6526104299362796,1.3246308436753098,0.04165219852086711,4.165219852086711,0.04086373532835724,-0.021544387299928445,-2.1544387299928447
899,14.998316666666668,1310.6664663461538,1050.9891826923076,13928.0,1281.0119047619048,1007.4285714285714,-2.1684962575230813,detected,1310.2444280564996,1049.6707506599482,30.254863697273322,5.470712025721241,30.745495075034295,31.693771477709035,-5.657638596422327,32.19478257371791,34.935642346236875,31.615664127768376,229.0559553578331,-6.23111151843023,-16.496118106310902,27.647461228684488,1.6533052719955832,1.3245056790661809,0.040624331323303356,4.0624331323303355,0.03989358249560679,-0.020815290985881266,-2.0815290985881267
900,15.015,1312.2913183279743,1046.763344051447,14045.5,1276.3470319634705,1011.7808219178082,-2.369753612764633,detected,1310.752752384846,1049.643365841741,30.71579288599014,4.888234446947536,31.102327382743674,30.976689636059806,-5.7091916475331415,31.498415358189643,34.99186878179743,30.883449300301628,228.83897095436467,-6.919973747686692,-16.089923516270037,27.07885764425113,1.6539466907064304,1.324471124090525,0.039745634521374945,3.9745634521374944,0.03896965211394528,-0.020302742607280804,-2.0302742607280804
901,15.031683333333334,1311.1323185011709,1050.271662763466,13993.5,1272.1293103448277,1015.4827586206897,-2.413240467862268,detected,1311.1599836285006,1049.6162893434089,30.783734813447154,1.5195817760804857,30.8212176566539,30.273831427098457,-5.914308462673249,30.84613288352403,35.0228796546373,30.202064037352834,228.85477065561207,-6.661635953920735,-15.465534143513127,26.68897089668038,1.6544605471653007,1.3244369581620303,0.03892256515271172,3.8922565152711717,0.038109859984041435,-0.019514869581720034,-1.9514869581720033
902,15.048366666666666,1312.558294470353,1046.3864090606262,14024.0,1276.111111111111,1012.119341563786,-2.3870146644457604,detected,1311.569373254144,1049.5635948953557,28.83892510541864,-4.050014522419133,29.121919903532312,29.856906955623376,-6.355894788459382,30.525928184392964,34.997618436577895,29.5847918788794,228.78191466929482,-6.186246993254312,-14.892571641756962,26.646643342339633,1.6549771271345668,1.3243704667449283,0.0385185213683192,3.85185213683192,0.037330967670510286,-0.01879188850694885,-1.879188850694885
903,15.06505,1312.0389129092032,1050.9666460778258,13798.0,1274.6177606177607,1014.1737451737451,-2.364659684498674,detected,1311.9831600761631,1049.466528291553,28.25332577357767,-9.75002152893012,29.888347847991017,29.417881071110514,-6.710475203944365,30.173534830655065,34.98783001309173,29.04353448406584,228.40834075142502,-6.736425166109186,-14.50937067803079,26.45600814000961,1.6554992556166097,1.3242479852259346,0.03807386098505371,3.807386098505371,0.03664799303983072,-0.018308354167862195,-1.8308354167862195
904,15.081733333333334,1311.9937067337949,1050.5380742605412,13984.0,1277.3467741935483,1012.0645161290322,-2.3039090379986367,detected,1312.3703039468594,1049.3852796069268,24.22884249211802,-13.838829870078825,27.902509218363313,29.047693799136294,-7.028455299229683,29.885911378802735,35.09642931449173,28.588360544545484,228.2142510089784,-5.718551749776854,-14.115134691619847,26.342563876340527,1.6559877652326302,1.3241454632264062,0.03771092918460913,3.771092918460913,0.03607364106567254,-0.017810895509930407,-1.7810895509930407
905,15.098416666666669,1313.5402786190189,1050.5003028467595,14026.0,1281.8347107438017,1009.7107438016528,-2.231539344669816,detected,1312.7735274846154,1049.291450651126,24.6907017990834,-13.153416104143162,27.975759338041083,28.926732452485854,-7.135496296589139,29.793810729350074,35.121867450866766,28.22711416652403,228.16838452361068,-4.030273504470346,-13.975786422941532,26.312517014467826,1.6564965646493572,1.324027067067667,0.0375947138540695,3.75947138540695,0.03561780967384736,-0.01763506173241834,-1.7635061732418338
906,15.1151,1313.628387096774,1049.6206451612902,14121.0,1280.3373493975903,1010.4056224899598,-2.274672259209226,detected,1313.198488726885,1049.1714654583056,23.332316343685306,-16.70974109512599,28.698648634176955,28.847866210785526,-7.326228795066985,29.763618954573552,35.042488976319454,27.96512848520027,228.3153590407017,-3.456174512658759,-13.713353325328468,26.4162252005799,1.6570327933462272,1.3238756661934457,0.03755661697737988,3.7556616977379877,0.03528722837249246,-0.01730391586792236,-1.730391586792236
907,15.131783333333331,1315.0251979841612,1046.321094312455,14273.0,1280.5223880597016,1010.3358208955224,-2.335166184331774,detected,1313.6073600515838,1049.0725741833332,23.659441368373336,-15.195566786900145,28.11893340506781,28.695376956913186,-7.452367598371179,29.64730074594645,34.99331637916087,27.805083166413134,228.35859761229963,-2.710195922372676,-13.497824472635902,26.396423546126627,1.6575487193079923,1.3237508822502628,0.037409843212550725,3.7409843212550724,0.03508527844342352,-0.01703195517051849,-1.703195517051849
908,15.148466666666668,1315.861111111111,1044.4966931216932,14194.5,1281.9957805907172,1009.5232067510548,-2.340098046462345,detected,1313.9539315274667,1048.9975990712987,25.473555806703644,-17.4807045262296,30.89461241334141,28.55490122160225,-7.815258487702714,29.60507809489904,34.931716947848365,27.747027289595025,228.78579288028374,-1.6699531530932332,-12.935099005131377,26.62975521352985,1.6579860334731442,1.323656276430661,0.037356565419430963,3.7356565419430963,0.03501202181652369,-0.016321891489124767,-1.6321891489124767
909,15.16515,1313.9668021680218,1048.0840108401085,14099.0,1281.3579335793358,1010.2952029520296,-2.282745742522038,detected,1314.2724677579383,1048.8739729950767,24.773511463799423,-14.421199889341096,28.665273005770118,28.45474709887372,-8.011954934378627,29.561191693356623,34.847492174910656,27.788564858637717,229.14554018958864,-0.017901137657667803,-12.553352084606251,26.76335938874805,1.658387971934307,1.3235002813818002,0.03730118825660142,3.730118825660142,0.035064435152855164,-0.015840191904865932,-1.5840191904865932
910,15.181833333333334,1315.156129032258,1048.494193548387,14055.5,1283.579365079365,1009.0436507936508,-2.2457896141845124,detected,1314.6248146646612,1048.681878778333,21.974268372079678,-11.165743401323653,24.648373094230458,28.751395089755054,-8.369449300709807,29.9447892162283,34.820671668425035,27.925174874330636,229.4311034880414,0.3721493612120478,-12.34117470348962,27.28343468374704,1.6588325737093519,1.3232578912029438,0.03778522298577704,3.7785222985777036,0.03523681372155286,-0.015572460193677756,-1.5572460193677755
911,15.198516666666666,1314.8269484808454,1048.0805812417436,14034.0,1286.065502183406,1006.9475982532751,-2.181005825378393,detected,1315.0231202318682,1048.4766202311393,22.245206982904165,-4.401859437943131,22.67654295133315,29.103092585757175,-8.691896015299223,30.373328009882762,34.779283993238025,28.15061841636467,229.6701145934233,0.8959204738587401,-12.209057109785878,27.811472073335413,1.6593351674850074,1.3229988898815639,0.03832596594306974,3.8325965943069735,0.03552128506796804,-0.015405750296259783,-1.5405750296259784
912,15.2152,1316.1845130066545,1048.8523895946764,14042.0,1287.546511627907,1006.1201550387595,-2.1612226516156348,detected,1315.4481924277732,1048.265750643119,19.87272154129687,-2.8691433885787774,20.078771009256265,29.38034334308622,-8.841132841864809,30.681756874161092,34.625413904856316,28.45737647922536,229.856590577257,0.9839717916343945,-12.183139645384546,28.159213647866494,1.6598715361864647,1.3227328083824845,0.03871515062985627,3.871515062985627,0.03590836148798153,-0.015373046871147693,-1.5373046871147693
913,15.231883333333334,1316.989973262032,1043.5026737967914,14246.5,1282.7283950617284,1009.7037037037036,-2.3629913937576674,detected,1315.8878733611068,1048.0581254815825,18.336790544558426,-4.175528497893993,18.80619381245796,29.583755524078246,-9.030036027246151,30.931216296191675,34.428210439543214,28.837065552540135,230.05427701113067,0.6923728522710406,-12.071690134148994,28.478315239263775,1.6604263386260023,1.3224708207969496,0.039029925925793914,3.9029925925793916,0.03638746441960901,-0.015232416573058669,-1.523241657305867
914,15.248566666666669,1316.6528132992328,1047.9686700767263,14003.0,1285.372881355932,1007.8177966101696,-2.2326378055661995,detected,1316.3259753087373,1047.8578719502077,20.678081417474914,-10.223027699259092,23.067148641467153,29.821889795337903,-9.18459299150376,31.20419618232232,34.24695464101062,29.280790573618354,230.25191606936426,0.7128800414757168,-12.006816973657948,28.801704906931086,1.6609791486545582,1.3222181349529436,0.039374380040785265,3.9374380040785266,0.03694736980898215,-0.015150557695467443,-1.5150557695467444
915,15.26525,1316.8593648736228,1047.955281918341,14020.5,1286.1992481203008,1007.2368421052632,-2.216201061897986,detected,1316.7497526454515,1047.6620838991023,18.307209513610815,-15.051586037225206,23.70029878316379,30.08967225275674,-9.569031308214987,31.574590044146536,34.14635155092014,29.779412263060582,230.4165356836469,0.3180728581525428,-11.79836167181499,29.287427307924546,1.6615138834642922,1.3219710837843563,0.03984175399892308,3.9841753998923077,0.03757654544234774,-0.01488752261427759,-1.488752261427759
916,15.281933333333331,1317.1034692635424,1048.7717589774802,14026.0,1285.5043103448277,1007.6077586206897,-2.225492171868027,detected,1317.192170202808,1047.402176299208,17.449446539889777,-15.385026960234882,23.263323905143597,30.32267317229157,-9.810423158583257,31.870188434712425,34.10062872751905,30.323723306883586,230.5096166500182,0.7145851653929022,-11.71265364458008,29.639882851762128,1.662072139057171,1.3216431246677702,0.040214748813517255,4.021474881351725,0.03826337325789727,-0.01477937368401272,-1.477937368401272
917,15.298616666666668,1316.7401524777636,1047.561626429479,13941.0,1288.01953125,1006.04296875,-2.175965354507163,detected,1317.6686098114728,1047.131709630973,16.964823311949658,-20.60538621669184,26.690582068300884,30.531565943814407,-9.827736505276375,32.07430316933837,34.05891359199373,30.904542065003263,230.51872281163585,0.6465750979794175,-11.827399217526105,29.813982483859693,1.6626733246832466,1.3213018418056444,0.04047230683828186,4.047230683828186,0.038996267589909483,-0.014924163050506128,-1.4924163050506127
918,15.3153,1317.2634508348794,1047.029684601113,13974.0,1287.4916666666666,1006.825,-2.20819311706365,detected,1318.137468150982,1046.8850515262332,16.013549861810134,-16.353149923344063,22.88797264049499,30.837180056495985,-9.8577356303245,32.3744749083923,34.02823132995367,31.51274191906407,230.67578847560395,-0.7521729310555603,-11.916088977229412,30.10171837422034,1.663264944039094,1.3209906012949315,0.04085107243961174,4.085107243961174,0.03976371220071176,-0.015036074419216925,-1.5036074419216925
919,15.331983333333334,1318.3136746597538,1045.847051198963,14060.0,1284.354716981132,1008.4490566037736,-2.3080369127475184,detected,1318.6410722588773,1046.6296364495468,18.31232749557921,-17.073274849805784,25.036734060223534,31.095306856793965,-9.81142627315539,32.606474725608436,33.918471946971955,32.139238899835156,230.68726794538935,-1.942738228307148,-12.109424207330838,30.274478350562074,1.6639004066358074,1.320668310977346,0.04114381668846491,4.114381668846491,0.040554244668561716,-0.015280030545527871,-1.5280030545527872
920,15.348666666666666,1318.855788761002,1043.108327691266,14066.5,1285.739299610895,1007.7587548638132,-2.3235901272760096,detected,1319.1583944168735,1046.404830449469,23.758168521246716,-18.509953463065358,30.11758537281506,31.438338963463796,-9.872190462811867,32.95192409125269,33.81051800166942,32.774960591887684,230.61511344725244,-2.9139924718787,-12.318238577066422,30.562890891964912,1.6645531790749195,1.3203846441002765,0.04157971494164378,4.157971494164378,0.041356417150646925,-0.01554351870923208,-1.554351870923208
921,15.36535,1318.3112183353437,1046.5572979493363,13903.0,1290.420091324201,1004.9589041095892,-2.1614381983434514,detected,1319.6813976780472,1046.1483604881603,30.267717864631777,-20.294913910880496,36.44198506370091,31.652682928382504,-9.747839280412483,33.119672510480385,33.749875121218516,33.410816614175694,230.70911394843526,-4.690606853322077,-12.50005543892503,30.6702024972981,1.6652131200984823,1.320061022697994,0.04179138487126863,4.179138487126862,0.04215875913460656,-0.015772940616940102,-1.5772940616940103
922,15.382033333333334,1319.4742075823492,1044.8725916718458,14089.5,1286.7480620155038,1007.1279069767442,-2.285100095493555,detected,1320.2131690244037,1045.9185378179748,34.773455166904114,-15.652859312975579,38.13404238887476,31.90945849804403,-9.544491858578661,33.306318716977245,33.757030303330914,34.03768640526071,230.81611371152985,-6.568148194925639,-12.762609946023563,30.76404807307597,1.665884124951929,1.3197710256378232,0.042026900589245735,4.202690058924573,0.042949762025565566,-0.016104239679525,-1.6104239679525
923,15.398716666666669,1318.603305785124,1046.7815820543094,14171.5,1284.324,1008.728,-2.304062512732279,detected,1320.7430441349543,1045.6859960731124,37.59488005935691,-14.119165501735552,40.1587579631496,32.27473012273264,-9.189095499083445,33.55737892902992,33.77303299589025,34.64643468849582,230.87730630088507,-7.204745442749449,-13.23594179949662,30.83678850442827,1.6665527370788067,1.3194775975685962,0.04234369580950148,4.234369580950148,0.043717898660562554,-0.016701503847945262,-1.6701503847945263
924,15.4154,1319.7179810725552,1045.618927444795,14282.0,1285.6932270916334,1008.0996015936256,-2.3073882620343427,detected,1321.3241231831782,1045.50240203852,40.943142616595196,-10.816286861599565,42.347762500458806,32.64143156888105,-8.726467727308481,33.78778320431367,33.897478511666144,35.22795972377445,230.99367691840388,-6.877339624153779,-13.763584788358294,30.857382060624865,1.6672859598525909,1.319245933171634,0.04263442675623176,4.2634426756231765,0.04445168419403716,-0.017367299417486808,-1.7367299417486808
925,15.432083333333331,1321.4860917941585,1042.6752433936022,14222.5,1288.1639344262294,1007.0696721311476,-2.3230789475051448,detected,1321.896534245222,1045.29957907715,44.39799043528046,-10.440214556380852,45.608986336845085,33.11920356923729,-8.47238469729686,34.18571262266695,33.96571160853887,35.77327484282204,230.76974160439667,-8.41665865153933,-14.383059414216259,31.012748175656654,1.6680082451043812,1.3189900051446688,0.04313654589610972,4.313654589610972,0.04513977898147892,-0.018148970869673514,-1.8148970869673513
926,15.448766666666668,1322.5953020134227,1044.141610738255,14142.5,1289.7343173431734,1006.1365313653135,-2.283732611409313,detected,1322.485563896661,1045.1169064612545,45.549029847267775,-10.499148946380046,46.743408611541845,33.43733084521347,-8.017627933714838,34.385134167772975,33.988243459147746,36.27362011363102,230.39101837877163,-10.28331102703907,-15.14090800626288,30.87216151294938,1.6687515001850612,1.3187595034211415,0.04338818191517095,4.338818191517095,0.04577112948092243,-0.019105246695599848,-1.910524669559985
927,15.46545,1322.7140983606555,1044.7580327868852,14038.0,1290.7299270072992,1005.8540145985402,-2.2588864327563063,detected,1323.0877673813882,1044.9289263395617,46.971396383003594,-11.551820902458985,48.371031044745486,33.88055170157786,-7.614652848810612,34.72570692745059,34.036978803580595,36.720598397576246,229.9195659680246,-11.568474498351712,-15.988127092266843,30.82619849564187,1.6695113783992281,1.3185223045294154,0.04381792672233513,4.381792672233513,0.046335139933850154,-0.020174292860904535,-2.0174292860904535
928,15.482133333333334,1323.654005524862,1044.2665745856357,14053.0,1293.4814814814815,1004.1481481481482,-2.2156314128693286,detected,1323.703517926088,1044.8142624091483,50.511770324371355,-13.402758413053107,52.25966775995336,34.172183189922265,-7.033149345441954,34.88844068858476,34.07785610623428,37.10632854323141,229.330727225501,-12.091770535211776,-16.93519831665196,30.502497465889004,1.6702883506953792,1.3183776181818907,0.04402326900767793,4.402326900767793,0.04682186566969264,-0.021369335415333705,-2.1369335415333706
929,15.498816666666666,1324.6021850899742,1044.8952442159384,14058.0,1294.5018867924528,1003.8867924528302,-2.203980050796147,detected,1324.2947232286963,1044.7114350801162,50.45809744528833,-7.771883116441586,51.05312688733025,34.46563441255085,-6.485821027370362,35.07058354032178,34.13888876040886,37.42360790583467,228.7673168371631,-11.728450631471445,-17.839348359211606,30.194427962413577,1.6710343510772194,1.3182478676089795,0.04425310225908111,4.425310225908111,0.04722221817770937,-0.022510218749793826,-2.2510218749793824
930,15.5155,1324.8487836949375,1044.8132807363577,14003.0,1290.3953488372092,1007.2441860465116,-2.3129619281430864,detected,1324.9567505726893,1044.6610832054728,48.77566243403089,-4.551392639183632,48.98755373392866,34.77616676517982,-6.068783272864114,35.30172666163219,34.15453433158483,37.66607662143304,228.42381862104637,-11.087591442930568,-18.538096687884448,30.042484525805133,1.6718697168109646,1.3181843321204705,0.044544765503636834,4.454476550363683,0.04752817239297545,-0.023391920110895203,-2.33919201108952
931,15.532183333333334,1325.3102310231022,1044.4468646864686,13980.0,1292.8666666666666,1005.7375,-2.268360035624466,detected,1325.6299660293416,1044.5835597311368,47.712015929016616,-1.904768937753488,47.75002208080082,34.95188253927425,-5.660684114497025,35.40730768758539,34.122999329254576,37.82837688694151,228.1334219268589,-11.380198678754681,-19.111308857137065,29.806632004479436,1.6727192000370243,1.31808651070175,0.04467799077297841,4.467799077297841,0.0477329676806833,-0.024115216223516804,-2.4115216223516804
932,15.548866666666669,1326.8120759837177,1042.9497964721843,13921.5,1291.2324723247232,1007.2029520295202,-2.3538497712046422,detected,1326.2846197855572,1044.5412213208335,46.43320004189309,-2.628125880137759,46.50751672334602,35.204586557505216,-5.567764473872409,35.64215083186469,34.12723413899357,37.90630166634955,227.64790205487216,-11.814906858556334,-19.60211090997624,29.767770554651605,1.673545261559063,1.3180330868401686,0.04497432281623305,4.497432281623305,0.0478312954780436,-0.024734524807541,-2.4734524807541
933,15.56555,1327.894039735099,1043.9569536423842,13883.0,1294.2771535580523,1005.438202247191,-2.288345349993709,detected,1326.9723341011581,1044.4938033745427,43.867773598450185,-2.0306135177374927,43.914746404178416,35.44455300927943,-5.640500110386554,35.89055000307031,33.99590401974733,37.896928529073286,227.03869515902878,-11.78290961013164,-20.02781687606918,29.782849606804394,1.6744130398752786,1.3179732534694546,0.045287760256240144,4.528776025624015,0.0478194681754868,-0.02527169321901474,-2.527169321901474
934,15.582233333333331,1329.303953337654,1042.4348671419314,13824.5,1294.2298850574712,1005.6590038314176,-2.3325135086680064,detected,1327.6376590176503,1044.4210561838925,42.92904112875749,-5.750892233077138,43.31253090862988,35.3959890617382,-5.553385097871159,35.82898446375431,33.83209600120643,37.79873554419403,226.79326974897566,-12.609473721258716,-20.18545567116376,29.60174837828723,1.675252566583786,1.31788145890712,0.04521007503312847,4.5210075033128465,0.04769556535544989,-0.025470606525127774,-2.5470606525127772
935,15.598916666666668,1329.5086625086626,1041.6500346500347,13789.0,1296.08203125,1004.90234375,-2.308903922456593,detected,1328.3317779993936,1044.376108952426,41.5466399761649,-3.3813365339210577,41.68401048441348,35.39929039717068,-5.422486275200177,35.81219230971423,33.69714619059402,37.61169718235024,226.33328563069884,-11.715367127911117,-20.51941999982086,29.350749920554094,1.6761284264976577,1.3178247431576353,0.045188886195223,4.518888619522301,0.047459554804227436,-0.02589201261807049,-2.589201261807049
936,15.6156,1329.5721819380356,1044.636123928807,13830.5,1294.5037313432836,1006.7649253731344,-2.317787810532858,detected,1329.0054998040096,1044.304090305865,37.110444632841336,1.194934999801717,37.12967775918522,35.228464460210354,-5.215512333689937,35.61244553701944,33.593861533690955,37.33735893801667,226.01693363710984,-10.13981798794339,-20.71146089618182,28.970358380128943,1.6769785486485926,1.317733867893836,0.044936839794346296,4.493683979434629,0.047113386672576245,-0.02613433551568684,-2.6134335515686837
937,15.632283333333334,1329.7793733681465,1044.2291122715403,13839.0,1293.919413919414,1007.6373626373628,-2.3460944482329955,detected,1329.6827856810417,1044.3197802291772,33.43636354716955,3.1011750852972,33.57987037152104,35.27535520366812,-5.138642864987634,35.647669422261586,33.47501821908484,36.97888981843527,226.04833462595062,-9.654843865255634,-20.783465439008374,28.962111449001576,1.6778331680517877,1.3177536659043247,0.0449812863372386,4.49812863372386,0.046661059707804764,-0.02622519298297587,-2.6225192982975867
938,15.648966666666666,1330.6014030612246,1043.9917091836735,13836.0,1295.3166023166025,1006.915057915058,-2.3314370486863165,detected,1330.3884636061903,1044.263732562323,30.398313105550642,1.0394815933123027,30.41608064241557,35.161568197978376,-4.910662106579462,35.502823556248025,33.41364965650725,36.541111890197264,225.6279433906365,-10.41105927433124,-21.078796087728186,28.56807371801702,1.6787236133832055,1.3176829432963066,0.04479851552838868,4.479851552838868,0.04610865853652652,-0.02659784995296932,-2.659784995296932
939,15.66565,1331.6480263157896,1042.8434210526316,13914.5,1296.124031007752,1006.8953488372092,-2.3502610962735515,detected,1331.084477598903,1044.2353273196259,29.59207197339856,-1.2436414758089995,29.6181931893077,34.9044210162059,-4.740500810105411,35.22486273084916,33.372614626611956,36.03050566505047,225.32113039657645,-9.4524563433074,-21.171658379537266,28.152297168567536,1.6796018644781112,1.317647100718771,0.044447776316528916,4.444777631652892,0.04546436046063151,-0.026715026346419264,-2.6715026346419264
940,15.682333333333334,1331.9461738002594,1044.039559014267,13921.0,1298.441605839416,1005.3941605839416,-2.285062688061556,detected,1331.7708284056803,1044.2076039663298,30.628285380254056,0.424638081582998,30.63122888221455,34.54043169173751,-4.502296218556344,34.832629712544126,33.391338679884136,35.455189198585984,225.153961040568,-8.685944974953896,-21.165908160616347,27.66435295515812,1.680467922278461,1.3176121185695013,0.043952845063147165,4.395284506314717,0.04473840908338926,-0.026707770549673625,-2.6707770549673624
941,15.699016666666669,1331.9982089552238,1044.7767164179104,13926.5,1298.186379928315,1005.8960573476702,-2.2865774118625724,detected,1332.4224271996886,1044.239281771031,31.57397863125925,1.4373611827995774,31.606678626154867,34.192498647729224,-4.2185359938370635,34.451749007942446,33.50474701904509,34.82486739095131,224.91554795653622,-7.500881565235149,-21.234803172246217,27.12943316662229,1.6812901289585978,1.3176520905628153,0.04347223849582643,4.347223849582643,0.04394305033558525,-0.026794704318291757,-2.6794704318291758
942,15.7157,1333.8453738910014,1041.6362484157162,14080.0,1296.0081967213114,1008.0532786885246,-2.4156901207700527,detected,1333.0455928376566,1044.2279416563947,32.93286032731157,5.394187321520349,33.371702776422175,33.62393489514519,-3.998658028656108,33.860866259785766,33.557418246470746,34.15074624045591,224.84052536388052,-5.95445009958176,-21.02219911678965,26.544781184955106,1.6820764578393144,1.3176377812698987,0.04272664512275807,4.2726645122758065,0.043092424278177804,-0.026526434216769278,-2.652643421676928
943,15.732383333333331,1333.154078549849,1044.525679758308,13852.5,1295.7770034843206,1008.8048780487804,-2.3788489101788803,detected,1333.656393749601,1044.261240613942,31.34019963390574,7.034083225433733,32.119876088107716,32.99348667324538,-4.108908752785111,33.24835776390068,33.865407287770395,33.44540494601935,224.6755365389052,-4.155602981368937,-20.572722284425303,26.119272421035106,1.6828471845420834,1.3176797988819458,0.04195376373993777,4.195376373993777,0.042202403717374576,-0.025959271021356853,-2.5959271021356853
944,15.749066666666668,1333.9432709716357,1043.550995775498,13730.0,1298.0238095238096,1007.595238095238,-2.3556895007149,detected,1334.2640489176658,1044.2819451568103,32.699420850438855,6.9062212346830165,33.420772218733994,32.4166595594721,-4.525584012719632,32.731036153029095,34.27053957248549,32.72261714418413,224.5643054897892,-4.137761178435218,-19.92003699215569,25.971385290008044,1.6836139418519445,1.3177059244880887,0.041300991991203906,4.130099199120391,0.04129036863619449,-0.02513569336549614,-2.513569336549614
945,15.76575,1334.1374631268436,1044.5935103244838,13449.5,1293.3045267489713,1011.9917695473252,-2.467817249032505,detected,1334.844459248667,1044.2969291255367,33.866530796633924,4.03171090780188,34.10566816591405,31.688673997062107,-4.959831182990648,32.074475600636816,34.64394855271662,31.997111713665937,224.39526677553675,-4.091628482590901,-19.172604036146517,25.71348361325211,1.6843463208185072,1.3177248317041474,0.04047252441720734,4.047252441720734,0.04037490437055639,-0.02419256029797668,-2.419256029797668
946,15.782433333333334,1334.825290164936,1044.4257788637751,13425.5,1292.7071129707113,1013.1297071129708,-2.502551953003293,detected,1335.3593770938496,1044.3155389548488,35.67667080210231,4.1798675574618755,35.92069225835579,30.978493080616115,-5.226081989257646,31.416221391253018,34.93901515014412,31.28426419502747,224.7255770317928,-3.595891289955248,-18.332110936261696,25.5129903211054,1.684996059424416,1.3177483141386106,0.03964191973659687,3.964191973659687,0.03947541223347315,-0.023132001181402774,-2.3132001181402773
947,15.799116666666666,1335.9640463132237,1045.0572821450337,13605.5,1295.7732342007434,1010.8327137546468,-2.436198234965324,detected,1335.8614602578846,1044.2592725491136,34.39291746289109,5.137126412912494,34.7744567087896,30.390320731271846,-5.663091259065479,30.913463034058076,35.27831640800183,30.59971287357106,224.70900801955742,-3.396398974733387,-17.61404172858387,25.40448249309128,1.6856296028490658,1.3176773155193864,0.03900752433319631,3.900752433319631,0.03861162507706128,-0.02222592016225094,-2.2225920162250943
948,15.8158,1335.9104750304507,1044.779537149817,13831.5,1297.601593625498,1009.828685258964,-2.4019997438680054,detected,1336.2616124012116,1044.2645158826192,36.602961131546635,4.201649569507936,36.843325348052666,29.75085717034166,-5.850597807197874,30.320669469384384,35.604309267494614,29.958899947982797,224.76123191008648,-3.8514369843097866,-17.004795886101643,25.10338451172827,1.686134526689226,1.3176839317130842,0.03825951983518534,3.8259519835185345,0.03780302832553035,-0.02145715569224182,-2.145715569224182
949,15.832483333333334,1337.5523178807948,1040.0543046357616,13980.5,1300.5333333333333,1007.7458333333334,-2.424036073118454,detected,1336.619110365829,1044.2516613963355,34.43092472843955,1.0104728781625454,34.44574912950758,29.37780953651947,-6.316230531125328,30.049134118745155,35.881442492541424,29.376548615342113,224.64862981091795,-3.5495719166808075,-16.461474193926954,25.139020041541222,1.6865856282218665,1.3176677115411175,0.03791688847791187,3.791688847791187,0.0370682001455421,-0.020771576269939376,-2.077157626993938
950,15.849166666666669,1337.2336987882286,1045.00230813618,13889.0,1297.843137254902,1010.3372549019608,-2.4199183582844697,detected,1337.0096562608037,1044.170801485028,31.752802721923672,-3.3140483045463043,31.925278336488617,29.140670841988346,-6.718774650819918,29.905194029292137,36.05680386382017,28.866101032906595,224.44758578721476,-3.000547190190402,-16.098407089680848,25.202418913757537,1.6870784306130016,1.317565680107291,0.037735260604785034,3.7735260604785035,0.036424102249724415,-0.02031344743177394,-2.031344743177394
951,15.86585,1338.2290697674418,1045.1081395348838,13732.5,1300.1208333333334,1008.6541666666668,-2.378377204909089,detected,1337.3982894000724,1044.057095932423,30.240688765337836,-8.853123980983128,31.509951780742043,29.046230152303668,-7.237083804957237,29.934242399976807,36.07193523221157,28.43915799590539,224.3212998663905,-1.9906742161735616,-15.724217818671967,25.47170669687306,1.687568819432268,1.3174222030693035,0.037771914700286194,3.7771914700286193,0.035885372865495764,-0.019841284313781665,-1.9841284313781664
952,15.882533333333331,1338.2876447876447,1044.7342342342342,13889.0,1303.1787072243346,1006.277566539924,-2.3107191340100006,detected,1337.762281612401,1043.9354369825703,27.897013095936927,-15.45360642870719,31.89133567802165,28.918333687243912,-7.583569937315353,29.896162901632366,35.96981448238182,28.10497484742641,224.37847670879458,-1.2628375002265901,-15.365048390134808,25.645581377885645,1.6880281155992443,1.317268690198827,0.037723864860103935,3.7723864860103937,0.035463690659213135,-0.019388073678403544,-1.9388073678403543
953,15.899216666666668,1339.4408284023668,1044.6881656804733,13913.0,1305.5573770491803,1004.094262295082,-2.266336556059976,detected,1338.133892073054,1043.7890653853506,26.1858564753079,-16.391617406558908,30.893109272917634,28.847025164134447,-7.997638421526344,29.935147922495396,35.694159241388014,27.870074293140814,224.72011645574284,-1.032811263082293,-14.8698329140311,25.980784250104495,1.6884970246978601,1.3170839941770986,0.03777305731545161,3.7773057315451606,0.035167286174310176,-0.018763196106032935,-1.8763196106032936
954,15.9159,1339.0898089171974,1043.596178343949,14021.5,1304.4736842105262,1005.4070175438596,-2.307157230892772,detected,1338.5196929532688,1043.6397917894315,22.428519850860084,-17.974610257303084,28.742392325663676,28.815291033729963,-8.239236315041449,29.97008529206509,35.41675209892488,27.738030590869702,224.95233709719517,0.13858199642768773,-14.571259153138698,26.189395164946593,1.6889838396886674,1.3168956363273585,0.03781714232437235,3.7817142324372353,0.035000669515293,-0.018386446880932113,-1.8386446880932112
955,15.932583333333334,1339.1441737985515,1044.1639236339695,13823.5,1301.7617328519857,1008.259927797834,-2.3763652702572475,detected,1338.8934871611693,1043.4929257819897,20.98239340415239,-17.235083955645678,27.15343351999472,28.741207238912907,-8.532529615376871,29.981011577120327,35.18389553826382,27.70945924435531,225.02391151080477,0.400555535425158,-14.278692258092509,26.362473377627374,1.6894555043043147,1.3167103164441512,0.037830929434852154,3.783092943485215,0.03496461734303509,-0.018017277297277614,-1.8017277297277614
956,15.949266666666666,1340.3792875989443,1042.589709762533,13805.5,1304.7898305084746,1005.4203389830508,-2.3344835103989814,detected,1339.278644935149,1043.3183163350845,20.669775292052236,-19.368725834656743,28.326439082278462,28.560493216148725,-8.820406611576125,29.89149286240507,34.966480250235136,27.78221504818478,225.25414396902045,0.7414633219648742,-13.840967817221472,26.493941862732555,1.6899415078046045,1.3164899890663528,0.037717972066126274,3.7717972066126273,0.03505642277373474,-0.017464943617945077,-1.7464943617945077
957,15.96595,1340.4970491803278,1042.0006557377048,13806.5,1307.5932835820895,1003.1753731343284,-2.273827306017699,detected,1339.670109267212,1043.113980030069,19.59231559082582,-14.642581982860975,24.45943657027531,28.62647693854946,-9.471050365942062,30.1525451155871,34.76668551282417,27.95176699624278,225.3653446019058,0.20564843467823948,-13.372882077036905,27.024840460235474,1.6904354691068921,1.3162321514575002,0.038047375540173,3.8047375540173,0.03527036844951771,-0.016874299150835215,-1.6874299150835215
958,15.982633333333334,1340.4107373868046,1040.425614489004,14145.0,1302.3896551724138,1007.8310344827586,-2.432889349628581,detected,1340.0712179637408,1042.8798568943894,17.043809326552946,-11.638886535979054,20.6386800972661,28.838304256729074,-9.733095593784922,30.43650673519275,34.59311510287852,28.211690887667803,225.72672533890258,-0.5092604031449617,-13.162407367133612,27.443250072523487,1.6909415999542472,1.3159367279424472,0.03840568673210442,3.840568673210442,0.035598348123240135,-0.01660871592067333,-1.660871592067333
959,15.999316666666669,1340.7169190256748,1042.4884792626729,14086.5,1307.5864661654136,1003.3345864661654,-2.2730567690628605,detected,1340.4980032684591,1042.6499517275167,16.699557645173627,-6.812930638614489,18.0358323742224,29.253169424200927,-9.948159761521852,30.898443391241678,34.43030730333038,28.554206876543066,225.90222710132628,-1.1558522273279197,-13.2125341277081,27.931035532645673,1.691480130307204,1.3156466267855103,0.038988572102513164,3.8988572102513164,0.03603054495462848,-0.01667196735357489,-1.667196735357489
960,16.016000000000002,1340.938630490956,1043.187338501292,13898.5,1307.903743315508,1003.1497326203208,-2.260653768526377,detected,1340.9457252335442,1042.3928446359487,16.37844797942398,-6.485030504358747,17.615594763083106,29.542842590484877,-10.026250235713075,31.197840343769048,34.31600033253201,28.970691931134517,226.0020770719605,-1.0468050923440584,-13.308879156119259,28.216643629657973,1.6920450791590465,1.3153222014333739,0.03936636005522909,3.936636005522909,0.03655607814654198,-0.016793538367342913,-1.6793538367342913
961,16.032683333333335,1342.095652173913,1041.2931677018632,14185.0,1303.4755555555555,1006.9155555555556,-2.414247237007598,detected,1341.3834990919042,1042.1459589644965,14.132767170782245,-1.8662011413557593,14.255448593556709,29.798092746968432,-10.005062179796601,31.432906333626374,34.28867896854624,29.452113006305122,226.11179776072436,-1.1032025902168405,-13.447043425062974,28.411346742155672,1.692597475194832,1.3150106737722354,0.03966297329164212,3.966297329164212,0.03716354953476987,-0.016967878138880725,-1.6967878138880725
962,16.049366666666668,1341.5928753180665,1042.9421119592876,13802.0,1304.4708333333333,1006.2625,-2.362189270822069,detected,1341.8260816363863,1041.9316792681277,14.349939735793669,-6.609982791743732,15.799134246155969,29.975938321749442,-10.250077404251773,31.679977352619424,34.26636601037509,29.98934935319733,226.12621002664875,-1.1711987315969397,-13.386532487904681,28.712744783680154,1.6931559389733584,1.3147402892973221,0.039974734829803696,3.9974734829803698,0.03784145028794616,-0.01689152364404376,-1.6891523644043762
963,16.06605,1341.6554232804233,1042.3253968253969,14039.5,1307.698275862069,1003.8620689655172,-2.2940521407065706,detected,1342.3004691929318,1041.6965189948119,14.591293586438496,-15.181155670172757,21.056432176597717,30.11945472553104,-10.471307788773924,31.887769438619433,34.360683085841345,30.573395295447845,226.18745679665642,-1.2099405190416281,-13.2955469395906,28.983758751198827,1.69375453525922,1.3144435570912454,0.04023693304557657,4.023693304557657,0.038578416776590345,-0.01677671538118688,-1.6776715381186877
964,16.082733333333334,1341.754193548387,1042.5677419354838,13957.5,1306.033834586466,1005.4172932330828,-2.336572007150486,detected,1342.7860737735687,1041.3898065757976,13.453738362502008,-20.61630150801284,24.61777739350063,30.41081652940147,-10.699847055016043,32.23824574919754,34.49499957193953,31.19545341461237,226.11039726598264,-0.8565284863157474,-13.371806123043212,29.33426818574817,1.6943672855186986,1.3140565382659908,0.04067917444693696,4.067917444693696,0.03936334815723959,-0.01687294148018071,-1.687294148018071
965,16.099416666666666,1342.6465838509316,1041.8031055900622,13826.5,1309.0991379310344,1002.8793103448276,-2.282144168112353,detected,1343.2648423315763,1041.1638063687988,14.79915790890891,-24.730476986561825,28.820332524030412,30.73007918334292,-10.979966855314695,32.632766336281314,34.668657933390946,31.846940374026804,226.3665475970598,-0.9598106347428845,-13.258091855308765,29.8181226624771,1.6949714098821154,1.3137713645032163,0.041176992222436995,4.1176992222437,0.040185413721169475,-0.01672945344518456,-1.6729453445184561
966,16.1161,1342.586319218241,1042.3381107491855,13887.5,1308.3636363636365,1003.5018181818182,-2.2931291161721945,detected,1343.7448102523556,1040.9091700637573,16.88248579471383,-23.912355778099936,29.2714722121581,30.95443107965826,-10.874371727126956,32.808973832246735,34.82244292230543,32.51943358173822,226.4167529833109,0.04511272972522976,-13.463118910079418,29.91944506734898,1.695577047637042,1.3134500568627854,0.04139933606592648,4.139933606592648,0.041033985592098705,-0.01698816266256078,-1.6988162662560782
967,16.132783333333332,1342.6965610249497,1042.8361429534727,13983.0,1310.6479400749065,1001.8501872659176,-2.2344286041976344,detected,1344.2626460299598,1040.6521461024229,25.005294368321756,-28.586234220739698,37.9794356641777,31.233149741968518,-10.870296955486673,33.07072721765717,34.98410764221542,33.20458768056886,226.41341363253412,-0.8900153680552881,-13.659976743221222,30.117736204425228,1.6962304681766056,1.313125736406843,0.04172962424940969,4.172962424940969,0.04189853335087553,-0.017236563713843814,-1.7236563713843813
968,16.149466666666665,1344.559050064185,1038.8228498074454,13974.0,1309.2962962962963,1002.6370370370372,-2.343275999343693,detected,1344.7398479828348,1040.4211240776326,34.03465957195749,-29.26762519397107,44.888216011263,31.61684578787301,-10.861165564890102,33.43037324054426,35.15077015048739,33.89404692818296,226.46181644687067,-1.6018250970054855,-13.905452594543647,30.401122399395014,1.6968326157512112,1.312834225965467,0.042183436265671,4.2183436265670995,0.0427685134740479,-0.017546312422137094,-1.7546312422137094
969,16.166150000000002,1343.0275771503611,1038.9021667761,14009.5,1309.4405594405594,1003.1643356643356,-2.325179295186968,detected,1345.250614408592,1040.1414013240017,40.35821194690743,-26.743049217913722,48.41462540414061,31.985068452873794,-10.866293153320397,33.78048150676541,35.20123320742535,34.57937430886579,226.55704108706337,-2.2565159609448857,-14.104386034737752,30.695068421686482,1.6974771159729867,1.3124812635003176,0.04262521325774816,4.262521325774816,0.04363327988500415,-0.017797332535946692,-1.7797332535946693
970,16.182833333333335,1344.1811734364926,1039.017408123791,14130.5,1305.314606741573,1006.2209737827716,-2.4406966353630755,detected,1345.7599679058158,1039.902916545504,45.80492774863251,-22.197834911919472,50.900248337648364,32.326177318911384,-10.706138564492804,34.05294617233318,35.22022350219101,35.252011939858846,226.34679829677773,-3.532770014734695,-14.568265650616691,30.779356376456,1.6981198333196414,1.3121803363350208,0.042969017252155434,4.296901725215544,0.04448203399351274,-0.018382669590683524,-1.8382669590683525
971,16.199516666666668,1344.8788075178225,1039.294880103694,14113.0,1309.1618257261412,1003.7593360995852,-2.358740889683297,detected,1346.2960805527873,1039.6729441533982,52.03072351258288,-17.071612328464198,54.75980402390257,32.645149475527006,-10.56458049844769,34.31204082224901,35.227279033057535,35.90328099886262,226.1227661200842,-5.701518490216601,-15.011627663016139,30.853965390118834,1.6987963161549369,1.3118901503512912,0.043295950564352065,4.329595056435206,0.04530382460424306,-0.0189421169249415,-1.8942116924941501
972,16.2162,1346.495107632094,1038.7736464448794,14124.5,1307.865168539326,1004.7752808988764,-2.419879170598624,detected,1346.848534228124,1039.4624558096064,55.402136918730776,-9.024990942186832,56.13240807829596,33.145477514027895,-10.237466752738094,34.690465623083625,35.33035070984906,36.524423713648936,225.9278062863945,-7.247361833348133,-15.699556771258784,30.93464598686025,1.6994934185843837,1.3116245499174846,0.04377345819947461,4.377345819947461,0.046087600900503393,-0.01981016627288175,-1.9810166272881748
973,16.232883333333334,1348.3110674525212,1037.7563850687625,14093.0,1313.4910394265232,1001.1541218637992,-2.331246181089547,detected,1347.4232934978609,1039.265860399602,55.757994399225026,-4.348319945869662,55.9272905277527,33.4385368815319,-9.954479827953042,34.88878641372745,35.34521280506699,37.10668534258509,225.6910497606361,-8.245063011486412,-16.234460639132617,30.88154311525166,1.7002186668742725,1.3113764799994978,0.04402370525391477,4.402370525391476,0.04682231588969728,-0.02048512383486766,-2.048512383486766
974,16.249566666666666,1348.586524822695,1036.7744680851065,13983.5,1316.2828282828282,999.6228956228956,-2.286508975465583,detected,1348.0505155231274,1039.0682994038643,54.063895621214215,-3.8624825856772986,54.20169352950336,33.77768445062918,-9.638212996107532,35.12587531442615,35.39271671062187,37.64143074070068,225.29889320983895,-9.039289694454581,-16.90880233392404,30.78830167834688,1.7010101142247664,1.3111271916768006,0.044322871059212815,4.432287105921281,0.04749707348984313,-0.021336028181607625,-2.1336028181607625
975,16.26625,1349.532392559333,1038.3489416292496,14069.5,1316.690476190476,999.3877551020408,-2.2711769979884795,detected,1348.6491605890042,1038.900033546301,47.342981130234875,-3.667792975975317,47.48484566272054,34.17209800782555,-9.201912512208489,35.38936953576277,35.44088354489708,38.12028808700506,224.83517693327272,-9.557772901933019,-17.74474302413266,30.619137335109052,1.70176550232051,1.3109148688281402,0.04465535588108867,4.4655355881088665,0.048101309888965375,-0.02239084293265951,-2.239084293265951
976,16.282933333333332,1350.3031123139378,1038.63599458728,14083.5,1314.6524590163935,1001.072131147541,-2.3300688675479946,detected,1349.266742272603,1038.763151436328,42.95531553607316,-5.96216992155405,43.36711430308791,34.703150193226854,-8.750488428340436,35.7893794451396,35.43140221490498,38.53531152849806,224.4694327280848,-9.93642073307032,-18.63504284506329,30.555111834696934,1.702544785202023,1.3107421469228113,0.04516010024623294,4.516010024623294,0.048624998774130054,-0.023514249646767557,-2.3514249646767555
977,16.299616666666665,1350.8590820943762,1038.432449903038,14004.0,1310.5419847328244,1004.175572519084,-2.437280850346466,detected,1349.8555425246857,1038.6549982066263,38.662499403380025,-2.640477260741136,38.75256095125653,35.34285606382967,-8.423360340238037,36.332774105070435,35.42681798728936,38.87915462032065,224.15914574233128,-9.394056411398541,-19.487065699402446,30.664714976618477,1.7032877508197928,1.3106056759705065,0.0458457717414138,4.58457717414138,0.04905887018336991,-0.02458935734940372,-2.458935734940372
978,16.316300000000002,1351.2745349583065,1038.7094291212316,13965.5,1314.740310077519,1001.4767441860464,-2.3467262993126736,detected,1350.5309192183445,1038.5743362105,37.44351375569613,-1.1171980592171167,37.46017690663678,35.854727882034,-8.129621649618782,36.76482367237271,35.39477684922051,39.14524716908643,224.07022766134247,-9.040773053709898,-20.1067117315773,30.779415247920298,1.7041399611587944,1.3105038942719243,0.046390944697000266,4.6390944697000265,0.04939463365184408,-0.025371245087163787,-2.5371245087163787
979,16.332983333333335,1351.8405081157375,1038.1848976711362,13832.0,1315.5289575289576,1001.2200772200772,-2.347279576031389,detected,1351.2158585551047,1038.449604966462,37.56897446268658,-0.8042676448585553,37.57758226153677,36.13282023057549,-7.8412806053327815,36.97386075792807,35.364586753817974,39.32796907669716,223.78099536323353,-8.257295870126793,-20.662115167725986,30.661757551423584,1.7050042379244224,1.310346504689542,0.04665471389013006,4.665471389013006,0.049625197573119444,-0.026072069612272538,-2.607206961227254
980,16.349666666666668,1351.75808538163,1038.327296248383,13890.0,1313.9433962264152,1002.6867924528302,-2.3857846482113088,detected,1351.912064886269,1038.3954739822707,37.05324367190542,1.7945134828942173,37.09667296739545,36.249614199303736,-7.628981195437734,37.043702348424965,35.32601395886097,39.42281578068501,223.47612943892508,-8.521152800258628,-21.055796422358625,30.477685619136096,1.7058827317176897,1.3102782006085436,0.0467428420800315,4.67428420800315,0.04974487795670034,-0.026568828293197004,-2.6568828293197004
981,16.36635,1352.9762516046212,1037.160462130937,13838.0,1314.9411764705883,1002.7279411764706,-2.4058662200258136,detected,1352.6538351227966,1038.2892499019497,36.69826817316016,-1.1905447821736743,36.71757459020871,36.38078474780335,-7.557199751228111,37.15740527735976,35.195264785758454,39.426550765049114,223.17522880949974,-8.055588883976084,-21.360338368365056,30.40409037835065,1.7068187193978508,1.3101441639141322,0.04688631580739402,4.6886315807394014,0.04974959087072444,-0.026953108351249283,-2.6953108351249284
982,16.383033333333334,1353.9329192546584,1038.5173913043477,13763.0,1310.9509433962264,1006.245283018868,-2.4975612801870195,detected,1353.3568545653338,1038.189080544499,35.328924155406185,-2.39181797421179,35.40979631684154,36.61467834289154,-7.6510972877338,37.40553381332471,35.09666519009002,39.33734133839538,223.1489118352557,-7.779262591522433,-21.480728816557964,30.622740722692903,1.7077058101770775,1.310017767248579,0.04719941175182929,4.719941175182929,0.04963702377084591,-0.027105020588716677,-2.7105020588716675
983,16.399716666666666,1354.932379713914,1036.5682704811445,13796.0,1315.0654545454545,1003.7018181818182,-2.452147346740072,detected,1354.0872895937746,1038.0996150417227,35.31189457529854,-1.2762066091381712,35.334948730770876,36.572849216949436,-7.4964017002526875,37.33322030440544,35.10017140236992,39.154874440502226,222.71994301918062,-8.268053548800925,-21.783611507521822,30.319030459212136,1.7086274947555518,1.3099048770242558,0.0471081644219627,4.71081644219627,0.04940678162839398,-0.027487206949554352,-2.748720694955435
984,16.4164,1354.9341389728097,1039.014501510574,13667.5,1316.2756183745582,1003.0212014134275,-2.3918813488385364,detected,1354.8104050646318,1038.0340698989037,35.84843428911654,-4.107359828519293,36.08296891529355,36.45714366938224,-7.500049023514659,37.22061337330567,35.17398113335834,38.88044962626449,222.60777204419503,-7.52114941652694,-21.755297849820145,30.200680047818654,1.70953994329922,1.3098221702194368,0.04696607365716804,4.696607365716804,0.04906050426027066,-0.027451479936681573,-2.7451479936681573
985,16.433083333333332,1355.6928657799274,1039.049576783555,13669.5,1316.4212328767123,1003.4897260273972,-2.4057557491926547,detected,1355.4974766835787,1037.9959618228872,35.63817917039023,-3.303168451242982,35.79093092388242,36.40359083998553,-7.362829944010914,37.14071473234599,35.27208357362683,38.51704655277042,222.5183336892923,-6.444472326229286,-21.855678923917623,30.029352134272315,1.7104069106417399,1.3097740843191008,0.046865255182770967,4.686525518277096,0.04860195148614564,-0.027578143752577444,-2.7578143752577446
986,16.449766666666665,1356.0380952380951,1037.4273015873016,13838.5,1318.74531835206,1001.9625468164794,-2.381314056070253,detected,1356.2382741495637,1037.9024769257576,32.33644055678997,-3.119229998864739,32.48653542113453,36.25296433369587,-7.471136150936167,37.01479836992294,35.462644755692985,38.06936423213094,222.24051373793606,-7.012672711423789,-21.81670847339371,29.901948594581615,1.7113416708511846,1.3096561223037952,0.04670637018286807,4.670637018286807,0.048037052658840305,-0.027528969682515725,-2.7528969682515725
987,16.466450000000002,1356.0420650095602,1037.55321861058,13829.5,1318.4491228070176,1002.740350877193,-2.394571376244852,detected,1356.9405003416114,1037.8626469441504,34.125289935184355,-7.943501477448535,35.0376173402619,35.934585972997105,-7.291788471279379,36.66694217085198,35.64754298329333,37.543828997656924,221.92277596091864,-6.500952261753746,-21.865134640130194,29.434342787458018,1.7122277606834213,1.3096058636519248,0.04626743491590156,4.6267434915901555,0.047373916716286345,-0.027590075255684788,-2.759007525568479
988,16.483133333333335,1357.019036287924,1038.431290898275,13834.5,1321.2307692307693,1000.7902097902098,-2.3309672339525704,detected,1357.657345557296,1037.8351708371922,35.572211425829664,-6.710896166181101,36.19970100811871,35.310290978732525,-7.284187782023956,36.053793706717556,35.76759314315989,36.9485675650444,221.85242046773243,-5.898786409761615,-21.44131686004006,28.98527163843576,1.713132297233181,1.3095711934854162,0.04549374600216727,4.549374600216726,0.046622798189330475,-0.027055289413299762,-2.7055289413299763
989,16.499816666666668,1357.9556620730978,1036.650089874176,13954.5,1318.383275261324,1004.04181184669,-2.4523784162565256,detected,1358.3038347251286,1037.8020832730033,38.632190831847765,-6.287422274399887,39.140488593334176,34.78358365051203,-7.103040692620193,35.5014207976693,35.86571856180327,36.29334078581258,221.58607431844592,-4.890375750779914,-21.302105797508453,28.400196605744526,1.7139480564354936,1.309529442615777,0.044796745486018044,4.479674548601804,0.045796013609858154,-0.026879628766572183,-2.6879628766572186
990,16.5165,1358.3386211104332,1038.201952410006,13885.5,1322.70703125,1000.3515625,-2.3260085031435374,detected,1358.942073067718,1037.7902848254714,38.945339939009955,-3.920186495847247,39.142143082964516,34.299942429124066,-7.190242035008644,35.045479468302766,35.91904611097961,35.589432807455566,221.6303628637127,-4.280282589729028,-20.860721051142,28.160538851195152,1.7147534045018524,1.3095145549848222,0.04422142519659655,4.422142519659655,0.04490780164978621,-0.0263226764052265,-2.63226764052265
991,16.533183333333334,1358.6024734982332,1037.806831566549,13849.5,1319.762645914397,1003.8949416342411,-2.423827553507465,detected,1359.5547249728181,1037.7941581985515,41.29234777767442,0.27658080579067246,41.29327405201173,33.64673259511969,-7.138483307958055,34.39564737383911,35.975517211415834,34.849489626545676,221.5188479041409,-2.8637612063245688,-20.460716740185475,27.64813969769719,1.7155264668426728,1.3095194425218317,0.04340144779033327,4.340144779033326,0.0439741194025813,-0.025817939104334987,-2.5817939104334986
992,16.549866666666667,1360.3779671332927,1037.2647595861229,13765.5,1320.678571428571,1003.4444444444443,-2.435990737515477,detected,1360.1121509970026,1037.75700631346,40.27424876784107,-0.986912194650813,40.28633899343422,33.00024683567738,-7.426795299160904,33.82563494793961,35.9109692410413,34.08730083067697,221.7038829282005,-1.5811187884639404,-19.696851067237617,27.499229764964944,1.7162298435293408,1.3094725631715582,0.04268218920875661,4.268218920875661,0.04301236697877221,-0.02485407074730299,-2.4854070747302988
993,16.56655,1360.5848101265824,1037.8803797468354,13632.0,1319.90756302521,1004.5882352941176,-2.455704705538745,detected,1360.6503177128018,1037.6503034952311,35.86834596539029,-1.342524739667624,35.89346200869386,32.23805366279663,-7.726715618270285,33.1510820066401,35.73511051104003,33.31751916404159,221.68298921539554,-0.9339198026514077,-18.93819509584781,27.209171334727984,1.7169089182495922,1.309337922391459,0.04183101830490865,4.183101830490865,0.04204103364547835,-0.023896776146180205,-2.3896776146180203
994,16.583233333333332,1361.307881773399,1037.6841133004923,13504.5,1322.1245283018868,1002.9962264150944,-2.416974969619559,detected,1361.148351830415,1037.5866313534239,35.014829478589945,1.2233189079211115,35.03619260943188,31.33746640553086,-8.406300387730536,32.44538005520253,35.43885332241834,32.555314992968384,221.66985716865577,0.1679528111910056,-17.819889537324993,27.113727589619042,1.717537352467401,1.3092575789948566,0.040940542656406974,4.094054265640698,0.0410792618207803,-0.022485665031324913,-2.2485665031324915
995,16.599916666666665,1361.5726927939318,1035.1934260429834,13832.0,1321.352490421456,1004.183908045977,-2.484790476874554,detected,1361.6210668604933,1037.47538721716,36.18228042095325,-2.4688691883243337,36.26641327081511,30.571917658349363,-8.884963308470832,31.83684535725496,35.202866226668085,31.815967373737497,221.6551631471633,-0.6804132885937171,-16.93671490271944,26.957974898084757,1.7181338383097708,1.3091172078449969,0.04017267552965926,4.017267552965926,0.040146331070962146,-0.021371249088604972,-2.137124908860497
996,16.616600000000002,1362.7364253393666,1037.7596153846157,13556.5,1320.8745387453876,1005.1033210332104,-2.4791066154926265,detected,1362.0820265472046,1037.331166539111,39.6623266356969,-3.5955516218173216,39.824968871574335,29.749553934535623,-9.146854860708077,31.123960434795293,34.96555068889712,31.114400657718654,221.5648743970756,0.24740918385932828,-16.19012200181944,26.58158879211145,1.7187154909112994,1.3089352259168596,0.03927313619532529,3.927313619532529,0.03926107338513395,-0.020429176027532418,-2.0429176027532416
997,16.633283333333335,1362.4957555178269,1037.4442558007922,13729.0,1322.2788844621514,1004.235059760956,-2.451344813845024,detected,1362.5239756533797,1037.2034227013792,36.99786698084017,-6.540685123020921,37.57156801373148,29.206961696822933,-9.676587477845553,30.768213415407782,34.73018372290761,30.464685385587682,221.46739626917014,0.2350669544770127,-15.477954471753254,26.591650609663418,1.7192731553985865,1.3087740349544217,0.03882424405729689,3.882424405729689,0.038441243388754175,-0.019530541920193382,-1.9530541920193383
998,16.649966666666668,1362.5390869293308,1037.6297686053783,13647.0,1324.0335820895525,1002.7985074626864,-2.406253611564103,detected,1362.9822889936365,1037.006357684033,35.82852097972045,-8.28269344703358,36.77344050169635,28.886770220518546,-10.235338462989487,30.646494860342337,34.56908365975302,29.87953375048021,221.5320519307478,1.0251059405766207,-14.837773002194549,26.815072991889014,1.7198514687616866,1.308525372471966,0.03867065597519538,3.867065597519538,0.03770288170407598,-0.01872274195860511,-1.872274195860511
999,16.66665,1363.96996996997,1037.6636636636636,13679.0,1326.0669291338584,1001.3070866141732,-2.3770165780185466,detected,1363.4158102130841,1036.7988828536759,32.2817098951773,-11.549177826511823,34.28545321597456,28.55183602366847,-10.521469145387298,30.428747152976733,34.568494287196216,29.36983103160523,221.65751905043484,2.529226116047912,-14.33859328720455,26.838654881419117,1.720398498691589,1.308263574578771,0.03839589546116938,3.839589546116938,0.03705972369918641,-0.018092862192056216,-1.8092862192056216
1000,16.683333333333334,1364.9779681762543,1037.3506731946145,13694.0,1326.0114068441064,1001.7908745247148,-2.401874873680897,detected,1363.8087875152737,1036.6285447343544,28.080385294479584,-13.2403455292133,31.04536661112869,28.503393700633694,-11.114091838938709,30.593569420021726,34.693327764854246,28.944251726740003,222.0363470892772,3.324165043104424,-13.728029066559666,27.340587188379505,1.7208943691044465,1.3080486368887754,0.03860387308520092,3.860387308520092,0.036522715112605686,-0.017322434153387592,-1.7322434153387591
1001,16.700016666666667,1366.7716781035558,1036.5701809107925,13938.5,1328.9485294117646,999.3198529411764,-2.363824476596284,detected,1364.2168988946896,1036.4179327271584,26.826093958960428,-16.82679742860273,31.66670852485627,28.443514580351238,-11.466254656962539,30.667711318925782,34.89236465362273,28.609008737526953,222.27960011146126,3.9496865778702834,-13.330609387287147,27.6188951789267,1.721409336144719,1.3077828804128182,0.03869742753176755,3.869742753176755,0.03609969556785736,-0.01682095821739703,-1.682095821739703
1002,16.7167,1365.8864281658148,1036.0505394662125,14034.0,1326.2090163934429,1002.1639344262296,-2.434750424502894,detected,1364.6246416808963,1036.1936893349584,24.19585085069548,-16.565162675418378,29.323093507544105,28.384426543865303,-11.834119790615501,30.752594385559124,35.0737101422037,28.367773025020657,222.37339968027652,3.4835195217997756,-12.993797775500099,27.872626012131175,1.72192383808315,1.3074999234510518,0.03880453550228281,3.880453550228281,0.03579529719245509,-0.016395959338170472,-1.6395959338170472
1003,16.733383333333332,1365.7613832853026,1036.7913544668588,14035.5,1329.0954198473282,999.526717557252,-2.3480968907743573,detected,1365.0105973551024,1035.9296669597977,19.68367334627601,-18.863414499985083,27.263077650939266,28.393855887720445,-11.921851127643615,30.795155243679716,35.216529457451166,28.2217796211532,222.6115046681209,3.860641075759128,-12.825398620960076,27.997334456976606,1.7224108483976057,1.3071667721890192,0.038858240055116365,3.8858240055116364,0.03561107838631319,-0.016183468291432274,-1.6183468291432273
1004,16.750066666666665,1365.7172459893047,1035.3983957219252,13995.0,1327.7178571428572,1000.7464285714286,-2.402237071152305,detected,1365.3504066174517,1035.6865706473488,16.43002051085523,-19.190938390725478,25.263366567101553,28.66204107689209,-12.263571066567957,31.17543542596017,35.29055534439815,28.17010750079122,222.98047267048372,3.6339866761180635,-12.608072625598288,28.512177725769238,1.722839629801201,1.306860026053437,0.039338088865564884,3.933808886556488,0.03554587697260722,-0.015909239906117714,-1.5909239906117714
1005,16.766750000000002,1365.6358189081225,1035.7157123834886,13835.0,1329.164,999.536,-2.360215120527676,detected,1365.7203417641476,1035.4126092236309,12.80724571133851,-17.78901354875279,21.919729600255316,28.613532069559252,-12.411636303715763,31.18946830632755,35.25934643233311,28.210092370551358,223.14342559152604,3.76475205042089,-12.390285936700387,28.622783715743225,1.7233064249389878,1.3065143334052125,0.039355795970129406,3.9355795970129406,0.03559633106694178,-0.015634430204038343,-1.5634430204038343
1006,16.783433333333335,1367.2652925531916,1034.9142287234042,13854.5,1327.2918287937744,1001.6108949416342,-2.4469708170106768,detected,1366.1089634155003,1035.141416644972,11.796251301611392,-15.68786322558617,19.62805638252212,28.677547885508645,-12.942370931898703,31.462783062922103,35.22984867048093,28.337810351604414,223.37406051095974,3.1834874309297034,-11.957015128796078,29.102173583329467,1.723796799262461,1.3061721345677881,0.03970067263460202,3.9700672634602023,0.03575748940265541,-0.015087716250846787,-1.5087716250846788
1007,16.800116666666668,1366.5023132848646,1035.4421678783874,14067.0,1329.1962962962964,999.8333333333334,-2.379466512367556,detected,1366.522592033179,1034.8414959092286,12.215571371941223,-16.848028998649625,20.810484498981005,28.762465272323233,-12.929193245486774,31.53479739146489,35.19118708451167,28.548562062594463,223.33203011464659,2.1923928301750757,-12.04917120972324,29.142081594826365,1.7243187281175762,1.3057936856898784,0.03979154244979797,3.9791542449797968,0.03602342216100248,-0.015204001526464658,-1.5204001526464659
1008,16.8168,1366.8535620052771,1034.4175461741424,13973.0,1329.3115384615385,999.8076923076924,-2.3968109953275394,detected,1366.9487353821964,1034.541353622012,14.118650012225771,-16.416299100902506,21.65250919265514,28.9584380457835,-12.921980659297239,31.710703527527315,35.13778890887853,28.837291986746813,223.2318646026291,2.122549398590273,-12.247823134070902,29.249949515977818,1.7248564484317936,1.3054149572517502,0.040013506028425634,4.001350602842564,0.03638775014100545,-0.015454666415231423,-1.5454666415231422
1009,16.833483333333334,1368.135046113307,1034.3129117259552,14011.0,1330.7216117216117,998.3296703296704,-2.375677825210277,detected,1367.359359323644,1034.289756854457,15.539019503260988,-16.165163362892145,22.422614336239114,29.10843260466863,-12.889353005926287,31.834513811458102,35.070456771453344,29.198894564899362,223.4133623234858,1.6473517865648197,-12.2864876040274,29.367984131839858,1.7253745858973426,1.3050974849898511,0.040169733516035463,4.016973351603546,0.036844030996718444,-0.015503454389939938,-1.5503454389939937
1010,16.850166666666667,1367.4016982364467,1034.2436316133246,13997.0,1328.9455782312923,1000.1360544217688,-2.4160501558321514,detected,1367.7986061676063,1034.0257966487823,15.124508533793687,-18.107356705530947,23.592946514798328,29.214570926364214,-12.708419953119199,31.858987619138237,35.14749812528469,29.62838121882574,223.4082723097511,1.8167071793916834,-12.490539239966244,29.308386540566623,1.7259288405900397,1.3047644121751196,0.040200615292288,4.0200615292288004,0.03738596999220914,-0.015760932794910087,-1.5760932794910087
1011,16.86685,1367.837056504599,1034.19185282523,13983.5,1332.148514851485,997.4719471947196,-2.341951756424829,detected,1368.221335258274,1033.7229970404967,15.524180032379718,-19.415896675307522,24.859147398572517,29.37457675997325,-12.76107152928462,32.02671863308945,35.38354848903727,30.12090619981145,223.67878768397716,1.0075700228413857,-12.431382318917194,29.51561349597857,1.7264622526918285,1.3043823306504692,0.04041226325941887,4.041226325941887,0.038007452618058615,-0.015686286837750404,-1.5686286837750405
1012,16.883533333333332,1366.7813953488371,1033.2996677740864,13993.5,1329.9007352941176,999.6066176470588,-2.401330914548049,detected,1368.634717116823,1033.4445581322227,18.933343972612874,-19.163305586166643,26.93889001005947,29.44376900931414,-12.862268091854817,32.13056915058608,35.70975228231742,30.671669618057514,223.76964460440476,0.7678720635987798,-12.364524028974994,29.656230702459375,1.7269838701789564,1.304030988179461,0.04054330492187519,4.054330492187519,0.0387024222309874,-0.015601923064952675,-1.5601923064952676
1013,16.900216666666665,1368.390227576975,1033.8534136546184,13950.0,1333.802919708029,996.1569343065694,-2.313207587541971,detected,1369.0519575751846,1033.1940406456545,18.89868338996621,-22.554926403250647,29.425922907026006,29.652626917227636,-12.785165029197064,32.29146524882537,36.04402636364379,31.27573073084687,224.05988060561347,0.6403119072144497,-12.41784652619004,29.808317892294532,1.7275103565617473,1.3037148777863148,0.04074632838968501,4.074632838968501,0.03946464445532728,-0.015669206973110462,-1.566920697311046
1014,16.916900000000002,1368.8638709677418,1030.8741935483872,14060.5,1331.6736842105263,997.9052631578948,-2.4162889418606803,detected,1369.4873741065726,1032.89879483011,20.372326171581335,-23.937958509031432,31.433382433670868,29.94217569536688,-12.983100523760855,32.635789933480986,36.30435730807543,31.927772571835263,224.0559962754483,-0.21037369434572806,-12.490317982493956,30.151065342347138,1.7280597780524576,1.3033423278613379,0.041180807487042254,4.118080748704226,0.04028741018528109,-0.015760653605670607,-1.5760653605670607
1015,16.933583333333335,1368.4157160963246,1035.3859315589357,14095.5,1332.937037037037,996.8222222222222,-2.314552844600631,detected,1369.9172649832599,1032.643220726089,23.824743935086644,-21.42079960106821,32.03855613353342,30.273705324727654,-12.865384626699187,32.89400181919724,36.54727717985984,32.62186045691783,224.18717674420103,0.4400171524796345,-12.741030861276949,30.32625081135714,1.7286022271082144,1.3030198368783459,0.04150662690119526,4.1506626901195265,0.04116323086046414,-0.01607701055050719,-1.6077010550507191
1016,16.950266666666668,1370.866435986159,1029.5079584775087,13865.0,1334.715254237288,995.8915254237288,-2.392509825405307,detected,1370.3355470773113,1032.435988348505,26.927633432690982,-22.07027767931686,34.81658511582561,30.645121114984352,-13.047158048080968,33.306932931203136,36.65076572827759,33.35123274449301,224.31024628794987,-0.5602439513586385,-12.814658270184315,30.743069376723927,1.7291300278578061,1.3027583449192492,0.04202767562296926,4.202767562296926,0.042083574441000644,-0.01616991579833983,-1.6169915798339831
1017,16.96695,1369.8897405660375,1032.4587264150944,13815.5,1333.9431818181818,996.875,-2.3612668762473787,detected,1370.7903832094303,1032.1926813727969,30.723655735884677,-19.278289538626723,36.27113824120059,31.30673210096159,-13.1840449572973,33.969552783005774,36.715574875556534,34.10815390256188,224.25334449054384,-1.03000395632735,-13.223545799917307,31.290067957019595,1.7297039535765684,1.3024513329625198,0.042863789000638204,4.286378900063821,0.04303868000323266,-0.01668586220809755,-1.6685862208097548
1018,16.983633333333334,1370.0662068965516,1029.996551724138,14025.0,1336.742372881356,994.6542372881356,-2.326807384925499,detected,1371.2733691575684,1031.9743226296544,30.039676043761574,-15.706490297182881,33.89802316167778,31.848653237179082,-13.211544002303103,34.480162527848805,36.82039709833453,34.88384917723514,224.19558881012,-1.9808663307553378,-13.624448543474287,31.674216799047933,1.7303133995679096,1.3021758014254314,0.043508091517790295,4.350809151779029,0.04401747530250492,-0.017191733177885537,-1.7191733177885538
1019,17.000316666666667,1371.651476251605,1029.2869062901154,14043.0,1333.766447368421,997.171052631579,-2.4384243978048823,detected,1371.7999963909979,1031.7526800103574,36.39395120568224,-14.92884773139258,39.33688064588606,32.33450952265173,-13.219322117391958,34.932377292618135,36.91780893909545,35.66852876391259,224.30916904464658,-3.3137215472254122,-13.90386872127176,32.04611392814212,1.7309779134271268,1.3018961261960347,0.044078709517499225,4.407870951749922,0.045007607273075824,-0.017544313843876037,-1.7544313843876038
1020,17.017,1370.9110847658565,1031.7225844694724,14194.0,1337.2753036437248,995.012145748988,-2.3125147877164216,detected,1372.342287353453,1031.524990960152,40.94604780673126,-13.554847464852628,43.13134267312511,32.752920804116535,-13.203392778693908,35.314068047581216,36.93085997394232,36.45149894249147,224.0716843014348,-4.32020087120824,-14.348272329854485,32.26779328087882,1.731662192244105,1.301608821400823,0.044560338230386395,4.45603382303864,0.04599558226181889,-0.018105075495084524,-1.8105075495084524
1021,17.033683333333332,1372.218021424071,1030.1253938248267,14183.0,1337.1556420233462,995.2373540856032,-2.358686816938386,detected,1372.9234151256455,1031.3058433877227,43.06659314618264,-11.592127533238909,44.59942674481031,33.26431599181359,-13.052554748545543,35.73351233599916,36.81044218200654,37.22134930769385,223.87097247941625,-5.654497992592121,-14.934423054616229,32.463008361714586,1.7323954764992373,1.3013322944955492,0.045089605471292316,4.508960547129232,0.04696700228100171,-0.018844697860714486,-1.8844697860714485
1022,17.050366666666665,1372.913258983891,1030.6270136307312,14010.0,1337.5395189003436,995.0309278350516,-2.353061539224692,detected,1373.4860263117887,1031.0872568208392,47.492258528624916,-7.189693189280661,48.0333874331775,33.730933123382094,-12.903318020085567,36.11469874305392,36.70054467567726,37.966199628958535,223.66039388771785,-6.70126746100006,-15.494234928230378,32.62208070142593,1.7331053959770206,1.3010564754837088,0.045570597783033344,4.557059778303334,0.04790687650341771,-0.019551085082940543,-1.9551085082940542
1023,17.067050000000002,1373.5509828009829,1031.2708845208845,13854.0,1339.24115755627,994.0610932475884,-2.315668849380325,detected,1374.0345023334203,1030.8692016910265,54.013579622475845,-4.150544874544721,54.17281427422012,34.20547559616981,-12.590369344847419,36.44903237398549,36.583300940074764,38.67398711244242,223.5022776705189,-7.388607881654684,-16.14383793214501,32.678868674121475,1.733797479285073,1.300781327054923,0.0459924698725369,4.599246987253689,0.04879998373809769,-0.02037077341595585,-2.037077341595585
1024,17.083733333333335,1375.5575757575757,1029.175084175084,13920.5,1337.5939597315437,995.5805369127517,-2.417174979134167,detected,1374.6304627640677,1030.6919460082622,53.32813695037703,-5.408378567592081,53.60168606796392,34.816635301642535,-12.343947841876743,36.94010208500451,36.49555435017288,39.33277458022502,223.43981814064867,-8.14917889332413,-16.79265111811866,32.9025532516202,1.7345494798284768,1.300557660578249,0.04661211619558929,4.661211619558929,0.049631261299968484,-0.02118946513327276,-2.118946513327276
1025,17.100416666666668,1375.7612137203166,1030.131926121372,13977.0,1338.9611650485438,995.1877022653722,-2.382055942230894,detected,1375.2825664076959,1030.527750530753,52.39689174731984,-8.73451961250612,53.1199218527438,35.41339879825114,-12.140401911581817,37.43658869366591,36.41765030711394,39.93106174075797,223.31090266994107,-9.141510010167117,-17.440493323968706,33.12593192100891,1.735372323542834,1.30035047385584,0.047238597720714086,4.723859772071409,0.05038619778013624,-0.022006931639077233,-2.200693163907723
1026,17.1171,1376.248221906117,1029.8826458036983,13952.5,1338.662162162162,995.6148648648648,-2.4023426549229585,detected,1376.0042574850338,1030.3329218249703,47.553939669913234,-2.8369950712203718,47.638489891723864,36.18956243522991,-11.911809931496064,38.09954914559347,36.287539249631266,40.458084641152446,223.1746615882057,-9.53787481430304,-18.241654747960865,33.44873207094237,1.7362829747445223,1.3001046332176283,0.048075140877720475,4.807514087772048,0.051051210903662395,-0.02301786088070772,-2.301786088070772
1027,17.133783333333334,1377.3401044689494,1031.1462565293093,13751.0,1338.93265993266,995.6060606060606,-2.394949114292393,detected,1376.725392232917,1030.1485527687043,44.41075034119467,-2.0561540700514342,44.45832335376259,36.674922501988696,-11.793007576613581,38.52434254116405,36.19939490176527,40.90409193852474,222.8942718720217,-10.552772704281692,-18.84156715955919,33.60238555818266,1.7371929239532078,1.299871990875337,0.04861115778064865,4.861115778064865,0.051613996136939747,-0.023774848150863333,-2.3774848150863335
1028,17.150466666666667,1379.599352750809,1029.6472491909385,13786.0,1338.391891891892,996.7702702702704,-2.4681699008954525,detected,1377.4640169122424,1030.0020186922777,41.14536603780198,-2.213272832831535,41.204850721938776,36.95614111015637,-11.53350503450564,38.71405564048743,36.16174727515186,41.260590241797296,222.71406518274628,-10.64164085284891,-19.3298158240616,33.54305180425023,1.738124942476016,1.2996870898325272,0.04885054339493682,4.885054339493682,0.05206383626725211,-0.024390934793768585,-2.4390934793768584
1029,17.16715,1378.684393063584,1030.4624277456646,13697.5,1340.704861111111,995.0104166666666,-2.390601004393045,detected,1378.1876990790772,1029.8112844026678,35.51885784520118,1.8582950881304896,35.56743627620888,37.18758843390761,-11.36978107199071,38.88686995831237,36.174972792405164,41.520554006105904,222.4115073826681,-11.07452918113162,-19.78797983692918,33.4757301507821,1.739038106093473,1.299446415650054,0.04906860562563075,4.906860562563075,0.052391866253761396,-0.02496905973114092,-2.496905973114092
1030,17.183833333333332,1379.3039591315453,1028.7432950191571,13882.0,1339.636678200692,996.2006920415224,-2.4545424175645087,detected,1378.9145133005497,1029.662312745559,35.25540155224235,-1.0879539617353657,35.272184259451635,37.24402473058708,-11.222394053376904,38.89806558714522,36.25007397480527,41.67859802650081,222.06078801743982,-10.512371537027263,-20.133157303759234,33.282359943428546,1.739955221830347,1.299258438795658,0.04908273260207599,4.908273260207599,0.05259129088517452,-0.02540461489433342,-2.540461489433342
1031,17.200516666666665,1379.5468071915684,1030.684438933664,13708.0,1340.6803797468351,995.7753164556962,-2.409782923685701,detected,1379.6766410584696,1029.5009313923083,33.338323781066265,-3.4404607920387207,33.51537860434765,37.484544328564,-11.171682306870599,39.11390480488652,36.38235186378035,41.7311123671669,221.72194631531997,-11.521499198577642,-20.542902056066655,33.28493238990546,1.740916897234662,1.2990548030186857,0.04935508492730161,4.935508492730161,0.05265755503743458,-0.02592164297295477,-2.592164297295477
1032,17.217200000000002,1380.3294972743793,1030.5154451847366,13697.0,1343.9789473684211,993.259649122807,-2.3438966304367708,detected,1380.4064739040452,1029.3915445093323,32.1205331911674,-6.22635855360204,32.718438124747024,37.51928700689352,-11.142517079772482,39.13888838966522,36.52115847344825,41.67636059608416,221.4958236520596,-12.039247013144239,-20.719449824018785,33.20477350274563,1.7418378219609405,1.2989167754060977,0.04938660995541353,4.938660995541353,0.05258846762912828,-0.026144416181727175,-2.6144416181727177
1033,17.233883333333335,1381.2465753424658,1027.2530984996738,13768.0,1342.4087837837835,995.1182432432432,-2.450359119609676,detected,1381.1322485105006,1029.2428095280222,32.30516876817501,-5.5809206268490925,32.78369418145947,37.51502566451088,-11.159873576743223,39.139748707136604,36.71718014450021,41.514542569045815,221.08220697825573,-11.947153263291508,-20.94399448827284,33.0646189110505,1.742753625880758,1.2987290971962426,0.04938769552950992,4.938769552950991,0.05238428084422185,-0.02642775329750516,-2.642775329750516
1034,17.250566666666668,1381.0726577437858,1030.2307202039517,13738.0,1344.1875,993.75,-2.3617070452713693,detected,1381.9012500432723,1029.1131921681551,38.75560407735338,-7.966688560980401,39.56595726161855,37.520412911989744,-11.247352069144304,39.16994145583436,36.837202117871165,41.24782285240207,220.80616642898693,-12.143530647936943,-21.049960433102534,33.03306645496765,1.7437239748180093,1.2985655421680191,0.04942579363512223,4.942579363512223,0.052047725996721854,-0.026561464268899097,-2.6561464268899098
1035,17.26725,1382.1375,1029.961875,13628.0,1340.0072202166066,998.5992779783394,-2.501672715147748,detected,1382.639157500569,1028.9540234616268,42.15538907348537,-12.790241083263481,44.053003245010785,37.271405421020205,-11.1452842958986,38.90212107449231,36.8826356657714,40.88032532726659,220.46624690797458,-12.763832716148356,-21.122364564815477,32.668344605833425,1.7446550883287937,1.2983646983742925,0.0490878499362679,4.9087849936267896,0.051584006722102956,-0.02665282594929398,-2.6652825949293977
1036,17.283933333333334,1382.6021850899742,1029.188946015424,13819.5,1343.514598540146,995.1532846715328,-2.425172694355358,detected,1383.3693529793013,1028.8151305394633,46.865330055224604,-20.17039496476218,51.02160321098938,36.97059668913076,-11.077276137183745,38.59444346236627,36.79016779152443,40.418093726912936,220.1591954469117,-12.243054996737909,-21.11109665332135,32.308708799082495,1.7455764706363426,1.2981894391665154,0.04869961320172401,4.869961320172401,0.051000749182224525,-0.026638607764443347,-2.6638607764443347
1037,17.300616666666667,1383.642631246047,1029.1404174573056,13808.5,1342.361216730038,996.9543726235742,-2.4793690889650413,detected,1384.0242070724291,1028.672481558677,48.078831199862634,-21.28358537572649,52.57913099311097,36.470403211209984,-11.199250852491403,38.15119303567406,36.618814015804396,39.86901700291811,219.74833068396381,-12.13991298750451,-20.87966413757045,31.93044245774742,1.7464027849494375,1.2980094404525893,0.04814030666962027,4.814030666962027,0.0503079078901175,-0.026346579353401203,-2.6346579353401203
1038,17.3173,1384.3259911894272,1028.7350534927627,13802.0,1344.4029304029305,995.3443223443224,-2.445060782095659,detected,1384.6884259168328,1028.574980084162,47.338793253131826,-21.26750172802167,51.89670487048445,36.150435198058,-11.332511305223905,37.88508647861343,36.44161697679157,39.2427176839234,219.51978645490226,-11.28020417270892,-20.675238953367316,31.74609065244382,1.7472409159833853,1.2978864102008354,0.04780452552506427,4.780452552506427,0.04951762483775824,-0.026088629594154342,-2.6088629594154344
1039,17.333983333333332,1385.3118279569892,1028.9390681003583,13746.0,1346.586345381526,993.3172690763053,-2.397916022294695,detected,1385.3648834902322,1028.3888716722113,45.94973969349394,-22.231409768614867,51.04521680040077,35.66331112063168,-11.40605529285565,37.44288794191297,36.236872844839056,38.5504009317031,219.02500234017683,-10.723042487928236,-20.523871185703968,31.316777755434586,1.748094490208495,1.2976515730879639,0.047246546298943815,4.724654629894381,0.048644039030540195,-0.025897629256408795,-2.5897629256408794
1040,17.350666666666665,1386.432584269663,1026.9244694132335,13709.0,1345.1690647482014,995.794964028777,-2.495276757031572,detected,1386.0317326957097,1028.2428234010429,42.12380241127266,-19.37073851257901,46.36421292448145,34.936803310042215,-11.644956445062952,36.82642035457682,36.10921163499116,37.80466190145951,218.77321422835809,-9.400986152438618,-19.945277941263026,30.95756973629804,1.748935940310044,1.2974672850486346,0.046468669217131636,4.646866921713164,0.04770304340878172,-0.02516754314354956,-2.516754314354956
1041,17.367350000000002,1387.71961414791,1027.3414790996785,13760.5,1348.1624548736463,992.71119133574,-2.4225082345690176,detected,1386.7140706621387,1028.0424967099846,40.41028464930423,-15.998538271145208,43.461987210102244,34.129406007518206,-11.819176781992851,36.11799128177007,35.91293380526876,37.01924934881711,218.40888259168287,-8.637020920248482,-19.400813993741973,30.465024382236166,1.7497969345894497,1.2972145068895706,0.04557475240601901,4.557475240601901,0.046711986560021596,-0.02448052238957978,-2.448052238957978
1042,17.384033333333335,1389.027149321267,1026.0374919198448,13690.5,1348.434456928839,993.0112359550562,-2.458613252911349,detected,1387.3396727481693,1027.8885952256403,39.18300802814292,-12.170963101534653,41.02975092481589,33.27607968278418,-11.96962625608064,35.36339112366427,35.782531973556225,36.20878431677576,218.0931726434666,-7.363164836721338,-18.803992608785826,29.94961258069936,1.7505863378525797,1.2970203094329846,0.044622575550365015,4.462257555036501,0.04568931774987478,-0.023727435468499466,-2.3727435468499465
1043,17.400716666666668,1387.8280175109444,1026.918699186992,13675.0,1344.6643109540637,997.572438162544,-2.5444961523606624,detected,1387.908231527163,1027.658374028967,38.529496349316105,-10.013195011194512,39.80937280671694,32.42213307499443,-12.491619735019256,34.74529143260955,35.77995430337015,35.388434396239354,218.06830163362096,-6.6912336173336815,-17.822838097557682,29.825856549061868,1.7513037621793857,1.296729809500274,0.04384263903168398,4.384263903168398,0.04465417589430834,-0.022489385612060167,-2.2489385612060167
1044,17.4174,1388.1977186311788,1026.881495564005,13772.0,1348.7474402730377,993.5699658703072,-2.4403628978910525,detected,1388.4562577245076,1027.437246767176,35.815754146824474,-8.90383296500795,36.90591397831162,31.591143328510558,-12.823479977490074,34.094603319815675,35.81252830801588,34.57354677520919,217.69134980894944,-6.068216257253989,-17.158199553724145,29.462487396860546,1.751995277885814,1.29645078456426,0.043021581476108114,4.302158147610811,0.043625926530232416,-0.021650724988926368,-2.165072498892637
1045,17.434083333333334,1388.728313253012,1027.031927710843,13691.5,1347.7490774907749,995.3468634686346,-2.483409361199105,detected,1388.9578227783004,1027.2716793376458,33.65572726402297,-4.261868552605847,33.924497066721415,30.647980945260425,-13.17380241401552,33.35937358621363,35.81867974526402,33.77924734815991,217.74927963966675,-5.2413060671138885,-16.168176372145936,29.179408473506605,1.7526281675435968,1.2962418666721083,0.04209384679648408,4.209384679648408,0.04262365595982324,-0.020401484381256704,-2.0401484381256703
1046,17.450766666666667,1389.7569620253164,1026.9025316455695,13784.5,1348.7007874015749,994.8228346456692,-2.478320685039149,detected,1389.4133532785304,1027.0085765361928,31.501572027403654,-6.605115346194907,32.186590203596275,29.998557989225713,-13.531608466193301,32.90923744353995,35.89724960803314,33.020018620402425,217.5776127093664,-3.8258900390131996,-15.52264093160532,29.018365350648942,1.7532029694366316,1.2959098757554484,0.04152585166377281,4.152585166377281,0.04166563863773177,-0.019586928620322172,-1.9586928620322173
1047,17.46745,1390.901699029126,1027.3853155339807,13621.0,1348.974820143885,994.9856115107914,-2.4836792399628123,detected,1389.8296604811699,1026.7918336601683,30.06274370969095,-7.6810868433649375,31.028497457174375,29.465369623544397,-13.983058385111304,32.61493413842077,35.94163094405316,32.30927564678373,217.61360818467787,-3.0890198997352925,-14.806510114289077,29.06030259802846,1.7537282782096781,1.295636383167405,0.041154491026398454,4.115449102639845,0.04076880207796055,-0.01868329351960767,-1.8683293519607669
1048,17.484133333333332,1391.5236572890026,1026.4699488491049,13796.0,1348.5848375451264,996.1046931407942,-2.5260675315094496,detected,1390.234346902948,1026.5471233458982,28.91167112108451,-7.954099023855633,29.985870310782264,28.905106228578784,-14.092409078415475,32.15744330196091,35.88404744735278,31.658965798316974,217.9029828983207,-2.782297628095847,-14.15029761685278,28.876811407655822,1.754238923536843,1.2953276004364647,0.04057721552297907,4.057721552297907,0.03994822182752931,-0.017855265131675433,-1.7855265131675433
1049,17.500816666666665,1391.3136020151132,1023.6278337531486,14062.0,1350.0845588235295,994.9558823529412,-2.5339397733206326,detected,1390.6830902119011,1026.265025688585,25.19769444756821,-10.317165736540119,27.22806850124054,28.47402577589981,-14.649457047406338,32.02150426932517,35.81921048762302,31.079223113721145,217.8553325355555,-2.460960091351771,-13.492099680839807,29.0403164905738,1.754805161150664,1.294971641247426,0.04040568362059959,4.040568362059959,0.03921668531699829,-0.017024731458472945,-1.7024731458472946
1050,17.517500000000002,1391.983418367347,1026.5497448979593,13986.0,1349.7443609022555,995.533834586466,-2.5082190269156066,detected,1391.0823694043033,1025.9486021651464,21.94277012663997,-12.57628764282208,25.291266708205086,28.112021829684608,-14.758637413762491,31.750640145728937,35.75798472269855,30.578109319325023,217.90239206324614,-1.8881094322386143,-13.115529303184902,28.915152442290047,1.7553089834754618,1.2945723686626454,0.04006389923751286,4.006389923751286,0.0385843650717035,-0.016549563789507764,-1.6549563789507764
1051,17.534183333333335,1391.9749839640797,1025.9255933290572,13840.0,1350.0509803921568,995.5058823529412,-2.513896698782926,detected,1391.4392523709669,1025.6513381576192,18.949785528657685,-16.3127762103054,25.004020462110287,27.883919396284032,-15.010991219625918,31.66769360553672,35.75085780687634,30.161469408222512,217.93737437286458,-1.4803531283195712,-12.762824897606016,28.98194470575084,1.7557593089854473,1.294197272123179,0.03995923483348482,3.995923483348482,0.03805863647725238,-0.0161045109118057,-1.6104510911805698
1052,17.550866666666668,1391.801576872536,1025.6905387647832,13842.5,1350.792156862745,994.886274509804,-2.497355352133763,detected,1391.7872804208969,1025.3889018819182,17.950159226923006,-17.996777287340137,25.418343946882356,27.83586973624031,-15.011941203435438,31.625844220642424,35.75993886590538,29.832919068410277,217.99579004812045,-0.9422681969575162,-12.69481921166142,28.966111023946134,1.7561984610989236,1.2938661222484773,0.03990642803866552,3.9906428038665522,0.037644061915975115,-0.01601869932070842,-1.6018699320708418
1053,17.56755,1392.59350132626,1026.026525198939,13785.5,1351.30078125,994.40625,-2.4880817899347907,detected,1392.197452884025,1025.1072962619285,17.889486638890503,-18.744807126536216,25.911416912513385,28.01839810532586,-15.329581308233477,31.937856776469346,35.855886231391004,29.593965121557844,217.8993829979235,-0.8343585970360113,-12.692452710821051,29.307479244347174,1.7567160288757415,1.2935107839267237,0.040300134733715264,4.030013473371526,0.037342542740136084,-0.016015713199774198,-1.6015713199774197
1054,17.584233333333334,1392.6059268600252,1025.1941992433797,13975.5,1354.3183856502242,991.3094170403588,-2.417122411852886,detected,1392.5774274937642,1024.8199774209281,18.409035844195387,-17.789080957801616,25.599687537860508,27.929856730024436,-15.337979826329565,31.86425147579312,36.02231379776464,29.44424136802718,218.00833908925736,-0.32758697036887163,-12.561762217319615,29.28365844815339,1.7571954921056963,1.2931482364932847,0.04020725738270426,4.020725738270426,0.037153616868173096,-0.015850804059709293,-1.5850804059709294
1055,17.600916666666667,1393.2863549007047,1024.9320948110185,14002.0,1351.2377049180327,994.5532786885246,-2.5159459182832604,detected,1392.947103450541,1024.5502132544948,18.291516946268985,-18.631570759286205,26.109672942301177,27.908097290225026,-15.935787913492568,32.13738058374518,36.10953107277322,29.381825076962013,217.99845906071735,-0.26686867351030186,-12.18162990394943,29.739184986607924,1.757661960189957,1.2928078400687633,0.040551899790214736,4.055189979021474,0.03707485814127699,-0.015371141834636505,-1.5371141834636506
1056,17.6176,1393.7635092180549,1023.8194532739988,13806.5,1351.560669456067,994.2677824267782,-2.530712719312174,detected,1393.3124082630025,1024.292249859911,20.348240860329497,-18.664728775541334,27.612008372708125,27.809226575201297,-15.997820957858831,32.082446261321614,36.15992240688692,29.403588036444624,218.22199205482886,-0.5791208595684312,-11.949458206607712,29.774045856737793,1.7581229126347035,1.2924823342080896,0.04048258203321339,4.048258203321339,0.037102319288889116,-0.015078180702344117,-1.5078180702344117
1057,17.634283333333332,1394.267798824298,1024.0855649902026,13739.5,1354.7224199288255,991.1032028469753,-2.446438452499551,detected,1393.6890298145017,1024.0379763366882,22.533705655520862,-21.662591232100567,31.2575710742011,27.712061793026166,-16.058952472268235,32.02886703158684,36.176947150255415,29.505533314369522,218.60974186668818,-0.5233526154780463,-11.633617142662901,29.841368526007827,1.758598144876343,1.2921614843365152,0.04041497417234933,4.0414974172349325,0.03723095686355776,-0.014679643082224482,-1.467964308222448
1058,17.650966666666665,1394.1409090909092,1023.2863636363636,13742.0,1353.178181818182,992.9927272727272,-2.5048186608910137,detected,1394.060436042767,1023.7536781158162,20.573929127227984,-19.437396077397807,28.303691031415667,27.695124552938054,-16.171167393051192,32.070649804093996,36.19669860262057,29.683075059039858,218.81520084351908,-1.4261396340880224,-11.442998833206488,29.959712224253245,1.7590667962684758,1.2918027484111247,0.04046769691368328,4.046769691368328,0.03745498430162758,-0.01443911524694825,-1.443911524694825
1059,17.667650000000002,1394.2553619302948,1024.1903485254693,13758.5,1352.3493975903614,994.0803212851406,-2.518548870635521,detected,1394.4103846276107,1023.4851911118252,17.68517876347687,-18.811300939818466,25.819190361910042,27.614500429677957,-16.111978517508344,31.971182113417928,36.15606819762495,29.931231932611592,219.00675791626847,-0.7096401515064619,-11.3173741768888,29.901062313396572,1.7595083717698559,1.2914639635480445,0.0403421856320731,4.03421856320731,0.03776811600329539,-0.014280598330459054,-1.4280598330459053
1060,17.684333333333335,1394.567877629063,1023.5933715742513,13782.5,1354.6409395973155,991.486577181208,-2.464333228809574,detected,1394.7804988688501,1023.2065028947326,12.001943058597135,-16.407009314003517,20.3282215604712,27.585020851213393,-15.98508587706052,31.8819125188386,36.04514675746173,30.244721854651157,218.8619530515561,-0.6637414952841878,-11.449571283490227,29.75506113727803,1.7599753928944482,1.2911123064917762,0.0402295426105219,4.02295426105219,0.03816368688284058,-0.014447408559609121,-1.444740855960912
1061,17.701016666666668,1395.423027989822,1022.7868956743002,13683.5,1355.5530546623795,990.257234726688,-2.4572352725862534,detected,1395.1236335458514,1022.9102119123313,9.384586631472757,-15.992369420325304,18.542554999777487,27.67382694706867,-15.907073306843872,31.91983206543557,35.82278259252046,30.61796302709628,218.8787151904429,-0.03288735135117926,-11.558965718523064,29.75341981358811,1.7604083704048599,1.2907384377442668,0.04027739061884615,4.027739061884615,0.038634653661951145,-0.01458544570160639,-1.458544570160639
1062,17.7177,1396.1683233929757,1021.6951623591784,13816.0,1356.488673139159,989.5954692556634,-2.4614053738086104,detected,1395.507400955161,1022.6141809077335,9.56920501309014,-18.404170248787068,20.74326799539765,27.73318459398343,-15.747402701503045,31.892165488835424,35.6032061317013,31.04500064757206,218.9259184651423,-0.4508209647525769,-11.680950626214843,29.67601071632096,1.7608926195017807,1.2903648970444588,0.04024248011209518,4.024248011209518,0.039173502394412696,-0.01473936987534996,-1.473936987534996
1063,17.734383333333334,1395.693638048178,1023.0481778875848,13775.0,1357.9026845637584,988.1644295302012,-2.396176159186932,detected,1395.8953315297051,1022.3182276562878,11.048100373660418,-18.328634799410793,21.40091996799782,27.839860109877705,-15.60683292864338,31.915999827674945,35.328598401403426,31.519388292707028,218.98733494531575,-0.3698872765412157,-11.820490176520298,29.646366674298122,1.7613821218040444,1.2899914544558837,0.04027255498760246,4.027255498760246,0.03977209879205934,-0.01491544501769123,-1.491544501769123
1064,17.751066666666667,1395.1807765754295,1021.5295989815404,13660.0,1358.179054054054,988.3344594594596,-2.410368683335776,detected,1396.274137952249,1022.0737847418582,11.667814986499252,-22.992026240490304,25.783156850986483,28.175869663512866,-15.561509044474281,32.187578272316784,35.04969516445344,32.03405688304746,219.24535896836235,-0.39941699635543765,-11.975756611195468,29.87677105421413,1.761860110980756,1.2896830091379914,0.040615240722166296,4.0615240722166295,0.04042152288081699,-0.015111364809079457,-1.5111364809079457
1065,17.76775,1394.6576517150395,1022.2816622691292,13759.5,1357.9692832764506,988.641638225256,-2.399511810846421,detected,1396.6888175433899,1021.7492642190555,15.840640613952473,-19.597506666733352,25.19897145942784,28.59375981784918,-15.661180078987403,32.60177390859764,34.83485714252238,32.58120272735876,219.1569343160115,-0.3903436635941771,-12.282954353134492,30.199415463649828,1.76238336598535,1.289273519519313,0.04113788505816737,4.113788505816737,0.04111192773168298,-0.015498996029191789,-1.549899602919179
1066,17.784433333333332,1395.3767629281397,1021.2834116856952,13841.0,1359.8527397260275,986.8458904109588,-2.371723229593941,detected,1397.1591427150036,1021.4530414516419,21.826053846628838,-20.408927879298517,29.881448487286384,29.066414451838284,-15.722042296748358,33.04601432951904,34.63702362832588,33.152220470474624,219.30150460930872,-0.24563063796233495,-12.533916432044524,30.576788613935605,1.762976836233443,1.2888997368474977,0.041698440794345794,4.169844079434579,0.04183245485233392,-0.0158156674221382,-1.5815667422138202
1067,17.801116666666665,1396.250677506775,1018.2953929539296,14088.5,1358.2687074829932,988.6972789115646,-2.479621955926941,detected,1397.619132652472,1021.1518490673026,28.488610791023348,-18.136370808750144,33.77171732255996,29.572534775897577,-15.793527805834994,33.525666788676325,34.47710316445245,33.73769835513523,219.68823666041217,-2.0100591767714002,-12.671070646792176,31.038915932895534,1.763557265176621,1.2885196833656816,0.042303680490443314,4.230368049044332,0.04257122820837253,-0.015988732677340287,-1.5988732677340287
1068,17.817800000000002,1396.6180064308685,1020.8514469453376,13976.0,1360.7567567567569,986.3513513513514,-2.375537274431966,detected,1398.1157290209444,1020.8262931386138,34.76057109485055,-21.61512777820326,40.933006873527056,29.827077369175143,-15.710008009474821,33.71140602295495,34.30395592757143,34.32748370140351,219.52612429298944,-2.7906823635594464,-13.00833313209475,31.100517120603783,1.76418388519993,1.288108887241153,0.04253805176398101,4.253805176398101,0.04331543684719686,-0.016414300482138485,-1.6414300482138484
1069,17.834483333333335,1396.9249676584734,1019.4243208279432,14014.0,1358.1758620689654,989.2413793103448,-2.4798303450028127,detected,1398.60996630524,1020.534822203748,40.87791418381266,-14.676547357349136,43.43276309828405,30.10903478298674,-15.727944925966163,33.969430774702865,34.13864437719199,34.91081742897539,219.585343389666,-2.948386110512971,-13.182049687776436,31.307439901504615,1.7648075284608709,1.2877411005725528,0.04286363504694368,4.286363504694368,0.044051504642240245,-0.016633501183314116,-1.6633501183314117
1070,17.851166666666668,1398.6485461441214,1020.5246523388116,13865.5,1362.5140845070423,985.2852112676056,-2.368733718435778,detected,1399.1155686889476,1020.2377716212156,46.282445308804654,-14.327413362018888,48.44935002049719,30.402098558678205,-15.58926555759825,34.165959629387004,34.045498909884905,35.476528983339435,219.63321088577433,-3.8623191608366656,-13.470050114030887,31.398575561996424,1.765445512541259,1.2873662733390734,0.043111620983453634,4.311162098345363,0.04476533625657973,-0.016996908661237712,-1.6996908661237713
1071,17.86785,1399.817444219067,1018.9641649763354,13932.5,1360.9166666666667,987.125,-2.4556898417471578,detected,1399.6401326351445,1019.9382686477334,49.11276029382225,-10.43011795083521,50.2080728981583,30.834043237411876,-15.37079303360291,34.452859109926436,33.956408865944326,36.01327787458039,219.6197648762686,-4.514006200089028,-13.949460056237317,31.50257235509317,1.7661074228834632,1.2869883516059728,0.04347363925542768,4.347363925542768,0.045442621923760744,-0.01760184234225529,-1.760184234225529
1072,17.884533333333334,1400.0897114178167,1020.138017565872,14036.0,1356.7963636363636,991.0545454545454,-2.5500605172188844,detected,1400.2196925243159,1019.695151510344,50.13154053451808,-11.125499568497162,51.35122293590153,31.28362944165134,-15.165978759970951,34.76596586879825,33.8933388822529,36.50982537417863,219.45440477756824,-4.569203381486156,-14.517612042801922,31.589734461769964,1.7668387287373073,1.2866815791928632,0.04386872664832587,4.386872664832587,0.04606918028287525,-0.018318753366311575,-1.8318753366311575
1073,17.901216666666667,1399.985331632653,1018.8073979591836,13968.0,1361.5793103448275,987.1586206896552,-2.4523535571769592,detected,1400.8063173758997,1019.4261173136064,49.53784151174568,-9.41541881003377,50.42467504120548,31.84363102944352,-14.995307042627443,35.19767137811833,33.886276831328914,36.955319492537775,219.2310865184985,-5.131815528077024,-15.182346154010686,31.75488050208672,1.7675789493702205,1.2863421038657494,0.044413465461348056,4.441346546134806,0.046631317971656504,-0.019157534579193294,-1.9157534579193294
1074,17.9179,1401.2616060225846,1020.4297365119196,13915.0,1360.9238754325258,987.7370242214532,-2.4604972211417286,detected,1401.398692452915,1019.1281703638895,48.113557552444036,-14.03872797161739,50.11985937144494,32.335353923548816,-14.697115328549542,35.518731851543485,33.83664720084973,37.33957767298567,218.9427400497904,-5.628402489683034,-15.91183864637529,31.755215370605935,1.7683264258080946,1.2859661455695768,0.04481858908712112,4.481858908712113,0.04711618633815227,-0.02007802983769753,-2.007802983769753
1075,17.934583333333332,1402.7290076335878,1019.3097964376592,13854.5,1362.4625850340135,986.7925170068028,-2.462263025683609,detected,1402.022015390001,1018.8710475358489,43.80984143704654,-17.80373406133549,47.289271016435826,32.75917345502314,-14.307856487014972,35.74742232258585,33.83788646777408,37.6533540847763,218.72475581074306,-6.132725525925714,-16.60669686136126,31.6558971135579,1.7691129531735028,1.2856417003606928,0.04510715750484019,4.510715750484019,0.04751211871896064,-0.02095482253799528,-2.095482253799528
1076,17.951266666666665,1403.9215805471124,1019.2656534954408,13789.5,1363.2764705882353,986.0852941176472,-2.4569654823742173,detected,1402.667586512037,1018.6194850739212,41.197935578532906,-17.86157966231349,44.90329524618564,32.99299106321816,-13.992359589643916,35.83746065478822,33.801738642110294,37.88858140128885,218.51636671882542,-6.9022337800687295,-17.10113960582201,31.494040870705675,1.7699275539584063,1.2853242713866515,0.045220770542319516,4.522077054231952,0.04780893552213105,-0.021578725054664998,-2.1578725054665
1077,17.967950000000002,1404.246539222149,1018.174686882004,13802.5,1364.9883720930234,984.624031007752,-2.434424888006259,detected,1403.287125526097,1018.4115336580522,40.76333681596361,-21.112464248946253,45.90627163073394,33.19825728977778,-13.841765089886792,35.96830198774877,33.740442597305424,38.03858003219797,218.2794132707758,-7.361024479846812,-17.485666936893203,31.431993249775488,1.770709306657536,1.2850618721237252,0.04538587001608677,4.538587001608677,0.0479982082425211,-0.022063933043398366,-2.2063933043398367
1078,17.984633333333335,1404.3799633475871,1018.954184483812,13679.0,1363.7786259541986,986.4427480916032,-2.4663958300630617,detected,1403.932794489607,1018.219657118753,39.20470285515421,-19.3555780464053,43.722387028516906,33.4049462096625,-13.548646116864902,36.04797141130806,33.62869007573496,38.098230590931145,218.07514953097484,-7.905064817519305,-17.941083896606926,31.26617583724295,1.7715240309017124,1.2848197566167232,0.04548639925717106,4.548639925717106,0.04807347708634845,-0.022638591667642812,-2.263859166764281
1079,18.001316666666668,1405.260173448966,1016.250166777852,13805.5,1366.3217054263566,984.3992248062016,-2.4559832164193875,detected,1404.5978685146379,1018.010141267443,34.27510233381963,-19.725366625676998,39.54583073487242,33.393459452356936,-13.28962487215695,35.94074656206879,33.53752974809179,38.06410770954133,217.99148212228647,-7.831924118681392,-18.13710818134046,31.028737812827845,1.7723632410279344,1.2845553833027674,0.04535109976286283,4.535109976286282,0.04803041982276509,-0.02288594092282708,-2.288594092282708
1080,18.018,1405.5634057971015,1017.3574879227052,13606.5,1362.746666666667,988.4044444444444,-2.5470132159158307,detected,1405.2470001838497,1017.8216708526136,33.116786378551296,-14.077165368184524,35.984553975918814,33.529100361556424,-13.094530961352607,35.995379038886995,33.388551059631745,37.934575075693196,217.80285284756516,-9.015598108795976,-18.465917890623626,30.897850873643158,1.7731823346168452,1.2843175657446229,0.0454200366421287,4.54200366421287,0.04786697170434473,-0.023300842764193853,-2.3300842764193854
1081,18.034683333333334,1405.84375,1016.984375,13567.0,1362.208,989.384,-2.577605758829586,detected,1405.9290159552882,1017.6060393935529,32.02397064841762,-10.012275606798084,33.55265054980302,33.513161914420195,-13.001912732027694,35.946929718592216,33.16663600536852,37.709842751402796,217.34078942633997,-9.253952319433797,-18.757997573515283,30.664625926715672,1.7740429223410576,1.2840454755754611,0.04535890185311321,4.535890185311321,0.047583397793568204,-0.02366939756910446,-2.366939756910446
1082,18.051366666666667,1406.679257362356,1016.97695262484,13632.5,1362.58,989.868,-2.590415642367231,detected,1406.6130917690687,1017.4157177938504,33.29692959323711,-5.520803193882784,33.75151534735256,33.49163066852637,-12.861743593117009,35.876367891580976,32.82858263242168,37.39198845777379,217.0028407559712,-8.615160509533327,-19.00570638207878,30.42855399144482,1.7749061094877838,1.2838053221373507,0.04526986484742079,4.526986484742079,0.04718231982053476,-0.023981963889058402,-2.39819638890584
1083,18.06805,1407.312340966921,1017.0089058524172,13690.0,1366.3204633204632,986.1351351351352,-2.496067102677086,detected,1407.2992856265018,1017.1966469653759,36.90618230506334,-7.058285843244903,37.57506741683269,33.25342272902875,-12.726252420197882,35.60544373909808,32.658839242937646,36.984944618719474,216.61096610769044,-8.65382666770827,-19.10297012638102,30.04703240269615,1.7757719692447973,1.283528892069875,0.04492800471810483,4.492800471810483,0.04666869983434634,-0.02410469416578047,-2.4104694165780467
1084,18.08473333333333,1407.6448655256725,1017.1992665036674,13726.5,1368.5613382899628,983.8773234200744,-2.4356010506656216,detected,1407.9617501749208,1017.0313353794534,38.487363475597704,-3.171970693548701,38.61785267701331,32.96987800505303,-12.475662075558581,35.25131203078278,32.54073847318741,36.49445265382826,216.27512420995646,-9.267844715201965,-19.19843855952867,29.564758696252085,1.7766078866560515,1.283320297008774,0.04448115082748616,4.4481150827486164,0.04604978252848992,-0.024225159065651324,-2.4225159065651325
1085,18.101416666666665,1409.0294301815904,1017.1396368190356,13759.5,1369.0223880597016,983.5373134328358,-2.442985471966415,detected,1408.6231060795492,1016.8592847218239,39.25196621386522,-8.328246755077089,40.12575912886719,32.57377568128119,-12.252435712456727,34.801911485180106,32.565917229121574,35.92798546204497,215.95260135599452,-9.046183219703652,-19.17496978873732,29.04296087907226,1.7774424051476962,1.2831031983871595,0.043914083892971745,4.391408389297174,0.04533499742844792,-0.02419554547474741,-2.419554547474741
1086,18.1181,1408.8461538461538,1017.2444168734492,13810.5,1366.9730769230769,986.7384615384616,-2.511971997712484,detected,1409.3002011768826,1016.6888041921474,40.562644805301716,-10.177159658433993,41.81988441297186,32.13413470242425,-12.180264964021196,34.36511992802162,32.680727862169796,35.294638425069486,215.57411397840883,-8.329100852480755,-19.05080122280272,28.60119648610119,1.7782967838194104,1.282888080999555,0.0433629273539705,4.33629273539705,0.04453582135655456,-0.024038865896281035,-2.4038865896281036
1087,18.13478333333333,1409.5068137573005,1017.0408825438028,13756.5,1368.4923076923078,985.7423076923076,-2.4897538820088645,detected,1409.9628285657654,1016.4929298364237,37.035069563630714,-10.30089417273075,38.440926085888776,31.772655175002267,-12.245335444687086,34.05069539704745,32.82291701000551,34.60498872363889,215.22026569742238,-7.6668371591526405,-18.894237601567923,28.327683323526564,1.7791329067075905,1.2826409209292413,0.04296617715715767,4.296617715715767,0.04366560091310901,-0.023841309276426404,-2.3841309276426403
1088,18.151466666666668,1411.0914076782449,1015.6922608165752,13650.0,1367.980079681275,986.9681274900398,-2.5538591120807626,detected,1410.556964708513,1016.3706571733838,35.05754630472393,-12.967457825294787,37.37895818985143,31.388186399222327,-12.196050168327732,33.67435055261931,33.04916891901654,33.87092238245164,215.11903116359858,-6.960511661789524,-18.658132696998244,28.03276599627474,1.7798826053104266,1.2824866336572667,0.04249129407270576,4.249129407270575,0.04273933423653204,-0.02354338510662239,-2.354338510662239
1089,18.16815,1411.5559025608995,1016.2510930668332,13678.0,1371.4008438818566,983.295358649789,-2.454349477993513,detected,1411.1415636767215,1016.1800868371187,33.27205106231986,-13.31435043356123,35.83714984985961,30.63776637921952,-12.192399602183116,32.97464687857853,33.2175583882215,33.105428284439924,214.9030810320856,-5.713023612757653,-18.15031007963614,27.529867067968343,1.7806202696236235,1.2822461663559859,0.041608387228490265,4.160838722849027,0.041773411084466784,-0.022902599469572415,-2.2902599469572413
1090,18.184833333333334,1411.635126777984,1015.6363636363636,13564.0,1370.1019607843136,985.4,-2.5123174129300185,detected,1411.6269792166581,1016.0370060734276,31.700804689996403,-11.633855754874276,33.76814501447361,29.916464431138063,-12.119408678964096,32.278087161219744,33.39743875088319,32.32235847669058,214.93282574041626,-5.276882646143176,-17.586470828073722,27.066417468896972,1.781232781345941,1.282065622805587,0.04072944752204385,4.072944752204385,0.04078531038068212,-0.022191130382427413,-2.219113038242741
1091,18.201516666666667,1412.746666666667,1015.39873015873,13607.5,1364.879069767442,993.0883720930232,-2.705443432175324,detected,1412.102921949987,1015.854242152529,30.878104300580617,-12.180351197609525,33.19364819501832,29.15226877329183,-12.070871505179193,31.552507246252127,33.58090851045987,31.536154552525925,214.9801816714079,-4.2499751520439,-16.965775984504916,26.603066717361536,1.7818333399999837,1.281835005870699,0.03981388926971877,3.9813889269718774,0.039793254955868676,-0.02140791922335005,-2.140791922335005
1092,18.2182,1412.071105365223,1016.087912087912,13541.0,1370.8015564202335,985.852140077821,-2.5092940515417754,detected,1412.5542798220717,1015.6922254109239,29.528809111279315,-10.4553798924876,31.325158199546355,28.47231571012756,-12.194287131490851,30.973753413857033,33.70317321974853,30.761540972032616,214.6856012931257,-3.1811087235546855,-16.472978981776844,26.230027907121233,1.7824028767470939,1.2816305683418598,0.03908360052221708,3.908360052221708,0.03881582457038816,-0.020786093352399806,-2.0786093352399804
1093,18.23488333333333,1412.8828883495146,1014.9842233009708,13709.5,1370.9797570850203,986.3562753036438,-2.542235480114257,detected,1412.9484284814937,1015.5097961146671,28.22474946692273,-5.7557688269494065,28.80564800971916,27.90130946579093,-12.160236098326665,30.436070900707296,33.72332096083023,30.01318819592895,214.73647362129597,-1.7566907704596748,-15.999843138642605,25.89130030360995,1.7829002252132413,1.2814003736462678,0.03840513678322687,3.840513678322687,0.03787153084659805,-0.02018907651563736,-2.018907651563736
1094,18.251566666666665,1413.4343949044587,1012.6770700636944,13839.0,1371.262443438914,986.8190045248869,-2.591554356041654,detected,1413.3343497875362,1015.3101681770812,28.820864177121166,-5.602594560093166,29.36036916867449,27.176042448318142,-12.430142615106442,29.88387070954288,33.76156532648567,29.305351743864502,214.71997858422787,-1.6134437592157658,-15.257436820182122,25.695453883183802,1.783387192160929,1.2811484771950552,0.03770835420762509,3.770835420762509,0.03697836182191105,-0.0192522862084317,-1.92522862084317
1095,18.26825,1414.3384126984126,1015.592380952381,13564.5,1370.7609561752988,987.5737051792828,-2.5701805411894614,detected,1413.738758775851,1015.1062190911512,27.49689398048349,-4.235418461512381,27.82117805050802,26.596101365089385,-12.301105029929081,29.30306797554577,33.703156212759986,28.65149782111289,214.75115418085633,0.4395768540869162,-14.840506219359732,25.26715591301485,1.7838974874143232,1.2808911281907271,0.03697548009532589,3.697548009532589,0.036153309553454756,-0.018726190813072217,-1.8726190813072217
1096,18.28493333333333,1414.2903858731197,1014.5251798561152,13832.0,1373.7423076923078,984.0769230769232,-2.4975046777573606,detected,1414.096757709645,1014.9105235510209,26.835505595602626,-7.771183778661907,27.938068256294272,26.364215507790835,-12.637680746294775,29.23666933811901,33.63027176683562,28.06393162681418,214.84572093477664,0.964796460348885,-14.416166518388904,25.435348963609506,1.7843492210847258,1.2806441937552315,0.036891696325702224,3.6891696325702226,0.035411901106390135,-0.018190746395443415,-1.8190746395443416
1097,18.301616666666668,1415.3692307692309,1014.7102564102564,13894.5,1373.76,984.541818181818,-2.514256958420864,detected,1414.4603276421603,1014.7619438629931,27.67112140747713,-10.622078494572634,29.639829815506726,25.976229257259533,-12.836611992631086,28.974870040693304,33.54273002679507,27.55344989254886,214.75633978956867,0.7986408120848787,-14.02365649098681,25.355081394029675,1.7848079844065117,1.280456711499045,0.03656135020907673,3.656135020907673,0.0347677601167809,-0.017695465603768844,-1.7695465603768845
1098,18.3183,1415.897657213317,1015.539457459926,13885.5,1374.1526717557251,984.206106870229,-2.497714328213791,detected,1414.7616358477892,1014.5498606048787,22.717938342903835,-9.93718448591062,24.79621660776101,25.636802399033737,-13.100238825503217,28.789961697305607,33.50906143702358,27.12904301373556,214.78014161822736,1.829940130761052,-13.583954674513915,25.383815117768947,1.7851881840350654,1.2801890985550521,0.03632802737830361,3.632802737830361,0.034232230932158436,-0.01714063681326677,-1.714063681326677
1099,18.334983333333334,1415.9717405266538,1015.1888246628132,13915.5,1373.6379928315412,985.1146953405018,-2.523917183656882,detected,1415.077216324773,1014.3677714511574,21.563856819702323,-13.331298359453285,25.351990787498018,25.39911707870522,-12.968680484768072,28.518447045619077,33.499713765660786,26.797672422161888,214.84419807196412,2.713946118923424,-13.435662214178542,25.1552142260859,1.7855863928388305,1.2799593330613974,0.03598542213958243,3.5985422139582433,0.033814097693579674,-0.016953516989499737,-1.6953516989499737
1100,18.351666666666667,1415.6856780735109,1014.8631178707224,13901.5,1372.7665369649806,986.0389105058366,-2.5501870588291453,detected,1415.3931839034035,1014.181793781182,18.201565384737478,-14.438315167978999,23.23277700458484,25.429051487473945,-13.079905083268809,28.59581396882981,33.49857794321391,26.56414404434334,215.15904959965323,2.420368537398816,-13.257651820583636,25.336835728719116,1.785985090098932,1.2797246609226272,0.03608304601745087,3.6083046017450866,0.03351942466163198,-0.016728898196320046,-1.6728898196320046
1101,18.36835,1416.6597537265068,1013.5236552171096,13819.5,1374.5687732342008,984.1301115241636,-2.5319859900382253,detected,1415.7476896621536,1013.9851319711191,16.88397572125541,-14.743009030303256,22.414837751443695,25.492731489633023,-13.094433829290164,28.659092032236224,33.42097000196617,26.431088441611994,215.38477368794432,2.682513359287205,-13.20123553345438,25.43758904657529,1.786432415977481,1.279476507219078,0.036162892154241295,3.6162892154241297,0.033351531156608195,-0.016657710452308367,-1.6657710452308367
1102,18.38503333333333,1416.880281690141,1013.6376440460948,13827.5,1374.108870967742,985.1008064516128,-2.553224916541317,detected,1416.0867893910308,1013.7908771429088,12.629692532027548,-16.065562510644668,20.435543355560277,25.603654174692107,-13.410742027664597,28.903202397481806,33.30098545132921,26.39904403115626,215.7673482806091,2.625398169953991,-12.936212649761528,25.846653770071434,1.7868603020707015,1.2792313907166042,0.03647091785171206,3.647091785171206,0.03331109656928235,-0.01632329671894199,-1.632329671894199
1103,18.401716666666665,1416.392996108949,1013.7561608300908,13847.0,1373.7262773722628,985.4890510948906,-2.556473560450776,detected,1416.406107447432,1013.616526643949,11.767226624726845,-17.553602025390774,21.13283148334561,25.727575497043055,-13.56398202515369,29.08418383477079,33.164719367504595,26.466624916044445,216.23686852975902,1.543625076122296,-12.733344273126864,26.148646101792153,1.787263227063006,1.279011390087002,0.03669928559592529,3.6699285595925293,0.033396372133810026,-0.01606731138564904,-1.6067311385649041
1104,18.4184,1417.6776315789473,1013.117105263158,13815.5,1372.7259786476868,986.6085409252668,-2.608771623588336,detected,1416.7497971166888,1013.3458137670432,11.032245527287614,-15.234665078744001,18.809717207758855,25.875832592024356,-14.053150469148004,29.445708523297323,33.10593496324633,26.630743340376306,216.63735670375922,0.872057086578139,-12.377315268490847,26.718005486625827,1.7876969048791027,1.2786697965514742,0.037155468168198515,3.7155468168198515,0.03360346162823509,-0.015618063430272363,-1.5618063430272362
1105,18.43508333333333,1417.1642857142856,1013.0857142857144,13838.5,1376.4189723320158,981.6758893280632,-2.4848605217156696,detected,1417.1004171375405,1013.093650816945,8.981918497427614,-14.124145954719097,16.738170713809804,25.958577335446044,-14.313066358012966,29.643070115108113,33.078195812766985,26.886851867903694,216.75949235530334,-0.1278761435109716,-12.231076006498752,27.002081134099022,1.7881393276183477,1.2783516098636531,0.03740450487710803,3.740450487710803,0.033926626962654506,-0.015433534393058362,-1.5433534393058363
1106,18.451766666666668,1417.5759162303666,1012.6852094240836,13856.5,1377.5799256505577,980.6617100371748,-2.4664446854266524,detected,1417.442222186191,1012.8142759661783,7.0504922273376,-12.890830442112929,14.692955799806018,26.03781936775135,-14.53490811097081,29.819986438997795,33.08568101076842,27.22917320001574,216.76631144271585,-1.2967633426230827,-12.158557756467944,27.228680917456238,1.788570627364279,1.2779990863926542,0.03762774314069123,3.762774314069123,0.03435857817036687,-0.01534202871478605,-1.5342028714786051
1107,18.46845,1417.2031847133758,1013.0108280254776,13741.5,1376.679104477612,981.910447761194,-2.487014047777616,detected,1417.803955708197,1012.5316664568535,10.41269214730346,-17.05950259430483,19.98626494669798,26.14211922072036,-14.719731600286623,30.001348231951734,33.07843542777603,27.650894787729893,216.73105414516155,-2.7377508536985378,-12.148366603622152,27.431698536525793,1.7890270734488292,1.2776424813335692,0.03785659082896118,3.785659082896118,0.0348907189750535,-0.015329169215927007,-1.5329169215927008
1108,18.485133333333334,1417.736040609137,1012.4251269035532,13900.0,1375.4835164835165,983.4432234432236,-2.540378151516724,detected,1418.1733736110655,1012.2553555060784,10.392900355276652,-17.125383738891742,20.032252644148816,26.278299538984147,-14.89572545709967,30.20648379990398,32.9680146621086,28.144317977506457,216.84068208877093,-3.4581241296766914,-12.099318844652807,27.677394152074555,1.7894932159130166,1.2772938239824334,0.03811543697148768,3.811543697148768,0.03551333498738985,-0.015267279299246445,-1.5267279299246446
1109,18.501816666666667,1417.6220820189274,1012.3703470031546,13711.5,1376.902985074627,981.8507462686568,-2.498401595825173,detected,1418.5297233672195,1011.986192978707,12.637556838726141,-17.470293775333175,21.561980601245306,26.464280443360657,-15.00963860461386,30.424453822968722,32.90892959991123,28.70096383265052,216.9818639215145,-3.299687345885516,-12.11112318391786,27.90999974292231,1.78994286860217,1.2769541867239205,0.03839047801005517,3.839047801005517,0.03621572723362842,-0.015282174364565124,-1.5282174364565124
1110,18.5185,1417.395291201983,1011.71375464684,13829.0,1378.8087649402391,979.6533864541832,-2.448310199699509,detected,1418.924601674913,1011.7230242202705,17.134639082973536,-17.04434537415773,24.168276019139967,26.782720997647115,-15.121864202436624,30.75686786710802,32.865463137045126,29.3116472153189,217.0547215717664,-2.821181371357337,-12.26213304784203,28.206825665284672,1.7904411377601428,1.276622112580783,0.03880992790802274,3.8809927908022743,0.0369863056344718,-0.01547272308875966,-1.5472723088759661
1111,18.53518333333333,1418.0669168230145,1011.4546591619762,13764.0,1379.1724137931035,979.2567049808428,-2.4501123041048576,detected,1419.3118893674296,1011.4293553814869,20.53724287030309,-18.603641416626033,27.710536239347995,26.992376788351276,-14.980893728656103,30.870950448497897,32.786998713956706,29.966535793351557,216.98018368379076,-2.72447932219758,-12.551099204351774,28.204352330024044,1.7909298288548008,1.2762515525318447,0.038953880692110913,3.895388069211091,0.037812663461642346,-0.015837349153756182,-1.5837349153756182
1112,18.551866666666665,1419.3172110552764,1010.3976130653266,13769.5,1378.296,980.536,-2.512349991940009,detected,1419.6987869302038,1011.1553800986453,27.088179042174488,-17.934682782733034,32.48726350953804,27.307695932358666,-14.906912582091861,31.111513943623617,32.7588001845551,30.655211307837867,217.07740978689773,-3.0864670136675785,-12.799391955470055,28.35668995906495,1.7914180276721816,1.275905842395767,0.03925743084368911,3.9257430843689107,0.03868165464711403,-0.016150652309741397,-1.6150652309741398
1113,18.56855,1418.342765273312,1011.1414790996783,13914.0,1379.8512396694214,978.4876033057852,-2.4380634729013417,detected,1420.163792688897,1010.8725781277025,29.09599364687574,-17.656520138301403,34.03424084202961,27.639934431957286,-15.141078802567042,31.515365184437304,32.682066637105564,31.36674764084833,216.8830796825608,-3.1533544892102254,-13.020697642713905,28.6998201319358,1.792004785727315,1.2755489944829055,0.03976702231474739,3.976702231474739,0.03957949229129127,-0.01642990238828253,-1.6429902388282531
1114,18.58523333333333,1420.0511326860842,1007.525566343042,14126.5,1379.0284552845528,979.7845528455284,-2.5469943165162188,detected,1420.6148182303532,1010.6204541247386,30.956074359044123,-14.093014573151777,34.01310922985044,28.123777910732247,-15.327919991721732,32.02954909524662,32.581638304986065,32.08981537010329,216.98115670894154,-2.9054184201341755,-13.245666756988022,29.162378630825646,1.7925739031297834,1.2752308569397333,0.04041583482050047,4.041583482050047,0.04049188059319027,-0.01671377508768205,-1.671377508768205
1115,18.601916666666668,1420.0679127725855,1010.7757009345794,13978.0,1378.729537366548,980.6512455516014,-2.5118448236163333,detected,1421.0629390586666,1010.3149414619534,35.88508903644379,-14.941596593551822,38.87146670654373,28.59884821867486,-15.392012739129266,32.47781051112159,32.468538468317526,32.81281699239277,216.9499772363099,-2.9714022071872837,-13.602664719081785,29.49195972017742,1.7931393552790749,1.274845352002465,0.04098146436734586,4.098146436734586,0.041404185479359965,-0.0171642457023114,-1.7164245702311403
1116,18.6186,1420.7602739726028,1009.6164383561644,14070.0,1383.571428571429,975.5714285714286,-2.4002998778832896,detected,1421.5674351712576,1010.0210050838166,35.58809515052417,-17.73580690924564,39.7626880777043,29.086690949433212,-15.53659036327501,32.976070574039746,32.36940319865824,33.52405191344598,216.44633222580606,-4.204343104582009,-14.167916148946665,29.777363592172932,1.7937759434337637,1.2744744543644375,0.04161018368964006,4.161018368964006,0.04230164279299178,-0.017877496717913773,-1.7877496717913772
1117,18.635283333333334,1422.1410579345088,1010.221032745592,13725.5,1381.808429118774,977.7088122605364,-2.463141922692701,detected,1422.0576308468408,1009.7466166854009,37.85840331005511,-18.001342704157196,41.920246186530264,29.3788678745775,-15.509771935175078,33.221542755763565,32.24493413583346,34.21190627813447,216.2624171525473,-3.7471242535112,-14.514875795034914,29.882926291240892,1.7943944868729853,1.2741282229468782,0.041919927767525005,4.1919927767525005,0.04316959782729902,-0.018315300687741218,-1.8315300687741218
1118,18.651966666666667,1421.8338870431894,1009.1940199335548,13790.5,1380.919413919414,979.2930402930403,-2.510482331956477,detected,1422.5864642311258,1009.4359033895548,41.417524727312866,-18.36543123493493,45.30673701540088,29.63896103209465,-15.568557261904587,33.47906788247288,32.155927823217894,34.86506001531794,216.0597000903838,-3.7208463116971076,-14.796170608019441,30.032004955007725,1.7950617845187709,1.2737361556965991,0.04224488060879859,4.224488060879859,0.04399376658084283,-0.018670246823999297,-1.8670246823999297
1119,18.66865,1422.066377171216,1010.339330024814,13977.0,1384.3125,975.78515625,-2.4004166384083883,detected,1423.1241975500195,1009.1418853864251,41.88414016694378,-17.997806481075713,45.58730344793871,29.937286241210312,-15.516215404404294,33.71934234180782,32.08407858996016,35.472702087590044,215.71515602065355,-3.885978470449507,-15.249271112155341,30.07413803439789,1.7957403123659554,1.2733651550617353,0.0425480660464452,4.25480660464452,0.04476050736604422,-0.019241982475905795,-1.9241982475905794
1120,18.68533333333333,1424.1955958549222,1008.3685233160622,14018.0,1383.280442804428,977.3431734317344,-2.492810149576729,detected,1423.6993971018303,1008.8516644718877,43.20459157728874,-17.559849730688256,46.636735047864164,30.247225251519946,-15.329312206868943,33.90991666388827,32.14393596902233,36.02474467919566,215.46155016468066,-4.204612811258844,-15.743117153948681,30.033925990933884,1.7964661162168207,1.2729989457058521,0.04278853837714608,4.278853837714608,0.04545709107784942,-0.01986513205545575,-1.9865132055455752
1121,18.702016666666665,1423.8643282594307,1007.6419589675712,14047.0,1384.0703703703705,976.5444444444444,-2.478257267857365,detected,1424.2530540099635,1008.5533599271043,43.35669214264999,-18.302971123042425,47.061677673914815,30.573556801556478,-15.334900616013911,34.203823651764786,32.24088390967961,36.5120276459305,215.2798849143055,-3.608720466163747,-16.10143505972735,30.17690079213581,1.7971647369210897,1.2726225361856207,0.04315939892967166,4.315939892967166,0.046071959174675714,-0.020317268214167006,-2.031726821416701
1122,18.7187,1425.294470353098,1008.066622251832,13954.5,1386.158273381295,974.636690647482,-2.434668391383909,detected,1424.8602930241138,1008.2786488661081,44.021376512698225,-21.002634585356645,48.77491414240273,30.888024281212278,-15.329784914001147,34.482928377768275,32.33195954915246,36.92650569436197,215.6242934208201,-6.001059041055539,-16.178345861587303,30.452150575766524,1.7979309691156011,1.2722758976228494,0.04351158154923442,4.351158154923442,0.046594959866702805,-0.02041431654458966,-2.041431654458966
1123,18.73538333333333,1425.7126654064273,1008.6212980466288,13758.5,1386.0972762645915,975.3463035019456,-2.442961427919037,detected,1425.4825154980135,1008.0373346756643,45.49783647993581,-19.905868141683186,49.6618234746677,31.218833278963256,-15.144005169932607,34.698075506959306,32.507027797312105,37.26141219601918,215.43821648858957,-5.667914526842376,-16.654401873685934,30.43989720936021,1.7987161078839289,1.2719714002216584,0.043783060576604804,4.37830605766048,0.04701755482147531,-0.021015018137143137,-2.1015018137143135
1124,18.752066666666668,1427.349799732977,1005.3918558077436,13778.5,1384.4022556390978,978.3947368421052,-2.580403875932488,detected,1426.072714938806,1007.8123788885025,42.77281949604776,-20.03747404280739,47.23361571653882,31.668570324781317,-15.033200945779479,35.055605501714055,32.64612869994134,37.51139508460449,215.276919533157,-5.879684972225108,-17.171173637059972,30.562170620192234,1.799460839039503,1.2716875443388045,0.04423420252582216,4.423420252582216,0.047332990643034055,-0.021667096071999965,-2.1667096071999965
1125,18.76875,1427.0260384376938,1007.860508369498,13810.5,1384.9782608695652,978.0434782608696,-2.5247703303951896,detected,1426.6664962684906,1007.6080345691535,38.5236341523605,-14.324147982692011,41.100506125046394,31.943727081806944,-15.026077673408642,35.30134147768716,32.78071599765941,37.67262180873296,215.10385605044456,-6.559404688997348,-17.492614130554102,30.662569380334304,1.800210089928695,1.2714296966172285,0.04454427946711314,4.454427946711314,0.04753643130439491,-0.0220726992183648,-2.20726992183648
1126,18.785433333333334,1427.9720597790774,1006.4658869395712,13612.5,1384.360824742268,979.573883161512,-2.5890347369047277,detected,1427.304317123477,1007.351673337166,37.70846044040081,-13.425164197300546,40.02702864952323,32.20748207882521,-15.09306054279271,35.568558846349866,32.853704291615536,37.7428517276124,214.96283454433413,-7.193948281905121,-17.745799867869387,30.82545969577388,1.8010149111968166,1.2711062124128278,0.04488146226668753,4.488146226668753,0.04762504949856454,-0.022392176489425094,-2.2392176489425095
1127,18.802116666666667,1428.9101910828026,1003.4528662420382,13740.0,1383.4129692832764,981.047781569966,-2.6840036592881287,detected,1427.9578924072284,1007.1151169501356,33.915276602479025,-14.903418724043604,37.04534892111066,32.36403392291327,-15.159727910898125,35.738607165024554,32.92852154570458,37.72147554134694,214.80342996214344,-8.244454535964683,-17.921987488278212,30.920064789161486,1.80183961187032,1.2708077185490672,0.04509603427763351,4.50960342776335,0.047598076392866805,-0.022614495253347904,-2.26144952533479
1128,18.8188,1429.1811824539095,1004.2269548633184,13727.5,1384.3249097472924,980.5054151624548,-2.6551445043997868,detected,1428.6040507468238,1006.8809394952376,33.600519343293854,-14.675022485720547,36.66539492621712,32.27863601868205,-15.126853240811505,35.64732854220085,32.941861245950705,37.60952224357095,214.50227623951602,-8.800472087560326,-18.03250363852233,30.749973084903452,1.8026549536237526,1.2705122264924136,0.04498085620466985,4.498085620466985,0.047456810401982276,-0.022753947808860985,-2.2753947808860984
1129,18.83548333333333,1429.415730337079,1006.2696629213484,13613.5,1384.9586206896552,979.9862068965516,-2.607661988716459,detected,1429.267866479065,1006.6401341017829,32.323841403273036,-12.41302310144647,34.625335602431235,32.3522893406131,-15.17601744061675,35.73488674861936,32.97147241829893,37.40963463275726,214.11658909602798,-10.01612085542919,-18.272489571622884,30.709904848299097,1.8034925759988205,1.2702083711063508,0.04509133974589194,4.509133974589194,0.04720458628739087,-0.023056769175549382,-2.3056769175549383
1130,18.852166666666665,1430.093690248566,1006.455704270236,13641.5,1385.8834586466166,979.7631578947368,-2.59841009989432,detected,1429.92070213732,1006.4034029684632,32.8511057536748,-8.44584277489821,33.919425251873385,32.17784753680689,-15.181390986384514,35.57932692426131,33.057049708347506,37.12601466334569,213.98985615284158,-10.512832249098219,-18.19273213712907,30.57634709657347,1.8043163433909402,1.2699096567425403,0.04489504974670197,4.489504974670197,0.04684670619980529,-0.022956128879658134,-2.2956128879658135
1131,18.86885,1430.4044871794872,1006.2769230769233,13662.0,1385.5274725274726,980.3846153846154,-2.6182855373514653,detected,1430.5721563107568,1006.1691777404203,33.02715954081168,-4.952951442937319,33.39648178072539,31.95522205180634,-15.246662485851497,35.40617083698436,33.27193593548248,36.76433995004108,213.77717425351435,-10.244668214041841,-18.084769638656255,30.439087378803897,1.8051383675845514,1.2696141044043159,0.044676556261179,4.4676556261179,0.0463903343218184,-0.02281989859767351,-2.281989859767351
1132,18.88553333333333,1430.9507575757575,1005.8579545454544,13720.5,1385.9537366548043,980.7153024911032,-2.6320468259334406,detected,1431.176186138138,1005.9418365618568,31.156011495284474,-7.990918909565153,32.16444989912845,31.658860513759365,-15.165747500506097,35.10389360567826,33.41653077959104,36.3316526518328,213.53621914599464,-10.110174243305108,-18.010294085983414,30.131588959349116,1.8059005503320356,1.2693272385638572,0.04429513388729118,4.429513388729118,0.0458443566584641,-0.02272592313688759,-2.272592313688759
1133,18.902216666666668,1431.928571428571,1005.6179554390563,13792.0,1387.4325396825398,978.6190476190476,-2.596209244773898,detected,1431.7861207205733,1005.7153908250384,33.450932209285384,-12.535762101173987,35.722684629342126,31.28230042759041,-15.176341343004655,34.76929186223693,33.60979198852174,35.836221840084754,213.17182702366176,-10.266871574913006,-17.88057088387194,29.819269633380465,1.8066701838745405,1.269041502618345,0.043872923485472476,4.3872923485472475,0.04521920736919212,-0.02256223455378163,-2.256223455378163
1134,18.9189,1432.400500625782,1005.20901126408,13894.5,1389.292490118577,976.6916996047432,-2.55715351869917,detected,1432.364182080413,1005.5070396986586,35.66930859201375,-13.091563215986298,37.99590244842819,30.79763106743517,-15.213544862799443,34.35034245328944,33.73631052036165,35.2873803881737,212.83746538587548,-9.803663261139931,-17.62688307709314,29.482859760286942,1.807399598839638,1.2687785989888436,0.04334428069815703,4.334428069815703,0.04452666295037691,-0.022242123756584405,-2.2242123756584404
1135,18.935583333333334,1432.824126984127,1006.327619047619,13780.0,1389.8135593220338,976.5127118644068,-2.535445329547726,detected,1432.8933717721357,1005.269931139676,34.94418477168301,-14.866548795173912,37.97512768163933,30.23057460754345,-15.230336441005237,33.85041785869804,33.84806419814701,34.695337530756824,212.55686274742723,-8.549023293440083,-17.284077530926204,29.105179145873585,1.8080673460847139,1.26847940837814,0.042713461020439165,4.271346102043917,0.04377960571704331,-0.021809561553219187,-2.1809561553219186
1136,18.952266666666667,1433.854838709677,1005.62841191067,13669.5,1388.450495049505,979.178217821782,-2.614104608537829,detected,1433.4095781204646,1005.0547347405842,33.9606198949582,-14.83443505887908,37.05919814520993,29.66522619438544,-15.365331444856949,33.408368047157914,33.86095162252651,34.07096868267085,212.41471439386348,-7.763564845392775,-16.806608105676737,28.873118632329323,1.8087187105621005,1.268207867180548,0.04215566946013617,4.215566946013618,0.04299175859012095,-0.02120707647404005,-2.120707647404005
1137,18.96895,1433.333981841764,1004.458495460441,13412.5,1391.7023255813954,974.4744186046512,-2.5174227432875016,detected,1433.929256842399,1004.7998636604068,30.64058966937546,-13.834463906318433,33.619014364824345,29.209520235817727,-15.577488566971654,33.1036889554741,33.79021032797353,33.42558501949733,212.14911907324858,-7.290817235456366,-16.44154397896049,28.732035327290788,1.8093744565834688,1.2678862632938888,0.04177121634760139,4.177121634760139,0.04217739434636888,-0.02074642773370409,-2.074642773370409
1138,18.98563333333333,1434.809694793537,1003.7307001795332,13688.5,1390.8423423423424,976.1981981981982,-2.582128498974948,detected,1434.3738375412568,1004.5655085295742,27.905943796586143,-13.306665525794415,30.916161576004065,28.570233913296132,-15.611471995981162,32.557277584923476,33.67744118744423,32.77068676016634,212.0176804234197,-5.99832811734345,-15.947354665759153,28.384118850269953,1.8099354416924376,1.2675905470404722,0.04108173827750597,4.108173827750597,0.04135102430304902,-0.0201228450041125,-2.01228450041125
1139,19.002316666666665,1435.6363115693011,1004.6855670103092,13539.5,1391.267543859649,975.7938596491229,-2.564393843538086,detected,1434.8419034298895,1004.2826933743521,25.63142664709858,-11.821646562745173,28.226253017714907,28.064223525720617,-15.55070508753601,32.084654756146726,33.63216681360463,32.11770599442611,211.69524878713378,-5.449289768795951,-15.708218449989484,27.976364023020203,1.8105260611102707,1.2672336824912962,0.04048536877747221,4.048536877747221,0.0405270738100014,-0.019821095835948876,-1.9821095835948876
1140,19.019,1435.5655172413792,1003.928526645768,13645.5,1393.8495145631068,973.0339805825242,-2.504139777737396,detected,1435.2733429785578,1004.0536671286193,25.3422167645399,-12.676832327641932,28.33601998171364,27.487909595458323,-15.555032412828636,31.583923240981942,33.488065537674984,31.477747088090574,211.5835765263436,-5.246743585482269,-15.269500835024317,27.64754150989615,1.811070464326256,1.2669446903831159,0.039853530903447246,3.9853530903447245,0.039719554685287796,-0.019267508940093776,-1.9267508940093776
1141,19.03568333333333,1435.8870662460567,1003.9003154574132,13637.5,1394.340807174888,972.8071748878924,-2.4991175614003485,detected,1435.7011319337585,1003.7817056157809,22.951341862965364,-10.468799715295518,25.22617412113216,26.872211228545247,-15.624916081812472,31.084622225068706,33.308551807098645,30.861334897150186,211.59703560326713,-3.5117179298941776,-14.701967310922708,27.388061195780097,1.8116102611151528,1.2666015212817425,0.039223498075796476,3.9223498075796477,0.038941747504290455,-0.018551378310312568,-1.8551378310312567
1142,19.052366666666668,1435.8152244632402,1003.9590110605076,13555.0,1393.974358974359,973.7094017094016,-2.5156176216599224,detected,1436.1243705895395,1003.5538251642636,22.737593284198738,-8.973714153564288,24.444338691556364,26.44709624323287,-15.659383322734056,30.735406061204785,33.09709242521204,30.278182844318007,211.50928503771215,-2.008806838270659,-14.363447905170606,27.17271701583398,1.8121443162013118,1.2663139749706798,0.03878284676492717,3.8782846764927172,0.038205908951820834,-0.018124224486019695,-1.8124224486019695
1143,19.06905,1436.456703014753,1003.8248877485568,13629.0,1395.464114832536,972.291866028708,-2.485893018387984,detected,1436.507600236235,1003.2717902067901,23.11664267496144,-11.546162123025624,25.839756739045356,25.885159433260128,-15.661337387637754,30.254238837801157,32.86983489368584,29.736993869245477,211.3670970977322,-0.7798647489636192,-13.950009926153063,26.846157838971052,1.8126278867334198,1.265958094898158,0.03817569569438632,3.817569569438632,0.03752302065519934,-0.01760253618442027,-1.760253618442027
1144,19.085733333333334,1436.5533980582525,1004.0576051779937,13697.5,1394.336170212766,973.9446808510638,-2.522005975708779,detected,1436.8187945881773,1003.0525205589943,25.186907664382034,-17.647658818351374,30.75418962455427,25.501682779418324,-15.533665356469161,29.860183924230128,32.72813921603653,29.24530680780733,211.5174148343787,1.2480462053792065,-13.619364900159523,26.573360414241066,1.8130205609945456,1.265681413954567,0.037678465519533286,3.7678465519533284,0.03690259534108181,-0.01718531848600571,-1.718531848600571
1145,19.102416666666667,1437.6407222914072,1003.3773349937734,13766.0,1396.219512195122,971.5853658536586,-2.4869672126472766,detected,1437.2007574856787,1002.7768294218932,27.076054121971993,-18.3146515016615,32.68851734850127,25.19705041950179,-15.638190481116874,29.65542701372903,32.62940846887689,28.80939842381528,211.65863384915116,2.043032150149918,-13.239666390864972,26.53593008027437,1.8135025331049575,1.2653335387027045,0.03742009717820698,3.7420097178206984,0.0363525532161707,-0.016706203647779146,-1.6706203647779145
1146,19.1191,1437.4090338770388,1002.792973651192,13784.5,1386.652941176471,986.129411764706,-2.824372931294542,detected,1437.5471592480178,1002.4682679051555,26.591242741168116,-21.35155219931903,34.10253614967619,24.753652895455353,-15.749982675261117,29.339483395924177,32.5672032625053,28.434246952197626,211.88046154601523,2.8796647240873496,-12.701275547872555,26.447738757722277,1.8139396331205273,1.264944186631111,0.037021430152585716,3.7021430152585717,0.035879175964918145,-0.016026846117189346,-1.6026846117189346
1147,19.13578333333333,1437.8882391163093,1002.6634178037688,13842.0,1395.4716312056737,972.9468085106384,-2.530471490653589,detected,1437.8976243729974,1002.1702543721048,24.46245922803837,-22.703510630422443,33.37456076758381,24.512099683350694,-15.724442825752357,29.12217596723974,32.486450542654815,28.123556941122416,212.24133750527315,4.020751512058132,-12.343761740288771,26.37674504494175,1.8143818604075679,1.2645681443181134,0.036747225195255195,3.6747225195255195,0.03548713809605353,-0.015575724593424317,-1.5575724593424318
1148,19.152466666666665,1439.5375240538806,1001.9813983322642,13755.5,1395.7677902621722,973.7865168539324,-2.5693311017071534,detected,1438.2247902596957,1001.9320144417197,22.133059269920068,-23.343173104123252,32.16793501633044,24.329795446900217,-15.746759415219339,28.9810175557865,32.40422921456654,27.87983823103194,212.71503671177015,4.70517358933532,-11.959823317763513,26.39814396461777,1.8147946880248529,1.2642675261094256,0.03656910732591357,3.6569107325913572,0.03517960660067122,-0.015091259706957115,-1.5091259706957116
1149,19.16915,1439.6281094527362,1001.064054726368,13820.0,1395.126582278481,974.2616033755274,-2.599497188863847,detected,1438.5542774591368,1001.6647221915878,18.993729800865367,-22.998287789233473,29.8275545927702,24.378551051044532,-15.85287543069394,29.079673498330138,32.335258355599436,27.704525280954034,212.9745303229885,4.12283606211629,-11.823289733383117,26.56759738196063,1.8152104447433903,1.2639302488221928,0.03669359431965948,3.6693594319659484,0.034958391521708564,-0.014918977581555984,-1.4918977581555983
1150,19.18583333333333,1439.533375715194,1001.3795295613476,13711.0,1394.6398104265402,975.2890995260664,-2.615139867569086,detected,1438.8607248659694,1001.4282780031467,14.85311389354547,-21.329107343150554,25.99126415529403,24.40831470610192,-15.986832681060076,29.177810849416407,32.40813616234727,27.598118068583215,213.35058516366706,3.869533737661826,-11.599880521707375,26.772885870716955,1.8155971291684156,1.2636318965339393,0.0368174269393267,3.68174269393267,0.03482412374584633,-0.014637073213510885,-1.4637073213510885
1151,19.202516666666668,1439.5264200792603,1000.7569352708058,13749.0,1394.1409090909092,976.2181818181818,-2.6459379137619385,detected,1439.1873899345906,1001.125496854907,14.627392342171788,-19.155311958774746,24.101588805923246,24.49442435129896,-16.167328648558918,29.348923999561233,32.46782895747706,27.560323570825133,213.60845313370325,3.0086405341142557,-11.451076587371901,27.022808605364553,1.8160093248386002,1.263249838302722,0.03703334258619714,3.7033342586197144,0.03477643352785506,-0.014449307996683787,-1.4449307996683787
1152,19.2192,1439.3293492695884,1000.7749003984064,13773.5,1395.716101694915,973.7966101694916,-2.5876231686062496,detected,1439.5285682425256,1000.8390582437574,11.595117882356135,-18.44461472763851,21.78647679540578,24.6810323277084,-16.45604797650105,29.66403330240666,32.46661480938412,27.59017797609217,213.64303391578346,1.357218903229146,-11.43016165601489,27.37345934082243,1.816439833744512,1.2628884015694102,0.03743095684846267,3.743095684846267,0.03481410470169359,-0.014422916916107118,-1.4422916916107118
1153,19.235883333333334,1440.0303830911494,1000.340819022457,13790.0,1395.6833333333334,974.4333333333334,-2.612872838756142,detected,1439.8695984030135,1000.5318596448373,9.262212670972986,-18.01959901362352,20.260664652822083,24.8482133237249,-16.61105569577552,29.88914312437705,32.39046236958001,27.68613417855936,213.66432269106883,-0.05214555952459741,-11.47320980648259,27.599390091919197,1.8168701557135818,1.2625007692679335,0.037715007097005745,3.7715007097005744,0.03493518508335566,-0.01447723634887393,-1.447723634887393
1154,19.252566666666667,1439.8063694267516,1000.13949044586,13740.5,1394.1782945736434,976.0968992248062,-2.656637476912923,detected,1440.2160260026276,1000.2419986748902,12.379731288509902,-16.87803851578019,20.931457926190202,24.948367758853728,-16.810172359547995,30.08326692014555,32.32827695823966,27.84610595327658,213.83938226959523,-1.687384068663644,-11.361137178640298,27.855475415021026,1.8173072883313914,1.2621350141008079,0.03795995825885874,3.7959958258858744,0.035137042212336385,-0.014335819783773247,-1.4335819783773247
1155,19.26925,1439.9927631578948,999.6092105263158,13706.5,1396.6908212560386,973.0869565217392,-2.59203575375282,detected,1440.584856881251,999.9526747483986,15.50650581391119,-19.89263122846978,25.22238092941966,25.023806189754318,-16.90402982458343,30.198296318381814,32.27676199216199,28.067468214715774,213.80816143690734,-2.365668975672876,-11.386772696433324,27.96924217944693,1.8177726900709792,1.2617699365910393,0.03810510576451964,3.8105105764519642,0.0354163636778748,-0.014368167440294417,-1.4368167440294417
1156,19.28593333333333,1440.812743823147,999.721066319896,13905.0,1396.985130111524,972.8587360594796,-2.591735416665649,detected,1440.9504758556695,999.6787526815793,18.230983945050866,-20.01231092967464,27.07141230801743,25.08711885220724,-17.068287160719702,30.342873280320056,32.25827591648643,28.347020454998788,213.71298065465513,-3.2218540865823044,-11.394717018365506,28.12206221060135,1.818234038934599,1.2614242936045166,0.03828753726223351,3.828753726223351,0.035769110984225604,-0.014378191821281397,-1.4378191821281396
1157,19.302616666666665,1440.6950757575758,999.1540404040404,13911.5,1397.5991379310344,971.7456896551724,-2.575133300651786,detected,1441.3182549793344,999.3461519899827,21.327455239033952,-20.38408001997277,29.502051881753072,25.184105740114475,-17.000100552832464,30.38490744984558,32.28772514038806,28.680926546552506,213.44230875106055,-3.5929159582887458,-11.64594854577939,28.064470121574367,1.8186981135385925,1.2610046081892528,0.03834057722377992,3.8340577223779917,0.036190443591864366,-0.014695203212339926,-1.4695203212339925
1158,19.3193,1441.0339296730413,998.4768661320172,13870.5,1399.118881118881,970.1083916083916,-2.5466013879402896,detected,1441.6977305996372,999.038099111792,22.234019648874437,-16.62356973284659,27.76138866140071,25.4149717296024,-17.04329312412662,30.60056582044507,32.25532327594143,29.064647704228044,213.18067727152663,-3.439160012053336,-11.943562905484985,28.173497007899357,1.81917694712888,1.2606158979328608,0.038612701350719335,3.8612701350719334,0.036674634327101635,-0.015070741836574114,-1.5070741836574113
1159,19.33598333333333,1441.684413085311,998.720974983964,13764.0,1400.5360824742268,968.4089347079038,-2.5066885055994725,detected,1442.0786596716898,998.721956100965,24.5375461318863,-16.63393497850757,29.6442062306223,25.69652693856203,-17.100007182344616,30.866190926975126,32.186090417218615,29.4928861878935,213.19830081676085,-4.016240304260339,-12.13944328392571,28.378788894116546,1.8196576147276844,1.2602169793072115,0.0389478749867194,3.89478749867194,0.037214998344345114,-0.015317909506530865,-1.5317909506530865
1160,19.352666666666668,1442.0084856396866,997.6442558746736,13724.5,1399.7276119402984,970.0298507462686,-2.563028548814453,detected,1442.4745470689606,998.4593234089433,24.04575932135549,-15.002385085842889,28.342020033943868,25.95009606767438,-16.9934405107652,31.01909905710424,32.13278213443869,29.959555454405237,213.16426262918534,-3.9942553058844505,-12.426860886700505,28.421077298671108,1.8201571571848085,1.2598855815885721,0.03914081899950062,3.9140818999500624,0.03780385546297191,-0.01568058156050537,-1.568058156050537
1161,19.36935,1442.4505851755528,995.761378413524,14047.0,1401.4745762711864,967.6372881355932,-2.5400832017805204,detected,1442.9082160821736,998.1937905293179,24.214352260595206,-15.996252921239375,29.02094007644224,26.251106805209872,-16.981094055223096,31.264647188331892,32.0606661070642,30.457788531244837,212.99639450812973,-4.727023466609657,-12.76925983730383,28.538117790392,1.8207043736052664,1.2595505243272151,0.039450658912721634,3.9450658912721632,0.038432540733431976,-0.016112630709531648,-1.6112630709531648
1162,19.386033333333334,1443.178907721281,997.5517890772128,14000.0,1401.771043771044,967.9629629629628,-2.521154809447131,detected,1443.3041634015472,997.8964024959257,25.41929911259922,-12.907239219702205,28.50855295609383,26.500678595458208,-17.087873747994323,31.53222788271026,32.080940233625405,30.979991256133015,213.04620366361394,-4.932117255984495,-12.89541611509492,28.774809095208965,1.8212039916738767,1.2591752712882345,0.03978830016745774,3.978830016745774,0.03909147161657163,-0.016271818441760153,-1.6271818441760153
1163,19.402716666666667,1443.3421213979154,998.405885959534,13870.5,1402.3159722222222,967.7291666666666,-2.49954222686253,detected,1443.7558012268946,997.5591667476413,29.256618478764267,-12.447931235186388,31.79466491170963,26.844666651374894,-17.15714255814128,31.85912221615376,32.134369778676586,31.517941655087913,212.9537852042842,-5.605332823284777,-13.192777323911368,28.99921196973311,1.8217738816743152,1.2587497372209986,0.04020078513079339,4.020078513079339,0.0397702733818144,-0.016647037632695733,-1.6647037632695731
1164,19.4194,1443.8652714192283,993.6716808371484,14062.0,1402.619718309859,967.4542253521126,-2.575376382494296,detected,1444.232085857922,997.2665618279567,29.060701217161295,-12.937689953537756,31.810504185991643,27.262536149553103,-17.077433567958977,32.16962254322767,32.23931646998552,32.06293193127742,212.85168905394127,-6.009958415394147,-13.638712683391837,29.135375935683903,1.822374871745012,1.2583805196567277,0.04059258365076047,4.0592583650760465,0.04045795827290526,-0.017209732092608,-1.7209732092607999
1165,19.43608333333333,1443.8161668839634,997.2588005215124,13845.5,1402.9131944444443,967.4618055555557,-2.5120072371940143,detected,1444.6976114481822,996.9421595511508,29.016133927766077,-10.816147208649454,30.966515279463284,27.66204774074768,-16.969521388950223,32.45232721056293,32.36905458756723,32.60594585803039,212.84349023017748,-5.822994926170292,-14.037059193326806,29.259434556814018,1.8229622857390313,1.2579711792443544,0.04094930878304471,4.094930878304471,0.041143149347672416,-0.017712377531011743,-1.7712377531011743
1166,19.452766666666665,1444.6368352788586,996.355382619974,13791.0,1404.8581314878893,965.3044982698962,-2.478799235040684,detected,1445.1859855254947,996.6285019789792,29.633170108987997,-10.854910277502313,31.55873647408662,27.98492822609654,-16.81854960746291,32.649958939001216,32.58286016189429,33.137862049528756,212.82573843892902,-5.3950069046567215,-14.399287494207726,29.303247915164942,1.8235785306315393,1.2575753968189014,0.04119868635836116,4.119868635836116,0.04181433697101421,-0.01816944794221795,-1.8169447942217951
1167,19.46945,1444.9620493358634,997.0689437065148,13789.5,1405.3505154639174,965.1099656357388,-2.462713099127402,detected,1445.6577197976821,996.359941869438,31.17857249865301,-13.984345544503412,34.171117970617146,28.294833560778436,-16.76747203089557,32.88990307889366,32.8352280029459,33.64967256844609,212.90564940861617,-5.65804412285835,-14.646338322612388,29.448777534536042,1.8241737789245203,1.25723651970907,0.04150145498914027,4.150145498914027,0.04246015466049981,-0.018481184003296392,-1.8481184003296391
1168,19.48613333333333,1446.8992805755397,996.2537606278612,13729.0,1406.0758122743682,964.490974729242,-2.4803785735801034,detected,1446.1437561569596,996.0884533801598,35.04630528882444,-16.28287005903121,38.64421524312247,28.655283938209173,-16.63828864645305,33.135448490432076,33.1438394109796,34.13270635856853,212.89509211437147,-4.862608057605297,-15.024582181714896,29.533368871955197,1.824787074015091,1.2568939474828515,0.04181129147057675,4.181129147057675,0.04306966102027575,-0.018958463320775897,-1.8958463320775898
1169,19.502816666666668,1446.253164556962,996.1379746835444,13873.0,1404.6013289036546,967.1794019933554,-2.534059559655663,detected,1446.6462634821792,995.8580902178016,38.22816026738428,-16.904383486425104,41.79892843704178,28.884641751602043,-16.527202459252745,33.27868612561983,33.33240058443038,34.57884772812438,212.86693477019392,-4.439633519897297,-15.29202477961209,29.55714682419891,1.8254211526589013,1.25660326841363,0.0419920329660818,4.1992032966081805,0.043632615429809944,-0.019295930321277088,-1.9295930321277088
1170,19.5195,1446.5719819238218,996.3357004519044,13600.5,1404.2618181818182,967.661818181818,-2.545985830486934,detected,1447.1731540950132,995.6245776366703,40.19571176309,-17.930525002436298,44.013622561707024,29.242506897703297,-16.498846485849587,33.57582679586396,33.444025757293424,34.98074127349945,213.03691363279177,-4.270877958706108,-15.519735117334465,29.77371268272789,1.8260859988580609,1.2563086153144105,0.04236697387490721,4.236697387490721,0.04413973662271224,-0.019583261977709106,-1.9583261977709105
1171,19.536183333333334,1447.4034391534392,996.3578042328044,13706.5,1404.6698717948718,968.1410256410256,-2.5580138964979344,detected,1447.7059296805237,995.400126710384,40.23408009754121,-19.74524473752126,44.8180308697289,29.419249204657998,-16.60591533868619,33.78237185280784,33.49411958419719,35.33197602991706,212.5505465358699,-6.9342423406446665,-15.863284673819686,29.82624427176075,1.8267582708902508,1.25602539647998,0.04262759855243892,4.262759855243892,0.04458293505352311,-0.020016762995356072,-2.001676299535607
1172,19.552866666666667,1448.2926517571884,994.9661341853036,13627.0,1404.189964157706,968.9605734767024,-2.608811293517543,detected,1448.2443796152118,995.1741275249262,40.30672910552312,-21.394772873708007,45.63297839834232,29.611312954404973,-16.66826103472527,33.98029989281219,33.46987302005494,35.62724312964855,212.48844096290227,-6.893405055200995,-16.02412343828108,29.964783477278512,1.8274377029844944,1.255740224006216,0.04287735002247595,4.2877350022475955,0.04495551183551868,-0.020219714117704835,-2.0219714117704837
1173,19.56955,1449.4394506866415,994.8464419475656,13661.5,1404.3967213114754,969.1508196721312,-2.6231678375877503,detected,1448.8167771999488,994.9422138234643,38.207301226961135,-21.526246198636272,43.85404362715083,30.06093894097498,-16.836254339342446,34.454600711545815,33.44708777131516,35.86246272669803,212.3882376694996,-7.332111331692798,-16.366198672827572,30.319417065530637,1.8281599712302194,1.2554475884207752,0.043475836859994725,4.3475836859994725,0.045252318898041675,-0.02065135479221145,-2.065135479221145
1174,19.58623333333333,1450.243962848297,993.895975232198,13597.5,1404.798657718121,969.1979865771812,-2.643779608542552,detected,1449.4120454690094,994.6682864429963,38.77990234929257,-22.173492119758976,44.671518655690235,30.36975261660818,-17.020032908565753,34.81383911898601,33.414494670362025,36.034877316536104,212.17479494894818,-7.798088920017377,-16.642558683324424,30.578237926256367,1.828911098383608,1.255101938729333,0.043929134534998124,4.392913453499812,0.045469876740108654,-0.021000074048358897,-2.10000740483589
1175,19.602916666666665,1450.6097867001254,994.4498117942284,13571.5,1404.945945945946,970.2364864864865,-2.654037658423995,detected,1450.0235418186387,994.4100453360375,35.80378321495937,-23.72680586117849,42.95197561088267,30.48165878046815,-17.127047400140494,34.96379948826429,33.43888730461666,36.14310977939528,211.8762551646832,-8.190835320119925,-16.840176781731913,30.641078972770643,1.8296827026102698,1.2547760824429495,0.044118358975727814,4.411835897572781,0.04560644767116124,-0.021249434424898316,-2.1249434424898315
1176,19.6196,1451.2604361370716,993.408722741433,13677.0,1405.657894736842,969.0977443609022,-2.6518125053609034,detected,1450.6145900545246,994.1469860765611,32.00819742423846,-18.531832529201893,36.98585566455657,30.578803101991046,-17.338773343933635,35.1524716090155,33.456749658252285,36.18718548533923,211.67998166793322,-9.794203657895027,-16.916518684019657,30.81440662800202,1.830428504800662,1.254444146468847,0.044356431052385493,4.435643105238549,0.04566206370389808,-0.021345764900971176,-2.1345764900971176
1177,19.63628333333333,1451.7770700636945,993.783439490446,13547.0,1405.639344262295,969.1836065573772,-2.651752682015837,detected,1451.2107540857417,993.888173369443,29.563678669940145,-14.51317829285972,32.933925375815875,30.453200551625148,-17.51295648209676,35.129774673079204,33.56146053203277,36.16851863050812,211.4846611482937,-10.606389834215307,-16.823384050065208,30.839500931197456,1.8311807622533018,1.254117568920433,0.044327791385588906,4.432779138558891,0.045638509312944,-0.021228244858126445,-2.1228244858126444
1178,19.652966666666668,1452.0176355323315,992.9699542782496,13503.0,1404.3598615916956,972.0484429065745,-2.727928311927121,detected,1451.8029177032702,993.6173372788646,28.539202133368235,-13.51665057877426,31.57825044675415,30.404169578682197,-17.70255589188254,35.18229686752258,33.62766794119822,36.08986364497558,211.22196448993216,-11.671308806210119,-16.824394042459335,30.898766609341354,1.8319279718653252,1.2537758199102393,0.044394065447978026,4.439406544797802,0.04553926011984301,-0.02122951929647866,-2.122951929647866
1179,19.66965,1452.0847989949748,992.9390703517588,13598.0,1407.3333333333333,967.7424242424242,-2.6287967979562654,detected,1452.3808718901978,993.3391919280448,28.55111915935686,-13.057245883773248,31.395191914067155,30.194894751316337,-17.859537694962274,35.08125932347425,33.698677238193966,35.95523303554827,210.6515265478719,-12.126655393133326,-16.871116391570144,30.758091413853073,1.8326572515964643,1.2534248478587318,0.044266573278831864,4.426657327883186,0.045369379224666585,-0.021288474942044347,-2.1288474942044346
1180,19.686333333333334,1452.5947432762837,992.0825183374084,13663.0,1408.1701030927834,967.1701030927836,-2.630511331479036,detected,1452.9451990535242,993.0617116706885,28.604657588766713,-15.40833592927811,32.49066407262357,29.921403215412752,-18.12860211962973,34.984805061500005,33.72131792188183,35.7697834389901,210.33058027709242,-12.793332464160791,-16.671212278911092,30.75723112282119,1.833369336345141,1.2530747150418784,0.04414486443091484,4.414486443091484,0.04513537342459319,-0.021036230004935135,-2.1036230004935135
1181,19.703016666666667,1453.179706601467,993.5110024449878,13778.0,1409.6153846153843,964.8076923076924,-2.559005817407035,detected,1453.5307886557903,992.7766333310857,30.07893190655841,-14.990642038445912,33.6074618703079,29.594130140142052,-18.274773272281283,34.781890070911196,33.705077741944486,35.53967206793534,209.97996652463934,-13.40039998038428,-16.502588363854766,30.61771471220731,1.834108250669767,1.2527149947395404,0.0438888202787523,4.38888202787523,0.04484501207310453,-0.02082345534871264,-2.082345534871264
1182,19.7197,1453.9993894993895,992.48778998779,13731.0,1411.407894736842,962.6754385964912,-2.530893397973436,detected,1454.0725227198343,992.5032778214783,30.73694760419994,-14.847148467605166,34.13499327145741,29.24261011466424,-18.599294359696405,34.656370222469896,33.72685854713667,35.27188629624174,209.65043829338737,-13.894127162934877,-16.212372931259154,30.63042541223797,1.8347918267758163,1.2523700666517077,0.0437304356119494,4.37304356119494,0.04450711204573091,-0.02045725291010619,-2.045725291010619
1183,19.736383333333333,1454.7727272727273,992.27457002457,13676.0,1408.4752475247524,967.8267326732672,-2.6557500153326234,detected,1454.6212376601138,992.1590917112355,31.760871182041228,-13.734946160372601,34.603492371010056,28.736624832142226,-18.73477522190824,34.304305988588666,33.82825073786567,34.97405001009805,209.25754957900097,-13.563043880700578,-15.914377168094177,30.38943909831774,1.8354842115585033,1.2519357624116538,0.043286190521878445,4.328619052187845,0.04413129338813634,-0.020081233019677198,-2.0081233019677196
1184,19.753066666666665,1455.0729746444033,991.682745825603,13657.5,1410.288990825688,965.422018348624,-2.611243156193813,detected,1455.154817156819,991.8470016815513,33.03698764105866,-12.613514983139794,35.36302182542316,28.268735911387026,-18.893250876179422,34.00112290348654,33.89795796725551,34.65421163089661,208.8360235204531,-12.20479126119686,-15.651214190196495,30.184695676295775,1.836157497989677,1.2515419579577935,0.04290362511480952,4.290362511480952,0.04372771183709352,-0.019749166170594946,-1.9749166170594947
1185,19.76975,1455.2495412844037,991.1590214067278,13552.5,1410.7163461538462,965.6971153846154,-2.622203390175017,detected,1455.6579168213082,991.5279363879814,31.581635907389682,-11.24990142956176,33.52551280386,27.821445504633186,-19.30343273144047,33.862299762191604,34.069655395916335,34.320620367260176,208.51213761026597,-12.113111699815214,-15.232754075920163,30.242661067555865,1.8367923240647424,1.251139351909125,0.0427284539586014,4.27284539586014,0.04330677648865638,-0.019221140789804622,-1.9221140789804623
1186,19.78643333333333,1456.3331257783314,990.9632627646326,13424.0,1410.3740458015268,966.973282442748,-2.6605116190641227,detected,1456.134443458917,991.1861998682623,31.111008966940062,-15.169923479225872,34.61244656632341,27.415337186913217,-19.578157637109747,33.68835065027176,34.2864041394527,33.981499116627774,208.1929821511246,-11.54774895927808,-14.9132580141739,30.207610050090743,1.8373936195065201,1.2507081386350314,0.04250895981106847,4.250895981106847,0.042878863238647036,-0.018817991185077477,-1.8817991185077476
1187,19.803116666666668,1456.3974201474202,991.4146191646192,13357.5,1410.7695652173911,967.2608695652174,-2.6547306312941785,detected,1456.5758738260556,990.8484978677982,30.922113372985223,-12.97559620281936,33.53420928351184,27.198231645697582,-19.86197369659642,33.6785065550317,34.54486919064844,33.644824220595844,207.8433604749311,-10.295042743430926,-14.772778826435678,30.26560439711269,1.8379506294335088,1.2502820162369694,0.04249653823978764,4.249653823978764,0.042454036871414316,-0.018640730380360477,-1.8640730380360477
1188,19.8198,1456.939156626506,990.921686746988,13675.5,1411.632034632035,966.3290043290044,-2.6442944734385905,detected,1457.006248213054,990.5339479543625,29.930676824236343,-14.751975454580588,33.368640891852735,26.891226403825172,-19.939882344231094,33.477409777394115,34.765917628199766,33.31812358810476,207.70885503996215,-9.4719612097216,-14.535764157577624,30.157064276199776,1.8384936885969139,1.2498851078288487,0.04224278836264242,4.224278836264242,0.04204179632568424,-0.01834165824300016,-1.8341658243000158
1189,19.836483333333334,1457.775458570525,991.3289057558508,13410.0,1412.0607287449393,966.2631578947368,-2.640049482003961,detected,1457.4486497701425,990.1706520771511,30.444433235869838,-16.635917790514668,34.693187743216946,26.455115067536042,-20.106675845797806,33.22877558389056,34.9926292758292,33.00830509743762,207.40824495103607,-8.968170350168089,-14.229849390216277,30.027702428529608,1.83905192400018,1.2494266903181719,0.04192905436453068,4.192905436453068,0.04165085816711372,-0.01795564591825398,-1.795564591825398
1190,19.853166666666667,1457.8438871473354,991.1266457680252,13502.0,1413.0823045267489,965.5390946502056,-2.6222864952311773,detected,1457.8287975456765,989.8446575369633,28.91253324502759,-20.94622741575904,35.702647263158525,26.104401572322555,-20.340840634752297,33.09364862292259,35.17169288253923,32.721526273252756,207.2388507810752,-7.822486618702793,-13.89956456412885,30.033176390536518,1.8395316057358695,1.2490153407406477,0.04175854715826195,4.175854715826195,0.04128899214290569,-0.017538882730761957,-1.7538882730761958
1191,19.86985,1458.7451984635084,989.852752880922,13526.0,1412.0823045267489,967.358024691358,-2.692392581000956,detected,1458.1945076588233,989.4494171977015,26.77480370180274,-25.2608927749352,36.81036290308536,25.866941556083948,-20.444794337113347,32.97102183664808,35.34619815569256,32.46311375490693,206.9453635830203,-5.089038289422697,-13.794434244126272,29.946650310797718,1.8399930696010391,1.2485166147605067,0.04160381304308906,4.160381304308905,0.04096291956455133,-0.017406226175553655,-1.7406226175553656
1192,19.886533333333333,1459.376738305942,989.936788874842,13560.0,1414.4439655172414,963.2025862068964,-2.604870837362121,detected,1458.5348611370587,989.086216021364,27.978660394135204,-29.917498530390276,40.961715732696725,25.660480163348854,-20.403472113488363,32.78356168111569,35.4704671729213,32.23753702966125,206.9853748144079,-3.2201425827543155,-13.608286436681595,29.825768334726014,1.840422537712377,1.2480583167462007,0.0413672702600829,4.136727026008289,0.04067828016361041,-0.017171339352279616,-1.7171339352279615
1193,19.903216666666665,1459.3379658875554,988.9924194567276,13670.0,1414.8583690987125,963.2231759656652,-2.616495562188048,detected,1458.9309026828785,988.6907245178122,26.20192161992054,-30.215133843280455,39.993687123642545,25.594220657988938,-20.34425581928958,32.69484479135091,35.58886281315953,32.048435632808825,207.00392089916843,-1.1119245620900176,-13.566483066448665,29.747326151072592,1.840922274678711,1.2475592738395107,0.04125532465785604,4.1255324657856045,0.0404396664136389,-0.0171185906201245,-1.71185906201245
1194,19.9199,1460.030131826742,988.509730069052,13866.0,1413.4939759036145,965.7751004016064,-2.6871575010432016,detected,1459.2610146483103,988.3359743914908,22.574946180322968,-30.76387945082797,38.158150818790396,25.49928241778208,-20.426180052692565,32.67173450196402,35.657419532188555,31.898693172541552,207.29290353695424,-0.9733688308180545,-13.294339955211683,29.844643749290896,1.841338819745502,1.247111639610714,0.04122616340941832,4.122616340941832,0.04025071693696095,-0.016775192372506856,-1.6775192372506857
1195,19.93658333333333,1459.9704918032787,987.5763934426228,13859.5,1414.292372881356,964.8983050847456,-2.680768241441644,detected,1459.6099535838805,987.9881517740927,21.64390866423446,-29.461249799549023,36.55713366796077,25.226131082492266,-20.387291731921692,32.43453951505347,35.624227162970456,31.790545987158882,207.45179563026625,-0.2663015434638536,-12.987057446756294,29.720963854293434,1.8417791212414898,1.246672746718098,0.0409268637413924,4.09268637413924,0.04011425361155695,-0.016387454191490593,-1.6387454191490594
1196,19.953266666666668,1460.5157556270096,987.381993569132,13755.0,1414.796875,963.453125,-2.659407521994991,detected,1459.9441727144726,987.6834728614149,17.688072657812427,-26.890547114016044,32.18647912461331,25.090115715218978,-20.450052213026392,32.36848068906825,35.6579827262928,31.725709875878657,207.71261241086796,-0.13266538436152328,-12.702031053579459,29.77208338750392,1.8422008488510697,1.2462882938314384,0.04084350875592208,4.084350875592208,0.04003244148375856,-0.016027799436693326,-1.6027799436693326
1197,19.96995,1461.495170637476,986.73599484868,13763.5,1415.022304832714,963.6951672862454,-2.681317928474573,detected,1460.2786458455894,987.3313202478463,16.662131209710424,-26.20241242327711,31.051457828081322,25.059938326302696,-20.61634488676233,32.45048821524918,35.655103167243375,31.705505889253246,207.64684789260056,0.8574053581335728,-12.632300219180351,29.890787486791346,1.8426228969660434,1.2458439372212573,0.0409469882842261,4.09469882842261,0.040006947494325866,-0.01593981100212032,-1.5939811002120319
1198,19.986633333333334,1461.356448476993,986.9488010369412,13702.0,1415.6176470588234,962.9159663865546,-2.6578035468145957,detected,1460.6173426229288,986.9823147221078,16.018145084641674,-23.246069411558437,28.230492646066647,25.224585756810864,-20.764204093920544,32.67157630504981,35.68871269570129,31.73096606736085,207.75923678066974,0.8283387640427339,-12.650475588051387,30.123037125310056,1.843050274603065,1.2454035516998208,0.04122596379186096,4.1225963791860964,0.040039073902032624,-0.01596274522151595,-1.5962745221515948
1199,20.003316666666667,1461.0190718372537,986.5549904640814,13931.0,1416.3385826771653,961.775590551181,-2.635231469984362,detected,1460.9823451264097,986.5872928687556,14.52433736726016,-22.98150521880234,27.18650323377078,25.396257267493727,-20.902636188736825,32.89209757427182,35.621732419733235,31.802902390993097,207.75065618341353,1.059816601716769,-12.742455515121213,30.32358669881542,1.843510845585375,1.2449051014116792,0.041504224068481796,4.15042240684818,0.040129845288319366,-0.01607880822097314,-1.607880822097314
1200,20.02,1461.820991629105,985.8725048293624,13847.5,1413.506787330317,965.8054298642534,-2.747928007975132,detected,1461.357821950304,986.23259128329,12.793426914812244,-21.451595993607043,24.97684413406906,25.518880516364458,-20.996532110098542,33.04644645735581,35.59650667147959,31.921926849239114,207.6962056073362,1.380215946284507,-12.836199880569069,30.451594311053128,1.8439846333757781,1.2444575284331736,0.04169898606606412,4.169898606606412,0.04028003387916608,-0.016197097641096617,-1.6197097641096618
1201,20.036683333333333,1461.43778207608,985.4893617021276,13880.5,1414.654008438819,964.4430379746836,-2.718852040983347,detected,1461.7072898712058,985.8538927272035,11.982471305761464,-24.10315203624168,26.917309610649767,25.871323481740035,-21.21512184087221,33.457536870186466,35.630607096207,32.08841690983774,207.7962895586455,0.9692815621457027,-12.992827825465394,30.831691463779578,1.8444256023611432,1.2439796753655565,0.04221771213903655,4.221771213903655,0.04049011597455866,-0.016394735426454757,-1.6394735426454758
1202,20.053366666666665,1462.150356448477,985.199611147116,13812.0,1414.7333333333331,964.3916666666668,-2.7280676280308995,detected,1462.088308424406,985.4688109030008,9.970816355522402,-21.285200175281716,23.504827701928935,26.146017289621557,-21.21218157832845,33.66854418327538,35.74911606074868,32.30242803978553,207.9042277547127,0.43780082867190895,-13.17885318169397,30.982070560834387,1.844906382869913,1.2434937677009474,0.042483967423691336,4.248396742369134,0.04076016156439815,-0.016629467737153274,-1.6629467737153274
1203,20.07005,1462.2137305699482,985.0006476683938,13693.0,1417.9852398523983,959.2767527675276,-2.61480222874011,detected,1462.467863929635,985.0697693336394,11.329969650429575,-21.622314506053044,24.41091347898163,26.413380923295165,-21.29429981970547,33.92806945009694,35.88182447252489,32.56356232158548,207.85029496552417,-0.786960450590818,-13.406043542391343,31.16716049225705,1.8453853172613692,1.242990245215949,0.0428114441010687,4.28114441010687,0.04108966854458736,-0.01691614327115627,-1.691614327115627
1204,20.08673333333333,1462.5157430730478,984.1586901763224,13775.0,1416.0202429149797,962.4898785425102,-2.705479354655281,detected,1462.8539007123518,984.6719153786865,13.258189408465114,-22.750445231868525,26.33177443012502,26.56898269104944,-21.303034458534924,34.0548105027588,36.03046524292395,32.87080863107977,207.8914728802816,-0.9084138033885093,-13.517080829472476,31.25729745560737,1.8458724299209488,1.2424882212980273,0.04297136971956946,4.297136971956946,0.0414773610486811,-0.01705625341258357,-1.7056253412583569
1205,20.103416666666668,1462.2336747759282,984.235595390525,13799.5,1416.138211382114,962.6382113821138,-2.7034315578227504,detected,1463.2334016253008,984.244108937852,14.74097535498413,-21.751162875912996,26.27564349108781,26.804126130606203,-21.330778186851425,34.25585024024514,36.11282408208207,33.222374336052546,208.06675574874282,-1.785536556150973,-13.61583057548161,31.433619476953062,1.846351295426247,1.2419484024452392,0.04322504762176043,4.322504762176043,0.04192097708019249,-0.017180858770323798,-1.71808587703238
1206,20.1201,1463.08360548661,982.9660352710648,13643.5,1416.87890625,961.79296875,-2.7119034806860918,detected,1463.6254551020807,983.8793450701273,20.88668338508296,-22.321049543849767,30.569311336170077,27.05671254897665,-21.121771261098363,34.324843993296035,36.11418005668442,33.61553033053137,208.26366858370938,-1.5569362867915042,-13.82916354381387,31.415746861129378,1.8468460001288085,1.2414881325806024,0.043312105985231594,4.3312105985231595,0.042417072972279334,-0.017450048635727283,-1.7450048635727282
1207,20.136783333333334,1462.611214953271,984.2847352024922,13754.5,1417.904,960.304,-2.64925455771865,detected,1464.0266419259306,983.5026688416119,23.977356274255726,-22.27809452082556,32.72960600712187,27.427471739107265,-21.028172594463935,34.56081956004648,36.16106466836559,34.04649014011324,208.54489518127005,-1.1304291231828067,-14.045215386559763,31.57819142077704,1.847352229559534,1.2410128313458826,0.043609866952740044,4.360986695274004,0.04296087083925961,-0.017722669257488662,-1.7722669257488661
1208,20.153466666666667,1463.0922077922078,983.2824675324676,13728.5,1420.7472527472528,956.2234432234432,-2.5729791775794744,detected,1464.4590192998444,983.1352251914383,25.68642413854741,-20.812544037632506,33.05986047072406,27.809083102484173,-20.92235581175558,34.80071947122032,36.18930483808618,34.510340028759764,208.5901435777513,-1.661926924566601,-14.405990003233008,31.678976115735242,1.8478978161512234,1.240549180052288,0.0439125797744105,4.39125797744105,0.04354617038329308,-0.018177905366855533,-1.8177905366855533
1209,20.17015,1463.7869481765836,982.0460652591172,13834.5,1419.023166023166,959.084942084942,-2.667646913565376,detected,1464.9139356328906,982.7865355607178,29.735364822015526,-21.60445249703207,36.75519403832435,28.095856110322803,-20.97716915414092,35.06306826695867,36.2113487103368,35.001031197214246,208.75649521048356,-2.0832324782389153,-14.53898907156059,31.906685084327492,1.8484718430698936,1.2401091931365524,0.04424361926430117,4.424361926430117,0.04416533905011261,-0.018345727535092227,-1.8345727535092227
1210,20.186833333333333,1464.514411027569,982.3189223057644,13934.5,1420.1561338289962,957.9702602230484,-2.639587370463321,detected,1465.3741243578756,982.4156140229936,34.48241636348439,-19.555604634944757,39.64162850972408,28.31925079040396,-20.983783085313142,35.24626388571233,36.2922576099202,35.51143830278556,208.92175563307183,-2.7471976569499,-14.6392335559945,32.06231368436024,1.8490525228490546,1.239641153341317,0.04447478092834364,4.447478092834364,0.04480938587102279,-0.018472218998100316,-1.8472218998100316
1211,20.203516666666665,1465.9626229508197,981.7147540983608,13985.5,1422.9473684210527,954.7543859649122,-2.5817265981158823,detected,1465.8637201557265,982.0339715935498,37.584439999769074,-16.812312004142314,41.173340464685026,28.63770346490514,-20.888131983017797,35.44618621916624,36.3876108956661,36.03348175719892,208.9390708017228,-3.443918907027851,-14.954516033264186,32.137121334908876,1.8496703093447653,1.239159585607003,0.04472704885699211,4.472704885699211,0.04546811578195448,-0.01887005177698951,-1.887005177698951
1212,20.2202,1466.129500947568,981.5679090334808,14033.5,1421.0743801652893,957.896694214876,-2.657845101336473,detected,1466.3486595242375,981.7059427126225,39.63717248176772,-15.680360429955726,42.626038351724944,28.918029968731577,-20.796857489862788,35.61968190096761,36.49815832776099,36.55830554169099,208.97596431694473,-4.256650733814119,-15.223272749101124,32.20269717791655,1.850282220219858,1.2387456690380094,0.044945970852955985,4.494597085295599,0.046130353995824595,-0.019209176970474605,-1.9209176970474604
1213,20.23688333333333,1465.7056603773583,981.6534591194968,13851.5,1421.8230452674898,956.633744855967,-2.623410206797415,detected,1466.8427454582834,981.3596753084275,40.785256460073015,-13.365462917360674,42.91937491983394,29.23355573331861,-20.632342952414735,35.781201160932305,36.66123849919596,37.076498269731765,208.93945852687273,-4.616712059756609,-15.599520165341916,32.20169758149707,1.8509056725025659,1.2383087385595302,0.045149780644709536,4.514978064470954,0.04678422494603378,-0.019683937117150684,-1.9683937117150683
1214,20.253566666666668,1467.1994835377664,980.354422207876,13775.0,1423.3687943262412,954.8794326241136,-2.615101279581709,detected,1467.3458913673778,981.0290500603918,37.846594647071925,-12.122421624236267,39.74063200825478,29.689907358080482,-20.263952146140674,35.946047842739,36.803313929754516,37.57834317298779,208.89354212075298,-4.8927415973553545,-16.20286630093821,32.08715442581971,1.8515405569304453,1.2378915458175292,0.04535778907601136,4.535778907601136,0.04741746772616757,-0.020445257162067146,-2.0445257162067145
1215,20.27025,1468.0904490828589,981.4781783681216,13802.5,1427.8255319148936,949.1574468085106,-2.465206290087578,detected,1467.859767953318,980.7603499823086,36.37939752222928,-16.891151936195456,40.10949485859952,30.05222668252339,-20.094419003022736,36.151376234478434,36.8913446091875,38.054082438040375,209.0546522353103,-5.958003757557025,-16.51163305416962,32.16034790749728,1.8521889816445654,1.2375524920912413,0.04561687852931033,4.561687852931033,0.04801776963790584,-0.0208348682071541,-2.08348682071541
1216,20.286933333333334,1468.9400921658987,981.1046741277156,13688.0,1425.212927756654,953.8479087452472,-2.58419000013062,detected,1468.3877081163864,980.4612371285918,35.58447299242289,-18.831808809330596,40.260299814825714,30.557832832996347,-20.022577354691315,36.53333753401059,36.96181895240359,38.494182454890414,208.98677862015225,-7.293986650082648,-17.0268038657462,32.32294388652366,1.852855152197333,1.2371750626228288,0.04609884862335722,4.609884862335722,0.04857310088945163,-0.021484926013559873,-2.1484926013559873
1217,20.303616666666667,1468.8763339610798,981.4105461393596,13881.0,1426.55078125,952.50390625,-2.542395025889943,detected,1468.9514176793168,980.1610153508643,38.70311351770442,-21.851327349541407,44.44560161479571,31.032415735210662,-19.78161247067939,36.80112794878832,36.88758928985413,38.88958851584487,209.13687299851665,-8.369412300991899,-17.473924985960917,32.38803735776682,1.8535664576395166,1.2367962338812168,0.04643675450951208,4.643675450951208,0.04907203598213864,-0.02204911670152797,-2.2049116701527973
1218,20.3203,1470.2697121401752,979.9511889862328,13776.5,1422.704980842912,958.8045977011494,-2.723250516258032,detected,1469.5179623145136,979.8806044519702,39.215944285351725,-22.39136962596558,45.15820766946386,31.42437679903978,-19.78931484115904,37.13634929675435,36.772372264633525,39.23195983345764,209.0776053972828,-8.686619947507857,-17.84623416277671,32.567166982988994,1.8542813404599543,1.2364424030939687,0.04685974674669319,4.6859746746693185,0.04950405026303803,-0.022518907460916986,-2.2518907460916986
1219,20.336983333333333,1469.724248240563,979.8937939859244,13734.0,1424.7351778656127,955.8695652173913,-2.6511153124032982,detected,1470.1157948334362,979.5844995489429,35.31964874963114,-23.43494904604586,42.38719647002012,31.80410557969549,-19.755098850775575,37.44015307565304,36.62676343983963,39.513878079991294,208.67363008548458,-8.523950535131961,-18.42498901698321,32.59271148665573,1.8550357032598566,1.2360687691469312,0.04724309536360006,4.724309536360006,0.04985978306623508,-0.023249197497770616,-2.3249197497770617
1220,20.353666666666665,1470.7570444583594,976.844082654978,13820.5,1425.2699619771863,955.958174904943,-2.7111463615896696,detected,1470.7281856069787,979.2585640960738,37.28213758869151,-27.74335903907422,46.47205347252374,32.010861094128884,-19.74815300427986,37.61229553042545,36.4384591994156,39.72902478591944,208.3809476619327,-8.804835941837073,-18.77644679642416,32.590333241148585,1.855808436097134,1.235657494127538,0.04746030981757155,4.746030981757155,0.0501312615595198,-0.02369267734564563,-2.3692677345645627
1221,20.37035,1471.524854744997,978.4932214331828,13668.5,1428.8206278026903,950.5874439461884,-2.5627844542589804,detected,1471.3362434099145,978.9644899604202,37.75827943382228,-25.37367692273756,45.49188000492034,32.308600900865514,-19.863266728604717,37.92617904961035,36.341325552280836,39.87232476173249,208.11715503565128,-8.878841186091154,-19.134646729930026,32.74538672582569,1.8565757014636146,1.235286422662991,0.04785637734966606,4.785637734966606,0.05031208171827444,-0.02414466464344483,-2.414466464344483
1222,20.38703333333333,1472.6254980079682,978.0571049136786,13639.0,1427.1031746031747,954.6746031746032,-2.6670854606637797,detected,1471.9795622044226,978.6376987150026,39.16700790756249,-23.15768446677157,45.500910521588644,32.64829260880395,-19.927023563391717,38.249147420119726,36.24905323641514,39.94005417579327,208.0002271760269,-10.14471480699639,-19.47142994118557,32.92203964537364,1.857387460194855,1.2348740677791832,0.04826390841655486,4.826390841655486,0.05039754470131644,-0.024569627686038573,-2.4569627686038573
1223,20.403716666666668,1472.8014003819223,978.4118395926162,13635.0,1428.4166666666667,952.6958333333332,-2.6164665208431104,detected,1472.6427895865666,978.3271350554378,37.22796052338572,-18.08779795511964,41.38948513325571,32.75342709003303,-19.908696327643067,38.32940353838575,36.11862014432374,39.92991304699953,207.74361366291814,-10.438315041129167,-19.720263557315874,32.86722350364292,1.858224340172324,1.2344821893444011,0.04836517796641735,4.836517796641735,0.05038474832428963,-0.02488361332153423,-2.488361332153423
1224,20.4204,1473.0260926288324,977.4931506849316,13339.5,1429.8796680497926,951.1867219917012,-2.5940704059005397,detected,1473.2838425190178,978.019162487906,38.89485677667835,-15.080039546023727,41.71591394645407,32.73186668897103,-19.915743698484587,38.314643989058546,35.97580568003267,39.8410627631758,207.60164827880715,-10.937633683245682,-19.779268326428102,32.81451642915766,1.8590332397716314,1.23409358042638,0.048346553929411416,4.8346553929411415,0.05027263440148366,-0.02495806728886827,-2.495806728886827
1225,20.437083333333334,1474.8479604449938,977.021631644005,13642.5,1428.613545816733,954.0717131474104,-2.680843851796855,detected,1473.9405378045335,977.7025455994038,36.73798049474908,-12.0277660726465,38.656776476199745,32.72848532819186,-19.989665256181958,38.35023427479783,35.86032501249661,39.6741298842335,207.00816794638092,-11.229937936657691,-20.081518369031933,32.67220667365629,1.8598618773558784,1.2336940638478282,0.04839146280731588,4.839146280731588,0.050061993544774135,-0.025339455355245344,-2.533945535524534
1226,20.453766666666667,1474.7629582806574,977.457648546144,13580.5,1428.37786259542,955.3282442748092,-2.696448542877901,detected,1474.596007732833,977.401497279297,36.53817029068205,-12.87698352630423,38.74086463835817,32.44596339754301,-20.175902565091345,38.207428402219904,35.66233862343275,39.43117797330846,206.4392204810572,-11.191795340502095,-20.069064206057348,32.512155373089435,1.8606889687480543,1.2333141921505326,0.04821126612267496,4.821126612267497,0.04975542961931667,-0.025323740323100755,-2.5323740323100754
1227,20.47045,1475.4201787994891,977.0453384418902,13615.0,1428.738775510204,955.0571428571428,-2.701391017230954,detected,1475.2518214112401,977.0731920990186,35.63019372134249,-13.440573266568208,38.08096262378857,32.17989862498129,-20.23596459345456,38.01368356975708,35.56272342104201,39.115649547204,205.8406643358097,-11.185908437935485,-20.141970009042947,32.23881484633754,1.8615164938943094,1.2328999269388248,0.04796679314795846,4.7966793147958455,0.04935728649489464,-0.02541573502718353,-2.5415735027183533
1228,20.487133333333333,1475.5639606396064,976.9138991389914,13712.0,1430.0042918454935,953.8154506437768,-2.672366039717261,detected,1475.8985338629439,976.7317876112047,34.697907639751065,-17.09059694071766,38.67858966362092,31.770607912101134,-20.191775187102294,37.64411391321282,35.459424850791684,38.73228048967633,205.42511028204876,-10.019868284652697,-20.024581548974435,31.87625207108602,1.8623325348428315,1.232469132632435,0.047500459196483054,4.750045919648305,0.04887354005006477,-0.025267610787349445,-2.5267610787349444
1229,20.503816666666665,1476.5529336734694,977.0089285714286,13554.5,1428.258064516129,957.7557603686636,-2.762243131849833,detected,1476.5432302643628,976.3730051430771,32.209684435084455,-17.22506785117048,36.52624719137115,31.229191903183064,-20.214367282678523,37.200578914377914,35.3925561512119,38.28698948293025,204.8666428571869,-9.559043796623556,-19.833605347884003,31.472387428812034,1.8631460318793223,1.2320164102751763,0.04694079358281125,4.694079358281125,0.04831165865353976,-0.02502663135379685,-2.502663135379685
1230,20.5205,1477.0606826801518,976.5056890012644,13539.5,1430.4609053497943,955.0864197530864,-2.7107484663756254,detected,1477.1260159653054,976.0341343512142,28.615514033116142,-17.750611521003066,33.67390462582315,30.654211510093702,-20.21481120462474,36.7194672530006,35.415588030578654,37.78674524261592,204.4812401798532,-9.91007770979012,-19.521383613917493,31.100399629947795,1.8638814081581143,1.2315888130614692,0.04633371262208278,4.633371262208278,0.047680435637370254,-0.024632660711567816,-2.4632660711567818
1231,20.53718333333333,1478.0069225928255,976.0767778477028,13517.0,1430.5054945054944,954.934065934066,-2.722824087110128,detected,1477.7134998919782,975.6672499919565,29.344552298756298,-21.591956677509188,36.43233924383496,30.052464258400658,-20.377213426200505,36.30952264929099,35.46257076364335,37.23941462909019,203.82648424759486,-9.063998491322375,-19.25943812483178,30.780764742532817,1.864622712797449,1.231125867497737,0.04581643236503595,4.581643236503595,0.04698979763923053,-0.024302130125970704,-2.4302130125970702
1232,20.553866666666668,1478.2756052141526,975.6983240223464,13506.0,1431.7345132743362,954.5265486725664,-2.7146672227823085,detected,1478.239062175535,975.3448306549828,28.884734674898027,-21.465205206048722,35.98726068731875,29.338377675928044,-20.266498757497413,35.6576972972602,35.57092710603436,36.65359505976195,203.46635856256148,-8.45853241452964,-18.84158557067464,30.27318994962345,1.8652858828713377,1.230719029217644,0.044993939807268395,4.49939398072684,0.04625059313534631,-0.02377487138255475,-2.377487138255475
1233,20.57055,1478.2960609911054,974.5298602287166,13382.0,1431.6897959183673,955.3061224489796,-2.7503817657007383,detected,1478.7248379901844,974.9973613849759,30.39937075331636,-20.099328634800713,36.44317156570359,28.67914768285256,-20.215182442835697,35.087706009541286,35.73907125543262,36.03843505846455,203.26347719429165,-7.098183909263991,-18.36329740778509,29.898769562061137,1.865898849198971,1.2302805821892442,0.04427470789847481,4.427470789847481,0.04547436600437168,-0.023171353195943333,-2.317135319594333
1234,20.587233333333334,1478.6480099502487,974.689054726368,13396.0,1431.2771084337348,956.425702811245,-2.773614073306982,detected,1479.1746207769252,974.6424049292256,29.833140143731725,-22.704350121676725,37.49004888344665,28.135495900892472,-20.414081033641697,34.76119724689049,35.813509136059125,35.40344725884854,202.95588224449097,-6.658147582712097,-17.945372498632906,29.770865622660963,1.866466398456688,1.2298326876078556,0.04386270945979873,4.386270945979873,0.04467311956952497,-0.022644003152849094,-2.2644003152849095
1235,20.603916666666667,1479.1417816813048,974.9033877038896,13473.0,1432.0122448979591,955.1061224489796,-2.743913082349758,detected,1479.6165115340955,974.2981717367986,31.94194092210364,-22.869293546048993,39.284757567872525,27.592172071892996,-20.5139994108939,34.38243928919394,35.74186651125994,34.75831874190514,202.60609261835236,-5.365288111747576,-17.58679963210539,29.544146800597993,1.8670239893174707,1.2293983239581057,0.0433847814374687,4.33847814374687,0.04385907727685192,-0.022191545277104593,-2.2191545277104594
1236,20.6206,1479.7654398003742,973.7342482844666,13738.0,1432.2914798206275,955.0807174887892,-2.767203446353155,detected,1480.053453726719,973.9248950754765,32.67344975684091,-21.204449728540112,38.95103345616124,27.276867196818717,-20.56981072205549,34.16349802368127,35.605107505905586,34.11272419787265,202.72075038694837,-5.172609715663973,-17.215248784665746,29.50897840482009,1.8675753359327687,1.2289273123980777,0.043108514856380155,4.310851485638016,0.043044446937378744,-0.021722711400209146,-2.1722711400209147
1237,20.637283333333333,1480.4145885286782,974.009975062344,13543.0,1433.6967213114754,953.5573770491804,-2.7289391348030927,detected,1480.4434740736197,973.5178364050286,34.553729602860585,-22.73001853421829,41.35956929216636,27.039583093892823,-20.399969046220686,33.87178458508345,35.420177458407274,33.47614795209134,202.532421576224,-4.704378302205916,-17.158064248509742,29.20442812695206,1.8680674751717599,1.2284136736971971,0.04274042218937975,4.274042218937975,0.042241196154058476,-0.02165055425679463,-2.165055425679463
1238,20.653966666666665,1481.480940279543,974.2700127064804,13446.5,1433.9533678756477,953.3471502590672,-2.7268966391735616,detected,1480.8240142045568,973.175713201035,34.92171994566888,-22.706889346826756,41.65488384058659,26.494056760958138,-20.409829727961828,33.4439261029154,35.166353065516844,32.85772120865488,202.52103558676797,-4.4119879404464095,-16.656166703574073,29.001177629882832,1.8685476519931317,1.2279819724934198,0.04220053766929388,4.220053766929388,0.04146084695098408,-0.021017245051828483,-2.1017245051828484
1239,20.67065,1481.756806930693,972.4152227722772,13557.0,1432.5809523809523,957.2714285714286,-2.8428566658722167,detected,1481.2165152594876,972.7528727486567,32.09871968217112,-23.894863465519393,40.01615055537468,26.097907449550767,-20.312319179695848,33.07100064562845,34.94567143792794,32.26608072225998,202.50166419847562,-3.8140685097247315,-16.337299341071123,28.753847289421884,1.869042921463076,1.227448419872122,0.041729969268931806,4.17299692689318,0.04071429744133752,-0.020614888758449367,-2.061488875844937
1240,20.68733333333333,1482.790434235368,972.2970421648836,13536.5,1433.8777777777775,955.5222222222222,-2.811208106128905,detected,1481.6246495734879,972.3924525226266,30.427146056992115,-26.36942791295087,40.2636057206734,25.671047576313082,-20.05614795874142,32.57685918882079,34.80158373179517,31.709254271260804,202.76563264781612,-1.6963391585962027,-15.910177177346739,28.42741663946431,1.8695579174428871,1.2269936309433775,0.04110644692595684,4.110644692595684,0.04001167731389376,-0.020075933346809766,-2.0075933346809767
1241,20.704016666666668,1482.923123486683,972.6301452784504,13699.5,1432.5132275132275,958.936507936508,-2.876347466861365,detected,1482.021914640782,972.0495786635134,27.914051974524227,-24.77743299742724,37.32446226777334,25.341068033182804,-19.853873159077867,32.192328410339506,34.728491460906774,31.19457658628799,202.8676985391429,-0.4336763010481484,-15.634071990139015,28.141105193049945,1.8700591982848984,1.226560982540711,0.04062123458717919,4.062123458717919,0.0393622417492593,-0.019727535634244814,-1.9727535634244813
1242,20.7207,1483.3817610062893,971.1987421383648,13781.5,1434.840425531915,953.1382978723404,-2.7853992009476305,detected,1482.3676306871432,971.7505481679455,23.069331935865648,-25.447881271693404,34.34805288783273,25.042706861496963,-19.62928868617607,31.81895883394218,34.689564976685396,30.728636733799426,203.1470752886274,0.9964747303872149,-15.31060918002118,27.893214010091384,1.870495433043714,1.226183656994253,0.04015010578415417,4.015010578415417,0.03877430502687625,-0.019319380668796442,-1.9319380668796442
1243,20.737383333333334,1483.5792488860598,971.2457033736472,13800.0,1437.571428571429,947.3041474654378,-2.6617741807357924,detected,1482.7566541937024,971.4261357588401,19.106892962598522,-24.44121367904836,31.023318403889316,24.75535600787638,-19.589440403130272,31.568557559452948,34.68780914011134,30.317254522625554,203.1199294351315,0.9827149733425375,-15.075197280823708,27.736478747828453,1.8709863144400032,1.2257743037966438,0.03983414203085546,3.983414203085546,0.03825521075410165,-0.01902233095372077,-1.902233095372077
1244,20.754066666666667,1483.444230769231,971.3128205128204,13740.5,1436.2637362637363,950.1593406593406,-2.7201098602252727,detected,1483.0910241519211,971.1111523572488,17.047502359462214,-21.361739403630054,27.330225887183417,24.368989230906415,-19.500447348934088,31.21081676189496,34.80759138852064,29.96547971301218,203.1841820882836,1.8409967906925264,-14.723953701523074,27.519452580674425,1.871408232368355,1.225376848400314,0.03938273408441005,3.938273408441005,0.03781133086815417,-0.01857912138993448,-1.857912138993448
1245,20.77075,1484.4741379310344,970.006157635468,13803.0,1437.5348837209303,948.920930232558,-2.7194021790621705,detected,1483.3991312638277,970.7688106892408,12.523139439951137,-24.400973147752666,27.426930415010105,24.22720835471906,-19.601566308104616,31.163745384564915,34.80594607025562,29.67760431578535,203.18583216352147,2.0785684088569907,-14.553019522627025,27.557007260731847,1.8717970110584579,1.2249448715321651,0.03932333802468759,3.9323338024687593,0.03744808115556511,-0.018363431574292776,-1.8363431574292777
1246,20.787433333333333,1484.7379713914174,970.3049414824447,13742.0,1434.7846889952152,954.8086124401914,-2.840789539005525,detected,1483.7243807026691,970.4505259913291,10.813686528364542,-24.226249217026634,26.530114350662274,24.06194821588669,-19.748006713439068,31.128140341145457,34.7589325603123,29.457175868940784,203.59591624341354,3.0101244173996395,-14.145353548251867,27.728506885387922,1.8722074204450085,1.2245432504622449,0.03927841052510468,3.9278410525104683,0.0371699380049726,-0.01784902655930835,-1.784902655930835
1247,20.804116666666665,1484.25303514377,969.9578274760383,13777.0,1436.6413502109704,950.649789029536,-2.7563268482810024,detected,1484.0454794106836,970.1327377041785,8.193087242991169,-20.244186451302994,21.839271133588326,24.097239660576566,-19.963312209185137,31.29234400968813,34.67822268545946,29.30699904404707,203.85584988426996,3.024240065696764,-13.964611402266254,28.00357873566091,1.8726125923163202,1.2241422557781432,0.039485607583202686,3.9485607583202684,0.0369804404341288,-0.017620960759957418,-1.7620960759957418
1248,20.8208,1484.6954022988507,969.4872286079184,13794.5,1435.7354260089687,952.542600896861,-2.808404100141179,detected,1484.356996918511,969.800814554538,5.363866653164678,-19.462997758480014,20.188594483508012,24.098250303214083,-19.919873444351825,31.265428602777074,34.672492002628964,29.229114795752388,204.18278543753627,3.6806433967543843,-13.823310253710572,28.043593196040533,1.8730056743451244,1.2237234253054108,0.039451644924639845,3.9451644924639844,0.0368821637801292,-0.017442662780707347,-1.7442662780707348
1249,20.83748333333333,1484.9704251386322,969.0314232902032,13665.5,1439.5229007633588,946.06106870229,-2.673613775370611,detected,1484.6601218163505,969.4563688508288,5.2953730873523455,-18.578358577638937,19.31829142480219,24.06500541363488,-19.995164026305996,31.28787416871203,34.62954283484497,29.224750578689033,204.64627574317504,4.22547343430131,-13.53439013243178,28.209065098657394,1.87338816632978,1.223288793502623,0.03947996740531487,3.947996740531487,0.03687665688162654,-0.017078094804330323,-1.7078094804330324
1250,20.854166666666668,1484.4325551232166,967.963683527886,13839.5,1440.2065217391305,944.9347826086956,-2.661515301746182,detected,1485.0217473517475,969.1019825124628,3.5324612698091187,-16.849675540723183,17.215976546520576,24.164367692374455,-20.083003123056915,31.420434121968846,34.59285579996438,29.294241356561244,204.98414919172924,3.9697578648111276,-13.420770836364614,28.4099734348832,1.8738444761536248,1.222841618312256,0.03964723548513419,3.9647235485134193,0.03696434240575552,-0.016934726607400145,-1.6934726607400146
1251,20.87085,1484.7605177993528,968.3948220064724,13675.0,1440.4145299145298,944.8418803418804,-2.6533618427924885,detected,1485.3706914909853,968.778654554704,5.923255623709338,-17.6566305756337,18.62368278478258,24.181935427357473,-20.103410489136543,31.44698895455035,34.59709477302906,29.436928094172192,205.33411410005368,3.3322226271688375,-13.254138290028326,28.517379481579592,1.8742847842157544,1.222433633507513,0.039680743160315904,3.9680743160315903,0.03714438876236239,-0.016724464719278645,-1.6724464719278644
1252,20.887533333333334,1484.6608863198458,968.612074502248,13702.5,1441.186567164179,944.2201492537314,-2.630293839225533,detected,1485.7140820609845,968.4574450186575,10.694803778622827,-16.125009938632047,19.349283536715962,24.3054418691133,-20.16264449015604,31.579847011809058,34.61629637853529,29.651046711900076,205.58583852342812,3.024889810726732,-13.21453630086553,28.68209838283058,1.874718084619539,1.2220283217901042,0.03984838739660449,3.984838739660449,0.037414569983470126,-0.01667449375503537,-1.667449375503537
1253,20.904216666666667,1484.3815028901734,968.3513166345537,13640.0,1441.5018867924528,943.7283018867925,-2.62033280820913,detected,1486.0521914621372,968.1294453314978,15.6448484278867,-16.9346195865528,23.055208150715245,24.38411681393071,-20.12760449184851,31.61812162946589,34.64484087693834,29.93362469355498,205.86185001545496,3.10029243747032,-13.16229303234763,28.748211379254737,1.8751447210878704,1.2216144420586723,0.039896683444121,3.9896683444120997,0.037771135260006285,-0.016608571649650006,-1.6608571649650006
1254,20.9209,1485.357744653273,967.7634478289048,13629.5,1439.7107438016528,947.0413223140496,-2.715446603861528,detected,1486.4054668435156,967.8369965999216,20.77741569658565,-17.868673158503043,27.40420558005889,24.578619117372927,-20.128448362159208,31.768899118241407,34.69980419709948,30.280403700027097,206.41282827170534,0.04875389291148997,-13.059058097354269,28.960731219962756,1.8755904944397674,1.2212454215771882,0.04008693895046234,4.0086938950462345,0.03820871129340959,-0.016478306747450183,-1.6478306747450184
1255,20.937583333333333,1485.2535575679171,967.2962483829236,13647.5,1443.597014925373,940.1940298507462,-2.564787796915819,detected,1486.7729432583271,967.5291427973285,27.778762556326,-17.57479954190194,32.87146525634013,24.76165750169549,-20.093727494164682,31.888831380924294,34.77563216241504,30.685804400869788,206.83400242910946,-1.900295319686368,-13.024822162731041,29.107586201371156,1.8760541870767535,1.2208569625202885,0.04023827303586662,4.023827303586662,0.0387202579190786,-0.016435106829944535,-1.6435106829944535
1256,20.954266666666665,1485.904082955282,967.1302657161374,13792.5,1441.9926470588234,943.7610294117648,-2.6525257244095,detected,1487.1491364619055,967.2410118732255,34.38687823267128,-16.263862002318547,38.03906678428143,25.10724698128515,-20.181121041820195,32.212598428004064,34.78611413942963,31.14294484250042,206.745435684208,-1.700581945585508,-13.339087582666462,29.32098633992048,1.8765288788162846,1.2204933903763098,0.0406468118965351,4.06468118965351,0.039297091283912206,-0.01683165625573055,-1.6831656255730552
1257,20.97095,1486.747287811104,967.0548819400128,13925.0,1442.6345514950167,943.0,-2.6423614339608843,detected,1487.54842790612,966.9462624436367,37.05818081750476,-18.228887536316506,41.29892379123884,25.34889863207161,-20.256285159693533,32.4481702154353,34.79062048719115,31.643717197213252,206.7615439414622,-1.8603746151741876,-13.5127668333235,29.50065902379292,1.8770327166007825,1.2201214668058509,0.040944063363325296,4.09440633633253,0.03992898069048991,-0.017050809884319874,-1.7050809884319875
1258,20.98763333333333,1487.7965887555274,965.9620972836386,13963.0,1443.182456140351,942.421052631579,-2.656063534516278,detected,1487.9427858479635,966.602765221566,37.952099925938455,-13.856848613886086,40.40265018902318,25.53231361836193,-20.3562910890074,32.65390674340196,34.78422855743392,32.17892111353945,206.64625109737295,-2.0183742707303445,-13.691186040645078,29.645051027232817,1.8775303291456953,1.2196880318253198,0.041203667815018254,4.120366781501826,0.040604316862510356,-0.017275944530782433,-1.7275944530782432
1259,21.004316666666668,1488.041450777202,965.6819948186528,13818.5,1445.344680851064,939.0212765957448,-2.5834105063188875,detected,1488.3416719576699,966.2731295649612,34.42578119198197,-10.969268863618709,36.13113989456428,25.701578382580106,-20.38743045544154,32.80576857705629,34.73159946196052,32.73844638807239,206.5558254650446,-2.7944760519899723,-13.875441262499834,29.726933607459266,1.8780336554670913,1.219272087779131,0.04139529157988176,4.139529157988176,0.04131034244551721,-0.017508443233438278,-1.7508443233438278
1260,21.021,1489.0665374677003,965.9186046511628,13718.5,1441.027149321267,947.316742081448,-2.7721509153191466,detected,1488.756689018577,965.9507491036372,32.893650437300494,-10.311975152016203,34.47214920232155,25.838460503187537,-20.27725487184975,32.84498601480501,34.67738534367039,33.311494083183796,206.50361557496922,-3.377198118814164,-14.074186690232555,29.676764906593466,1.8785573363010435,1.2188652985534856,0.04144477730574765,4.144477730574765,0.042033431019790284,-0.017759226107548966,-1.7759226107548967
1261,21.037683333333334,1490.386875,966.950625,13786.0,1443.6133828996285,942.9814126394052,-2.668032415528958,detected,1489.1506522908855,965.6060589323291,31.34265387828509,-12.00880624220872,33.56446602430747,26.178865752728957,-20.29662310016748,33.125306358880025,34.620194983517656,33.886823687958845,206.40955245210344,-4.2941316974288934,-14.419153437923397,29.822373069614684,1.8790544508402343,1.2184303582742324,0.04179849382823978,4.179849382823978,0.042759398975342394,-0.01819451537908315,-1.8194515379083152
1262,21.054366666666667,1489.7392421323057,965.0282594733462,13761.5,1443.0371900826449,944.3760330578511,-2.725233741204532,detected,1489.5686330646126,965.2841200268467,27.159893130609362,-13.838037780935792,30.481979668202786,26.529977816513487,-20.238124811983937,33.367969953986375,34.55150008948077,34.45301412163214,206.27947775027397,-4.478544180499183,-14.827542944646824,29.892564110072453,1.8795818713749057,1.2180241262168414,0.04210469394824779,4.210469394824779,0.043473834853794496,-0.018709833368639527,-1.8709833368639528
1263,21.07105,1490.2021857923496,966.4201578627808,13833.5,1443.48,944.4363636363636,-2.701804685653735,detected,1490.0343297900113,964.9975251814337,24.811956275324064,-14.871166457512118,28.927232256398582,26.90922049220007,-20.151786148796567,33.61845672372052,34.465006959587825,34.99872772402307,206.10837519958503,-4.435048868156148,-15.295286027580472,29.937515892591538,1.8801695013123172,1.2176624923425032,0.04242076558198173,4.242076558198173,0.044162432459335106,-0.019300045460669366,-1.9300045460669366
1264,21.087733333333333,1490.0233311730394,965.749837977965,13725.5,1444.604743083004,943.205533596838,-2.680855382278166,detected,1490.5150687587197,964.6687447695307,27.056860437848627,-18.97829662143522,33.04919725809384,27.240530818135376,-20.31625954684293,33.98230305951128,34.366297036437246,35.512968264138976,205.80249100147225,-5.874270674986156,-15.681582568115386,30.147717813921663,1.8807761119983846,1.2172476274694395,0.042879877677616765,4.287987767761677,0.044811316421626474,-0.01978748589036642,-1.978748589036642
1265,21.104416666666665,1490.712140175219,965.116395494368,13733.0,1445.5661157024792,941.9545454545456,-2.667565204649997,detected,1491.0245212250416,964.3583459912057,26.835873082633952,-25.003373995804395,36.678778541294214,27.692941622684774,-20.539975755422926,34.47882857277475,34.2195085708774,35.985325933132465,205.57664018863227,-7.474806284228716,-16.111794040910098,30.48277731004972,1.881418954227182,1.216855957086695,0.043506408293722085,4.3506408293722085,0.04540735133518292,-0.020330339483798233,-2.033033948379823
1266,21.1211,1491.9011194029852,964.2835820895524,13639.5,1445.7451737451738,942.1621621621622,-2.694661572128404,detected,1491.5373353039572,964.0410802485117,29.959714177215574,-30.197919074535548,42.53820388794818,28.13087121059133,-20.54572435065839,34.83493511060575,34.066811887900506,36.40620395132259,205.21593966711117,-9.944767570024009,-16.69712470438374,30.57251593778915,1.882066038238432,1.2164556217646836,0.04395575408278328,4.395575408278328,0.04593842769882977,-0.021068927071777592,-2.1068927071777592
1267,21.13778333333333,1491.484056122449,963.8316326530612,13728.5,1446.2556390977445,941.5751879699249,-2.684293170158938,detected,1492.07705249428,963.6925286864663,35.598164008231834,-27.64545855930419,45.0721716773352,28.531105316086528,-20.743278551778527,35.27474416114589,33.92086807837761,36.76702269632878,205.03578589860365,-12.187206034187733,-17.072198194259855,30.868230018098,1.8827470693934134,1.2160158090680964,0.04451071818441122,4.451071818441122,0.046393719490635685,-0.021542205923356286,-2.1542205923356286
1268,21.154466666666668,1492.2616464582004,963.5545628589662,13739.0,1447.605072463768,939.8804347826087,-2.6541266712085863,detected,1492.646394089396,963.3535436807178,37.657243658026346,-30.17655321002394,48.256526642075805,28.785935211260657,-20.906150620198044,35.5766383985517,33.75767779154954,37.060398205597245,205.04625547140014,-13.519989549422155,-17.228472845744243,31.126787870655022,1.8834654815008152,1.2155880677359217,0.044891657285238744,4.489165728523874,0.04676390940769369,-0.021739397912611032,-2.173939791261103
1269,21.17115,1493.791082802548,963.0375796178344,13569.5,1447.9328358208954,939.391791044776,-2.6655210843043227,detected,1493.2055729577503,963.0111805292408,37.74821581096967,-26.967336678277206,46.39143287753781,28.967422014329102,-20.947323478114267,35.747753762341425,33.61569222049323,37.28029265192852,204.88602201594253,-15.232833281454225,-17.462763597057915,31.192207145475688,1.884171069978234,1.2151560637592946,0.045107575725351956,4.510757572535196,0.047041378740603816,-0.022035032930041533,-2.2035032930041534
1270,21.187833333333334,1493.2646153846154,960.5895384615384,13793.0,1447.6439393939395,940.9810606060606,-2.735650237439179,detected,1493.795159363975,962.6360882712117,35.26792286341606,-24.92781162565825,43.188218017697466,29.22720894274403,-21.14096718383936,36.07173735836672,33.413503038598094,37.42213505010471,204.62913554090522,-16.701110324123444,-17.757891289156497,31.39789058222685,1.8849150275886122,1.2146827612255038,0.045516387833901224,4.551638783390122,0.04722035968467471,-0.02240743380335205,-2.240743380335205
1271,21.204516666666667,1494.9385687143763,961.3863204559848,13672.0,1447.6277372262773,941.478102189781,-2.743288041075751,detected,1494.4013377545098,962.2858812537753,34.167307349858675,-23.636322649554586,41.546126653799554,29.405744813013776,-21.298834155074626,36.3089267863078,33.24142232322164,37.482911075248026,204.0803867120515,-19.16870252988647,-18.15637075634406,31.443351687306404,1.8856799214567947,1.214240859626215,0.045815680487454644,4.581568048745464,0.047297048675391834,-0.0229102470111597,-2.29102470111597
1272,21.2212,1495.4515151515152,962.0848484848484,13580.0,1448.272373540856,941.0856031128404,-2.722824405717886,detected,1495.004956354154,961.9242541287155,34.63813502180574,-22.138728762771734,41.10868167456142,29.339139995245006,-21.427892708936422,36.33097468560781,33.14581204349599,37.461221433414885,203.5899058609948,-20.838207711363253,-18.312186695968315,31.37839288456751,1.8864415853049263,1.2137845477964864,0.045843501180577687,4.584350118057769,0.0472696800421639,-0.023106860184187148,-2.310686018418715
1273,21.237883333333333,1495.9278544542033,961.5526976160602,13688.5,1447.9762845849802,942.5256916996047,-2.763851126745742,detected,1495.6184173308907,961.537353649572,32.44863488551664,-22.718923353830178,39.61140472503819,29.214713025057367,-21.490416504045317,36.26758137309131,33.05223416398818,37.35730866143446,202.86380220400122,-22.54282143790213,-18.569416812864965,31.153077181618634,1.887215668556329,1.2132963452991445,0.045763509619042665,4.576350961904266,0.04713855982515389,-0.02343144077333119,-2.3431440773331187
1274,21.254566666666665,1495.8876834716018,961.2941927249522,13677.5,1448.3415637860082,943.0781893004116,-2.775719693941689,detected,1496.2240158460472,961.1480978210117,29.874718688618486,-21.58924045750291,36.85911176705118,29.06109611861267,-21.59326207323912,36.20519678967139,32.99983389388889,37.173052512890095,202.17249054472305,-22.199553263282848,-18.76286786559412,30.96402854986875,1.8879798307205644,1.2128051707520653,0.04568479090179355,4.5684790901793555,0.04690605995317362,-0.023675543048068293,-2.3675543048068293
1275,21.27125,1496.295668549906,960.6440677966102,13648.5,1448.1509433962265,944.0037735849056,-2.808815612496042,detected,1496.8046391570174,960.7220892483565,31.595756260153394,-22.77497810745035,38.94857431852757,28.691663022629168,-21.766022815607954,36.013487420877084,32.94965890813809,36.911934230698655,201.45481319291093,-21.355279736775774,-18.742212117936454,30.752248066441382,1.8887124784315679,1.2122676205026581,0.045442886335491595,4.54428863354916,0.04657657316176487,-0.02364947901316903,-2.364947901316903
1276,21.28793333333333,1497.2299528301887,960.1084905660376,13676.0,1449.8085106382978,941.5787234042554,-2.7690887121394563,detected,1497.3682965423127,960.3184903862204,29.873228308325906,-25.10566327307515,39.0218412935935,28.30110098213287,-21.846539505620342,35.75225314817952,32.92761563993591,36.57897006480433,200.9245589646417,-21.121956300331284,-18.63244706224934,30.513202415413367,1.8894237180344642,1.2117583474904992,0.04511325318382274,4.511325318382274,0.04615642910385405,-0.02351097421104018,-2.351097421104018
1277,21.304616666666668,1497.6835123183828,960.1819330385345,13608.5,1450.232,940.956,-2.7566372720562184,detected,1497.923028956813,959.9329985046465,30.017500174357792,-26.554420738892986,40.07727008537034,27.69935107004975,-21.85653916963847,35.28402406438085,33.028191206406994,36.180614429437874,200.3894040710975,-20.291680292116666,-18.34909804280931,30.137567174395123,1.890123695844559,1.2112719224033395,0.044522427841490034,4.4522427841490035,0.04565377215071025,-0.023153436016163167,-2.3153436016163167
1278,21.3213,1498.3640378548896,959.1413249211356,13509.5,1445.8363636363636,953.6969696969696,-3.038314064146568,detected,1498.4284758970257,959.5320228589594,30.251380264932322,-24.96035338088859,39.21944987926747,26.996860386366492,-21.7565164564675,34.67241668879609,33.12906571857305,35.72463319503777,199.88218375398154,-19.162540954010584,-17.988571798640535,29.640981152564102,1.890761483781736,1.210765959443482,0.0437506835189856,4.375068351898561,0.045078401507934095,-0.022698513310587427,-2.2698513310587427
1279,21.337983333333334,1498.665832290363,959.1633291614518,13549.5,1447.8641304347825,950.483695652174,-2.9723733749303336,detected,1498.9440116571782,959.1481444571278,29.7621243450144,-22.631588316669877,37.38947492628544,26.26880384881118,-21.808023265925414,34.14146942377351,33.1901017944523,35.21994788488533,199.26499314086843,-18.942491164804174,-17.602533481457098,29.2539014397848,1.8914120020910767,1.210281570292906,0.04308071851580254,4.308071851580253,0.04444157461815184,-0.022211398714772363,-2.221139871477236
1280,21.354666666666667,1499.6877370417194,958.0556257901392,13505.5,1453.0505617977528,936.870786516854,-2.7152117851864466,detected,1499.3745373865836,958.7214575541259,30.998401331225523,-20.102308035352053,36.94595611754965,25.664192845979223,-21.682475254503967,33.59732917357849,33.25369367029156,34.676452096163025,198.84229969090407,-16.793854538261904,-17.286207015030087,28.809157825790614,1.8919552522228185,1.2097431641061527,0.04239410621271734,4.239410621271734,0.04375577551566313,-0.02181224859940705,-2.181224859940705
1281,21.37135,1499.603164556962,957.7822784810128,13411.0,1452.8186528497408,939.3419689119172,-2.766135936372753,detected,1499.8264627698113,958.3528312467673,30.976361486586484,-18.748052893187378,36.20807172763319,24.8833445652702,-21.786355354980195,33.07304214019987,33.27016286557532,34.10480235077816,198.26640036813328,-14.955860799688491,-16.800838930754857,28.487855792078637,1.8925255050723173,1.2092780205006528,0.04173254528731845,4.173254528731845,0.0430344509158084,-0.021199796758050293,-2.119979675805029
1282,21.388033333333333,1500.0737755734656,958.0836949783012,13417.5,1453.5572139303483,937.825870646766,-2.7308646312145988,detected,1500.223414360485,957.9986046561374,30.559347927417093,-19.27435524787461,36.12996700759915,24.368469942738784,-21.89555284754328,32.76030466661939,33.2875520599256,33.51618682024625,197.91925028549812,-13.712736118065498,-16.44963880709799,28.331024424925758,1.8930263903602338,1.208831046884716,0.041337923869551284,4.133792386955128,0.04229171838516877,-0.020756642027883902,-2.0756642027883903
1283,21.404716666666666,1500.5181704260651,957.7017543859648,13510.5,1453.0990566037735,939.7311320754716,-2.7793422845060483,detected,1500.6243395548997,957.5926523571594,29.391921368836393,-18.839014409861193,34.91122320525047,23.927669505073013,-21.994285712726235,32.50049187253993,33.318502651516226,32.922076937850484,197.49784092795932,-12.004526244519054,-16.207476302332886,28.170901367658654,1.8935322896591795,1.2083188042361634,0.04101008438175386,4.101008438175386,0.041542052918423326,-0.020451074198527302,-2.04510741985273
1284,21.4214,1500.6944792973652,957.7333751568382,13501.5,1453.6880733944954,940.3577981651376,-2.787527005556837,detected,1500.9974716193728,957.1828373077878,29.3026302394278,-21.97693596683621,36.62826577165574,23.483721242389613,-22.074588345118734,32.229995563088636,33.39792322593735,32.33396873100737,197.20725544826047,-9.200922493147567,-15.902307467011234,28.0337159724028,1.8940031187626156,1.207801687454622,0.040668764117462,4.0668764117462,0.04079996054385788,-0.02006600311294793,-2.006600311294793
1285,21.43808333333333,1502.329337539432,957.3533123028392,13425.0,1453.835,940.375,-2.8048205807056044,detected,1501.3553447901247,956.806566239206,29.074930535985004,-21.479696133091693,36.148705808677406,23.22701562875218,-22.159217037313244,32.10179363719497,33.54806662101788,31.76312260750858,196.7306844881182,-8.353123925887925,-15.86473040758429,27.907624116354334,1.8944546937414823,1.2073268974627205,0.04050699512579808,4.050699512579808,0.04007964997792881,-0.02001858726509059,-2.001858726509059
1286,21.454766666666668,1502.6662420382163,956.9140127388534,13408.0,1455.328431372549,937.8725490196078,-2.7591512298260965,detected,1501.7360343143287,956.4614264146568,29.585245509887045,-23.83738179683496,37.99351948435905,23.09486972840261,-21.963264206680872,31.870958290963834,33.71426730054666,31.22031202250795,196.51695143676315,-6.752486122853142,-15.897741070320674,27.62281323915788,1.8949350590717082,1.2068913897976743,0.04021572024096383,4.021572024096383,0.039394715485814455,-0.020060241098196437,-2.0060241098196436
1287,21.47145,1502.6742470805164,956.120467117394,13597.0,1455.9446640316205,936.0237154150198,-2.7354398557668573,detected,1502.0759373660292,956.077536707934,26.397163523440213,-26.517932217338057,37.416720475832435,22.80465600173222,-22.03025774177417,31.70780016851283,33.99664226444513,30.715592534763253,196.15931784753602,-5.100193451247581,-15.772455895984113,27.506621503477632,1.8953639588214881,1.206406986382251,0.04000984248392786,4.000984248392786,0.038757845469732814,-0.01990215255013768,-1.9902152550137682
1288,21.488133333333334,1502.943407960199,955.5876865671642,13506.0,1455.6212765957446,938.2978723404256,-2.7912964232502167,detected,1502.4155451094425,955.7434131762097,23.677559578872206,-26.018471254444194,35.17936432099622,22.468719394566698,-21.794796261058387,31.30265955622337,34.36746186564086,30.258102757658552,196.04537786244032,-3.954068255382301,-15.569356771248875,27.156060557864222,1.8957924859425144,1.2059853794021576,0.039498624045707725,3.9498624045707724,0.03818057130303919,-0.019645876052049056,-1.9645876052049056
1289,21.504816666666667,1503.5744680851064,954.6060606060606,13609.0,1455.3566433566434,939.6748251748252,-2.841295239187692,detected,1502.732395225092,955.4216602359177,20.908152459842768,-25.623002898366394,33.07097090824099,21.985459327689476,-21.66732996927455,30.86800301034894,34.65597502744674,29.855907181513594,196.01028796803834,-2.5563796618568357,-15.156626156575943,26.890710169065997,1.8961922968139964,1.205579382001158,0.03895016152725418,3.895016152725418,0.037673068998755325,-0.019125080323755133,-1.9125080323755133
1290,21.5215,1504.203600248293,955.0068280571074,13819.5,1454.898785425101,941.7044534412956,-2.8780684571488546,detected,1502.9972658184552,955.1178469650742,16.40423817061128,-24.929206157121826,29.842324801905445,21.765176883600578,-21.68810248152637,30.72615683784113,34.79169945656461,29.5158875359898,196.04429282947615,-0.9398311372136045,-14.923220748924425,26.858782483621308,1.8965265183829088,1.2051960214070339,0.03877117582061973,3.877117582061973,0.03724402212743193,-0.018830562459210633,-1.8830562459210634
1291,21.538183333333333,1504.3557441253265,954.4569190600522,13730.5,1454.092827004219,944.4894514767932,-2.945825903768236,detected,1503.2856729703276,954.7872303075528,14.074581713774478,-23.271708536683946,27.196806221210668,21.62306325921422,-21.715056265626327,30.644747238822138,34.84854158841312,29.243684391455144,196.16877543791972,0.061366303618932506,-14.720833177711334,26.87745530896276,1.8968904390792778,1.2047788395047987,0.038668450774538975,3.8668450774538976,0.036900548128019114,-0.018575183820455945,-1.8575183820455945
1292,21.554866666666666,1504.0333975594092,953.9466923570968,13833.0,1453.7705627705627,945.3982683982684,-2.9731301389536697,detected,1503.5138188638796,954.4842416087438,11.606803261780442,-19.88779994885499,23.026994349314318,21.494104603963955,-21.91784428322681,30.69834573311602,34.8532224392242,29.043684680774714,196.44412005571203,0.7122440970075433,-14.410410490478187,27.105875751317075,1.8971783203329713,1.2043965193801185,0.038736082943994984,3.8736082943994985,0.036648182562491756,-0.018183483268742192,-1.818348326874219
1293,21.57155,1504.5266579973993,953.985045513654,13805.0,1453.5855855855857,945.1846846846848,-2.970525420607589,detected,1503.7547127091952,954.1506222335912,9.06898135359188,-18.243080123079835,20.372932905423994,21.378761841847986,-21.960364824684323,30.648149717783745,34.754323909205496,28.919044855877853,196.77371949391141,1.8521103904365328,-14.13153750643352,27.19574835940263,1.897482287330215,1.2039755485597365,0.038672744123386435,3.8672744123386433,0.03649090833549256,-0.017831593068054916,-1.7831593068054916
1294,21.58823333333333,1504.8656812339332,953.5854755784062,13830.0,1454.090909090909,943.8744588744588,-2.9526180478436057,detected,1504.0285208917403,953.8139658687357,5.983680232745883,-16.466149367195158,17.5196605021483,21.4271405836156,-22.039270008267728,30.738441341215662,34.66135438901311,28.87173483881624,197.18314799462362,2.6644122428978556,-13.959749573760472,27.385711017339872,1.8978277866141835,1.203550745575692,0.03878667677125005,3.878667677125005,0.036431211153080435,-0.01761482596058104,-1.761482596058104
1295,21.604916666666668,1504.8869908015768,952.8337713534822,13765.0,1454.271186440678,943.2627118644068,-2.9547069144972045,detected,1504.3187867861093,953.4422897301922,4.9324585332065,-17.413047486457344,18.09815929721639,21.26142524560286,-22.137805711896622,30.694146758169406,34.60742128944608,28.90258602988426,197.528673902245,2.728690611624532,-13.606647577532419,27.51344738328646,1.8981940527269519,1.2030817536027663,0.03873078455289515,3.873078455289515,0.03647014010080033,-0.0171692713912081,-1.71692713912081
1296,21.6216,1504.5616883116884,952.6636363636364,13732.0,1454.6268656716418,943.1094527363184,-2.9525443855725464,detected,1504.609381576868,953.0895460675663,3.744680241372862,-16.740659835008046,17.154367427030934,21.30609721591823,-22.4694580862099,30.964920882542266,34.57762992782954,29.011328114997813,197.63900430795093,3.9635215601421776,-13.495716521272552,27.86919376012792,1.8985607338509376,1.2026366511893583,0.039072455372293084,3.9072455372293082,0.03660735408832532,-0.01702929529498114,-1.702929529498114
1297,21.638283333333334,1504.55317769131,952.8865110246434,13756.5,1455.5619047619048,941.3666666666668,-2.9106473193365425,detected,1504.8962710664653,952.7510899787384,3.9839420337179945,-15.086102953172485,15.603278387625616,21.41866389411022,-22.589927908358188,31.129792898663506,34.53472184801203,29.19660418654092,198.06541248396687,4.175988922720181,-13.357595327567786,28.11829747652976,1.8989227395160446,1.2022095772602377,0.03928049577118424,3.928049577118424,0.03684114092938918,-0.016855009877057143,-1.6855009877057143
1298,21.654966666666667,1504.8952504879635,952.39492517892,13767.0,1457.5635593220338,936.1949152542372,-2.8118247107578025,detected,1505.1894328246583,952.3830238537919,1.8556819599039045,-16.64757232411148,16.750678189937123,21.547416924389424,-22.62347328575839,31.242802685176745,34.54414867388286,29.45596082259007,198.26347716017915,4.923709534283314,-13.372068569914006,28.23651008510799,1.8992926597156572,1.2017451405095168,0.03942309487088549,3.942309487088549,0.037168404823457506,-0.016873272643424614,-1.6873272643424615
1299,21.67165,1504.8155149934812,952.3376792698826,13719.5,1458.6468085106385,934.3787234042552,-2.7706174763518514,detected,1505.448555729917,952.0265951919008,5.712884121981915,-13.606758468555654,14.757402244731423,21.738551952936565,-22.684815684243848,31.41919005382917,34.59318949018365,29.785817684798527,198.34242494706012,6.246072317574138,-13.495268642666908,28.37328369965114,1.8996196286812834,1.2012953882547646,0.0396456656830652,3.9645665683065197,0.03758462799343663,-0.017028730148475595,-1.7028730148475595
1300,21.688333333333333,1505.179239200516,951.865892972276,13775.0,1457.2422907488988,937.806167400881,-2.856297410683246,detected,1505.7037598826328,951.6738827078253,6.868457427434805,-16.14313732742221,17.543562642875493,21.985990149876173,-22.86539435172541,31.720813699058358,34.57534331309018,30.18142809636686,198.47563922453296,6.907946648127565,-13.606722773346547,28.65426874131777,1.899941652848748,1.200850325183376,0.04002626334266039,4.002626334266039,0.03808382094178784,-0.01716936627551615,-1.716936627551615
1301,21.705016666666666,1504.6951140065146,951.4312703583062,13570.5,1458.0,935.7605042016806,-2.817805684514954,detected,1505.9936599289163,951.2701634692464,12.482524980260223,-20.822653790110053,24.27748629379914,22.26928494561021,-22.86066842476877,31.91443580601107,34.4237621361504,30.636846427132518,198.7301619719453,7.798408225192951,-13.74910866675043,28.800924007501735,1.9003074573235539,1.2003409002766516,0.04027058145868905,4.027058145868905,0.03865848129606627,-0.017349033017981616,-1.7349033017981617
1302,21.7217,1505.1346153846157,951.7365384615384,13651.5,1458.036,935.016,-2.8004604606287105,detected,1506.3039406223002,950.9126350476486,16.43469753517411,-22.666981239626693,27.998059246852208,22.51766722364086,-22.95394108542905,32.15476245516327,34.23479112119573,31.144919119165124,199.41627474888605,6.817956789215275,-13.606491962717119,29.134037224807898,1.900698978703218,1.1998897603124903,0.040573832750994666,4.0573832750994665,0.03929958248475095,-0.01716907503181971,-1.716907503181971
1303,21.73838333333333,1504.8082460732985,950.6243455497382,13648.0,1458.2014925373137,934.9402985074628,-2.8169779574874503,detected,1506.6514120861898,950.5255053902507,20.197941284435274,-22.713378649273636,30.39497329814215,22.71164436130628,-23.12433032187687,32.41224216912075,34.039937040272925,31.69731389240388,199.47140462750568,3.6850218777158092,-13.704539222634939,29.372419837748986,1.901137428499924,1.1994012686312312,0.04089872828911136,4.089872828911136,0.03999661058978408,-0.017292793971779102,-1.7292793971779101
1304,21.755066666666668,1506.568167406468,951.6030437539632,13797.5,1459.9011406844106,932.2699619771864,-2.748839316928442,detected,1506.9988372575872,950.1423599994644,25.968783804638406,-24.914254177018847,35.98746717246368,22.91719190776027,-23.219032157681237,32.6239350673175,33.85324231513132,32.2845969018722,199.53154720749635,1.0515058244598667,-13.835758426981462,29.544761431204,1.901575819883391,1.198917804415728,0.041165848665384856,4.116584866538486,0.04073766170583243,-0.0174583702548662,-1.7458370254866198
1305,21.77175,1505.5780535597648,949.5591116917049,13900.5,1461.4756097560976,928.8211382113822,-2.702049314647147,detected,1507.3760961195912,949.7245649999691,29.9857375421534,-24.695580899021024,38.84605735318579,23.21594066300561,-23.38989820457515,32.95553426798882,33.65912814175854,32.89636162083487,199.91878651806715,0.9917996036972143,-13.858427261575743,29.90002061410994,1.9020518563023234,1.198390618296491,0.04158427036970198,4.158427036970198,0.041509604568876805,-0.017486974462556145,-1.7486974462556144
1306,21.788433333333334,1507.3313725490195,948.8692810457516,13916.0,1460.296875,931.37109375,-2.7854294193185702,detected,1507.7574478393337,949.2866663748486,33.71030046304031,-25.304583861117862,42.150994314402624,23.401284935046345,-23.459802791100206,33.1358187405795,33.55076839966563,33.52140726386045,200.09327298459928,1.1547328325971415,-13.917354249061152,30.071410580727328,1.902533057210516,1.1978380648263074,0.041811758663191805,4.1811758663191805,0.042298305695722974,-0.017561330282727005,-1.7561330282727006
1307,21.805116666666667,1507.600641025641,949.3211538461538,13674.0,1461.6932270916334,928.8326693227092,-2.7218198037837555,detected,1508.1289284597747,948.8758482521541,33.40531100817134,-25.324039394183274,41.91922917696364,23.705812068931877,-23.469142387765483,33.35814998264632,33.45565566811906,34.14795963629382,200.51024348667642,0.7663127819748474,-13.980093366903796,30.287343226459782,1.9030018024729018,1.197319682337103,0.04209230281721933,4.209230281721934,0.04308890805841492,-0.01764049636202372,-1.7640496362023719
1308,21.8218,1508.1493011435832,949.0451080050826,13801.5,1463.0163265306123,926.0285714285716,-2.669999601014897,detected,1508.5342017836083,948.4771117669083,31.689865811049913,-24.445301504521467,40.022748041199144,23.9106657811182,-23.54590199959273,33.557852122428244,33.42415303983722,34.763923978046336,200.4286369016454,2.100939882142215,-14.188395314903433,30.41083486948012,1.9035131883704839,1.1968165448162882,0.04234429289896309,4.234429289896309,0.043866150130026926,-0.017903337936786667,-1.7903337936786667
1309,21.838483333333333,1509.1948941469489,948.0759651307596,13572.5,1463.041825095057,926.7946768060835,-2.7095444686804937,detected,1508.9090972140764,948.0707785252864,31.47038667843526,-27.555302401627614,41.829175561268,24.250740083241904,-23.45965346662648,33.74098005925666,33.37084691114687,35.35715778363875,200.57945584193837,2.3087186957950054,-14.456985756060757,30.48687091533357,1.9039862425414213,1.1963038214830113,0.04257536915994531,4.257536915994531,0.044614710137083596,-0.018242253319950483,-1.8242253319950483
1310,21.855166666666666,1509.5067698259188,948.1689232753064,13553.0,1462.809885931559,927.555133079848,-2.7258814591064504,detected,1509.353237992314,947.6519713415724,33.64066365624922,-24.655384422786028,41.7082993212172,24.70281971273515,-23.287081892758245,33.948747912698124,33.317348192084374,35.915751481617676,200.72108882539868,2.294554666042799,-14.865474748360143,30.521060685136618,1.9045466725455067,1.195775358159713,0.04283753679835726,4.283753679835725,0.04531956022917057,-0.01875769684335665,-1.8757696843356648
1311,21.87185,1509.9012345679012,947.5975308641976,13639.0,1464.8,924.1730769230768,-2.6625654543351174,detected,1509.8017628025204,947.2456053226696,33.3094477733066,-29.23349265376737,44.318352899228,25.21609792140547,-23.165165715652744,34.24144414325369,33.20930450445589,36.428305803062386,200.93181912670008,2.7912462984385558,-15.276080316050374,30.64503005697891,1.90511263445113,1.195262593467091,0.04320686958139267,4.320686958139267,0.04596631647074118,-0.019275811124353785,-1.9275811124353786
1312,21.88853333333333,1509.9476038338655,947.4817891373802,13653.0,1463.2618181818182,927.9054545454544,-2.744541908866045,detected,1510.2719401496374,946.8434623367503,34.98422271080517,-31.532024385864588,47.09739271498981,25.59934766963583,-23.178019527694264,34.5332765653227,33.055950529210456,36.88419620809746,201.27295603466845,3.1804316133252875,-15.445823866503986,30.886464922713344,1.9057059181698897,1.1947551575227136,0.04357511238526524,4.3575112385265244,0.04654157250233118,-0.01948999856972112,-1.9489998569721119
1313,21.905216666666668,1509.9530158730158,946.655238095238,13832.5,1464.1402877697842,927.1043165467626,-2.738234399650027,detected,1510.7586253812372,946.4442478797059,35.247895006850285,-31.370954504688598,47.18634218658173,25.938658222495746,-23.261424531876415,34.84118054308189,32.950379424158,37.27381652358959,201.57976439757272,2.820856800600924,-15.56506289945187,31.171087221522047,1.906320032026798,1.1942514168829097,0.04396363475467747,4.396363475467747,0.047033206969829135,-0.01964045791728943,-1.964045791728943
1314,21.9219,1511.8574085554867,945.5096094234344,13721.5,1465.2140077821011,925.0622568093386,-2.7284470902602127,detected,1511.253875503738,946.0066856354364,32.13793404143644,-29.061646835683405,43.32927556806952,26.387318774450918,-23.359959816949484,35.24171271028104,32.884897439331375,37.588795754923645,201.8118767501612,1.864906528626445,-15.818586174394333,31.49207275168221,1.9069449533170197,1.1936992878680586,0.04446903812022845,4.446903812022844,0.047430657104004605,-0.0199603611033367,-1.99603611033367
1315,21.938583333333334,1512.0324556031844,945.5180649112064,13725.5,1464.2173913043478,927.2101449275362,-2.7759225466155377,detected,1511.8028164585112,945.602764069941,32.46588893819808,-31.62566740153261,45.3234683485253,26.727308948677784,-23.407063963701503,35.5280127088314,32.90111768610255,37.82218373615623,201.95470076416748,0.4996074125895997,-16.037758275309116,31.70220807044265,1.9076376232914969,1.1931896076592317,0.04483029994805224,4.483029994805224,0.04772515297937695,-0.02023691895938059,-2.0236918959380588
1316,21.955266666666667,1513.3953185955786,944.0091027308192,13744.5,1464.240909090909,928.2727272727273,-2.831761190682726,detected,1512.3668809317453,945.1931625033607,32.97366580374319,-31.063906529468113,45.30153336707792,26.988965371968217,-23.490693700346135,35.78011937337243,32.89789899591283,37.968602775253515,201.93128234516104,-1.5569539950041102,-16.262200295988624,31.870955177181756,1.9083493765700257,1.1926727602566065,0.045148415613088244,4.514841561308824,0.04790990886467321,-0.020520126556452523,-2.0520126556452523
1317,21.97195,1513.591054313099,944.5635782747604,13619.0,1464.8718861209964,927.8540925266904,-2.811189309099816,detected,1512.926724660264,944.7751152756216,32.86759939923422,-28.35828458511196,43.410498671159495,27.100315369848854,-23.591695434000627,35.930421464212074,32.95624185695942,38.024363658312296,201.75726171154804,-3.7906415798607913,-16.42490353546858,31.95649746837822,1.909055803987715,1.1921452558682923,0.04533807124821713,4.533807124821712,0.04798026960039407,-0.02072543032866698,-2.072543032866698
1318,21.988633333333333,1514.0019467878,944.0629461388708,13600.0,1464.5535055350554,928.940959409594,-2.844811205256952,detected,1513.4997675586364,944.3758966796568,33.3056496137724,-25.317552025344867,41.83592638811076,27.204288809579836,-23.677284208667967,36.06504009609677,33.00095256008289,37.987545277906875,201.4433939878035,-5.740880745415668,-16.66520132767871,31.983717448742635,1.9097788865093206,1.1916415100058761,0.04550793702977511,4.550793702977511,0.04793381107622319,-0.021028645208427395,-2.1028645208427394
1319,22.005316666666666,1513.385579937304,944.1310344827588,13555.5,1464.5378787878788,930.4318181818182,-2.8681690201086645,detected,1514.0739486951886,943.959627643173,32.24373445078754,-24.58208383798501,40.54549613891323,27.31394059825661,-23.694070901994056,36.1588211493933,33.078784871761904,37.85803778283127,201.19767209282443,-8.170205785852817,-16.898377553346307,31.967251727015473,1.9105034052936136,1.1911162493920164,0.04562627274371394,4.562627274371394,0.04777039467865145,-0.021322873884348656,-2.1322873884348654
1320,22.022,1514.4399538106236,942.5225173210162,13547.5,1468.0651162790698,922.0883720930232,-2.7265580763622306,detected,1514.6406957702984,943.5405320555258,33.61406291972662,-21.84056375433056,40.08634993458893,27.369580470860935,-23.822953953750606,36.28535614036955,33.12694356248532,37.63754955929532,200.82312040943577,-10.483906823669527,-17.113179757831233,31.99634586651434,1.9112185435587363,1.1905874221520831,0.04578593834746947,4.578593834746947,0.047492176100057196,-0.021593917675496826,-2.1593917675496828
1321,22.03868333333333,1515.1807155852032,942.44754396604,13523.5,1466.127450980392,928.720588235294,-2.8687344011296663,detected,1515.210517213934,943.1097098933366,32.67412296393877,-21.304558581542096,39.00618576350359,27.185527066884898,-23.847811859634206,36.16311674063564,33.16917943115455,37.32957858244404,200.52108029316958,-13.6522220294324,-17.100524986713687,31.8644481762296,1.9119375611532292,1.1900437979726646,0.04563169304812068,4.563169304812068,0.047103569189203845,-0.021577949510048818,-2.157794951004882
1322,22.055366666666668,1515.6168461051298,942.7758074730842,13663.0,1467.599078341014,923.9769585253456,-2.7684372054987247,detected,1515.759055562967,942.7099275399224,32.28021236315635,-23.745711210874106,40.07331919270856,26.944816081035842,-23.84393977603392,35.979946882728726,33.23811383853797,36.939348759873965,199.8260210324217,-14.590467600064013,-17.26067716623696,31.569377590426555,1.9126297231078448,1.1895393407443817,0.04540056388987852,4.5400563889878525,0.046611165627601224,-0.021780034279163356,-2.1780034279163356
1323,22.07205,1516.9040342298288,942.0733496332518,13689.0,1469.8659793814434,919.139175257732,-2.687941320943567,detected,1516.3088645913067,942.2771016928403,31.68079145629372,-23.191396530010934,39.26211176578988,26.6289468882584,-23.695185889365458,35.644952611965564,33.27431089801605,36.47371188691553,199.20515028427891,-14.269459545281991,-17.352393141952792,31.13610603393399,1.9133234884432893,1.1889931882559501,0.04497785818544551,4.497785818544551,0.046023611213773546,-0.021895764216975134,-2.1895764216975135
1324,22.088733333333334,1517.738288569644,941.1374141161774,13702.0,1469.6380090497737,920.0452488687783,-2.7283398162998407,detected,1516.842962527386,941.8705493647903,30.87494261528809,-22.279494961735963,38.07411164094772,26.173921937687435,-23.54814204027284,35.207800032791326,33.45058631229444,35.94101583212992,198.55813226958662,-12.956077805556745,-17.318321636178503,30.6539543754944,1.9139974290566386,1.1884801884729217,0.04442624609815941,4.44262460981594,0.045351439535810625,-0.021852771780666882,-2.185277178066688
1325,22.105416666666667,1517.902786377709,942.1448916408668,13680.5,1469.3162790697677,921.4651162790698,-2.7391902495645986,detected,1517.353058682154,941.4724844364549,25.748135434761934,-18.30948755181089,31.594363623544645,25.74066707826441,-23.44220679446163,34.815499436721396,33.61241514983307,35.35093966942536,197.93968984908338,-13.155001972488087,-17.26861991559437,30.231006718915033,1.9146410835106045,1.18797789834253,0.04393122957315003,4.393122957315003,0.04460686393618342,-0.02179005667582886,-2.179005667582886
1326,22.1221,1518.0538599640934,940.6523040095752,13731.0,1466.628959276018,931.9185520361992,-2.973362791310284,detected,1517.836073801748,941.0717650850711,24.12972960548541,-19.169929260024674,30.81769035259114,25.06687001783942,-23.314187940167283,34.23301523092435,33.77024764687996,34.7142967637207,197.4746522476964,-13.495543089650255,-16.909157237966177,29.765411693817285,1.915250566311354,1.1874722587824242,0.043196233729873,4.319623372987301,0.0438035290393952,-0.02133647601005196,-2.133647601005196
1327,22.138783333333333,1517.823116219668,940.397190293742,13611.0,1467.5344129554655,930.3765182186236,-2.9449059589145365,detected,1518.2931311772772,940.7024087283098,21.042124303830406,-20.919676054891397,29.671599914049914,24.399815568909187,-23.095342577686747,33.5968130717408,33.921967364277066,34.04280737295272,196.86843054582445,-12.809933828860547,-16.648289695583607,29.181848789777153,1.9158272948609179,1.18700619397894,0.04239345498011458,4.239345498011458,0.04295622381445139,-0.021007305609569222,-2.1007305609569222
1328,22.155466666666666,1518.3983637507868,940.1088735053492,13564.0,1467.6470588235295,930.281512605042,-2.950322203520414,detected,1518.7036750623954,940.3131410627709,21.097100105289428,-18.774741737630393,28.24143339434675,23.595723943937067,-22.959538075896944,32.922614979631355,34.10845286887959,33.34884322162812,196.14455307416088,-11.674333571532783,-16.281017193492,28.615154310998648,1.9163453313090164,1.18651500449561,0.041542731835496984,4.154273183549698,0.04208055927019322,-0.020543870275699688,-2.0543870275699687
1329,22.17215,1518.79098873592,939.9499374217772,13524.0,1469.027149321267,928.2805429864252,-2.911258881486233,detected,1519.112134964243,940.0103452007602,22.061175934280527,-16.30793408188015,27.434361622283582,23.079136782417038,-22.800636538491357,32.442496531276724,34.19875584464806,32.64514784108306,195.71803303902627,-10.614660495645577,-16.039357239794796,28.20025887321151,1.916860738125228,1.1861329276981203,0.040936904140412275,4.093690414041228,0.041192615572344556,-0.02023893658018271,-2.023893658018271
1330,22.18883333333333,1518.902501603592,940.16805644644,13588.5,1470.1462450592885,924.99604743083,-2.8399101051781,detected,1519.4482986456592,939.6376577949687,25.745906592601386,-17.083973715357615,30.89844436508067,22.377131836818613,-22.770868252478476,31.925671022142875,34.18157415409953,31.94453840171785,195.36870224082304,-8.828832430623207,-15.541982263982733,27.887188053300378,1.9172849194266994,1.185662659678194,0.04028475838756199,4.028475838756199,0.04030856580658404,-0.01961133408704446,-1.9611334087044459
1331,22.205516666666668,1520.0283375314862,939.5327455919396,13565.0,1469.244094488189,929.4330708661416,-2.9452798463306533,detected,1519.792251478726,939.280549532702,27.39490384291821,-15.486933084123166,31.469443161817203,21.925876642925797,-22.918781614388514,31.717733482215152,34.11414283030007,31.25959736404072,195.06272089599258,-8.455139522926805,-15.216498058925325,27.82935148492601,1.9177189293106955,1.1852120498835357,0.04002237663370997,4.002237663370997,0.03944428689468861,-0.019200628465520914,-1.9200628465520915
1332,22.2222,1519.717854966484,938.6983546617917,13603.5,1473.0486725663716,916.570796460177,-2.698849171876008,detected,1520.1127601134747,938.9380272374432,27.947485104161387,-18.23004206503515,33.36759441944045,21.460007575467205,-22.894394788016182,31.37969467424201,34.04453575717197,30.602365443278845,194.86901804456363,-7.369708131972385,-14.866483548095436,27.634632343544215,1.9181233566100628,1.1847798450945657,0.039595829241945754,3.9595829241945752,0.0386149721681752,-0.018758969776776577,-1.8758969776776577
1333,22.23888333333333,1521.2553582363748,938.9840783833436,13588.5,1471.899193548387,922.592741935484,-2.820949696527736,detected,1520.404085114773,938.5826029896596,27.928990243753105,-19.418491707803923,34.01626546582834,21.098870992432,-22.751889187880327,31.02919300872767,33.97306708297161,29.984050722477697,194.7646541695935,-5.49935704030273,-14.60390046466253,27.37767174160549,1.9184909591353603,1.1843313602393182,0.03915355584697498,3.9153555846974983,0.03783476431858385,-0.01842763465572559,-1.842763465572559
1334,22.255566666666667,1521.1721049264236,939.1868202175305,13470.5,1471.957446808511,923.3744680851064,-2.830716757190887,detected,1520.6951949417562,938.2028832380028,25.352921609183795,-21.93871244975321,33.52726857461513,20.87453468292676,-22.638877681489085,30.79391142589939,33.86580119158228,29.414771523647744,194.6248385235803,-3.7433018542446415,-14.482131474927492,27.175960863400054,1.9188582901473266,1.183852218596849,0.038856670568958224,3.8856670568958225,0.03711643094466593,-0.01827398293366245,-1.8273982933662452
1335,22.27225,1522.0231848688225,938.54240390482,13542.5,1472.7303370786517,922.0449438202248,-2.8186282214894867,detected,1520.998633498275,937.8249921324496,22.033094862396865,-24.161790166984247,32.69937879056353,20.5090367293216,-22.3537119350921,30.336595472164333,33.75981366949887,28.90335182484481,194.7267673275505,-3.1824829815641893,-14.1527636457602,26.832970503263144,1.9192411779158045,1.1833753843942583,0.0382796157377468,3.8279615737746795,0.036471106403589665,-0.017858376840075962,-1.7858376840075962
1336,22.288933333333333,1521.935584740463,937.6854283927456,13660.0,1472.8539325842696,923.4119850187266,-2.8585880777004005,detected,1521.2724810255927,937.4678792250695,17.228261466873846,-24.440521243695457,29.90237568880605,20.226858913514736,-22.181559791399888,30.019117513455967,33.606247049492666,28.457186491018618,194.9188313685083,-1.7138099929255581,-13.834390767088426,26.641265893162384,1.919586726846174,1.1829247687382582,0.03787901263527567,3.787901263527567,0.03590812175522854,-0.017456644501057952,-1.7456644501057952
1337,22.305616666666666,1522.1584348941628,936.99166132136,13667.5,1472.4581497797358,924.4581497797355,-2.894561509060248,detected,1521.5563959926753,937.1956918988344,14.660355171251467,-26.181230631216067,30.006380173425885,19.716194113074092,-22.33434147917744,29.79179617970228,33.43368064405099,28.08218857554446,195.0765209370841,-1.2350514950314408,-13.228189084794007,26.69393438873071,1.9199449791705683,1.1825813146988449,0.037592171835586476,3.7592171835586474,0.03543493826567125,-0.01669172124264228,-1.6691721242642281
1338,22.3223,1523.0466384009692,937.1362810417928,13719.0,1472.0941176470587,925.5333333333332,-2.917690048646647,detected,1521.7858241119734,936.8577968026513,10.7805221999879,-27.848527909333825,29.862353651736445,19.261772071907274,-22.301322076683228,29.468030638610138,33.34647569865552,27.78282239591589,195.05064616886014,0.4948085695125141,-12.809983102213344,26.538070062441886,1.92023447837473,1.1821549486468785,0.03718363487521784,3.7183634875217844,0.03505718914311153,-0.016164016532761318,-1.6164016532761318
1339,22.33898333333333,1522.4623309723115,936.3412749517064,13953.5,1472.2122448979592,925.6122448979592,-2.931238542908825,detected,1522.0326554879991,936.5304636608996,11.023838291401262,-28.58509963045185,30.637116893693232,19.118578188759955,-22.566977356683378,29.576823679644644,33.36053365566154,27.562214984136336,195.27050835289478,1.4866968517274168,-12.499948478605003,26.80559245771316,1.9205459375242893,1.1817419099822077,0.037320913160434885,3.7320913160434883,0.03477882016925721,-0.015772805651236597,-1.5772805651236597
1340,22.355666666666668,1522.5309904153355,935.8875399361024,13744.0,1472.6095617529882,925.9482071713148,-2.9450630842384955,detected,1522.263536348075,936.1608948302014,8.301770446819319,-25.73311130064144,27.039090401914095,18.96383296032262,-22.529232943188987,29.448145910319898,33.40737366199749,27.422326878128008,195.41015397045518,2.2590793961696414,-12.29542662440314,26.758471213419664,1.9208372698398424,1.1812755770728094,0.03715854373541943,3.715854373541943,0.034602305208994336,-0.01551473391091879,-1.551473391091879
1341,22.37235,1522.6001283697046,935.5269576379974,13800.0,1473.0876494023903,925.2868525896414,-2.9376493599072955,detected,1522.5112098323118,935.7716564666674,8.38009233930461,-24.491802942673303,25.885794540597214,19.01424668815783,-22.75425590419512,29.6529549770629,33.388429565557836,27.36415365255201,195.5009177928398,2.411152844175839,-12.241464126932858,27.0082264301219,1.9211497915865134,1.1807844245636183,0.03741697788903836,3.741697788903836,0.034528900507952064,-0.01544664243146102,-1.544664243146102
1342,22.38903333333333,1522.8096774193548,934.8245161290324,13845.0,1473.727969348659,923.0,-2.9051827550375666,detected,1522.7606988967266,935.4032278912789,7.145292654273362,-21.402521791061645,22.56375735847382,19.010576986826106,-22.832019187754863,29.710320388074724,33.46323306712803,27.38792449856671,195.56387431630816,3.1357940128036996,-12.187380140995193,27.09558825456507,1.9214646042860906,1.1803195304621816,0.03748936326570943,3.7489363265709432,0.034558895266330235,-0.01537839765425261,-1.5378397654252611
1343,22.405716666666667,1523.2570036540803,934.911084043849,13818.5,1472.9135802469136,926.604938271605,-2.9780760724871405,detected,1523.016265112697,935.0732452572202,5.568829742562684,-20.593784464607324,21.333443774420314,18.989986739215908,-23.168898418986334,29.956926583094326,33.61174882227601,27.493265010176334,195.7647442362297,2.6349710150849366,-11.98097076564846,27.45676218743901,1.9217870853157062,1.1799031485895524,0.03780053827519789,3.780053827519789,0.03469181704754112,-0.015117944183783547,-1.5117944183783547
1344,22.4224,1523.633162612036,934.1523687580026,13816.0,1473.4642857142858,925.1071428571428,-2.9632134429136143,detected,1523.2073671032172,934.6953355950557,7.724660823686918,-18.943514073698907,20.45793514266364,18.98315943483408,-23.163425528409547,29.948365971092734,33.726329212449,27.679298177748205,195.8548571356221,2.1839780253153864,-11.932700510604553,27.46844158052515,1.9220282234740913,1.179426290971679,0.037789736241126484,3.7789736241126484,0.03492655921482424,-0.015057035344611424,-1.5057035344611425
1345,22.439083333333333,1523.120232708468,934.2598577892696,13778.0,1471.834862385321,930.4495412844036,-3.067432543380251,detected,1523.4235819242729,934.3225704927816,6.545147740673656,-18.075406859708437,19.223924991823086,19.05907378655138,-23.589085995639344,30.32644508858363,33.85100333439062,27.94466910322118,196.19043101806085,3.0271730151529956,-11.72583409296858,27.96780446397346,1.9223010497467168,1.1789559249120274,0.03826680768275537,3.8266807682755375,0.03526141211762925,-0.014796005164629124,-1.4796005164629125
1346,22.455766666666666,1523.5163987138264,933.4565916398714,13753.0,1475.6301886792453,919.1207547169812,-2.850711215168906,detected,1523.6372820713195,933.8883663626422,6.023220736917665,-18.000044883025794,18.98106434941355,19.283799422463378,-23.673905625423416,30.53389473564179,33.941624599204935,28.28749282865122,196.26068341327212,2.805960465840553,-11.883518874476104,28.12651252621312,1.92257070292911,1.1784080332651636,0.03852857379891709,3.852857379891709,0.03569399726012772,-0.014994976497761646,-1.4994976497761647
1347,22.47245,1523.438202247191,934.1460674157304,13597.0,1476.1477272727273,917.4090909090908,-2.801431191966417,detected,1523.8253917698662,933.4857480189373,5.492006411941475,-17.691490032816773,18.524334104362875,19.709674963110906,-23.713754403122074,30.835262850234837,33.98784231472111,28.705238204790525,196.60538647079795,2.978565881399677,-12.110816800561118,28.357389715316167,1.9228080653247523,1.1778999975002364,0.038908849022378345,3.8908849022378345,0.03622112076314262,-0.015281787760960402,-1.5281787760960401
1348,22.48913333333333,1523.3459037711314,933.4336801040312,13607.5,1477.6150943396226,913.2490566037736,-2.7259309545743107,detected,1524.0613891535968,933.0779184782448,7.362670449685538,-22.206132372860566,23.394897544372334,20.265416476201494,-23.83864509039804,31.288466001065913,33.98676409195857,29.19457141780042,197.11658683793885,3.889605107628324,-12.35169889263842,28.747237070116014,1.9231058538215733,1.1773853860924226,0.0394807141969286,3.9480714196928597,0.03683857592151473,-0.01558573992761946,-1.558573992761946
1349,22.505816666666668,1523.8874296435272,932.8574108818012,13609.0,1476.5051194539249,916.7883959044368,-2.81462943071175,detected,1524.3604122955612,932.6297793662096,10.95336083306438,-22.99796873205105,25.47317568226833,20.754630472409012,-23.958993959577956,31.698392350422782,33.98546054415059,29.75118884910553,197.5552210591864,4.699462388410819,-12.561390885385192,29.103256460848215,1.9234831700890365,1.1768199108721888,0.039997971420091843,3.9997971420091845,0.037540932301710454,-0.015850335502063335,-1.5850335502063335
1350,22.5225,1523.5325743200506,932.6685641998736,13711.5,1475.6434426229507,919.3237704918032,-2.8698268037036216,detected,1524.6634527328972,932.2231573541193,16.4652924523175,-27.452069233662314,32.01127864909699,21.26238018454684,-23.86951546320846,31.966272531537953,34.074430040104346,30.369669628769383,198.0352609367062,5.319427449509757,-12.827622499129603,29.279594952464453,1.9238655554989241,1.176306823159772,0.04033599057607313,4.033599057607313,0.03832134968929891,-0.016186274446851237,-1.6186274446851237
1351,22.53918333333333,1523.9055876685934,932.1875401412974,13770.5,1477.7601351351352,914.1013513513514,-2.768054929591675,detected,1524.986470890547,931.7985834801867,19.9758996305045,-29.264536851872663,35.4323253993102,21.699737226533333,-24.030568253698267,32.37818411054344,34.213345903790625,31.043373976419907,198.18730953513597,3.4132869112849193,-13.115115426154826,29.60304973570938,1.924273149388703,1.1757710832557562,0.040855752820875,4.0855752820875,0.03917144981251724,-0.01654904154719852,-1.654904154719852
1352,22.555866666666667,1524.094132817537,931.9658284977434,13767.5,1479.365145228216,910.6016597510372,-2.6959958846814107,detected,1525.299552717963,931.3775781423052,25.393022509014372,-30.299071935325173,39.53276302366583,22.083029424912265,-24.203790472333836,32.76406052079289,34.34977879738111,31.764405595097227,198.2931001710323,1.8660602220204465,-13.369985385769109,29.911990114241803,1.924668205322351,1.1752398462363474,0.04134266311771974,4.134266311771974,0.04008126888971259,-0.01687064401989793,-1.6870644019897931
1353,22.57255,1525.023044269254,930.3262583383868,13913.5,1478.7610294117646,912.3492647058824,-2.770960315545825,detected,1525.6336704534544,930.9444457672467,30.099960452722826,-26.965671168204608,40.41231298511902,22.49796564824511,-24.317158612814026,33.12827585779816,34.54248799359019,32.52364691958508,198.3665015044072,0.04320459178928486,-13.689732217071548,30.167430999925163,1.9250898049885863,1.1746933069618257,0.04180224083002922,4.180224083002923,0.04103930210673197,-0.017274110053087127,-1.7274110053087126
1354,22.589233333333333,1525.5602331606217,930.6891191709844,13770.5,1479.5113636363635,910.8219696969696,-2.7342831383442903,detected,1525.9864441526088,930.5277221730307,30.530331454673615,-22.632159016920014,38.00415451630765,22.9043841853171,-24.46737348430705,33.515118679920796,34.824068224641714,33.31086685194235,198.47465984698087,-1.6164693780928547,-13.970632658890395,30.46448101050666,1.9255349453029764,1.1741674727735405,0.04229037057403255,4.229037057403255,0.04203263956081054,-0.017628558560114065,-1.7628558560114065
1355,22.605916666666666,1526.274647887324,929.4110115236876,13839.5,1478.7683823529412,913.408088235294,-2.8166721698736232,detected,1526.339142216327,930.1138791687035,32.81485176956403,-20.790959389408044,38.846859448229196,23.306710871479627,-24.46029223475406,33.7862200883188,35.04803862771592,34.114893213216256,198.65033193653062,-2.6111403268657387,-14.260625495395136,30.629123858452147,1.9259799901783308,1.173645273398995,0.04263245437011836,4.263245437011836,0.043047183865257105,-0.017994480120372414,-1.7994480120372414
1356,22.6226,1526.683908045977,929.3033205619412,13727.5,1479.4894366197184,912.5035211267606,-2.799609591749476,detected,1526.7411353006428,929.7120430587646,29.077616650083655,-25.24669169651861,38.508482593686864,23.775543159831305,-24.592377798713986,34.206161701361374,35.26117045138063,34.92383726149533,198.45804022790406,-3.82214251229876,-14.766234063772618,30.854818585004885,1.92648723697242,1.1731382246798292,0.04316234914998281,4.31623491499828,0.044067933452990954,-0.018632472004760404,-1.8632472004760405
1357,22.63928333333333,1527.6209987195905,929.5614596670936,13757.0,1480.0901960784313,910.6823529411764,-2.76350472522323,detected,1527.1326060059964,929.2857936538124,27.255105348993766,-24.3089864811634,36.52078300538111,24.172300994755705,-24.763952076090465,34.60568533937701,35.427755744019066,35.72535533478381,198.74888663938032,-3.1820711838772375,-14.929975248740167,31.219373742597384,1.9269812063167149,1.1726003705410883,0.04366647992350412,4.366647992350412,0.045079312725279264,-0.018839085487369296,-1.8839085487369296
1358,22.655966666666668,1528.275092936803,929.5582403965304,13774.5,1480.6939655172414,909.3405172413792,-2.739797771163984,detected,1527.5898773158976,928.8797178939876,25.80490929289681,-25.917209134565837,36.57314688319088,24.684205829436934,-24.851864635492003,35.027491964039136,35.56899880232922,36.50693254156228,198.78652959142596,-3.286335342063818,-15.36578257278884,31.477260351190118,1.9275582048150128,1.1720879721059783,0.0441987280303333,4.419872803033329,0.046065530020898776,-0.019389000091847117,-1.9389000091847117
1359,22.67265,1527.7835866261398,929.8626139817628,13655.0,1478.7854545454545,916.0145454545454,-2.86615199110507,detected,1528.0504135407773,928.5103385701525,25.549880091582963,-26.087206320194127,36.51491073913017,25.139998934355678,-24.94734472852957,35.41736234424434,35.68419512897972,37.25617476889952,198.8227097029587,-3.5540471285957467,-15.746514984954358,31.724388429914683,1.9281393230798454,1.171621878321959,0.044690678036901375,4.4690678036901375,0.04701094608063031,-0.019869419539374586,-1.9869419539374586
1360,22.68933333333333,1528.7018267530937,928.9251620506776,13666.0,1480.018315018315,913.2454212454212,-2.830008610430641,detected,1528.529439661232,928.1268789185186,26.134431911752472,-25.899027486565956,36.793588518924395,25.753631938294713,-25.055222420560693,35.930679489218136,35.80155009576087,37.961097394216594,198.97663836347817,-4.236920729408046,-16.206431591184852,32.06813533146519,1.928743772443195,1.1711380175627997,0.045338396831821,4.5338396831821,0.047900438352323785,-0.020449755951021897,-2.0449755951021897
1361,22.706016666666667,1527.8803475935829,926.0541443850268,13865.0,1480.5274725274726,912.8315018315018,-2.869292251485694,detected,1529.0232638507819,927.7265663674501,26.45555724047381,-28.16522224272535,38.64163884834721,26.266372747732664,-25.2364641988124,36.42528603293011,35.94575102107698,38.61040136647199,199.07480809480938,-5.46717585822362,-16.5768201120491,32.43471130677037,1.9293668944489362,1.1706328913153945,0.045962506035243045,4.596250603524305,0.04871974935832428,-0.020917123169778045,-2.0917123169778047
1362,22.7227,1529.0050536955148,927.2880606443462,13631.5,1482.7411764705882,907.2196078431372,-2.7323068662824816,detected,1529.5270634783644,927.2990328824785,25.8891410717074,-34.22431415868891,42.91329986220357,26.78289940804565,-25.400289756864787,36.912036254238025,36.03897587907172,39.19372935983401,198.84275187580636,-5.834608314547751,-17.14398325718213,32.68917647343905,1.9300026037581888,1.1700934168864083,0.04657670189809215,4.657670189809215,0.049455809917771626,-0.021632786444393856,-2.1632786444393854
1363,22.739383333333333,1529.9353448275865,925.6397783251232,13897.0,1481.9788732394366,910.193661971831,-2.8299984654879755,detected,1530.0786890555817,926.8836144722859,29.73753687477756,-32.45417368215226,44.01811546136499,27.321814529955677,-25.47723585929749,37.35734327062848,36.084728526506595,39.701896310772206,198.66781810532046,-7.027674309410459,-17.729642749147672,32.8820751204538,1.9306986612688728,1.1695692296180265,0.04713860349606118,4.713860349606118,0.050097030045138435,-0.022371788957915046,-2.2371788957915046
1364,22.756066666666666,1530.4275595621375,926.8699291693496,13600.0,1482.2459016393443,910.327868852459,-2.810874994433054,detected,1530.6308875964771,926.4600035642592,33.562113331320234,-33.78044321938455,47.61862865898647,27.654716806701426,-25.64911958800792,37.71817462840409,36.12135774683703,40.12708981792407,198.58287512575868,-9.201783066082038,-18.039142824648845,33.12476450407921,1.9313954417621164,1.1690347048129455,0.04759391120303356,4.759391120303356,0.05063355182072438,-0.02276232533078719,-2.2762325330787188
1365,22.77275,1531.1719901719905,925.8746928746928,13629.0,1482.4666666666667,910.0755555555556,-2.827919684536105,detected,1531.2013869886318,926.0435406668809,35.848473776463834,-26.150989518910592,44.37327264153487,27.855131547002134,-25.905606294136305,38.03956875370156,36.219410332118706,40.46303671314848,198.42728383443492,-11.69047450009406,-18.238092087070378,33.38234245811892,1.932115314812154,1.1685091995796604,0.047999455840632886,4.7999455840632885,0.051057459574950774,-0.023013365409552528,-2.3013365409552526
1366,22.78943333333333,1531.3403575989782,925.544699872286,13624.5,1483.4,907.4734693877552,-2.7811114331145945,detected,1531.7766424579997,925.6254577840559,42.246611283620496,-20.769241552510948,47.07587024809927,27.967400570360926,-26.184283085359247,38.31177593583016,36.27335025304412,40.7051327410879,198.08416288773157,-13.531105057186304,-18.45789504532579,33.572284489635095,1.932841189221451,1.1679816502007017,0.04834293493480147,4.834293493480147,0.05136294352187748,-0.023290719300095637,-2.329071930009564
1367,22.806116666666668,1531.53663003663,923.508547008547,13725.5,1482.8632478632478,911.025641025641,-2.8905407790450903,detected,1532.3725349130946,925.1747338551486,43.0419521195231,-23.653680767942433,49.11319839036192,27.933884337378753,-26.436867697503892,38.4604974984643,36.34026866483554,40.850532834153654,197.77268824231905,-15.288590411855049,-18.531113054523203,33.701746494653044,1.9335931039912866,1.1674129133818911,0.04853059621257325,4.853059621257326,0.05154641367085635,-0.023383107955234326,-2.338310795523433
1368,22.8228,1533.003048780488,924.9134146341464,13675.0,1483.5036496350365,910.7116788321168,-2.862190425991705,detected,1532.9670760400954,924.7287537368484,41.47390310768833,-20.26462395359181,46.15993525738968,27.92249501849722,-26.59837813614679,38.56344703902199,36.39942369243984,40.898200022536756,197.30978834670796,-17.95756256171222,-18.743857025178055,33.70173988611177,1.9343433136152626,1.1668501624439729,0.048660500995611346,4.866050099561135,0.051606561542633135,-0.02365155460590291,-2.365155460590291
1369,22.83948333333333,1533.285803237858,922.8511830635118,13794.0,1484.6412213740457,908.5458015267176,-2.8555761854118926,detected,1533.5405252290284,924.2885664852719,41.124220722630525,-21.043093397644952,46.19538190972819,28.019306410440148,-26.932659021659447,38.86450377528454,36.390574891537256,40.84891163579814,196.52247514767822,-19.15959269521858,-19.202922727252258,33.78901319112894,1.935066908806345,1.1662947211170624,0.04904038331266188,4.904038331266189,0.05154436799469797,-0.024230817321453955,-2.4230817321453957
1370,22.856166666666667,1534.3131763208148,924.4315722469764,13700.0,1484.7985074626863,908.9962686567164,-2.839407668921581,detected,1534.127980056056,923.8370092042212,39.129208716286485,-18.881591224356953,43.44662773940486,27.76064048058179,-27.09482698738026,38.79153012409005,36.34319051138801,40.705222184160654,195.72776328985006,-22.58014896268752,-19.376785614486874,33.60540118222665,1.9358081767268847,1.165724932749806,0.04894830299569723,4.8948302995697235,0.051363056383798934,-0.02445020266812224,-2.445020266812224
1371,22.87285,1536.0263653483992,923.6453232893912,13678.5,1484.5039682539682,910.7222222222222,-2.895837747129589,detected,1534.704984621783,923.3347387292599,37.88947261527119,-18.891612677902685,42.337987253001046,27.504145607975072,-27.140981342823153,38.64079313207959,36.304134940451114,40.47138317487004,194.92390918865257,-22.55994850568023,-19.586614201838138,33.30878920021743,1.9365362581978336,1.1650911529706751,0.048758098589374875,4.875809858937488,0.051067991387848635,-0.024714970601688504,-2.47149706016885
1372,22.889533333333333,1536.420634920635,923.0006105006104,13669.5,1485.042553191489,910.1879432624114,-2.897197582654825,detected,1535.2556212274264,922.8670685561797,34.97562860254993,-17.722103482005195,39.209278850425314,27.1770486507529,-27.012160469170514,38.31773462220344,36.38430779151056,40.153221106682764,194.24817293876023,-22.24551919930766,-19.69275151547396,32.87011293450946,1.93723106779486,1.1645010328784602,0.04835045378196018,4.835045378196018,0.05066652505575112,-0.024848897811323614,-2.4848897811323614
1373,22.906216666666666,1535.9116022099447,923.2117863720074,13590.5,1485.636690647482,909.5287769784172,-2.875865171790469,detected,1535.8141439464139,922.4176233471574,30.091503327547798,-23.222394471195912,38.010237798357046,26.573728444378443,-27.041954210016808,37.91345844066739,36.346829831714395,39.75797596775007,193.78164387077297,-21.475587260064287,-19.366691057408662,32.5938891269376,1.9379358283235508,1.1639339095863186,0.04784032610809766,4.784032610809766,0.05016779301924299,-0.024437465056667083,-2.4437465056667085
1374,22.9229,1536.623743718593,922.8448492462312,13516.5,1485.992156862745,910.0078431372548,-2.893287357006085,detected,1536.336557607169,921.9331712428988,28.18393081895647,-22.32368102012697,35.95386892527842,26.083850366664905,-26.93367229366745,37.49386554055523,36.28768925152182,39.29410372587123,193.1902227502672,-21.464025022298944,-19.249849715630294,32.17504062311162,1.9385950253718223,1.1633226135557082,0.047310871344549185,4.731087134454919,0.04958246526923815,-0.0242900311869152,-2.42900311869152
1375,22.93958333333333,1536.766875,921.88875,13461.0,1486.2091254752852,912.4030418250952,-2.9561275738643937,detected,1536.8368319009733,921.4635127866082,24.31434576359652,-28.71272684167957,37.62456767321893,25.356921680254402,-26.8005381423076,36.895017574407525,36.19799412594318,38.77104754923443,192.48121789959328,-21.810212163466595,-18.965538559799704,31.647285333067526,1.9392262863103764,1.1627299845887802,0.046555227223227164,4.655522722322717,0.04892245747537468,-0.023931278939810355,-2.3931278939810356
1376,22.956266666666668,1537.4186327888688,921.2897761645492,13575.5,1486.5291828793777,911.0155642023346,-2.9423777876380237,detected,1537.314220241878,921.0105663173046,22.399506294552793,-28.63703676619457,36.35681169998395,24.587364351281057,-26.742358589780395,36.32756843895622,36.15084312069257,38.19898384868931,191.7383788027038,-20.068701926701323,-18.6326126395864,31.185220456334324,1.9398286690749251,1.1621584433025927,0.04583920307754728,4.583920307754728,0.04820061053462374,-0.023511183141433946,-2.3511183141433944
1377,22.97295,1537.851466992665,921.2017114914426,13380.0,1486.9234042553192,912.3446808510638,-2.9694022916958214,detected,1537.762821297852,920.607088491699,23.23876078165904,-29.665766831926476,37.684184008591764,23.73751792281162,-26.860762798994948,35.84648288576822,36.03302187541676,37.58855071081268,191.3031176854033,-18.171885063889018,-18.012408745556193,30.992313022146064,1.9403947271897188,1.1616493230179168,0.04523215506090627,4.523215506090627,0.0474303479000791,-0.022728591477042516,-2.2728591477042515
1378,22.98963333333333,1538.1950030469227,920.3284582571604,13419.5,1487.2745901639344,912.6270491803278,-2.9914862613565885,detected,1538.1741671001475,920.1074817077485,24.69536485947083,-33.01817232704866,41.23179294380816,23.0822090111962,-26.881763852915846,35.43187266685858,35.9147352646216,36.9505678899785,190.76421314773566,-16.65262563396489,-17.655410341219024,30.719767029775085,1.940913775520691,1.1610189043630896,0.04470898759225058,4.470898759225058,0.046625322258647954,-0.02227812030437732,-2.227812030437732
1379,23.006316666666667,1538.8594692400482,920.3552472858868,13553.0,1487.7004219409282,912.5443037974684,-2.9900830943708163,detected,1538.5733123683872,919.648986467794,25.157351053219372,-33.47320307648965,41.87299411571657,22.399704198769246,-26.867266109362188,34.97994763266009,35.848075307617556,36.29575917901103,190.5855050084081,-15.969605059919731,-17.082914083041402,30.52492068482846,1.941417428856009,1.1604403614735572,0.04413873518316731,4.4138735183167315,0.045799065210108555,-0.021555727549579056,-2.155572754957906
1380,23.023,1538.9713239780351,919.2434411226358,13392.0,1489.0393013100436,907.589519650655,-2.9123015349841403,detected,1538.9246982924153,919.1482291190687,25.683974092150038,-33.12136580216975,41.91290252138802,21.935507230634123,-26.903394152721294,34.71252071518114,35.809017380230976,35.63448951913043,190.01905620838104,-14.534044395490033,-16.92045245639041,30.309361310870802,1.9418608180345935,1.1598084910019795,0.04380128796868283,4.380128796868283,0.044964655544644086,-0.021350728651596734,-2.1350728651596733
1381,23.039683333333333,1539.593037214886,918.998199279712,13644.5,1489.0524017467249,909.065502183406,-2.947536876346621,detected,1539.2603573708475,918.6811847345601,25.789834911812704,-32.55223577108018,41.53027375872383,21.460904965358097,-27.024852016193403,34.50960834940444,35.79693080892179,34.97653036051496,189.5433612155692,-12.921123809546067,-16.68333722386219,30.2089279436424,1.9422843626130568,1.1592191605483408,0.04354524712858605,4.354524712858605,0.04413442316784222,-0.021051529620015382,-2.1051529620015383
1382,23.056366666666666,1539.6040268456377,918.4496644295302,13625.0,1489.7632653061223,907.1795918367347,-2.919210915881871,detected,1539.5995785278105,918.2062259296712,25.38943801954838,-32.112750746077154,40.93717532302598,21.047649155827074,-26.899268398355872,34.15514859217531,35.857013256196915,34.330867137560595,189.15346447052795,-10.695833321825134,-16.500505003269254,29.904974669620795,1.9427124019278368,1.1586198434443802,0.04309797929612027,4.309797929612027,0.04331970616726889,-0.020820826502547955,-2.0820826502547956
1383,23.07305,1540.0730235365118,917.3313216656608,13644.0,1490.5,906.8155737704918,-2.932564729394053,detected,1539.9376593400725,917.74664258057,23.940652210264943,-31.00454848420486,39.17188858048937,20.645026324533326,-26.68441144492306,33.73833022102035,35.93831315625449,33.705561787575135,188.82397931967284,-7.822521928562155,-16.307304229680604,29.53551683758481,1.9431390023218582,1.1580399275464606,0.04257202551548309,4.25720255154831,0.04253067733447967,-0.020577040037451866,-2.0577040037451866
1384,23.08973333333333,1541.0492825951342,917.007485963818,13667.0,1489.9458333333334,909.6583333333332,-2.998762583464856,detected,1540.2175317897575,917.3036576970194,20.969343430522258,-32.22842868442581,38.44977216284001,20.18086592390102,-26.262712699176774,33.12095149234047,36.0119372889862,33.10768057076847,188.3602478422381,-5.995464341151364,-16.14790297554212,28.917860523393642,1.9434921536779275,1.1574809560845671,0.04179299872850532,4.179299872850533,0.04177625308614319,-0.020375902808255044,-2.0375902808255044
1385,23.106416666666668,1541.2459727385378,916.5030978934324,13593.5,1489.9583333333333,910.7416666666668,-3.02972597240676,detected,1540.475502825771,916.8647264018125,18.59697461484393,-31.949990629821514,36.96822102929531,19.909000103018432,-25.93431346369236,32.69490633011574,36.082286046621704,32.543292808747694,188.05884232212085,-3.9750403293914944,-16.076659045156514,28.46924540413444,1.9438176691807836,1.1569270995606469,0.041255402309294316,4.125540230929432,0.04106409187223684,-0.02028600510429844,-2.028600510429844
1386,23.1231,1541.8442272449604,916.4618204031764,13651.0,1491.62213740458,903.9160305343512,-2.896796390349675,detected,1540.6826453836873,916.3725908137195,13.84795372436929,-31.68001246194126,34.57439821516821,19.4451892804989,-26.061910675792085,32.516742983075574,36.16780458415781,32.017539674743574,188.11503547137673,-4.1772872498644835,-15.57155167419202,28.545846504970953,1.94407904780276,1.156306108282296,0.04103059051492186,4.1030590514921865,0.040400680977594416,-0.019648645645668168,-1.9648645645668168
1387,23.13978333333333,1541.891774891775,916.047619047619,13744.5,1491.1161825726142,907.298755186722,-2.9709635664754206,detected,1540.8803812381339,915.9316817781842,11.044816239602369,-30.14454900802116,32.10423337604519,19.166766551395956,-25.947838212706966,32.25918858168207,36.236546834894455,31.534764401649557,188.37305894298376,-2.8339237974498124,-15.183998002469687,28.462281226379645,1.9443285567673614,1.1557497561869832,0.04070560073398369,4.070560073398369,0.03979150082227074,-0.01915961893056112,-1.9159618930561122
1388,23.156466666666667,1541.8822085889572,915.3503067484662,13683.5,1490.453488372093,911.9573643410852,-3.075714432558135,detected,1541.0904662791477,915.450482717991,10.079594324739446,-30.825850743685805,32.431948689884706,18.935842727949034,-26.000174733664238,32.1648134768211,36.272001079654,31.098687182696185,188.50145639675708,-2.277314335234837,-14.884053540755557,28.51385937039415,1.9445936483017638,1.1551425649438374,0.04058651542816543,4.058651542816543,0.03924124565639898,-0.018781140114518056,-1.8781140114518056
1389,23.17315,1541.7172969621822,914.3719776813392,13816.0,1490.111111111111,912.4691358024692,-3.1047369898595782,detected,1541.2952878779058,915.0213891437506,5.846199646177865,-31.302413370929116,31.843667080716255,18.715824913400404,-25.797859362705,31.871800229779385,36.21645925407757,30.712600841894787,188.63829534751534,-1.2250905490302175,-14.628776800139198,28.31625927305149,1.944852098268651,1.1546011219479504,0.040216782624327305,4.02167826243273,0.03875407046295872,-0.018459024353487948,-1.8459024353487947
1390,23.189833333333333,1540.803461063041,911.0500618046972,13977.0,1491.839622641509,906.1603773584906,-3.0420594715871654,detected,1541.5005726068384,914.5994685645632,4.84074007362824,-28.11516594045338,28.528850665942716,18.563589560949147,-25.77561255156528,31.764588141447543,36.158832449232605,30.37955832404445,188.7760233177211,-0.22264420327970047,-14.41360900920881,28.30612893218436,1.9451111326269257,1.154068730049922,0.04008149923211047,4.008149923211047,0.038333827538226437,-0.01818751925452216,-1.818751925452216
1391,23.206516666666666,1541.4346426271732,913.6999356084996,13925.0,1490.6331877729258,910.0742358078604,-3.0703434637914238,detected,1541.6842989397455,914.1921928191956,4.830416252725627,-25.387305868760677,25.842759536253208,18.421274153132885,-25.79107996030167,31.694213145991746,35.99918288730235,30.10252131951214,189.13455833023295,0.758659852398715,-14.093232961818284,28.388447150689213,1.945342963961824,1.1535548174374708,0.039992697976014825,3.9992697976014826,0.03798425403093015,-0.01778325925781487,-1.778325925781487
1392,23.2232,1541.8954545454546,913.35,13770.0,1490.7594339622642,911.7169811320756,-3.1096686975625163,detected,1541.8524239682351,913.7250280836728,3.3020413540452864,-24.0060053239647,24.232040127031127,18.265289018996715,-26.0212679718942,31.791935609720415,35.74904209954349,29.88444166552352,189.4175427198957,0.3487657982540187,-13.76130284065447,28.659269249937342,1.9455551091081833,1.1529653351213538,0.04011600707851157,4.011600707851157,0.03770907465681202,-0.017364419988207532,-1.7364419988207531
1393,23.23988333333333,1543.0173267326732,912.0649752475248,13790.0,1492.8307086614172,902.6535433070866,-2.956216965055436,detected,1542.0615632418685,913.3046446298163,4.649077948156446,-19.47717697190319,20.024343898436985,18.212450854424123,-25.94732764676832,31.701059574303844,35.53915547703542,29.72825381671997,189.77304248966362,0.06077073431129381,-13.543698296324472,28.662264645203788,1.9458190072452601,1.1524348828136484,0.04000133700227615,4.0001337002276145,0.03751199219775391,-0.017089840121545075,-1.7089840121545075
1394,23.256566666666668,1541.9376623376622,912.2051948051948,13804.5,1491.049808429119,910.6551724137933,-3.1111424935576992,detected,1542.2490770293698,912.8326310989016,4.2674657893576295,-16.354491567356263,16.90209036451009,18.234606412855523,-26.12189385369358,31.856776508858932,35.28553776436857,29.63676732310275,190.12003784555174,-0.04291093898742029,-13.36100389800053,28.919505258095285,1.9460556177026749,1.1518392821437244,0.040197825247771525,4.019782524777153,0.03739655182725899,-0.01685931091230351,-1.685931091230351
1395,23.27325,1542.323839009288,912.9133126934984,13662.5,1493.1626984126983,902.3333333333334,-2.929615580499623,detected,1542.4595841712285,912.4085154088283,3.4262627949819944,-16.719894282545283,17.06734137350537,18.35447973681347,-25.927361491557306,31.76657048412663,35.06075310285469,29.612461904845553,190.65336863282823,-0.7750077197588022,-13.24500497685551,28.8736011520222,1.94632124185644,1.1513041203896888,0.04008400061088534,4.008400061088533,0.03736588252977357,-0.01671294003388708,-1.671294003388708
1396,23.28993333333333,1542.7079701120797,912.5311332503112,13566.5,1492.850622406639,902.8215767634856,-2.949253359549364,detected,1542.7121661602064,911.9711051836966,2.7286249603721444,-22.286386081837918,22.452803806275615,18.725112827559304,-25.733960515485077,31.825564790233823,34.84843471756343,29.657202674768637,190.76210847814662,-0.36697077996972327,-13.590410956902296,28.77789610516865,1.946639957299945,1.1507521831970937,0.04015844137568937,4.015844137568937,0.03742233775996043,-0.017148783541832552,-1.7148783541832553
1397,23.306616666666667,1541.7252888318358,911.2920410783056,13636.5,1492.8607142857145,903.3214285714286,-2.979900285332947,detected,1542.9732433395761,911.5117759553734,3.457284321737461,-21.279453420044774,21.55847751436049,19.148593746964135,-25.453702862384382,31.85215270421811,34.682838575158755,29.771906994295165,191.00135372920414,-0.5587375104905393,-13.939307998370325,28.640099937315128,1.9469693922265947,1.1501725879563072,0.04019199079396607,4.019199079396607,0.037567075071665824,-0.01758903217459978,-1.758903217459978
1398,23.3233,1542.6998158379374,911.9103744628608,13805.0,1492.425702811245,904.140562248996,-2.988256835087141,detected,1543.2313787149676,911.0982911527773,4.642890158507271,-22.09269484521792,22.57528725283207,19.394896136139494,-25.149625373337862,31.759497044992358,34.58186203474459,29.956204694031364,191.2765259766452,-0.5198296158755642,-14.102607183832204,28.456670978338327,1.947295115097751,1.149650840571328,0.040075075135637045,4.007507513563705,0.03779962737417207,-0.01779508792912581,-1.7795087929125808
1399,23.339983333333333,1542.238431876607,911.4035989717224,13623.5,1492.8491379310344,903.3793103448276,-2.980529779337824,detected,1543.5177183669796,910.7036420257575,12.680104065254,-24.533047704403998,27.616217495743932,19.66196184304835,-24.857891132409918,31.693966224949392,34.52030213534341,30.208137537763964,191.55185405011275,-0.7395437821586235,-14.285776870930135,28.291766898909486,1.9476564269614887,1.149152860600325,0.03999238640372163,3.999238640372163,0.03811752370695769,-0.018026216871836136,-1.8026216871836136
1400,23.356666666666666,1542.3388853299168,910.50800768738,13807.0,1495.1660377358492,895.9849056603773,-2.84293145539234,detected,1543.810605800811,910.3296223966936,16.879203999083984,-28.4983238755442,33.121926142030226,19.883945922306335,-24.785533699550623,31.77568230916155,34.472118933719706,30.523940454015747,191.79148231909647,-1.9502777078213291,-14.399413555893375,28.325798761184412,1.948026001010487,1.1486809115415693,0.04009549818190732,4.009549818190732,0.03851601319118707,-0.01816960701059101,-1.8169607010591011
1401,23.37335,1542.363579863269,908.6326911124922,13984.0,1494.929328621908,897.077738515901,-2.9026471481452405,detected,1544.1105462909552,909.9321045912097,21.109601892090723,-26.345588510673224,33.75952200515104,20.21669880140145,-24.624859382592597,31.860612204398166,34.48196058561168,30.897936469180255,192.12003060543896,-3.5747129191751577,-14.59582153901648,28.320674491265702,1.9484044748150855,1.1481793117870156,0.0402026652421428,4.020266524214279,0.0389879324532243,-0.01841744042778105,-1.841744042778105
1402,23.39003333333333,1543.4824505424378,910.0319081046586,13751.0,1495.0942760942762,896.976430976431,-2.87806054183916,detected,1544.4388733895776,909.5404412562217,25.23709802842768,-23.693352790850895,34.6162690561561,20.497496459671588,-24.34847737118342,31.82759355353905,34.47134797012829,31.322561587701475,191.8890802093073,-3.0025007618589656,-15.041572545594928,28.049007233142586,1.9488187676840096,1.147685099376936,0.04016100132938682,4.016100132938682,0.03952373701918167,-0.018979902265734927,-1.8979902265734927
1403,23.406716666666668,1543.5067524115757,909.0501607717042,13892.5,1493.579766536965,902.9571984435796,-3.020155681406973,detected,1544.7652414944455,909.1660621575757,26.781149509155057,-22.124329022798975,34.73781662310948,20.849850708715334,-24.25363263070301,31.983667243779582,34.394078364867624,31.78851852592807,191.75636189199437,-3.2675413403687066,-15.470791580580306,27.993027314512887,1.9492305886365244,1.147212696728802,0.040357939739784965,4.035793973978496,0.04011169530085561,-0.019521503571710168,-1.9521503571710168
1404,23.4234,1544.9975339087546,909.1350184956844,13739.0,1496.275092936803,894.8698884758364,-2.856769519107223,detected,1545.1198969497625,908.8010997039114,32.01939027730532,-18.406702228276345,36.93302100628688,21.232343410118588,-24.037003658850228,32.071637806335765,34.30981889796525,32.2850428385595,191.70876669890393,-4.017604909058775,-15.912535612853134,27.84566684334326,1.9496781034066406,1.1467521762825381,0.04046894360420917,4.046894360420917,0.040738224401967824,-0.020078909290666417,-2.0078909290666416
1405,23.44008333333333,1545.2804568527918,907.8210659898476,13702.5,1496.645161290323,893.494623655914,-2.8551259976492465,detected,1545.4803529919704,908.4324983999644,34.00169760069912,-16.778732415548802,37.91624059953698,21.59007939136198,-23.980616022009986,32.26765366307868,34.210300360206006,32.800254245013676,191.78514650596924,-4.086248389300214,-16.23711278650665,27.884720570209367,1.9501329375293004,1.1462870642270846,0.04071628222470496,4.071628222470496,0.04138833343219392,-0.02048847039306833,-2.0488470393068328
1406,23.456766666666667,1545.49709114415,908.3400129282484,13752.5,1497.3678571428572,892.425,-2.8222387802543176,detected,1545.85932337354,908.0709664889408,35.74254905164344,-16.731480375172623,39.464822921861995,22.017599027512755,-23.890504865203653,32.48893488021191,34.14454546915058,33.321560966660975,191.8022380078958,-4.4727385549587915,-16.665706404726365,27.88879917963684,1.9506111335943725,1.1458308725412503,0.0409955014261349,4.099550142613491,0.04204613371187505,-0.021029282529623175,-2.1029282529623177
1407,23.47345,1545.633015873016,908.0673015873016,13753.5,1498.4495798319329,889.8067226890756,-2.772332301696152,detected,1546.2557868516378,907.7069111490603,34.51424566434571,-21.298457176507327,40.55684198601172,22.33294163220057,-23.808282452136428,32.64344643673496,34.08767398308406,33.836085197567236,191.73703426934642,-3.9237497807057524,-17.022908587753143,27.853459003882897,1.9511114029673664,1.1453714967180573,0.04119046868988639,4.119046868988639,0.042695375643617965,-0.02148001083628157,-2.148001083628157
1408,23.490133333333333,1546.4490322580646,908.263870967742,13775.5,1498.7725490196078,889.4901960784314,-2.766466550331209,detected,1546.6532575346712,907.3296906709041,34.28800979247171,-20.836190834811987,40.122493242984525,22.751789433094398,-23.87020914831403,32.97621578034873,34.01878029250111,34.33108200525789,191.78615915352918,-4.091063446435295,-17.396389040475835,28.014218810178036,1.9516129432614149,1.1448955087330022,0.04161036691526654,4.161036691526654,0.04331997729370081,-0.02195127954634175,-2.195127954634175
1409,23.506816666666666,1547.5802391441157,907.704845814978,13638.0,1499.287356321839,889.272030651341,-2.776971438671646,detected,1547.0972182709356,906.9606837886106,32.224913458843275,-24.101184405398726,40.24067764306378,23.221046399312545,-23.960410387059905,33.36642416854636,33.92059050040279,34.794330194863456,191.62875689473873,-4.412490643131934,-17.914726885431847,28.149259713458534,1.9521731460831997,1.1444298849067642,0.04210274343034241,4.210274343034241,0.04390451759604222,-0.022605333609377727,-2.2605333609377727
1410,23.5235,1547.9149484536083,906.7048969072164,13765.5,1497.126530612245,899.3673469387755,-2.9981125172504126,detected,1547.56528903953,906.5880830433412,33.40390779879954,-26.809759604507462,42.8320471876162,23.61750373535977,-24.07998548167968,33.728803469551615,33.79584091625526,35.21448036138478,191.40726140290516,-5.050780547365874,-18.38838889303648,28.27541931441671,1.952763771658713,1.1439597262376546,0.042560004377983116,4.256000437798312,0.04443467553487039,-0.023203014376071272,-2.320301437607127
1411,23.54018333333333,1548.8410852713178,906.2596899224808,13751.0,1497.6770428015564,896.9922178988327,-2.962402952974305,detected,1548.040936436491,906.2117156338344,33.862832955670456,-31.548399894960994,46.2816701482997,24.14794253972349,-24.08016133702437,34.10245297510006,33.71393633003987,35.58135137743193,191.46885144362665,-4.805080875404948,-18.877796178666074,28.400811790433938,1.953363957648569,1.1434848146799172,0.043031486403911745,4.303148640391175,0.04489760426174376,-0.02382056300147139,-2.3820563001471386
1412,23.556866666666668,1549.022113022113,905.9668304668304,13561.5,1498.0551181102362,896.8070866141733,-2.9637717865816118,detected,1548.5443983438847,905.844600369319,31.863795932432822,-32.83675849934889,45.755373454582184,24.54853833079453,-24.128095603091854,34.420861866176864,33.63027698724426,35.88617134879556,191.4975339727125,-5.685594231754229,-19.246578853052736,28.53707998488374,1.953999240812473,1.1430215777530839,0.0434332641844503,4.34332641844503,0.045282235140436035,-0.02428590391552396,-2.428590391552396
1413,23.57355,1549.3789670192905,905.6004978220286,13665.0,1499.1867704280155,894.8365758754863,-2.930338340379321,detected,1549.0627481402953,905.4738165190251,29.936768083062816,-33.459492493873086,44.89707920574163,24.842025022318854,-24.25769465406543,34.7212032789676,33.51583238171507,36.12176251635837,191.10009411261302,-6.439683467843797,-19.707110879377062,28.58656568962646,1.9546533099562087,1.1425537116959308,0.04381224388513262,4.381224388513262,0.045579511061650944,-0.02486701688249472,-2.4867016882494717
1414,23.59023333333333,1549.854919053549,904.5242839352428,13633.0,1499.6838235294117,893.4044117647059,-2.9234795389168293,detected,1549.5933383510283,905.0629843381096,28.238660980695386,-30.478580939324956,41.549559204131526,24.96706000343405,-24.38724085425454,34.90116905919482,33.332127644499735,36.28267187161612,190.71662388750573,-8.02110292293915,-19.996757651063618,28.604567557352212,1.9553228244177014,1.1420353114676463,0.04403933004314804,4.403933004314804,0.04578255125755977,-0.02523250176790362,-2.523250176790362
1415,23.606916666666667,1550.5255699322242,903.7215033887862,13730.5,1499.786476868327,895.3843416370107,-2.978733573526129,detected,1550.1252378972415,904.642083542572,28.860607291261203,-26.605763107693292,39.253041713516836,25.042308547632068,-24.58179585075949,35.09105163205034,33.15650362535447,36.36525065017041,190.3185755162819,-8.698433557099785,-20.23417933379563,28.66984288989077,1.9559939910375288,1.1415042063628669,0.04427892950416447,4.427892950416447,0.045886751609047836,-0.025532087487439282,-2.5532087487439283
1416,23.6236,1551.0273802115744,903.4704418170504,13692.0,1499.6836363636364,898.1527272727272,-3.0383897827855955,detected,1550.6374070956604,904.240904534726,29.39884071864435,-22.228247763222726,36.85629979017749,24.989293633633316,-24.791132813285802,35.200355999249815,33.014621297096625,36.367686606042106,189.74038820332171,-9.118884073444875,-20.4347921875479,28.661547947130387,1.9566402613194454,1.1409979867946072,0.04441685299589882,4.441685299589882,0.045889825370400136,-0.025785226735076217,-2.5785226735076217
1417,23.640283333333333,1551.014649681529,903.243949044586,13714.5,1500.2207792207791,899.069264069264,-3.059588213572322,detected,1551.1604781583574,903.8113103671154,29.93504880782166,-19.772296016122255,35.87549075449462,24.902026916249042,-24.872898254588378,35.19619314813318,32.861068559181135,36.2899932337805,189.2546172613155,-10.919910423267789,-20.577775614574715,28.553934280181277,1.957300287896981,1.1404559121351614,0.044411600186918844,4.4411600186918845,0.04579178956943912,-0.025965647463185762,-2.596564746318576
1418,23.656966666666666,1551.9814814814815,902.7962962962964,13736.5,1500.4760147601476,898.210332103321,-3.052788437618408,detected,1551.710655454255,903.3671649310636,28.785269063614578,-17.654852231410814,33.768113989052424,24.909931381884338,-25.188779679194603,35.425687053001425,32.80206008515539,36.13396005383094,188.83511061825988,-10.560490493424222,-20.745581587522715,28.715851855249426,1.9579945179233502,1.1398954762537081,0.04470118240126363,4.4701182401263635,0.04559490227612737,-0.026177390015801535,-2.6177390015801536
1419,23.67365,1552.355976485957,902.828870019595,13698.5,1499.9022222222222,903.4044444444444,3.130620105797256,detected,1552.2333241571553,902.8918923673261,26.873603682996418,-18.156422579153286,32.43217932522491,24.59781910906609,-25.229451641321987,35.23603177209576,32.8283092302762,35.90306785026997,187.96677073624974,-10.684290230454382,-20.863645382002165,28.39517980957686,1.9586540367913632,1.1392957632395284,0.044461869743969415,4.446186974396942,0.04530355564702836,-0.02632636641262103,-2.632636641262103
1420,23.69033333333333,1553.0314540059346,902.740059347181,13702.5,1502.376,894.028,-2.971272331715084,detected,1552.7482366909608,902.4491277812147,26.103537087683435,-18.395933914280022,31.93438637372922,24.27302265531772,-25.088277361328075,34.90847017250246,32.87083639988625,35.6023724605376,187.7052542960227,-10.692668768939683,-20.690096772045585,28.11620858771472,1.9593037686952188,1.138737069755476,0.04404854280441951,4.404854280441952,0.04492412928774461,-0.026107377630341433,-2.6107377630341433
1421,23.707016666666668,1553.6893203883494,903.132281553398,13666.0,1501.8260869565215,898.0711462450593,-3.044314479568325,detected,1553.2681801488388,902.0223012562553,24.553191196077023,-19.079938367045315,31.095067872596164,23.865291012432905,-24.99309082179443,34.55729595808352,32.85374926075685,35.238360440915564,187.27520898048118,-10.140636002491775,-20.508148871239854,27.814070788175528,1.959959848768251,1.1381984873895967,0.04360542076729782,4.360542076729782,0.04446480812733825,-0.025877790373804235,-2.5877790373804235
1422,23.7237,1553.7320872274142,902.2467289719626,13545.5,1502.6483050847455,897.3093220338983,-3.0452388297407174,detected,1553.721842530727,901.5648530803523,24.565058659483384,-22.12869965058394,33.062387318063,23.284731684504994,-24.98945947271857,34.15628513697054,32.92274754473384,34.81877972425836,186.77134195179426,-9.657151035415987,-20.175871964415215,27.560587889839336,1.9605322934141667,1.137621265716533,0.04309941342204485,4.3099413422044845,0.04393536873723453,-0.025458513519766836,-2.5458513519766837
1423,23.74038333333333,1553.874240583232,901.6713244228432,13441.5,1503.0091324200914,897.7625570776256,-3.064897635623044,detected,1554.1816223617263,901.1534493299733,22.650084878345297,-23.91334781939281,32.93743385462057,22.749652367271402,-24.894073551604293,33.723309161830215,33.026078495843386,34.352448303682564,186.26724773464392,-9.24458446952542,-19.89610036497438,27.228785707248278,1.9611124572387715,1.1371021442649507,0.04255307149757756,4.255307149757756,0.043346937922627844,-0.025105489419526034,-2.5105489419526035
1424,23.757066666666667,1554.136803874092,900.2905569007264,13509.0,1502.7787234042553,899.4085106382979,-3.124419902067352,detected,1554.5853819647655,900.7328504253221,22.3733798479102,-27.257158873287835,35.26359079365753,22.128901278961074,-24.75777036870625,33.2059552707582,33.12111666166919,33.84904408634789,185.79849727692854,-8.805147457829875,-19.51439304433122,26.86678115359098,1.9616219330785685,1.1365714200950439,0.0419002590167296,4.19002590167296,0.04271172755375128,-0.024623839803572523,-2.4623839803572523
1425,23.77375,1554.9362336114425,900.6162097735399,13487.5,1502.8524590163934,903.3975409836064,3.0882422210311224,detected,1554.931306346028,900.3021072670389,22.436137696357946,-29.21875296587791,36.83905264269065,21.593118522464678,-24.698992139503133,32.807056866357954,33.12922702186553,33.318879440648104,185.767609582277,-7.991295617908481,-19.00171027268934,26.74393364756234,1.96205843072054,1.1360278956050964,0.04139691718152423,4.139691718152423,0.04204275008283673,-0.023976921479734185,-2.3976921479734186
1426,23.790433333333333,1554.8613269575612,900.6347878063359,13561.0,1504.929961089494,889.1828793774318,-2.916138848100524,detected,1555.2740206610629,899.8411201236981,22.073457367327137,-29.89879099850191,37.16416584990584,20.838070503036548,-24.957460143802315,32.51307427972635,33.11678714357532,32.77266466957983,185.58681174973734,-7.268163227138241,-18.309382215771365,26.86757380181169,1.9624908778057577,1.1354462083579788,0.04102596123624776,4.102596123624775,0.0413535200877979,-0.023103321407913397,-2.3103321407913398
1427,23.807116666666666,1555.6996904024768,899.4507739938081,13553.5,1505.275590551181,891.7716535433071,-2.990463188539059,detected,1555.6070049994828,899.4147804801461,24.32105336344739,-28.472056406810225,37.445582286035275,20.21932604982254,-24.86405493569127,32.04750183328033,33.121884702035025,32.22126570066194,185.32401705034056,-5.448965917470048,-17.82501264597911,26.63289878936934,1.9629110473179594,1.1349082403534967,0.04043848811770389,4.043848811770389,0.04065774851818541,-0.022492129521740206,-2.2492129521740205
1428,23.8238,1555.942214111922,899.3826034063261,13611.0,1505.0733590733591,894.6872586872587,-3.049550519914816,detected,1555.89594466252,898.9790601028146,24.644241926613176,-28.588319826627185,37.744280237500405,19.5893191132283,-24.890932165926486,31.67491006157153,33.159094089410054,31.675462625091093,184.73090983546177,-4.180043435688196,-17.469670512885877,26.421781536827737,1.9632756399527067,1.1343584354609648,0.0399683407716991,3.99683407716991,0.03996903801273324,-0.02204374828124401,-2.204374828124401
1429,23.84048333333333,1556.3688280785248,898.575252825699,13720.5,1505.5057471264367,894.007662835249,-3.0520312119121025,detected,1556.1962230241602,898.5546703353815,23.1779332495189,-28.887459403226558,37.03649417118494,19.135420074150247,-24.82214552669755,31.341716767955507,33.180287913170154,31.145717161448584,184.5929126222813,-2.0187622266575187,-17.086323452209136,26.27471714118406,1.9636545400935776,1.1338229278679894,0.03954790759363471,3.9547907593634712,0.039300589478168564,-0.021560029592692917,-2.1560029592692915
1430,23.857166666666668,1556.9214975845412,898.1992753623189,13722.5,1505.673076923077,893.9538461538461,-3.0589411781099307,detected,1556.4734943968222,898.108134036554,23.06924877329857,-30.583237099639064,38.308284097008006,18.68466908168905,-24.921922510008603,31.14833992827066,33.222958661431804,30.641958338540697,184.66213321082498,-0.4498405250934913,-16.59719833338725,26.358150310090192,1.9640044093335296,1.1332594751249894,0.039303898963117555,3.9303898963117554,0.0386649316574646,-0.020942837013737857,-2.0942837013737856
1431,23.87385,1556.867878787879,897.850303030303,13514.0,1506.7909836065571,889.7827868852459,-2.981862535079559,detected,1556.7250040600366,897.6717230492038,22.39111361461437,-30.88845388669779,38.150472505766224,18.229426078615937,-24.79372064768391,30.77402409031211,33.30397712534925,30.173396253328125,184.74302627905115,2.0595178742199804,-16.11688459817052,26.21615131098316,1.9643217716845889,1.1327087988002573,0.03883157613919509,3.883157613919509,0.038073686124073344,-0.020336762899899715,-2.0336762899899714
1432,23.89053333333333,1557.8037825059102,897.1749408983452,13763.5,1506.5637065637063,892.7644787644788,-3.0557298183091826,detected,1556.9419975140834,897.2713241992424,19.39644243806697,-30.085522004715585,35.79609774192532,17.786846424075925,-24.786036772806167,30.507696153865208,33.40115561702235,29.748373201486856,185.05997770577395,4.833586782837079,-15.531437850161517,26.258217055297802,1.9645955804594113,1.13220356365835,0.038495515651564935,3.8495515651564935,0.03753737943405282,-0.01959802883301138,-1.9598028833011378
1433,23.907216666666667,1557.8690330477357,896.4798041615667,13764.5,1507.05,889.7653846153846,-3.0102294098518336,detected,1557.1659186954182,896.9093590438805,16.34341216300072,-29.401355426467717,33.63847235002212,17.36236469828935,-24.774896922694015,30.253053159086566,33.535583403218794,29.37425943495764,185.5578986470754,7.411667397631748,-14.88125363024048,26.339998402410206,1.9648781308459538,1.131746825291963,0.038174199569825325,3.8174199569825324,0.037065311589851914,-0.018777607104404393,-1.8777607104404392
1434,23.9239,1556.6964800923254,893.4189267166763,14040.0,1507.26359832636,887.18410041841,-3.016128047917477,detected,1557.3853039712576,896.5317268800054,13.25411679317358,-27.86377106464124,30.85549140606619,17.131438366112274,-24.71507488794878,30.071932216085152,33.715419244662755,29.057397140689567,186.1494233945561,9.917737526722078,-14.385340502407086,26.408011773676304,1.9651549576924388,1.13127031782966,0.03794565579316739,3.794565579316739,0.03666548535102785,-0.0181518492143938,-1.8151849214393798
1435,23.940583333333333,1558.8512089274643,895.9497830130192,13888.0,1507.203846153846,891.15,-3.048925073742415,detected,1557.5798277629024,896.1459491040383,10.819109085582568,-28.581918960996745,30.561073490614177,16.981916600440382,-24.78636225200531,30.045785812854792,33.881163760653735,28.80309118028887,186.5680253531797,9.73153231791997,-14.0353273610743,26.566121865628517,1.9654004135809495,1.1307835319924775,0.03791266348625211,3.7912663486252107,0.03634459454926041,-0.017710192253721516,-1.7710192253721515
1436,23.957266666666666,1558.6257668711655,895.201226993865,13886.5,1507.2015503875969,893.6744186046511,-3.111910918178668,detected,1557.797040637759,895.770704511985,8.896851908468307,-26.554131181559796,28.004925579060238,16.872253440344146,-24.934211068832813,30.1062753887011,33.97647254695366,28.6156393356468,186.90300995659823,10.631632767775256,-13.753129279408835,26.781322835218145,1.9656744992274562,1.1303100372390977,0.03798899102675218,3.7988991026752177,0.03610806225318208,-0.017354106346257208,-1.7354106346257208
1437,23.97395,1558.603315571344,894.5026642984014,13868.5,1508.1314741035856,886.9800796812749,-2.993636647356328,detected,1557.9961291781005,895.3870240644632,6.275698443169858,-26.07971109345044,26.824163018954508,16.786405778050828,-25.02069787258483,30.130030550541253,34.01226967531315,28.49838932315356,187.29209533102184,11.397851961443552,-13.47481549852148,26.948990486794763,1.965925715051231,1.1298258978731397,0.03801896599437382,3.801896599437382,0.03596011271060386,-0.017002921764695873,-1.7002921764695873
1438,23.99063333333333,1558.3242574257426,894.6534653465346,13709.5,1507.5767790262173,890.4194756554307,-3.058352926061936,detected,1558.197321029318,895.0248626530207,4.496780487347223,-22.395135513096193,22.842134957164774,16.677556565706485,-25.21670128039182,30.232811917961815,34.05796883688966,28.45380591703826,187.87842682773388,11.90767094928921,-13.063646252651155,27.264703612041103,1.9661795848950385,1.1293689118650105,0.038148658571560655,3.8148658571560654,0.035903856046735974,-0.016484096217856348,-1.6484096217856348
1439,24.007316666666668,1558.5448318804483,894.0890410958904,13944.5,1508.0607287449393,887.6234817813765,-3.014214867001417,detected,1558.3825021997002,894.6355341325439,3.058435893589376,-19.687122845114573,19.92327372782465,16.677923191257776,-25.517995035971857,30.484769847079022,34.08063084054949,28.48353026347013,188.50659504685493,12.461193656308234,-12.71974195529409,27.70432019054266,1.9664132519870035,1.1288776455931153,0.03846658655782842,3.846658655782842,0.03594136310847966,-0.016050147577658158,-1.6050147577658158
1440,24.024,1558.7935640558592,893.1712204007285,13708.0,1508.58,883.59,-2.953049617307448,detected,1558.5882842639678,894.2439702464206,0.3523035439884552,-18.887239979709875,18.890525451618807,16.678894686240966,-25.99317588737493,30.88414999100229,34.08032379417339,28.58841547258361,189.0834588197183,12.382677030908429,-12.366111206738058,28.300353607142686,1.9666729138977512,1.1283835586705624,0.03897053626624895,3.8970536266248947,0.03607371037549983,-0.015603925812918687,-1.5603925812918686
1441,24.04068333333333,1558.8035043804755,893.549436795995,13790.5,1507.8798076923076,889.9663461538462,-3.0713464751388497,detected,1558.8090402106995,893.8338148711263,1.8767421372494937,-16.60221767168673,16.70795596917214,16.658859409916285,-26.407091700547713,31.222621429349786,34.07695264060939,28.768527716984856,189.63050794784692,11.32000346030017,-12.006346867853026,28.82186190740092,1.966951470297413,1.1278660124556799,0.03939762956384831,3.9397629563848313,0.03630098134635314,-0.015149964502022746,-1.5149964502022746
1442,24.057366666666667,1558.9877300613498,892.4680981595092,13647.5,1509.0289256198348,883.9504132231405,-2.9727222453045217,detected,1559.003338567727,893.3995841474327,2.6094992599805664,-16.933037484862098,17.1329286711754,16.665499473486573,-26.708811403431326,31.48173246955835,34.05947097735447,29.023109466818667,190.01355678094262,10.50042311721842,-11.767468021395693,29.199763280723257,1.9671966417258386,1.1273180872522812,0.03972458355780233,3.9724583557802333,0.03662222014740526,-0.014848540090089204,-1.4848540090089204
1443,24.07405,1558.5977443609022,893.3803258145364,13528.5,1509.890350877193,879.7894736842105,-2.869483121820204,detected,1559.2000893581285,892.9584081909646,4.6149448501159895,-17.59308061317597,18.188298475429754,16.871404885631446,-27.040159111020632,31.871845060558083,34.07629916931334,29.350509722757618,190.44952239060487,9.331203775691282,-11.687341699546824,29.651653437241148,1.9674449077074179,1.1267613983482205,0.04021683919313323,4.021683919313323,0.037035343498747784,-0.014747434321194733,-1.4747434321194732
1444,24.090733333333333,1558.8032378580324,893.0971357409713,13594.0,1508.4178403755868,887.6948356807511,-3.0347811509560527,detected,1559.4230012669118,892.4843857382804,8.417537818817436,-17.202106622632073,19.15117268439779,16.997100537730635,-27.108720221926493,31.996626990362742,34.13058075626575,29.74809352368197,190.51314067403817,7.983283936649343,-11.765486711825046,29.75495691803767,1.9677261845639267,1.1261632627612372,0.04037429273231892,4.037429273231892,0.037537026528305324,-0.014846040014921194,-1.4846040014921194
1445,24.107416666666666,1558.5247584541062,892.3562801932367,13617.0,1509.5046728971963,882.9532710280374,-2.952075173008394,detected,1559.639492320954,892.0212641107995,9.538534886301022,-19.397104470761406,21.61553398893522,17.302477453942895,-27.13457465434208,32.181685283966495,34.198050167929054,30.21214814031665,190.96126501493072,7.68457357502327,-11.827297920716752,29.929515392182264,1.9679993593955258,1.1255788821587376,0.04060780477472113,4.060780477472113,0.03812258440418505,-0.014924035231188333,-1.4924035231188333
1446,24.1241,1559.0300530347672,892.1826753093694,13700.5,1509.92050209205,881.5523012552301,-2.928419072789464,detected,1559.880203235592,891.5747154434215,12.004843422104386,-21.859942338185874,24.93939342923268,17.655248707277963,-26.975375561257984,32.23939660705136,34.286311848234796,30.737805286504233,191.40071168256543,5.9989971373687,-11.974678596115263,29.93302133274377,1.968303095565416,1.1250154138087338,0.040680626633503296,4.06806266335033,0.03878587417855424,-0.015110004537684876,-1.5110004537684876
1447,24.14078333333333,1559.0457788347203,891.3674197384066,13643.5,1510.1198347107438,880.6528925619834,-2.926001348309829,detected,1560.1363110787174,891.1435618267674,15.19570512511973,-23.086304191335785,27.638503857200345,17.910354623743206,-27.006181345364947,32.40547227872134,34.34519612612657,31.318997194471912,191.73425144543253,4.5186599321290295,-12.043735084711724,30.084266300115434,1.9686262600362368,1.1244713713902428,0.040890185840657844,4.0890185840657844,0.03951923936210967,-0.015197142062727728,-1.5197142062727729
1448,24.157466666666668,1559.6238418777025,891.3180975911056,13738.5,1510.1629955947135,880.6035242290749,-2.9282615403082874,detected,1560.3898872954633,890.7232421295025,18.736136010312293,-26.2775453954373,32.27308762120831,18.175119378163853,-27.13884109574424,32.66269524136922,34.47476832112868,31.94846006517025,191.88504613792668,3.331404621463509,-12.196283586578694,30.300203416913142,1.9689462300258214,1.1239409995324954,0.041214757402358644,4.121475740235865,0.040313514277817354,-0.015389632285903716,-1.5389632285903716
1449,24.17415,1560.822429906542,890.8859813084113,13856.0,1509.523404255319,884.8723404255319,-3.0248980610801035,detected,1560.651181751743,890.2736610724828,20.732291025241466,-26.338524003459042,33.519333791650695,18.434322230733066,-27.4478099767407,33.06367355007252,34.684084237210534,32.61779232322217,191.84991753056704,1.730549284844496,-12.405091204333084,30.6483314527552,1.9692759391189187,1.1233737048233223,0.04172072372248899,4.172072372248899,0.0411580975687346,-0.015653111929757837,-1.5653111929757837
1450,24.19083333333333,1560.0731399747792,889.860655737705,13884.0,1510.1417322834643,881.775590551181,-2.981062529335873,detected,1560.9517624977648,889.8307936358128,22.752812617820837,-24.108709926486654,33.14996796893088,18.6969456090843,-27.599742979457307,33.336490331784475,34.82933817776111,33.31756859204619,191.70038294733905,-0.9941105441026921,-12.711392421059564,30.817885883995825,1.969655220817369,1.1228148815593852,0.0420649720274883,4.20649720274883,0.042041096015200244,-0.016039611887772323,-1.6039611887772323
1451,24.207516666666667,1560.5740971357409,890.0180572851806,13829.0,1511.546511627907,876.8720930232558,-2.879620814564153,detected,1561.2495563181942,889.3830483073757,23.660525338459593,-25.6090012088232,34.866049420681385,18.902589526427423,-27.596777694173905,33.44981360047105,35.027040416890515,34.037504522345806,192.08033598287784,-1.856243870890724,-12.708458265533181,30.941640525664756,1.970030985890466,1.1222499032269726,0.042207966688291555,4.220796668829156,0.04294953252031017,-0.016035909483322626,-1.6035909483322626
1452,24.2242,1561.1842105263158,889.3873929008568,13844.5,1512.921568627451,872.0705882352942,-2.7970967042396886,detected,1561.5860597149906,888.93081289047,23.741093274938976,-27.80418696149445,36.56107660448596,19.119298510419608,-27.807403798841438,33.7461002422851,35.23077810632039,34.76666331162522,192.46518561046403,-4.256408424544931,-12.666479156097694,31.278740181639307,1.970455595854878,1.1216792591677855,0.042581829958719376,4.2581829958719375,0.04386960670236621,-0.015982938998230528,-1.598293899823053
1453,24.240883333333333,1561.5675844806008,889.1314142678348,13801.5,1512.3492063492065,874.4603174603175,-2.851896714202242,detected,1561.9341666756588,888.5137917935217,23.938659197941433,-29.475019985887002,37.97151837053167,19.301861059140432,-28.118619895353746,34.10599104506048,35.410269824267786,35.493692214543046,192.37529143204193,-5.67923987364871,-12.827160971956626,31.601939284880256,1.9708948475402637,1.121153049581731,0.043035950845502186,4.303595084550219,0.04478699333065369,-0.016185692078178708,-1.6185692078178708
1454,24.257566666666666,1561.9847374847377,888.518315018315,13795.5,1511.938775510204,877.4448979591837,-2.9238361206336387,detected,1562.3073142168912,888.0913801825482,25.79151569139458,-30.583759579267053,40.00710726435819,19.433279305195327,-28.572796295662506,34.555130338448414,35.574657174315846,36.20707644591511,192.41678661917825,-8.137768345179708,-12.834957221388258,32.08303143146376,1.9713656961727335,1.1206200380852342,0.04360268812422513,4.360268812422513,0.045687162707779325,-0.016195529616893703,-1.6195529616893702
1455,24.27425,1562.424487259167,888.7265382224984,13608.0,1513.0543933054394,873.8619246861924,-2.849140394647771,detected,1562.6431626076264,887.6086128669066,28.773510927260304,-32.537065560373776,43.4347276538167,19.8796900365995,-28.763474164681565,34.9648326461543,35.688117317800405,36.895398277825834,192.22052427611388,-9.936837769963603,-13.340713097819435,32.319729207022235,1.9717894796310744,1.12001086797086,0.044119662644989656,4.4119662644989655,0.04655570760608938,-0.01683370737895197,-1.683370737895197
1456,24.29093333333333,1563.0744744744743,887.3723723723724,13828.0,1513.2605042016808,873.5420168067227,-2.8707736255407776,detected,1563.0133057489793,887.1773309986711,28.87667718916191,-34.92723779367293,45.31858807799332,20.117592780179205,-29.228142572507608,35.4824161734788,35.755968250385706,37.54759040675914,192.2741965009965,-11.953475639065841,-13.444112120729626,32.83683460373732,1.972256537222687,1.1194666637207207,0.044772764887670416,4.477276488767042,0.047378662973828575,-0.01696417933215095,-1.6964179332150948
1457,24.307616666666668,1562.6084223758642,884.6197360150849,13983.0,1513.9153225806451,872.8427419354839,-2.904288146916662,detected,1563.4272227338288,886.7299671796693,28.116277630975674,-37.29943829030026,46.70945476661037,20.384212974984564,-29.7626568515018,36.07397789916959,35.78488155033159,38.15317441880553,192.149577850721,-14.76605286534567,-13.663652557411591,33.386171991711116,1.972778829948049,1.1189021667882264,0.04551921501472504,4.5519215014725045,0.0481428068376095,-0.01724120196518813,-1.7241201965188129
1458,24.3243,1563.9074299634592,886.3288672350792,13813.5,1513.7984496124031,874.3875968992248,-2.9076500335985247,detected,1563.828837269274,886.2292406782208,29.130490549278875,-39.46612991309371,49.05263387381778,20.70151375675034,-30.189849029252795,36.60573255966884,35.75298740051743,38.70247710619866,191.73446689770162,-15.694661974682584,-14.128965043403308,33.76909834497046,1.9732855990779483,1.118270335240657,0.04619019881346226,4.619019881346226,0.04883593325703301,-0.017828347057922158,-1.7828347057922158
1459,24.34098333333333,1564.793631353337,885.5866503368035,13640.0,1513.5632653061225,878.4326530612245,-3.0028461912826767,detected,1564.2418029277078,885.6962650676419,28.489353745021617,-42.24474863049636,50.95352847117461,20.927842181858487,-30.550534581401394,37.03119957006764,35.6802897079468,39.18681928995782,191.2155956374106,-16.341399863945792,-14.5860470881279,34.03758175812573,1.9738066913914296,1.1175978108109046,0.046727065703555386,4.672706570355539,0.049447090586697565,-0.01840510673580808,-1.8405106735808079
1460,24.357666666666667,1564.8037151702786,884.6489164086687,13661.0,1514.9632352941176,872.9522058823529,-2.9110811777362,detected,1564.6616276904479,885.1508733225571,26.514132827439425,-43.509616783386946,50.95180067699559,21.3939169816981,-30.762407052412108,37.470326546189646,35.524814377924606,39.59867357476962,190.60503204718728,-17.236703788049383,-15.367049611669803,34.17424699551643,1.9743364387261173,1.116909619334457,0.04728116914345697,4.728116914345697,0.0499667805359869,-0.019390598879078617,-1.9390598879078618
1461,24.37435,1565.4424939467312,884.4715496368038,13705.5,1515.2218045112782,873.3383458646616,-2.923435133260183,detected,1565.0936734802372,884.5947116618281,25.794058629489882,-39.89752798224322,47.509432744197674,21.72067642865058,-31.050527913180144,37.89357555318997,35.33200283946137,39.93178906433204,190.00682051258153,-19.57801716144003,-15.99473374250942,34.352460766465434,1.9748816069151258,1.1162078380590892,0.047815237291091446,4.781523729109145,0.05038711553858932,-0.020182629328087596,-2.0182629328087596
1462,24.391033333333333,1565.5982587064675,883.2114427860697,13642.0,1515.0390625,875.3359375,-2.9870664511501936,detected,1565.5146068193146,884.0059162988866,27.318232008600262,-38.41286986895352,47.1363381229903,22.067870601341163,-31.299015274471962,38.29646550308745,35.149657820316655,40.181282495408524,189.47586973569966,-20.50255443199565,-16.613928845791047,34.50502337828738,1.9754127530843089,1.1154648786105825,0.0483236157767665,4.83236157767665,0.05070193374814956,-0.0209639480703988,-2.09639480703988
1463,24.407716666666666,1566.5222968845449,882.6823457544289,13603.0,1515.5363321799307,874.9653979238755,-2.9913784167518376,detected,1565.9452721814944,883.4163998769491,25.25483962856015,-34.38122237636139,42.65999738346341,22.23819718202584,-31.390665636208816,38.46961532158755,35.04877307135884,40.343696501881205,188.73011473193534,-21.657233602813427,-17.216064622304522,34.402302567002074,1.9759561794088258,1.1147210093084532,0.04854210135216094,4.8542101352160945,0.05090687255757881,-0.021723740848333783,-2.172374084833378
1464,24.4244,1565.603916614024,879.8111181301326,13898.5,1515.9664179104475,873.3320895522388,-3.0117995460947524,detected,1566.4037726099918,882.819465710414,26.363179262298672,-29.062056773303766,39.23799644108789,22.262269722874937,-31.49179086412414,38.5660672747918,35.009762632443795,40.41702677339082,187.92546765061678,-21.883315023700586,-17.707387032608565,34.26061863891505,1.9765347288454158,1.1139677800762322,0.048663807286803536,4.866380728680354,0.05099940286863196,-0.022343706034837308,-2.2343706034837307
1465,24.44108333333333,1566.5230024213074,881.1737288135594,13806.0,1515.899613899614,877.4440154440155,-3.068049831922617,detected,1566.863458979885,882.1970352996111,28.280932869374737,-23.375770119992694,36.69111326554189,22.26393786165613,-31.626803344595896,38.6773527908184,35.00694651712257,40.40072069894775,187.2633976039439,-21.727548167114378,-18.08667284716946,34.18786165037074,1.9771147747380255,1.1131823789269542,0.048804230650874955,4.880423065087496,0.050978827380375714,-0.022822300122611307,-2.2822300122611305
1466,24.457766666666668,1567.3636363636365,881.2449494949495,13689.0,1516.5478260869563,874.9478260869565,-3.018300638101112,detected,1567.3262197449517,881.5940949103149,27.46873564872203,-21.720754280521987,35.018889255003316,22.148820866946764,-31.615407406726717,38.60186849479449,35.01497392114169,40.295650661318405,186.3106557051777,-22.193646567193163,-18.53947162902461,33.85841465582815,1.9776986999936301,1.1124215708647507,0.04870898232781639,4.870898232781639,0.05084624689125351,-0.023393655052396985,-2.3393655052396984
1467,24.47445,1568.3951951951951,880.5927927927928,13526.0,1516.9561752988047,876.6573705179283,-3.065234845926556,detected,1567.7816183292684,880.9785062258082,27.712235147024785,-20.704748195759294,34.592695395036706,22.005713229556246,-31.73533526479002,38.618427196224495,35.05819071060227,40.1040654554189,185.65332130673406,-22.46010779550453,-18.772463184982144,33.748741385103266,1.9782733354312536,1.111644802808591,0.048729876588295896,4.872987658829589,0.05060449899737401,-0.023687650706602077,-2.3687650706602077
1468,24.49113333333333,1568.1425831202046,881.4239130434783,13571.0,1517.5887445887447,873.3419913419914,-2.983066472555232,detected,1568.206321819736,880.3852096319595,26.890363508697646,-22.546733824812463,35.091977085893014,21.760816822866524,-31.540003843981356,38.318468018394334,35.155165320750584,39.82952334221336,185.2109311427377,-21.897964253989823,-18.80633685564028,33.386025300249436,1.978809238889257,1.1108961635734504,0.048351379203021246,4.835137920302125,0.05025807361793485,-0.02373039350869436,-2.373039350869436
1469,24.507816666666667,1569.3207896360273,880.9154842689697,13602.0,1517.7272727272727,875.6611570247934,-3.040101718630537,detected,1568.6397354601966,879.8081878001577,26.05450226714629,-23.728628825731903,35.2403875452312,21.375309488849293,-31.320878026431817,37.919668459662326,35.29382238857595,39.47681004974697,184.41771631058072,-22.392223251098958,-18.899239740139777,32.87430597496214,1.9793561330728033,1.1101680603156565,0.04784816209421114,4.7848162094211135,0.04981300952649461,-0.02384762112320477,-2.3847621123204767
1470,24.5245,1569.637101811368,880.8582136164897,13546.0,1518.0695652173913,880.3521739130434,-3.131779823768897,detected,1569.0302786452123,879.2315127950444,24.011060423124036,-26.03915512596268,35.419890207577744,20.935894621430304,-31.13869594168439,37.52239422729187,35.456944730042366,39.051844655464606,183.64424628621074,-21.494197433835918,-18.914347501763142,32.406442679363195,1.9798489320444321,1.1094403946940625,0.04734686968743454,4.734686968743454,0.04927677559049162,-0.02386668454481154,-2.386668454481154
1471,24.541183333333333,1569.5917123705058,879.5581962218159,13477.5,1518.7122302158273,877.953237410072,-3.110058787159759,detected,1569.4119372529935,878.64866786702,19.297494750585884,-30.32894737989932,35.94771693475945,20.50521240013983,-30.779916092176567,36.984685617377885,35.586755910769874,38.56157579726584,182.91965327946738,-20.173687997272715,-18.910804699574882,31.784405544713508,1.980330520193052,1.1087049436807823,0.04666837301877336,4.666837301877336,0.048658139807275506,-0.02386221413195569,-2.386221413195569
1472,24.557866666666666,1570.170253164557,878.5183544303798,13517.0,1519.1138211382113,874.2113821138212,-3.057434806364426,detected,1569.7556138633008,878.084341790552,15.47569297349446,-36.10996763799744,39.28647140972434,20.078940728144378,-30.554105804490373,36.56114388632182,35.68763988936354,38.01387011942493,182.3953321050235,-19.546390143011315,-18.78441043397967,31.36659316731932,1.980764181530979,1.1079928603035358,0.0461339355032452,4.6133935503245205,0.04796702854186111,-0.02370272609965889,-2.370272609965889
1473,24.57455,1570.537860576923,877.7908653846154,13631.5,1519.6996197718631,872.8288973384031,-3.044297764425776,detected,1570.105746867055,877.5603467732362,12.703778002114632,-43.71144997980582,45.520070681668294,19.60459674434278,-30.350318640937854,36.13145520339245,35.74477115527664,37.417394302862064,181.91538937416718,-18.991302894506557,-18.579225495656168,30.988617831331478,1.9812059897376089,1.1073316678526641,0.045591741581567764,4.559174158156776,0.047214377669226586,-0.023443817660133967,-2.3443817660133965
1474,24.59123333333333,1570.411800486618,877.5839416058394,13525.5,1519.8677042801555,875.5369649805448,-3.101115945938178,detected,1570.4661804573684,877.04703717932,13.810755496148431,-41.730522995261026,43.95649572966894,19.263282015942814,-30.136347150627095,35.76693240423136,35.77402427919878,36.78149150391031,181.19884352680273,-18.826767677208426,-18.628545509636574,30.532781494718996,1.9816607955298025,1.1066839585858927,0.045131775904392886,4.513177590439288,0.04641197666108557,-0.02350605111626066,-2.350605111626066
1475,24.607916666666668,1570.7464788732395,877.6601347213717,13608.0,1520.1814671814673,878.903474903475,3.117008664578248,detected,1570.7534798512263,876.5248065677561,14.345830830457999,-44.60120257254607,46.8515755672465,18.885576288170597,-30.00278000097355,35.45182364171313,35.799268701520816,36.11605260381011,180.6011889111292,-18.405301518497343,-18.56973150130323,30.199285943423174,1.9820233184242604,1.1060249925145187,0.044734162323928246,4.473416232392824,0.04557230612468153,-0.023431837856534046,-2.3431837856534043
1476,24.6246,1570.610444177671,874.6764705882352,13811.5,1520.1673469387756,881.8081632653061,3.0011425724594303,detected,1571.0191145555825,876.0009634465011,14.038361563813396,-45.303518026957136,47.42872906809947,18.59318588865297,-29.616094970922568,34.96883816795618,35.79013892595583,35.431382429467114,180.14612949386074,-16.673259454244285,-18.51759140156312,29.66341941687547,1.9823585041710823,1.1053639917306008,0.04412471693117499,4.412471693117499,0.04470836899617302,-0.02336604593257176,-2.336604593257176
1477,24.64128333333333,1571.181265206813,876.4811435523114,13600.5,1520.8983050847455,875.2161016949152,-3.11643949924718,detected,1571.2833109022838,875.4861580932518,14.714214489757524,-44.15206974840385,46.539374416922584,18.33216652596477,-29.241882542058317,34.51312828677282,35.73435210663384,34.73806108245701,179.89600470322708,-14.010373240238563,-18.38521208081322,29.208560404147917,1.9826918749555633,1.1047143950703493,0.04354968868993416,4.354968868993416,0.04383351556145995,-0.023199005780205957,-2.319900578020596
1478,24.657966666666667,1570.5705202312138,873.7572254335261,13810.0,1521.048888888889,878.6355555555556,3.0434003808101795,detected,1571.5610630172914,875.015800587407,15.56457309987809,-42.32003214659676,45.09147432353961,17.956511748359993,-28.947925241819338,34.06491875779174,35.65954684600468,34.04680069115771,179.66191818970916,-11.800493625305016,-18.12700946384183,28.84146698544893,1.9830423508104624,1.1041208840219647,0.04298412461551008,4.298412461551008,0.0429612627017763,-0.02287319806163007,-2.287319806163007
1479,24.67465,1572.7324025596276,874.9098312972659,13735.5,1521.408510638298,875.9574468085107,3.121183639107326,detected,1571.823833560029,874.5332526478416,19.565907243876154,-39.262728911487784,43.867831127751735,17.60968222484886,-28.563082820111777,33.555187501319715,35.57047906043357,33.36829822589324,179.30089803006672,-9.730063007934987,-17.956878932331104,28.346095097179187,1.983373922473223,1.1035119907228286,0.042340930601034346,4.234093060103435,0.04210510817147412,-0.022658522312089723,-2.265852231208972
1480,24.691333333333333,1572.0266114725014,872.4364281490242,13914.0,1521.8588235294117,879.0392156862745,3.0107307174262257,detected,1572.059446102024,874.0848756858787,21.0541432690311,-35.73391426401963,41.47516820244606,17.37035977699544,-28.046018856633225,32.989522162178815,35.469167498085916,32.713085413853825,179.20324435758636,-7.155489634519909,-17.75867591843342,27.8017625720554,1.98367122536533,1.1029462153765033,0.04162715730243384,4.162715730243384,0.041278341216219344,-0.022408423871840277,-2.2408423871840277
1481,24.708016666666666,1571.878959276018,871.6052036199095,14011.0,1521.8650793650793,879.7103174603175,2.9809320997098627,detected,1572.3048073916766,873.6371682960754,23.91781515060711,-28.508494906104943,37.21284943927329,17.132898732652706,-27.70610043754811,32.57551565883242,35.44135946467087,32.091377175326706,179.106731063084,-4.371624645443322,-17.562750605015335,27.435633975267816,1.9839808295163113,1.1023812849161836,0.04110475161997782,4.110475161997782,0.04049385132533338,-0.02216119950159664,-2.216119950159664
1482,24.7247,1573.506108202443,873.3775450843514,13966.5,1522.5806451612902,873.0887096774194,-3.1359209857715964,detected,1572.5172273409873,873.1957265872975,23.52460319338843,-21.804608353820868,32.07565900912865,16.91260977959811,-27.51278307147035,32.29534953975174,35.44385650132711,31.51292029818879,179.13119659894517,-2.2203139827570992,-17.3278389950069,27.253175918741313,1.9842488673072396,1.101824260677978,0.040751229703156776,4.075122970315678,0.03976393728478081,-0.021864781066254765,-2.1864781066254766
1483,24.74138333333333,1572.7427101200683,871.9799885648943,14125.5,1522.6747967479675,869.9715447154472,-3.101499758804032,detected,1572.7449325300504,872.7801347693762,19.977072384681378,-18.596802086247635,27.293304470105188,16.729081484109745,-27.25635559970191,31.98079248360467,35.442673158641185,30.986844213101094,179.20736016287387,0.10554721952416138,-17.10453783125127,27.02232176291814,1.9845361924669407,1.1012998545985822,0.04035431228215101,4.035431228215101,0.03910011888088467,-0.021583013036279207,-2.158301303627921
1484,24.758066666666668,1573.972585669782,871.995015576324,13850.5,1522.7254098360656,869.8852459016393,-3.100447381884868,detected,1572.9893512538897,872.381279912683,14.76227051901833,-17.562648709249743,22.942782319526753,16.605864911355336,-27.11784797209446,31.79830857281264,35.423661465665205,30.52151569678567,179.362652371388,0.7376317444137098,-16.90648521543823,26.931453465269538,1.9848446072604289,1.1007965677131648,0.04012404867231879,4.012404867231879,0.038512953560612836,-0.021333104372792722,-2.133310437279272
1485,24.77475,1572.4592074592074,869.3519813519813,14086.0,1522.5812274368232,872.7148014440434,3.0742735958244944,detected,1573.200433787378,871.9766458389042,14.227315749030367,-11.914347697485937,18.557160194361526,16.535836452108086,-27.066955229208922,31.718353559900724,35.371254959205146,30.124399151220892,179.7270473017657,2.1795409293116945,-16.6645932229229,26.987872929621165,1.985110957460414,1.1002859884402578,0.04002315906612079,4.002315906612079,0.03801186012772353,-0.021027877883814387,-2.1027877883814385
1486,24.79143333333333,1574.6869510664994,871.2572145545797,13718.0,1522.5298507462687,872.6194029850747,3.115481561658362,detected,1573.4185025028592,871.6016734275627,11.399076356979549,-13.787188876380014,17.88925708086356,16.519279513284246,-27.060525178562976,31.704236602978686,35.31491069220873,29.80192391790534,180.124638716241,3.5966327219211696,-16.46037419857481,27.096396436067767,1.9853861230319991,1.0998128371325713,0.04000534587126648,4.000534587126648,0.03760495131596889,-0.020770188263185885,-2.0770188263185885
1487,24.808116666666667,1574.442902208202,871.2,13862.0,1523.2397003745318,870.8576779026217,-3.134907192817196,detected,1573.6259605927817,871.2002614399712,7.849591156939368,-16.085718044168743,17.89878225823189,16.50273683065439,-27.1643853892377,31.78433822619039,35.201457114606946,29.559360096054903,180.41873651744746,4.725972688395526,-16.3037715623858,27.284266332786142,1.9856478998016174,1.09930632358356,0.04010642047468819,4.010642047468819,0.03729887709281376,-0.020572582413105115,-2.0572582413105116
1488,24.8248,1573.8884120171674,870.746167995095,13916.5,1523.5992779783394,867.3249097472924,-3.073665561661417,detected,1573.858090830059,870.8017638914209,4.289350891118829,-17.493571597539813,18.011762220987528,16.552247728614653,-27.32108267815616,31.94398947495559,35.13520419568425,29.40070473289582,180.8969120920364,5.071799987644195,-16.122551057742154,27.576834679973167,1.985940808618371,1.0988034875601527,0.040307873154518094,4.03078731545181,0.03709868105097265,-0.020343913006614707,-2.0343913006614707
1489,24.841483333333333,1574.1160049627792,870.4987593052109,13801.5,1523.6628352490422,868.1187739463602,-3.094455429100895,detected,1574.07376486715,870.3560601663501,1.543460485583637,-18.688909242988984,18.752535800878693,16.59876915232366,-27.51688116640075,32.135617101558076,35.083882769549476,29.32858111633337,181.23903715352242,5.8887257841880984,-15.9998742518909,27.86937226457802,1.986212952513754,1.098241085383407,0.040549674576098524,4.054967457609853,0.03700767333291277,-0.020189115775256658,-2.0189115775256656
1490,24.858166666666666,1573.948502994012,870.1574850299401,13855.5,1523.8156028368794,865.6063829787234,-3.051060061241662,detected,1574.3004247310637,869.9211903530379,2.3622773839329056,-16.937357085716712,17.101298766108936,16.491889374442454,-27.74213817787828,32.273962350776515,35.038139040817,29.344155100453325,181.5114327344705,6.209695781485501,-15.754413305040076,28.167483154043353,1.9864989586511845,1.0976923537577765,0.04072424271391359,4.072424271391359,0.037027325047890636,-0.019879385873867606,-1.9879385873867605
1491,24.87485,1574.1969604863225,869.4145896656535,13719.0,1523.4448275862069,868.7862068965517,-3.1292118800941062,detected,1574.5202089120774,869.4692489926128,4.284161945264259,-18.767783137290962,19.250551354743934,16.574893407130364,-27.74367130836604,32.31777203218666,35.014911020312695,29.44707358454273,181.899597362742,6.939932909091795,-15.64613314221771,28.277851877757318,1.9867762888480474,1.0971220807477766,0.04077952306900525,4.077952306900525,0.037157190642956126,-0.019742754753587017,-1.9742754753587017
1492,24.89153333333333,1574.5434916718075,869.6514497223936,13664.5,1523.4308943089432,869.8130081300812,3.1384318306617853,detected,1574.7639945703474,869.018240080042,7.288104951098376,-21.751542953181115,22.940054372697283,16.787942101752176,-27.81112227003758,32.485281620000826,35.00825687486677,29.63543095948085,182.2406878162933,7.212325736421464,-15.687763192922723,28.44622308731939,1.987083904820628,1.0965529843281288,0.040990891634070444,4.0990891634070445,0.037394865564013696,-0.019795284786022365,-1.9795284786022365
1493,24.908216666666668,1574.0359496704614,869.1198322348712,13663.0,1523.856,867.516,-3.109641915276045,detected,1575.0062363119996,868.613853761332,10.041052677775951,-23.923616659592426,25.9453690078403,16.872075273286864,-27.707622392684886,32.440395538326456,35.01963276129687,29.90576910053486,182.96386676233354,7.091536382427507,-15.4168512707266,28.54294938473189,1.987389572633438,1.0960427176799143,0.04093425304520689,4.093425304520689,0.03773598624673169,-0.019453440089244923,-1.9453440089244922
1494,24.9249,1574.5934911242605,868.6408284023669,13769.0,1524.6768707482993,863.2176870748299,-3.033373111591527,detected,1575.2593967918224,868.1997123770783,13.509953460958513,-26.34665311747517,29.60852872078971,17.20711720520627,-27.53135829473944,32.46629902016896,35.05641935422707,30.253115152111015,183.500885742901,6.939567307753109,-15.493832189545756,28.530715661357316,1.9877090180338455,1.0955201418007299,0.040966938826711624,4.096693882671162,0.03817427779446185,-0.019550576895325876,-1.9550576895325875
1495,24.94158333333333,1574.7961630695445,869.0365707434053,13780.0,1524.6958041958042,862.465034965035,-3.0111697839531266,detected,1575.5406777800615,867.8200463697647,18.25126414801207,-25.428137986352567,31.300141284880763,17.47081724898642,-27.354555853661015,32.45768293175811,35.122541095856235,30.671059091919236,183.92428880988038,5.662937383259268,-15.557757223413482,28.486090842301746,1.9880639467256298,1.0950410679744664,0.040956066790861965,4.095606679086196,0.038701651851002196,-0.019631239398629,-1.9631239398629
1496,24.958266666666667,1575.466749533872,868.0155376009944,13742.5,1524.4655870445345,865.8704453441295,-3.099557754929545,detected,1575.8236025405497,867.4296025051094,21.405346675042892,-24.563917655322257,32.581818808289725,17.671122020985663,-27.344303174367734,32.557325897135684,35.15561086321716,31.151870321726587,184.38484665489287,4.355232610331677,-15.52878108275898,28.615318059669523,1.9884209495779808,1.094548394328214,0.04108179923928793,4.108179923928793,0.03930835371826699,-0.019594676445121743,-1.9594676445121744
1497,24.97495,1575.2213216957607,866.9438902743142,13921.5,1524.7,865.5,-3.113020611285968,detected,1576.1268623256053,867.0189442695713,21.984238719223413,-27.327182119686086,35.07251965095027,17.900553814190218,-27.40403071456615,32.732410944805224,35.12933826981756,31.68664984765244,184.8799159110757,3.6333495953614645,-15.504470546952986,28.827454263570903,1.9888036117673256,1.0940302135893645,0.04130272674423372,4.130272674423372,0.03998315438189583,-0.0195640006901615,-1.9564000690161498
1498,24.991633333333333,1575.52893081761,866.4477987421384,13705.5,1525.440329218107,862.679012345679,-3.0664917700954875,detected,1576.4298953872888,866.5974263389488,23.179497869699844,-26.161129424799356,34.952736863835455,18.207176752803264,-27.499253713524126,32.980452393934655,35.01202300925503,32.26551244785678,185.31302398925183,3.403950124801884,-15.582606488240582,29.067036573087954,1.9891859878703961,1.0934983297652352,0.04161571279991755,4.161571279991755,0.04071358037584452,-0.019662594937843007,-1.9662594937843008
1499,25.008316666666666,1576.6743034055728,865.9498452012384,13943.5,1525.6508620689656,862.9741379310344,-3.083338244750487,detected,1576.7261669993873,866.1731164227579,23.558000236681437,-25.049602553431214,34.386944662711024,18.475964025515815,-27.509100650608115,33.137770976295954,34.948957100181936,32.87779185891989,185.71054202556246,2.2922599870733875,-15.647039567013396,29.210991391354035,1.9895598321758832,1.0929629229309248,0.04181422205210846,4.181422205210846,0.0414861726926434,-0.019743898507272425,-1.9743898507272424
1500,25.025,1577.425386996904,866.5139318885449,13868.0,1526.1380597014925,861.1529850746268,-3.037443159784215,detected,1577.0324086782732,865.7782615408215,23.318486015260987,-25.315893427765786,34.418690417996984,18.758816292165253,-27.491918597273344,33.282108960255336,34.793694187666965,33.51226150498787,185.9227496670763,0.7394431980507469,-15.821858454856988,29.280839671648405,1.989946257007285,1.0924646833322669,0.041996352000322194,4.199635200032219,0.042286765305978385,-0.0199644901638574,-1.99644901638574
1501,25.04168333333333,1577.7057001239157,866.1065675340768,13739.5,1526.715302491103,859.8398576512456,-3.019306075890258,detected,1577.3545276838174,865.3473581613132,23.656327018140928,-24.18014614590993,33.82752245770871,18.870374633374475,-27.5049094411149,33.355825310848395,34.66755806164285,34.15736351311344,185.82352549295928,-1.6799007315224899,-15.982207416499286,29.277638707105964,1.9903527163202746,1.0919209566704269,0.04208936947741123,4.208936947741123,0.04310077414903904,-0.020166823238484906,-2.0166823238484906
1502,25.058366666666668,1577.213809812235,864.8564506359781,13794.0,1527.332167832168,859.0314685314686,-3.025343094059726,detected,1577.673348324234,864.9084222095236,23.882544560768565,-24.627826927549904,34.30606059970233,18.96683866709584,-27.842352298932862,33.68883421196902,34.54445076186943,34.80143945121118,185.96486677794374,-2.773620022578076,-15.970809873537348,29.662615908662804,1.9907550136583396,1.0913670942706923,0.04250956998355712,4.250956998355712,0.043913488266512535,-0.020152441480804226,-2.0152441480804226
1503,25.07505,1577.627569528416,865.1027811366384,13809.0,1527.8333333333333,856.6895424836601,-2.974213370065738,detected,1578.003658177577,864.4554408436986,21.533322709236018,-28.40289053325273,35.64278577137367,18.860663093943206,-28.40505612116927,34.09650752775139,34.470194037294476,35.43295711692093,185.68010741066803,-4.146076420354584,-15.956687432289504,30.132307441983617,1.9911718084259649,1.0907955089510393,0.04302398426214687,4.302398426214687,0.044710355983496444,-0.02013462136566499,-2.013462136566499
1504,25.09173333333333,1578.553658536585,864.810975609756,13694.5,1527.8494208494208,857.2818532818533,-2.9941788384636294,detected,1578.37329336835,864.0219564059998,20.47952850604497,-32.56632139685098,38.470461098782046,19.13988972968149,-28.652740417066465,34.4574362405586,34.42544425580478,36.04072858056044,185.52102754183474,-5.0385500972094865,-16.29438851680501,30.36128810073074,1.9916382250704734,1.0902485254334384,0.04347941481458499,4.347941481458499,0.045477260038562076,-0.020560742607955852,-2.0560742607955853
1505,25.108416666666667,1578.5613178767542,864.0183038438072,13871.5,1528.8957528957528,854.5289575289576,-2.9528031094594644,detected,1578.685119394166,863.4768974865685,21.431246098334668,-38.3774821730085,43.95599444065588,19.459555325894364,-29.01791785727458,34.93871563542482,34.394973474490875,36.61411542423085,184.97954469405954,-6.196101899067268,-16.867352417541113,30.597488012507636,1.992031696396424,1.0895607539262695,0.04408670742640356,4.408670742640356,0.046200776560543666,-0.021283725448001407,-2.1283725448001407
1506,25.1251,1579.3235855054036,863.1335028607756,13862.5,1528.8424908424909,855.7582417582418,-2.996519572161481,detected,1579.0067246096407,862.9464496694357,23.87770928712689,-40.28738495016364,46.83180956276639,19.639577152425332,-29.67261535531786,35.58338225563602,34.40788078734891,37.1432177033239,184.33556111590465,-7.7021866296053725,-17.340197428258733,31.072409721483165,1.9924375073938685,1.0888914191412438,0.044900166884083305,4.49001668840833,0.046868413505771485,-0.02188037530379651,-2.188037530379651
1507,25.141783333333333,1579.3833967046894,862.5969581749049,13830.0,1529.354716981132,854.2415094339623,-2.9761068499578025,detected,1579.3508583163648,862.3848449547231,25.509969968647056,-41.82962071160409,48.99465008220727,19.917792718935168,-30.023267316729164,36.02936367972996,34.43420818996973,37.619043647143705,183.9186245554685,-7.654850147113582,-17.819449348736022,31.314250303561092,1.9928717455096088,1.0881827696589568,0.045462919469690805,4.54629194696908,0.04746882479134853,-0.022485109588310438,-2.248510958831044
1508,25.158466666666666,1579.515967438948,861.5779586725109,13804.0,1529.1058020477817,858.5290102389079,-3.081183434703952,detected,1579.743412906463,861.8759303857901,25.130849514269357,-43.25085474613138,50.021955515351536,19.89361600900628,-30.585187646600417,36.48574600157642,34.46736823724856,38.03365760889322,183.7059481350934,-8.047585076303008,-17.87511542170661,31.80707326919936,1.9933670825318146,1.0875406061650348,0.04603879621650022,4.603879621650022,0.04799199698283057,-0.022555350689850612,-2.2555350689850613
1509,25.17515,1580.4812307692307,860.9575384615384,13612.5,1529.3517915309446,857.9967426710098,-3.0837494035968764,detected,1580.1360354642215,861.3380170105362,22.379945878092713,-42.89683026028729,48.383881860452846,20.176037583290135,-30.94508860815102,36.94145370080412,34.527929127504926,38.380304349418566,183.46313356878449,-8.321691956364566,-18.26991568681515,32.10733844972703,1.9938625053176298,1.086861851117396,0.04661382170448469,4.661382170448469,0.04842940611914015,-0.023053521371375583,-2.3053521371375583
1510,25.19183333333333,1580.8333333333333,859.8522588522588,13676.5,1529.8472222222222,856.7604166666666,-3.081025950901872,detected,1580.543506220939,860.7758437480655,23.31738946969972,-38.193367200003195,44.7485636613729,20.31583164989091,-31.336141432963316,37.345505426133805,34.66052994946553,38.653508413813306,182.97946880603817,-9.42352301010476,-18.659575893556628,32.34976047834033,1.994376664001185,1.0861524842246884,0.04712366615285023,4.712366615285022,0.04877414310891269,-0.023545206174834864,-2.3545206174834865
1511,25.208516666666668,1581.312460468058,859.3877292852625,13720.0,1530.2255892255891,854.9797979797979,-3.055522766551855,detected,1580.9747586644282,860.200413497194,23.244789717297863,-34.47225060084452,41.57711282050284,20.529091005365284,-31.579993726964613,37.66615963038566,34.70328970796665,38.84914809281814,182.62706620773147,-10.7067313295473,-19.060049951828706,32.48775272522691,1.994920831122307,1.0854263892709073,0.04752827713613333,4.752827713613333,0.04902100705718378,-0.024050536216818557,-2.405053621681856
1512,25.2252,1581.454659949622,858.5862720403022,13634.5,1530.472491909385,858.8640776699029,3.1361436330644725,detected,1581.4121743458409,859.63825537375,23.160077725437077,-31.891111741405894,39.413604356251454,20.582278352926924,-31.80405521829004,37.88308475461583,34.70067998192557,38.96450416755263,182.1774912544185,-11.117493531281637,-19.359013464197094,32.563118834326076,1.9954727751997994,1.0847170414810725,0.047801999690366984,4.7801999690366985,0.04916656677293708,-0.02442777724188908,-2.442777724188908
1513,25.24188333333333,1582.0564763658683,858.6267648864334,13663.0,1531.0397350993378,855.2880794701987,-3.0762429024890148,detected,1581.8218338202844,859.0363140597565,24.19965016826245,-27.621979829038764,36.72324656048413,20.516950501711154,-31.848824773676835,37.885259631603915,34.61507126316471,38.998284223983035,181.82325712314886,-10.956615605074727,-19.493246179766764,32.485477535801216,1.9959896956722833,1.0839574940817118,0.047804744014642166,4.780474401464216,0.04920919144982087,-0.02459715606279718,-2.459715606279718
1514,25.258566666666667,1581.6579745300182,857.7368101879927,13848.0,1531.2740213523132,854.5943060498221,-3.079302212301385,detected,1582.2460489132982,858.4386952240184,22.487380085200584,-26.09784547495019,34.449670557650535,20.336165072388866,-31.847817543835678,37.786811087427004,34.58595667019432,38.95062372734536,181.40743508892288,-10.805585327378296,-19.547786772066793,32.33770437849148,1.9965249828558969,1.083203400913588,0.04768051872230537,4.768051872230537,0.049149052021886894,-0.02466597699945337,-2.466597699945337
1515,25.27525,1582.706495098039,858.2101715686274,13670.5,1531.8509803921568,855.2235294117647,-3.082932041416219,detected,1582.6495228235478,857.858591364434,22.039266095043786,-25.732735642070338,33.880716250292345,20.074749394191205,-31.891101674279586,37.68339062821734,34.59009869168088,38.823065244057865,181.05775390776995,-10.13622480065468,-19.48261117968135,32.25625196547444,1.9970340982000605,1.0824714086617464,0.047550019720148065,4.7550019720148065,0.04898809494518343,-0.02458373650432978,-2.458373650432978
1516,25.291933333333333,1583.157151626765,857.4806629834254,13769.5,1531.8977272727273,854.8939393939394,-3.091172048430493,detected,1583.0518483271926,857.2553739161127,21.234700192746004,-26.894056593605455,34.26664226818642,19.746591350910975,-31.902164123000208,37.519007792193996,34.61260457574304,38.61851720027366,180.6659061509879,-10.565637913217367,-19.374490978278168,32.12950427633971,1.9975417644507163,1.0817102509982495,0.04734259658321009,4.734259658321009,0.04872999015807402,-0.024447307228111254,-2.4447307228111255
1517,25.308616666666666,1582.261421319797,855.5425126903554,13892.5,1531.9551724137932,859.7275862068966,3.058591859793127,detected,1583.4575530140096,856.6555809134773,22.016118474927225,-28.03872194498831,35.64939552096783,19.347930587086072,-31.693578543917667,37.13253746947788,34.60109650380814,38.34119340575465,180.2784002520661,-11.401017592380166,-19.19370366124256,31.787215648536804,1.998053694654902,1.0809534144018642,0.04685493687000364,4.685493687000363,0.04838005477066833,-0.02421918443058998,-2.421918443058998
1518,25.3253,1584.2647412755716,856.8164861612515,13614.5,1532.5839416058393,858.7481751824818,3.10423273998262,detected,1583.824072976956,856.0711071391503,22.448223545561177,-29.46618344809599,37.04293059881107,18.80913203841047,-31.535851753161907,36.719114829142654,34.64371240016057,37.996534309097996,179.93611942231826,-11.976687494081295,-18.84428049461705,31.51486135898363,1.9985161804125628,1.0802159080620193,0.0463332679232084,4.63332679232084,0.04794515370233186,-0.023778271917497856,-2.3778271917497857
1519,25.34198333333333,1584.071907373553,855.8756855575868,13641.0,1532.7436823104692,860.0613718411553,3.060225240840815,detected,1584.1761993726852,855.5036888300893,23.571547591759554,-30.64256149664675,38.65985554740684,18.317578818533427,-31.4302879172051,36.37851965558238,34.641462380125006,37.591110671525755,179.64267289129768,-11.45244364274471,-18.513237400376678,31.315439215966418,1.998960503940297,1.079499922813993,0.04590349483354244,4.5903494833542435,0.047433578134417356,-0.023360551924765525,-2.3360551924765525
1520,25.358666666666668,1584.288766788767,855.0543345543346,13643.5,1533.436823104693,860.7472924187725,3.030105242859052,detected,1584.53360583399,854.9478497651224,20.134928272599154,-31.716706497788437,37.56813553544504,17.662583401924383,-31.065530077870253,35.73561264969437,34.60515723711865,37.13251014475405,179.46749052122252,-10.973597409479623,-17.950540804654374,30.900033920198766,1.9994114900113438,1.0787985485995237,0.04509225570939353,4.5092255709393525,0.04685490239085685,-0.022650524674642743,-2.2650524674642742
1521,25.37535,1584.496921182266,854.6397783251232,13504.5,1533.8444444444444,859.8555555555556,3.038982488566866,detected,1584.8700589155735,854.4097305740453,18.960796382933495,-32.9305464671977,37.99911433314375,17.109601072995797,-30.88803249281201,35.310182669508656,34.59821852883802,36.629207187594716,178.9417134354226,-10.14585088783593,-17.677170168366366,30.566757351617913,1.9998360364865282,1.078119533847376,0.044555435545121334,4.455543554512134,0.0462198197950722,-0.02230557749951592,-2.230557749951592
1522,25.39203333333333,1585.2367952522254,854.1608308605341,13700.5,1534.16796875,857.51171875,3.076071442459277,detected,1585.1523643746796,853.8575142046092,15.888722200342727,-36.45998486096846,39.77162291410439,16.553695985212695,-30.785652993868233,34.953988056153406,34.58049095152298,36.09041689363327,178.3531298327008,-9.076049962755016,-17.431617937219062,30.29719421201471,2.000192257886031,1.077422730857551,0.044105978619751934,4.4105978619751935,0.045539958225404756,-0.02199573241289472,-2.199573241289472
1523,25.408716666666667,1585.7228132387706,853.9734042553191,13725.5,1534.461254612546,860.0516605166051,3.0235703324999235,detected,1585.4127318730625,853.326255686657,14.230625862147463,-38.30849774504327,40.86626618508725,16.000257852797063,-30.774211164216748,34.68515999870545,34.602098781330824,35.525933637012436,178.0011401102355,-8.180376633242515,-17.06391452407052,30.1974029554035,2.000520797316167,1.0767523731061919,0.043766763405306566,4.376676340530657,0.04482767651358036,-0.021531753342675736,-2.1531753342675737
1524,25.4254,1586.10796460177,853.094395280236,13695.5,1534.9482200647249,858.7087378640776,3.0322886308546417,detected,1585.683744697641,852.7821208776512,18.667832949089643,-34.51926189542564,39.24369285401288,15.555829013012131,-30.690523999051003,34.4077328462425,34.64565466945503,34.94595598008553,177.74948468237056,-7.938816205899005,-16.749010674308163,30.055993097056483,2.000862769334563,1.0760657676689607,0.04341669759778234,4.3416697597782345,0.044095843507994364,-0.021134398327202732,-2.1134398327202732
1525,25.442083333333333,1584.869249394673,851.5453995157385,13889.5,1535.3870967741937,856.2688172043011,3.0464240177405064,detected,1585.9503743084554,852.2623952012602,20.021506891462195,-36.06302294911984,41.24805889291777,15.200196802053664,-30.36644220015106,33.95830965634593,34.748949296305874,34.36090004013719,177.4926708689431,-6.721815538077421,-16.51409094199424,29.67240460555601,2.0011992104838554,1.0754099623990667,0.04284960209002642,4.284960209002642,0.043357602574305605,-0.020837969642894943,-2.0837969642894945
1526,25.458766666666666,1587.1036992116435,853.0933899332929,13591.0,1535.9261744966443,858.6510067114094,3.033421666566716,detected,1586.1945571747535,851.7617169735511,21.141274595452614,-34.55246755439498,40.50711672802506,14.895086296640635,-30.040031792885024,33.5300925424001,34.8067868586906,33.78120448012332,177.42040372082386,-5.858812086649602,-16.232011434016915,29.33920432983585,2.0015073276653044,1.0747781917647332,0.04230926503772883,4.230926503772883,0.0426261255269695,-0.020482033355226394,-2.0482033355226394
1527,25.47545,1585.5508625817963,850.2379535990482,13931.0,1536.3057324840763,851.1433121019109,3.12320999283698,detected,1586.4059977404706,851.2535819177406,16.844701962044837,-37.87609410585242,41.452894819367025,14.447413285104554,-29.84926817203189,33.16182384966924,34.88471326156204,33.21713140810128,177.22216854938648,-4.207499633796592,-15.877031496443378,29.11402465990294,2.0017741296409723,1.0741370118835845,0.04184457268097065,4.1844572680970655,0.04191436139823506,-0.020034109143777134,-2.0034109143777132
1528,25.49213333333333,1586.5485817742908,850.2033796016898,13949.0,1536.3622641509437,852.1622641509434,3.1025802144824834,detected,1586.5981994840631,850.8021481118515,17.402740484772494,-37.86763661829218,41.675091834756195,14.05151906883424,-29.671131189515137,32.830187544502856,35.00586648617445,32.678568601297336,177.25572250020497,-2.4437696472711643,-15.45600971623387,28.964339762178497,2.002016655500395,1.0735673793209484,0.0414261041571014,4.1426104157101395,0.041234786878608626,-0.019502851376951257,-1.9502851376951256
1529,25.508816666666668,1588.134939759036,850.95,13921.0,1536.25,848.6785714285714,-3.097842402329784,detected,1586.7886410980695,850.3439028274968,17.035000843666694,-36.17149513241611,39.982099918064925,13.796205380376351,-29.339092524783215,32.42094435816631,35.15851561870861,32.17483940796142,177.2762137249986,-0.5617142314974564,-15.174845843153863,28.65033484467209,2.0022569603761133,1.0729891518328036,0.04090970896929503,4.090970896929503,0.04059916644537719,-0.019148070464547463,-1.9148070464547462
1530,25.5255,1588.0086206896551,848.948275862069,14034.5,1536.4840182648402,846.8538812785388,-3.100966581622606,detected,1586.949224452156,849.8992252492474,17.3128476759548,-33.653122076614636,37.8453077693172,13.558878045460599,-29.097969598437295,32.10194711545165,35.24028122063906,31.71452718101602,177.5988117476944,0.9398577163487736,-14.766072257396681,28.504352627144414,2.002459589214077,1.0724280444785457,0.040507188789213444,4.050718878921344,0.04001833082778047,-0.018632267832677202,-1.8632267832677203
1531,25.54218333333333,1588.4498806682575,849.6694510739857,13507.0,1536.5575539568345,846.5287769784172,-3.0811434905820088,detected,1587.1207296922278,849.4363949146532,14.347660086709311,-30.123324890776985,33.36570173754863,13.373651911277937,-28.829629638653376,31.780530369173345,35.262941383982515,31.305320921038454,177.80141165228557,2.648464770563943,-14.469803594645889,28.295351110709372,2.002675999611644,1.0718440314380482,0.040101615607789715,4.010161560778972,0.03950198223474884,-0.01825842724876453,-1.825842724876453
1532,25.558866666666667,1587.0443407234538,847.3156359393232,14109.5,1536.7014925373137,848.5970149253732,3.1161450990187225,detected,1587.289245952436,849.0227312952059,12.241830542711341,-26.19917553177197,28.91814678676798,13.096527615682717,-28.77634764061042,31.616407435406146,35.256109238340414,30.953887764631965,178.05478103920905,4.884210007326002,-14.065763599693387,28.315216995091976,2.002888638425787,1.0713220584166636,0.03989452042322542,3.9894520423225424,0.03905853345694885,-0.01774859760213677,-1.7748597602136769
1533,25.57555,1588.447779862414,847.6485303314572,13937.0,1537.0664206642066,848.4280442804428,3.126422674356743,detected,1587.4361944668885,848.6122887054939,5.8771043345891485,-25.234926705463522,25.910265942088717,12.83157793696103,-28.892842439926216,31.614011713332218,35.248437705438654,30.665775988507242,178.33703406827908,5.479430136535072,-13.664648412214476,28.508299149217425,2.003074062418787,1.0708041497861123,0.039891497430072205,3.9891497430072205,0.03869498547445709,-0.017242458564308488,-1.7242458564308487
1534,25.592233333333333,1587.3732476635514,845.8160046728972,14161.5,1536.982269503546,845.9645390070922,3.138645024680068,detected,1587.5866299942973,848.1888095250106,1.9539967202490516,-24.978288603308556,25.054600470430938,12.72329506005224,-28.99665427522456,31.66525219135399,35.279529601207656,30.44534946694586,178.46487444410766,6.993357658395044,-13.495542806727002,28.64539266084247,2.0032638864281354,1.0702697911987515,0.039956154184673805,3.9956154184673807,0.038416844753243994,-0.017029076096816406,-1.7029076096816407
1535,25.608916666666666,1588.4305639781685,847.1904184354154,13929.0,1537.256227758007,850.508896797153,3.0768367852002974,detected,1587.741300348473,847.7424038830636,1.947391212432649,-19.889377015633727,19.984485247418284,12.600820843165806,-29.195700829116035,31.79889357862642,35.283885142336025,30.295751446900425,178.76583508132006,7.945607080634622,-13.226731490676384,28.917524217995535,2.003459054067474,1.0697065033224777,0.040124786850001794,4.012478685000179,0.03822807753552104,-0.01668988200716263,-1.668988200716263
1536,25.6256,1588.166963755199,846.382055852644,13977.5,1537.364312267658,846.2193308550186,-3.138389583742856,detected,1587.9014216249288,847.2943740057376,0.7956305539651112,-17.753085951122102,17.770905682219233,12.4988400263878,-29.41470498404024,31.960066822573378,35.249802544955735,30.21889273747046,178.96285567046155,10.145974491522182,-13.029216008712796,29.183649557614586,2.0036610998421818,1.0691411659378394,0.04032816002848376,4.032816002848376,0.038131094936871245,-0.01644065111509501,-1.644065111509501
1537,25.64228333333333,1588.5090252707582,847.0421179302045,13821.5,1537.3201581027668,846.6719367588933,-3.1343611062073338,detected,1588.0615284086894,846.8450384247752,1.4891183686168006,-13.73645585024019,13.816935001705332,12.34101795805366,-29.77040392628684,32.22697122249123,35.15335379394733,30.215457639160068,179.32459525937324,10.173133248500678,-12.69108700846688,29.622862534177905,2.0038631273295766,1.0685741809776343,0.04066494791481543,4.066494791481543,0.03812676042796223,-0.016013989916046537,-1.6013989916046536
1538,25.658966666666668,1588.0946027895695,846.6240145542753,13955.0,1537.5181518151817,845.3498349834983,-3.116404842318801,detected,1588.2444632703764,846.4193442128831,-1.3137795900602214,-17.276038691268013,17.325920745329764,12.147753091293794,-30.14306266920664,32.49880201248589,35.066875577302085,30.284920652132232,179.91453771937668,10.329928715323115,-12.19270089857962,30.12490957736691,2.00409395996262,1.0680370273979598,0.04100795206622825,4.100795206622825,0.03821441091751702,-0.015385111543949049,-1.5385111543949048
1539,25.67565,1588.302243211334,845.6829988193624,13825.5,1537.6772908366534,843.6215139442231,-3.1008944114235315,detected,1588.3657656776859,845.9350402796885,-2.302137642369871,-17.150437339621476,17.30425781895019,12.033809650325393,-30.40036979964737,32.69548988248343,35.03929019961281,30.425568305945678,180.45995197754223,10.735750257628236,-11.78938019117187,30.49599274271262,2.004247022937143,1.0674259183339918,0.041256138652975935,4.125613865297593,0.03839188429772326,-0.014876189515674286,-1.4876189515674285
1540,25.69233333333333,1588.1868327402135,845.6565836298932,13725.0,1537.555133079848,846.1939163498099,3.1309804767874283,detected,1588.504433479127,845.448733122982,-2.318296816820748,-20.220878708547616,20.353339673790035,12.066394994675568,-30.373785972421143,32.682790004312345,35.04968130353649,30.634523031740876,180.9259841247706,11.607833620878976,-11.573955482612147,30.564821559310488,2.0044219980809177,1.066812281543195,0.04124011357011022,4.124011357011022,0.03865554956686546,-0.014604360230425424,-1.4604360230425424
1541,25.709016666666667,1587.9284841075794,845.9162591687042,13742.0,1537.3794326241134,848.1241134751773,3.097942934024968,detected,1588.6453672114462,844.94210123615,0.6113420938695526,-22.367806008415755,22.376158847886668,12.163468626900709,-30.30277341292066,32.65284130902561,35.007746918615496,30.90776921695291,181.56850202208201,11.577947882161876,-11.329460432996799,30.62435912553223,2.0045998324434655,1.0661729984052368,0.04120232341832885,4.120232341832885,0.03900033970593428,-0.014295849126809842,-1.429584912680984
1542,25.7257,1588.060212514758,845.1345926800473,13931.5,1537.54296875,847.71484375,3.0905603609056547,detected,1588.804812734801,844.4619324964482,3.1351180723136167,-27.857689139020977,28.033547929109414,12.102825494989705,-30.409412552411144,32.72935619203215,34.93465354652512,31.24018466020695,181.93492387361673,10.498977130801478,-11.069169949643038,30.8007180658314,2.0048010255328723,1.0655671072510389,0.04129887216660209,4.129887216660209,0.03941979136934631,-0.013967406876521185,-1.3967406876521185
1543,25.742383333333333,1588.3856366928185,844.2788171394086,13911.0,1537.827868852459,844.438524590164,3.138433753852806,detected,1589.008282351987,844.0078095470961,6.539049943515693,-28.764374065955053,29.498277739047417,12.086541452029541,-30.503748699560678,32.8110220657263,34.849738005481846,31.62558286058905,182.52776558399015,8.826493925894985,-10.729458092353159,31.007126568613472,2.005057769529321,1.06499408144744,0.04140192058766726,4.140192058766726,0.03990609824680007,-0.013538748381518183,-1.3538748381518184
1544,25.759066666666666,1587.6357655502393,844.6172248803828,14077.5,1537.7280334728034,846.4309623430962,3.1052668272064614,detected,1589.1921207719324,843.5427001397732,9.09868071314304,-28.084063552882526,29.521189277569185,12.039989900236229,-30.69273005069324,32.96975939800772,34.78468715648753,32.0567724703381,182.8451219542108,7.449661983177577,-10.501674076374284,31.252517920259265,2.0052897422989684,1.0644071926053922,0.041602220060577566,4.160222006057756,0.040450186082445556,-0.01325132375567733,-1.3251323755677331
1545,25.77575,1588.1671714112658,843.3876438522108,14010.5,1538.1284403669724,838.8577981651376,-3.051311946935227,detected,1589.3790352095373,843.0716908301999,13.011681197559028,-29.499682115318592,32.241822102538784,11.968087166742123,-30.98576187253117,33.21675103395791,34.766361412485885,32.525639708494325,183.2122901866845,4.922724914423945,-10.21297448194569,31.607715853618245,2.0055255964789116,1.063812859091735,0.04191388143086172,4.191388143086172,0.04104181666686981,-0.012887034046619167,-1.2887034046619168
1546,25.79243333333333,1588.932098765432,842.966049382716,13832.0,1538.6880341880342,836.1367521367522,-3.0064980800077024,detected,1589.5416974056043,842.5526107448087,15.668412834615538,-30.404036741922937,34.2038683625134,12.008824222112063,-31.04537410246056,33.287041207642865,34.75751504820583,33.02325778943596,183.43760703287805,2.7823731823533127,-10.12568714476542,31.709581709723743,2.0057308484613303,1.0631578684477083,0.04200257565633169,4.200257565633169,0.041669725917269355,-0.01277689229623397,-1.277689229623397
1547,25.809116666666668,1589.1997607655503,841.8642344497607,14061.0,1538.504347826087,838.2913043478261,-3.071230629818753,detected,1589.7131895576322,842.0426516017558,17.60408405569069,-31.41537577430654,36.011520524419815,12.18314833227188,-31.15425679514115,33.451708771656754,34.7097679299468,33.540024888530084,183.71358296370875,0.6193492574015192,-10.139740963192075,31.87793081338722,2.0059472423440154,1.062514386879187,0.04221035807149118,4.221035807149118,0.042321797966599475,-0.012794625821062557,-1.2794625821062557
1548,25.8258,1589.3188929001203,841.8507821901323,13928.0,1538.4513274336284,841.3451327433628,-3.131652472885473,detected,1589.8895180909687,841.5274634627735,19.899133469917615,-30.62386827413752,36.521183180796896,12.458384496694995,-31.147191116227038,33.54636878558189,34.6426638091822,34.06582936542764,183.81127092143436,-2.032251364859052,-10.360472241095348,31.906417436618536,2.006169738916049,1.0618643072085472,0.04232980288401501,4.2329802884015,0.04298527364722731,-0.013073151092864794,-1.3073151092864794
1549,25.84248333333333,1589.6682867557715,841.8967193195626,13907.5,1538.8518518518515,838.0222222222222,-3.065494924184385,detected,1590.0867633341718,841.0067465893153,23.251596073574092,-31.906797371775838,39.48012713368851,12.73685350721902,-31.227804290784707,33.725408790523346,34.56831806032747,34.590238387342275,183.88251366091106,-4.937457248492059,-10.593162691631306,32.01855871641539,2.006418628812835,1.0612072512168018,0.04255572087132284,4.2555720871322835,0.04364698850137827,-0.013366766803320261,-1.3366766803320262
1550,25.859166666666667,1590.2305868405454,841.311203319502,13875.5,1538.952,840.596,-3.1276461509115427,detected,1590.2719698766443,840.4954675881779,22.53532177548732,-28.91763259926074,36.661563014560365,12.940063008656399,-31.203667368077706,33.78038022115256,34.45866554304628,35.102704096006725,183.69692814259028,-6.8045694317800365,-10.901160518542534,31.973094739712085,2.006652327920056,1.060562104212212,0.04262508545255844,4.262508545255844,0.04429363292871511,-0.013755407594375439,-1.375540759437544
1551,25.87585,1590.2936555891238,840.6561933534744,13904.5,1539.625441696113,835.0883392226149,-3.03214329301462,detected,1590.4772461877142,839.9732950043676,20.71398403467174,-32.00632568985134,38.124454340403005,13.13219456213788,-31.456180485112913,34.08732645324127,34.31794552885901,35.592780203784386,183.46523460137252,-9.075936971657312,-11.206881969611493,32.192415585802806,2.006911351656422,1.0599032113619782,0.04301239931008362,4.301239931008362,0.04491202549373424,-0.014141175986891474,-1.4141175986891474
1552,25.892533333333333,1590.7603853100543,839.305237808549,13938.5,1539.8285714285714,835.7714285714286,-3.072320529127717,detected,1590.6408754776803,839.399568656332,20.626932859107455,-36.102178768762315,41.579293777381544,13.32777677433765,-31.751860657126805,34.435596247722664,34.074549827455066,36.050341370441835,183.3383167500838,-10.673530010644546,-11.456197324292015,32.474079383456825,2.0071178239466,1.0591792664433213,0.04345185646400337,4.345185646400337,0.04548938974188244,-0.014455769494374783,-1.4455769494374782
1553,25.909216666666666,1591.3005952380952,839.5827380952381,13988.5,1540.0496894409937,834.4378881987577,-3.041542292093632,detected,1590.8348225642708,838.8191937743164,21.167449864241007,-40.78438733154712,45.95026859295621,13.651669583951534,-31.92408379514708,34.72053007355965,33.806816839777085,36.46579777820667,183.01780568636403,-11.926928085679185,-11.952052997267177,32.59852201771542,2.007362552131572,1.0584469322073393,0.04381139441458631,4.3811394414586315,0.046013624956727665,-0.01508145488614155,-1.508145488614155
1554,25.9259,1591.9462686567165,838.7379104477612,14049.5,1539.9251700680272,838.2312925170068,-3.1318542603389794,detected,1591.1245054444266,838.2883864939039,20.197385823602872,-43.50250417224561,47.962508935247754,13.984882310370873,-31.983503744594596,34.907326523459524,33.57586785141274,36.83029784489353,182.88548092375524,-12.846617409345823,-12.357106502378372,32.64695030020873,2.0077280825797184,1.0577771438408883,0.044047099714144514,4.4047099714144515,0.04647356194939247,-0.015592563409941165,-1.5592563409941165
1555,25.94258333333333,1592.064878353088,838.7916406737368,13916.0,1540.7212543554008,835.0662020905924,-3.069160655732724,detected,1591.3716296647933,837.6839621833325,18.753199323080935,-44.122193817727066,47.94215756659556,14.512614455273544,-32.153238202781175,35.27671619145129,33.40474088410955,37.13591288867845,182.73130433737364,-13.828647875727544,-12.963955394346527,32.8082697773838,2.0080399112489506,1.0570144633228171,0.044513206550727186,4.451320655072719,0.04685919607404221,-0.016358303336714862,-1.6358303336714861
1556,25.959266666666668,1591.907418761496,836.8712446351931,13745.0,1540.927797833935,831.1985559566787,-3.030774875042205,detected,1591.691309715633,837.1066190819932,17.142254006656458,-45.54038380719635,48.65987494574437,14.841632144925502,-32.101738272461766,35.36658938657957,33.308570811172196,37.37579870807111,182.62513010858154,-14.816496806605866,-13.35576093962119,32.74781358446105,2.0084432930165717,1.056285954677594,0.04462661121334962,4.462661121334962,0.047161891114285315,-0.01685269519195103,-1.6852695191951028
1557,25.97595,1592.374096385542,835.7042168674699,13725.5,1541.1695501730103,834.5294117647059,-3.1186533031571018,detected,1591.9654728907674,836.4636266519088,13.11151562116902,-47.88338416141346,49.64605040316561,14.952723407774531,-32.304223742019886,35.59700561681965,33.26331282261722,37.5443303724665,182.19420776797912,-15.826908133203409,-13.704934925450347,32.85302980811756,2.008789240240716,1.055474607762661,0.0449173572451983,4.491735724519829,0.04737454936588833,-0.01729329328132536,-1.729329328132536
1558,25.99263333333333,1592.971639950678,835.3588162762022,13635.0,1541.2996254681648,828.4307116104869,-3.0083090712849243,detected,1592.2727783677083,835.8474911056912,13.08034882057882,-48.16276079741806,49.907384753133755,15.302505504730535,-32.42813744739248,35.85736706772106,33.250546022158915,37.63720790992622,181.5648094314714,-15.764112818237738,-14.411261574284977,32.83392015685645,2.0091770074040483,1.0546971496601782,0.045245889044442975,4.524588904444298,0.04749174499675233,-0.018184557191526785,-1.8184557191526785
1559,26.009316666666667,1593.02862362972,834.7947624847747,13919.5,1541.7560137457044,831.3642611683849,-3.0747851303900373,detected,1592.6258207330884,835.2626257864337,14.124615388751408,-42.68577457592073,44.96198517666312,15.321417858890584,-32.73542035438092,36.14351381624022,33.22843882669815,37.651531918163805,180.80167172936294,-14.736489356066821,-14.861905263917718,32.94658347858064,2.0096224867294494,1.0539591492573297,0.04560695749683309,4.560695749683309,0.04750981945509629,-0.018753192762041286,-1.8753192762041286
1560,26.026,1593.1772784019977,834.0986267166043,13927.0,1542.3246753246754,824.3766233766233,-2.9526920168363757,detected,1592.9783175411735,834.6752383145077,16.75429214483438,-36.219712525739624,39.907065548868395,15.371759158620279,-32.925670262852925,36.33718125954108,33.251923216316875,37.5858493382415,180.15437348080107,-15.30370251017482,-15.282990997611742,32.96696722562848,2.010067277654478,1.0532179663274546,0.0458513328196102,4.58513328196102,0.04742693922806499,-0.01928453122727034,-1.9284531227270338
1561,26.042683333333333,1593.1431105854524,832.9485511531639,13825.5,1542.4311594202898,831.4202898550725,-3.111465654595475,detected,1593.3339951556477,834.0544524874604,16.500960854286404,-30.51145627308574,34.687615556839816,15.26471337221024,-33.0761705016822,36.42862239218066,33.266117548230426,37.44017065960599,179.65878594709736,-15.511342829676368,-15.46142032699492,32.984678425961256,2.0105160822153283,1.052434640362726,0.045966715952278435,4.596671595227844,0.047243117551553304,-0.019509678646050375,-1.9509678646050375
1562,26.059366666666666,1592.7617881200244,831.7225964482548,13964.5,1542.605633802817,833.0633802816901,3.114866828825344,detected,1593.6540265170293,833.4244837200964,13.383515823973994,-29.60083802614281,32.485813944866834,15.37439279240796,-32.823716933444935,36.24594249101774,33.29353436745939,37.215960593350026,179.07838873241477,-15.204595454784576,-15.900355588581586,32.57218198430722,2.0109199072770085,1.0516397270916045,0.04573620503598454,4.573620503598454,0.04696020264145114,-0.020063540174866355,-2.0063540174866357
1563,26.07605,1594.1633150517978,832.3144424131627,13820.5,1543.2445255474452,832.2007299270073,-3.139359444626544,detected,1593.957017861518,832.8177390605586,11.700472342021385,-30.96087359545163,33.09798705087579,15.390200833371651,-32.6126386647816,36.06164835904095,33.19451262543188,36.9161046751019,178.40854130176692,-13.998121141582775,-16.29000282335282,32.17263263064244,2.011302230740086,1.050874118688402,0.04550365723538291,4.550365723538291,0.046581835552179054,-0.02055520860990892,-2.055520860990892
1564,26.09273333333333,1594.5903689806128,832.6960600375235,13729.0,1543.1954022988507,829.6628352490421,-3.082643098140744,detected,1594.2724545068666,832.2075389506108,10.909960704764217,-32.6134424339964,34.38988034255275,15.337312977368919,-32.48139521997216,35.92038703580182,33.09526434965018,36.54485430337591,177.77042134327291,-12.40987230166256,-16.589347534246983,31.860127953129325,2.0117002580528287,1.050104150095408,0.04532540950889819,4.532540950889819,0.046113380824449095,-0.020932930642582944,-2.0932930642582943
1565,26.109416666666668,1595.0554140127388,832.6955414012739,13821.0,1543.6746575342463,834.736301369863,3.101895148336356,detected,1594.6003081433596,831.5849729937496,12.116021974853084,-29.846369446173867,32.211857407057785,15.095990354782229,-32.09815451268569,35.47083940241509,33.01901971038545,36.10775243335389,177.1807100542481,-11.724462679069816,-16.656499738603898,31.316792051067605,2.0121139534931984,1.0493185779100942,0.044758156974656266,4.4758156974656265,0.04556183272347494,-0.021017665285304604,-2.1017665285304603
1566,26.1261,1594.4767513949164,831.14445133292,13901.0,1544.024734982332,832.6183745583039,3.112386603483538,detected,1594.904048791457,831.0106665409153,14.083833102746667,-28.8095599270805,32.067820288539494,14.775123478061879,-31.63913837274949,34.9190399461664,33.01346885209837,35.61154164859589,176.54848521403875,-11.310144401415673,-16.65312146900495,30.692228594556813,2.012497222449788,1.0485939009980005,0.044061880058254135,4.406188005825413,0.044935699241130465,-0.021013402484548836,-2.1013402484548838
1567,26.14278333333333,1594.096852300242,830.1585956416465,13907.5,1544.889632107023,837.3478260869565,2.996517946021956,detected,1595.19743583937,830.4417438214434,16.068519733746143,-28.688554182005646,32.88206908769068,14.41104411207475,-31.19951823509297,34.36696277680154,32.998089411287005,35.06405575042992,175.9749367812815,-11.290137915594064,-16.56548112266969,30.111010704998545,2.01286742692665,1.0478760174403072,0.043365252715207,4.3365252715207,0.04424486530022703,-0.020902815296744093,-2.0902815296744093
1568,26.159466666666667,1594.5011990407677,829.3830935251799,13909.5,1544.6145038167938,832.8091603053435,3.073023357114521,detected,1595.4795148850062,829.8799569118024,15.060908644794381,-32.11631415276747,35.472363946685235,14.064601768234901,-30.820555083147386,33.87801113602094,32.96092351164933,34.47409542617809,175.45227505418575,-10.645425269546799,-16.464066377279327,29.608346067568498,2.0132233626309226,1.0471671380590568,0.042748279035988566,4.274827903598856,0.043500435868994436,-0.020774847163759404,-2.0774847163759405
1569,26.17615,1594.5371562317146,828.4259801053247,13819.0,1545.5890909090908,837.0,2.9681862596604174,detected,1595.721701702271,829.366250598421,17.333158648184508,-32.315062715207205,36.670174079364664,13.534418900004537,-30.33797445038914,33.220072075678345,32.98633035365948,33.85128805161391,174.90762592939802,-10.38775086004692,-16.17384799370253,29.016888699339717,2.0135289611385123,1.0465189281999003,0.041918072019783405,4.191807201978341,0.04271455905566425,-0.02040864100151739,-2.040864100151739
1570,26.192833333333333,1595.514687882497,829.3384332925336,13638.0,1545.859778597786,836.2988929889299,3.002323445171597,detected,1595.9585073833025,828.8552234482876,19.3671925476624,-32.18834180280146,37.565642483421016,13.01807056139242,-30.00282504188738,32.70534622405787,33.02298218299134,33.205931343368064,174.6658644420832,-9.291143175432747,-15.750872344763595,28.66268815052869,2.0138277695688362,1.0458740989883755,0.04126857567704463,4.126857567704463,0.0419002288244392,-0.019874917785190658,-1.9874917785190658
1571,26.209516666666666,1596.1131025957973,828.4474660074166,13746.0,1546.1920289855072,837.6413043478261,2.9594659766945526,detected,1596.1800174555915,828.3605988009116,24.420044741506445,-28.369298473150366,37.43201411941212,12.652741869923956,-29.654952018194603,32.241402823517944,33.078832934703534,32.54882053073568,174.56214595950613,-7.79255031580333,-15.406081434661989,28.322441823700764,2.0141072775464877,1.0452499669412134,0.040683158136931165,4.068315813693117,0.04107106691575481,-0.01943985039074068,-1.943985039074068
1572,26.2262,1596.7474626865671,828.3611940298507,13742.5,1546.196551724138,838.1034482758621,2.9512052155592183,detected,1596.372319820387,827.8619594218707,26.84160613521999,-26.299175078433336,37.57816426762181,12.381039904714909,-29.409002335362686,31.908926141183613,33.12682957119615,31.891059087010795,174.44362701911004,-7.061468175840849,-15.170395253094899,28.07202656290398,2.0143499303727284,1.0446207689865876,0.040263629200231695,4.026362920023169,0.04024108402146473,-0.01914245457803773,-1.9142454578037729
1573,26.24288333333333,1596.8276470588237,827.6123529411765,13658.0,1546.9078014184397,839.4397163120567,2.908955249921509,detected,1596.5501573956483,827.3750282514943,22.81741603582668,-27.32725761238339,35.60075116013097,12.092392321073795,-29.012438833196125,31.431633096240976,33.176163318061555,31.24385392362846,174.20368565519655,-6.632802478317525,-14.960599337908198,27.642865744117266,2.01457433109861,1.0440063447968384,0.03966136668295391,3.966136668295391,0.03942442135473623,-0.018877727871177537,-1.8877727871177536
1574,26.259566666666668,1597.1628048780487,827.265243902439,13851.0,1547.0346020761249,833.7716262975779,3.012519398715978,detected,1596.7331421123263,826.9319563377055,23.29156536956043,-27.28598075162995,35.875085546139495,11.754829336507992,-28.583354712233977,30.90605408873506,33.203583506895356,30.618297312660488,174.02553145051994,-5.1651259136156344,-14.666088168930873,27.20459588299306,2.0148052266401595,1.0434472635176095,0.038998175506290304,3.8998175506290305,0.03863507547338863,-0.018506104945023184,-1.8506104945023183
1575,26.27625,1596.1606929510156,824.752688172043,13904.5,1547.1992753623188,832.9057971014493,2.9765856156270143,detected,1596.909460566513,826.4965471087041,17.588008805449135,-28.642930502282297,33.61183603284905,11.495223876548245,-28.126451536772834,30.384822659057857,33.3377082776602,30.025139597709757,173.83284026199468,-4.464916227507522,-14.450308780936577,26.728749019697556,2.0150277104940226,1.0428978512412672,0.038340470232249665,3.8340470232249664,0.03788661147975995,-0.01823382811474647,-1.823382811474647
1576,26.29293333333333,1598.227244960293,825.9169211973121,13844.5,1547.8166089965398,835.1314878892733,2.9607984693283456,detected,1597.0859950299694,826.1224698853299,14.217851780498222,-25.877929107069804,29.526505450573506,11.129351338082884,-27.946421761522178,30.080973230255825,33.479539973244904,29.47455882802438,174.0511133489334,-3.9702708241565885,-13.965818026401488,26.642463799971782,2.015250466914788,1.0424258295083029,0.037957064012941105,3.7957064012941104,0.037191872338201114,-0.01762248331407128,-1.762248331407128
1577,26.309616666666667,1598.5902348578493,825.7805933250927,13899.5,1547.4925373134329,832.2089552238806,3.0164448129586603,detected,1597.2627013706267,825.7144079730144,12.973840019619274,-25.438840988176253,28.55617543853502,10.771200991015277,-27.81908063959422,29.831527255926648,33.617266838556205,28.975935537279963,174.06586734041485,-2.9629365776220657,-13.589560638854884,26.556427848337968,2.015473440215302,1.0419109248870846,0.03764230568571186,3.764230568571186,0.036562694684264936,-0.01714771058530585,-1.7147710585305849
1578,26.3263,1596.93779342723,822.7775821596244,14186.5,1547.411111111111,831.5481481481481,2.9663220490065294,detected,1597.3930398076109,825.3252605487742,8.074217479350864,-27.504974206763563,28.665599488212067,10.697766038998182,-27.50408404957732,29.511300168433046,33.739017284095425,28.537642576608235,174.18569181377057,-1.668040221747928,-13.429024855460824,26.278853267651762,2.015637905120014,1.0414198871277909,0.037238233651019616,3.7238233651019614,0.036009643629789576,-0.016945141773452146,-1.6945141773452146
1579,26.342983333333333,1599.3500597371565,824.9958183990442,13905.5,1547.9133858267717,834.8110236220473,2.9530382880759087,detected,1597.5733214308182,824.9717330303223,3.920130205560781,-29.19810384571906,29.460086371461035,10.48706862836031,-27.420139490732716,29.357156846451918,33.79829694340375,28.166860691392557,174.33372249255177,-1.9105973508440455,-13.143129367439172,26.250729676295414,2.0158653898180674,1.0409737956218579,0.03704373103653239,3.7043731036532392,0.03554178005223036,-0.016584390369008422,-1.6584390369008422
1580,26.359666666666666,1598.0092592592594,824.7537037037036,13809.0,1547.8387096774193,835.9435483870968,2.922148245458338,detected,1597.705381460464,824.6412743482252,-0.7910566446780649,-28.642446412706477,28.653368163618243,10.467401019266584,-27.246579984298982,29.188055860898736,33.81242935446896,27.869429935985625,174.5772153024156,-1.46912656820698,-12.995470257678747,26.135423427232475,2.01603202707945,1.0405568130576974,0.0368303543986104,3.68303543986104,0.03516647310534464,-0.0163980697257776,-1.63980697257776
1581,26.37635,1598.387077294686,824.4371980676328,13870.5,1547.9173228346456,831.7716535433071,2.9972791341185645,detected,1597.8204124906483,824.2693765818091,-1.5426377897110797,-26.655904682932714,26.700505347574207,10.413802918242924,-27.273962928309462,29.194457436897224,33.709162106906994,27.64974481270314,174.89099992464995,-0.5014582901880836,-12.801196797858218,26.2382489045536,2.0161771766443515,1.0400875414281503,0.0368384320970312,3.68384320970312,0.034889267902464535,-0.016152929713385764,-1.6152929713385764
1582,26.39303333333333,1599.023823704586,823.6724240619417,13924.0,1547.3919413919414,825.3443223443223,3.1092228420360226,detected,1597.9704757827662,823.9051007782116,0.8391769768386439,-25.27076310537018,25.28469271963167,10.246346849037245,-27.566737084450534,29.409396750596496,33.57076144970674,27.510697337455053,175.05138499787347,-0.10131380191096495,-12.586122881657277,26.580107750756373,2.016366530956172,1.0396278874173017,0.037109648896651734,3.7109648896651732,0.03471381367502215,-0.015881543068337257,-1.5881543068337258
1583,26.409716666666668,1597.5030048076924,821.9014423076923,14179.5,1547.4357142857143,818.4464285714286,-3.0726944760889903,detected,1598.1285071244452,823.544325437043,3.2922112240812567,-23.744196450001027,23.971347892853416,10.13599632597059,-27.885166032723564,29.670202328138064,33.315490583754254,27.453667631299073,175.38523204147302,1.6089079388557976,-12.346661673041316,26.979267071662676,2.0165659395892055,1.039172650393745,0.03743874110806065,3.7438741108060647,0.03464185190069284,-0.015579383814563176,-1.5579383814563177
1584,26.4264,1597.8315282791816,821.6450060168472,14134.5,1547.8727272727274,824.3127272727272,3.0882448958664277,detected,1598.2617748881676,823.1487638953926,0.04000035026911064,-21.135182486529402,21.135220338736023,10.092504943924158,-28.10059989248659,29.85803694754146,33.06674488910016,27.478557018943405,175.69081861679297,2.6478382847912116,-12.175411991056423,27.26282658142384,2.016734100805259,1.0386735191109056,0.037675756400683234,3.7675756400683236,0.03467325806806739,-0.015363295887768358,-1.5363295887768358
1585,26.44308333333333,1597.425641025641,821.6934472934473,14143.0,1547.63082437276,825.7311827956989,3.060682211221417,detected,1598.3860794242776,822.7325891600408,2.8342591160612756,-18.24762823895753,18.46642794598286,10.072464888300976,-28.31473746305627,30.052935073430987,32.831366074866274,27.583855012367305,176.29570854091338,4.703470962384486,-11.880753030163374,27.60482954057355,2.0168909519549247,1.0381483774890106,0.03792168463524415,3.7921684635244155,0.034806126198570736,-0.014991486473392272,-1.4991486473392273
1586,26.459766666666667,1598.9315155358274,822.7222574508561,13927.0,1547.751724137931,824.1275862068966,3.114140886367448,detected,1598.5017033601466,822.2754135164711,1.7929411033260294,-15.053964646324403,15.16035914392469,10.017014168501092,-28.572628626253312,30.277643228391174,32.68493948540304,27.766729795845386,176.6661270532284,5.532985321268633,-11.66168072563355,27.941740856989007,2.0170368496658004,1.0375714997053263,0.038205228048443125,3.8205228048443125,0.03503688302314875,-0.014715054543386185,-1.4715054543386186
1587,26.47645,1599.15799031477,821.8625907990315,13812.0,1547.6753731343283,818.8022388059701,-3.0822181488945404,detected,1598.5774476318948,821.7861865155154,2.367806261086116,-12.247063390884705,12.473855385981793,9.966992784661267,-28.963731572064834,30.630682195277906,32.59260316210393,28.023132226023325,177.00104843325258,5.685466620841112,-11.46865822910782,28.402615551600743,2.0171324260339367,1.0369541785684737,0.03865070308552417,3.865070308552417,0.03536041921264773,-0.014471493033574537,-1.4471493033574538
1588,26.493133333333333,1598.9346914319951,821.2672258837628,13861.5,1548.2058823529412,816.6875,-3.0515581244088006,detected,1598.6914606335467,821.2913917766009,4.797646379529397,-11.478822543040451,12.441092305646848,10.093424562842337,-29.057245536045738,30.760376095682556,32.53159936316532,28.34790561578729,177.4440621970707,5.871911424031845,-11.379183414111782,28.57822461903192,2.017276291020248,1.0363298318947647,0.03881435469486758,3.881435469486758,0.03577022790635621,-0.014358591058816131,-1.435859105881613
1589,26.509816666666666,1598.2142436727486,821.9941141848146,14016.5,1548.0981012658228,820.0791139240506,-3.103399988426577,detected,1598.824054305996,820.8258461330448,2.511146580695822,-16.426519472130394,16.61735234981853,10.223809044791961,-29.041193274318786,30.788263643484488,32.476028781480615,28.734896891678503,177.95329315951278,6.87441013208405,-11.254469022348593,28.65753138715379,2.0174436016479445,1.035742392596902,0.03884954402963343,3.8849544029633427,0.03625854497372682,-0.014201222741133872,-1.4201222741133872
1590,26.5265,1598.3592814371257,821.2538922155688,13834.5,1548.231884057971,819.1268115942029,-3.0991846006045685,detected,1598.9662602968074,820.3682551471919,2.551486666665369,-21.95641376341814,22.10416679181979,10.422281310400098,-28.898441281825136,30.72041432390212,32.486977531903456,29.177068119789375,178.32565028345076,6.999043066447645,-11.262207935916607,28.581576734679764,2.017623041383984,1.0351649907220088,0.03876392974624873,3.8763929746248733,0.03681648974105915,-0.01421098793175597,-1.421098793175597
1591,26.54318333333333,1598.362301820317,820.9083969465648,13980.0,1547.9257950530036,820.565371024735,-3.134791614917392,detected,1599.1076664016118,819.907646236562,2.6695597179368633,-27.149022333848734,27.279955329352145,10.412399038665303,-29.057790688070494,30.867025341164872,32.55283360431145,29.666610049588122,178.79272155919455,6.866273592064934,-11.022318572864366,28.831957038855407,2.017801471800141,1.0345837807401415,0.03894892787528691,3.8948927875286907,0.03743420826446451,-0.01390828842001813,-1.390828842001813
1592,26.559866666666668,1598.572721786361,820.3771876885938,13952.5,1548.2392026578073,818.6843853820598,-3.107973615416051,detected,1599.24815231147,819.4522974695594,6.894330258043738,-26.80471540725057,27.67714865680122,10.213676379648028,-29.44270867564384,31.163958017989515,32.59617910990418,30.195060768132144,179.0824294498826,5.4757853002229275,-10.683860514889728,29.275371967669226,2.0179787410870285,1.034009208163482,0.03932360633184797,3.932360633184797,0.038101023051270846,-0.013481212006170005,-1.3481212006170005
1593,26.57655,1598.5265926358854,819.7346580946814,14160.5,1548.2687074829932,818.5442176870748,-3.117910442450764,detected,1599.3939839292157,818.9750854492103,10.512749728549352,-28.914295981636087,30.766124536066794,10.012766431322621,-29.885351811499564,31.5180859905122,32.62524826304136,30.753432733366452,179.38811518287875,5.158280591787119,-10.33134716036429,29.77671926786687,2.0181627557466446,1.033407047885439,0.03977045550853275,3.9770455508532745,0.03880559335440562,-0.013036400202352418,-1.3036400202352418
1594,26.59323333333333,1598.5210751374466,818.9743433109346,14138.0,1548.58940397351,819.2715231788079,3.1356409930102496,detected,1599.4953922736065,818.4252385564371,13.99417528075901,-31.02792746006071,34.03776173980005,9.954146634448561,-30.19009901959362,31.788789124988252,32.60709969397493,31.332350592078633,179.51165013857394,3.7571478135104126,-10.211101615249685,30.104161138221684,2.0182907158026584,1.0327132347715295,0.04011203675077382,4.0112036750773825,0.03953608907517809,-0.012884670807886038,-1.2884670807886038
1595,26.609916666666667,1599.1844888366627,818.4829612220917,14084.0,1548.7147435897436,818.9294871794872,3.132745485748271,detected,1599.6048665368655,817.9100218994008,13.364255183177193,-34.43836961323814,36.940555196410926,10.095228519764834,-30.28672601751472,31.92490268937834,32.589288307800594,31.922200645614378,179.5783383644617,2.984550337876554,-10.317844770460471,30.21161185734647,2.0184288536742785,1.0320631191159633,0.04028378888249633,4.028378888249633,0.04028037936355127,-0.013019362486385454,-1.3019362486385455
1596,26.6266,1599.9706762417711,817.9162178336326,13863.0,1548.6238244514109,819.9028213166144,3.102922062312904,detected,1599.7372286733728,817.394922310286,12.182501322030475,-36.37765417212836,38.36335571255781,10.276720350702185,-30.536496425705195,32.21938228960392,32.569215798309614,32.51329100199035,179.74762310920875,0.6609428070548649,-10.411127614334726,30.490933356026993,2.0185958721430572,1.0314131511801716,0.040655371974263624,4.065537197426362,0.041026234702826944,-0.013137069544901863,-1.3137069544901863
1597,26.643283333333333,1600.179928741093,817.958432304038,13840.5,1548.872274143302,818.791277258567,3.125361706689737,detected,1599.873177334275,816.8590000767837,14.956933524432316,-35.95135304679388,38.938536777201875,10.62575470447501,-30.592519111618763,32.385319029375516,32.5550150053575,33.09601971924586,179.74775832761827,-1.416232746393577,-10.76033326301954,30.54544346875958,2.018767416194669,1.0307369086142382,0.04086475587302905,4.086475587302905,0.04176153907791276,-0.01357770758740636,-1.357770758740636
1598,26.659966666666666,1599.9352905931696,817.1366087477531,13876.0,1549.3344827586209,815.248275862069,-3.1042917269416783,detected,1600.0200133552694,816.3205527181035,13.416110805892458,-38.55624191299057,40.82371638654466,10.95453146542614,-30.732869709025795,32.62684539116472,32.61292401505708,33.661046880575775,179.50673050702173,-3.4749619979507416,-11.218706943391599,30.637422455181568,2.0189526982400876,1.0300574797704776,0.04116952099831511,4.1169520998315114,0.04247450710482748,-0.014156097089453123,-1.4156097089453124
1599,26.67665,1600.3084279737,816.9043634190077,13929.0,1549.4478114478115,816.4377104377104,-3.1324177768566672,detected,1600.2021357913795,815.7840013909497,14.858993462530634,-40.60001381002439,43.23367678203763,11.213012439270916,-30.865661690368324,32.83931667296862,32.70002779459634,34.199465681631445,179.63532284448985,-6.01081805840282,-11.4092382794427,30.793668203551434,2.0191825057304476,1.0293804433955203,0.04143762356210552,4.143762356210552,0.04315389991373053,-0.014396515179107509,-1.439651517910751
1600,26.69333333333333,1599.9387116948092,814.6835522201376,14174.5,1549.6535714285717,820.4892857142858,3.026645359866408,detected,1600.3740391429671,815.2300667211125,15.326216433553782,-42.38857469576533,45.074207424053625,11.521020213134815,-31.218409872707795,33.2764634799409,32.7978376377916,34.70296725985377,179.3660720357058,-7.607749244119274,-11.865712551931573,31.089031624783267,2.0193994184769304,1.0286814722032966,0.04198922836585603,4.198922836585603,0.04378923313546217,-0.01497250795196413,-1.4972507951964131
1601,26.710016666666668,1599.9070185962807,814.6496700659868,14156.5,1549.6516516516515,815.7297297297297,3.120104532242216,detected,1600.594760729142,814.6831789046003,13.6148091419318,-46.37050651185882,48.32791017763515,11.925225415139069,-31.52248399397506,33.7027891776377,32.97455222134141,35.16399409479865,179.1705329083808,-10.248944608742505,-12.380308693607537,31.346546141533334,2.019677931519422,1.0279913929395588,0.04252717877304442,4.252717877304442,0.04437097046662291,-0.015621840622848628,-1.5621840622848628
1602,26.7267,1601.6649937264742,814.6116687578419,13868.0,1550.226618705036,815.8021582733813,3.1184527891675358,detected,1600.8498406025772,814.1472602904902,13.592712417359508,-50.10502392459898,51.916040424378245,12.297818998148156,-31.828724461983875,34.12189990296707,33.17492291620851,35.57587728451498,178.98390767356898,-12.42303434302534,-12.860311212442488,31.605639504797722,2.0199997988676053,1.0273151549406816,0.04305602511415404,4.305602511415404,0.0448906968889779,-0.016227522034627746,-1.6227522034627746
1603,26.74338333333333,1600.489185750636,812.8772264631043,14093.5,1550.6178343949043,818.7388535031847,3.0245944838035017,detected,1601.0766959850039,813.578614551014,15.38526030596313,-48.484709409512334,50.86721224135542,12.485638110077613,-32.1965812297831,34.53275259665589,33.303888950687785,35.93295378829435,178.6407525501796,-15.140333647803478,-13.245863743029938,31.891348287630123,2.020286051716093,1.0265976208845602,0.043574451226064216,4.357445122606421,0.045341266609835146,-0.016714023650510963,-1.6714023650510963
1604,26.760066666666667,1602.022952853598,812.3542183622828,13877.5,1550.4693251533745,817.8527607361963,3.0353375959553683,detected,1601.3514279806889,813.0084515019565,16.222536498222325,-45.84929740774078,48.63464570879098,13.011257262969032,-32.38725064780951,34.903106166746845,33.347008909402746,36.23066075371543,178.05827873757914,-17.390548348433086,-14.101161660881367,31.927794472855332,2.020632716694876,1.0258781722422166,0.04404177434289823,4.404177434289823,0.045716922086707176,-0.017793263925402356,-1.7793263925402356
1605,26.77675,1602.3707462686566,811.8841791044777,13846.0,1550.9630769230769,816.5815384615385,3.05047101261276,detected,1601.6234678269298,812.4410176545841,17.22898043232408,-40.0512550764297,43.59977981520826,13.164365511823721,-32.54295678811964,35.10476542924501,33.35898735944532,36.465605233408304,177.39684435763454,-20.28843449197724,-14.628817068506459,31.91147547542247,2.020975984639659,1.025162167387488,0.04429623398011989,4.429623398011989,0.046013381997991556,-0.018459075165307835,-1.8459075165307834
1606,26.793433333333333,1601.5449541284404,810.2507645259939,13976.0,1551.2260061919503,814.0557275541796,3.0661193813936256,detected,1601.9085482997918,811.8873901540838,17.841166998939116,-38.97500619333755,42.86441820035278,13.347129032508441,-32.7373912501611,35.35367928910023,33.36325560051306,36.63560882600003,176.6645761429708,-21.992029792591726,-15.22922194243579,31.905382591415304,2.0213357076338068,1.0244635837906422,0.044610320869527105,4.46103208695271,0.04622789757223979,-0.0192166838390357,-1.92166838390357
1607,26.810116666666666,1601.693655589124,809.3752265861027,14112.0,1551.3723076923077,811.3261538461538,3.1028426843302768,detected,1602.2286388397074,811.30817976024,16.755182491365304,-33.43587088912727,37.39911232146216,13.53688342088533,-32.91432435188122,35.58932368409775,33.37018038664319,36.73972790027064,176.11647254773828,-22.883963149207098,-15.735036205231701,31.921914038972176,2.021739607368716,1.023732718940366,0.04490766395469748,4.490766395469748,0.04635927810759702,-0.019854935274740318,-1.9854935274740317
1608,26.8268,1602.4531835205992,809.58177278402,13829.5,1551.8470948012232,812.4434250764526,3.085105222230918,detected,1602.493611970569,810.6693428977576,19.120929489218724,-26.617453433205355,32.77344613861243,13.501965346301299,-33.227866340041274,35.86633755660549,33.38747977097904,36.7782509536311,175.69473537953252,-22.62762022654833,-15.958293689020133,32.12050797013256,2.0220739583224847,1.0229266156438583,0.04525720827331923,4.525720827331923,0.04640788763865124,-0.020136648188038023,-2.0136648188038024
1609,26.84348333333333,1602.8507836990595,809.2652037617555,13927.0,1552.1024844720496,812.7173913043479,3.073671613084148,detected,1602.7674362146759,810.0208835779063,17.340208006015928,-22.458247833804307,28.373503651408203,13.455259083633674,-33.48083133035925,36.083376554580816,33.47108273090988,36.752675240105866,174.92617828126055,-22.68561613267862,-16.363553599364483,32.159666932050115,2.022419477873408,1.0221083704453076,0.04553107451682122,4.553107451682123,0.04637561544492854,-0.02064801716008137,-2.064801716008137
1610,26.860166666666668,1603.0482076637825,809.1304079110013,13793.0,1552.2967741935483,812.1290322580645,3.082576739110415,detected,1603.0438041470682,809.3930385639807,17.247534059056306,-21.435296301113112,27.512712673141134,13.18548222188707,-33.718517948329584,36.20490842490178,33.5755786286789,36.665665043771966,174.1515217966948,-23.21055464656333,-16.552700468978824,32.19943324407733,2.022768207125638,1.02131613698925,0.04568442703457638,4.568442703457638,0.04626582339908135,-0.02088668828893227,-2.088668828893227
1611,26.87685,1603.8951175406871,808.5075346594334,13773.0,1552.575221238938,812.8289085545723,3.057586176935568,detected,1603.3340610313512,808.7900962551083,15.847964992288325,-23.036453946615893,27.961334103210298,13.221378885023077,-33.627064253990916,36.1328702148524,33.725689062142415,36.52099385721052,173.3732058357217,-22.772026103211413,-17.01366550322829,31.876629309066345,2.023134461869213,1.0205553265048686,0.04559352708498726,4.559352708498726,0.04608327300594388,-0.021468347638142954,-2.1468347638142955
1612,26.89353333333333,1604.101145038168,808.9510178117048,13916.0,1553.0941176470587,814.714705882353,3.029072020083828,detected,1603.62712328487,808.1814472487449,10.98800087292284,-28.032190935176004,30.10880090288414,13.2678959955989,-33.59327556098859,36.11848871515172,33.99039668230008,36.32347227965477,172.88122614342223,-22.06169707473854,-17.32872008983928,31.690072374712916,2.0235042565108774,1.0197873151403722,0.045575380082210376,4.557538008221037,0.04583403442227732,-0.021865892857841365,-2.1865892857841365
1613,26.910216666666667,1604.097300690521,808.3264281230383,13802.5,1552.9486301369864,812.3938356164383,3.062238366657406,detected,1603.9202276574263,807.5611349620352,9.103016945391118,-30.330331704627724,31.66692184000244,13.19256139837578,-33.51212574644383,36.015361282310884,34.2852204183206,36.078862778347535,172.3110639743352,-20.09469848221831,-17.557696671738594,31.445723650102213,2.023874104299592,1.0190045867028836,0.04544525082941437,4.544525082941437,0.04552537890012308,-0.02215482229872378,-2.2154822298723778
1614,26.9269,1604.472839506173,808.1746913580247,13701.0,1553.3863636363635,812.6168831168832,3.054856461499775,detected,1604.1953965964676,806.9943419157776,10.096355501001199,-31.153134400520912,32.748346177776924,12.898505448017744,-33.282482909415776,35.694468918980945,34.532843371632055,35.793781720725526,171.87289482911893,-19.31306321992785,-17.474094674288953,31.124767095065682,2.0242213206264577,1.0182893904300032,0.04504033932994441,4.504033932994441,0.04516565516810792,-0.022049330819292057,-2.2049330819292057
1615,26.943583333333333,1604.0486194477792,806.7106842737095,13871.5,1553.8762886597938,813.2817869415808,3.011363251730853,detected,1604.4618612451745,806.4171057847765,10.874540913202964,-33.57774555508013,35.29476783653107,12.574007554355877,-33.00941345211093,35.32317995919111,34.67900495321349,35.47558845225934,171.303631900295,-17.495309451372933,-17.42041273661791,30.728753025713253,2.0245575536216713,1.017561016763125,0.044571835910651246,4.4571835910651245,0.0447641494665733,-0.021981593358508404,-2.1981593358508404
1616,26.960266666666666,1603.556726596404,805.1828890266584,13940.5,1554.548611111111,813.2569444444445,2.978310046596173,detected,1604.7053446028744,805.8561163734797,13.15846784615951,-32.43878358152983,35.0059988617343,12.241857081738466,-32.69837680697546,34.914852292694306,34.76209354484396,35.132260797621605,170.78999743724518,-16.20488045950893,-17.317529416529627,30.31748811376516,2.0248647881424287,1.0168531436889334,0.044056595952926575,4.405659595292658,0.04433092845125755,-0.021851772134422243,-2.1851772134422243
1617,26.97695,1603.5147928994083,804.5568047337279,13926.0,1553.9789473684211,810.3368421052631,3.0254339904660554,detected,1604.9373780968804,805.3256949237806,16.815275214063604,-32.84230291654217,36.896752450407014,11.906053295203996,-32.47802125978183,34.591559230816394,34.87293546164112,34.77225629558038,170.3226062730437,-14.320080625105954,-17.196198711619374,30.014441855373203,2.0251575748856534,1.0161838421751175,0.04364865518084088,4.364865518084088,0.04387666409536956,-0.021698673453147476,-2.1698673453147475
1618,26.99363333333333,1604.82223579719,805.4587660354307,13699.5,1555.047794117647,812.3602941176471,3.003815057591427,detected,1605.150984610394,804.7916977100019,18.46912749332023,-30.645778160084546,35.78089419510966,11.518008535819543,-32.219709856787595,34.21657820248524,34.96452769775285,34.40435881071945,169.88617129153397,-12.333319125338468,-16.996948984904346,29.69642990481089,2.0254271099184784,1.015510028656154,0.04317549299998138,4.317549299998138,0.04341244013970909,-0.021447254239626935,-2.1447254239626936
1619,27.010316666666668,1605.59295861643,804.9691167387276,13858.5,1555.376923076923,809.8615384615384,3.044471695490101,detected,1605.348918587002,804.2709077381179,20.862457273004566,-30.18485802401642,36.69288456087869,11.064269243821384,-32.04646629456115,33.902714579635294,35.06034542139572,34.03751094091999,169.41863616862526,-10.278866364699512,-16.76086758499074,29.469770505835676,2.025676868879498,1.0148528804266472,0.0427794505736723,4.27794505736723,0.042949540619457396,-0.021149359728694944,-2.1149359728694943
1620,27.027,1605.6648250460405,803.8385512584407,13660.0,1556.229838709677,815.6814516129032,2.9064588718459508,detected,1605.5326476086927,803.7481063801123,22.768779338505283,-28.46178153164192,36.44846115435408,10.74560335840817,-31.8057924528649,33.57195891053947,35.10110081267871,33.680633850419554,168.9858657805056,-8.007332729527032,-16.62420333160224,29.16697256625198,2.0259087036071834,1.0141931941704887,0.04236209326251038,4.236209326251037,0.042499222524188716,-0.020976912721264656,-2.0976912721264656
1621,27.04368333333333,1606.5433818872705,804.2229259024699,13849.5,1556.1660231660233,814.4054054054054,2.9421555035766738,detected,1605.701989128599,803.2322358212676,21.293863708187928,-30.11440346819404,36.88232541296794,10.634275818406143,-31.557711209164378,33.3013056642372,35.185680974490325,33.34243771874147,168.70345807509625,-6.611122409973362,-16.60999658012289,28.8632114039873,2.026122383758485,1.0135422534022305,0.04202057497064631,4.202057497064631,0.04207247661670849,-0.020958986220975254,-2.0958986220975255
1622,27.060366666666667,1606.7300177619893,803.4227353463588,13824.0,1556.1418439716313,811.2553191489362,2.987982043939543,detected,1605.88244948986,802.7561831344651,17.315605995214355,-34.31722788547995,38.43829263541067,10.44741672742932,-31.273380534723575,32.97230423167597,35.28695969438122,33.03122773119568,168.42473236679263,-4.491350162758362,-16.510098682792837,28.54101413458603,2.026350093993514,1.0129415560056343,0.04160543120716211,4.160543120716211,0.04167978262611442,-0.02083293209185216,-2.083293209185216
1623,27.07705,1606.3146135265702,802.8278985507246,13751.0,1557.52,818.7236363636364,2.826666019428387,detected,1606.0301187272225,802.2775484180095,13.439658570859137,-37.82657445296354,40.14317074356311,10.254411240994319,-31.000677216055582,32.6526405938861,35.38887715711998,32.75471219301051,168.33852514011193,-1.9135850442059807,-16.308879935445393,28.28807828405325,2.0265364274160538,1.012337600527457,0.04120207015001401,4.120207015001401,0.041330867120518,-0.020579028309710277,-2.057902830971028
1624,27.093733333333333,1607.0333333333333,801.7157575757576,13778.5,1556.529411764706,810.5725490196078,2.9679895656412585,detected,1606.212821387968,801.8626462699149,9.375764931085087,-37.24247657725982,38.40451834941706,9.89350441382219,-30.901576010749906,32.44670752995554,35.47530612951897,32.519820626051136,168.37616504253296,0.05201008102062979,-15.916820218899336,28.274434806972014,2.026766967051064,1.011814064693899,0.040942217703413934,4.0942217703413935,0.041034473976089766,-0.02008431573362692,-2.0084315733626923
1625,27.110416666666666,1606.9911452184178,801.038961038961,13950.5,1557.388429752066,815.3925619834711,2.8599152815770923,detected,1606.3248242397335,801.3510458581277,7.161926811505509,-37.50787577851679,38.18552004451436,9.652516834459606,-30.811435038104666,32.28801031879899,35.607683913108886,32.33254030318854,168.19241436525178,1.2799827178435519,-15.753082347294155,28.1843220054384,2.026908295570642,1.0111685121238205,0.0407419688565287,4.07419688565287,0.04079815811127892,-0.019877706431916917,-1.9877706431916917
1626,27.1271,1606.76284348865,800.1296296296297,13990.5,1557.5020080321283,814.7389558232932,2.853284860670757,detected,1606.4418489656503,800.9213797514565,3.656601152612893,-38.199727735626084,38.37433948702245,9.25517823344113,-30.976044811244627,32.32914592563493,35.66781991513198,32.19777933703182,168.49527489449946,1.9296805204341838,-15.247358914384051,28.50774846277676,2.027055960839937,1.010626346689535,0.04079387498502831,4.079387498502831,0.04062811272811586,-0.019239569608055587,-1.9239569608055587
1627,27.14378333333333,1606.9771497294046,799.7107636800962,13958.5,1557.7803921568627,815.3333333333334,2.83411113898084,detected,1606.5733925061784,800.4853466717728,3.395882201778022,-34.81973109401156,34.98493517769653,9.21625622987921,-30.96539453453742,32.307816973208624,35.64471474105557,32.11926302693302,168.81514805669,2.6539073016823242,-15.047719306615706,28.58952922388986,2.027221946380036,1.0100761472199027,0.040766961480389434,4.076696148038943,0.040529038519789305,-0.01898765843106083,-1.898765843106083
1628,27.160466666666668,1607.7491060786651,799.622169249106,13965.5,1557.2818532818533,812.1660231660231,2.897975088589124,detected,1606.6415476646694,800.0006485701115,3.3071418630315748,-31.399281686832865,31.572964348494324,9.057886519101588,-31.08126068604377,32.374219280574664,35.65622861476628,32.099467741501044,168.88234008518236,3.1413358998952545,-14.881125585860799,28.751385624428107,2.0273079465800246,1.0094645407824752,0.040850749880851314,4.085074988085132,0.0405040602416417,-0.018777445534209212,-1.8777445534209212
1629,27.17715,1606.9580547112462,799.0553191489362,14149.0,1557.7450199203188,813.7808764940239,2.850850992127644,detected,1606.770675834749,799.5367610509398,-0.3440628723728878,-29.238287898092267,29.24031221570444,8.981468819166622,-31.32801652834178,32.59005065583234,35.62380675366439,32.139593484404095,169.0987139066886,3.1369018923841487,-14.744069116813876,29.064133010092238,2.0274708843340683,1.0088791937551291,0.04112309231019854,4.112309231019854,0.0405546920938853,-0.01860450361743076,-1.860450361743076
1630,27.19383333333333,1607.1393831553974,798.0504151838671,14081.5,1557.1042471042472,809.7644787644788,2.9116178802463835,detected,1606.9133656304512,799.0964255727498,0.6618489424054133,-26.901508765977496,26.909649159892947,8.876956279965203,-31.72537233070385,32.94388565907493,35.712706349296695,32.23957297291219,169.43527895620173,2.800099191736704,-14.543200858384584,29.560022177104077,2.0276509345494653,1.0083235653914824,0.041569571809558274,4.1569571809558274,0.04068084917717627,-0.018351042092598843,-1.8351042092598844
1631,27.210516666666667,1606.8884093711467,797.8668310727497,13967.5,1557.4576923076922,810.6807692307692,2.887945720581251,detected,1606.9967456510963,798.5767441793519,1.8268460045574102,-25.558802411530223,25.62400724000855,8.738599324143138,-32.13888686098138,33.30572273365159,35.66737136462934,32.39811214408227,169.62779679269235,3.4999666011161157,-14.382149107630319,30.040388710147624,2.0277561459319826,1.0076678159991823,0.04202614855981274,4.202614855981274,0.04088089860452022,-0.018147822217830057,-1.8147822217830056
1632,27.2272,1607.2697368421052,797.7057416267943,13949.0,1557.070038910506,809.5564202334631,2.9097662556563284,detected,1607.0812412825544,798.0386638745572,1.2290184066923757,-24.788569031012457,24.819017725310133,8.550098904461914,-32.657643795254074,33.75834547980362,35.68513708260711,32.61275502331951,170.10201144838635,3.5717009082678026,-14.036503663258678,30.701831450991705,2.0278627650253056,1.0069888503148987,0.04259728136252823,4.259728136252823,0.041151741354346384,-0.017711676546698647,-1.7711676546698647
1633,27.243883333333333,1607.2541666666666,797.3773809523809,13989.5,1556.6872586872587,805.2471042471043,2.9872012815576725,detected,1607.19898074012,797.5297643558591,-0.0652333415114299,-25.23168104918318,25.231765375346892,8.334660721600049,-33.19742504301342,34.227702213713926,35.71760861509995,32.87996518411913,170.32166809905104,4.7466465235643,-13.79707252263704,31.323735228030696,2.0280113321641897,1.0063467058118096,0.04318952960721,4.318952960721,0.041488915058825404,-0.017409555233611408,-1.740955523361141
1634,27.260566666666666,1606.5499383477188,796.4198520345253,13979.5,1556.9233716475096,805.727969348659,2.9561836573493045,detected,1607.2876058893378,796.9673826422328,1.1711765739228213,-23.557632160671346,23.586726936665087,8.306547881631184,-33.48624826618517,34.501124049143975,35.789037337882164,33.19521665283421,170.4506279729236,6.456687086111809,-13.74672672293472,31.644194808200975,2.028123162005474,1.0056370758892528,0.04353454138693246,4.353454138693246,0.0418867087102009,-0.017346027410643183,-1.7346027410643183
1635,27.27725,1607.4438565549676,796.5373309817754,13833.0,1556.7857142857142,803.2063492063492,3.010697863595221,detected,1607.4119092322585,796.4426255835226,1.0549358444532118,-22.49104324687346,22.515770383636543,8.0909099971339,-33.900248867766436,34.85239873922914,35.86284894673044,33.5530888263633,170.95861987969278,6.677927956428752,-13.317729169157897,32.20757345183244,2.028280011649538,1.0049749218719528,0.0439777902072292,4.39777902072292,0.042338282430742336,-0.016804705576224477,-1.6804705576224477
1636,27.29393333333333,1607.6349765258217,795.9489436619718,14014.0,1556.956862745098,805.8705882352941,2.94826027414546,detected,1607.5025486673785,795.85718750527,1.6877511204343136,-25.388492288269163,25.44452877370752,8.240055106410042,-34.09551336424729,35.07709423153862,35.9501983801047,33.94736230755323,171.42209214018973,6.759986581518321,-13.23336673460452,32.485081877620416,2.028394383176503,1.0042361987448203,0.044261317642320025,4.426131764232003,0.04283578840069808,-0.01669825455470602,-1.669825455470602
1637,27.310616666666668,1607.390689451974,795.8120212139069,14061.5,1556.6639344262294,800.2049180327868,3.055208957864603,detected,1607.6040154027512,795.2929071358895,1.5017816738868532,-26.845482080096644,26.887455370652173,8.377893139558852,-34.11412763570503,35.12780661816278,35.96369777991019,34.37111496885171,171.84752097141805,6.559044873436529,-13.130882796633767,32.581324632127966,2.028522416911989,1.003524173042132,0.04432530803553663,4.432530803553663,0.04337049207426083,-0.016568937282818635,-1.6568937282818634
1638,27.3273,1607.0034802784223,795.0058004640371,14067.0,1556.9542253521126,804.1478873239437,2.960922655393269,detected,1607.7173228855656,794.72503903642,2.0411358819778798,-28.678331474305423,28.750877062079944,8.42771593562357,-34.135274818359576,35.16025288328423,35.93916385104632,34.81681954129898,172.27609079384186,6.962165985800794,-12.939023850285995,32.692889817485195,2.0286653916537105,1.0028076202352303,0.04436624969499588,4.436624969499587,0.04393289532025109,-0.016326843975124284,-1.6326843975124283
1639,27.34398333333333,1607.0112359550562,794.9481897627965,14038.0,1556.6666666666667,798.5280528052805,3.070604902893163,detected,1607.8506465585651,794.1930841486878,4.073646776267651,-28.981185130550102,29.26608428931028,8.45459650750942,-34.212686184785625,35.241851513270575,35.941080459629944,35.276445284906885,172.66524068923715,7.555925034713096,-12.753222181054008,32.853362416715946,2.0288336234177478,1.0021363837838333,0.04446921326595656,4.446921326595656,0.044512864712816264,-0.016092393919311054,-1.6092393919311054
1640,27.360666666666667,1607.3164556962026,794.4706559263522,14207.0,1556.9195804195804,799.5944055944055,3.0402727871524324,detected,1607.953896971623,793.6270765022713,5.997674767736044,-30.772255008002958,31.35129631924493,8.457521813555447,-34.4154193993518,35.439395701112716,35.858457351193735,35.74156672382539,173.1003954979871,7.226226737013207,-12.53059774185181,33.15018684550578,2.0289639078506285,1.0014221785517619,0.044718480379952956,4.471848037995295,0.045099768736688195,-0.015811479800443926,-1.5811479800443926
1641,27.37735,1607.4454702827468,793.3046739757646,14228.0,1556.840390879479,796.5016286644951,3.0785019157240416,detected,1608.053104253075,793.0177380527384,8.537229600625778,-31.98877978504993,33.10840257986211,8.263453623262356,-34.749459027402565,35.71847656999018,35.83233083138778,36.203482078877535,173.49406879771618,6.441304298102281,-12.14756259351177,33.58937765898099,2.029089090540158,1.0006532972274302,0.04507063289588666,4.507063289588666,0.04568262722886755,-0.015328154692128417,-1.5328154692128417
1642,27.394033333333333,1607.507334963325,793.1045232273839,14146.0,1556.9122807017543,795.3649122807018,3.0969462546851854,detected,1608.1174697840615,792.3748456676348,12.587544674396668,-32.93035675003193,35.25414410554177,8.14220574153765,-35.00280874431155,35.93733621636949,35.760888338714004,36.65334305630074,173.8742552058948,6.476825279068067,-11.83089392733735,33.934084387360066,2.0291703088757878,0.9998420765522206,0.04534679648753248,4.534679648753248,0.0462502751499063,-0.014928572778974575,-1.4928572778974576
1643,27.410716666666666,1607.4397450753186,792.20741599073,14161.0,1557.1756756756756,792.6385135135135,3.1330162100580083,detected,1608.2109843896872,791.7696494157047,11.857373811682464,-36.87322635002806,38.73283019830047,8.212784886662082,-35.03227281718791,35.982078516012216,35.72057526021291,37.082296274147794,174.25936695466197,6.106073903793696,-11.67571387262803,34.035094827207246,2.0292883083781543,0.9990784219756528,0.04540325364796494,4.5403253647964945,0.04679154103993413,-0.014732761984388682,-1.4732761984388683
1644,27.4274,1608.040469208211,792.0633431085043,14073.0,1557.3907692307691,791.0430769230769,-3.1214517993735837,detected,1608.3272733318659,791.1718077648201,13.64870308651507,-36.46707024760099,38.937569369277675,8.37965061767741,-35.080541949701065,36.06747798168146,35.62800928410854,37.48163507353698,174.55410954421652,6.936196080963839,-11.671169406559258,34.12692152308018,2.029435045213711,0.9983240476527698,0.045511013226096485,4.551101322609648,0.04729543857859556,-0.014727027642346069,-1.4727027642346069
1645,27.44408333333333,1609.0029868578256,791.6033452807646,14013.0,1557.5805243445693,794.2621722846442,3.0899331016933016,detected,1608.441334748036,790.5335519735597,12.338753542261202,-40.6775961816968,42.50778364132688,8.568349399242468,-35.109249199135235,36.139673362586954,35.524122450844104,37.84295900247838,174.85104176987426,5.310969861996912,-11.68466625048722,34.19860472839794,2.0295789712908974,0.9975186775691606,0.04560211149853244,4.560211149853243,0.047751367826471144,-0.014744058360236241,-1.474405836023624
1646,27.460766666666668,1608.6468135795117,790.7099463966647,13857.0,1557.7887788778878,790.1782178217821,-3.131137880714415,detected,1608.591954284048,789.9440760991961,13.654814363526839,-41.72362500881604,43.90119405185557,8.843992924061213,-35.09241231624616,36.18968931911781,35.41576557202066,38.1583370550018,175.08147591882522,4.368587940678221,-11.820215913392467,34.204913518017456,2.029769027487758,0.9967748594311623,0.04566522311560607,4.5665223115606075,0.0481493212050496,-0.014915098944343808,-1.4915098944343808
1647,27.47745,1609.2125603864731,790.3514492753623,14157.0,1558.06,789.8266666666667,-3.131333847487323,detected,1608.7487051899886,789.3368209596283,16.018276196929037,-42.926377680218366,45.81767206074369,9.163207762477741,-35.04962659861458,36.227623455046604,35.2313229234027,38.42046990690046,175.17680053651983,4.815822050352755,-12.077778878866923,34.15505758381676,2.029966820429008,0.996008606889121,0.04571308953318184,4.571308953318184,0.04848008821059995,-0.01524009953169328,-1.5240099531693279
1648,27.49413333333333,1608.0666239590007,788.2946828955797,14256.0,1558.4492753623188,790.0,3.1072368051333124,detected,1608.9014256809162,788.7427992476362,15.135263372854297,-44.991120716856585,47.46869642958848,9.387837584583503,-35.075845207838604,36.310417397198464,35.01580642773698,38.62284595469605,175.16888159312376,2.812324419391194,-12.308539268028593,34.16059532042981,2.0301595276730806,0.9952590526784053,0.04581756138447756,4.581756138447756,0.04873545230876473,-0.015531279833474566,-1.5531279833474565
1649,27.510816666666667,1609.5919364691508,789.3549175320709,14233.0,1558.6643835616435,789.0787671232877,-3.13617029012342,detected,1609.0976240835266,788.1223855060247,12.030199339770661,-50.13763086820427,51.560718819959526,9.618529064016853,-35.14511429289333,36.43755150961535,34.815826990602,38.75988593138589,175.13490160991395,3.1616665441997043,-12.564531514367559,34.202744156578085,2.030407096635365,0.9944761962221133,0.04597798297743263,4.597798297743263,0.04890837341499797,-0.015854298440842348,-1.5854298440842347
1650,27.5275,1608.9620481927711,786.5993975903615,14276.5,1559.3885542168675,794.3795180722891,2.985921317757023,detected,1609.288074924209,787.4793029881662,12.129604763958469,-49.81921974031525,51.27457427676665,9.872497367928089,-35.14723436855926,36.50745523914506,34.60309796882312,38.82707120815504,174.8807690025733,2.6620198733741267,-12.969256450977323,34.126128921208796,2.0306474131535763,0.9936647356317555,0.04606618957620828,4.606618957620828,0.048993149789470086,-0.016364992367163815,-1.6364992367163815
1651,27.544183333333333,1609.9497802887631,786.6641556811048,13974.0,1559.4587155963302,794.3302752293578,2.990912272473988,detected,1609.456083546922,786.8146708036123,13.562730949677643,-48.93930421771097,50.78388689463427,10.178181119065158,-35.155365256424695,36.59911306582616,34.31804476089458,38.821051551823615,174.7716521234591,1.0707534892939423,-13.339377221643213,34.08160930096807,2.0308594114156744,0.9928260830329494,0.04618184613984374,4.618184613984374,0.048985554008610245,-0.01683202173078008,-1.6832021730780082
1652,27.560866666666666,1610.7060587882424,786.4445110977805,14037.5,1559.3290322580644,790.8935483870968,3.0552122909259034,detected,1609.6685107163626,786.1468212297178,11.270436855691514,-50.1813246298841,51.431392053180346,10.331416955801,-35.109719756230916,36.598232165989714,34.074289522119955,38.739729039314476,174.45671403191372,-0.1867960868770323,-13.674621348670026,33.94753788783779,2.031127458317177,0.991983370636868,0.04618073459430879,4.618073459430879,0.04888293885087001,-0.017255042711255556,-1.7255042711255557
1653,27.57755,1610.0923744575323,784.9962802231867,13874.0,1560.107638888889,792.7951388888889,2.9868157464250658,detected,1609.945099940674,785.530273992258,13.249079654189245,-45.1418387570111,47.04597451479819,10.386791389319217,-35.179124397325744,36.68046113024965,33.8971197262002,38.58231595212959,174.39044890583565,-1.9010657732957914,-13.775767509387038,33.99535936352301,2.0314764668021126,0.9912053930501679,0.046284493539747194,4.62844935397472,0.04868431034969034,-0.017382671936135064,-1.7382671936135063
1654,27.59423333333333,1609.874923359902,783.3200490496628,14098.0,1560.15770609319,794.0250896057348,2.9295120105186774,detected,1610.1634897310414,784.8871488692132,7.266762257237133,-47.402095678889964,47.95586000119115,10.465917144707918,-35.122848345112104,36.64900950303617,33.806983049066915,38.34936567686712,173.92986564020975,-2.803613439419105,-14.12132893592807,33.819195239345305,2.03175203751551,0.9903938786993227,0.04624480694389422,4.624480694389422,0.04839036678469038,-0.01781871159107643,-1.7818711591076428
1655,27.610916666666668,1610.8172371638143,783.7212713936431,13932.5,1559.8316151202748,789.360824742268,3.031429806729022,detected,1610.3781370357617,784.2190535979412,10.306197451976459,-39.31457826678161,40.64300395165228,10.594809791738344,-35.07322113852854,36.63851573897665,33.791357448463195,38.04277680857497,173.75119719256486,-4.3262911690307595,-14.349445402242427,33.71163378128244,2.0320228858495417,0.9895508562750047,0.04623156560123237,4.623156560123237,0.048003503859400595,-0.018106555712608743,-1.8106555712608743
1656,27.6276,1610.7070895522388,782.8109452736319,14002.0,1561.1164179104478,794.1373134328358,2.9170471152110267,detected,1610.594098321156,783.5548769945739,10.075246529605465,-36.919563638190084,38.269632502373135,10.61190144388772,-34.917850772796385,36.49477708996266,33.800249888892395,37.66577169169273,173.5422153605667,-6.484081382569322,-14.471818728118881,33.502764326940714,2.0322953922033515,0.9887127785420491,0.046050191911624815,4.605019191162482,0.047527787623587045,-0.0182609700039355,-1.82609700039355
1657,27.64428333333333,1610.10796460177,781.3457227138643,14276.0,1559.8582677165357,785.507874015748,3.058951919067834,detected,1610.8346545079876,782.9039140839022,10.647026801534594,-32.673585685979106,34.36455123076125,10.578752095301711,-34.67526687958068,36.253056823721714,33.81196230734171,37.22285145008301,173.2447822078745,-8.230697092908493,-14.584088257831866,33.19018678392404,2.0325989331331074,0.9878913742383625,0.04574518211195169,4.574518211195169,0.046968897728811375,-0.018402635025655353,-1.8402635025655354
1658,27.660966666666667,1611.2888748419723,782.2085967130215,14009.5,1559.8482490272374,782.6303501945525,3.1333939968859834,detected,1611.0554938562088,782.2823148274451,12.047617216516755,-29.508907590580748,31.873511067736874,10.593155002476678,-34.466576458559175,36.05772906992622,33.78608622410991,36.719730077382316,173.03402809887814,-9.346452775003323,-14.695061193951762,32.92742021759699,2.0328775947712416,0.9871070218642841,0.045498711760159266,4.549871176015927,0.04633404426168116,-0.018542663967131563,-1.8542663967131563
1659,27.67765,1610.1573236889692,780.368896925859,14219.5,1561.2567567567569,789.875,2.9495907554277228,detected,1611.2492440244152,781.6543817041603,12.515378474460704,-28.50280548502883,31.12948150670653,10.471278945909019,-34.31459790026982,35.87672381670655,33.80067172801498,36.163250335076995,172.65767104967247,-10.3866413358876,-14.770732790579434,32.69502660420298,2.0331220744787575,0.9863146772292244,0.04527031396429849,4.527031396429849,0.04563186162154826,-0.018638148631645975,-1.8638148631645974
1660,27.694333333333333,1612.0563725490197,781.3094362745098,13895.5,1561.6382252559729,790.9044368600682,2.953532999516022,detected,1611.472603353405,781.0498589642951,9.791242052073812,-30.71877416024745,32.24145633854936,10.408065844789794,-34.0351816105953,35.59103007635048,33.86857566201996,35.56128404150733,172.5292946207065,-11.92822786195778,-14.744945832884149,32.39302385207341,2.0334039159033503,0.9855518725101516,0.04490981713104161,4.490981713104161,0.04487228270221745,-0.01860560988376549,-1.860560988376549
1661,27.711016666666666,1612.1047849788008,780.9176256814052,13880.5,1562.048148148148,790.8740740740741,2.9452514864276758,detected,1611.7014358651893,780.4501542010667,11.546716534523057,-28.52162241258452,30.770271493353317,10.3182615685051,-33.73303069401499,35.27582573944155,33.8663926521684,34.922618887958265,172.0958766926649,-13.306734981749486,-14.859059287138308,31.993628095306033,2.0336926635522894,0.9847951472568665,0.04451208295197672,4.451208295197672,0.04406639607313346,-0.018749601624149285,-1.8749601624149286
1662,27.7277,1611.8426829268292,780.3829268292683,13876.0,1561.883211678832,788.5766423357665,2.9790326270039493,detected,1611.907900162648,779.8696432352851,12.858979817424824,-27.617896350486035,30.46475932567216,10.20092195586534,-33.33082426306219,34.856888197382034,33.81542017788061,34.25683328595639,171.8342040600716,-13.843313363675438,-14.831741739839808,31.54397076728744,2.033953186325108,0.9840626413063536,0.043983455138652414,4.398345513865241,0.043226288057989136,-0.018715131532920894,-1.8715131532920894
1663,27.74438333333333,1611.6179302045728,778.9933814681107,14025.5,1561.446153846154,785.8423076923077,3.0059217001201595,detected,1612.1046064206437,779.2970769973327,11.531634336328352,-30.751186177675663,32.84225999837493,9.931307138519369,-32.968405590973305,34.431767725322,33.716261557296136,33.57416004510502,171.27445588697017,-14.64548259541952,-14.817722409983663,31.080246641093332,2.0342013961143772,0.9833401602490004,0.043447025520911044,4.344702552091104,0.04236487071937542,-0.018697441526793267,-1.8697441526793268
1664,27.761066666666668,1612.1943462897527,778.4487632508834,13963.5,1562.3859649122808,788.659649122807,2.939390825794978,detected,1612.2867888729857,778.7342120852642,13.490034000455125,-28.18414832907206,31.246235523156553,9.632085793714756,-32.41645946505874,33.817213382939734,33.630911140911344,32.88533900848035,170.90433158913788,-14.53360059376009,-14.635474348805808,30.4861741052026,2.034431279334998,0.9826299206123208,0.042671562628315125,4.267156262831513,0.04149569590975439,-0.018467475518997866,-1.8467475518997867
1665,27.77775,1611.7041491280818,777.9681298857487,13889.5,1562.8860294117646,789.1360294117646,2.916697097051699,detected,1612.452384001131,778.2142545400426,10.561350443279025,-32.02947738244575,33.72579939124281,9.406115571234931,-31.951346832935318,33.30710997036449,33.61896000575786,32.20145823638344,170.46124241041815,-14.534660924771064,-14.570873162192903,29.95084689736236,2.0346402321780834,0.9819738227634608,0.0420278990162328,4.20278990162328,0.040632754872408125,-0.01838595982611092,-1.838595982611092
1666,27.79443333333333,1612.5833842394625,778.0360415394014,13836.0,1562.604316546763,787.0791366906475,2.9625916386876794,detected,1612.618848945952,777.6776605815053,13.095116976577174,-30.721579117610418,33.39607030939173,9.116933761355183,-31.500218026978416,32.79302085743419,33.61831022256031,31.53378305248425,170.0716689636758,-14.054844476669887,-14.411547765554811,29.45656986068212,2.034850282581643,0.9812967325949594,0.041379206129254505,4.13792061292545,0.03979026252679401,-0.01818491831615749,-1.818491831615749
1667,27.811116666666667,1612.9061175045426,777.5166565717747,13926.0,1563.3207547169811,787.9509433962264,2.9341879051831783,detected,1612.7651392955893,777.1700804801344,15.029787593540277,-30.280702140061976,33.80555334855638,8.84260389226907,-30.995204657427823,32.231884142125594,33.60201384618764,30.89357239464109,169.80156902882356,-13.7058570157783,-14.19083717755587,28.939842700877033,2.035034876082763,0.9806562529717785,0.040671147182492866,4.067114718249287,0.03898242573456289,-0.01790641915149006,-1.790641915149006
1668,27.8278,1613.0960486322188,776.7343465045593,13920.5,1561.9863636363636,782.3727272727273,3.0317177305766743,detected,1612.8886277008019,776.6781494070531,14.035856933120613,-28.932285213109253,32.15715173176459,8.555424423510981,-30.583351056113802,31.75746603379913,33.562415874782005,30.291882589299913,169.50104444682773,-12.360933717576776,-13.985016350804395,28.51238268815216,2.035190697414261,0.9800355197565339,0.040072512345487865,4.007251234548787,0.038223195696277495,-0.01764670832909072,-1.7646708329090721
1669,27.844483333333333,1613.482551143201,776.8688327316486,13921.0,1564.6245353159852,789.7918215613383,2.883013337530785,detected,1613.0298245269441,776.215271047145,12.657729714473135,-28.68983163276198,31.358006324396424,8.257246651109947,-30.106636696225213,31.21845120142511,33.60110444102838,29.739359991227513,169.37128561770436,-11.023420128137627,-13.668563940455748,28.06709915936155,2.0353688637563967,0.9794514461162714,0.039392367446593204,3.9392367446593206,0.03752600629807888,-0.01724739929395047,-1.7247399293950472
1670,27.861166666666666,1613.4854253420583,775.6549672813801,13859.5,1563.8782287822878,786.5166051660517,2.926041359788622,detected,1613.2115244941133,775.8178082568438,14.248216795478584,-28.175032203413366,31.57283835061932,7.951538824959799,-29.84684935244591,30.88788412877198,33.65825477688749,29.246025890747866,169.28417033958982,-10.906040613191255,-13.36254161170952,27.847870073450423,2.035598138162919,0.9789499157815065,0.038975248112015116,3.8975248112015115,0.03690350270125914,-0.016861251245059335,-1.6861251245059334
1671,27.87785,1613.8770883054892,775.4749403341289,13886.0,1562.3192488262912,780.5821596244132,3.0428567067897285,detected,1613.3216853064846,775.3883029462891,10.233092843624036,-27.562279640502993,29.400602853130668,7.804974796930065,-29.46724725276561,30.483377310205245,33.79557059453471,28.82105951314372,169.22038208598593,-9.61948194258734,-13.178561349932972,27.48748466088501,2.0357371423425676,0.9784079532445289,0.0384648294135082,3.84648294135082,0.03636726752447157,-0.016629099495183562,-1.6629099495183561
1672,27.89453333333333,1613.9632483698874,774.4599881446354,13948.5,1564.1827242524917,785.5813953488372,2.9217932525153567,detected,1613.4265528666513,774.9714521344364,4.626164854382296,-29.21890398059645,29.58286245594292,7.793911946525394,-29.010807165856132,30.039507250364156,33.90938295768975,28.47258744516598,169.22646198747574,-8.341665634948583,-13.079455345371004,27.0425561608574,2.0358694673396234,0.9778819585292573,0.03790474100992323,3.7904741009923226,0.03592755513585613,-0.01650404459983723,-1.650404459983723
1673,27.911216666666668,1613.574569221628,774.1431966726084,13996.0,1562.8091286307051,778.3817427385892,3.0582931099521398,detected,1613.4934359919696,774.535417489721,3.2005965209241367,-28.425908879592043,28.60552592980282,7.551852108664838,-28.85773945467427,29.82950882440087,34.05142965179755,28.207489862966792,169.2226298088483,-7.494179845083162,-12.814851204160075,26.93657708990225,2.0359538624504347,0.9773317570848216,0.03763975876896009,3.7639758768960094,0.03559304714569943,-0.016170159248151513,-1.6170159248151512
1674,27.9279,1614.049636803874,774.1567796610169,14015.0,1563.0819672131147,777.6229508196722,3.073689955634509,detected,1613.5927544538454,774.1808988554735,2.9943597266324105,-27.59984124524408,27.761797977349275,7.5353298912364295,-28.5799631561131,29.556648838705367,34.185243034724536,28.031234850871524,169.28963429744942,-6.003859651004807,-12.715483945291496,26.68167833198612,2.0360791854307196,0.9768844149595881,0.037295455947893213,3.7295455947893212,0.0353706433449483,-0.01604477469437413,-1.6044774694374129
1675,27.94458333333333,1614.933859223301,773.9429611650486,14020.0,1564.3383458646615,783.2481203007519,2.959712378251404,detected,1613.6939468717624,773.8079398974538,2.7692205554844804,-24.249123675029978,24.40673229852405,7.247660459869459,-28.872846334520435,29.76860489842252,34.303576400595865,27.947751330739266,169.09823100472482,-5.804887879685508,-12.577460043699629,26.98105513962574,2.036206873024306,0.9764138042870081,0.03756290838917668,3.756290838917668,0.035265301363708854,-0.015870612042523193,-1.5870612042523193
1676,27.961266666666667,1614.0125523012553,773.6545128511656,14031.0,1563.8228782287822,779.5940959409594,3.023797789729273,detected,1613.8031864061013,773.4420875480292,0.9419767638996746,-23.02166511989526,23.040928477739975,7.136265886398702,-29.063851523525354,29.92714079531997,34.42878845601192,27.959348437153633,169.00234493563835,-5.962114465715025,-12.549684973960915,27.168716628454217,2.0363447147080143,0.9759521609438856,0.03776295368494634,3.7762953684946337,0.03527993493647146,-0.015835564635912826,-1.5835564635912827
1677,27.97795,1612.8349056603774,771.877358490566,14270.5,1564.816091954023,783.1570881226054,2.910873285067749,detected,1613.9203264277908,773.0643328514772,1.869643963026192,-22.815166280927087,22.891644348426187,7.167623059258436,-29.120185502888773,29.98933183720949,34.457876769752616,28.066684850690084,169.08481135373722,-5.842559578507057,-12.552024807618233,27.236128529422153,2.0364925254609347,0.9754754988662173,0.037841428185753305,3.7841428185753303,0.03541537520591809,-0.01583851710740471,-1.583851710740471
1678,27.994633333333333,1614.0326283987915,772.1679758308157,14211.5,1563.3706563706564,776.4633204633204,3.0570105416879927,detected,1614.0140826726567,772.6917499322008,3.0459742923344493,-24.63602857756473,24.82361503617369,7.085710036252977,-29.513296632091656,30.351968054999148,34.53084368565002,28.268786440494406,169.0510571368595,-6.310567102003757,-12.562311329751328,27.630242468463617,2.0366108298708605,0.9750053626904742,0.038299013318610915,3.8299013318610915,0.03567039298485099,-0.01585149694605846,-1.585149694605846
1679,28.011316666666666,1614.4775485436894,772.0491504854369,14180.5,1564.8498168498168,782.7838827838827,2.9285693754649187,detected,1614.1092973399332,772.2874049212166,2.0823903121549847,-26.060930740216236,26.143994730310524,6.860294828280715,-30.194291659071066,30.96383202906229,34.45847907775344,28.56310571379009,168.80936560087395,-6.821488401726987,-12.589786294847674,28.288799461519204,2.03673097456143,0.9744951481655731,0.03907108142468428,3.907108142468428,0.03604177377134397,-0.01588616567173208,-1.588616567173208
1680,28.028,1609.6885669943094,774.7444386963269,14792.5,1565.586345381526,786.6265060240964,2.878420499961116,detected,1614.1893704427998,771.8609240446395,1.986929672083079,-25.983879495949623,26.059736821039376,6.935681045633962,-30.58860172152127,31.36504785337686,34.46155318349743,28.945613166866895,168.7828760446385,-6.638383948121179,-12.753513986362904,28.65508869021811,2.0368320131770346,0.9739570019490721,0.03957734744905598,3.957734744905598,0.03652443301812858,-0.01609276212790272,-1.609276212790272
1681,28.04468333333333,1613.8517441860463,771.5563953488372,14058.0,1565.1764705882354,783.3345588235294,2.904181771769314,detected,1614.2551653923024,771.3886332814761,5.592122656711126,-24.769514865663268,25.392926229326456,7.020963587375234,-30.943352379117012,31.7298752936953,34.46531488118413,29.41090942355282,168.5502989362407,-7.444754280177764,-13.02373243609701,28.933844880803694,2.0369150351953342,0.973361051459276,0.04003769753147672,4.003769753147672,0.03711155763224331,-0.01643373178056405,-1.6433731780564051
1682,28.061366666666668,1614.466156562684,770.5779870512066,13969.5,1564.904593639576,782.8798586572439,2.8982956780487745,detected,1614.2894546232808,770.8662075545379,5.446446416002345,-23.336703268331576,23.96383729698861,7.043208055910725,-31.418213483451936,32.19799556200054,34.50628068984172,29.95234811630022,168.53245756311406,-6.850934535225547,-13.148950405894404,29.39074720781927,2.0369583023637614,0.9727018391855369,0.040628385567193115,4.062838556719312,0.03779476103003183,-0.016591735527942467,-1.6591735527942468
1683,28.07805,1614.5718457943926,770.0724299065421,13965.5,1564.3272727272729,780.5563636363636,2.9358860926135097,detected,1614.40981923984,770.4233899974831,1.5530390336871278,-24.25174055378602,24.301416628013794,6.948529153725116,-31.961704218210492,32.708295491091285,34.54099973907485,30.562162245618328,168.79745663541271,-6.146618693114468,-13.02558821685071,30.002777297070054,2.0371101820061077,0.9721430788611776,0.041272297149642,4.1272297149642,0.03856424258122187,-0.016436073459748533,-1.6436073459748533
1684,28.09473333333333,1614.3745603751463,769.7203985932005,13962.5,1565.645161290323,786.0286738351255,2.8186394481833834,detected,1614.4679367997594,769.8795843034234,2.0597948022059427,-25.760845450829265,25.843063149880383,6.748935814824654,-32.506465073413494,33.19967479060111,34.57752654420102,31.231590298173078,168.721708451747,-6.862108447939074,-12.97604457365949,30.558806806288697,2.0371835164665737,0.9714568887109444,0.04189233412063231,4.189233412063231,0.03940894674848338,-0.016373557821652354,-1.6373557821652354
1685,28.111416666666667,1614.283107710418,769.3708063566804,13887.5,1565.0625,781.7569444444445,2.895066006532307,detected,1614.5519750210847,769.3702961400223,2.8799943695239563,-25.17335187466574,25.33756129098116,6.949068177184809,-32.86478564223425,33.591422771909635,34.67495225931045,31.951001753572694,168.59940641348632,-7.370349411573296,-13.308256879349287,30.842729818782608,2.037289558386227,0.9708142538044446,0.04238665333994907,4.238665333994907,0.040316721455612235,-0.016792753160062193,-1.6792753160062193
1686,28.1281,1614.6269982238011,769.0876258140912,14042.5,1565.2409240924092,782.2277227722773,2.881548453396755,detected,1614.6235362783682,768.8284349837281,3.8983933825243184,-24.07623464252083,24.389804130550733,7.231343861160009,-33.07040011933652,33.851790175577854,34.78537642849874,32.710024082697856,168.35682367688284,-7.471219922020719,-13.756684962949272,30.930524032442687,2.037379856502673,0.9701305173296255,0.04271519265057143,4.271519265057143,0.0412744783377891,-0.0173585930131852,-1.7358593013185202
1687,28.144783333333333,1614.294500295683,768.5428740390302,14106.5,1564.6875,778.6319444444445,2.940949241738076,detected,1614.7292523849815,768.2983240213373,3.935720486902028,-23.565711723177856,23.892104653440278,7.257698588097531,-33.37723053897731,34.157191149854704,34.88894068600081,33.49767463306794,168.24294104258473,-7.61933034409182,-13.90645839915568,31.1981429261465,2.037513252220797,0.969461607597902,0.043100556655968084,4.310055665596808,0.04226835915844535,-0.017547581576221678,-1.7547581576221678
1688,28.161466666666666,1614.388523610281,768.7913927077107,14248.5,1564.7198697068404,779.2247557003258,2.934543658517789,detected,1614.8346119853536,767.7418401317974,4.194732087294142,-24.730688598964434,25.08391388645569,7.173365165232099,-33.88473462776065,34.63571001997111,34.954535828627364,34.302500921536804,168.18891576084937,-7.560995734979066,-13.957200321956657,31.69903733175978,2.0376461980887743,0.9687594197246656,0.043704365955799504,4.3704365955799505,0.04328391283474676,-0.01761160923906203,-1.7611609239062032
1689,28.17815,1614.8769864626252,767.6074161271335,14035.0,1564.941391941392,777.4468864468864,2.947041761608184,detected,1614.9077051086733,767.1354768603215,2.4781217249947076,-30.66572413563108,30.76569069672445,7.39036987258766,-34.23323552751789,35.021878612321245,35.09534873592346,35.11273201982959,167.96887538559585,-7.818116034719835,-14.363715671600982,31.94081485562898,2.0377384291592096,0.9679942925682291,0.04419164493668296,4.419164493668296,0.044306286460352805,-0.01812456236164162,-1.812456236164162
1690,28.19483333333333,1610.7015293537247,770.1425752343365,14872.0,1565.044982698962,778.5017301038063,2.9605104770003905,detected,1614.9970756697735,766.5558055216653,4.911439467755827,-32.709888347236074,33.07656320318179,7.354623868380071,-34.780302194799084,35.5494010217738,35.15756130212751,35.91644223720017,167.76956289945045,-8.653073887749747,-14.555697840994494,32.43287796925459,2.0378511995833106,0.9672628460841204,0.044857288355550536,4.4857288355550535,0.04532043184504754,-0.018366811155829017,-1.8366811155829017
1691,28.211516666666668,1614.962962962963,767.1122685185185,14055.5,1565.180769230769,778.2846153846153,2.9208259918799366,detected,1615.0712461656385,765.93046805898,7.99875681100184,-33.51432162048968,34.455621663281164,7.636106570417888,-34.992629699850646,35.81611727791901,35.23802065349024,36.70172653412781,167.497928020173,-8.38131160233621,-15.030067277412499,32.5098651873874,2.0379447901143704,0.9664737767305741,0.04519383883649087,4.519383883649087,0.046311326856943606,-0.018965384577176655,-1.8965384577176656
1692,28.2282,1615.256484149856,766.329106628242,14171.0,1564.7758620689656,773.8172413793103,2.994329687291228,detected,1615.1340908705013,765.2946371884477,10.832593259678106,-35.16170015222383,36.792529599424405,8.094848897416327,-35.18504867001688,36.10421344640344,35.2938318694977,37.45688537308263,167.14169494847368,-8.122715070122707,-15.721963289666483,32.50129380350632,2.0380240894265,0.9656714664838458,0.0455573671247993,4.55573671247993,0.04726420867265947,-0.019838439482229003,-1.9838439482229002
1693,28.24488333333333,1614.8815028901734,765.842774566474,14021.0,1565.0506756756756,775.1081081081081,2.957756229830361,detected,1615.2388135421734,764.6591779656804,12.445874783205909,-38.890350142297166,40.833309115349856,8.437200046786964,-35.49890073557733,36.48778286034758,35.341773876640985,38.17061525656579,167.14444068063844,-7.857114420601167,-16.124005737054627,32.731861191434014,2.038156231598957,0.9648696251932877,0.046041366385296635,4.604136638529663,0.048164814203868506,-0.020345748564106786,-2.0345748564106785
1694,28.261566666666667,1614.1126259632483,763.751630112626,14254.5,1565.944625407166,776.700325732899,2.8789776049825484,detected,1615.3534212217955,764.031569542855,10.650651277606357,-44.03852963830718,45.308150098423106,8.878430984757562,-35.69321916496571,36.78087045067556,35.37524087776662,38.83220012134477,166.88158846267072,-8.882939584896729,-16.747816933310688,32.74664958553303,2.0383008469675654,0.964077690274896,0.046411192997697866,4.6411192997697865,0.048999621604220535,-0.021132892029414117,-2.1132892029414116
1695,28.27825,1615.780686445608,764.3379872018616,14137.5,1565.68345323741,774.341726618705,2.944498587655628,detected,1615.4926994884781,763.3702686303154,10.960168922383218,-49.42912190243851,50.6296691165694,9.232717108651526,-35.965474278604866,37.13163617851191,35.32097778099867,39.43169807783753,166.60697814851048,-9.233924051868973,-17.31228717516519,32.84879172904211,2.0384765924144834,0.9632432411738997,0.0468537995943368,4.685379959433679,0.04975608590263411,-0.02184515731882043,-2.1845157318820427
1696,28.294933333333333,1616.4116945107398,764.1360381861575,14221.0,1566.2804054054054,774.6418918918919,2.9350154008079734,detected,1615.6376437937977,762.6992186398405,10.95305033155546,-50.21377343376548,51.39447785534083,9.713031673462577,-36.12133131307816,37.404459094055184,35.348885400467324,39.96011772221864,166.53674887507077,-8.497869332041063,-17.855940124789207,32.867293201278244,2.038659487436969,0.9623964903972752,0.04719805563918635,4.719805563918635,0.05042286147914025,-0.022531154731595216,-2.2531154731595215
1697,28.311616666666666,1616.331707317073,763.119512195122,14198.5,1566.3958333333333,774.3020833333334,2.921288669148255,detected,1615.796392161701,761.9947648968728,11.267452177022278,-53.249965903303746,54.42898444087025,10.199761569794017,-36.287373796909954,37.69361528372297,35.30105193635129,40.409578423803616,166.21470526358982,-8.502806222478291,-18.552670163395838,32.81169094950085,2.0388598008349543,0.9615075897752339,0.04756292149365675,4.756292149365675,0.05099000432025693,-0.023410309354442698,-2.34103093544427
1698,28.3283,1616.6236623067775,761.8156956004756,14302.0,1566.5206896551724,771.6103448275862,2.9485370020764603,detected,1615.9726170867145,761.3063063349479,10.282425167469228,-57.20073608031953,58.11757458338203,10.51528451307801,-36.501933059340914,37.98634393383474,35.239694047368076,40.773449584112264,166.31370603006317,-8.135883413096503,-18.853277381302046,32.97751138947977,2.039082166670933,0.9606388723469375,0.04793229518464952,4.793229518464952,0.05144914774020475,-0.023789624455901638,-2.378962445590164
1699,28.34498333333333,1615.725631768953,759.6510228640193,14192.5,1566.216606498195,769.0216606498195,2.9545341073308498,detected,1616.163385609499,760.621584389984,11.156562133724947,-55.97185083965928,57.07290920446173,10.924944569387554,-36.59530066700229,38.191235182335866,35.20004741857124,41.04646480643562,166.55902409102444,-8.072754940019419,-19.132050349792728,33.053518635169304,2.039322884049841,0.9597748698927244,0.04819083303764778,4.819083303764779,0.05179364644345189,-0.024141388453997135,-2.4141388453997137
1700,28.361666666666668,1616.179408138101,759.1547472256474,14119.0,1567.0812720848055,770.9575971731449,2.905676076699193,detected,1616.4227462722347,759.9292251866026,9.302939255432193,-56.153891092749745,56.9192776100212,11.29840038155521,-36.55356749509522,38.259863405407096,35.27888280495462,41.22480810872944,166.5801067561772,-8.848603473504218,-19.473459682919863,32.93328886974551,2.039650153024902,0.9589012305193724,0.04827743016455154,4.8277430164551545,0.052018685310699614,-0.024572188874346833,-2.457218887434683
1701,28.37835,1618.2061263560945,760.0970006381621,13958.0,1568.2020547945206,774.1267123287671,2.868054182579779,detected,1616.6584559273713,759.2702107309088,12.116152554869132,-51.44931132479974,52.85671942647432,11.528403500432143,-36.59091900416015,38.36403838020425,35.44051890231556,41.30617066037328,166.5929094114345,-8.447140559698898,-19.698495821479526,32.920642509054076,2.039947578457251,0.9580696665374244,0.04840888123685079,4.840888123685079,0.0521213509910073,-0.024856146146977322,-2.4856146146977323
1702,28.39503333333333,1616.7378461538462,757.232,13943.5,1567.8881578947369,771.2763157894736,2.8616422559769825,detected,1616.8621575714026,758.534804210901,10.9143772829525,-49.430737278968536,50.62135339377089,11.53415076578901,-36.62983359877555,38.40288196687766,35.59480961307001,41.28977791684166,166.3304039192956,-8.564402196649894,-19.863898144771085,32.86650108934776,2.040204615232054,0.9571417087834714,0.04845789522634405,4.845789522634405,0.05210066614112512,-0.02506485570318118,-2.506485570318118
1703,28.411716666666667,1616.2636636636637,755.86006006006,14208.0,1567.6567656765676,767.2706270627062,2.911015717647047,detected,1617.1208191804337,757.8380530630573,11.090935948825972,-43.00277579284307,44.40999421425869,11.58623997689507,-36.61036357668741,38.399995807544585,35.67518202841751,41.176388335077554,166.3070263596584,-7.170498490240379,-19.923306344673314,32.82714642358884,2.0405310021204213,0.9562625275243626,0.048454253384914305,4.84542533849143,0.05195758780451427,-0.02513981873144898,-2.513981873144898
1704,28.4284,1617.5974522292993,756.2509554140128,14142.5,1568.4542372881356,769.0610169491525,2.8865990328169007,detected,1617.3873657384388,757.1516603848032,14.411303892396518,-38.16326751595216,40.79363513310786,11.70647726365051,-36.496787439589646,38.328280725007154,35.71223567837974,40.96826594021833,166.12675339963582,-7.015770136581457,-20.115990570513567,32.62520538942191,2.0408673384712164,0.9553964168893416,0.04836376116720146,4.836376116720146,0.05169497279522818,-0.02538295340127895,-2.538295340127895
1705,28.445083333333333,1618.0621156211562,756.3241082410824,14075.5,1568.8717105263158,769.3848684210526,2.882066351326906,detected,1617.6524635017347,756.4988743017144,15.831223397347912,-35.04395916383464,38.45395568902172,11.747676622475964,-36.40776600716194,38.25615416712094,35.76965121874733,40.66912976674989,166.10524709759463,-8.601805042786818,-20.14685148483541,32.52134232940747,2.0412018466898862,0.9545727120526365,0.04827274973769204,4.827274973769204,0.05131751390126169,-0.025421894618088844,-2.5421894618088845
1706,28.461766666666666,1618.5632254123398,755.9285277947465,14022.5,1569.0348101265822,768.1708860759494,2.899271298995216,detected,1617.9098947729667,755.8574672560795,13.544119259036506,-33.756039262734475,36.37187585498272,11.645390554001322,-36.27374181784006,38.09723699459768,35.82715988515437,40.28408353892874,165.84136239818187,-8.692440344738301,-20.16445726124803,32.32327535974415,2.0415266811015353,0.9537633656228134,0.048072223337031775,4.807222333703177,0.05083165115322239,-0.025444110108830326,-2.5444110108830325
1707,28.47845,1616.888888888889,753.5031210986267,14283.5,1569.853046594982,768.7455197132616,2.8282118882246525,detected,1618.1788529940757,755.187788483796,10.888240507606497,-31.76019026323047,33.57474448016072,11.612518246099958,-36.09134349710389,37.913528659858976,35.943837605579624,39.81952886591525,165.6184931705207,-9.112010419316228,-20.21288973631026,32.07607744020006,2.041866060560348,0.9529183450899634,0.04784041471275581,4.784041471275581,0.05024546229137572,-0.025505223642031876,-2.5505223642031876
1708,28.49513333333333,1617.5862068965516,754.2147610405324,14246.0,1570.2706766917292,769.0300751879699,2.838145444706175,detected,1618.4549935103103,754.5246000447697,12.534678906029512,-30.439477742681674,32.91929495788867,11.521358001889315,-35.88492221092035,37.68911424127003,36.028637611135665,39.28306474495928,165.35031579319846,-8.633731977763503,-20.222400042219743,31.804463033101737,2.0422145028521266,0.9520815142520754,0.047557241944820236,4.755724194482023,0.04956853595578459,-0.025517224028037532,-2.5517224028037533
1709,28.511816666666668,1618.640643623361,753.4153754469606,14205.0,1570.0102739726028,767.7979452054794,2.8540368798050406,detected,1618.7058423253095,753.8650820631188,8.558112003765473,-36.01239183339408,37.01531637891135,11.432897792486667,-35.58339408759631,37.37497942108638,36.09304469998963,38.683375367006036,164.9404537334961,-9.510139908181099,-20.285626058637583,31.390802190064445,2.042531031325312,0.9512493149061437,0.04716085731367367,4.716085731367367,0.048811830116095946,-0.025597004490394426,-2.5597004490394424
1710,28.5285,1619.424148606811,753.7015479876161,14039.5,1570.0190839694656,765.5114503816794,2.906953369883775,detected,1618.943521242466,753.2416651431646,11.74664922164493,-34.221119643841575,36.181055783579495,11.313759771722944,-35.3387828598898,37.105669838862866,36.12825261531912,38.03010719725901,164.75026705496964,-10.297835468809499,-20.210429942339786,31.118631970838187,2.042830941630872,0.9504626689503655,0.046821034496987844,4.682103449698785,0.04798751696815017,-0.02550211980105967,-2.550211980105967
1711,28.54518333333333,1618.2587190868735,752.435003170577,14129.0,1570.3283018867924,766.0641509433963,2.8645521897162656,detected,1619.2053937993794,752.6337694715919,18.201984790592633,-30.524371682992523,35.539407943273915,11.101491457020344,-35.02673003209039,36.74391009829028,36.168156661617246,37.333735182580064,164.25458591451002,-9.844670288351208,-20.189902809849876,30.699881984138877,2.0431613801884914,0.9496956081660466,0.04636455532907291,4.636455532907291,0.04710881411051113,-0.025476218056592906,-2.5476218056592908
1712,28.561866666666667,1618.006123698714,751.3508879363135,14134.5,1570.603112840467,765.2529182879377,2.8563186487414067,detected,1619.453902299802,752.0315923394433,22.670558900709693,-28.037676894485003,36.05642198707584,10.756764407941537,-34.666378885824045,36.29691179127317,36.267173780420855,36.605416879985775,164.00296381275942,-9.471818623081983,-19.893844189687545,30.359525176456565,2.0434749555833465,0.9489357632043449,0.04580051961043933,4.5800519610439325,0.04618980047947732,-0.025102642510646745,-2.5102642510646747
1713,28.57855,1619.7246891651864,751.8496151568976,13867.0,1570.793893129771,764.8511450381679,2.881881183207994,detected,1619.6907221324673,751.4766464949685,22.000770123130224,-31.162294786724487,38.146067980665265,10.382898004969302,-34.20541416669882,35.74653730498936,36.355914845129305,35.856832476772134,163.731620188976,-8.999937104060491,-19.54936833650274,29.9271971113357,2.0437737818706214,0.9482355160819792,0.045106040763393515,4.510604076339352,0.045245214481731404,-0.024667972664356774,-2.4667972664356776
1714,28.595233333333333,1618.8272463768117,749.8892753623188,14197.5,1571.529411764706,764.8927335640138,2.834420443637495,detected,1619.930144468687,750.9216218330185,20.37234381823191,-30.61552720703571,36.7742151352411,10.029515763640179,-33.84029104481236,35.29527566758354,36.3314011616706,35.100008243097484,163.4978750761043,-8.359413051663092,-19.228757264219148,29.5974893956304,2.044075892074053,0.9475351695053863,0.044536625448054944,4.4536625448054945,0.04429023122157411,-0.02426341610627022,-2.426341610627022
1715,28.611916666666666,1620.3692486895748,750.92894583576,13931.0,1571.052434456929,762.310861423221,2.9147723917896564,detected,1620.133782394293,750.3814448009578,22.294120790844318,-29.95232252293431,37.3385785261656,9.663305137332852,-33.28125353325368,34.65575425411939,36.26448308640857,34.347121097639565,163.32228151505973,-7.600373100537166,-18.808131087312596,29.107997319025227,2.0443328484470573,0.946853558108464,0.043729658364819415,4.372965836481941,0.04334021589607517,-0.023732657523422837,-2.3732657523422835
1716,28.6286,1621.5650357995228,750.4761336515513,13950.0,1571.0413533834587,760.7593984962406,2.9408017621177907,detected,1620.3208102932401,749.8554338609521,25.723014388334377,-25.952269057006333,36.54030293292197,9.369984856736362,-32.64748068298587,33.96549147534015,36.25779267760053,33.61028288102403,162.99711118610665,-6.599768468116059,-18.507196654250315,28.48048951760328,2.0445688457958866,0.9461898219065642,0.042858664322195775,4.285866432219578,0.04241045158488836,-0.023352929532177054,-2.3352929532177056
1717,28.64528333333333,1620.935080405003,749.3371054198929,14059.5,1572.6472727272728,764.3418181818182,2.840316547830639,detected,1620.508934154652,749.3684069901007,22.62807229886903,-26.051022619035393,34.506310081785585,9.056844005881874,-32.15260196367053,33.40383565372558,36.27945592191493,32.901304796842226,162.87507429312626,-5.06102150454483,-18.12283870939605,28.0602735819579,2.0448062260626525,0.9455752769591176,0.042149950351704206,4.21499503517042,0.04151584201494288,-0.022867935279995016,-2.2867935279995018
1718,28.661966666666668,1621.5327047731291,748.8697701826753,13954.0,1572.9813432835822,764.3097014925373,2.833693792095449,detected,1620.6649193824915,748.9039109965358,18.05428024257526,-27.620710860290274,32.99788937955275,8.676628173088035,-31.637731521442586,32.80594355108395,36.291665280505846,32.23144534587189,162.8164191497029,-4.188448617479368,-17.636200678013072,27.662146661489558,2.04500305284857,0.9449891621407392,0.04139551236729836,4.139551236729836,0.04067059349636832,-0.022253880981719966,-2.2253880981719965
1719,28.67865,1621.2728344136713,748.4366529169122,13925.0,1572.57761732852,762.1516245487364,2.8670552523025084,detected,1620.7704778240914,748.4033860900738,14.460914527927343,-25.037936407049983,28.913946608989566,8.176605632934681,-31.321135341612315,32.37082635281551,36.27369986698258,31.611148782834515,162.49610775650456,-3.204204736933574,-17.218476611584887,27.411575327595443,2.0451362496203047,0.9443575849717021,0.04084646858399434,4.084646858399434,0.039887884899475735,-0.02172678436793046,-2.172678436793046
1720,28.69533333333333,1622.0478787878787,748.2830303030303,13879.5,1572.759842519685,761.8937007874016,2.8721617725752417,detected,1620.906810015676,747.9637421450687,7.6179510460528945,-29.81008781177161,30.76807620709479,7.902807812640093,-30.88234790346049,31.87748081881465,36.16885672027791,31.049785232897587,162.59002882172405,-2.9904453630779138,-16.78097669333498,27.10299991830506,2.045308277622304,0.9438028292051341,0.04022395056001849,4.022395056001849,0.039179539726053744,-0.021174733997899032,-2.1174733997899033
1721,28.712016666666667,1622.3422818791946,748.1378889566809,13976.5,1572.5607843137254,760.243137254902,2.9030547308058066,detected,1621.0438657222621,747.5723218172586,4.232021069114126,-26.908258139433656,27.239022714257267,7.730309379773115,-30.479438538384237,31.44445669306675,36.06915040606083,30.555407388150527,162.61907533895322,-2.5157876082421713,-16.482254018651066,26.778520481662373,2.045481218576987,0.9433089234287175,0.03967754787768676,3.967754787768676,0.03855571910176723,-0.020797796868960338,-2.0797796868960337
1722,28.7287,1621.9299587992937,747.0406121247793,14190.0,1573.84,763.9054545454545,2.8043000309571484,detected,1621.1592531821661,747.1837351585627,2.4148029470288748,-25.48483830580858,25.598989369625272,7.566129345847387,-30.143500695606843,31.078560897572835,35.88748160915207,30.134541195738066,162.6308216311799,-2.0737452030334538,-16.219783511088366,26.510291781071917,2.045626817895478,0.9428185932600162,0.03921584971302566,3.9215849713025666,0.03802465766023731,-0.02046660379948059,-2.046660379948059
1723,28.745383333333333,1622.4245339747445,746.7227901383043,14110.5,1574.8616600790515,766.8339920948616,2.741558026216914,detected,1621.2661706199303,746.7957884751818,-0.5068046490741835,-25.814138640328338,25.819113166304064,7.462549962999836,-29.976189298462057,30.89112456365906,35.63500520895855,29.79202813595308,162.66789149491962,-1.1245257946832476,-16.053908217848537,26.391923153502763,2.0457617294888713,0.9423290706311442,0.03897933698884424,3.8979336988844238,0.03759246452486193,-0.020257297435771027,-2.0257297435771027
1724,28.762066666666662,1617.93475877193,750.1896929824561,14625.5,1575.3307984790874,767.9467680608365,2.746693040712049,detected,1621.3308338008294,746.3565014638626,-1.9620184183190759,-28.20149840976228,28.269666231309625,7.215770158994178,-30.027417761011606,30.882246621347775,35.35944799009536,29.530933830681764,162.7770897847522,-0.21061306698186744,-15.783033552237683,26.544472273350728,2.0458433234079867,0.9417747652540854,0.03896813453797827,3.8968134537978267,0.037263007988241975,-0.019915499750457644,-1.9915499750457644
1725,28.77875,1621.866226754649,745.3503299340132,14136.0,1573.9473684210527,761.7932330827068,2.8110417289762,detected,1621.3905364229215,745.9011842641796,-4.91433522899888,-30.56859257609881,30.96109724842617,7.038098971298934,-29.989813515112722,30.804606016000868,35.063335975818504,29.352531723091197,162.76987533411176,0.6233664369603715,-15.605539240695439,26.559196087384716,2.0459186579469044,0.941200232510006,0.038870165319874916,3.8870165319874914,0.03703789491872706,-0.01969153216491538,-1.9691532164915382
1726,28.79543333333333,1621.8924665856623,746.0115431348725,14124.0,1573.4512635379062,760.1227436823104,2.858131205762461,detected,1621.4547213276774,745.4895324815719,-4.993019152305351,-30.039762217687894,30.451889175394637,6.892371305993769,-29.999264579808933,30.78084887635598,34.79210029870563,29.256362230035574,162.8303101661247,0.5616027992145888,-15.441072992031852,26.62769089507781,2.045999648363,0.9406807980840025,0.03884018785660061,3.8840187856600608,0.03691654540067581,-0.019484003775434515,-1.9484003775434515
1727,28.812116666666668,1621.3379351740696,745.0288115246099,14218.0,1572.9610894941634,757.8054474708172,2.883382045440914,detected,1621.51725567756,745.0331757320719,-4.406619084941667,-28.42228867986796,28.761863388200748,6.71086929088908,-30.227077497333774,30.963074470556375,34.55122373999278,29.24035872870503,162.73071697872277,1.2224845634535288,-15.381643966438062,26.87223491931699,2.0460785560600128,0.9401049536051381,0.039070125514897636,3.9070125514897636,0.03689635170814515,-0.019409014468691563,-1.9409014468691563
1728,28.8288,1621.643113772455,744.662874251497,14229.5,1573.331983805668,758.502024291498,2.8626047725457995,detected,1621.541270760991,744.5412553430956,-3.23365528046088,-27.77200072332448,27.959623578460207,6.486899942192927,-30.595734862959368,31.27585111015414,34.407966003512165,29.301024017865362,162.96625367161627,1.1600218028473974,-15.164893745386916,27.353333624179243,2.046108859004405,0.9394842338714141,0.039464796353506804,3.9464796353506806,0.036972900968915284,-0.019135512612475605,-1.9135512612475605
1729,28.84548333333333,1621.6057866184449,743.5334538878842,14165.5,1575.281105990783,765.1428571428571,2.705121160906549,detected,1621.6061964572898,744.0542529997522,0.15096210605088345,-28.87270364599067,28.873098299051076,6.384094009775144,-30.769872893878023,31.425176757355818,34.264890909281725,29.433636217242178,163.08303226291488,1.2903997683096338,-15.06142590658817,27.580703107270693,2.0461907841732363,0.9388697198735044,0.03965321988309883,3.9653219883098827,0.03714023497443808,-0.01900495382534785,-1.900495382534785
1730,28.862166666666667,1621.3827606992163,742.9933694996986,14079.5,1573.2737226277372,757.492700729927,2.848865915357523,detected,1621.6817179855043,743.6057679257586,-0.7462241772254856,-28.200979717653354,28.21085088327135,6.311699650713858,-30.98713126324326,31.623406780520806,34.149598371222496,29.632462311202318,163.3434251674428,0.6142705237389238,-14.928841450776979,27.877760838056066,2.0462860794769773,0.9383038081082129,0.03990335240444266,3.9903352404442662,0.03739111963558652,-0.018837654827478838,-1.8837654827478838
1731,28.87885,1621.529411764706,743.1519607843137,14097.5,1573.7860082304526,759.3991769547325,2.8135827058728164,detected,1621.7700743946234,743.1383134873292,-1.4031723000452985,-29.64785953954538,29.681045597826003,6.2798580757019655,-31.097191458141708,31.7249418287139,33.97544027290576,29.890960529554356,163.48927338740856,0.7741008118028176,-14.85857934066727,28.030243559633526,2.046397570214036,0.9377139602363777,0.040031472339071165,4.003147233907116,0.03771730035274998,-0.01874899601346028,-1.8748996013460277
1732,28.895533333333333,1621.3165426445337,742.6994848311391,14011.0,1572.752,755.8240000000001,2.877648827550462,detected,1621.7758562395284,742.6044007568166,-1.5797022976375956,-28.412736335294767,28.45661690025961,6.083777565227325,-31.50234086060426,32.0844172326826,33.861674871556104,30.201958442128408,163.4233033911302,0.7657639310909947,-14.818500727756302,28.457369262501164,2.046404865917386,0.9370402533209043,0.040485069063321895,4.0485069063321895,0.03810972674085604,-0.018698423631238238,-1.8698423631238237
1733,28.912216666666662,1621.821470937129,742.573546856465,13911.0,1573.416356877323,757.8289962825279,2.836284518099392,detected,1621.825492617555,742.0976817952887,-3.363333762003549,-28.803308771745606,28.999010503724953,5.787295005389088,-31.733785852622358,32.25718444036144,33.749008595739916,30.557800523142205,163.6292839716101,-0.5224541283725448,-14.496870246130293,28.81608406925477,2.0464674985710474,0.9364008603095126,0.04070307184903652,4.070307184903652,0.03855873883046335,-0.01829258075221488,-1.829258075221488
1734,28.9289,1622.0180337405468,741.4188481675393,14098.5,1574.342205323194,760.1102661596958,2.767956466050125,detected,1621.870108999448,741.5333927809731,-2.7840019022028173,-26.919170205230557,27.062749142126,5.7588596045432805,-31.79647794670395,32.313781483448686,33.528632674059224,30.950465526542924,163.70146778176647,-1.037682120452465,-14.450856336673443,28.902477833170224,2.0465237968447294,0.9356888236983889,0.04077448767627595,4.077448767627595,0.039054215175448485,-0.018234519036811916,-1.8234519036811916
1735,28.94558333333333,1621.347665847666,741.0085995085994,14187.0,1572.3552123552124,751.8262548262549,2.924277042936971,detected,1621.9427107347626,741.0210522366616,-1.0229115567567533,-26.325236416207645,26.345102399158968,5.7926907314266485,-31.88513246590803,32.4070507494659,33.278692625156914,31.371659181444585,163.99035987619013,-1.7866784945011929,-14.361913384745076,29.05085854510222,2.0466154078672085,0.935042337207144,0.040892177601849725,4.089217760184972,0.039585689818857524,-0.01812228818264363,-1.8122288182643629
1736,28.962266666666668,1621.0716889428918,740.7351154313487,14265.5,1573.0483271375465,754.907063197026,2.854632452777616,detected,1621.9806701069579,740.4585960079112,-0.5308419712587238,-28.73904127289279,28.74394347481718,5.592806495933467,-31.967697346895424,32.45324572617753,33.10829985655874,31.812890870037293,164.08743385330604,-2.4140390645141987,-14.143084985937925,29.209353043917247,2.0466633061286537,0.934332613259194,0.04095046779328395,4.095046779328395,0.04014244904736567,-0.01784616402011095,-1.7846164020110948
1737,28.97895,1621.0576230492195,740.0030012004802,14198.5,1572.89010989011,753.4432234432235,2.8694828669718984,detected,1621.9913722693873,739.8963265571572,0.833053819874749,-29.42043425943166,29.43222605716985,5.365095708774681,-32.2598158076887,32.70290457910909,32.97327962849018,32.26554400035597,164.2893456690611,-3.854190447138069,-13.899958704961769,29.60187689844467,2.0466768104345583,0.9336231249932584,0.041265494737046174,4.1265494737046176,0.04071362018972363,-0.017539380069352392,-1.7539380069352393
1738,28.99563333333333,1620.966232227488,739.3838862559242,14247.0,1573.0113636363635,752.5416666666666,2.8738044253348844,detected,1622.0399024088144,739.3447017043245,2.0683908559808515,-29.49207714542422,29.564520207247718,5.409636370246749,-32.33479770326484,32.78419296199554,32.863168810277095,32.7209490341985,164.37726825600967,-4.446669125266021,-13.917605044693552,29.68338892359291,2.0467380472035517,0.9329270683966241,0.041368066829016455,4.136806682901645,0.04128826376555016,-0.017561646744092812,-1.7561646744092811
1739,29.012316666666667,1621.3929636255218,739.5289206917114,14264.5,1573.098976109215,752.9351535836178,2.870814276669068,detected,1622.0510721501798,738.7241597598183,4.880635371232074,-29.39515307250349,29.7975775153423,5.324781774059519,-32.53618997865769,32.96903030525255,32.84405663313418,33.17046610167666,164.41179686656687,-5.734396291449554,-13.8720991503277,29.908557712336098,2.0467521415144225,0.9321440501701178,0.041601300069719314,4.160130006971931,0.04185547773082229,-0.017504226057195836,-1.7504226057195835
1740,29.029,1618.3287601626016,742.3033536585366,14554.0,1573.0190839694656,751.6984732824427,2.9371365294980496,detected,1622.1014763374872,738.1414719539181,8.912314093413443,-32.94353986984697,34.12779163168711,5.478764814500796,-32.47477485606734,32.9336889194769,32.77643160477466,33.605581404283456,164.5696222847795,-6.375844352051914,-13.921753403587958,29.84648468437385,2.046815743012602,0.9314087974181933,0.04155670526116959,4.1556705261169595,0.042404519122124236,-0.017566881266357047,-1.7566881266357046
1741,29.045683333333333,1621.6664659843468,738.098133654425,13996.5,1572.6379928315412,748.8745519713261,2.925233903351494,detected,1622.2027230095462,737.5935941770784,11.52559301062638,-36.05673563697428,37.854028570830486,5.755990447771747,-32.56393938895053,33.068740141742374,32.77808443414373,34.01801867936003,164.8034913808983,-6.976427939944242,-14.09071528110905,29.91643891623472,2.0469434990656734,0.930717468993159,0.04172711689809764,4.172711689809764,0.04292494470581708,-0.01778008237363918,-1.778008237363918
1742,29.062366666666662,1621.867215041128,737.5646298472385,14166.0,1573.19776119403,750.5298507462687,2.881245411109528,detected,1622.297521076169,737.0264352641263,13.39715142995692,-39.205753844399396,41.43156768630455,5.889755630343203,-32.770192917694935,33.29526640902731,32.81559776429583,34.39986426137644,164.72820147744224,-7.870197807244822,-14.313383378036537,30.06163371344695,2.047063118077185,0.9300018110588346,0.04201295445934046,4.201295445934046,0.04340676878407122,-0.01806105158111866,-1.8061051581118661
1743,29.07905,1622.1430332922318,737.2139334155364,14080.5,1572.337606837607,745.6709401709402,2.973396000316004,detected,1622.4295316056941,736.4562413493213,14.627928604549197,-41.95065078747439,44.42784483578304,6.021506257779882,-32.98515386695201,33.53026861268757,32.87765816818136,34.74370202481543,164.60818258437556,-8.798955766122402,-14.560402547756148,30.203867151182443,2.0472296928778477,0.9292823234691753,0.04230948720843858,4.230948720843858,0.04384063346979865,-0.018372747694329526,-1.8372747694329525
1744,29.09573333333333,1622.281195079086,736.3298183948448,14337.5,1574.1976744186047,752.484496124031,2.817469908521498,detected,1622.5448184161726,735.8783773666124,15.059525531127747,-42.92743933285692,45.492354928040385,6.1590381061514,-33.17344396013488,33.740348761819796,33.00802031191253,35.04275292677966,164.53503459747603,-9.49612313449811,-14.781710848955848,30.33005372476441,2.047375165193909,0.9285531575603942,0.042574572570119616,4.2574572570119615,0.04421798476565258,-0.018652001071237663,-1.8652001071237663
1745,29.112416666666668,1622.5848375451264,735.1287605294825,14268.5,1573.8666666666666,749.5882352941177,2.853075696461705,detected,1622.6872732138586,735.2934034141874,15.480945792437524,-43.85675732062987,46.50886845870377,6.409932786327058,-33.238890218628825,33.8513081178747,32.99984766535241,35.29101305973153,164.21728231267852,-8.88181499421044,-15.208924498116382,30.24234906388531,2.0475549188818407,0.9278150200809937,0.042714584375867136,4.2714584375867135,0.04453124676306818,-0.019191071921913418,-1.9191071921913418
1746,29.1291,1622.9820397690828,734.5227710070558,14303.5,1574.0954198473282,748.6603053435115,2.860082316806289,detected,1622.85992096488,734.7374810573256,15.726318418796836,-42.7248179429987,45.5272133923412,6.627459415039545,-33.34404679364924,33.996303841374676,32.99871797405246,35.483384027142655,164.44382825183467,-10.420854951015787,-15.32698789955941,30.345215715196783,2.047772770933603,0.9271135407663414,0.04289754427933713,4.289754427933714,0.04477398615412323,-0.019340047822787903,-1.9340047822787902
1747,29.14578333333333,1623.367850692354,733.5406381697773,14229.5,1573.7306273062732,746.3284132841328,2.889450769864989,detected,1623.017434324227,734.1550039586564,15.677625991452715,-42.975919903936074,45.74623097389994,6.814392435672569,-33.511910807984066,34.197720834430335,33.00193153020078,35.61578992892024,164.17984129909465,-11.438259083248441,-15.692253805706617,30.38481990677116,2.0479715259611697,0.9263785538910492,0.04315169821379222,4.3151698213792224,0.044941059847217975,-0.01980095117439321,-1.9800951174393209
1748,29.162466666666667,1623.6087740384614,733.1286057692307,14211.0,1573.8863636363635,746.625,2.876543960533998,detected,1623.2037631869598,733.5498898086205,14.155226597828914,-41.20712586279615,43.57060548016525,7.027029521372719,-33.522317271714094,34.2509109245244,33.020775803152894,35.6852761099725,163.6977824856172,-12.67652965325993,-16.154347504173547,30.202019069494458,2.0482066412453754,0.9256150029130858,0.043218815046718484,4.321881504671849,0.04502873957094322,-0.020384034705581765,-2.0384034705581766
1749,29.17915,1623.9353474320242,733.1456193353474,14139.5,1573.9555555555555,744.6851851851852,2.9146842420644568,detected,1623.3610458408389,732.9677661817553,12.240643965938034,-40.604886783840584,42.40978891045518,7.1459333309047635,-33.481248366010504,34.23533781513214,33.011900457112326,35.69008590561792,163.22915380551638,-14.158397912911997,-16.502826341524766,29.99525092506634,2.048405105161942,0.9248804620589973,0.04319916443549797,4.319916443549797,0.045034808713713466,-0.020823755635993396,-2.0823755635993395
1750,29.195833333333333,1624.013357619915,731.7413479052823,14117.5,1574.5530303030305,746.7083333333334,2.847746869725909,detected,1623.5516244430914,732.3367916147404,9.666151754409839,-38.36727013330892,39.56617124794335,7.170225067528449,-33.447372560034964,34.20729247819525,32.969399133513775,35.62971275885601,162.65759949188703,-14.174129981377611,-16.814307746358825,29.78956048181193,2.048645582893491,0.924084279640051,0.04316377599772272,4.316377599772272,0.044958628086884556,-0.021216792108970126,-2.1216792108970126
1751,29.212516666666662,1623.958612294583,731.1144248326233,14087.0,1573.6917293233082,741.4135338345865,2.9395010097349643,detected,1623.7466009809687,731.7717878307683,9.359120112696473,-37.673269115610765,38.81840201684133,7.161265071639686,-33.36674437302007,34.12657831486703,32.930251287092034,35.50492616665868,162.26593275330873,-14.246913593771273,-16.984457466441686,29.599857297821323,2.048891610070623,0.9233713411113796,0.04306192847301834,4.306192847301834,0.04480116866455354,-0.021431492071219794,-2.1431492071219793
1752,29.2292,1624.464114832536,730.4958133971292,14232.0,1575.75,747.5243055555555,2.8053101230002517,detected,1623.9373652297,731.1803229572398,6.062895012606077,-36.89553778405593,37.390365126708545,6.964970678393344,-33.27087654987586,33.99208794628477,32.94110017153241,35.3177708479006,161.86529423367338,-13.761733321549544,-16.97463341533337,29.450362703420243,2.049132322056404,0.9226250131952554,0.04289222453789877,4.289222453789876,0.04456501053362852,-0.021419095792218762,-2.1419095792218763
1753,29.24588333333333,1624.2418461538462,730.3569230769231,14176.5,1575.1843971631206,745.1205673758866,2.8492681718747224,detected,1624.1144570601873,730.6144057901405,6.163151768589614,-33.21601486724376,33.78295551581637,6.876318090271179,-33.23419061485384,33.93810802480052,32.99680046685384,35.07153926360398,161.44189062582623,-13.403388488728002,-17.096081191263263,29.31755760981402,2.049355781779416,0.9219109221326695,0.0428241110723035,4.282411107230351,0.04425430821905865,-0.02157234219717762,-2.157234219717762
1754,29.262566666666668,1622.5174346201743,728.5429638854297,14341.5,1576.361403508772,747.2491228070176,2.756542062462848,detected,1624.2961153959602,730.0209536169143,5.796168011921964,-32.288505951753905,32.80462132411948,6.7064850715858695,-33.236786238723816,33.9066498123012,33.00282159006269,34.77071814994933,160.6824518190487,-14.15155598092643,-17.323750983842913,29.14701619967002,2.0495850036542085,0.9211620865828573,0.04278441616694158,4.278441616694158,0.043874723217601684,-0.021859622692546266,-2.1859622692546266
1755,29.27925,1624.2536057692307,728.9080528846154,14250.0,1575.0962343096237,744.5899581589958,2.8327840894812524,detected,1624.4557326450629,729.4292996626199,5.375889717403425,-27.314121586694682,27.838129037462707,6.519280537779951,-33.253358652115395,33.886381931042656,32.98362020016778,34.42091006546147,160.27015424521582,-14.20983024443816,-17.362421075282835,29.100398876666084,2.049786413432256,0.9204155200790157,0.04275884155336613,4.275884155336613,0.043433325003736874,-0.02190841776060926,-2.190841776060926
1756,29.29593333333333,1625.1159505591525,728.2984108298999,14296.0,1574.7213740458014,741.5725190839695,2.884039246536893,detected,1624.6212576930818,728.8567537718876,5.694985279794764,-27.41496985783465,28.00023981402769,6.282119738061306,-33.14591268099951,33.735983102020064,32.84663029962508,34.02873114170464,159.52098544289302,-13.123366643326719,-17.48166337563723,28.853214751231576,2.0499952778461603,0.9196930646963882,0.04256906385112942,4.256906385112942,0.04293846200846012,-0.022058881231087988,-2.205888123108799
1757,29.312616666666667,1624.0483968542044,727.6902601330913,14393.0,1577.5750915750916,748.3186813186813,2.723842451456345,detected,1624.7688108881175,728.2773692277412,6.217148577523403,-26.683945459115876,27.398647442895278,5.9944281249835045,-32.94862478257194,33.48947660994879,32.67217816516066,33.601686314028235,159.21534460956204,-12.97096339719779,-17.296351857051754,28.677190518692196,2.0501814648430505,0.9189619800980963,0.04225801464977765,4.225801464977765,0.0423996041817391,-0.021825049661894958,-2.1825049661894957
1758,29.3293,1625.045317220544,728.5673716012085,14075.5,1576.9612676056338,745.9647887323944,2.7944333229760154,detected,1624.9366386780598,727.7220405115285,8.363148710431233,-24.84720086603238,26.21689621655752,5.679103940880894,-32.69999386058192,33.189483576178525,32.520421084122,33.14802337940039,158.6177595813444,-11.968772744447236,-17.210235841410984,28.378682181109767,2.050393234924997,0.9182612498568183,0.04187947454407385,4.187947454407385,0.04182715883836012,-0.021716385919761497,-2.1716385919761496
1759,29.345983333333333,1624.9202096680256,727.0570762958648,14069.0,1578.6695278969958,748.4120171673819,2.7090338738541773,detected,1625.086722842118,727.1494245084909,9.915805866390656,-21.78331548425399,23.933993387366158,5.43673725286987,-32.50810314403055,32.95959468773353,32.43919372578468,32.676567405923805,158.09226061131582,-12.447885117466754,-17.173327404798133,28.13204059124189,2.0505826155736506,0.917538706004405,0.04158939392773947,4.158939392773947,0.041232261710944865,-0.021669813759997648,-2.166981375999765
1760,29.362666666666662,1624.771047849788,727.3076923076923,14031.5,1578.228782287823,746.0147601476015,2.75941739398384,detected,1625.207672949919,726.5771965783612,10.008960505585947,-25.28093420973846,27.190162281963374,5.054069665805463,-32.23750741585524,32.631281074670305,32.44718381748579,32.19653744231088,157.79385095367823,-11.261898279006065,-16.863057857672008,27.936316583668344,2.0507352340062073,0.9168166518338943,0.04117511807529376,4.117511807529376,0.04062654566853108,-0.021278306445012,-2.1278306445012
1761,29.37935,1623.4741586538462,725.6334134615385,14208.5,1579.0891472868218,748.437984496124,2.666974073981905,detected,1625.2951023954643,726.0173144653342,8.849243857843248,-28.078993029022513,29.440430811716585,4.651030570631671,-31.8908200327348,32.228193988016606,32.459172258002226,31.717348251655586,157.46066620476907,-10.912822538475591,-16.520081304239582,27.672068976325992,2.050845555073141,0.9161101759814942,0.04066649083661402,4.066649083661402,0.040021890538366675,-0.02084552845960831,-2.0845528459608307
1762,29.39603333333333,1625.4766961651917,725.8643067846608,14098.5,1578.7991967871485,746.0602409638554,2.7332437770848057,detected,1625.368496111404,725.4432957752787,8.497283697474359,-31.62910766762525,32.75063788822431,4.202924149602776,-31.463185977177773,31.74266282531745,32.5354065105563,31.24840096861591,156.76444338606544,-8.244110377324802,-16.27463955558955,27.253123684771072,2.0509381654402574,0.9153858621770079,0.04005383321806619,4.005383321806619,0.03943015895093491,-0.0205358227830783,-2.0535822783078297
1763,29.412716666666668,1625.7697121401752,725.962453066333,14073.0,1579.804,748.04,2.6938250762496945,detected,1625.4370730498458,724.9306328713142,5.811273733969756,-35.363415582573225,35.83771845523805,3.625813696777732,-31.30707074060806,31.516332326607714,32.65150011187535,30.79886813766651,156.4769545529637,-7.139074873666961,-15.81971937627672,27.258314000998546,2.0510246978546953,0.9147389689227939,0.03976824268341667,3.9768242683416672,0.03886292509484733,-0.019961791011074728,-1.9961791011074728
1764,29.4294,1626.0797773654915,725.6728509585653,14094.0,1580.4890829694325,748.2882096069869,2.681108367852564,detected,1625.4781516144842,724.4327237931847,5.84617941103761,-33.51894321407531,34.02495213654892,3.1878370163450716,-30.969670499332558,31.133306854235855,32.8297473328648,30.377480427605082,155.94987100588193,-4.564492886446618,-15.532346778279525,26.982012512770037,2.0510765320056583,0.9141106924835138,0.03928492978452474,3.928492978452474,0.03833120558688339,-0.019599175745463125,-1.9599175745463124
1765,29.44608333333333,1625.9116775340842,724.0663900414938,14223.0,1580.9681818181818,748.1818181818182,2.6491171488687097,detected,1625.515031812646,723.9845828131175,3.963159313045253,-36.40621327000849,36.62129157200658,2.7952065155939994,-30.69248617895909,30.819504981592647,33.00471160236572,29.99232417424046,155.8834708827074,-2.6648446015306417,-15.09198975155433,26.871429672598236,2.0511230685333075,0.913545214906142,0.038888965276457604,3.8888965276457603,0.03784520400535074,-0.019043520191235747,-1.9043520191235748
1766,29.462766666666667,1625.771686746988,723.3548192771084,14000.5,1579.4319248826291,744.8779342723005,2.706776420810376,detected,1625.5236749809997,723.5079647248771,2.199257249544189,-36.2778620807851,36.34446325923851,2.394409527966588,-30.44454467131536,30.538557549945505,33.147627039743256,29.65066033391402,156.02095950214175,-1.635747420070114,-14.560494989140993,26.84390960539343,2.051133974739432,0.9129438040692456,0.03853445747627193,3.8534457476271933,0.03741408244027006,-0.01837286433961009,-1.8372864339610089
1767,29.47945,1625.3369627507163,722.6997134670487,14180.5,1579.5948717948718,744.1025641025641,2.703950934038431,detected,1625.5594286926193,723.0517444397082,0.45268119056936484,-36.03600601112248,36.03884916994369,1.8052519857271312,-30.250439199779628,30.304257234117053,33.24943652174112,29.358775875220196,155.9332814282114,0.030054274439122897,-13.984457351888341,26.884623097316275,2.0511790898329583,0.9123681317851208,0.038238810390053064,3.8238810390053066,0.03704577397504126,-0.017646002967682452,-1.7646002967682453
1768,29.496133333333333,1625.8055555555557,722.2421497584542,14041.0,1580.037037037037,744.3657407407408,2.6913291489900364,detected,1625.5304520291245,722.6087427519161,0.4920395306194223,-35.29826243004413,35.301691651816874,1.5097599534490571,-30.020611431049453,30.058550959936433,33.26528329845566,29.121877586232078,156.1898159437565,1.9817424866880635,-13.500819742253052,26.85599285258852,2.0511425262197154,0.9118091391191371,0.03792877092736459,3.792877092736459,0.036746848689251835,-0.01703573469054013,-1.703573469054013
1769,29.512816666666662,1625.959349593496,722.1475922451532,13998.5,1577.506726457399,737.506726457399,2.834619923193653,detected,1625.4839169328252,722.1718581999905,-0.8463286702299229,-30.355820878882696,30.367616525648895,1.2662635640227873,-29.88602087114761,29.91283448495382,33.29728315663345,28.94403546360239,156.29111853740272,2.2648193598771784,-13.176252715600967,26.854497412888968,2.0510838068553,0.9112578652365811,0.037744901558301354,3.7744901558301356,0.03652244222536579,-0.01662618639192551,-1.662618639192551
1770,29.5295,1625.5883424408014,720.9392835458409,14029.5,1582.4975124378109,750.2139303482587,2.5448464500274337,detected,1625.4399872075508,721.735720801295,-1.2591864841720053,-27.154488517811615,27.183667840559785,1.032810941371603,-29.945125485918016,29.962931078384063,33.296972506729254,28.828178392888194,156.38561976887883,3.3289796893425323,-12.941714392886288,27.02386477506416,2.0510283750253007,0.9107075341341262,0.03780811492540576,3.7808114925405762,0.03637625033802927,-0.016330238981559986,-1.6330238981559986
1771,29.54618333333333,1625.9446834665027,720.5218192993239,14017.0,1579.9077669902913,742.5776699029126,2.69481210872505,detected,1625.390115872837,721.2940345773515,-3.3094681310790293,-25.54295056986507,25.756453620892724,0.8910070686429572,-30.009500762169992,30.022725219257712,33.34730947563776,28.77613926310065,156.69734632242262,3.603270664681573,-12.689725492649622,27.209095841505857,2.0509654458963245,0.910150201359434,0.0378835649454356,3.78835649454356,0.03631058582094719,-0.016012271915015298,-1.6012271915015297
1772,29.562866666666668,1625.7718865598026,720.820591861899,14027.5,1579.6481481481485,740.9907407407408,2.729345760201184,detected,1625.3478074023724,720.8453362050967,-3.6586496735740184,-26.491029708553924,26.742482540957745,0.7860305681200298,-30.19843951781152,30.208667520513703,33.39230079524382,28.788740874269383,157.06264732310623,4.2509072220873385,-12.49294945461981,27.50435978693658,2.050912059813719,0.9095840204480716,0.038118192454906885,3.8118192454906885,0.03632648690759544,-0.015763974075230044,-1.5763974075230045
1773,29.57955,1626.1256764882742,720.0920024052916,14158.0,1580.020920502092,742.1966527196653,2.694524632282752,detected,1625.3122590118182,720.4050930098525,-6.154126270871984,-27.145927665126692,27.834774275322,0.6848992748082393,-30.432383334633506,30.440089396102504,33.45911059171832,28.865909072893214,157.25856779039708,5.741187836907214,-12.395993769956398,27.801769384302037,2.0508672038004017,0.9090285085297825,0.03841020743987698,3.8410207439876975,0.03642386002888734,-0.01564163251729514,-1.5641632517295139
1774,29.59623333333333,1625.398181818182,720.3630303030303,14076.0,1578.0590551181103,737.2125984251968,2.799641918241217,detected,1625.2904084635434,719.9769689369945,-6.207612059490202,-28.203460525975743,28.878532392097075,0.5825524640403422,-30.5941149856988,30.5996607682425,33.483366330375844,29.00679650478349,157.83529534783418,6.262617735475308,-12.081756466517055,28.11352698996148,2.0508396321306543,0.9084882888794884,0.03861155932901262,3.861155932901262,0.036601635968181064,-0.01524511856973761,-1.524511856973761
1775,29.612916666666667,1623.7634930260765,718.6058217101273,14313.0,1578.1396396396397,737.8018018018018,2.743332065851767,detected,1625.262907484886,719.5120866722738,-6.330539136806692,-27.82252961441168,28.53364470072928,0.5027953636568503,-30.876479563624937,30.88057307468019,33.51127505584308,29.209899891247005,158.1679882850125,6.99242413136345,-11.949280869183594,28.47497989692049,2.050804930580298,0.9079016866527114,0.03896602280716743,3.8966022807167433,0.036857917843844804,-0.01507795693272378,-1.507795693272378
1776,29.6296,1624.7345639719924,718.9516231699554,14065.5,1578.188596491228,736.6315789473684,2.778586673528188,detected,1625.202767229446,719.0359290485426,-7.017464433417899,-28.440497833980544,29.29345872577933,0.5495144646892438,-31.188992270107352,31.19383280348407,33.499052313741025,29.473155954373794,158.4929023603065,9.688466018236902,-11.945651564345086,28.815909037803728,2.050729043822645,0.907300856843587,0.039361303222061925,3.9361303222061923,0.037190102150629394,-0.015073377368258785,-1.5073377368258785
1777,29.646283333333333,1625.2914906457454,717.843089921545,13982.0,1577.75,735.7818181818182,2.7807826955799486,detected,1625.1850269280071,718.5606304696216,-7.687297848534399,-29.710543084504252,30.688938049210257,0.531317423545825,-31.5998367666129,31.604303217776273,33.421218908634174,29.79400560209677,158.84912745569895,10.251370754051633,-11.897536473474931,29.2793546333159,2.0507066585842364,0.9067011110026773,0.039879246962493724,3.9879246962493724,0.03759495975027984,-0.015012664319842186,-1.5012664319842186
1778,29.662966666666662,1624.9293583927415,717.6344782890474,13980.5,1577.4315352697097,733.9958506224066,2.809856623543052,detected,1625.1678251227636,718.0802638643187,-6.946645696946689,-28.328856593310547,29.168133336284352,0.42327975414383545,-31.93606494703653,31.938869893150628,33.399861616700434,30.16942186379647,159.43636109746032,10.536412711676373,-11.613773562734448,29.752507015126202,2.0506849528362947,0.9060949701757965,0.040301413114385655,4.030141311438565,0.038068671121509745,-0.014654603864649146,-1.4654603864649145
1779,29.67965,1625.1818181818182,717.0227272727273,13970.0,1578.1462264150944,736.6367924528302,2.7465134975678787,detected,1625.1206647187942,717.5406081849472,-4.858682861212856,-26.83365725333624,27.26998277842082,0.4423026518018307,-32.326699304324215,32.3297250150382,33.43198197084238,30.595903292280802,159.8451083575838,10.098574256712531,-11.553680571125897,30.194760883444243,2.050625444440119,0.9054140166371575,0.04079460569720909,4.079460569720909,0.03860681803442373,-0.014578776745900187,-1.4578776745900186
1780,29.69633333333333,1624.8470305938813,716.620275944811,14182.5,1575.6795580110495,727.9502762430939,2.915109349551257,detected,1625.08476422619,717.0098569793743,-3.5200695087723943,-22.69720163438933,22.968540471234014,0.3951516156061796,-32.673706600542026,32.6760959696476,33.61409193758552,31.069440123117694,160.50808191795085,9.661580872503766,-11.274867712119534,30.669277883442643,2.0505801441339937,0.9047442990276017,0.04123166683867205,4.123166683867205,0.03920434084935987,-0.014226962412769129,-1.4226962412769129
1781,29.713016666666668,1624.8627692307691,716.5981538461539,14047.5,1578.288065843621,736.2921810699588,2.741546052299406,detected,1625.0626124665519,716.4507432179194,-2.5895231143281308,-19.739332350636687,19.90846231150291,0.5397466179965684,-32.96688149983293,32.97129967465137,33.80056026885215,31.58546462128147,161.1495564359754,10.275161429933103,-11.162364048508476,31.024316770627372,2.0505521923868164,0.9040387927039992,0.04160416362732034,4.160416362732034,0.03985547586281574,-0.014085001953953914,-1.4085001953953913
1782,29.7297,1624.2963186481593,715.9915509957755,14153.5,1576.0762331838564,728.9013452914799,2.880001060260227,detected,1625.0103201711722,715.8621672894603,-4.875460704548914,-21.004502444541004,21.562913532830613,0.5119898602605347,-33.19125148036411,33.1952000814844,34.04820465383383,32.13879925189605,161.50209602978936,9.554756640533851,-11.016125201695385,31.31399517772132,2.050486208417883,0.9032961101444295,0.04188668779998032,4.188668779998031,0.04055368990775528,-0.013900473440625092,-1.3900473440625092
1783,29.74638333333333,1624.6916971916971,715.7002442002442,14203.5,1577.6313868613138,733.6678832116788,2.7768734755281663,detected,1624.9832370634308,715.3386560667636,-3.2502287655634063,-22.8526329335391,23.08260858359756,0.6595437360092609,-33.34367103939784,33.350193347614756,34.34293703591318,32.723616426767606,162.02215947340116,9.116870777496564,-10.91883769245189,31.512130676442354,2.0504520341494397,0.9026355281599542,0.04208226289919843,4.2082262899198435,0.04129162956059004,-0.013777713176595445,-1.3777713176595445
1784,29.763066666666667,1624.5456193353475,715.5921450151058,14294.0,1576.9678571428572,731.8464285714285,2.8123882678796823,detected,1624.9546476763521,714.7925852580375,-2.482139718581948,-26.621150712815506,26.736616892512778,0.7947899094091879,-33.72109615692142,33.730461263143724,34.718606129018184,33.33342179056271,162.30180260831816,8.259554181690829,-11.00849071924206,31.88349336425983,2.050415959213063,0.9019464798208676,0.042562096231096185,4.256209623109618,0.042061100051183235,-0.013890840024280203,-1.3890840024280202
1785,29.77975,1624.8275652701882,715.3363691560413,14299.0,1577.5247933884298,733.1859504132232,2.7807655181240074,detected,1624.9676954144697,714.2753431814142,-0.14496380597802272,-29.331018832254358,29.331377060122893,0.6759762368075624,-34.062900654775646,34.0696073486303,35.045344048036206,33.96106980672036,162.73345000848,7.346558119301295,-10.755975213217493,32.32718889885872,2.050432423235924,0.9012938084308066,0.04299004081846095,4.299004081846095,0.0428530849296156,-0.013572208470936901,-1.3572208470936902
1786,29.796433333333333,1621.6070192782995,719.1596638655462,14753.5,1575.1704035874438,723.9865470852018,3.0380189832579303,detected,1624.9564062754682,713.7008156814749,-2.4549280197893495,-33.07672815934734,33.167704432319525,0.7710986692058419,-34.42501532321554,34.433650302593186,35.34925882368808,34.59881643864625,162.8537445785024,6.145968378085544,-10.885729891272282,32.667677571194695,2.0504181782655753,0.900568852594921,0.04344940101273589,4.344940101273589,0.043657812540878554,-0.013735936771321493,-1.3735936771321493
1787,29.813116666666662,1624.059493670886,713.370253164557,14337.0,1576.3273381294964,727.4568345323742,2.8546214657276967,detected,1624.9503742622828,713.1456349677521,0.8477510296875153,-35.24291202796235,35.25310667188112,0.9703140901128525,-34.813548482733935,34.82706802751471,35.60618625457309,35.23840965540449,163.35554362377968,3.8791051582537546,-10.901367748941619,33.07695343582104,2.0504105668924706,0.8998683091075738,0.04394582716405642,4.394582716405642,0.04446487022763974,-0.013755669083838006,-1.3755669083838007
1788,29.8298,1620.926347009392,717.3143845773603,14608.0,1575.085185185185,722.3740740740741,3.0316632445795717,detected,1624.9511907042343,712.5732321412389,2.972531399417221,-38.41686211672277,38.53169134382515,1.265523924904533,-34.96683265047305,34.989726155125794,35.76395633254228,35.871214855525615,163.61833663550968,1.6923854779330803,-11.075999744417505,33.19040774188165,2.050411597103135,0.8991460342476202,0.04415107401277703,4.4151074012777025,0.045263362593723176,-0.01397602491409149,-1.397602491409149
1789,29.84648333333333,1623.195731707317,711.7024390243903,14257.5,1575.468992248062,724.0193798449612,2.8890312489751007,detected,1624.966697667936,712.0133015427627,5.34317079538414,-42.36542711261518,42.70104083723201,1.6412558368210906,-35.12092360742808,35.159251922654704,35.86378992499264,36.488369442622634,163.91727273050049,-1.3821372546409214,-11.306395341080119,33.29171699014486,2.0504311642497615,0.8984394972148426,0.04436498665319206,4.436498665319206,0.04604210655220522,-0.014266744909880277,-1.4266744909880276
1790,29.863166666666668,1624.917120387175,712.0211736237145,14212.0,1577.132075471698,729.2301886792453,2.795918531853719,detected,1624.9785570627325,711.417916136995,7.6651826076840734,-44.197116508920544,44.85688500232979,2.0538165870167866,-35.45548941692657,35.51492492413432,35.844357804477255,37.08095886129552,163.70235892779075,-2.9529477949205853,-11.921062213099104,33.45441926081393,2.0504461287857825,0.8976882222548833,0.04481378539322943,4.481378539322943,0.04678985345273883,-0.01504234979570865,-1.504234979570865
1791,29.87985,1623.560270602706,711.1236162361623,14431.5,1575.1883408071749,722.4260089686098,2.9120547142032174,detected,1625.0373634540288,710.8153901888184,10.083377809530703,-45.311846785649095,46.4202323041998,2.2473060218702403,-35.86875160746284,35.939083547494675,35.75250006231322,37.640205424535395,163.49727886526165,-3.8523315724389304,-12.343640244057147,33.75281131637919,2.0505203324341057,0.896927937146774,0.04534900132175985,4.534900132175985,0.04749552734957148,-0.015575571285876527,-1.5575571285876526
1792,29.89653333333333,1625.3440594059407,710.6305693069307,14349.5,1576.195219123506,725.3107569721116,2.851339610776679,detected,1625.0443893606405,710.2025299168076,11.152982645688098,-43.806883616655114,45.20433689479568,2.6074229010685377,-36.34052427671142,36.43394514585634,35.65727194940583,38.15766114537064,163.18175930737064,-4.432106478020129,-13.01053881881485,34.03172400181015,2.0505291979314078,0.8961546118824072,0.04597343236070201,4.597343236070201,0.048148468322234246,-0.016417083683047128,-1.641708368304713
1793,29.913216666666667,1625.6877300613496,709.7950920245398,14343.5,1576.8764940239043,726.585657370518,2.8102821702122527,detected,1625.1373063536098,709.5883903274012,8.864505303140959,-46.21792831371636,47.06034797875212,2.7259870837467597,-36.86435810825271,36.96500918861311,35.509512941044285,38.62539636030907,162.93170274752666,-5.761000018268615,-13.426032747309572,34.44057997453618,2.0506464433484037,0.8953796723374148,0.04664354471749289,4.664354471749289,0.04873867048619441,-0.01694136624266192,-1.6941366242661922
1794,29.9299,1625.5817965496728,708.6210588935157,14439.0,1575.832558139535,722.7023255813954,2.8657626819593163,detected,1625.207469032423,708.9175097666374,8.229079321672089,-45.75960477243234,46.493646613398525,3.038968649076201,-37.031762314794925,37.15624780019551,35.38457240583119,39.03617698431948,162.80162724946766,-5.297379995238836,-13.852672035540095,34.47738719893517,2.050734976697064,0.8945331353522239,0.046884855268385504,4.688485526838551,0.049257005658447296,-0.017479712347684664,-1.7479712347684664
1795,29.946583333333333,1625.917261904762,708.1119047619047,14233.0,1577.730909090909,727.1636363636363,2.7650787533796146,detected,1625.2716926747582,708.2136802240362,9.760704574892316,-46.990704112507956,47.99372486885755,3.318355034245982,-37.270308973634314,37.417741929778074,35.259157437926305,39.38362454806623,162.22367695490667,-7.855627531286363,-14.53861545455913,34.47776198925804,2.050816015993386,0.8936450223647145,0.047214816315177384,4.721481631517738,0.04969542529724446,-0.01834525609408092,-1.8345256094080922
1796,29.963266666666662,1625.888557806913,707.1859356376639,14077.0,1577.3176470588237,725.8392156862745,2.774918224975717,detected,1625.3709593801427,707.4910121894852,8.634549598645208,-47.16698330649797,47.95080563459724,3.5769386566417216,-37.41290423457831,37.5835056031114,35.165385679413994,39.66235456641214,161.72563273796513,-8.612844905111755,-15.128016199026659,34.40440406839062,2.0509412736657953,0.8927331384094451,0.04742398183357906,4.742398183357905,0.05004713509957368,-0.019088979430948467,-1.9088979430948467
1797,29.97995,1625.768820391227,706.2104327208061,13937.5,1575.5527426160338,719.451476793249,2.8837794323717447,detected,1625.5136493018063,706.8299883225354,1.715554624480319,-46.81286102163267,46.84428550741564,3.594636069695334,-37.63005024019424,37.801350366793734,35.097336099530104,39.86809016486623,161.26223569833084,-9.097705029286278,-15.492289277867052,34.480879665170704,2.051121324040134,0.8918990388927892,0.047698864816143514,4.769886481614352,0.05030673837838011,-0.019548630003617732,-1.9548630003617733
1798,29.99663333333333,1625.51036116045,705.563055062167,14218.5,1578.5020408163266,726.130612244898,2.7291569108403384,detected,1625.637554656469,706.1025345533145,2.0933033659316607,-43.54803780846828,43.598320104673796,3.8323678771240997,-37.58416365359185,37.77904711722607,35.03656516383172,39.997749184186645,160.87793092273927,-10.79574197870377,-15.93279836304871,34.254960770785004,2.051277671490813,0.8909811161556019,0.04767072191448085,4.767072191448085,0.0504703459737371,-0.02010447742971446,-2.0104477429714462
1799,30.013316666666668,1625.6486153846154,705.0547692307692,14254.5,1577.0629370629372,721.4615384615385,2.815928611014282,detected,1625.7636162316028,705.414095958852,2.016310638658979,-40.88400895847667,40.93369879583776,3.862277916512617,-37.45851860174986,37.6571083135976,35.119179149714995,40.04950414310581,160.61649737411292,-11.511721807121804,-16.075447515757705,34.05345494527891,2.05143673972442,0.8901124239228417,0.047516855916211485,4.751685591621149,0.05053565191559093,-0.020284476360577546,-2.028447636057755
1800,30.03,1626.635379061372,704.3904933814681,14289.0,1574.521186440678,714.3474576271186,2.95280734648241,detected,1625.8811904767365,704.6957875671261,2.7352093097588295,-38.121488252085555,38.21948765384079,3.900760260393541,-37.42153619115123,37.624291375582175,35.23897203298571,40.022815407776534,160.11886768104452,-12.159940122259188,-16.394213356751454,33.8646876543697,2.0515850983933586,0.8892060410941655,0.04747544653070306,4.747544653070306,0.050501975277951465,-0.020686704551105935,-2.0686704551105937
1801,30.04668333333333,1625.7781136638453,703.2515114873036,14215.5,1576.741573033708,718.5318352059925,2.8395179299574718,detected,1625.9957126936758,704.0204398250424,4.049554143275145,-33.33143204756516,33.5765282764727,3.7687106071536842,-37.41751177371375,37.60682606889977,35.31422171190666,39.91843863194234,159.69813650714954,-12.68906427934703,-16.517199652725594,33.78543299424296,2.0517296059226195,0.8883538672871198,0.04745340828883252,4.745340828883252,0.05037026956711967,-0.020841892306278354,-2.0841892306278353
1802,30.063366666666667,1625.4523666866387,702.769322947873,14254.0,1578.51652892562,721.4876033057851,2.762116255939698,detected,1626.1244513109787,703.319290252537,5.668765032861302,-32.24190044767602,32.73644821106349,3.7070976749660747,-37.44797308518224,37.63101462039354,35.303987139125034,39.73840795094908,159.38546913427396,-13.846544598510501,-16.654379361724867,33.744998287687395,2.051892052127418,0.8874691359653465,0.0474839301203704,4.74839301203704,0.05014310151539317,-0.021014989730883116,-2.1014989730883116
1803,30.08005,1626.3683875079669,702.7584448693435,14218.0,1578.6023166023167,721.4208494208494,2.7691254932581058,detected,1626.2350097182862,702.6221899045167,6.757756015609175,-33.70779257179947,34.37851867707452,3.6018199862546507,-37.38522416200612,37.5583292074718,35.34286252605345,39.485996530325075,159.0008543559714,-14.270361845274824,-16.759753573745773,33.6115865886177,2.052031558004147,0.8865895140751,0.04739221351100543,4.739221351100543,0.04982460130009474,-0.02114795403627227,-2.114795403627227
1804,30.096733333333333,1625.9939430648092,701.9660811629316,14095.5,1580.5857142857144,723.9714285714285,2.6903315020639327,detected,1626.3535630921097,701.9477991372858,2.3428883415976998,-36.68678285634246,36.761517407876646,3.5054100477628873,-37.44126261929212,37.605000280943464,35.36727556562614,39.165655925628,158.7168519276274,-16.486764098689953,-16.85665824702273,33.615310780548185,2.0521811521667,0.8857385478073007,0.04745110445544917,4.745110445544917,0.04942038602602903,-0.021270231226527103,-2.1270231226527105
1805,30.113416666666662,1626.4744245524296,701.8452685421995,14075.0,1579.4009433962265,720.9575471698113,2.7559164673616783,detected,1626.460368985248,701.2686451136753,1.5264435552089708,-37.105804209633106,37.137188046092895,3.3319642614160485,-37.42171406571064,37.56975737817799,35.42312101247114,38.78293539860016,158.60737497338633,-16.82731562367883,-16.75223100747706,33.628104700195095,2.0523159230097767,0.884881571121357,0.047406633915682006,4.740663391568201,0.04893745791621472,-0.021138461839087776,-2.1138461839087777
1806,30.1301,1622.673105497771,705.122833085686,14748.5,1580.3492822966507,722.1626794258373,2.75884131495389,detected,1626.5565732426708,700.5857279199889,4.550980567447368,-39.27039905385709,39.53322230699723,3.173648044179171,-37.189362130469135,37.32453211467619,35.49141282492799,38.344381998473864,157.87371250918355,-17.10640010029177,-16.947275534300882,33.25523341586976,2.0524373163945375,0.8840198459558221,0.04709720140653147,4.709720140653148,0.048384078231512764,-0.021384574806688813,-2.1384574806688814
1807,30.14678333333333,1626.7256169212692,700.3448883666275,14028.5,1580.549356223176,721.0343347639484,2.7203584154797285,detected,1626.6377475944264,699.9045233554555,5.758056593888796,-40.24899271158506,40.658782938445825,2.8626977628486645,-36.92268559847952,37.03349497800046,35.55583730975967,37.85742200764771,157.47680409198352,-16.60192694706836,-16.78785315979472,33.00981273153114,2.0525397445986453,0.8831602818365369,0.04672996211735075,4.672996211735074,0.047769617675265254,-0.02118341092718577,-2.118341092718577
1808,30.163466666666668,1626.842105263158,699.2093567251462,14121.5,1579.8036529680364,718.283105022831,2.7563601901986745,detected,1626.7129871891734,699.2263707247664,5.874214812848095,-41.932324583092395,42.34177894951154,2.635973380616101,-36.51812897122827,36.613141072879536,35.60382000313018,37.33022438109497,156.65908661707414,-15.64770516519884,-16.88878303691611,32.485244446587636,2.0526346841503766,0.8823045687378757,0.04619954709511614,4.619954709511614,0.04710438407709145,-0.021310767239010864,-2.1310767239010864
1809,30.18015,1625.3468137254902,698.030637254902,14206.0,1580.5384615384614,719.255060728745,2.699229102053616,detected,1626.7851259331455,698.5965963019133,9.168573622683653,-42.216169093658436,43.200320313846426,2.3179920027356737,-36.127480281524015,36.201766785844214,35.5761538933076,36.77154714418088,156.17072185015294,-15.587039278876365,-16.716354955951783,32.111234722496725,2.0527257109566506,0.8815099006964207,0.045680462821254535,4.5680462821254535,0.0463994285730989,-0.021093192373440737,-2.109319237344074
1810,30.19683333333333,1626.468940316687,698.0736906211937,14168.5,1579.9375,716.80859375,2.758822030594352,detected,1626.8375606966376,697.9807073169403,6.9005596221450105,-43.791906720393854,44.33225481865833,2.1211137522518726,-35.61258248541283,35.675694174470166,35.54986559972971,36.19056838328176,155.5139470483117,-15.184566362798122,-16.690753950202797,31.530523107048417,2.052791874696073,0.8807327537122276,0.04501664880059327,4.5016648800593275,0.045666332344835026,-0.021060888265240125,-2.1060888265240125
1811,30.213516666666667,1626.8586572438162,696.8339222614841,14221.5,1583.7971014492753,724.7246376811594,2.5668401640735024,detected,1626.8887754633272,697.4188310524739,10.215080536905134,-44.174372270982985,45.34008200158937,1.8328541601999522,-34.98996527229066,35.03793692740297,35.526832959662904,35.59670446078786,155.33044206614613,-12.304181057043708,-16.269832249213135,31.03142895051939,2.052856499007353,0.8800237615804088,0.044211907794830245,4.421190779483024,0.04491697723758721,-0.020529756781341495,-2.0529756781341493
1812,30.2302,1627.2649625935162,697.1246882793017,14207.5,1583.2916666666667,722.9541666666667,2.6104967439787967,detected,1626.8993943485416,696.8358768829434,6.991521852899041,-43.00382141022919,43.568452275728724,1.478972996546549,-34.65478411181703,34.686329049946465,35.5449330592347,34.99941935632513,154.7308102766096,-9.984312582438237,-16.130597876654452,30.707413357409816,2.0528698982315983,0.879288172722957,0.04376823854882835,4.3768238548828355,0.044163305181482815,-0.02035406672133054,-2.035406672133054
1813,30.246883333333333,1627.5528255528257,696.2192874692875,14189.5,1585.397321428571,726.7544642857142,2.5147131775735647,detected,1626.9114324249545,696.2815376887756,7.881267491592098,-38.11040280903785,38.91679816661625,1.2365177303385693,-34.20431994761539,34.22666327844831,35.54220586012129,34.408030464522156,154.6792625045607,-6.715419420660469,-15.746399289170437,30.38939598942852,2.0528850882333813,0.8785886910899378,0.0431882186478843,4.31882186478843,0.04341707314135288,-0.019869273551003708,-1.9869273551003708
1814,30.263566666666662,1628.0401978973407,695.4359925788497,14122.0,1581.3253968253969,716.3928571428571,2.7198928006488856,detected,1626.9153318610024,695.713778807875,9.29271017323208,-34.43735606519431,35.66911766675293,0.9736083696249134,-33.836001540473255,33.8500061078918,35.50407887039941,33.831517573145106,154.5885915662328,-5.168056306393392,-15.398947170278419,30.144573965330586,2.0528900086574167,0.877872276098265,0.042712941461062214,4.2712941461062215,0.04268961207967837,-0.019430848164389173,-1.9430848164389174
1815,30.28025,1626.7823170731708,694.4481707317074,14027.0,1580.478927203065,713.9693486590038,2.7426114318797272,detected,1626.9049496478456,695.1756431607954,4.137557368026137,-31.57348414630428,31.843433893200576,0.7939562860925539,-33.35445844876424,33.36390662069665,35.459895179262595,33.2783428207891,154.07955517651527,-2.794446256737876,-15.294078337075193,29.652005544549148,2.0528769080729914,0.8771932405814453,0.04209956671381281,4.209956671381281,0.04199159977386637,-0.019298521560978162,-1.9298521560978161
1816,30.29693333333333,1628.41239048811,693.5275344180225,14093.0,1579.8264462809918,711.6239669421487,2.785048670324236,detected,1626.8205246973062,694.6557591520609,-2.283943493532206,-31.289425175154747,31.37267163748181,0.5057958636518362,-32.97032479480714,32.97420425925032,35.37558619129149,32.75628985129723,154.18988163853197,-1.0469642727502266,-14.810291232221473,29.461049203101126,2.052770378166948,0.8765372355231054,0.041607828718296935,4.160782871829694,0.04133285785652648,-0.018688064646336246,-1.8688064646336247
1817,30.313616666666668,1626.4068716094032,692.4339963833635,14319.0,1580.7943548387098,713.3024193548388,2.712506629701428,detected,1626.7890361497357,694.1750193991444,-4.070763706353318,-27.7646660106775,28.06150024210099,0.44146063245592415,-32.68157242118513,32.68455389646885,35.30942302472713,32.27232984400389,154.264953194713,0.15981741852522963,-14.588344172662156,29.248252558249202,2.052730644983894,0.8759306238475009,0.041242339301537985,4.124233930153799,0.040722182768459174,-0.01840800526518884,-1.840800526518884
1818,30.3303,1627.5961657390228,693.7186147186147,14135.0,1580.135231316726,711.8185053380782,2.777254314469233,detected,1626.7540829044208,693.6879542830052,-6.360760941448007,-23.39629158187313,24.24553030020746,0.48433690462038714,-32.376101907484475,32.37972447321004,35.22520860036335,31.832520461039344,154.38853281731772,0.614084855591025,-14.4318444918004,28.98565889410637,2.0526865399424867,0.875316030641016,0.04085769649616409,4.085769649616409,0.04016721824736826,-0.018210529327192936,-1.8210529327192935
1819,30.34698333333333,1627.8219696969695,693.3080808080808,14103.5,1581.716911764706,714.1286764705883,2.717417043074029,detected,1626.7308406682528,693.2204749885449,-6.717104277959606,-19.93720203542898,21.038334413220472,0.4271742225607046,-32.30483480755339,32.30765899534866,35.135466757095266,31.44194108814401,154.56791371833665,1.9547827998242127,-14.258797637265548,28.990886838785112,2.052657212199688,0.874726151405104,0.040766762139241214,4.076676213924121,0.03967437361280002,-0.017992173674783028,-1.7992173674783027
1820,30.363666666666667,1627.4021329987454,693.245294855709,14165.5,1580.125874125874,710.9895104895105,2.782532377206692,detected,1626.708559288657,692.7453761397076,-6.458430291815603,-20.152011757920945,21.16163745378947,0.45454727471014655,-32.151152390964114,32.15436538468679,34.99600104554504,31.104664334050366,154.55891837318498,2.701657205090463,-14.222048292180515,28.83810943295051,2.0526290968942047,0.8741266575895364,0.04057333171569311,4.0573331715693115,0.03924878780321813,-0.01794580226142652,-1.794580226142652
1821,30.38035,1626.0018529956762,691.289684990735,14402.0,1579.4113475177303,708.7730496453901,2.7825976027811703,detected,1626.692889186972,692.2598610468631,-9.425836693699694,-21.426398526202092,23.40805312664705,0.4342776764918206,-32.02340372731593,32.026348267996006,34.783457222489595,30.823760048049817,154.59844287223197,3.5205828516695914,-14.129042407139462,28.741209856932358,2.052609323895233,0.8735140202484077,0.04041179592176152,4.041179592176152,0.03889433444548873,-0.017828444677778502,-1.7828444677778503
1822,30.397033333333333,1627.1418575063612,692.6100508905853,14195.5,1581.9279279279278,715.2792792792793,2.676843980438407,detected,1626.658969151005,691.7680435087923,-6.4188375952080605,-24.01393126253015,24.856998426100834,0.45908101692964465,-31.969319576282032,31.97261561947278,34.56258798912605,30.601324705220183,154.87831634508927,5.300328994304693,-13.987977973223774,28.750384723880853,2.052566522588019,0.8728934302950061,0.040343994472520864,4.0343994472520865,0.03861365893403178,-0.017650445392080473,-1.7650445392080474
1823,30.413716666666662,1626.526248399488,691.7259923175416,14194.0,1581.8444444444444,713.7644444444445,2.6833748701799256,detected,1626.6200240942985,691.2843898788809,-9.214154567335754,-31.611097873944345,32.92661770037796,0.41840121893832843,-31.975145365968107,31.977882680921837,34.37127902690523,30.438526544432342,154.87103703133772,6.0731815327486895,-13.957274874086751,28.771156717170538,2.052517380560629,0.8722831418030044,0.04035064060684144,4.035064060684144,0.03840823538729633,-0.017611703311150476,-1.7611703311150477
1824,30.4304,1626.7427854454204,691.3989962358846,14235.0,1580.4822134387352,710.7588932806324,2.7452432233810087,detected,1626.5782190774528,690.7936046177592,-8.35299651817968,-33.37406155806548,34.40349598099393,0.4172433535037826,-31.924965970083072,31.927692434734542,34.17535998660827,30.3356558918573,155.13493310535807,7.1771269740702035,-13.802461411492637,28.790095574541986,2.0524646297507294,0.8716638544072672,0.040287309065911096,4.028730906591109,0.03827843014745401,-0.017416355093366104,-1.7416355093366105
1825,30.44708333333333,1626.2216624685138,690.0264483627204,14185.5,1580.6694915254238,710.3050847457628,2.72275937811354,detected,1626.574184196109,690.3135452558487,-5.525101799930326,-32.514602264101995,32.98069299290632,0.5304629588942391,-31.955010340507737,31.95941296101534,34.058770709933796,30.29217097656875,155.88781815481008,8.535003061108885,-13.538584294197545,28.950143559602996,2.052459538417803,0.8710581012692098,0.04032733496658087,4.0327334966580874,0.038223559591884865,-0.01708338712201583,-1.708338712201583
1826,30.463766666666668,1626.1833333333334,689.7410256410257,14082.0,1582.2633744855966,713.6296296296296,2.64343534442032,detected,1626.5300124794949,689.7965418707255,-4.240070172815649,-29.88818460781704,30.187443982910384,0.5914830617137762,-31.98543583480166,31.990904297229683,34.0287355741334,30.306732185051786,156.47094335386578,9.029661604795411,-13.311342484974437,29.089965950516735,2.052403801235956,0.8704057310671616,0.04036707166842862,4.036707166842862,0.038241933356532226,-0.016796646668737463,-1.6796646668737463
1827,30.48045,1626.3002544529263,689.4223918575063,14187.5,1581.3319327731092,710.9747899159664,2.6946583647498703,detected,1626.5063711074063,689.2979615555182,-6.030571860396321,-30.482211671082496,31.07302729577667,0.4334646335200368,-32.09989382428194,32.10282036081389,34.07470930725498,30.377221636612465,156.8178844448047,9.461077288703962,-13.03474930332329,29.337457042460237,2.052373969851617,0.8697766076410325,0.040508290676105854,4.050829067610586,0.038330879036734974,-0.0164476331903133,-1.64476331903133
1828,30.49713333333333,1624.2634939059778,687.4352872896111,14361.5,1582.944,715.636,2.542705852840545,detected,1626.487261086876,688.7917301582461,-5.215682679561269,-27.984324773969774,28.46622171748288,0.511302204448941,-32.01673651582788,32.020818963109306,34.116420797335394,30.50074939997876,157.3348348492147,9.209481011731727,-12.809307649054793,29.347137588188854,2.0523498562610425,0.8691378298526765,0.040404818880895026,4.040481888089502,0.03848675003151894,-0.01616316422593665,-1.6163164225936648
1829,30.513816666666667,1626.0192887281496,687.8028933092224,14178.5,1582.6422764227643,714.9959349593496,2.581628334558729,detected,1626.45338885261,688.278685170018,-3.9914012734566313,-25.3931893072579,25.704967366639234,0.5516215104830967,-31.958303453210604,31.963063775212795,34.12793999138431,30.673651722574267,157.76646652382834,7.880560454213322,-12.603074200617677,29.373456837628858,2.0523071152714323,0.8684904544732088,0.040331941672192805,4.03319416721928,0.03870492330924198,-0.015902932745258898,-1.5902932745258898
1830,30.5305,1626.1548064918852,688.0749063670412,14216.5,1579.2970297029703,707.1039603960396,2.7558367107551205,detected,1626.4252014081778,687.791944127726,-3.010112811119143,-23.059122613413365,23.254761121888464,0.718235634898391,-31.884708842705646,31.892797312423845,34.1082873840005,30.891489562886257,158.32751945400113,6.836319435147283,-12.442500843327885,29.365535806028372,2.0522715475182056,0.8678762701927142,0.04024327736583451,4.024327736583451,0.03897979755569244,-0.015700316521549382,-1.5700316521549382
1831,30.547183333333333,1625.7588957055214,687.7521472392638,14256.5,1580.015306122449,709.0765306122449,2.705371726125205,detected,1626.4456771576174,687.3269834338724,-2.4794890767102515,-24.59504744938772,24.719713289582444,0.6491831317341465,-31.723094176925475,31.72973594117372,34.02755908737929,31.149057044444028,158.80125789694878,6.136452182761052,-12.076455000679141,29.3417003173501,2.0522973844260157,0.8672895690017318,0.04003752169233277,4.003752169233277,0.03930480384156976,-0.01523842902293898,-1.523842902293898
1832,30.563866666666662,1625.9817610062894,687.8182389937107,14369.5,1577.75,701.823275862069,2.8589943427652558,detected,1626.4803081834198,686.87126900589,-1.4452280259606596,-25.392666108799176,25.433760558753015,0.5732208312641591,-31.88312512959413,31.888277629103015,33.93522275419745,31.440409055540357,159.17286904810777,5.134925355548305,-11.871797023689624,29.595991038974624,2.052341082881287,0.8667145350232051,0.04023757429539813,4.023757429539812,0.03967244044863137,-0.01498018551885126,-1.4980185518851261
1833,30.58055,1625.56600249066,686.6743462017434,14302.5,1580.016393442623,707.1475409836065,2.7191793440761702,detected,1626.516925625589,686.3767746987002,-0.22359852281215353,-25.37999257535239,25.38097751120603,0.5106374141667622,-32.05736076578461,32.06142744539633,33.83857455509033,31.75891529364376,159.59264407545638,4.372000564652431,-11.656745737329839,29.867296641170185,2.052387287855633,0.8660905674431548,0.040456059868007994,4.045605986800799,0.04007434106453472,-0.014708827428807369,-1.470882742880737
1834,30.59723333333333,1626.1398230088496,686.5823008849558,14442.0,1578.6739926739926,704.054945054945,2.7888762203236053,detected,1626.4989860679057,685.841080316134,1.7104253932625397,-27.99104059130559,28.04325067480649,0.2294191795036684,-32.25751253419515,32.25832835181763,33.73909555700107,32.09734505558232,159.80483662883262,3.5023721356433635,-11.351220391948596,30.19519073738551,2.0523646511897864,0.865414612386289,0.04070451527043235,4.070451527043235,0.04050138177360546,-0.014323306488263214,-1.4323306488263214
1835,30.613916666666668,1625.7135069654755,685.8516050878255,14380.0,1578.1213235294117,701.9264705882354,2.815860959202648,detected,1626.4727684078005,685.3146131373107,5.04764824457925,-31.638987038531695,32.03910506904618,0.29601272094428305,-32.35800872533835,32.35936266677751,33.63009179405995,32.44798359575348,160.2071162214099,2.576570259065559,-11.235628304521578,30.3461531137419,2.0523315689688335,0.8647503004887203,0.04083200336501894,4.083200336501894,0.04094382788107695,-0.014177448964695999,-1.4177448964695998
1836,30.6306,1625.9675898644666,684.9687684148497,14228.5,1575.611650485437,695.7330097087379,2.9309990518846285,detected,1626.4312870323201,684.7526396134298,7.69080975934412,-35.3122058238323,36.140011550899075,0.580065383522192,-32.522607642593805,32.527780184378734,33.50988389155475,32.80277748817382,160.19946997973167,0.022976962839443667,-11.562694087113293,30.403298984996628,2.0522792265392056,0.8640411856320881,0.04104451758281229,4.104451758281229,0.041391517335235106,-0.014590150267650844,-1.4590150267650843
1837,30.64728333333333,1626.147621988882,684.5707226683138,14255.5,1577.5151515151515,698.5021645021645,2.862600193460412,detected,1626.4095826777773,684.231325529521,9.774933953367508,-37.13302532084572,38.398058587268004,0.9440857439800399,-32.667488482078866,32.68112760629201,33.32889958998554,33.15350359330456,160.27298023150212,-2.7098671159827226,-11.915236776752836,30.43161570098864,2.052251839341044,0.863383376062487,0.041238015906993074,4.1238015906993075,0.04183407393476917,-0.015034999087385283,-1.5034999087385283
1838,30.663966666666667,1626.0689448441246,684.2164268585132,14197.0,1578.5817490494296,701.1292775665399,2.7994441895906266,detected,1626.4128976278039,683.6849934876476,10.3069707929385,-39.510573353612244,40.83281834085986,1.339903456145785,-32.82695356336847,32.854287719007715,33.228686061375186,33.491954250662175,159.9153293728896,-5.555836559701416,-12.53147135460701,30.370486450039042,2.0522560222432857,0.8626939980916689,0.041456514471934026,4.145651447193402,0.04226114101029928,-0.015812582150923675,-1.5812582150923675
1839,30.68065,1626.45869297164,683.8292231812577,14329.0,1575.3555555555556,691.5866666666667,2.990943025664712,detected,1626.4323793958656,683.1301978350856,9.720111626576909,-41.5706194457332,42.69188413662586,1.8900998697965319,-33.05572740119592,33.10972049927301,33.14603296818913,33.810130317492955,159.74867799397143,-6.175721516192016,-13.21512687626961,30.35809633662948,2.052280604915919,0.8619939404859125,0.0417788271284202,4.17788271284202,0.04266262500630026,-0.01667523896059257,-1.6675238960592569
1840,30.697333333333333,1627.197112366604,682.9259259259259,14416.5,1578.5357142857142,700.0267857142858,2.8036483993781527,detected,1626.4598891774315,682.5656457935827,9.44288142979758,-41.22134499854951,42.28909189361553,2.0903084198180544,-33.43050508135884,33.49579166529314,33.07518645463755,34.10043360061934,159.6724354295538,-6.963116082364306,-13.573444963636094,30.62237174197752,2.0523153175740463,0.8612815719792842,0.04226598317387147,4.226598317387147,0.04302893829731147,-0.017127375348436714,-1.7127375348436713
1841,30.714016666666662,1627.01531213192,681.6148409893993,14507.0,1578.7992277992278,698.8610038610038,2.798088114640829,detected,1626.5441725515946,681.9577144516719,8.603800107843654,-41.070825989177365,41.96234173314232,2.5635820926165187,-33.78194711944722,33.87907767821775,32.99156395694496,34.35585090360169,159.66050845235966,-7.413764621509266,-14.145738970675415,30.78457362544148,2.05242166883482,0.860514466185075,0.04274962483055868,4.274962483055868,0.04335123142410308,-0.017849512896751314,-1.7849512896751314
1842,30.7307,1627.457320872274,681.390031152648,14324.0,1579.9447004608296,701.0552995391705,2.749164931011717,detected,1626.603904394568,681.2998808427145,7.344086809543569,-42.30105327088677,42.93384118492675,2.6018244383289737,-34.13401503179353,34.23303189316705,32.883243764070365,34.57012309523481,159.4072100631526,-8.001314978299314,-14.441325022071995,31.037857596900434,2.0524970402455116,0.8596843922305547,0.043196254754784925,4.319625475478492,0.04362160642931838,-0.018222492141415768,-1.8222492141415767
1843,30.74738333333333,1626.959899749373,679.8339598997494,14315.0,1578.8645418326694,697.2470119521912,2.794221110403721,detected,1626.695956354745,680.6929382037875,6.4579783913582105,-41.5979888541126,42.096296293262256,2.8620683799115394,-34.23865387641297,34.35806826176492,32.83566214986472,34.73789405447336,159.346792783988,-8.494318717954705,-14.75447173489056,31.02873536746888,2.0526131941384795,0.8589185340110884,0.04335402935238476,4.335402935238476,0.0438333048005973,-0.01861762994938872,-1.861762994938872
1844,30.76406666666667,1627.243765586035,679.7263092269327,14324.5,1578.35546875,695.71484375,2.825514794799611,detected,1626.8071629912238,680.0728224058,4.075701345319885,-40.957617586857396,41.15990500289684,3.148561021955484,-34.25138665967084,34.3957980663228,32.818593423274905,34.85483585565746,159.10556063842833,-9.214135123376,-15.157174450447119,30.876058480608698,2.0527535179699985,0.858136053508896,0.04340163793857767,4.340163793857767,0.043980865433006264,-0.019125772177220342,-1.9125772177220342
1845,30.78075,1627.004377736085,679.3314571607254,14382.0,1578.4264150943395,695.1735849056604,2.826350271557287,detected,1626.9180811663998,679.4576551717391,3.7881420199582863,-37.34451981650909,37.536158304880026,3.3572335384675855,-34.13473717389483,34.29943584029756,32.822007605014804,34.917747983026146,158.93222443215015,-9.18400171777978,-15.403305652977828,30.646198360051613,2.052893477812492,0.8573598172514059,0.043280045224350236,4.328004522435023,0.04406024982085319,-0.019436347827101363,-1.9436347827101363
1846,30.79743333333333,1627.4826498422713,678.6851735015773,14348.0,1578.725,694.425,2.829335943883146,detected,1627.004884648473,678.8056344691284,2.194063657534116,-35.95481131202678,36.02169307260225,3.2686669310674006,-34.267380268094314,34.42292163580007,32.82023180465495,34.92462961322176,158.80762618857634,-9.358344706322995,-15.435287444275398,30.768318697274104,2.0530030090201556,0.8565370781944839,0.043435863262839214,4.343586326283921,0.04406893326589497,-0.01947670339971659,-1.947670339971659
1847,30.814116666666667,1627.377192982456,677.8045112781955,14325.0,1577.5551181102362,691.7637795275591,2.868414823911912,detected,1627.1105657712656,678.1892026378632,2.1008069875083493,-34.15964244690235,34.224180955853086,3.42824372024448,-34.00708675859035,34.17945003670607,32.82379281103544,34.87472501016063,158.53111977135356,-10.723163626378755,-15.636831867825599,30.39283293720808,2.053136360594657,0.8557592462307423,0.043128643579439845,4.312864357943984,0.0440059621579314,-0.019731018129748392,-1.9731018129748392
1848,30.8308,1627.580200501253,677.5588972431078,14356.5,1578.7796610169491,693.6440677966102,2.8231963766889385,detected,1627.2248491903492,677.5755568518853,3.6253822874268735,-31.123226328099236,31.33366582128682,3.364971391696153,-33.81893752937552,33.98593191428973,32.70215700894888,34.768542785103925,158.1077286431906,-11.453866286023946,-15.732129479654812,30.125465475542672,2.0532805668017025,0.8549849297815587,0.04288445667418263,4.288445667418263,0.04387197827773366,-0.019851267482214274,-1.9851267482214274
1849,30.847483333333333,1627.411985018727,676.5586766541822,14356.0,1581.186507936508,697.7857142857142,2.7111090633822825,detected,1627.3398592761403,676.9700482997395,4.51309584410501,-32.19179803810971,32.50661309679189,3.3497833369918086,-33.563371202477775,33.73011910563173,32.63385220017215,34.60785016525792,157.74324126593646,-11.470857584550087,-15.812598932680435,29.794003589217343,2.0534256899383476,0.854220881135318,0.04256166448660156,4.256166448660156,0.043669211564994224,-0.019952806224202445,-1.9952806224202444
1850,30.864166666666662,1627.9817265280403,676.5828607435412,14371.5,1581.2769230769231,697.7307692307693,2.7164131577224984,detected,1627.4684048992524,676.3596609295126,1.4656262217667972,-32.071335301641966,32.10480662225326,3.080163261214977,-33.504607910118885,33.645893611651026,32.60762924743159,34.39564351000408,157.25319833162933,-11.227761542026622,-15.795470393546662,29.707730845238423,2.053587892617353,0.8534506762517511,0.0424553862607584,4.24553862607584,0.043401442914831646,-0.019931192925610932,-1.9931192925610932
1851,30.88085,1626.920693928129,675.4014869888476,14234.5,1579.4439834024895,693.1203319502074,2.7843910781403785,detected,1627.5611529115963,675.7473978754247,-2.912592912634409,-34.86772432189605,34.98916113402077,2.9269702218172267,-33.34286221287324,33.471086257037655,32.60718996601674,34.13609617735983,156.73757744102846,-12.31159903419477,-15.857555785871678,29.476287753447224,2.0537049248095856,0.8526781045746684,0.04223480915714531,4.223480915714531,0.0430739383941449,-0.02000953411466458,-2.0009534114664578
1852,30.89753333333333,1627.6344221105528,675.6187185929648,14165.0,1581.8008298755187,697.4647302904564,2.696809061106568,detected,1627.646539354428,675.1569274336068,-5.529437046485782,-36.00021130486516,36.42238169101508,2.8105944042111486,-33.193594668245574,33.31237259494982,32.60993036872265,33.83448456792082,156.26502361099682,-12.893150687986648,-15.93350932831022,29.254699594926883,2.053812667955114,0.8519330314619645,0.04203453955198716,4.203453955198716,0.04269335592166665,-0.020105374546763685,-2.0105374546763684
1853,30.91421666666667,1627.8216318785578,675.1448450347881,14237.0,1583.3041666666666,699.1083333333333,2.647781106915321,detected,1627.7225484395026,674.5490028347253,-7.759597442925951,-36.510488655879726,37.325957916273026,2.6621818502690795,-33.190110582297955,33.29670633364611,32.707277312365534,33.497092874368356,155.37535034536012,-14.273243370515546,-16.249462074666436,29.0624437195678,2.0539085784725586,0.8511659341763096,0.04201477139892253,4.201477139892253,0.04226762507806733,-0.02050405309106175,-2.050405309106175
1854,30.9309,1628.2576499388006,674.2564259485924,14179.5,1583.911214953271,700.2429906542056,2.6115383667185914,detected,1627.796643007082,673.9636084428676,-5.418319126347342,-35.76611954820942,36.17421028428608,2.437398198926343,-33.223823475562284,33.31311087718247,32.85893802184109,33.13109686187275,154.4127431027396,-14.900862735024269,-16.54723555056056,28.91284060672209,2.0540020731950563,0.8504272661739655,0.042035471138400594,4.2035471138400595,0.041805800456621765,-0.0208797924928209,-2.08797924928209
1855,30.94758333333333,1626.7322175732218,673.7065152420801,14388.5,1582.9633027522937,697.5137614678899,2.6434212935839394,detected,1627.874222545302,673.379492590848,-0.6143218597799205,-35.57223159010755,35.57753577255807,2.1821304678130065,-33.003734075371355,33.07579411437292,33.04262301020282,32.74442700587801,153.7512959225619,-14.023708723656162,-16.553623977204985,28.635392253602713,2.054099965356848,0.8496902114711017,0.04173601780993429,4.173601780993429,0.04131788896640758,-0.02088785359899683,-2.088785359899683
1856,30.964266666666667,1626.428743961353,671.9057971014493,14381.0,1582.5192307692307,695.8230769230769,2.642831719933166,detected,1627.9390723214303,672.7949473722181,5.844478748991605,-35.6585178245939,36.13430261253557,1.8018579298922468,-32.66303394473313,32.71269598297126,33.187353965891496,32.345611604595305,153.0388013953379,-13.655916957854092,-16.415015597300666,28.296072897394787,2.054181794727357,0.8489526149807168,0.04127784982078393,4.127784982078393,0.04081465186699723,-0.020712953435079708,-2.0712953435079706
1857,30.98095,1626.3861740166865,671.8069129916568,14369.0,1583.3266932270917,695.9561752988047,2.6304689285107377,detected,1628.004633247493,672.2527376956946,8.24529290317605,-36.69097537652601,37.60601719326315,1.4035231761316604,-32.27551528857169,32.30601746499812,33.306499702938076,31.943601129951148,152.68809384190118,-12.228910324322017,-16.05617134677815,28.033517905030468,2.054264521447941,0.8482684387327377,0.04076469080756861,4.076469080756861,0.0403073831292759,-0.020260153118962967,-2.026015311896297
1858,30.997633333333333,1626.4353529044347,671.7164272329794,14392.0,1582.342741935484,694.0887096774194,2.672048146258413,detected,1628.041319189656,671.7429598224041,13.493287161002172,-35.87202161009327,38.32584940747256,0.9315250778480261,-32.17500933217905,32.188491180800455,33.4857659888582,31.5475761276569,152.21982126271521,-12.485376083842992,-15.820307100429016,28.032424935145798,2.05431081285761,0.8476251858957782,0.04061639265716146,4.0616392657161455,0.03980766703805287,-0.019962532618837875,-1.9962532618837874
1859,31.014316666666662,1627.6812462552427,671.2540443379269,14439.0,1584.5655737704917,697.0655737704918,2.6021607212633646,detected,1628.0604142318991,671.2310858828122,15.531747015604651,-35.764065880081034,38.991070434543346,0.6366471234893556,-31.88651283437222,31.892867859388744,33.67710084260413,31.166742423632652,151.77776941293465,-11.597940981387643,-15.639860802935111,27.794779624261196,2.054334907548138,0.8469792881802047,0.040243366384086744,4.024336638408674,0.039327119777454456,-0.019734840129886577,-1.9734840129886577
1860,31.031,1628.8072139303483,670.9912935323383,14323.5,1584.9712918660289,697.2392344497607,2.6020729198489585,detected,1628.0406821555614,670.7279563538794,19.222158708389998,-34.45000453774446,39.44989477883493,0.3377490240075766,-31.64083605855649,31.642638652420672,33.90566190702874,30.810119144825393,151.52389967525855,-10.985656671558464,-15.382988740919082,27.65176736276406,2.0543100090290998,0.8463444244212991,0.03992761975068855,3.992761975068855,0.038877121949306495,-0.019410711345008307,-1.9410711345008307
1861,31.04768333333333,1629.0099378881987,669.7459627329192,14220.5,1586.4420600858368,699.1716738197425,2.5367527642005303,detected,1628.0169065833222,670.2086134612626,15.2769910750917,-31.156362364048846,34.70022149883702,0.06971144318537605,-31.365991589124153,31.366069056455228,34.09214030590256,30.48632688418578,151.27329357091514,-8.009989954320137,-15.136640078900445,27.47202968795977,2.0542800083070314,0.845689102159322,0.03957863603338199,3.957863603338199,0.03846855127342055,-0.019099861298297095,-1.9099861298297094
1862,31.06436666666667,1628.9994029850743,669.4489552238806,14130.5,1584.4166666666667,695.0694444444445,2.6200042522350224,detected,1627.9906404291964,669.7187749573196,10.585357049834329,-32.31688497153368,34.006335264709385,-0.19180010013592536,-31.14313714011239,31.14372775064443,34.2071936855066,30.2033848573972,151.16672676896536,-6.411997936408917,-14.85114478537621,27.374719665597546,2.054246864894885,0.8450710094098671,0.03929807918062389,3.929807918062389,0.038111526633939685,-0.018739614871137174,-1.8739614871137174
1863,31.08105,1629.603680981595,668.677300613497,14179.5,1583.2605042016808,692.0,2.6753398917866247,detected,1627.9335722008118,669.2705041899155,4.654868805508613,-31.274601506477893,31.619116100635804,-0.37906551866977944,-31.02914811088718,31.03146343881993,34.26309950842426,29.968526654306714,150.95371906980708,-5.055114374413248,-14.733756395910259,27.310586694920918,2.0541748545120657,0.8445053680629849,0.03915642074299045,3.915642074299045,0.03781517558903056,-0.018591490720391495,-1.8591490720391495
1864,31.09773333333333,1628.594874923734,667.5967053081147,14196.0,1584.1046025104602,692.5815899581589,2.629901700165405,detected,1627.872387506783,668.8304461448204,-2.3511245965974013,-28.27437051970469,28.371954729173506,-0.46624902297479587,-30.87417243158481,30.877692781143097,34.383103691318794,29.788043763040264,151.08744551155053,-1.581144247507585,-14.51873074950584,27.251392054535675,2.0540976498508305,0.8439500897726441,0.038962388367372994,3.8962388367372993,0.03758743692497194,-0.018320164983603584,-1.8320164983603584
1865,31.114416666666667,1628.8326232501522,667.5958612294583,14120.0,1584.4485596707818,693.0411522633744,2.6210384779415024,detected,1627.8408702794375,668.3994844781375,-7.703879100601625,-26.164577283976314,27.27516925054464,-0.4942859673481554,-30.845076500400832,30.849036661346442,34.52116858369391,29.6671642198216,150.96385736906555,0.5192561449980769,-14.538843603643576,27.20818056397541,2.0540578804787857,0.8434062895623187,0.03892622922567375,3.892622922567375,0.037434907532897924,-0.01834554397936098,-1.834554397936098
1866,31.1311,1627.9756246191346,667.6502132845826,14212.0,1583.1254901960783,690.3254901960784,2.673491975295183,detected,1627.788337135653,667.9373398384355,-7.814822040552826,-21.36970898253685,22.753810791246075,-0.47989083662492416,-30.89028291769112,30.894010324819863,34.70555686499577,29.609970607185453,150.99007725969543,2.160994505673361,-14.560903390356625,27.247384579199107,2.0539915926001933,0.8428231417519692,0.03898297832784841,3.898297832784841,0.03736273893651162,-0.01837337967237429,-1.837337967237429
1867,31.147783333333333,1628.3144963144964,666.9649877149877,14325.0,1584.5479452054794,692.3698630136986,2.615662275819294,detected,1627.7467327165643,667.4812938680775,-9.224840458763993,-19.877803755091918,21.914031204130275,-0.3803571365530078,-30.869629565815476,30.871972743606715,34.808962773357926,29.61935762098918,150.858291064201,4.067320140770508,-14.700413540819884,27.147311889225335,2.0539390949104916,0.8422476894234417,0.038955170654393335,3.8955170654393334,0.03737458374888225,-0.018549417717122884,-1.8549417717122885
1868,31.164466666666662,1628.288029925187,666.9039900249377,14179.0,1584.0229357798164,690.9311926605504,2.6442921631481178,detected,1627.7022973704732,667.0108996204007,-9.425566642201375,-17.86835628922495,20.20196681031983,-0.41453813599436007,-31.10159482430453,31.104357290923083,34.92060086725048,29.697025257953182,151.06198182092945,5.414913910038446,-14.686136299652214,27.41894314282441,2.0538830250731523,0.8416541320131239,0.03924840036709538,3.9248400367095377,0.03747258707628162,-0.01853140227085453,-1.853140227085453
1869,31.18115,1628.2146401985112,666.7506203473945,14363.0,1583.6017699115043,689.9203539823009,2.6625844511379007,detected,1627.662776020097,666.5722960427755,-10.018726393965608,-18.829457693187805,21.32893235904443,-0.3940806365845824,-31.407479466723306,31.409951703254446,35.07311591902125,29.843500169250454,151.4009571599092,6.940741424281926,-14.688044795267936,27.764120841348088,2.053833155861321,0.841100689012966,0.03963400845836523,3.9634008458365235,0.0376574134627766,-0.018533810467215063,-1.8533810467215064
1870,31.19783333333333,1627.6822194199244,665.985498108449,14134.5,1583.5475113122172,690.579185520362,2.633206816435746,detected,1627.6301756125845,666.1145364269364,-9.877848511837328,-21.125789087581097,23.321038909014487,-0.4905992817657426,-31.61893996718179,31.622745805883383,35.28684751541066,30.05817562281407,151.7486128759728,8.79305833116893,-14.534381709794939,28.084689790302004,2.0537920197004222,0.8405230743557558,0.03990251836704528,3.990251836704528,0.03792829731585372,-0.018339913829394247,-1.8339913829394248
1871,31.21451666666667,1628.2551724137932,666.2326018808777,14310.0,1585.073732718894,692.4700460829492,2.595596860088089,detected,1627.5941289012399,665.6646621973526,-7.7536733537272085,-23.80033461820699,25.0314877387446,-0.4341042407831056,-31.944345794949715,31.94729526515801,35.51493330864885,30.33936025978495,152.24183039187258,10.343949865358029,-14.493634003114547,28.470410045219744,2.0537465348911543,0.8399554097127478,0.0403120444986221,4.03120444986221,0.03828310442875073,-0.01828849716481331,-1.8288497164813309
1872,31.2312,1627.4246913580246,665.562962962963,14343.0,1583.0520833333333,688.7083333333334,2.6608037916007934,detected,1627.5476348313969,665.1735790993938,-7.7173082510680615,-25.838600998526317,26.96646339813674,-0.3483456137612919,-32.221799874882784,32.223682779031066,35.67111403120662,30.684327431657366,152.87494411467694,12.261695889966377,-14.380986977025207,28.83665974779767,2.053687867295138,0.8393357464976579,0.0406607984593452,4.06607984593452,0.0387183942355298,-0.01814635580697187,-1.814635580697187
1873,31.24788333333333,1627.5641344956414,665.2727272727273,14299.0,1582.707070707071,687.570707070707,2.6802760758123827,detected,1627.5314379243018,664.709180233726,-7.151811784456186,-30.221871699663325,31.056560350933864,-0.34370450317071694,-32.59649290091353,32.598304898028154,35.778410296053984,31.08935994498545,153.4499265645633,14.087284599887818,-14.26251398428566,29.31262828667641,2.053667429557479,0.8387497542381401,0.04113350775776423,4.113350775776423,0.039229476271275016,-0.01799686307165383,-1.799686307165383
1874,31.264566666666667,1626.407911001236,664.2731767614339,14346.5,1580.551724137931,684.1862068965518,2.7319136822897105,detected,1627.5435515642735,664.2136575764381,-6.828010213694142,-30.95157516501149,31.695768308619176,-0.5449413822171293,-33.02501520135968,33.02951089798471,35.80899573286493,31.549788795974564,153.93850823020185,14.644649465186093,-14.019528500421508,29.906544614615036,2.053682714907601,0.8381244890554425,0.04167761627505957,4.167761627505957,0.039810459048548345,-0.017690256782866256,-1.7690256782866256
1875,31.28125,1627.2487405541565,664.198992443325,14253.0,1582.855319148936,687.5617021276596,2.6571543958612565,detected,1627.538651762388,663.7194794975918,-7.043748038198373,-29.33203529194907,30.165919193582834,-0.50390530900443,-33.354017127475224,33.35782335675326,35.84208344417071,32.06002813025203,154.58796329843042,14.5470120615997,-13.857889121162938,30.34309292418799,2.053676532192288,0.8375009205016932,0.042091890670982034,4.209189067098204,0.040454294170665026,-0.01748629542102579,-1.748629542102579
1876,31.297933333333333,1627.4221518987342,663.3816455696202,14190.5,1582.771028037383,686.4859813084113,2.6640895576844184,detected,1627.5262840931184,663.1798402428467,-8.88767357218103,-29.914967331372054,31.207307028366003,-0.763581841273481,-33.71017669015101,33.71882367031096,35.76707627582221,32.61361151229565,155.3395087434445,15.190651787260736,-13.37131096746186,30.95427454683694,2.053660926300465,0.8368199876881347,0.0425474115713703,4.25474115713703,0.041152822097533945,-0.016872316678185312,-1.6872316678185313
1877,31.314616666666662,1627.4021601016518,662.7071156289708,14261.0,1581.2443438914029,683.0678733031674,2.7261546879399505,detected,1627.483924533748,662.6314948947239,-8.13828313638487,-32.22444409915374,33.23622195598427,-0.6806886747434604,-33.83613726744259,33.84298335332069,35.63136518339066,33.203236183512864,155.97203445466906,14.968015297408577,-13.15577771000045,31.181293031210178,2.0536074757523637,0.8361280692677905,0.04270407994109866,4.270407994109866,0.041896827991814344,-0.016600350422713503,-1.6600350422713503
1878,31.3313,1627.0750300120048,661.6800720288115,14395.5,1579.822784810127,679.4050632911392,2.782721808920951,detected,1627.4892407488621,662.0854241836457,-7.149589918117272,-32.35584234449129,33.13634213094167,-0.773224403240759,-33.96898459598244,33.977783777931414,35.452665499358176,33.82082217920161,156.65591045029728,13.48822828197805,-12.750353144981544,31.494734244602203,2.0536141839102364,0.8354390210519189,0.04287417511410904,4.287417511410904,0.04267611631444999,-0.0160887736845193,-1.60887736845193
1879,31.34798333333333,1626.7701863354037,662.0372670807453,14364.5,1579.923076923077,679.2995951417004,2.788548387455078,detected,1627.4735338690969,661.5397736687688,-4.061495480667418,-31.998598108371198,32.255325551613005,-0.6214537298775751,-34.23671873816248,34.24235848615607,35.370656034331915,34.457592109071676,157.24217775978465,11.527273635669019,-12.670952370620512,31.811728665947896,2.0535943645035926,0.8347505030520743,0.0432080233263799,4.32080233263799,0.04347961149409676,-0.015988583432959638,-1.5988583432959638
1880,31.36466666666667,1626.356656346749,662.1102167182662,14389.5,1580.5267857142858,679.34375,2.781916847193359,detected,1627.4130576523414,660.9812402039706,-4.45711404581516,-31.49773932922585,31.811530118327596,-0.7029256954093133,-34.48390277992955,34.491066313886265,35.31930532453681,35.10417544722947,157.6065074213315,10.933286382948289,-12.487255120595032,32.15123815690576,2.0535180538199893,0.8340457289640009,0.04352185023834229,4.352185023834229,0.04429548952331795,-0.01575678879570351,-1.5756788795703511
1881,31.38135,1626.0263653483992,661.2919020715631,14429.5,1580.8666666666666,679.8851851851852,2.751021336575275,detected,1627.338262710204,660.3624172793974,-2.7075478180918253,-31.15447029116831,31.271901674035472,-0.8346796953797658,-34.870894097568936,34.880882233076434,35.31687457579459,35.7507387641213,158.2159501315933,8.869869308642091,-12.165840214293931,32.690492153499555,2.053423675344106,0.8332648798478202,0.04401373152438667,4.4013731524386674,0.04511134228911205,-0.01535121793601758,-1.535121793601758
1882,31.39803333333333,1625.9594843462246,659.4229588704727,14431.0,1581.441605839416,680.905109489051,2.6920013634511157,detected,1627.2365821363628,659.7275369364476,1.4768117504545444,-34.13309238736315,34.16502552129222,-0.8763808274056719,-35.107651485511234,35.11858818606983,35.31799503635348,36.38714084994832,158.53581226389983,7.695423647631172,-12.030977251817482,32.99349667054121,2.0532953717808997,0.8324637690049812,0.04431367594456761,4.431367594456761,0.045914373312237626,-0.015181043850873797,-1.5181043850873797
1883,31.414716666666667,1626.584756097561,659.6640243902439,14276.0,1580.5884615384616,678.4269230769231,2.754275709628164,detected,1627.1472724997973,659.1105852099679,6.449727175582211,-36.85860854570592,37.418658508356884,-0.9913441554178692,-35.33938018902265,35.35328210193175,35.28226473085518,37.00310940914328,159.01212054668224,6.21597036258782,-11.73194702642752,33.34990216399242,2.053182678233183,0.8316852810220415,0.04460981968698013,4.460981968698013,0.04669162070554357,-0.014803718645334411,-1.4803718645334412
1884,31.4314,1627.0199875078076,659.0118675827607,14148.0,1581.8859315589357,680.7908745247148,2.692010003635545,detected,1627.1021921270085,658.5099083954038,9.257111243566214,-42.23602942374782,43.23859722585195,-0.9632729791979907,-35.67386396298962,35.6868668403706,35.244156865615224,37.58843414402282,159.34547025528246,3.875952944914205,-11.681968293760217,33.720677360722206,2.0531257944820296,0.830927329205557,0.045030746801729464,4.503074680172946,0.047430200812647094,-0.014740653998435606,-1.4740653998435607
1885,31.448083333333333,1624.1407552721923,663.2633643943109,14814.0,1580.5017064846415,676.4607508532423,2.847915785551116,detected,1627.1072477590735,657.8900366387063,12.143653065442322,-43.61856770987538,45.277453095716524,-0.8215461178744037,-35.87264789514739,35.882054080459454,35.237144894099664,38.13316972787787,159.57070311426142,1.6166967028906212,-11.751519075461367,33.903150361759664,2.0531321738284842,0.8301451566419008,0.0452770398491602,4.52770398491602,0.048117564325397946,-0.014828415237175228,-1.4828415237175228
1886,31.464766666666662,1626.9207616707615,657.9907862407863,14292.5,1580.699669966997,676.973597359736,2.751899846461605,detected,1627.0913350027552,657.2443594072956,13.417670522781464,-41.941706199461805,44.035674187866036,-0.4600004976429979,-36.199414642078764,36.202337229617896,35.28676105872759,38.62784147294169,159.64051190712905,-1.5395258872202893,-12.162847384413256,34.098011150072224,2.0531120946407007,0.8293304219650419,0.04568118262412353,4.568118262412353,0.04874175580181917,-0.01534744149452777,-1.534744149452777
1887,31.48145,1627.5407225964482,656.5107164727496,14421.0,1579.862962962963,674.3037037037037,2.7844074912037557,detected,1627.099827081623,656.5997244212689,11.609471610369837,-41.997108246281186,43.57220366382497,-0.1490373093470156,-36.5128351029241,36.51313927030794,35.32117344127977,39.0636464259737,159.6575457469366,-3.5125505880544985,-12.5532330510669,34.28739825852212,2.0531228101976318,0.8285170024243141,0.04607336185527816,4.607336185527816,0.04929166741447786,-0.01584004170481628,-1.5840041704816281
1888,31.49813333333333,1627.8778531770513,656.0388648982109,14554.5,1579.1086142322097,671.4232209737828,2.836020644067076,detected,1627.1374551121537,655.9250406892819,8.890936742283884,-47.75143016950642,48.572089098457994,0.2819701651982189,-36.799504385299684,36.8005846445101,35.32899056737967,39.43264306909587,159.54788610692697,-4.1672432071199825,-13.122841390530194,34.38130398947574,2.0531702903623392,0.8276656664848984,0.046436068952063224,4.6436068952063225,0.0497572783206257,-0.016558790398145357,-1.6558790398145358
1889,31.51481666666667,1627.570725707257,654.9643296432964,14511.0,1578.3416666666667,669.1333333333333,2.861349239356739,detected,1627.2016160870896,655.2443311078831,5.706797528322568,-48.72118662490766,49.054271619996044,0.3394268615986257,-37.28794769554302,37.28949254065985,35.32683025088187,39.727923589899106,159.38127219108748,-5.520123714758672,-13.448545683380424,34.77992054249056,2.0532512505830787,0.8268067269500103,0.04705298743300928,4.7052987433009275,0.050129872037727584,-0.016969773732972145,-1.6969773732972144
1890,31.5315,1628.0647307924985,654.6588021778584,14362.0,1578.9953488372091,671.2790697674418,2.815011345842659,detected,1627.246947910012,654.5573961978424,5.0009520496601,-50.751571130894035,50.99736751693362,0.6002451899186582,-37.66012712237922,37.66491031665658,35.323624633792704,39.9437636549505,159.1649027906615,-7.070035844476183,-13.955930418825538,34.98396025761926,2.0533084516214664,0.8259399321108423,0.04752670071502408,4.752670071502408,0.0504022254321142,-0.01761000683763475,-1.761000683763475
1891,31.54818333333333,1628.228025477707,654.2184713375796,14306.5,1577.474358974359,666.8247863247864,2.8981370625640603,detected,1627.2950902446232,653.8396035928929,4.650051765792796,-47.77496379692934,48.00073069467236,0.6243687200987278,-37.7382937869963,37.74345842993566,35.44605647050867,40.075745695220455,159.10771027519576,-8.79930701890546,-14.041257029171632,35.034436705804474,2.0533691990468435,0.8250342001172151,0.04762581505354657,4.762581505354657,0.050568764284189854,-0.01771767448475916,-1.7717674484759158
1892,31.564866666666667,1627.8673723536738,652.986301369863,14392.0,1579.6284584980235,670.6284584980237,2.7909785398098435,detected,1627.3593075932172,653.1232861496586,1.2742749191729672,-47.549491364040705,47.56656289399745,0.6862205656960199,-37.880076422414966,37.886291563476924,35.60706447362394,40.12085285338833,158.69379103495103,-10.058523534438898,-14.403127496890546,35.041703821890536,2.053450230401536,0.8241303295263832,0.0478060461368794,4.78060461368794,0.050625681833928494,-0.018174293371470723,-1.8174293371470722
1893,31.58155,1627.9817073170732,651.4762195121951,14420.0,1579.660649819495,669.783393501805,2.779437503987974,detected,1627.4387111009214,652.4134542111043,-3.802276610622357,-48.48427833699952,48.633142539664526,0.6804193523024443,-37.91704295592098,37.923147509352965,35.777107207910845,40.07753188760821,158.17582727343066,-10.502435027405197,-14.727674932478187,34.94654071720687,2.053550424102109,0.8232346425376711,0.04785255206227504,4.785255206227504,0.05057101815471068,-0.01858381694949929,-1.8583816949499292
1894,31.598233333333333,1627.4649334945586,651.3536880290205,14543.5,1578.8294573643411,667.8023255813953,2.8154663072312545,detected,1627.5132463247637,651.7003507900222,-4.395393441436681,-47.80737625405527,48.00900652796131,0.6860435769094362,-37.80254382588192,37.808768500139514,35.82864032473362,39.9457243798873,157.7739339414025,-11.332642587684893,-14.93433396818654,34.73425750500234,2.0536444748577463,0.8223348274952962,0.047708225236769104,4.770822523676911,0.05040469953298082,-0.018844585448815825,-1.8844585448815825
1895,31.614916666666662,1628.0283076923076,650.0849230769231,14445.0,1579.704,668.58,2.776063819861044,detected,1627.579275049299,650.9753755405562,-8.38030412755279,-46.44794913027681,47.197896941273356,0.5710512234637226,-37.662006326769706,37.666335368037345,35.86425076903014,39.72686649094649,157.27099765171997,-12.358473750115737,-15.078286096892523,34.51663524212229,2.0537277918603145,0.8214200322278312,0.04752849888711337,4.752849888711337,0.05012853815892302,-0.019026228513429052,-1.902622851342905
1896,31.6316,1628.3602484472049,650.1372670807453,14504.5,1579.9923664122136,668.6106870229007,2.776755294672031,detected,1627.702594230134,650.2881197691889,-5.864935264982705,-41.464306442210045,41.877036361184146,0.32553628390350875,-37.42006688953709,37.421482865989795,35.85066448146787,39.423858227968154,156.74112892287994,-14.188215190311457,-15.075744538146255,34.25039133367852,2.053883399659475,0.8205528325163268,0.0472195367394193,4.72195367394193,0.049746193347593885,-0.01902302149923818,-1.902302149923818
1897,31.64828333333333,1627.6371411117898,648.5778863775199,14470.5,1578.482456140351,665.5526315789474,2.8090813643160994,detected,1627.7926859563838,649.6144716893449,-6.540186795713453,-36.00195293720776,36.591182798807516,-0.05119040927409972,-37.224685086592714,37.22472028442927,35.79947617669385,39.04100376871897,156.15038423429385,-14.851133522520797,-15.00451543890001,34.06676263893901,2.053997080071147,0.8197028033934952,0.04697125587940602,4.697125587940602,0.0492630962381312,-0.01893314250965301,-1.8933142509653011
1898,31.66496666666667,1626.412222887957,648.0455362492511,14519.5,1579.0,666.2786885245902,2.7744614117292934,detected,1627.8514090904878,648.9412853841515,-4.374431280117733,-33.722763011001234,34.00529950052823,-0.27966973068254736,-36.88898694241346,36.890047069579765,35.63561276395771,38.5839248176156,155.60412098934572,-15.522768867335358,-14.981888658020896,33.71080813380889,2.0540711786630763,0.8188533569516108,0.04654895529284513,4.654895529284513,0.04868634046386827,-0.018904591366587883,-1.8904591366587884
1899,31.68165,1627.427536231884,647.510265700483,14422.0,1581.255707762557,669.6940639269407,2.6936974489216867,detected,1627.8408833345493,648.2587118517313,-1.8587263740359958,-33.67484609331541,33.72610447623646,-0.5611675343748264,-36.56799279462832,36.572298342182776,35.450655062240266,38.059449231283544,155.19482111794915,-16.06706144795081,-14.83212719648585,33.429642667203154,2.054057896952113,0.8179920654280521,0.0461480105264136,4.6148010526413605,0.048024541616761576,-0.018715617913546815,-1.8715617913546816
1900,31.69833333333333,1626.4611244019138,647.3444976076555,14457.0,1580.701244813278,668.4149377593361,2.710077092672753,detected,1627.851543073676,647.6068452418456,-0.8852933909493004,-31.3012930263651,31.31380988494423,-0.7362654416090464,-36.175122744616964,36.18261450460167,35.290766505076384,37.47547723904534,154.61887261426705,-17.21701355563651,-14.840817842595078,32.99896541032041,2.054071347727036,0.8171695208098998,0.04565629590486016,4.565629590486016,0.04728766844043576,-0.01872658402851114,-1.872658402851114
1901,31.715016666666667,1628.032217308907,647.5173720783323,14283.5,1581.7985347985348,669.6446886446886,2.6952133212070923,detected,1627.868485569555,646.9465022737412,3.686625286853541,-29.54340573790205,29.77253816186943,-0.91753669937203,-35.73005449256388,35.74183357966235,35.09025463131078,36.840827568210166,153.96358358387448,-18.04179147174583,-14.859012283346425,32.506744247919364,2.0540927262707322,0.8163362804715978,0.04510010546329634,4.510010546329634,0.04648684866651125,-0.018749542313370886,-1.8749542313370886
1902,31.7317,1626.658696951584,646.7931858936043,14395.5,1584.1695501730103,672.5432525951558,2.5967447695023296,detected,1627.8847556486637,646.322016463454,7.811785397485892,-27.48094334281359,28.56967339868106,-1.1307325323540645,-35.41509461097206,35.43314101746875,34.88672388191932,36.1650658024368,153.30223927361263,-17.815502292383968,-14.901254355605158,32.14747425527213,2.054113256339008,0.8155482857583016,0.04471058803466089,4.4710588034660885,0.04563415243209691,-0.018802844612750988,-1.8802844612750989
1903,31.748383333333333,1625.6998827667055,645.6184056271982,14533.0,1584.264317180617,671.9691629955947,2.575161177698256,detected,1627.9021498339023,645.6561023521773,9.033038195811969,-30.860917902690517,32.15574649799942,-1.4930839003577,-34.96119586501899,34.9930638247886,34.741547890092036,35.45831749235502,152.97750905823756,-18.23002963821578,-14.55419615576869,31.822788848640158,2.0541352048377317,0.8147080155863436,0.044155285583329464,4.415528558332946,0.04474235645723031,-0.018364916284881627,-1.8364916284881627
1904,31.765066666666662,1627.8021978021975,645.1379731379732,14212.0,1581.7519083969466,666.7404580152672,2.70296394787906,detected,1627.8627067986602,645.0473434016413,5.079369864139153,-32.66883731079247,33.06135099259785,-1.719227091619668,-34.41344691322254,34.45636472760504,34.61609177093353,34.73106899274441,152.43008386854493,-17.346700710691696,-14.40359510171115,31.30139802608995,2.054085434446259,0.8139398654910301,0.04347806274776662,4.347806274776662,0.04382469273532418,-0.018174883409099247,-1.8174883409099247
1905,31.78175,1626.357268981754,643.6980576809888,14431.5,1585.6231343283582,672.1828358208955,2.531346571276684,detected,1627.82733454834,644.4832828669043,7.239971122163297,-35.27998236403141,36.01519592416687,-2.1487920098238433,-33.771403280313805,33.83969542745727,34.547824138328835,33.993959773229676,151.91333182904518,-16.513553945089782,-14.004057328848978,30.806028061945668,2.054040800691912,0.8132281171822138,0.04269993113874735,4.269993113874735,0.04289458646464313,-0.017670734799809438,-1.7670734799809438
1906,31.79843333333333,1628.5361596009975,644.8709476309227,14327.0,1583.951127819549,669.015037593985,2.6452763042331315,detected,1627.7637617724554,643.931743572128,4.622249233823368,-37.376191475837004,37.66091976064859,-2.623723062343681,-33.13542807392931,33.239141329920315,34.58561037359516,33.25757106832816,151.4383514315418,-16.264781471512844,-13.537758513644699,30.357365017021113,2.0539605826781773,0.812532168545272,0.041942134170246455,4.1942134170246455,0.041965389360666454,-0.01708234512762738,-1.708234512762738
1907,31.81511666666667,1628.0754257907545,643.8771289537713,14300.0,1585.6950354609928,671.3581560283687,2.566316756561297,detected,1627.6662427234453,643.3747565541839,6.5693814380497315,-35.98025244727114,36.57506443805606,-3.0379012669217196,-32.76430288150961,32.90483835880163,34.5881652173079,32.532217163579546,150.6602837742789,-15.429010941644883,-13.405847876905025,30.050151915092616,2.053837530250404,0.8118293458096959,0.041520300768203955,4.152030076820395,0.0410501162947376,-0.016915896374643566,-1.6915896374643566
1908,31.8318,1627.820359281437,642.4988023952096,14476.0,1586.206106870229,671.5343511450382,2.5323912158592057,detected,1627.5624205869822,642.85267373653,-0.41060855177192934,-37.12151419526003,37.12378503778515,-3.297742822620251,-32.234653045555774,32.4029005598496,34.61667550680036,31.827747188701633,149.9788659014625,-13.759223126829752,-13.272301858079569,29.560006225972266,2.0537065243999777,0.81117056622906,0.04088694076952631,4.08869407695263,0.040161195190790706,-0.01674738404804993,-1.674738404804993
1909,31.84848333333333,1629.6528301886792,642.537106918239,14213.5,1586.9108527131782,671.9302325581396,2.5391779658009237,detected,1627.467553422698,642.3340983060029,-0.8280555144856407,-39.0975403716086,39.10630817457248,-3.51165703056937,-31.63821504382218,31.832505183530298,34.54873200973954,31.15336666368428,149.3947094643405,-13.439627360597132,-13.085210551416479,29.01871208521464,2.0535868181989883,0.8105162123735054,0.04016719896975432,4.016719896975432,0.03931024184692023,-0.016511306689484518,-1.6511306689484517
1910,31.865166666666667,1628.6563636363635,641.7369696969697,14190.0,1587.6397306397307,672.5084175084176,2.4979515489579,detected,1627.3733311852156,641.8847057693092,-3.455881492286153,-36.97024149895856,37.131413565605655,-3.7660113693758603,-31.096602800989448,31.323817573801136,34.48329177552074,30.517488742184767,148.9933264732325,-11.050042408420845,-12.791163116203915,28.593140672745932,2.0534679257857613,0.8099491555448698,0.03952532185968598,3.9525321859685976,0.03850787222988614,-0.016140268916345634,-1.6140268916345635
1911,31.88185,1628.3080194410693,640.9702308626975,14326.5,1585.635738831615,669.6219931271478,2.5502945495230267,detected,1627.2546208393169,641.4606918363993,-6.062889995665046,-35.1738385738513,35.69254200976564,-3.966896795346999,-30.719034046468554,30.974107298403748,34.4607568614701,29.927624617664577,148.59672112497404,-9.962737914329143,-12.620583463537468,28.286325246891174,2.0533181335511888,0.8094141221910401,0.03908404706423186,3.908404706423186,0.03776356418632754,-0.01592502645241321,-1.592502645241321
1912,31.898533333333333,1628.467540574282,640.7696629213483,14301.5,1583.2053231939165,665.2091254752852,2.646495908231667,detected,1627.1526934724266,641.0042368000901,-7.261213132431749,-31.167494708119193,32.002155279531365,-4.085708494298716,-30.385994044877815,30.659446309347054,34.4763975209778,29.390320509261954,148.26528333545795,-8.350983002063401,-12.507775549483183,27.992091718903136,2.0531895185771947,0.8088381536909655,0.03868699849759881,3.868699849759881,0.03708557792966809,-0.015782682081366795,-1.5782682081366795
1913,31.915216666666662,1626.9262782401902,639.3579072532699,14305.0,1583.3357400722025,665.0144404332129,2.609612289994602,detected,1627.049280839621,640.5726421951871,-8.694995556634694,-26.895527833250526,28.266099220781257,-4.096080471064023,-30.086775253273643,30.364319856806134,34.38335852432989,28.911144861654027,148.0925525822218,-6.229194590351248,-12.425150412085229,27.70573149374493,2.0530590294506257,0.8082935548204254,0.03831459918839891,3.831459918839891,0.03648093988852243,-0.015678423232915115,-1.5678423232915115
1914,31.9319,1627.9944717444716,638.9742014742014,14296.5,1584.1505791505792,665.6756756756756,2.594572729396903,detected,1626.9380122226273,640.147013200819,-11.119310273874817,-24.733620073509655,27.11809401317537,-4.15431766267296,-29.926526382214696,30.21349593389995,34.285141231644445,28.494724052988268,148.21998080203085,-4.71971775081255,-12.229598389254052,27.627744384682284,2.0529186274102553,0.8077564835341564,0.03812428509009458,3.812428509009458,0.035955487764023054,-0.015431669891803222,-1.5431669891803221
1915,31.948583333333332,1627.2398052343274,639.7279367011564,14381.0,1586.2254098360656,669.2622950819672,2.517505474896496,detected,1626.8416884187682,639.7439249521334,-18.241914108307355,-22.22534361792009,28.752970790328504,-4.126935789287761,-29.768969041679863,30.053670604659896,34.09371225792783,28.144818618278844,148.28027088526747,-3.323329777926928,-12.140973817234407,27.492178370995394,2.0527970831782567,0.8072478548291905,0.03792261275035949,3.792261275035949,0.03551396671076195,-0.01531984077884468,-1.531984077884468
1916,31.96526666666667,1627.1131736526945,638.8449101796407,14379.5,1583.1134020618556,663.7147766323023,2.6271339281829804,detected,1626.7360488830639,639.3460451160158,-20.405384756375042,-21.722438093540404,29.803423356778968,-3.97260991055857,-29.563916994832407,29.829629859902866,33.925695881760326,27.86442580288486,148.5002438282014,-0.8294532728862124,-12.059781324068727,27.283117343779683,2.052663784079576,0.8067457982536478,0.037639911495145575,3.7639911495145575,0.035160158741810554,-0.01521738968336748,-1.521738968336748
1917,31.98195,1626.6298106291997,638.4508246792914,14434.0,1581.1468253968253,660.2460317460318,2.694727357957809,detected,1626.6493960320327,638.9549045422071,-19.494419988003756,-20.83651157272493,28.534060790377882,-3.990986668281735,-29.57314601007427,29.84122885404645,33.77848646721869,27.655889470450756,148.64243359220106,0.6552261796643258,-11.981146290508713,27.330405651673075,2.052554442942628,0.8062522454791258,0.037654547449900884,3.7654547449900884,0.034897021413817994,-0.015118165666257052,-1.5118165666257053
1918,31.99863333333333,1626.715,638.456875,14397.5,1582.9522184300342,662.9215017064846,2.6318444772495595,detected,1626.5590751243126,638.5086883539657,-14.436215328633807,-18.989777010415537,23.854055083360315,-3.9382331094726033,-29.607545111875744,29.86831778952915,33.59673537879088,27.52099626956594,148.79152492569585,2.244963948699053,-11.97293189427008,27.363576327510145,2.0524404733429815,0.8056891966611555,0.03768872907196107,3.768872907196107,0.03472680917295387,-0.015107800497501678,-1.5107800497501678
1919,32.01531666666667,1626.3854362837417,638.2523540489642,14386.0,1582.612648221344,662.3754940711462,2.6379060670999355,detected,1626.448022281129,638.0944133825942,-13.607401771430887,-21.05090260535644,25.065950679544212,-3.918949865311772,-29.685307166422923,29.942872768184873,33.41067286165897,27.461038364423185,149.1845170843148,3.59793051247625,-11.841361181586665,27.501959838871844,2.0523003435724028,0.8051664522177846,0.037782804754807414,3.7782804754807415,0.03465115251031317,-0.014941780670771818,-1.4941780670771818
1920,32.032000000000004,1624.8454106280194,637.5301932367149,14548.5,1583.9634703196348,663.1552511415525,2.5816954773753125,detected,1626.377339009277,637.6530143450017,-9.537750974875053,-22.42145288724123,24.365759648192956,-3.9106786485772496,-29.87610994994743,30.130970001541368,33.15547030447602,27.476828091568198,149.66253091958848,4.107585529603664,-11.715016807499985,27.760290604274637,2.052211153324009,0.804609481823346,0.038020151421503307,3.8020151421503305,0.034671076456237473,-0.01478235559305992,-1.478235559305992
1921,32.04868333333334,1624.6745598057073,636.7146326654523,14501.5,1581.743801652893,659.595041322314,2.6519254531114296,detected,1626.2894835037846,637.2140910099083,-7.435524572266331,-23.300607401405614,24.458236464210056,-3.6781929162616427,-29.9272924962797,30.152478161622415,33.00586939308448,27.56865794085277,150.15138959132847,4.756176293670256,-11.704856153558712,27.787916109554086,2.0521002946419995,0.8040556353437329,0.038047291055674975,3.8047291055674974,0.03478695008309498,-0.014769534578622982,-1.4769534578622983
1922,32.06536666666667,1625.4246323529412,636.7708333333334,14389.5,1582.4513274336284,660.8849557522124,2.630235456445352,detected,1626.1981600823867,636.7476514975829,-6.845545525123725,-21.98619778479383,23.027253126862842,-3.6007876598849724,-30.183394814884426,30.397417560095,32.94421445283518,27.736208916172956,150.86454459337878,5.040312368332241,-11.55038623823828,28.117460270627,2.0519850600408667,0.8034670681357513,0.03835636285185489,3.835636285185489,0.03499837087214253,-0.014574619858975749,-1.4574619858975748
1923,32.08205,1626.1787048567871,636.5242839352428,14276.5,1583.8189300411525,662.6172839506173,2.5895020739126453,detected,1626.1100030695354,636.2812753412188,-3.406798927820546,-22.374968365955283,22.63284092446414,-3.9174534930734892,-30.49924109676312,30.749799175748745,32.96340108388703,27.978419846488837,151.4341341450026,5.602979484217382,-11.143208775753518,28.659711225496462,2.0518738209079315,0.8028785808722004,0.038801008423657725,3.8801008423657724,0.03530399980629507,-0.014060831262780465,-1.4060831262780464
1924,32.098733333333335,1626.018125,635.935,14218.5,1583.5271966527196,662.1129707112971,2.589430727666754,detected,1626.0177410244462,635.8015234702849,-1.979461494428051,-22.2434767987736,22.331379892552604,-3.9292857800647965,-30.814960632719195,31.064466606356742,32.99028142880271,28.293337771033684,151.8608837233709,5.586116363067389,-11.067902810072876,29.025895557660817,2.0517574019235916,0.8022732157353754,0.03919806511843122,3.919806511843122,0.03570137258174597,-0.01396580796223707,-1.396580796223707
1925,32.11541666666667,1625.7441574415743,635.9643296432964,14202.5,1582.8941605839416,660.7007299270073,2.6180473849601347,detected,1625.8658221494018,635.2846269543008,-0.7006419746667234,-21.370742989405244,21.38222521385177,-3.9325135741807955,-30.881168288258266,31.130551197478727,33.11806544206273,28.67797364112322,152.28895210194,5.913763873753096,-10.878667408549296,29.167890106639724,2.0515657061822106,0.8016209803839759,0.03928145261511511,3.9281452615115113,0.036186717528231195,-0.01372702512119785,-1.3727025121197851
1926,32.1321,1625.4775840597758,634.6382316313823,14306.5,1580.4362934362937,657.2432432432432,2.6764476971893614,detected,1625.7801316257733,634.8182194097128,-2.436427085372543,-23.135276228412522,23.26321523580278,-3.762718997028412,-31.00206961244015,31.229575317400386,33.30360557804729,29.128187512383708,152.60738584436376,6.655085110327895,-10.922774581686713,29.257125114112664,2.0514575793385155,0.8010324535138332,0.03940640418599418,3.940640418599418,0.03675481074117818,-0.01378268086017251,-1.378268086017251
1927,32.148783333333334,1624.7220525351252,635.4850335980452,14525.0,1584.1708333333331,663.3666666666667,2.5392606009167467,detected,1625.6825399181896,634.3409907440955,-3.9567982878756993,-25.720140494829593,26.022718531404614,-3.9326847372348612,-31.150501365646058,31.397766553906298,33.50314545941352,29.638623325476196,152.85377880117767,6.077836388290255,-10.713338291512235,29.513456714272127,2.0513344352279996,0.8004302722322972,0.039618632875591545,3.9618632875591544,0.03739889378608984,-0.013518407938816701,-1.35184079388167
1928,32.16546666666667,1625.8694565896317,634.6608369768894,14459.5,1581.195652173913,657.0304347826087,2.677359716775836,detected,1625.5763462959555,633.8394423512801,-4.048169220144246,-25.792222118065638,26.10797571284602,-3.69388049995883,-31.41199687392523,31.62844132668356,33.65893707243322,30.2027063440099,153.14556087424958,4.715040970471667,-10.89407607904167,29.693053179818282,2.051200436966506,0.7997974035978299,0.0399097051440802,3.99097051440802,0.03811067046562764,-0.013746468238538385,-1.3746468238538385
1929,32.18215,1624.8769043266302,634.0865326020719,14467.0,1580.6732283464569,656.4251968503937,2.6736681446635133,detected,1625.5142335854107,633.3422994823827,-2.6286771659456463,-28.344786171604028,28.46641612069772,-3.6307059724822683,-31.73666829125513,31.94367136206759,33.86188299363455,30.812707938951316,153.64500162437258,4.398584166804393,-10.835574616223003,30.049766435432417,2.051122061306512,0.7991700939840792,0.04030747175024302,4.030747175024302,0.038880388566500085,-0.0136726493580101,-1.3672649358010098
1930,32.19883333333333,1624.8502506265663,633.7299498746867,14438.5,1581.607594936709,657.9029535864979,2.631859594361662,detected,1625.4453411077777,632.8508856662851,-0.10665152367528208,-33.123255502204756,33.12342720208523,-3.4912946271223237,-32.07083301172785,32.26030793776628,34.05941183629653,31.459874356474852,153.89223044426038,2.1471419830899166,-10.978050454502213,30.334961289869977,2.0510351307353663,0.7985500134590349,0.040707013170683,4.0707013170683,0.03969700234255502,-0.01385242959558639,-1.385242959558639
1931,32.215516666666666,1625.2847838957964,632.7240970988751,14451.5,1578.7659574468084,651.4893617021277,2.758166632365377,detected,1625.3661007210592,632.3556736241404,1.392884021939608,-34.261911393063656,34.290212863216816,-3.009897262004058,-32.2727198762366,32.41277417528244,34.212795760584164,32.13460968883025,154.26971764260395,0.901345639394154,-11.299266862119534,30.379507864948437,2.05093514286569,0.7979251402197356,0.04089939959026176,4.089939959026176,0.040548403392845746,-0.014257749983747047,-1.4257749983747048
1932,32.2322,1625.656743620899,632.4404617253949,14316.5,1577.8,649.7132075471698,2.7952175045575327,detected,1625.2784658494566,631.8251635283812,3.028941703831606,-38.69730200529989,38.815662693487496,-2.5178862288559847,-32.47476788503277,32.57223204277254,34.42210430043416,32.82669918598607,154.34003973200853,-0.42486933179045216,-11.792953548549539,30.362419976839316,2.0508245625860653,0.7972557268496924,0.04110060825586441,4.110060825586441,0.041421702442884636,-0.014880698483974183,-1.4880698483974184
1933,32.24888333333333,1622.0762557077626,636.2739726027397,14977.5,1580.9025270758125,655.6750902527076,2.701248211719001,detected,1625.24217798346,631.2787043225553,1.8183107883232879,-39.86792231873051,39.909365869871486,-2.26839706690245,-32.913860187184945,32.991935646074026,34.537447221286186,33.52555739061617,154.2605267456467,-1.882788736342065,-12.250501296792901,30.633201524685028,2.050778773480707,0.7965661884196282,0.041630202707979846,4.163020270797984,0.042303542448727034,-0.015458045800369592,-1.545804580036959
1934,32.265566666666665,1625.1378244746602,630.9598269468479,14311.5,1577.574074074074,648.6592592592592,2.7853491267557398,detected,1625.177675945422,630.7495228668096,3.8517672126145044,-41.89418777753485,42.07088161899537,-1.930216978069857,-33.36089936527876,33.416692595807355,34.57764827153344,34.220485980626215,154.0303635090535,-2.7409340117871643,-12.87324784009098,30.837555579038344,2.0506973828964314,0.7958984515669522,0.042166173622469855,4.216617362246986,0.043180423950316994,-0.016243845855004393,-1.6243845855004393
1935,32.28225,1625.5270108043217,629.7370948379352,14573.0,1578.7544483985764,650.270462633452,2.7279200730620983,detected,1625.1852034087112,630.1955577501539,4.4136765508606,-42.7039811834577,42.93146339938491,-1.485600764845762,-33.83977460021188,33.87236860075858,34.62699333121748,34.90092804113025,153.79771167394557,-4.592477494057758,-13.608729671324985,31.018378928603834,2.0507068812728217,0.7951994419560302,0.04274115911767644,4.274115911767644,0.04403902591940726,-0.017171898638895882,-1.7171898638895882
1936,32.29893333333333,1625.3822610868208,629.7982510930668,14528.5,1578.156378600823,649.0,2.7554149605377627,detected,1625.1886579087727,629.6265411685613,1.7731902185955732,-44.30312505794495,44.33859597970185,-1.019139949314721,-34.41213543022042,34.427223401025536,34.75708117275698,35.55670809649366,153.6220125882629,-6.176909647750663,-14.375973118174008,31.28202531821843,2.0507112402634355,0.7944814399603297,0.04344129135776093,4.344129135776093,0.04486650863910872,-0.01814002917119749,-1.814002917119749
1937,32.31561666666667,1625.6798780487804,628.9463414634147,14583.0,1577.8853211009175,648.0642201834862,2.761085267473053,detected,1625.233720691405,629.0561542501897,1.0248603795021154,-44.00124455044056,44.01317826271068,-0.6048580801033445,-34.98142605250104,34.98665491246148,34.987939458244526,36.17825005314177,153.63753325241495,-7.2835200899639245,-14.991488983053419,31.612043275224284,2.0507681018188078,0.793761708833047,0.04414719862771165,4.4147198627711655,0.04565078871058898,-0.018916705341392327,-1.8916705341392326
1938,32.332300000000004,1625.5821450712958,627.9900805951643,14579.0,1580.5,651.6219512195122,2.6587763050301634,detected,1625.2346159715914,628.3902720723167,1.926588403857295,-44.19965583479188,44.24162427840923,-0.35948526253195817,-35.4448685788987,35.44669149905782,35.206278345619126,36.75676785125315,153.38129976932925,-7.8290156988203865,-15.559722498424835,31.849065512215425,2.0507692315098947,0.7929214789556048,0.044727686434142364,4.472768643414236,0.04638077962303237,-0.01963371924091462,-1.963371924091462
1939,32.34898333333334,1625.5679669030733,627.1660756501182,14479.5,1579.5072463768115,649.7826086956522,2.6851583502697984,detected,1625.3118212301454,627.732777120438,0.1993972196114555,-41.6168701256604,41.61734780481901,-0.10499706559323292,-36.00531402083229,36.005467114349806,35.37945807826212,37.284425888635475,153.05169560078522,-8.379331303885058,-16.223522489408932,32.14328825988667,2.0508666513945055,0.7920918323286283,0.04543276607488935,4.543276607488935,0.0470465941812435,-0.02047132175319739,-2.047132175319739
1940,32.36566666666667,1626.1586248492158,626.8027744270205,14491.0,1578.7768240343348,647.8454935622317,2.7236478560488244,detected,1625.3839241393744,627.0849140589605,0.49598144970332214,-39.764835227750154,39.76792826246509,0.001087759095394537,-36.30558885248051,36.3055888687758,35.47422330387844,37.75446808138905,152.58287733604428,-9.780018767515847,-16.718421639177524,32.2271649544799,2.050957632983438,0.7912743395065749,0.04581146860413351,4.581146860413351,0.047639707358219624,-0.02109580017561833,-2.109580017561833
1941,32.38235,1625.271567436209,625.4842041312272,14136.0,1578.575892857143,647.1026785714286,2.7080092900687784,detected,1625.4989887202591,626.4233377726844,0.4757588240508994,-40.35049692464008,40.35330158145739,-0.12338900250902443,-36.7026953895114,36.70290279666175,35.53350246339271,38.161315754171554,152.2514836726689,-10.150683572965447,-16.979267567403767,32.53932308109239,2.051102824883608,0.7904395429308321,0.04631281109988865,4.631281109988865,0.04815307981598935,-0.02142494330271769,-2.142494330271769
1942,32.399033333333335,1625.528875379939,625.7398176291794,14099.5,1578.476,646.332,2.72906538781016,detected,1625.6066600534045,625.7531705550805,-4.152250007636212,-39.509749433759,39.72733920670166,-0.37108668863031496,-37.082373789163945,37.08423049181083,35.541368135777255,38.50063543734443,152.10094690952505,-10.256846524419837,-17.023450131493135,32.94605130801441,2.0512386877645485,0.7895939060631931,0.04679398169313669,4.679398169313669,0.048581243454062374,-0.021480694172231085,-2.1480694172231085
1943,32.41571666666667,1625.7369682444578,624.4997004194129,14529.5,1580.1173708920187,648.2676056338028,2.6612848924249626,detected,1625.687014245521,625.0691733611112,-4.624211786920569,-38.61605767458741,38.891943188498004,-0.4740442337692962,-37.27797884399992,37.280992806378904,35.64802275794766,38.7693781514278,151.73435866285777,-10.376576837918293,-17.235844466547555,33.057496731517,2.0513400810669036,0.788730818121276,0.047042262216250984,4.704226221625098,0.048920350979719626,-0.0217486996423313,-2.17486996423313
1944,32.4324,1625.0031036623216,623.9323401613905,14597.0,1581.8777777777775,650.1333333333333,2.5956367575493045,detected,1625.7545335897833,624.355369887021,-2.4589702646749174,-34.60571840611465,34.692971639308404,-0.6196503743135112,-37.23422293714944,37.23937867794967,35.66323243628087,38.96579197439293,151.3778698893591,-10.446709867939296,-17.29241684113969,32.980958811289895,2.0514252789776446,0.7878301197312568,0.04698975227501535,4.698975227501536,0.049168191765795496,-0.021820084342132104,-2.1820084342132104
1945,32.449083333333334,1626.058712121212,623.7392676767677,14454.5,1581.8536585365853,650.0975609756098,2.6039178776961087,detected,1625.7772663343183,623.6474567069686,-1.894428324848377,-34.49461029807003,34.54659170299882,-1.0522451818014544,-37.26600058828289,37.280853259663,35.70663168660146,39.08940971192794,151.04166044401646,-11.695252199961509,-17.122526582876464,33.11617585391185,2.0514539638287927,0.7869368538889194,0.047042086132066875,4.704208613206688,0.04932417629265356,-0.021605711776500273,-2.160571177650027
1946,32.46576666666667,1625.6595873786407,622.8677184466019,14610.5,1584.437751004016,652.4136546184739,2.51971034795695,detected,1625.7812856305904,622.938133252493,-2.095029344563045,-33.5046540563701,33.57009072659199,-1.5255139559747983,-37.38111847045986,37.412233439510516,35.750251136449855,39.14101339336427,150.7206504306012,-11.93403055643933,-16.951290145951532,33.351596263450354,2.051459035496013,0.786041808520496,0.047207865538814536,4.720786553881454,0.049389291348093715,-0.02138964056271487,-2.138964056271487
1947,32.48245,1624.1685912240184,621.9439953810623,14602.5,1581.9349593495936,648.7032520325204,2.576832493175801,detected,1625.7702531206044,622.2318932498384,-0.2909660015461668,-34.94423306701469,34.945444422068796,-1.7612698366492516,-37.33133308029399,37.37285781137619,35.822657318851945,39.12257713872415,150.34878030766265,-12.331039889967258,-16.937881257113794,33.31424139177201,2.051445114347766,0.7851506539430139,0.04715818020362927,4.715818020362927,0.04936602793529861,-0.02137272082916567,-2.1372720829165672
1948,32.49913333333333,1625.0941247002395,621.4148681055156,14412.0,1582.2443609022555,648.1466165413534,2.583822020656221,detected,1625.7838194562844,621.5489453706217,-1.4967185228797462,-35.01126390002628,35.043241377104586,-1.9163035243900017,-37.28729230844978,37.33650207094081,35.947373216870716,39.03718973831258,149.97601666766246,-13.55868423980177,-16.99799514290204,33.24278189344637,2.0514622327524097,0.7842888900575669,0.047112305452291246,4.7112305452291245,0.04925828358146698,-0.021448574312810147,-2.144857431281015
1949,32.515816666666666,1626.0621951219512,622.2,14340.5,1582.5567765567766,648.1868131868132,2.6031434192164284,detected,1625.781874913557,620.8727982978262,-0.6201560619247175,-37.570108538461454,37.57522653468527,-2.0567478504369827,-37.27199126366499,37.32869599221216,36.07809922607828,38.88895814168288,149.66898137180314,-15.372511620598246,-17.04694330076961,33.20893356582446,2.0514597790707345,0.7834357076313265,0.04710245551067781,4.71024555106778,0.04907124055732855,-0.021510338549867017,-2.151033854986702
1950,32.5325,1625.587708830549,620.5996420047733,14224.5,1580.154761904762,644.1507936507936,2.663355977710372,detected,1625.7783260133258,620.2102308062788,2.160217363367792,-38.803921605804135,38.86400482511277,-2.293120571030697,-37.12063798304605,37.1913990893277,36.211280259798,38.68289307168836,149.21167431548196,-16.17838619582984,-17.030922846851517,33.06278622872302,2.051455300963187,0.7825996603233802,0.04692921020735357,4.692921020735357,0.0488112215415626,-0.0214901234660587,-2.1490123466058697
1951,32.54918333333333,1624.602034709755,620.0448833034111,14486.5,1581.5547445255474,645.4854014598541,2.6078244924570653,detected,1625.772666344961,619.5223244817455,8.765879833130839,-37.33177660947058,38.34712758562634,-2.6401775425031295,-37.045198688071274,37.139161047264054,36.24843865612182,38.42477825256535,148.8352045875543,-16.434164994930345,-16.91178671116475,33.0652196957874,2.0514481594258185,0.7817316397246,0.046863294696863164,4.686329469686316,0.048485524608915274,-0.021339793957305682,-2.1339793957305684
1952,32.565866666666665,1626.0909642207398,619.3838690115222,14415.0,1584.1263157894737,648.3543859649122,2.537369021592111,detected,1625.730380936216,618.8608570813813,9.580992585635613,-38.61880007511627,39.78953553596479,-3.0995734990884354,-36.620952503036904,36.751891354132184,36.25697802031532,38.12102531912723,147.92676274677618,-16.46831358213079,-16.819343777456773,32.67738044889251,2.051394802443175,0.7808969805443298,0.04637462631436238,4.637462631436238,0.04810224015031827,-0.021223146722342934,-2.1223146722342934
1953,32.58255,1624.8413712957583,618.3608367228355,14418.0,1583.9671532846714,647.2043795620438,2.527074168665811,detected,1625.7037069781277,618.2124984373672,8.00004881482755,-42.25505352936034,43.005701131463155,-3.344728114795959,-36.252435826051,36.406404786573646,36.270291327284426,37.77851734158922,147.1347116220522,-14.543256236833438,-16.86355248935662,32.265258513183596,2.051361144451896,0.780078862381536,0.045938681118704916,4.593868111870492,0.04767005342787284,-0.021278930585938955,-2.1278930585938953
1954,32.59923333333333,1625.2184380504991,617.458602466236,14478.0,1585.8278388278388,648.8681318681319,2.4684473828599303,detected,1625.627270788628,617.5719328526476,6.483063720457267,-45.23186378773971,45.69410921460389,-3.6863453599642853,-35.841317522808396,36.03039250249298,36.311192573138385,37.404444966923094,146.8417049644744,-14.946376334552692,-16.517481559115367,32.02127397259494,2.0512646950014237,0.7792705777320474,0.04546421766876086,4.546421766876086,0.047198037813152176,-0.02084224802412034,-2.084224802412034
1955,32.61591666666667,1626.6941315945464,617.2175459395377,14450.0,1586.726923076923,649.2,2.4667191892307176,detected,1625.5461937579898,616.9751362400511,8.69296822674778,-44.33248720964525,45.176732050742736,-4.0724203269608825,-35.49878759093794,35.73161803985335,36.33359386158138,37.00614030713799,146.19447149303744,-14.281895699148773,-16.366766740786517,31.762831646417446,2.0511623895999875,0.7785175220694652,0.04508721519224398,4.508721519224398,0.04669544518250851,-0.020652071597206962,-2.0652071597206962
1956,32.632600000000004,1627.16961561928,617.0994508846858,14387.5,1585.2474576271186,646.3762711864407,2.531967213739779,detected,1625.4468290788507,616.3475235150959,7.490633655470901,-46.228239187559666,46.83118289070542,-4.284372165329389,-35.05352538214896,35.31438073318023,36.414966632066445,36.59091474707573,145.99638738612995,-13.456285968771532,-16.051760497749818,31.45546806981084,2.051037008301389,0.7777255817225185,0.0445607327863473,4.4560732786347295,0.04617150125813972,-0.020254587378864125,-2.0254587378864124
1957,32.64928333333334,1625.7454212454213,615.8046398046398,14530.0,1583.9228295819937,643.8906752411576,2.5502156766856805,detected,1625.3546496179652,615.7712985461175,3.846147203547389,-42.60232498447476,42.77558815953508,-4.441087206665143,-34.689746868527784,34.97287224949844,36.4789984497517,36.1659076179714,145.8070971869405,-11.702862439696398,-15.821529847685728,31.189437100700097,2.0509206935242466,0.7769984839698644,0.04412980725488762,4.412980725488762,0.04563521465990082,-0.019964075517584515,-1.9964075517584514
1958,32.66596666666667,1626.6723507917177,614.6382460414129,14278.5,1581.9608540925267,640.6192170818506,2.6152008544712504,detected,1625.247996688737,615.2335093665176,1.2364798665344097,-41.05754508051223,41.07615963668754,-4.595364293115748,-34.25460152236164,34.56146840691557,36.52406049607117,35.73795294930267,145.3588778452059,-9.901856792756577,-15.690755443680596,30.79440358326219,2.0507861156955673,0.7763198856359844,0.043610685686959715,4.361068568695972,0.04509520876883617,-0.01979906049675785,-1.979906049675785
1959,32.68265,1626.0859375,614.0540865384615,14277.5,1583.9769736842104,642.7631578947369,2.5431994686914656,detected,1625.1415834277304,614.6994180593992,-5.886481762463518,-39.10879904560284,39.54932149012371,-4.880126007325507,-34.03575062754813,34.38383269253179,36.54307740888598,35.31347100745726,145.2672709096856,-7.991803234924145,-15.38125817400364,30.751664143793327,2.0506518402873573,0.7756459533872546,0.04338653967511898,4.338653967511898,0.044559584867453955,-0.019408527664357907,-1.9408527664357906
1960,32.699333333333335,1626.4905082669932,613.062461726883,14214.0,1584.486577181208,643.0033557046979,2.5223198775549256,detected,1625.0411610161773,614.1455325694814,-15.959074726984454,-38.922069406391074,42.0668462452012,-5.11011724510083,-33.872653543093705,34.255947750852485,36.523914374107974,34.898389861804404,145.0318242775137,-5.926118570364316,-15.225550888379699,30.686357823216746,2.050525124310634,0.7749470442517116,0.04322517066353626,4.322517066353626,0.04403582316946928,-0.019212051594169968,-1.9212051594169968
1961,32.71601666666667,1625.8931489629165,612.1294783155248,14295.5,1585.572784810127,643.6708860759494,2.47775662612113,detected,1624.9059519484185,613.6280176727735,-21.500623350674687,-37.6011182458426,43.31421126842107,-5.2304640356778505,-33.65493993306008,34.05895970117704,36.509442895205524,34.49809976432109,145.1950336367962,-4.9844810860273805,-14.914993571425732,30.619531392409165,2.050354513499582,0.774294028609178,0.042976605301169764,4.297660530116977,0.04353072525466384,-0.018820181162682314,-1.8820181162682315
1962,32.7327,1626.2406947890818,613.1277915632754,14312.0,1583.1627906976744,640.4806201550388,2.5758617634514915,detected,1624.7912253342442,613.1135396971447,-21.348520335225658,-32.59584163695058,38.96470470213658,-5.369448233977065,-33.490995899302746,33.918693675677915,36.44188389465649,34.11743990178214,145.39025708847643,-3.8091891019578066,-14.603070443367814,30.61418158779539,2.050209748055829,0.7736448450437158,0.04279961347088696,4.279961347088697,0.04305039735240649,-0.0184265873102433,-1.84265873102433
1963,32.749383333333334,1625.1615245009075,611.773744706594,14345.0,1582.0337078651685,638.3370786516854,2.5895486119264697,detected,1624.64700234739,612.5885076363796,-24.083146081015002,-26.222887618273035,35.6039009126821,-5.391401850777876,-33.35634199919096,33.7892403803868,36.352245382632184,33.76071351288977,145.30804245440993,-2.7658900523294343,-14.552293217998683,30.494975448111962,2.0500277632143726,0.7729823440206683,0.042636265464210475,4.263626546421047,0.04260026941689562,-0.018362515101575626,-1.8362515101575625
1964,32.76606666666667,1624.8186186186183,611.6276276276276,14512.5,1582.363957597173,639.0247349823321,2.568510038974386,detected,1624.4940697023096,612.068452972058,-23.821303401099158,-23.40661235713651,33.396466845528344,-5.3588214764484405,-33.29973489389456,33.728167925639006,36.29199478069239,33.43172399745458,145.4185345427261,-1.999961575264031,-14.488153295534705,30.45788445879311,2.0498347882678987,0.7723261236240481,0.0425592024298284,4.25592024298284,0.04218514069079443,-0.01828158144546966,-1.828158144546966
1965,32.78275,1623.2789749563192,610.7169481654048,14634.0,1581.4318181818182,637.1098484848485,2.57890669281336,detected,1624.3929933897493,611.554949171807,-23.940640045178952,-22.285997890719273,32.70810217297802,-5.382180564939615,-33.19324925706375,33.62677004820976,36.265784482914206,33.1338219943948,145.5499486888482,-0.3944019474562813,-14.338756789155791,30.416438279598346,2.0497072471794944,0.7716781693019648,0.042431255581337236,4.243125558133723,0.041809239109646436,-0.018093068503666616,-1.8093068503666616
1966,32.79943333333333,1622.7832943925234,610.0741822429907,14546.0,1582.1203319502074,638.1120331950208,2.537936178136081,detected,1624.2391906090422,611.0312671753717,-18.87511887909659,-21.910411628550264,28.919478737220338,-5.398481978706411,-33.25425118948014,33.68959527580376,36.205458975328625,32.86995188814767,145.72432519903955,1.0810492428961955,-14.267004102494461,30.519525287705005,2.049513174270085,0.7710173718301221,0.042510530316471624,4.251053031647163,0.04147627998504438,-0.018002528835955156,-1.8002528835955156
1967,32.816116666666666,1623.5203060623896,610.139493819894,14589.5,1581.0666666666666,635.952380952381,2.5952930790552617,detected,1624.0957310516233,610.5285473993503,-15.013733873443016,-24.904655132908374,29.08013156971044,-5.371921541052639,-33.163791130915754,33.59605011334267,36.081671368939176,32.642686129945965,146.14678817885238,2.002297052046101,-14.013251822329575,30.533970534180593,2.049332152746528,0.7703830251095903,0.042392492256583814,4.239249225658382,0.04118950931223466,-0.017682336684327542,-1.7682336684327542
1968,32.8328,1623.439951719976,610.8032589016294,14608.5,1581.4474708171206,636.4474708171206,2.5933529723555986,detected,1623.9505251108687,610.0099911880487,-8.174510112586177,-24.48257985140026,25.81122491787175,-5.242853115194502,-33.18613028962887,33.59771945218496,35.9725486828676,32.45423729790966,146.39198307795726,2.856731453263301,-14.002313793496334,30.540824494702,2.0491489275846924,0.7697286955054243,0.04239459867783592,4.239459867783592,0.04095171898789862,-0.017668534755200423,-1.7668534755200422
1969,32.84948333333333,1622.9663461538462,609.8972355769231,14540.0,1583.2878787878788,638.9280303030303,2.5099386272131587,detected,1623.8038491429681,609.4908054114904,-4.605989497312748,-26.088848846300152,26.49232291390191,-5.3047372658937135,-33.206973686549,33.62801419767928,35.90039442517572,32.30644091602009,146.58361382705147,2.9650558608630972,-13.859913965197308,30.63896414300992,2.0489638474990137,0.7690735714971488,0.04243282548603064,4.243282548603064,0.040765225130624715,-0.017488850429271053,-1.7488850429271052
1970,32.866166666666665,1622.7889356584485,609.0276608538785,14522.5,1581.6441947565545,636.441947565543,2.5538515834005278,detected,1623.6761284120864,608.9811395636091,-2.54652828587723,-26.47339371713474,26.595589506781042,-5.113354376322692,-33.15526153986302,33.54724669409664,35.80784186838393,32.20070638977329,146.83747870716027,2.940074072402639,-13.855947441067958,30.552094547918326,2.0488026856934844,0.7684304600171724,0.04233091065501154,4.233091065501154,0.04063180617006094,-0.017483845351505312,-1.7483845351505312
1971,32.88285,1623.54706601467,608.9388753056235,14368.5,1581.8247863247864,636.7564102564103,2.5535455512167786,detected,1623.579154468136,608.4670618813321,-4.451789000840108,-26.19962775590534,26.575156064565387,-5.1559456954638065,-33.164764197823104,33.56315480272647,35.7797301284708,32.13793843964714,146.93819053424926,2.1462044590584175,-13.771712100374963,30.607602097128854,2.04868032109544,0.7677817815537314,0.042350983978203756,4.235098397820376,0.04055260370933393,-0.017377554700788597,-1.7377554700788598
1972,32.89953333333333,1623.2332506203477,607.9968982630273,14475.0,1583.236111111111,638.25,2.494019794136,detected,1623.4217862506584,607.9056267325731,-6.953240505396934,-27.890238063988818,28.743919927384006,-5.357350156857059,-33.03930006264057,33.47083132120231,35.71760078321509,32.118436416339925,146.8791311042065,3.1140396829408923,-13.566019826115427,30.59836033858384,2.0484817492121876,0.7670733460347926,0.04223448747154866,4.223448747154866,0.04052799547803145,-0.017118006089735557,-1.7118006089735558
1973,32.91621666666667,1623.3771820448878,607.2263092269327,14429.5,1585.0850202429149,640.8906882591093,2.420419617881685,detected,1623.2862761928604,607.3768121043187,-6.183069750230516,-28.063894836907593,28.73695434372307,-5.397734725391676,-33.053739545983014,33.49156965774194,35.66507760423533,32.1417831269125,147.19244947030245,2.412963961639898,-13.372373163748382,30.70610483452505,2.0483107586029785,0.7664060720559227,0.04226065571954819,4.22606557195482,0.040557455049731864,-0.01687365698895695,-1.6873656988956949
1974,32.932900000000004,1622.8990267639902,606.926399026764,14472.0,1582.5108225108224,636.8831168831168,2.503412175236724,detected,1623.1859942417452,606.8775298235086,-6.174703840231814,-27.216444429018793,27.908095866118163,-5.292306761355241,-32.778404799321734,33.20289644058911,35.573769041123285,32.20673763762975,147.39216290369305,2.572659613384228,-13.205697423029292,30.463779929875443,2.0481842198634013,0.7657760628687805,0.04189639929411875,4.189639929411875,0.04063941657745079,-0.01666334059688239,-1.666334059688239
1975,32.94958333333334,1622.3041391721656,606.5806838632274,14658.0,1582.328244274809,636.2442748091603,2.503207409368845,detected,1623.0855267414972,606.3567356251968,-5.346600421738458,-24.507544732030055,25.08397665566981,-5.29324412089941,-32.66654846823318,33.09262489061368,35.46877957990383,32.31114748110692,147.89002491448034,2.352626353984157,-12.880241573439418,30.483129746807602,2.0480574469924258,0.7651189093062422,0.04175725538247783,4.175725538247783,0.040771164014015045,-0.016252670755128606,-1.6252670755128606
1976,32.96626666666667,1622.1936305732484,606.9057324840765,14690.0,1578.1841155234656,629.6137184115523,2.665243707344594,detected,1622.9649430385894,605.8649444883298,-5.335802985520786,-25.897171295451017,26.441147376886363,-5.488936276025503,-32.68142792238551,33.13916342469055,35.380115559025434,32.45189457631209,148.25908752047943,1.7965824565516177,-12.52502716333963,30.681066589118966,2.0479052909004283,0.7644983526666622,0.04181597908478303,4.181597908478303,0.0409487628723181,-0.015804450679292908,-1.5804450679292907
1977,32.98295,1622.3525564803806,606.1938168846611,14580.0,1575.550185873606,624.996282527881,2.7595856818155884,detected,1622.884349482517,605.3415703737683,-2.58952480975222,-26.634742401212634,26.76032775433209,-5.421751805424627,-32.558483358766274,33.00682098086221,35.328916881052,32.6248860780139,148.3211690825176,1.4675591197818483,-12.484385135878803,30.55471091405929,2.047803595561536,0.7638379436892976,0.04164898546481036,4.164898546481036,0.0411670486788819,-0.015753167363884928,-1.5753167363884928
1978,32.999633333333335,1622.5827893175074,605.8961424332344,14520.0,1582.759689922481,636.2674418604652,2.490041204177388,detected,1622.7634801103532,604.820052769602,-2.225256410498332,-30.38921365930105,30.4705771675417,-5.508991541871179,-32.57293099032409,33.035508488728055,35.224772672296055,32.825096749635556,148.55295088666367,-0.03445934147360492,-12.29378993012191,30.662804018270357,2.0476510790036,0.7631798773118006,0.04168518421290607,4.168518421290607,0.041419680441180516,-0.015512668681541844,-1.5512668681541844
1979,33.01631666666667,1622.2121034077556,604.6257344300823,14525.5,1577.94964028777,628.1618705035971,2.65287638694963,detected,1622.6219180809067,604.2962312242889,-1.2303438813041794,-34.19896603267671,34.22109033579202,-5.356253514906322,-32.693023975537535,33.12888872843486,35.10282378586776,33.046664028034726,148.41588464109017,-0.9827506809830064,-12.56011994426494,30.655613765943365,2.0474724518371064,0.762518903753046,0.041803014168372066,4.180301416837207,0.041699260603198396,-0.01584873179087059,-1.584873179087059
1980,33.033,1622.8357314148682,605.1606714628298,14423.0,1581.1851851851852,633.6707818930041,2.5413402036650217,detected,1622.5476354130838,603.7666461697406,0.9969221977653433,-38.264494187240416,38.27747861698512,-5.017032600778601,-32.7035608454675,33.086152814893275,34.986710959409336,33.28303158991411,148.19608473768105,-1.7603590728915537,-12.971471518253853,30.437385478085975,2.0473787197641435,0.761850657627433,0.04174908872541738,4.174908872541739,0.041997516201784366,-0.016367787404736725,-1.6367787404736724
1981,33.049683333333334,1622.7225225225225,603.7525525525525,14418.5,1579.2973977695167,629.6394052044609,2.604026437391091,detected,1622.499919359694,603.2472706486894,-0.12956420813179648,-41.95302169290221,41.95322176006454,-4.553891528603374,-32.6248678525166,32.94115860816763,34.80417123340654,33.52713274525605,148.06289761417807,-1.9622959287327988,-13.393597192530805,30.09537314426734,2.0473185102330524,0.76119529419393,0.041566130735858214,4.156613073585821,0.042305530277925614,-0.01690043809783067,-1.690043809783067
1982,33.06636666666667,1622.803496081977,603.0433996383364,14504.0,1576.9178571428572,624.7571428571429,2.699602247859737,detected,1622.433754333465,602.7262071100569,0.49181559237058536,-42.11453451416605,42.117406139526004,-4.3303573190426805,-32.76374630452504,33.04867722644682,34.689951575366365,33.77160193912447,148.0577379152382,-2.5538591694172954,-13.659470018024072,30.093752594925185,2.0472350212409656,0.7605378007697879,0.04170180091665214,4.170180091665214,0.04261400875599303,-0.01723592431296413,-1.723592431296413
1983,33.08305,1622.15708358032,601.8873740367517,14651.5,1578.329365079365,626.7896825396825,2.6248941390213125,detected,1622.3846383219886,602.1921955964747,1.9703554206812441,-42.957546446431934,43.00271034692075,-3.81275925412828,-33.06597448567992,33.28506875188297,34.527824718299264,34.009001266622356,148.2341440526395,-2.982523326209071,-14.165923800713665,30.12013287968614,2.0471730452012475,0.7598639692069081,0.042000086753164634,4.200008675316464,0.04291356626703137,-0.01787498271383428,-1.787498271383428
1984,33.09973333333333,1622.000599880024,601.5698860227955,14853.5,1576.6742424242425,623.189393939394,2.696534693213419,detected,1622.362151499728,601.6359649282645,0.7408931536110686,-41.98593822182852,41.99247469526259,-3.490290906042158,-33.32549091204268,33.50776738515176,34.34760251909896,34.232049088376094,148.2671679738914,-4.0530171795152885,-14.559318458567072,30.179408893473514,2.0471446706621177,0.7591621008558542,0.04228109449230506,4.228109449230506,0.043195014622556586,-0.018371379758444255,-1.8371379758444255
1985,33.116416666666666,1622.7513846153847,600.7046153846154,14804.5,1581.0093023255813,629.7953488372093,2.5329393521301293,detected,1622.3886591188527,601.0569335904696,0.7320063789229607,-43.62335235747241,43.62949351348212,-3.1931967252797735,-33.667718485489274,33.81880798231206,34.055276459012454,34.433839219900314,148.17111947103717,-5.0334533232137035,-15.042794227982,30.28904282342189,2.0471781187619595,0.7584314619438103,0.04267357474108777,4.267357474108778,0.04344963939419598,-0.01898144382079748,-1.898144382079748
1986,33.1331,1622.2047823421217,600.0134886572655,14648.0,1580.6150627615064,628.2259414225941,2.5455440487591043,detected,1622.4207558013445,600.4402999067418,2.162867883168474,-40.64528129172459,40.702787235808046,-3.0219736051056243,-34.01507016545712,34.14904570893491,33.70361888715391,34.6080412945763,147.9603509415598,-6.451077329386522,-15.483528379656327,30.43711010834148,2.0472186193076904,0.7576533752766458,0.043090278497078756,4.309027849707876,0.043669452737635714,-0.019537575242468554,-1.9537575242468554
1987,33.14978333333333,1622.9590464547678,599.6045232273839,14580.5,1578.2470588235294,624.8588235294118,2.627441287284241,detected,1622.4493299132073,599.843633359026,4.213216775982801,-39.625982370391284,39.84933718921789,-2.6424291576265886,-34.03682439132775,34.139242031702445,33.398581049587676,34.74907533068707,147.7248788069869,-6.174046513068616,-15.941005514034902,30.18894151341957,2.0472546749693468,0.7569004837337867,0.04307790792643842,4.307790792643842,0.04384741366648211,-0.020114833456195462,-2.011483345619546
1988,33.166466666666665,1623.2360248447203,598.7484472049689,14472.0,1580.3008849557525,626.6283185840708,2.5656755216860216,detected,1622.4804216793439,599.2076742515607,4.499123864481589,-38.40241388052527,38.66506830976906,-2.518805762118107,-34.12277743335799,34.21561518128476,33.20474705433277,34.852255931261126,147.56075326123562,-5.947470259956524,-16.177856087212298,30.149382989627046,2.047293907481822,0.7560980116738937,0.04317427783127415,4.317427783127415,0.04397761000790048,-0.02041369853276,-2.041369853276
1989,33.18315,1622.142512077295,598.2826086956521,14609.0,1578.265873015873,623.4722222222222,2.62043441004902,detected,1622.5096894668254,598.5747026001472,4.2123781163181775,-38.25238765726954,38.48362367133406,-2.441456206852444,-34.117962936240936,34.205205792813004,33.03124008158945,34.91390368345001,147.274740339876,-5.404244580617722,-16.39062489668344,30.022383629966985,2.0473308384439437,0.7552993092746338,0.04316114295623092,4.316114295623092,0.04405539896965301,-0.020682176525783524,-2.0682176525783524
1990,33.19983333333333,1622.9472716125076,597.3267933782955,14495.5,1578.5598455598456,623.015444015444,2.616954372625041,detected,1622.4987120045407,597.914385214436,-0.6589876219600228,-37.39154517023735,37.39735170976411,-2.6162011636446856,-34.094503840869685,34.19473206041734,32.91620591575031,34.93142307407017,146.9030769065556,-4.097565959930895,-16.425824157911585,29.99119873257989,2.047316986756518,0.754466101216954,0.04314792689011652,4.314792689011652,0.044077505456239965,-0.020726591997364777,-2.072659199736478
1991,33.21651666666667,1622.874387254902,596.9191176470588,14597.0,1581.323651452282,626.3485477178424,2.525333236241435,detected,1622.4640429147044,597.2681772758526,-2.1339455395973346,-33.594038956854774,33.661746493618594,-2.847872508707106,-34.185635295879244,34.30405279859385,32.94933281041803,34.903347564433346,146.68838070675505,-4.15529310075223,-16.39453213992637,30.132828515120114,2.0472732402709206,0.7536506968780475,0.043285871039235146,4.328587103923515,0.044042078945657225,-0.020687106801168923,-2.0687106801168924
1992,33.233200000000004,1623.245341614907,596.2416149068323,14593.5,1579.863829787234,623.5659574468085,2.579505089941766,detected,1622.4573478158088,596.6343396536433,-4.9323252161584605,-33.18033456830244,33.54493157099055,-3.016704460484873,-34.16834562726554,34.30125870440013,33.05579664588191,34.82935339956989,146.56288510074776,-3.615210803806134,-16.310077303772033,30.175449077870667,2.0472647921966045,0.7528509017711589,0.043282345368328236,4.328234536832824,0.043948710914283776,-0.02058053918457039,-2.058053918457039
1993,33.24988333333334,1622.6051282051285,595.6653846153846,14607.0,1580.290909090909,623.7418181818182,2.5557699880720035,detected,1622.4784678109568,596.0346102453011,-5.627780321321097,-30.644942066850717,31.157413012406625,-3.3720096413025353,-33.93178282412692,34.09891984571875,33.24746725881464,34.71024431125894,146.51134178154126,-3.3772539396463492,-15.910365078171568,30.1595195207757,2.047291442032753,0.7520941454199384,0.043027028196490534,4.3027028196490535,0.0437984155347116,-0.020076170445642357,-2.0076170445642356
1994,33.26656666666667,1623.1309669522643,595.1829865361077,14604.0,1581.2568493150684,624.5719178082192,2.529632848265423,detected,1622.4316262045638,595.4375149117881,-6.007475747150238,-29.40410435615081,30.011516420201183,-3.568353638859493,-33.776245062575455,33.96421467101977,33.40894668886522,34.547909551837805,146.2362776336019,-3.4685685698332636,-15.805299185386886,30.062607935432403,2.0472323359048126,0.7513407128224455,0.04285705321264324,4.285705321264325,0.0435935767215619,-0.01994359518660806,-1.994359518660806
1995,33.28325,1621.8308157099698,594.4839879154079,14577.0,1580.9543859649125,623.5894736842106,2.522834490018096,detected,1622.3954577721372,594.8436963581976,-10.365760027858869,-30.47811526159012,32.192615470848736,-3.902379319667962,-33.71223197642639,33.937341516196554,33.46124898397462,34.345257716058455,146.04684778084086,-3.226931587867389,-15.591780123128071,30.143648448371117,2.0471866975042743,0.7505914149630254,0.042823143869017734,4.282314386901773,0.043337864625941275,-0.019674170502369807,-1.9674170502369808
1996,33.299933333333335,1620.1457952468008,598.853747714808,15078.0,1578.4738955823293,619.9518072289156,2.672925840915023,detected,1622.3989111166165,594.2481877815194,-11.309408766444449,-29.82914463351881,31.901106504538593,-4.242233284299152,-33.473968574558874,33.74171180258895,33.45399686508707,34.10612865117222,146.00196811178228,-3.7169684943512094,-15.200400144836166,30.12392655026624,2.0471910550367403,0.7498399845823589,0.042576292495380384,4.257629249538039,0.043036124480974415,-0.01918031564017182,-1.9180315640171821
1997,33.31661666666667,1622.19092039801,593.6660447761194,14462.0,1582.9507042253522,624.7781690140845,2.471218580050951,detected,1622.3732489570054,593.6567306654664,-11.453786918138121,-30.382331271880275,32.469605607096405,-4.568804489462696,-33.339151812583275,33.65075063123272,33.40418172582697,33.835185535279685,145.67965330841204,-3.954280429231044,-15.023892668894655,30.11072345724929,2.047158673762783,0.7490936664548472,0.04246151499209176,4.2461514992091764,0.042694240423065855,-0.018957593273053193,-1.8957593273053193
1998,33.3333,1619.7258355916892,597.3965672990063,15185.5,1581.774193548387,622.9641577060931,2.5487444208581342,detected,1622.3539004793743,593.0588976347145,-6.56331400955969,-32.44389295399924,33.10110694219521,-4.918451877798513,-33.21907340375025,33.58121508638374,33.35936816462666,33.53778905813974,145.14550688649246,-4.558135021154239,-14.948399495983246,30.070639487487707,2.0471342592799675,0.7483393030091036,0.042373772979664034,4.237377297966403,0.04231897672951387,-0.01886233374887476,-1.886233374887476
1999,33.349983333333334,1621.6575603557817,593.0304955527318,14532.0,1584.0306513409962,624.9157088122605,2.438607322921999,detected,1622.301488386995,592.4588353183321,-4.368394935871493,-33.43535908812305,33.71952122535966,-5.289561971171798,-32.98492038689003,33.40635326964529,33.3058869235682,33.21985570547709,144.7347331875341,-4.447595748441237,-14.725402448569039,29.9857793212719,2.047068124147628,0.7475821265846463,0.04215312715412655,4.215312715412655,0.04191779899744743,-0.018580949461916768,-1.858094946191677
2000,33.36666666666667,1621.1938080495356,591.5962848297213,14571.5,1583.026490066225,623.3841059602648,2.447137055844666,detected,1622.2024213584255,591.837364644505,0.26948445066682325,-34.001522658516706,34.00259056258473,-5.657501359650711,-32.526786172928155,33.01513501977298,33.24786113187605,32.8877025390792,144.24484894350275,-3.945175270382707,-14.414953392607782,29.701990826589135,2.0469431184333446,0.7467979364599433,0.04165947636564414,4.165947636564414,0.04149867828274978,-0.01818921563735998,-1.818921563735998
2001,33.38335,1621.291640866873,592.0383900928792,14502.5,1580.7651821862348,619.8097165991903,2.540825181882304,detected,1622.105381432938,591.2852238225843,0.1899038574347287,-37.28031663856564,37.2808003152666,-6.126013478145959,-32.061946379233405,32.6419430604133,33.24844691843573,32.547881637477985,144.13872241722152,-2.3498380678573416,-13.817929792810698,29.57298197680137,2.04682067057784,0.7461012287982136,0.0411885716850641,4.11885716850641,0.04106988219240125,-0.017435873555597097,-1.7435873555597097
2002,33.40003333333333,1621.3413348946135,591.0286885245902,14614.5,1584.4744027303757,623.9795221843003,2.4122260654567595,detected,1621.9874012440278,590.77194142748,3.5018479375753486,-37.740519254090486,37.9026349024217,-6.501291520783556,-31.76110205797785,32.41966063017158,33.30308785691956,32.20700848994759,144.20829370658834,0.47104690484054035,-13.30165859069692,29.56518686076643,2.0466717996770067,0.7454535538517099,0.040908089123244895,4.09080891232449,0.040639758346937026,-0.016784427243781604,-1.6784427243781603
2003,33.416716666666666,1622.4375373580394,590.1099820681411,14421.5,1580.717213114754,619.0983606557377,2.5343474163543283,detected,1621.8905634331854,590.2635948235937,4.246640548433334,-39.49093977897769,39.71861377961775,-6.96335786121085,-31.337319913682354,32.10165061294761,33.38026262160663,31.871589994382866,143.91013718322031,0.7550113336830122,-12.832306097930736,29.4252934103429,2.0465496068557547,0.7448121070329259,0.04050681465356165,4.050681465356165,0.040216517343069864,-0.016192184350701244,-1.6192184350701244
2004,33.4334,1622.0548744892003,589.9678925861062,14538.0,1579.9521912350597,617.6972111553785,2.559187336281853,detected,1621.7357038815178,589.733287023842,2.6332260680778745,-39.39930665648217,39.48720355427977,-7.302142241589917,-30.94645886549717,31.796298489451885,33.507409720317405,31.54785907461305,143.79289265898433,3.1750267593865655,-12.388247653747186,29.283714206018125,2.0463542004814106,0.7441429489259836,0.0401215122895292,4.01215122895292,0.039808024068912366,-0.015631858238166797,-1.5631858238166798
2005,33.45008333333333,1622.210465116279,589.5633720930233,14507.5,1579.96138996139,617.1274131274131,2.5635197533824603,detected,1621.5943196106314,589.2415828603043,-1.001854906411154,-37.873487764763695,37.8867363165687,-7.548454792577206,-30.32532410777181,31.250671224743122,33.592577665175334,31.241624000104235,143.58318915951756,4.451868112372949,-11.928391000115674,28.884562315280927,2.046175797615939,0.7435225020319298,0.03943302362743612,3.943302362743612,0.03942160757110945,-0.015051597476486656,-1.5051597476486656
2006,33.466766666666665,1621.8550811785929,588.2826217678894,14507.0,1581.4350877192985,618.5087719298245,2.4994997779322805,detected,1621.4395172712595,588.7902218712817,-3.304623030934181,-37.03166872726297,37.17882491556621,-7.778441761976856,-30.07514703042945,31.064748914910208,33.56419663431697,30.958140908632537,143.89195621571503,4.369963030235988,-11.43931967006355,28.88183842196532,2.045980463433766,0.742952961351775,0.03919842134373528,3.919842134373528,0.03906390020016724,-0.014434472769796279,-1.4434472769796278
2007,33.48345,1622.730701237478,587.2380671773718,14420.0,1583.3014705882354,619.9485294117646,2.449062118610485,detected,1621.2702922979454,588.3426973454918,-7.659841234746182,-32.23433761765705,33.13194364039964,-7.919250352869128,-29.846560324453446,30.87930843384703,33.5539252718906,30.702017473366205,144.2876597544275,5.658647169190938,-10.991820569530578,28.856742191728795,2.045766930344411,0.7423882616346901,0.03896442704586376,3.896442704586376,0.038740716054720764,-0.013869805135054357,-1.3869805135054358
2008,33.50013333333333,1621.848018923714,586.9958604376109,14454.5,1583.104316546763,619.6798561151079,2.440828763324117,detected,1621.0700683392952,587.891757926591,-11.894269401733709,-28.322226716501746,30.718433729308924,-8.106631792238002,-29.75596572853178,30.840476252037384,33.596762583797094,30.477153916168845,144.6873936360098,5.82802061698504,-10.584958406991554,28.967112920944345,2.0455142818161454,0.7418192529042159,0.038915427447365786,3.8915427447365785,0.03845697655037079,-0.013356414393680195,-1.3356414393680194
2009,33.51681666666667,1621.077153110048,586.3379186602871,14450.0,1581.771863117871,617.6425855513307,2.4690205847423616,detected,1620.8469105298739,587.4684057865549,-12.880852420048996,-24.571333663096084,27.74286930096238,-8.236021159152969,-29.72184575823577,30.841857269145983,33.69761152104897,30.28672465230681,145.17479339277529,6.971087700371835,-10.21246243678815,29.101989120806916,2.0452326946749197,0.7412850546202585,0.03891717005570471,3.891717005570471,0.03821668725843131,-0.01288638793285571,-1.288638793285571
2010,33.533500000000004,1620.6163668020895,586.1613464886825,14474.5,1581.814049586777,617.5619834710744,2.461239014610149,detected,1620.6725737186641,587.0148258705933,-13.896138795353636,-22.073053862656252,26.082990247351944,-8.377544690481738,-29.62623015258974,30.78793218284132,33.75812071606719,30.133200010485623,145.21098108055165,7.6945053131895,-10.023298262375,29.110655438150246,2.0450127113169265,0.7407127140322944,0.03884912578276507,3.8849125782765075,0.038022965312915616,-0.01264769496829653,-1.264769496829653
2011,33.55018333333334,1621.453634085213,586.2575187969925,14355.0,1579.007843137255,614.1725490196079,2.559849220874786,detected,1620.4976095116256,586.5676923756204,-14.608119661603723,-19.064626677309207,24.017850661391478,-8.690930370827733,-29.599752830814523,30.849272898334057,33.82629071658467,30.018403195675205,145.46334022292254,7.6099268412526095,-9.62181703206407,29.310378287517377,2.044791936292272,0.7401485077294895,0.038926527316509855,3.8926527316509856,0.037878111287918244,-0.012141094046768544,-1.2141094046768544
2012,33.56686666666667,1620.6348823174412,586.111044055522,14521.0,1579.2862453531598,614.5613382899628,2.538925944495774,detected,1620.316991568253,586.1413516245409,-18.800888877683064,-18.112196123358217,26.106035145191605,-8.752498307788176,-29.639220372303537,30.904524117122527,33.892763336575804,29.943593601517957,145.8144158160251,8.529280780214675,-9.413285869098056,29.436026566988396,2.0445640272154613,0.7396105383274965,0.038996244942741363,3.8996244942741365,0.037783714323681966,-0.011877963241764109,-1.187796324176411
2013,33.58355,1620.488231744116,585.8123114061557,14519.0,1577.298755186722,612.0082987551867,2.596380871875997,detected,1620.1645799930684,585.7060952122271,-14.526993416536698,-20.216548300430304,24.894625181105496,-8.844795111330859,-29.745539354902057,31.032684577320236,33.91485015182447,29.909564414294895,146.173167952478,8.436703093488916,-9.211304631469293,29.63409150052894,2.0443717097704335,0.7390613188797819,0.03915796161176055,3.915796161176055,0.037740775286176524,-0.011623097326775134,-1.1623097326775134
2014,33.600233333333335,1616.9666478236293,591.2504239683437,15175.5,1577.03125,611.2410714285714,2.677485436834821,detected,1619.983717482449,585.269734054497,-13.940154269665072,-23.206342138179934,27.07142804686016,-9.122800834841268,-29.84644150405821,31.209542859954695,33.861408259102404,29.91674074385187,146.59377206631152,9.040413027277252,-8.816994697751092,29.93820585852095,2.0441434920914183,0.7385107054315421,0.03938112663716681,3.938112663716681,0.037749830591611196,-0.011125545359938286,-1.1125545359938287
2015,33.61691666666667,1620.1942355889723,584.6635338345865,14471.5,1577.7859778597783,612.4206642066421,2.562045208683703,detected,1619.827080151285,584.8211262798826,-16.961127662086255,-25.40032406407977,30.542696575938695,-9.280317216917808,-30.043922891602197,31.44457966586864,33.85156972487721,29.965264601655512,147.035946486334,9.609421968269984,-8.56098332717602,30.256753871408176,2.0439458424621892,0.7379446388389687,0.03967770304841469,3.967770304841469,0.03781105943426563,-0.010802502621042298,-1.0802502621042298
2016,33.6336,1619.7467222884386,584.2753277711562,14594.0,1577.601593625498,611.1235059760957,2.574381404810816,detected,1619.6571233913457,584.3760391507745,-19.257256843926825,-28.3801450123176,34.29685950744094,-9.375838537856344,-30.262070083048705,31.681212634608915,33.862350274649664,30.055054970531458,147.44003577959904,8.770999454281185,-8.384275500800918,30.55164739135965,2.043731385982771,0.7373830147012929,0.03997629354524784,3.9976293545247845,0.03792435958426683,-0.010579527445805575,-1.0579527445805574
2017,33.650283333333334,1618.40286909743,584.0,14622.0,1578.032967032967,611.7362637362637,2.539608880176001,detected,1619.484758443125,583.9055213022874,-18.852415449645378,-29.729507594674033,35.203084951575036,-9.30760496104913,-30.438695397797467,31.829949538616034,33.83547954311135,30.18583474273508,147.806341882869,8.985278670892196,-8.340626945528394,30.717741287184,2.0435138907799684,0.7367893013278075,0.040163974181218975,4.0163974181218975,0.03808938137884553,-0.010524450404452233,-1.0524450404452232
2018,33.66696666666667,1619.7692307692307,583.275,14481.5,1576.8188405797102,609.9927536231884,2.5851097205155,detected,1619.2830914233555,583.4170564623374,-18.70026300297559,-28.878910261064675,34.40481498638067,-9.233376216801126,-30.574453701840017,31.93826005791404,33.80134417459871,30.357120985050734,148.25549092101812,8.35290538087136,-8.234123952828018,30.858575117079063,2.0432594213543918,0.7361729419083123,0.040300643606200684,4.030064360620068,0.03830551543854983,-0.010390061770129992,-1.0390061770129992
2019,33.68365,1618.8828828828828,582.448048048048,14427.0,1576.514705882353,608.9816176470588,2.582086511180808,detected,1619.1448590700327,582.9042267587262,-16.253806091684055,-24.207977875306824,29.158401967141657,-9.263739003935614,-30.597439141510524,31.969049756780045,33.82640826767498,30.56818020785619,148.6551539810847,7.363884590930114,-8.00469869853431,30.95068563210129,2.0430849956719657,0.735525838181358,0.04033949496123665,4.033949496123665,0.03857183622442422,-0.01010056618111585,-1.010056618111585
2020,33.70033333333333,1617.8907071887784,582.6201052016365,14575.5,1578.785123966942,612.0413223140496,2.496587092027874,detected,1618.9758395781116,582.4212351865414,-15.489862288928634,-21.155193114841722,26.219802239075335,-9.515141464681038,-30.8475646786503,32.28173111368729,33.80523709334119,30.817955362484827,149.06590346870854,5.9824840131756085,-7.695546296956813,31.35105629620476,2.0428717218651253,0.7349163850934276,0.04073404556932151,4.073404556932151,0.0388870099211165,-0.009710468513510175,-0.9710468513510175
2021,33.717016666666666,1618.072403560831,581.8,14633.5,1575.9493087557605,607.9354838709678,2.586268346691426,detected,1618.7943239139172,581.9570248621834,-12.440595213531651,-23.174948713073263,26.30297810363919,-9.602721089276223,-30.843112743526657,32.30340316481109,33.86791928537336,31.104975443860962,149.7040265531672,5.978237083017906,-7.268043772084562,31.475155214158825,2.042642680017561,0.7343306307409255,0.040761392006070776,4.076139200607078,0.03924918037080248,-0.009171033150895347,-0.9171033150895347
2022,33.7337,1617.5502364066194,581.410756501182,14762.5,1574.5906976744186,605.9162790697675,2.6231976497099194,detected,1618.617075425415,581.4567221583341,-12.246141320245897,-23.547005604110836,26.54108984490767,-9.668094633187534,-30.96837542010107,32.44244642434645,33.97027601698853,31.42726121366569,149.88842779409794,4.623136965996502,-7.172997461358882,31.639539146705797,2.0424190226188204,0.7336993339537339,0.040936840914001835,4.093684091400183,0.039655850111881004,-0.009051100897613733,-0.9051100897613733
2023,33.75038333333333,1617.6593137254902,581.4246323529412,14712.0,1574.4730290456432,605.6639004149378,2.6301362492541878,detected,1618.4344058854567,580.9544787499134,-12.058686800824944,-22.22715659410187,25.28751505425387,-9.714590187668756,-30.936057176225212,32.425497623398556,34.11006911727198,31.7822413141031,150.17415867481083,3.8993024574202355,-6.958713507668282,31.67000477491629,2.0421885247766016,0.7330655883279665,0.04091545441438304,4.091545441438304,0.04010377452883672,-0.00878071105068553,-0.878071105068553
2024,33.767066666666665,1618.0822669104205,582.2480195003047,14761.5,1573.6782608695653,604.2130434782608,2.682223659761233,detected,1618.2372625086016,580.4857687503408,-7.5221584290197825,-20.930036818224153,22.240712862754467,-9.777565873100777,-31.11138633078937,32.61164138503998,34.27185430300118,32.16669188376879,150.29443501445414,1.8170982245923704,-6.924399482468186,31.86803799473144,2.041939763417794,0.7324741561518496,0.04115033613254256,4.115033613254257,0.04058888565775242,-0.008737412596174367,-0.8737412596174366
2025,33.78375,1617.3363309352517,580.9412470023981,14598.5,1573.624521072797,604.2988505747127,2.650840615925084,detected,1618.0254386608244,579.9594147709258,-4.557796518447958,-26.07449900830329,26.469850918310545,-9.8844037535395,-31.313566751110873,32.83657869266014,34.436686683711415,32.576709992133445,150.2157402021654,0.4933558234680575,-6.975868562207619,32.0870403440714,2.0416724778054567,0.731809987092651,0.04143416869736295,4.143416869736296,0.04110625866515261,-0.008802357807202043,-0.8802357807202044
2026,33.80043333333333,1617.6035398230088,579.4837758112094,14612.5,1571.7094339622645,601.3094339622642,2.6976829366408763,detected,1617.8216847978672,579.4867864105571,-3.1806398560925118,-29.26540103698062,29.43773374003968,-9.981268808759626,-31.526914725248293,33.06920136812795,34.600095991447965,33.007727255107824,150.48146235466456,-1.1961060217179564,-6.847809185747815,32.352427860693595,2.0414153751392647,0.7312136106126904,0.0417276988872277,4.17276988872277,0.04165012902852722,-0.008640768688640776,-0.8640768688640776
2027,33.81711666666667,1616.5746050321825,579.5184318314804,14565.0,1572.5938697318009,601.7126436781609,2.6742440414042874,detected,1617.5793515443002,578.9816418556263,-0.6867273082716565,-34.2452557858046,34.2521406372085,-9.831238016207434,-31.764996001677865,33.25158961490312,34.79476231487461,33.45456547499839,150.3289303400337,-3.4283095984544514,-7.18212698096348,32.466679287343965,2.0411095918540068,0.7305762042342289,0.04195784178536671,4.195784178536671,0.042213962744477466,-0.009062620796168428,-0.9062620796168428
2028,33.833800000000004,1615.2503660322109,584.590531966813,15052.0,1572.565543071161,601.4082397003746,2.7662716492929715,detected,1617.3917572367388,578.4633274473802,1.2847086387650961,-40.43089224298228,40.45129817261941,-9.535952614830974,-32.11097140671987,33.496998029009745,34.946958469153344,33.911531716982566,150.38852398364278,-4.966447766201777,-7.576026264803463,32.62901627371703,2.0408728797939926,0.7299221797443283,0.042267505399381386,4.226750539938139,0.04279057629903163,-0.009559654592811941,-0.9559654592811941
2029,33.85048333333334,1614.340486409156,583.2203147353362,15183.0,1571.9838056680162,600.6477732793522,2.751258715235948,detected,1617.244336355048,577.9479713918752,0.49225655224199727,-42.447853726348285,42.45070791502405,-9.468078393927433,-32.4161656965883,33.770583455756636,35.04392679880501,34.372546505574576,150.4591971013924,-6.379061931027862,-7.745298202260427,32.870391885407834,2.040686859754004,0.7292718881916407,0.04261272360347841,4.261272360347841,0.0433722984297471,-0.009773246942915367,-0.9773246942915367
2030,33.86716666666667,1615.787841191067,577.3535980148883,14923.0,1575.4905660377358,605.4245283018868,2.5331547478103764,detected,1617.09020166352,577.4427276850323,-0.9040234989215605,-40.552475944884236,40.562551248004816,-9.242390662891093,-32.79327276797803,34.07081630957066,35.18134477826853,34.83129624224066,150.45857743410392,-7.575492357929441,-8.127935554370769,33.087115129979246,2.0404923680296783,0.7286343567003563,0.04299156632122481,4.2991566321224814,0.04395116245077686,-0.01025607010015239,-1.025607010015239
2031,33.88385,1617.6350741457125,576.8452611218569,14811.0,1574.4787644787646,603.1853281853282,2.5936041219028563,detected,1616.9588937994765,576.8934897176059,-1.9008879468051418,-41.57067144703137,41.614109380633614,-9.153886722466547,-33.256966739707735,34.49375999878494,35.23363896565025,35.28139969039088,150.2952142495756,-9.329286545354858,-8.528889702053092,33.42270963437866,2.0403266798731567,0.7279413119465059,0.04352524920982327,4.352524920982328,0.04451911632856893,-0.010762005933190023,-1.0762005933190024
2032,33.900533333333335,1617.7757985257986,576.0178132678133,14691.5,1576.1880341880342,604.9401709401709,2.5339245305902725,detected,1616.8727257811063,576.3179146856174,-3.8624496389843443,-44.93604689184076,45.10173863033888,-8.938158976268685,-33.847554988091055,35.007822905129366,35.31472028563184,35.7165783546229,150.0315016753104,-11.859186814938651,-9.164529801094776,33.786965801648215,2.040217950512437,0.7272150343036182,0.044173909028554406,4.41739090285544,0.045068237671448456,-0.01156407545879467,-1.1564075458794671
2033,33.91721666666667,1618.1513117754728,574.8859060402684,14926.0,1574.812030075188,602.6842105263158,2.5712789066119224,detected,1616.744146446359,575.721886152173,-9.576856231367856,-45.94661029368649,46.9340726206046,-8.67837165258008,-34.358289981377155,35.437356348699424,35.33695852104079,36.130821510654854,149.7344537255362,-14.89102894623442,-9.821365879481359,34.04918497183253,2.0400557052950905,0.7264629478260859,0.04471590706460495,4.471590706460495,0.045590941969280575,-0.012392890699661022,-1.239289069966102
2034,33.9339,1617.1261950286807,575.0943275971956,14722.5,1571.060070671378,597.6325088339222,2.686576191312266,detected,1616.6375473239618,575.0938555347636,-12.45064295425209,-44.90015265185457,46.594444069374944,-8.681438165497372,-34.847909729055374,35.913008522062675,35.36050580555133,36.518538179807344,149.23822629487563,-16.94130404112688,-10.363677708165692,34.38514745448994,2.039921195361466,0.7256704801700488,0.0453160990814671,4.53160990814671,0.046080174359378355,-0.01307719584626586,-1.3077195846265859
2035,33.950583333333334,1616.2904024767802,574.276160990712,14727.5,1573.9244604316548,600.7086330935251,2.583778609442952,detected,1616.5382945739948,574.454575194205,-14.406161336505193,-41.620411982911264,44.04311726116443,-8.820988156671548,-35.264235244342764,36.35073753623833,35.41235725481222,36.87469020262452,148.77805332640966,-19.74959748061398,-10.735971819799879,34.72916682722102,2.039795955298416,0.7248638172797539,0.04586843853153102,4.586843853153102,0.04652957754274388,-0.013546967595961993,-1.3546967595961994
2036,33.96726666666667,1616.973751600512,573.1805377720871,14625.5,1572.4873646209387,598.7797833935018,2.6194277802052235,detected,1616.432785647282,573.804271565469,-14.304828193632602,-40.663765818874026,43.10649556878376,-8.620507036139966,-35.49968391115364,36.53136596613873,35.52882026457174,37.194902529663764,148.11143330703018,-20.134786574239126,-11.43390414012178,34.69591525621518,2.039662821006034,0.7240432448775634,0.0460963608405536,4.60963608405536,0.04693363095225712,-0.01442763929352906,-1.442763929352906
2037,33.98395,1616.2265090230242,572.5158680771624,14612.5,1573.7421602787456,600.2578397212544,2.563116444021295,detected,1616.3076183974858,573.152430645923,-11.456254998718578,-38.06052874044735,39.747322256953154,-8.486322322980477,-35.64475087357183,36.641041625594056,35.62205282816713,37.47554871463245,147.34062571356287,-20.41394684706146,-12.090877755952516,34.588677432060464,2.039504881258657,0.7232207326762435,0.04623475283986632,4.6234752839866315,0.047287758630451045,-0.015256628083220841,-1.525662808322084
2038,34.00063333333333,1615.8084054388137,571.9449938195303,14568.0,1572.905084745763,598.4169491525424,2.5887566039471337,detected,1616.2204134504716,572.4878846651342,-11.681221894724331,-33.90936735931723,35.864970927953024,-8.521601920130115,-35.66927506388389,36.673081175000476,35.8153468892958,37.713811190476875,146.7523165208789,-20.612408826033306,-12.42932934799154,34.50256011990024,2.039394843470627,0.7223821888519044,0.046275181293375996,4.6275181293375995,0.04758840528766799,-0.015683696338159674,-1.5683696338159674
2039,34.017316666666666,1615.5270100502512,571.1853015075377,14712.5,1572.6333333333334,597.7592592592592,2.5869358511478624,detected,1616.1228933169182,571.8596653815517,-10.521829810421423,-35.384004566066324,36.9152635327296,-8.54841592639757,-35.70972864113559,36.71866193741579,36.00584832359807,37.90771712205644,146.3920816207812,-20.46073923175042,-12.646069105729056,34.472265238120805,2.039271789674345,0.7215894831312957,0.04633269645099784,4.633269645099785,0.047833081542027055,-0.015957184991456225,-1.5957184991456226
2040,34.034,1615.7160864345738,570.3799519807923,14728.5,1574.623076923077,600.2038461538461,2.5137827933298045,detected,1616.029449434347,571.2161559239458,-9.425763378734246,-32.86503667486727,34.18999343246878,-8.545501834872555,-35.86939146616409,36.87328091942369,36.11222363459236,38.05615143220626,145.70947867536813,-20.653712141801822,-13.148213028765067,34.44943163410606,2.0391538794124253,0.7207774838157046,0.0465277992674116,4.65277992674116,0.04802038035609624,-0.016590805083615226,-1.6590805083615225
2041,34.05068333333333,1616.1469706058788,570.2627474505099,14647.0,1572.8140350877193,597.4035087719299,2.582036779108253,detected,1615.9560928577723,570.5638831190628,-10.459933378574988,-30.48361699989846,32.22826572561306,-8.739375835017428,-35.95864364575467,37.005415047369205,36.177711284574215,38.158849032955736,145.00798164636169,-20.51477244153551,-13.461351325823674,34.470172081247355,2.039061315908861,0.7199544266486597,0.04669453002822613,4.669453002822613,0.04814996723401355,-0.016985932272332714,-1.6985932272332713
2042,34.067366666666665,1616.5589353612168,570.0589353612168,14679.5,1575.8623188405795,600.0688405797101,2.506200929770134,detected,1615.832626952131,569.9070531249629,-8.572737337056878,-28.21099827304147,29.4847799552874,-9.093654097810854,-35.94741944422503,37.07979921129131,36.15492114670425,38.21636844515129,144.4137786529708,-21.543763171924773,-13.523459048196983,34.525752199212384,2.0389055229679887,0.7191256190851267,0.04678839017197642,4.6788390171976415,0.04822254693394485,-0.01706430163810345,-1.706430163810345
2043,34.08405,1612.8096457533077,573.9103713188221,15369.5,1577.0838926174497,601.2181208053692,2.488957018393267,detected,1615.754614002732,569.254375049459,-7.953094557643453,-30.210336893915382,31.239656980938232,-9.258144284611117,-36.01008847152354,37.18117409821306,36.0697708346573,38.230048948375156,143.69629808699318,-21.2148488071843,-13.859275821543516,34.501596789482214,2.0388070839151196,0.718302050535595,0.04691630801036349,4.691630801036349,0.04823980939858064,-0.017488045200685826,-1.7488045200685827
2044,34.10073333333333,1614.558426306518,568.4051673517322,14620.5,1576.2508250825083,600.2739273927393,2.4476905918219423,detected,1615.650197859685,568.5972226547252,-8.206645889373249,-30.054936208929348,31.155227928493463,-9.546308139628815,-36.149984748280794,37.38921497434357,36.04983162023305,38.20195323735772,143.10064166970957,-21.479415843778973,-14.07075787645745,34.64054227606415,2.038675328529571,0.717472836157382,0.047178820156900406,4.717882015690041,0.04820435739729681,-0.017754899528652935,-1.7754899528652934
2045,34.11741666666667,1615.0467466835123,568.3246999368288,14568.5,1576.639705882353,600.0,2.4519554339866394,detected,1615.4624741582254,567.9415042829979,-9.612746564489953,-33.62548485688785,34.97253391411477,-9.7220681451963,-36.08307986985125,37.36987104491939,36.07253365509969,38.13479733167822,142.20702679674275,-21.784257101068825,-14.429405765423517,34.47172045562373,2.038438453196499,0.7166454312719217,0.0471544114131475,4.71544114131475,0.04811961808413656,-0.01820745206993504,-1.820745206993504
2046,34.134100000000004,1614.8519402985075,567.9020895522387,14509.0,1575.075907590759,598.09900990099,2.4922461442890174,detected,1615.2769351394013,567.2923479348636,-6.132499017787268,-36.980049857435915,37.485085456239894,-9.840426321409193,-36.120427714434456,37.43687070871132,36.09297921692767,38.03186927674766,141.29336278970095,-20.337114022778152,-14.908242382872675,34.34040764921532,2.038204334560759,0.7158263065424147,0.04723895357566097,4.723895357566097,0.04798974041229989,-0.018811662312773092,-1.8811662312773092
2047,34.15078333333334,1612.688446969697,572.5454545454545,15221.5,1577.4662162162165,599.5540540540541,2.48742250977471,detected,1615.070160646529,566.6222171713367,-2.314099380665084,-39.88389219467217,39.95096885608441,-9.99664781544472,-35.99399806280955,37.35640325421565,36.12870026413794,37.896938091299695,140.55801866317168,-18.819743701185928,-15.146768101829364,34.14785908605367,2.0379434203741695,0.7149807156736111,0.04713741735547716,4.713741735547716,0.04781948024138763,-0.019112641137955036,-1.9112641137955035
2048,34.16746666666667,1614.8164676304211,566.076052796983,14534.0,1576.6039603960396,598.4917491749175,2.438085952105333,detected,1614.8898181019617,565.9640568464824,-0.6627053845845694,-41.64172236188847,41.646995326089964,-10.245807911892959,-35.713410130706556,37.15406092113569,36.16267648194531,37.734154549410015,140.0193039678508,-17.860261841930388,-15.095956141518228,33.949025775489055,2.0377158588037374,0.7141502294592839,0.0468820957995403,4.68820957995403,0.04761407514121138,-0.019048525099707544,-1.9048525099707545
2049,34.18415,1614.7156923076925,566.264,14632.0,1574.0921501706484,595.4027303754266,2.519358784254255,detected,1614.7445197663212,565.3758769646417,-0.9555440926278607,-42.06852650723749,42.07937721738642,-10.542085674365614,-35.282532257669764,36.82380551870179,36.3199539362112,37.54794576529842,139.51965395129986,-15.85140989543922,-14.886354395326022,33.68069336720861,2.037532517055295,0.7134080466430811,0.046465369739686804,4.64653697396868,0.04737911137577088,-0.0187840434010423,-1.87840434010423
2050,34.200833333333335,1614.4118001204097,564.6718844069837,14673.0,1578.3087248322147,599.006711409396,2.381292866531006,detected,1614.5562727284873,564.7779545027593,-4.959669797791321,-45.01545970322695,45.28785639435778,-10.860217448862826,-34.94122341166155,36.59007265010866,36.452243921996846,37.342906125813265,138.99361517066774,-13.809736467662654,-14.73092746523227,33.49377841561467,2.0372949813608674,0.7126535703504849,0.046170438675215975,4.6170438675215975,0.04712038627862873,-0.018587921091775737,-1.8587921091775736
2051,34.21751666666667,1615.7553191489362,564.4148936170213,14492.0,1576.8456375838923,597.0234899328859,2.444072122049507,detected,1614.3641537587241,564.1635096860437,-7.911797888194997,-46.776906192457545,47.441284750327114,-11.08212948849962,-34.72923311678307,36.45453643759216,36.56456604277722,37.1236877660515,138.66521632625523,-11.451202729170696,-14.616022545844954,33.39618409068747,2.037052559947917,0.711878245660623,0.045999415063207774,4.599941506320778,0.04684377005180001,-0.01844293065721761,-1.8442930657217609
2052,34.2342,1615.3702177751618,563.5279576221307,14567.5,1577.7612903225806,597.9290322580646,2.400712380631733,detected,1614.1369503686753,563.5787995955129,-8.264364156912507,-46.446706259368284,47.17622533927551,-11.45045678831287,-34.430580740132,36.28467790629771,36.69672273274826,36.89489436342353,138.33664237647318,-8.971171167701248,-14.3336043167537,33.33355123677207,2.036765867973092,0.7111404411299848,0.045785082531605945,4.578508253160594,0.04655507175195399,-0.018086566961203407,-1.8086566961203407
2053,34.250883333333334,1613.9251461988304,562.8461988304093,14742.5,1577.8817567567569,596.9256756756756,2.3841939069231746,detected,1613.9256461080286,563.0101390949912,-11.871486748959342,-42.61603110616079,44.23865170721166,-11.606338380459347,-33.96058442045172,35.88911234316546,36.71771112905476,36.660982412643335,138.22124486096246,-5.296512119051123,-13.971328816935639,33.05798475209001,2.0364992379912032,0.7104228884479385,0.04528594617434128,4.528594617434128,0.046259914716269196,-0.017629436992978725,-1.7629436992978724
2054,34.26756666666667,1614.499416569428,561.6476079346558,14567.0,1577.2133757961783,595.9331210191083,2.3980934219936096,detected,1613.7109858734486,562.50132969051,-16.517265316475914,-41.45049745517986,44.62021731028133,-11.790372448849224,-33.5256096693152,35.53842126743764,36.69620264055002,36.42617423767626,138.39041292069493,-2.5648710402240966,-13.44721761116593,32.896074609287545,2.036228373341891,0.7097808576536405,0.04484343377594655,4.484343377594655,0.04596362679832967,-0.016968097932070575,-1.6968097932070574
2055,34.28425,1613.6137689614936,561.2287047841307,14569.5,1577.0668789808915,595.2738853503184,2.39161862307491,detected,1613.4753560681531,561.9507049792089,-16.97447625868199,-35.93373512748576,39.74124009727002,-11.843115161696828,-33.28160291554948,35.32597442904476,36.74140340546656,36.19438669517256,138.20647810547635,-1.436613359588751,-13.3508130997337,32.70596671767254,2.0359310486664395,0.7090860630652479,0.04457536205557699,4.457536205557699,0.045671150404003234,-0.016846451860862713,-1.6846451860862712
2056,34.30093333333333,1613.2249712313003,560.3250863060989,14593.5,1578.2195945945946,595.9527027027027,2.3473852406160742,detected,1613.2531783159493,561.4346809499978,-17.366005018992382,-32.79020547778555,37.10492831949775,-11.822495123023053,-33.14960168472863,35.194708164581606,36.80301314535154,35.96917874396048,138.27065783754034,-0.24594408176331495,-13.241696214720934,32.60866394299393,2.0356506981904725,0.7084349286435303,0.044409726390639254,4.440972639063926,0.04538697633307316,-0.01670876493971096,-1.6708764939710958
2057,34.317616666666666,1614.0485096434834,560.0,14402.0,1580.7679180887371,597.8498293515358,2.292045166449105,detected,1613.048492479061,560.9353592068547,-16.222204176548985,-27.360478420426034,31.80810726434759,-11.7831892058629,-33.15964636192203,35.19098882823403,36.80584253672122,35.75371978251074,138.38341170727443,-0.16571993755129338,-13.213555601007988,32.616064187574246,2.0353924195319384,0.7078048696616465,0.044405033221746416,4.440503322174641,0.04511510382651198,-0.016673256278874435,-1.6673256278874435
2058,34.3343,1612.735860058309,559.7043731778426,14595.0,1577.0942760942762,594.1548821548822,2.3731858555677867,detected,1612.849321211671,560.3958103762393,-14.157245075257379,-25.19108746454708,28.896686241978685,-11.575597072646822,-33.13885282449023,35.102393281819026,36.762976896684826,35.550778968057784,138.35056852374916,1.4458892370556025,-13.37354891491816,32.454987344502,2.0351410993207204,0.7071240509479361,0.044293240734156504,4.429324073415651,0.04485902708903191,-0.016875140586647523,-1.6875140586647523
2059,34.35098333333333,1611.9385171790236,559.2778782399035,14688.0,1579.608856088561,596.409594095941,2.2871715794676435,detected,1612.6476434409242,559.8859045667657,-15.252862701311187,-24.221210245894554,28.623711261135885,-11.586000491286665,-33.01450558997034,34.98846933968787,36.662406280908264,35.362733779731215,138.8468538797827,2.7886475498437027,-13.002268733174322,32.48282614743667,2.034886616329242,0.706480636677307,0.04414948812578911,4.414948812578911,0.044621746094298066,-0.01640664824375309,-1.640664824375309
2060,34.367666666666665,1613.0212014134277,559.2897526501766,14759.0,1574.1538461538462,590.4825174825176,2.465302383294069,detected,1612.424097961459,559.3774743397303,-16.564199802964595,-24.68147994955848,29.724538139607645,-11.698293865363835,-32.94979145409304,34.96482283994346,36.60704284095538,35.191594086748296,139.17742516207608,3.4397299462536868,-12.68736037835739,32.581739101194685,2.0346045400144592,0.7058390843403537,0.044119650271222034,4.4119650271222035,0.044405796954887444,-0.01600928754366863,-1.600928754366863
2061,34.38435,1613.0710814094775,558.9343863912516,14614.5,1572.9214285714286,589.1928571428572,2.4957646399389843,detected,1612.2299376464719,558.8666014840684,-18.749882365243593,-24.276791670715966,30.674430761365674,-11.706029080938318,-33.03005129559735,35.04305074381462,36.52976955278916,35.03903619895578,139.63034858685515,4.30941264221878,-12.475500141637067,32.74717242220433,2.0343595427715733,0.7051944498221684,0.044218360560018447,4.421836056001845,0.044213294888272275,-0.015741956014684,-1.5741956014683998
2062,34.40103333333333,1608.7601528905875,562.72049689441,15284.5,1574.9625,591.065625,2.443712245893149,detected,1612.0152916093562,558.3455355055088,-21.67151463803748,-26.671515860699856,34.36603417641082,-11.790136710179569,-33.103241637257845,35.14017544832987,36.4640610934,34.90644010475458,140.1165102859329,4.185665185946811,-12.1795823629112,32.961943268024534,2.034088696037043,0.704536953319254,0.04434091539221435,4.434091539221435,0.04404598120473764,-0.015368558186638738,-1.5368558186638739
2063,34.41771666666667,1611.7542319749216,557.7059561128526,14527.5,1575.3824561403508,591.3929824561403,2.394497121054159,detected,1611.7599009048508,557.8223182830925,-20.954993134054803,-29.770538741953033,36.40599832767137,-11.754387471953942,-33.180864134160956,35.201354654764025,36.45916491964949,34.79492260056585,140.6284808051361,4.45479036050075,-11.961441715585213,33.10678603572286,2.033766436472998,0.7038767423130505,0.04441811312903978,4.441811312903978,0.0439052651111241,-0.015093301849318883,-1.5093301849318883
2064,34.434400000000004,1611.6050836949782,556.9194048357099,14611.0,1572.730375426621,588.3310580204778,2.461978829181775,detected,1611.5211906465827,557.2837338643402,-18.209057189051236,-30.771032959743707,35.75508681465858,-11.840749647712949,-33.25629084388502,35.30133471857523,36.34185645051576,34.705359447841744,141.23276463871255,4.33159872298513,-11.591506973121994,33.34398295052571,2.033465224790641,0.7031971405228268,0.044544270938265275,4.454427093826528,0.04379225166920094,-0.014626507221605042,-1.4626507221605043
2065,34.45108333333334,1610.372770511296,556.6474435196195,14678.0,1571.847014925373,586.3731343283582,2.484422981499811,detected,1611.3095372117305,556.7385141283319,-17.311266777054698,-33.271634351616285,37.50575435655188,-11.970917332675949,-33.39335528556161,35.474202443656246,36.21883799803094,34.638391083022704,141.54448296648118,4.434082152489872,-11.393236151290758,33.5948390234933,2.0331981542103854,0.7025091660925323,0.04476240055981861,4.476240055981861,0.04370774900065957,-0.014376323219294333,-1.4376323219294334
2066,34.46776666666667,1610.2893045002922,556.4675628287551,14717.5,1575.2707581227437,589.9891696750902,2.3780313480855377,detected,1611.1108824378462,556.2058983282151,-12.301919895605351,-31.78904313866269,34.086368195946726,-11.99236723184345,-33.479381743917266,35.562422214724535,36.096409013586886,34.59440862936178,142.09414693927758,4.624938150764373,-11.106353824087702,33.783646613598506,2.032947485725989,0.7018370956822904,0.04487371888293317,4.487371888293317,0.04365225063641865,-0.014014326591908773,-1.4014326591908772
2067,34.48445,1609.8208508088676,555.5721989215099,14664.5,1571.1875,585.3235294117646,2.4853546204181987,detected,1610.9207534840907,555.6598916054725,-8.714976210908844,-28.94909677812575,30.232449696079836,-11.859901546612653,-33.38985309216699,35.43359358309341,36.0445014414168,34.573519754531866,142.3887491487207,4.8472653749859385,-10.982795662635539,33.68854039053388,2.032707575374247,0.7011481282087981,0.04471115909538601,4.471115909538601,0.04362589243474053,-0.013858417239918663,-1.3858417239918663
2068,34.501133333333335,1609.487104337632,554.753223915592,14635.0,1573.1760563380285,587.1056338028169,2.4137835047696727,detected,1610.6763765033077,555.1428889022388,-10.60075911285503,-26.111570440753212,28.181380460353534,-11.844925475794083,-33.17843869937474,35.22940609853199,35.97416071174623,34.575496916778924,142.78242256393136,4.284720880595213,-10.635121239529665,33.58578940974573,2.032399213253385,0.7004957588671784,0.04445350927259557,4.4453509272595575,0.04362838727669265,-0.013419711343255099,-1.3419711343255099
2069,34.51781666666667,1610.8948655256725,554.8288508557457,14714.0,1571.1793103448276,585.0551724137931,2.491044244876368,detected,1610.4018517588336,554.5827566743999,-10.162649270921065,-25.37261955528834,27.33220194754079,-11.773432775132294,-33.115933338592306,35.146532690958985,35.95037469598749,34.59971332836838,143.20352192053048,2.7091707200082866,-10.407805081061678,33.57017059222779,2.0320528097903265,0.699788967412492,0.04434893714947506,4.434893714947506,0.0436589442629254,-0.013132877073894864,-1.3132877073894864
2070,34.5345,1610.8051470588234,553.8149509803922,14781.0,1567.270742358079,579.6681222707423,2.6057029827375846,detected,1610.174905918517,554.0386215982529,-8.589231644305528,-25.918676344981805,27.304810633210018,-11.727990231347261,-32.96883625032422,34.992712363680376,35.90396498581179,34.6450741458581,143.5248681951391,1.4564470754826369,-10.168458036868138,33.482717627452544,2.0317664427993907,0.6991023616381741,0.044154842099281236,4.415484209928124,0.043716181887518114,-0.012830861876174307,-1.2830861876174307
2071,34.551183333333334,1610.788330229671,554.1700806952203,14707.5,1568.156779661017,581.207627118644,2.5763946232514576,detected,1609.908878472679,553.5131262458314,-10.36952562451188,-26.32256540449407,28.291421158211133,-11.471119207926577,-32.84376470884103,34.7893583748274,35.860387706968076,34.70995168351659,143.77677246358587,1.1153534580512432,-10.15446582549036,33.274408784095954,2.0314307614797213,0.6984392760199766,0.04389824400609136,4.389824400609136,0.04379804628834902,-0.012813206088946828,-1.2813206088946827
2072,34.56786666666667,1609.7598306110103,554.0707803992741,14727.0,1570.2916666666667,583.5,2.5008848936873096,detected,1609.660302927712,553.0156080987132,-11.206737263528794,-24.51200105464227,26.952349726815072,-11.213437375522188,-32.651664218248676,34.52350437015366,35.833349077210706,34.7921337003409,143.9851955689847,0.8815772961403203,-10.128833458844701,33.0042283163689,2.031117101486072,0.6978114928690388,0.043562781539626075,4.356278153962608,0.04390174599412101,-0.012780862408636847,-1.2780862408636846
2073,34.58455,1608.669126691267,553.0971709717097,14740.5,1567.5401459854015,579.7846715328467,2.5660098435948915,detected,1609.4306396062088,552.4835058991627,-13.64883004321473,-26.656156928417886,29.947308121782864,-10.949231177708105,-32.648335328218344,34.435439057556465,35.80632463266287,34.88879303743525,144.22170112088946,-0.4576967788419101,-10.204913053736169,32.88858787866044,2.0308273054967936,0.6971400705352211,0.0434516581167905,4.34516581167905,0.04402371361190568,-0.012876861897458888,-1.2876861897458889
2074,34.60123333333333,1608.9050517346318,552.6335970785149,14782.0,1566.618320610687,578.2022900763359,2.5977606847061097,detected,1609.2061125468408,551.9814553943339,-14.989178803317827,-29.345575333664783,32.952060221807486,-10.635592897344008,-32.55728904837282,34.25044388701161,35.79060127403106,34.99648519864033,144.51429846154474,-0.7915874422110787,-10.239356593739801,32.68407078384773,2.030543990595383,0.6965065683209262,0.04321822572493579,4.321822572493579,0.04415960277430957,-0.012920323777589655,-1.2920323777589655
2075,34.617916666666666,1608.930889423077,552.0913461538462,14626.0,1566.6939655172414,578.4051724137931,2.584429035629391,detected,1608.9807797598987,551.4574410647524,-11.864266109716027,-32.86561799117135,34.94151765827812,-10.299124345170664,-32.669000376191214,34.25398586817115,35.683850912500205,35.111178084945934,144.380021767694,-1.4935576230522807,-10.654501747589435,32.554832826594,2.030259659003027,0.6958453515012649,0.04322269510179325,4.322269510179325,0.044304325659237774,-0.013444166243015062,-1.344416624301506
2076,34.6346,1608.6439024390245,551.5042682926829,14612.5,1565.809885931559,576.2015209125475,2.6185715030584653,detected,1608.8180786590365,550.9389862185279,-8.933487637053531,-39.735978583542874,40.72781844578919,-9.726664644423394,-32.73502433227405,34.14952156531113,35.5365330334457,35.22831530966107,144.58224262296483,-2.961828289527838,-11.044324084302366,32.31428056851257,2.0300543579293837,0.6951911498025589,0.04309087894676484,4.309087894676484,0.04445213288285309,-0.013936055626879957,-1.3936055626879957
2077,34.65128333333333,1606.6823069403715,556.9296187683284,15199.5,1566.8910505836575,577.6031128404669,2.6624286981442635,detected,1608.6696614371535,550.4090205735052,-3.7453533736352256,-41.31029284696524,41.479729591638225,-9.174690457640663,-32.8621636704928,34.11886202820632,35.370153362317836,35.342911692742376,144.56347015967833,-4.342988658084934,-11.578352018062471,32.094213039823984,2.0298670806777963,0.6945224234365998,0.043052191833698836,4.305219183369884,0.044596733997151264,-0.014609907909227095,-1.4609907909227096
2078,34.667966666666665,1608.4085554866708,550.1345319280844,14750.5,1566.7312252964427,577.4387351778656,2.5616173071667947,detected,1608.5062454539864,549.8776350790414,-3.0107859673330495,-41.28715967407834,41.39679197829139,-8.847045560631285,-33.05097341653002,34.21457377978074,35.27227653663246,35.449677015520514,144.4330260443178,-5.722602328257044,-12.027730368760889,32.03077834065927,2.0296608775444622,0.6938519054625129,0.0431729637599757,4.31729637599757,0.0447314536473445,-0.015176946837553173,-1.5176946837553174
2079,34.68465,1608.9309689677011,549.8296390120329,14829.5,1566.06529209622,576.1890034364261,2.590267924885445,detected,1608.3949685291045,549.3125758512286,-5.410477263381836,-42.4338511361766,42.777388728915746,-8.485479517526622,-33.31461263635163,34.37828933720414,35.14976578852253,35.543162194292144,144.26732678633482,-6.938249328512974,-12.56778075352981,31.998713484821998,2.029520465020952,0.6931388969731592,0.04337954490498945,4.337954490498945,0.04484941601803425,-0.015858398427166954,-1.5858398427166953
2080,34.70133333333333,1608.7693282636249,548.4493029150824,14844.5,1567.0172413793102,577.2896551724139,2.537100164856495,detected,1608.2665163887164,548.7318498179725,-7.4970932914916375,-43.9988305314871,44.63298663499733,-8.191703610331222,-33.511181490517565,34.497873745057404,35.12472479867285,35.6179208542875,144.085583860763,-8.440164345741369,-13.022447643968505,31.945565424484503,2.0293583803012196,0.6924061196441293,0.043530440056854774,4.353044005685478,0.0449437487120347,-0.016432110591758368,-1.6432110591758369
2081,34.71801666666667,1608.3806292412091,547.1603948180136,14974.5,1569.1735537190082,578.6528925619834,2.4648822230504117,detected,1608.1544653489232,548.1444941825688,-9.050894694350063,-44.32576203376129,45.24037880745306,-8.000674194612424,-33.836572119108446,34.76959016640783,35.091373861807455,35.6686788649819,143.64557263452068,-9.715468161546578,-13.61412488823661,31.993436887390835,2.0292169909765594,0.6916649768865222,0.04387329989452093,4.387329989452093,0.04500779667505603,-0.01717870648357932,-1.717870648357932
2082,34.734700000000004,1608.7444306930693,547.3471534653465,14811.0,1564.768060836502,573.4942965779468,2.6051734701782734,detected,1608.1035125126718,547.533807423514,-8.226490380159248,-44.07245840158339,44.83365625882136,-7.767769662261465,-34.037013498567546,34.912125879522414,35.09091759717063,35.690504645155414,143.21435885304558,-12.389939759226353,-14.16108067735217,31.911131717272923,2.029152697176873,0.6908943942252542,0.04405315568393996,4.405315568393996,0.04503533709167876,-0.017868871517163622,-1.7868871517163623
2083,34.75138333333334,1607.9352428393524,546.6880448318805,14722.5,1569.3806451612904,578.3193548387096,2.4545185403825425,detected,1608.0010701600845,546.9446977130473,-9.123312273781721,-40.65539390336335,41.666483896323314,-7.5848411524579,-34.31644263058111,35.14467314012158,35.124644503836535,35.678973817169,142.7898870957275,-14.139326628758331,-14.71177167569892,31.9172653009008,2.0290234323786556,0.690151038123719,0.04434659071308717,4.434659071308717,0.0450207871510019,-0.01856374974851599,-1.856374974851599
2084,34.76806666666667,1607.7287925696594,545.9504643962848,14695.0,1568.5973154362416,577.0738255033557,2.4696913121712045,detected,1607.8930406232407,546.3349508272581,-12.592443879602797,-39.365273715083504,41.33030870347317,-7.548768151077405,-34.50454328375685,35.320637137789156,35.147638488565256,35.63032289596313,142.05312851861373,-16.22913742450315,-15.265079149919764,31.851605396997737,2.0288871175056666,0.6893816414224078,0.04456862730320398,4.456862730320398,0.04495939797597872,-0.019261929526712636,-1.9261929526712636
2085,34.78475,1607.372524752475,544.9238861386139,14752.5,1568.6335616438355,576.7534246575342,2.45379428900956,detected,1607.861409680127,545.7274538703224,-13.525070370433696,-36.9207676697913,39.32010444863913,-7.504284954820695,-34.55916191075236,35.36452975308374,35.125403043299606,35.54158791692601,141.65152564601985,-17.189156027345373,-15.556733306785429,31.7590619111821,2.0288472046436934,0.6886150837480409,0.04462401230673027,4.462401230673027,0.04484742954817163,-0.019629947390265527,-1.9629947390265527
2086,34.801433333333335,1607.230574857865,544.4870499052432,14712.0,1570.8680555555557,578.6458333333334,2.3874335467990653,detected,1607.8121806022766,545.1037585670347,-12.987894532438531,-34.14060226950437,36.527607746884186,-7.277139324892778,-34.47324334249681,35.23295706160499,34.98388338949577,35.410725021973214,141.17333829105013,-17.30839889775714,-15.944336685287173,31.418774498237628,2.0287850859334724,0.6878280865199177,0.04445798998309779,4.445798998309779,0.044682302866843174,-0.020119036826860788,-2.011903682686079
2087,34.81811666666667,1608.1077770973668,543.8836497244336,14754.0,1570.812297734628,578.0388349514564,2.4001167477728647,detected,1607.7403856594387,544.4888858027884,-11.525100227279836,-33.709299188276646,35.62505841417799,-7.26060053352783,-34.23401444134131,34.99548635006277,34.71801258930661,35.23671087386589,140.5413192811942,-17.575687821604852,-16.150668427107576,31.045772244140753,2.028694492945664,0.6870522218331716,0.04415834239755555,4.415834239755554,0.04446272665472037,-0.02037939233704426,-2.037939233704426
2088,34.8348,1607.2481707317074,543.520731707317,14824.0,1572.3522012578617,579.0283018867924,2.347507635462132,detected,1607.704964852122,543.8634867596984,-6.546531908176803,-30.47185698989074,31.16714854517702,-7.382431889493754,-34.113150688028256,34.902827256071056,34.41587535838379,35.0196212712411,139.81027884232543,-18.293445685845107,-16.374393748455287,30.823474493276798,2.0286497979206586,0.6862630747756447,0.04404142240513698,4.404142240513698,0.044188796556771104,-0.02066169558164705,-2.066169558164705
2089,34.851483333333334,1606.4078455790784,542.7870485678704,14840.5,1568.5871559633028,574.7094801223242,2.440564905434876,detected,1607.6688485460072,543.22387580162,-6.176511606695385,-27.476425821069142,28.162089260712847,-7.5173933299653495,-33.97420178366812,34.79594213862883,34.09328536458223,34.76068647816013,139.1605132172398,-18.311281092978298,-16.529919578388,30.61893773544129,2.0286042252946466,0.6854559947023597,0.04390655159448433,4.390655159448433,0.04386206495666894,-0.020857942685663093,-2.085794268566309
2090,34.86816666666667,1606.311789347696,542.1071214841412,14844.5,1570.4884488448845,576.4752475247525,2.3769235915315328,detected,1607.5721174604023,542.6039344463136,-2.1701803949690657,-26.139312078082867,26.229245487854143,-7.709470944218297,-33.82628813060723,34.69371284447091,33.78278785481867,34.46232160265774,138.65229889045338,-18.63206386762257,-16.55894497554965,30.486965284057458,2.0284821671424638,0.684673734317115,0.043777555639710926,4.377755563971093,0.04348557930934731,-0.020894567792491672,-2.089456779249167
2091,34.88485,1606.521388716677,542.342219466832,14745.5,1568.1344827586206,574.0551724137931,2.451114755062135,detected,1607.4675250935065,541.9667854476828,-0.023456461946352647,-26.941298707762144,26.94130891895331,-7.881188840787159,-33.437674009870335,34.353910705107594,33.558797420678744,34.1281299367434,137.8678850335549,-19.527087787131265,-16.58672029038729,30.084412753832517,2.0283501893924374,0.6838697608172655,0.04334878322411053,4.334878322411053,0.04306388635551218,-0.020929615508375132,-2.0929615508375132
2092,34.90153333333333,1606.877972465582,541.805381727159,14580.0,1571.062091503268,576.4052287581699,2.3734621248735324,detected,1607.3381934419265,541.3427659163698,0.8892630961213399,-27.77873116101341,27.792961227080152,-8.066544120957918,-33.16073234568655,34.12774976111995,33.39343663511346,33.76287662120765,137.14277352488062,-18.88587402594824,-16.641874322324924,29.795156029085756,2.0281869948794027,0.6830823544686054,0.04306340663863716,4.3063406638637165,0.04260299889111376,-0.02099921050135637,-2.099921050135637
2093,34.918216666666666,1607.4312856238123,541.5402153261558,14623.5,1574.4952978056426,579.0626959247649,2.291191218025587,detected,1607.20490468147,540.7330595215028,5.017816971672801,-29.56694789857147,29.98971315631491,-8.338026542771201,-33.001284010025145,34.0383230042007,33.266091151549944,33.37242949532415,136.38847931032444,-19.295519985472204,-16.726127456601432,29.645304741962466,2.0280188071690475,0.6823130088599405,0.04295056530498511,4.295056530498511,0.04211032112974656,-0.021105523604544395,-2.1105523604544394
2094,34.9349,1606.4481912936849,541.0809319435929,14706.0,1572.95,577.1966666666667,2.318611336331658,detected,1607.090808559234,540.1336605017395,7.2019624496924735,-31.895468330229733,32.69845811550551,-8.25672615981297,-32.6650908131098,33.69245738599145,33.201599734766035,32.96366377240678,135.5575567113558,-17.905251565674984,-16.976924486401415,29.102675473053573,2.027874837298718,0.681556669402826,0.0425141418119766,4.25141418119766,0.04159452841944074,-0.021421986733629547,-2.1421986733629548
2095,34.95158333333333,1607.7331686226066,540.2359481161211,14645.0,1571.3215434083602,574.9903536977492,2.3794769489533127,detected,1607.026606421708,539.5356625377674,6.2806271216627465,-34.78738273651811,35.34979879289788,-8.401024579598658,-32.428351173060015,33.498883172283875,33.213549614459616,32.54432752201637,135.11287529407718,-16.084308729393555,-16.93297598583253,28.904143267938988,2.027793825137802,0.6808020978394542,0.04226988412906483,4.226988412906483,0.0410653975041216,-0.021366531212406982,-2.1366531212406983
2096,34.968266666666665,1607.4790273556232,539.5398176291793,14532.0,1570.6130030959753,573.8173374613003,2.392562696675796,detected,1606.9474154396055,538.9461590694692,4.256630761698489,-38.39081715149837,38.62607599797343,-8.440446137801244,-31.897351678301636,32.995184119722325,33.26733500290171,32.12286610195841,134.6061439723358,-14.029631516236869,-16.78221395590746,28.40844011614367,2.027693899608335,0.680058244882611,0.04163430172835625,4.163430172835625,0.04053358498669831,-0.021176295212501528,-2.117629521250153
2097,34.98495,1607.2177470106983,538.9741976085588,14561.5,1573.4653465346537,576.1056105610561,2.308560816099724,detected,1606.831241548527,538.400431128216,1.3823113239232043,-40.2990969764503,40.322797543245834,-8.574106746927606,-31.347311343323597,32.49875743721556,33.37666582725308,31.70820587630386,134.02839267228313,-12.554727658726582,-16.579444411396313,27.95158775405063,2.0275473079476685,0.6793696291838689,0.04100789581983036,4.100789581983036,0.04001035441804904,-0.0209204345885127,-2.0920434588512697
2098,35.00163333333333,1605.8161328588376,538.2467378410439,14665.0,1571.6114864864865,573.7162162162163,2.338042944081803,detected,1606.6886960505967,537.8651679055583,-2.367083108390034,-41.24105762198474,41.30893264442802,-8.907447150472903,-30.883329879082503,32.14222579658568,33.49278906597768,31.309500879386224,133.6269339441167,-10.452199197222626,-16.20904298064946,27.755893154610543,2.0273674398114787,0.6786942181773608,0.04055801362345196,4.055801362345196,0.03950725663014035,-0.020453051079683864,-2.045305107968386
2099,35.01831666666667,1607.507738095238,537.3565476190477,14586.5,1568.7172413793105,570.7689655172414,2.430542814933854,detected,1606.5514866253764,537.3466110342639,-3.6806072531098835,-39.88763572478729,40.05708867934578,-9.21532572916872,-30.390242737933544,31.756717115678086,33.68090871092396,30.935850445794426,133.39798666720466,-8.176798798825821,-15.750014406069017,27.57582506787095,2.027194304890065,0.6780398877403961,0.040071567338395064,4.007156733839507,0.039035773433179086,-0.019873835212705384,-1.9873835212705384
2100,35.035000000000004,1607.428226779252,536.7973462002412,14497.0,1574.7083333333333,575.2291666666666,2.276088142587791,detected,1606.4134132235117,536.8592921917009,-9.290241246194455,-39.135121194071644,40.22270867665638,-9.524932243874895,-29.965767591778565,31.44314808690272,33.8852570001353,30.596000827261257,133.24600112685675,-6.024270874158703,-15.3017908171794,27.46865048381843,2.027020079777302,0.677424974374386,0.03967589663962489,3.967589663962489,0.03860694110695427,-0.0193082533970718,-1.93082533970718
2101,35.05168333333334,1607.3428571428572,536.1541666666667,14463.0,1572.616788321168,573.1459854014598,2.324612459053246,detected,1606.24654252639,536.3883302345187,-12.772601256829603,-36.87416017375767,39.02362145401041,-9.789641382655144,-29.558273271778482,31.137254169404986,34.065846542024275,30.298048693512886,133.13385131472089,-2.9222506658757124,-14.877172750903107,27.3532142197204,2.0268095173834575,0.6768307006113801,0.039289910623854875,3.9289910623854873,0.03823097626941689,-0.018772457729846193,-1.8772457729846193
2102,35.06836666666667,1606.9854545454546,535.3036363636363,14537.0,1571.6897810218975,571.8467153284671,2.338832271981433,detected,1606.099087257046,535.9563799313361,-13.815766322977197,-36.94387876633937,39.442687248628125,-10.130496328994221,-29.096717901178824,30.80983525584883,34.27507815784372,30.049168075769828,133.1373049077405,1.1071072651317742,-14.305659811836776,27.287250609772755,2.0266234539521086,0.6762856529102033,0.038876763729777705,3.8876763729777704,0.03791693132589253,-0.01805130575626092,-1.8051305756260918
2103,35.08505,1606.329185520362,534.8947963800905,14433.5,1571.2631578947369,570.9736842105264,2.3419588729631644,detected,1605.9504676677295,535.5249586426316,-15.973084951531291,-35.158896044289804,38.617190652894635,-10.593199332964401,-28.815967406807914,30.701398171714157,34.52275888593948,29.85538354815434,133.3054830583419,3.2412106916616414,-13.703836486849738,27.47327274351964,2.026435921347293,0.6757412727351819,0.038739934601532064,3.8739934601532062,0.03767240826265532,-0.017291907238927116,-1.7291907238927116
2104,35.101733333333335,1606.449497932664,534.6733608978145,14536.5,1572.429054054054,571.8175675675676,2.3123277833800664,detected,1605.7872972980133,535.146932482556,-20.285865340841156,-32.73881034336023,38.51423159463591,-10.844391813921828,-28.685977907035937,30.66734684149916,34.750427942776504,29.721410262226854,133.71574943097121,5.125808521045905,-13.239216683026306,27.66241681264829,2.0262300281362946,0.67526426811679,0.03869696762334279,3.8696967623342795,0.037503356797762594,-0.01670563619309313,-1.6705636193093132
2105,35.11841666666667,1605.8560380725758,533.6305770374777,14382.5,1568.906015037594,568.718045112782,2.382044086817644,detected,1605.6104498950565,534.7412955137567,-19.92975920851495,-29.34241905180761,35.470732413093316,-11.069450562199254,-28.65772071025742,30.721290533701385,34.94738215582457,29.650575467238944,134.053017252393,6.854769302653192,-12.899358229539736,27.88196996845983,2.026006876839188,0.6747524233612072,0.038765035373755696,3.8765035373755694,0.037413975352982895,-0.016276792718662128,-1.6276792718662128
2106,35.1351,1604.9764150943397,533.7081367924528,14521.5,1572.888178913738,571.4984025559105,2.274775681466666,detected,1605.4124124077805,534.3147935223427,-19.388807426493713,-25.187458556406,31.785750297143018,-11.299061276353193,-28.766051020480212,30.905573559467474,35.12065323530456,29.64482687651263,134.6218356232669,6.378108258973773,-12.537742626887336,28.248176699772806,2.0257569872653383,0.6742142505013788,0.038997569160211326,3.8997569160211327,0.037406721610741496,-0.015820495428249006,-1.5820495428249006
2107,35.151783333333334,1605.625299760192,532.3824940047962,14470.0,1571.609589041096,570.4897260273973,2.2995254138274666,detected,1605.2172795290703,533.9326643118069,-20.79337046904402,-22.3807006206805,30.549304668608098,-11.414363386039371,-28.90102482297355,31.073411903534016,35.257354999123706,29.704822136115894,135.36540989993924,7.607782052427089,-12.182878426507367,28.585562799630708,2.0255107628127074,0.6737320685322485,0.03920935255966437,3.9209352559664374,0.03748242540834813,-0.015372717257422546,-1.5372717257422546
2108,35.16846666666667,1605.1591591591591,532.3105105105105,14524.0,1569.8494983277592,568.3779264214047,2.3455786643753926,detected,1605.0144965358804,533.5422944913203,-21.789109078311867,-20.256406597940213,29.750416512843117,-11.722196040607693,-29.059535701889896,31.334749005279303,35.40618795371726,29.830082826591486,135.80355786214898,7.960107615155476,-11.853726356296237,29.006131536175246,2.025254885218777,0.6732394883171234,0.039539115464074834,3.9539115464074834,0.0376404830619451,-0.014957383414884843,-1.4957383414884844
2109,35.18515,1603.8061831153389,532.0838287752675,14597.0,1570.6,569.4896551724138,2.2967895526679394,detected,1604.777851319164,533.1400335034511,-21.14332184206023,-19.311220628706224,28.635001321590856,-11.924993816214782,-29.253998064403145,31.591167757284055,35.48395931550154,30.01918808772606,136.38136819516674,7.96266404712438,-11.547946502947024,29.40487734771117,2.024956279267084,0.6727319034743864,0.03986267224893887,3.9862672248938873,0.03787910168798241,-0.014571541328639779,-1.4571541328639779
2110,35.20183333333333,1604.6146281499691,532.2778119237861,14502.5,1569.0704225352113,567.693661971831,2.3580033307509547,detected,1604.543189310793,532.7292367601273,-18.5820013819216,-14.774819532747642,23.73996772497801,-12.24503060288037,-29.607461474453466,32.03970270503025,35.54760075584627,30.269978782813602,136.95369247473445,7.746021639287892,-11.261038336006168,29.99552575004683,2.0246601757864897,0.6722135479623057,0.040428646946410414,4.042864694641041,0.03819555682373956,-0.014209512095906837,-1.4209512095906838
2111,35.218516666666666,1604.1992642550583,532.2115266707541,14574.0,1567.704467353952,566.3951890034364,2.388882120910619,detected,1604.2951808764426,532.3043906298348,-15.869868111951291,-14.264399937614598,21.338364967141878,-12.55261765285607,-29.928904366209192,32.45469960576572,35.56735645055729,30.57974381880704,137.3539572132199,7.184130486901385,-11.042738873391578,30.518280499965527,2.024347231389833,0.6716774645171417,0.04095230234166022,4.095230234166022,0.038586427531617715,-0.013934055360746472,-1.3934055360746471
2112,35.2352,1602.9418465227818,531.5713429256595,14612.0,1567.1350364963505,565.4197080291971,2.3843033722233,detected,1604.0564287093684,531.8691036191797,-15.981451409875262,-14.533005532059633,21.60127401245306,-12.625863274207328,-30.285853227768342,32.81227406250447,35.513347446772286,30.945365404868884,137.8213713436927,6.402071067130847,-10.978800835792793,30.921048839922925,2.024045966825702,0.6711282064595328,0.041403500394327414,4.140350039432741,0.03904777969068629,-0.013853376448949897,-1.3853376448949897
2113,35.25188333333333,1602.640579710145,531.4249275362318,14682.0,1566.562015503876,564.6860465116279,2.396804658873948,detected,1603.810222276219,531.4275401701567,-10.934406594986285,-16.6843796037449,19.94817711838198,-12.898391941053243,-30.627432718755255,33.23263681393499,35.509993858686535,31.363408362138085,138.13456205972093,5.303334441233442,-10.83462525047153,31.416859252457932,2.023735296247595,0.670571028605876,0.04193392657909778,4.1933926579097776,0.03957527869039506,-0.013671451420153352,-1.3671451420153353
2114,35.268566666666665,1603.161622276029,530.7070217917676,14726.5,1568.862745098039,566.5137254901961,2.3346898672569583,detected,1603.5243512001205,530.9547741449354,-10.947197914642402,-19.418144057799054,22.291376378137524,-13.236835697555476,-30.939325591338502,33.65197895118402,35.57072985234151,31.83014835793338,138.59120956829037,4.9885419467398,-10.53634962400295,31.95999098766621,2.02337457564684,0.6699744784163223,0.04246306492262968,4.246306492262968,0.04016422505732919,-0.013295078389909086,-1.3295078389909085
2115,35.28525,1603.0867992766728,531.453285111513,14719.5,1567.8856088560883,565.6273062730627,2.3709994066405664,detected,1603.2049569127842,530.4583665431794,-12.477344794053806,-19.453191259430014,23.11083692309013,-13.446620824277657,-31.24112864753285,34.012052727872735,35.66617080234159,32.341543438309614,138.9524340774888,3.950588253243463,-10.374625091433275,32.39115442487035,2.022971554464081,0.6693480965844536,0.04291741669132207,4.291741669132207,0.04080951853414463,-0.013091009579095616,-1.3091009579095616
2116,35.30193333333333,1603.1817647058824,530.5829411764706,14689.5,1564.7716535433071,562.9370078740158,2.441567123083522,detected,1602.9021087020783,529.9606566083727,-10.167579296312852,-19.655714303153445,22.129771203381218,-13.668488693996245,-31.347089645837837,34.197479621195725,35.7788011201508,32.89316113680293,139.3737885632322,3.816586568019618,-10.03674305071784,32.69145762085203,2.0225894116114556,0.6687200714301234,0.0431513938437801,4.31513938437801,0.04150556610322137,-0.012664660000905792,-1.2664660000905792
2117,35.31861666666667,1602.666059502125,529.5944140862174,14737.0,1566.2535211267605,563.669014084507,2.3893506325247995,detected,1602.584691363178,529.4698796749512,-9.26788288137459,-19.88802786817928,21.941451765741295,-13.685097183483546,-31.512944420137845,34.3561865018236,35.99200735555118,33.48007887789834,139.78438399278818,2.2860081675519424,-9.896616622791747,32.89991687481244,2.0221888850008556,0.6681007945425252,0.04335165489189098,4.335165489189098,0.04224615631280548,-0.012487844318980123,-1.2487844318980124
2118,35.335300000000004,1603.318715256331,529.6714021000618,14775.5,1561.6846473029043,559.3775933609959,2.5218591146340863,detected,1602.2993486553164,528.9817382510606,-11.983346108907426,-20.992639743586324,24.172122525129375,-13.635472617276575,-31.635891801117488,34.44932167036837,36.19499221151992,34.09677797299765,139.89484605813925,0.5044355269904206,-9.950327430163057,32.98100586066254,2.0218288311108097,0.667484843219004,0.04346917560929763,4.3469175609297634,0.04302432551797811,-0.012555618208407643,-1.2555618208407644
2119,35.35198333333334,1601.559638554217,529.0018072289157,14923.5,1563.372693726937,560.3062730627306,2.4549132655543904,detected,1602.0057218284023,528.5044224651141,-15.646704978941216,-23.087929979197725,27.890354738195082,-13.794970470275368,-31.81266323549794,34.674872060484546,36.37015117243634,34.73705124450031,140.1092445742477,-1.6905693636790908,-9.81783483797434,33.25592986980261,2.021458324073694,0.6668825520064532,0.04375378177979123,4.375378177979123,0.04383224131798146,-0.012388435126781503,-1.2388435126781503
2120,35.36866666666667,1601.906385616863,529.6026038437694,14994.5,1562.233082706767,558.812030075188,2.506950482416344,detected,1601.749961899134,528.0122878625912,-15.825320048349568,-26.57127603474214,30.9269051918739,-13.701505840915567,-32.04351392121517,34.84993610794364,36.527410993091664,35.393941594038544,140.14613284597715,-2.2150242073918953,-10.016109410925234,33.37956858612958,2.0211355986108948,0.6662615619717239,0.04397468278604876,4.397468278604876,0.04466112503979627,-0.012638623862366227,-1.2638623862366227
2121,35.38535,1601.9656679151062,528.8121098626716,14809.0,1561.6498194945848,558.0722021660649,2.513778976324548,detected,1601.4945420433132,527.5041583345818,-17.609804810284004,-27.088788265510402,32.3095601200319,-13.603194366980757,-32.28603126903869,35.0347643361733,36.62370020362946,36.05972432830729,140.4019405608129,-3.743902324506825,-10.09731321815317,33.548159083110804,2.020813302262856,0.6656203890657184,0.04420790452513982,4.420790452513982,0.0455012294363499,-0.012741089234262676,-1.2741089234262675
2122,35.402033333333335,1601.4167701863355,528.1875776397516,14702.0,1561.126923076923,556.9807692307693,2.521101132805568,detected,1601.2409577919966,527.0317225265868,-19.699466389890404,-29.69766846524908,35.63734681928877,-13.510099637697687,-32.77550181884666,35.45075897209733,36.64145453095881,36.72594060062128,140.38738393754193,-5.693184483617731,-10.489637131895362,33.86331089156673,2.0204933221350116,0.6650242555540528,0.04473281889223638,4.473281889223638,0.046341880884064705,-0.01323613518220235,-1.323613518220235
2123,35.41871666666667,1601.042288557214,527.8308457711443,14610.0,1561.4436090225563,557.0,2.5067102939360755,detected,1600.9976187141724,526.4979331636722,-19.885067829176933,-37.18718150688346,42.16992282417485,-13.339911127295997,-33.09340417593293,35.68090005641409,36.61351062946978,37.38348373110104,140.18871789988054,-6.493558388978587,-10.941262733240917,33.96196988747862,2.02018626967088,0.6643507043074729,0.04502321773680012,4.502321773680012,0.04717158830422844,-0.013806009758032704,-1.3806009758032705
2124,35.4354,1600.6759878419452,526.8948328267477,14636.0,1561.0973782771534,556.3258426966293,2.5021943546036125,detected,1600.7413916439243,525.9355791500925,-16.40669441653199,-41.85373323394333,44.9545838296336,-12.938232862780453,-33.440007815725394,35.85571073521354,36.5984539811566,38.02273509859399,140.26376739374356,-7.149766920719883,-11.427224515707659,33.986034369942566,2.0198629547557405,0.6636411093376562,0.04524379903496977,4.524379903496977,0.04797821463544984,-0.01441921074537244,-1.4419210745372442
2125,35.452083333333334,1600.9368355222014,526.3408380237648,14624.5,1558.524647887324,553.2570422535211,2.5760956974555085,detected,1600.5318412968286,525.3701326372699,-16.6833159495377,-46.685294757285874,49.5767059983493,-12.657216648426187,-33.85015044198155,36.13914523380403,36.55189339437036,38.633742225955466,139.98933359279445,-8.960581271446388,-12.068808578196638,34.06437549306941,2.0195985379139794,0.6629276121605929,0.04560144508997354,4.560144508997354,0.048749201546946966,-0.015228780540311217,-1.5228780540311218
2126,35.46876666666667,1599.992258064516,525.6606451612903,14711.5,1555.8333333333333,549.939393939394,2.638900016252868,detected,1600.3248272836745,524.7873212024017,-14.670771141774821,-49.608229636211945,51.73207876679102,-12.283751125703956,-34.287207517322024,36.42119082421849,36.49749394554037,39.20642888575683,139.7063092487386,-10.188296859378417,-12.804432939482602,34.09618216387914,2.019337321493596,0.6621922034099706,0.04595733857945551,4.595733857945551,0.04947183455616004,-0.01615701317284871,-1.6157013172848709
2127,35.48545,1599.1473812423874,524.778928136419,14900.5,1559.4053156146178,553.3920265780731,2.5175893013332247,detected,1600.1144471698294,524.1744602846665,-13.542176891615782,-51.791962145553725,53.53314765498366,-11.858975220353138,-34.758687541845276,36.7260350828752,36.375306044876254,39.7308256161553,139.39914988704507,-11.263116450776186,-13.616384138845454,34.10858742152741,2.0190718576275453,0.6614188773308094,0.046342000104574385,4.634200010457438,0.05013353390051142,-0.017181557272991112,-1.7181557272991113
2128,35.50213333333333,1599.658204334365,523.0130030959753,14999.0,1561.1328413284132,554.509225092251,2.4562446584027646,detected,1599.923078916882,523.5518197800875,-10.98366688884471,-52.802899154233955,53.93317251392972,-11.594419083705176,-35.23538109213955,37.09397032668371,36.29535471511577,40.19730884816228,139.1181210949634,-12.624657514963936,-14.295535326492894,34.22864742179985,2.018830383491334,0.6606332110789748,0.04680627170559459,4.680627170559459,0.05072215627528364,-0.018038530380432675,-1.8038530380432676
2129,35.518816666666666,1599.6182472989196,522.640456182473,15022.0,1559.9609929078017,553.0425531914893,2.487538484866286,detected,1599.7624362250574,522.9325040840278,-10.638198112765622,-53.23113283667658,54.283743074352905,-11.328328137134793,-35.72349489347695,37.47664747261785,36.16023281589297,40.596837660017854,138.62213469551156,-13.66273592749434,-15.113619268785033,34.29398807932789,2.0186276797792524,0.6598517401691203,0.04728914507585849,4.728914507585849,0.0512262935773096,-0.019070812957457457,-1.9070812957457457
2130,35.5355,1599.6108374384237,521.9772167487685,14963.5,1566.6019736842104,559.0361842105264,2.298456124368556,detected,1599.5875798586442,522.2620249641041,-10.508686152020346,-52.69299310430324,53.730661701972494,-11.054758244723226,-36.20416686536379,37.85431782854344,35.99660824202834,40.92117868480113,138.23165138180744,-14.150435327934506,-15.871213491708858,34.36646563970436,2.018407040831097,0.6590057097338853,0.047765700730023265,4.776570073002326,0.05163555670006452,-0.02002676781288184,-2.002676781288184
2131,35.55218333333333,1599.6451810926949,520.5518723143033,14914.5,1564.6332046332043,556.1235521235521,2.3482650112089445,detected,1599.4110547138637,521.5898129055731,-7.444324304613474,-50.99150379264438,51.53204268595924,-10.939671223372882,-36.57235049629584,38.17346234361514,35.89392698465594,41.163111602843465,137.73251617528805,-16.17306576941681,-16.502796233420273,34.42195438637401,2.018184296168913,0.658157492625329,0.048168406742732046,4.816840674273204,0.051940834830086394,-0.020823717644694352,-2.082371764469435
2132,35.568866666666665,1598.7973621103115,519.9616306954437,14813.5,1562.4427244582043,553.9256965944272,2.390177645556823,detected,1599.2779612906222,520.8616965190456,-8.599211617950914,-48.19820002806932,48.959298671407495,-10.751247099042041,-36.97875481017515,38.50996781997762,35.7827205925733,41.31660969544418,137.1564240301583,-17.73375958625112,-17.26256838859636,34.42413911958795,2.0180163549408485,0.6572387337779756,0.048593019331202046,4.8593019331202045,0.05213452327500843,-0.02178242067961686,-2.178242067961686
2133,35.58555,1599.3472049689442,519.3714285714286,14709.0,1565.0272108843535,555.530612244898,2.330104908318854,detected,1599.1480181605805,520.1162453818187,-11.276310373907108,-43.710001417012336,45.14110543090306,-10.622103103453552,-37.22828832355504,38.71400942607394,35.61894871954179,41.37699191915902,136.5467165925762,-18.55443170158692,-17.89327528495188,34.33082034293781,2.0178523888461584,0.6562981014281624,0.04885048508021949,4.885048508021949,0.0522107153554057,-0.022578265343787863,-2.257826534378786
2134,35.60223333333333,1598.5704099821746,518.2501485442662,14777.5,1564.6547231270358,555.0977198697069,2.3147858748657857,detected,1598.9789613655423,519.3560433978685,-9.924967639542047,-41.26165620121492,42.43853502553092,-10.636767541433569,-37.35217604530103,38.837171357472144,35.46831188685426,41.3410447240807,135.83702906082397,-19.923772122739344,-18.392919622262845,34.205648463647535,2.0176390679691387,0.655338856022547,0.0490058944573781,4.90058944573781,0.052165356118713826,-0.023208731384558798,-2.32087313845588
2135,35.61891666666667,1598.4363317757009,517.8119158878504,14370.0,1563.9283582089552,553.665671641791,2.3370702002114,detected,1598.8481809896841,518.6104587763436,-9.805406263606983,-36.19083842801297,37.495636787724024,-10.528113197413775,-37.340128113254345,38.79595771484196,35.4847499485635,41.207113267581526,135.17139139349678,-20.642728791776403,-18.85762200118363,33.9045192780001,2.017474045412851,0.6543980552382885,0.04895388986099932,4.895388986099932,0.051996357435434105,-0.023795106626099218,-2.379510662609922
2136,35.635600000000004,1598.7525710828795,517.0871143375681,14759.0,1565.4567901234568,554.6851851851852,2.2955824642091507,detected,1598.732253427131,517.866521163391,-6.970922519334181,-32.2334520885895,32.97861722871284,-10.543678374951275,-37.17591481082579,38.64217638405207,35.566431801495334,40.97516268786836,134.6066801596975,-21.428591925765716,-19.06302485754676,33.61277850723956,2.0173277645768213,0.6534593326982852,0.04875984401773133,4.875984401773133,0.05170367531592223,-0.02405429004106847,-2.405429004106847
2137,35.65228333333334,1597.9006060606062,516.4533333333334,14829.5,1564.4156626506024,553.3042168674699,2.308375699708047,detected,1598.5625553492225,517.1321140741569,-4.756949695547519,-30.635705422893352,31.00282272897529,-10.623729932323421,-37.05920612904996,38.55189225693544,35.631286093108706,40.6468106550122,133.82816738356877,-21.27012163473757,-19.37833696006484,33.32759297117846,2.01711363451006,0.6525326360557185,0.04864592082894062,4.864592082894062,0.05128935098424253,-0.024452160201974563,-2.4452160201974564
2138,35.66896666666667,1597.9374255065554,516.2920143027413,14855.5,1564.790625,553.165625,2.30302003837105,detected,1598.392326583332,516.3946141164715,-6.639444470212311,-30.422070052060917,31.13815294980636,-10.758730081909198,-36.76821596230184,38.30994620233557,35.75030924028758,40.225332497096026,133.17381102507193,-21.472997822883816,-19.45310576352675,33.00346427541945,2.0168988348054664,0.6516020367400273,0.04834062612282091,4.834062612282091,0.05075751734649341,-0.024546505695301896,-2.4546505695301897
2139,35.68565,1598.561018957346,515.9650473933649,14756.0,1566.2180685358255,553.8380062305296,2.2775995224244587,detected,1598.2385219237435,515.6802470108182,-5.91970447156109,-30.333624728267978,30.905852037858637,-10.776336081699299,-36.59653768212271,38.15017679729363,35.82294239425204,39.71563983243176,132.1895347600976,-21.099182306915203,-19.878144406934705,32.5621769020717,2.0167047595252288,0.6507006271429884,0.04813902434989733,4.813902434989733,0.050114372028305064,-0.025082832059223605,-2.5082832059223605
2140,35.702333333333335,1597.0163160154573,521.0025762129669,15323.0,1567.12012987013,554.2175324675325,2.303656762033468,detected,1598.1223886517118,514.9970708683715,-7.020848962202308,-31.691827121242568,32.460194491604376,-10.957504995122898,-36.12299282470512,37.74834468333467,35.804994288396806,39.12423291013929,131.25011436905325,-20.209265469101048,-19.933854921200986,32.055872384203674,2.0165582191188793,0.649838575228229,0.047631980672977504,4.7631980672977505,0.04936811723676882,-0.0251531292381085,-2.5153129238108503
2141,35.71901666666667,1598.6066199872694,515.0171865054106,14672.5,1568.788590604027,554.9362416107383,2.2123504738840363,detected,1598.0081528246085,514.3115074781039,-8.344395884637379,-37.31854449545972,38.24006676169852,-11.08256245988274,-35.63640200782965,37.31991879333136,35.754648780076,38.45912591125576,130.64862829004687,-19.58913302834493,-19.818619788213873,31.622755231495326,2.016414072964806,0.6489735110133803,0.04709138018085977,4.7091380180859765,0.04852886550316185,-0.025007722130238327,-2.500772213023833
2142,35.7357,1598.136815920398,514.469527363184,14715.0,1566.591836734694,552.6360544217687,2.261493603631011,detected,1597.8506542161726,513.6285194393625,-7.947997293721983,-39.1370812225673,39.93597109878314,-11.100457939488756,-35.204573254554944,36.9131703393475,35.68490264405736,37.72974346569164,129.73462458556162,-18.11517650361974,-19.977013289309564,31.040313860211427,2.016215336550376,0.6481116964534543,0.04657813292031231,4.65781329203123,0.04760850910497368,-0.02520758774676286,-2.520758774676286
2143,35.752383333333334,1597.3489855072464,513.4533333333334,14771.5,1568.8475836431226,554.0817843866171,2.182537257870295,detected,1597.738609875486,512.9748200417908,-6.727323552341659,-40.72940569470006,41.28124720040998,-11.078950687348842,-34.63057725644725,36.359593361965274,35.5853327899099,36.9467857955091,129.23636028863575,-16.02433240319182,-19.815211073419594,30.48569237467469,2.0160739556788467,0.6472868391694522,0.04587961307503505,4.587961307503504,0.04662054989969603,-0.025003420912832298,-2.5003420912832297
2144,35.76906666666667,1597.354605659241,512.8139674894642,14790.0,1563.5970695970695,549.6886446886447,2.312091103485673,detected,1597.5809564121967,512.3219542889444,-8.52232607286669,-42.203656504146466,43.0555300050092,-11.31814236744593,-33.978325418114466,35.81378149356834,35.363695667043764,36.122059422920984,128.50368516093894,-13.452702362781809,-19.544075136628493,30.010932540040773,2.0158750238639707,0.6464630338030845,0.04519089147453419,4.5190891474534185,0.04557988570715582,-0.02466129354779621,-2.466129354779621
2145,35.78575,1597.219914477703,512.317043372022,14780.0,1568.972027972028,553.1293706293707,2.176228322548492,detected,1597.398823046697,511.72910789945627,-6.923142883787477,-42.78777708477128,43.34424731432552,-11.29616556342165,-33.12758543945425,35.000575330765265,35.105459887224626,35.26827050736502,128.08253858024165,-10.999551063000645,-19.1080555516885,29.32443497355338,2.0156452025825833,0.6457149626491562,0.044164763824309484,4.4164763824309485,0.04450254953610728,-0.02411111110623155,-2.411111110623155
2146,35.80243333333333,1597.0290801186943,510.08961424332347,14816.0,1566.8333333333333,551.1633986928105,2.2047310942743814,detected,1597.248348510178,511.13919441570766,-5.769101622580365,-40.7867736954081,41.192759582384056,-11.353628790613165,-32.1877077943656,34.13141397262212,34.9338268360156,34.39877881540377,127.64506691080697,-7.764887194188875,-18.552097133502816,28.64913806241962,2.0154553293503823,0.6449705923226595,0.04306803024936545,4.306803024936546,0.04340539913615618,-0.02340958628833163,-2.340958628833163
2147,35.819116666666666,1596.9994199535963,510.8126450116009,14696.5,1563.0416666666667,548.3402777777778,2.306297350202032,detected,1597.0703163173544,510.60023094178416,-4.338185434348361,-39.703378989442626,39.93968147146527,-11.388677483077538,-31.346553988252946,33.351288157311316,34.81272936909655,33.5273122900967,127.33252136720901,-4.346659559975646,-18.018018881934278,28.065270661838873,2.0152306830502895,0.6442905122293807,0.04208364436253794,4.208364436253794,0.04230575683292959,-0.02273567051348174,-2.273567051348174
2148,35.8358,1597.9736842105262,510.4013157894737,14610.0,1567.1535580524344,550.5280898876405,2.2257615784966887,detected,1596.892588758269,510.1160467573921,-4.768827237671758,-39.02904885657631,39.319312912000136,-11.492064312469019,-30.5541826329661,32.64392161690399,34.64033428052864,32.66764535711614,127.3738634074522,-2.338703504496774,-17.30531551150282,27.67944496513453,2.015006421146081,0.6436795542680027,0.041191068286314185,4.119106828631418,0.04122100360519387,-0.02183636026688053,-2.183636026688053
2149,35.85248333333333,1596.8372627947097,509.42783208740656,14681.5,1565.547703180212,548.9187279151944,2.2408388364949308,detected,1596.7179853319406,509.60816069699064,-6.010030135728812,-37.4622106228137,37.941239924130365,-11.690519342624633,-29.59248918383912,31.817976972081617,34.58846633247983,31.833248559823627,127.30148246949676,0.6735778117625483,-16.45501665269474,27.2326290606591,2.0147861013652246,0.6430386885766444,0.04014886684174337,4.0148866841743365,0.04016813698400458,-0.02076342795292712,-2.076342795292712
2150,35.869166666666665,1597.1146974063402,508.7740634005764,14557.5,1564.7763157894738,548.1677631578948,2.258153305637998,detected,1596.5483512041064,509.1532415566612,-8.200099191220033,-35.42126566303591,36.358048461340914,-11.804049499062916,-28.717648185980746,31.04897585927901,34.52283141197787,31.036922696940337,127.4710196114047,4.470036341957606,-15.610969364440324,26.8390860018108,2.0145720519925634,0.6424646581156609,0.03917851843442147,3.9178518434421465,0.039163309396770145,-0.01969838405607612,-1.969838405607612
2151,35.88585,1597.4103633114948,508.2846932698035,14440.5,1565.1418181818185,547.5454545454545,2.258750917371677,detected,1596.340186411106,508.7668275289366,-11.488282271984644,-31.421147659451435,33.45548011608632,-11.981361863680533,-28.0703315409377,30.520428321480356,34.43210183261217,30.29043680137124,128.0641183533968,8.0694688454026,-14.713345591509931,26.7397458183771,2.0143093834840458,0.6419770694371439,0.038511581478208656,3.8511581478208656,0.03822137135819715,-0.018565735762157642,-1.8565735762157642
2152,35.90253333333333,1596.6035398230088,507.54926253687313,14610.0,1566.0743494423791,547.9368029739777,2.218066670943864,detected,1596.1003368902495,508.40250354776595,-15.26040647121954,-31.163769570460317,34.69957549463088,-12.247005745151766,-27.51325815585755,30.11591811771048,34.32990245163462,29.604194984707824,128.59035063449213,10.582572596577796,-13.866020046699205,26.73391127645145,2.014006734246372,0.6415173546344051,0.03800115850815203,3.8001158508152026,0.03735545108480483,-0.017496555263973763,-1.7496555263973763
2153,35.91921666666667,1596.0834348355663,506.5627283800244,14563.0,1562.6983050847457,545.2915254237288,2.282229318978176,detected,1595.8639991768896,508.013737382986,-17.940443736962607,-26.36892903315811,31.893258532718942,-12.361275009084505,-27.11417024508702,29.798982330438392,34.23818863349281,28.986960798919945,129.28656662737822,11.609901838061255,-13.158908868213729,26.73616399799765,2.013708516311533,0.6410267979596038,0.03760123953367621,3.760123953367621,0.03657660668633432,-0.016604301410995243,-1.6604301410995244
2154,35.935900000000004,1596.320652173913,506.528381642512,14397.5,1563.463157894737,545.3017543859648,2.2737931028828986,detected,1595.6638337813522,507.68290378461955,-17.284897456067938,-21.32853893366837,27.453128293726223,-12.645056890394986,-26.891966700520804,29.716583531476925,34.18456675606639,28.445667517576187,130.04347915965448,13.19121878526808,-12.451883971654453,26.98195549510266,2.01345594167994,0.6406093423149773,0.0374972662857753,3.74972662857753,0.0358935867729668,-0.015712156431109722,-1.5712156431109723
2155,35.95258333333334,1595.7599758162032,506.0846432889964,14682.0,1565.880149812734,547.2621722846442,2.198520135122386,detected,1595.4473720666144,507.33546583649576,-20.714744283222444,-16.932088266411256,26.754368685895745,-12.83634941181558,-26.57648139908873,29.514085277682714,34.06764207507103,27.985337140760304,130.47639657480136,13.291799342901397,-11.88350337361716,27.015987439802327,2.013182803869545,0.6401709348094584,0.03724174798445769,3.7241747984457687,0.03531272825332531,-0.014994956938318184,-1.4994956938318185
2156,35.96926666666667,1595.199634814364,506.05416920267805,14514.5,1564.5539033457248,546.0594795539033,2.224485250896641,detected,1595.2165521924537,506.9680622897971,-20.320325094756754,-14.734449402651308,25.100191456558505,-12.912432361738798,-26.38905731383771,29.378789209385246,33.9343248273676,27.609119578776234,130.86596089391966,14.568840954493986,-11.508025084968928,27.031067571467037,2.0128915485078283,0.6397073341196179,0.037071027393546056,3.7071027393546054,0.03483800577763563,-0.014521167299645336,-1.4521167299645337
2157,35.98595,1592.6693412162165,510.7998310810811,15136.0,1564.0152671755725,545.4770992366412,2.261373638826926,detected,1594.965633459154,506.6337758914217,-18.470353740038718,-11.43885917724515,21.725594734299168,-13.11288446835743,-26.36902155976922,29.449499776737525,33.7915013931901,27.318447614641777,131.56884234027467,15.220709714174156,-11.027567463206132,27.30688178728031,2.012574931809658,0.6392855216295542,0.03716025208421139,3.716025208421139,0.03447122727399594,-0.013914911625496698,-1.3914911625496698
2158,36.002633333333335,1594.8469575906577,506.100799016595,14609.0,1563.888888888889,544.9642857142858,2.2434514512343973,detected,1594.7369219538664,506.29527912111877,-17.52340196884461,-12.027229520869696,21.253796519901723,-13.228029174766789,-26.348698648850178,29.48278610200197,33.732376389101056,27.113285838652565,132.26376789212316,14.931462122428513,-10.603086380174075,27.510166040047224,2.0122863368503046,0.6388583963673423,0.037202253756469364,3.7202253756469363,0.03421234806139125,-0.01337928880779063,-1.337928880779063
2159,36.01931666666667,1594.4716183574878,505.7421497584541,14646.0,1562.96,544.3927272727273,2.254794090876304,detected,1594.48805660767,505.9436772780077,-20.51347113490465,-13.478715473660486,24.545432748730686,-13.449068409453911,-26.458688940931257,29.68062771497815,33.642027613889866,26.99243676754042,132.98028144291354,14.185447145879408,-10.188012178992553,27.877303840146173,2.0119723111768706,0.6384147347356565,0.03745189617031944,3.7451896170319436,0.03405985711992482,-0.01285553587254581,-1.285553587254581
2160,36.036,1592.3209990749306,511.2567067530065,15339.5,1565.930875576037,546.7327188940092,2.2103732458156022,detected,1594.227130812288,505.58872425265554,-21.02362305020688,-14.147868744163134,25.340775760802156,-13.631444772813232,-26.55483424320651,29.84921285860701,33.657683311820215,26.953858545241147,133.6368017839665,14.041933008510293,-9.811647907972198,28.190549366913995,2.011643067271026,0.6379668444828461,0.03766462190360506,3.7664621903605062,0.0340111779750677,-0.012380628275043784,-1.2380628275043783
2161,36.05268333333333,1594.0657815328907,504.98249849124926,14632.0,1560.0210970464136,541.5864978902954,2.319984385389257,detected,1593.998013299171,505.22408409035336,-18.78776672848244,-16.156277977563377,24.779134301508012,-13.850662838458687,-26.695583730546442,30.074824218593136,33.722937906454995,26.99494821557594,134.28697327387735,13.12368631239642,-9.438813208844651,28.555277217842175,2.011353959998954,0.6375067307133797,0.037949305007688505,3.7949305007688503,0.034063026139528,-0.011910174396018488,-1.1910174396018487
2162,36.06936666666667,1593.6354354354355,505.2144144144144,14811.0,1562.3879310344828,543.0344827586207,2.2613188329119804,detected,1593.701626831795,504.83874226286235,-18.969268335507877,-17.45827342822895,25.78031133014702,-13.968238443747824,-26.803025469308754,30.224391797516923,33.75527297993221,27.11275263018993,134.85419345080766,12.70501795851035,-9.148901261134277,28.806448327480847,2.010979970765672,0.6370204949689116,0.03813803381390148,3.8138033813901484,0.03421167524314187,-0.011544354903639467,-1.1544354903639467
2163,36.08605,1593.5171997586,504.0573325286663,14740.0,1556.690476190476,538.547619047619,2.388944064009399,detected,1593.4382574208676,504.4846213892327,-19.637408063215844,-16.811169870278718,25.850400922396187,-14.212173420180601,-26.99192954815513,30.504919833657294,33.80304572908568,27.30408362695188,135.5020394771674,11.668765743306572,-8.781014530635247,29.213762473714862,2.0106476434332716,0.6365736547498205,0.038492012408400375,3.8492012408400376,0.034453102368393544,-0.011080144518151732,-1.108014451815173
2164,36.10273333333333,1592.0790398126464,504.2259953161592,14758.5,1555.3125,536.9208333333333,2.414745701372345,detected,1593.1800567868588,504.10792459180936,-15.740529262787732,-15.69936251895956,22.231379736183474,-14.25810459162652,-27.041244023725344,30.569959517415505,33.880129500633814,27.56553190478228,136.00805120727932,10.702305240774141,-8.523879157175738,29.357552844375295,2.0103218382168566,0.6360983275606428,0.03857408140998802,3.857408140998802,0.034783005558084897,-0.010755683479086106,-1.0755683479086107
2165,36.119416666666666,1591.9037122969837,504.0870069605568,14811.0,1559.0996015936255,540.0,2.310983565047909,detected,1592.9025342049122,503.7460270739787,-14.481259376002527,-13.301144864384014,19.662841295661984,-14.34465829814647,-27.013709163493612,30.58610312642657,33.940582091802376,27.89339144184394,136.60251611778924,9.556749932026802,-8.1370220408468,29.483869772592175,2.00997165199358,0.6356416745412982,0.038594451894544565,3.8594451894544566,0.03519670844396712,-0.010267535698229401,-1.0267535698229402
2166,36.1361,1592.7010125074448,503.63966646813583,14840.5,1553.9561752988047,534.9800796812749,2.461452849106142,detected,1592.6507842495544,503.3741091166819,-13.530969795112924,-12.650984069196284,18.523891100827505,-14.293803614647556,-27.07254077053198,30.614298710671584,33.92532260636998,28.283520287192417,136.8719936826029,8.180693246712218,-8.075596199894377,29.52998529566988,2.009653986434769,0.635172377434299,0.0386300299188285,3.8630029918828503,0.03568898458951725,-0.010190026750655367,-1.0190026750655368
2167,36.15278333333333,1591.874378109453,503.44651741293535,14899.5,1555.520491803279,536.7622950819672,2.399774219192702,detected,1592.3858745063653,502.99873139027557,-11.445140491637176,-15.53178395119653,19.293199671904063,-14.24143001632006,-27.140612894618926,30.650141879040252,33.9213518037591,28.731172047429347,137.36215506398247,6.241073087773299,-7.907314914399517,29.612591376808144,2.009319715465445,0.634698714688045,0.03867525789153344,3.867525789153344,0.03625384485480044,-0.009977684434573524,-0.9977684434573524
2168,36.169466666666665,1591.4539270253556,503.5844155844156,15014.0,1551.0035587188613,532.4626334519573,2.52158715778983,detected,1592.0830200575963,502.6265925365444,-11.073621111846023,-12.938332119574625,17.030135717754522,-14.164718853108273,-27.411777162175746,30.855223016150454,33.8785387786186,29.230834557021776,137.5775299906717,3.8672702904988783,-8.035498239998098,29.790527947845575,2.0089375647414465,0.6342291388473748,0.03893403535160941,3.8934035351609406,0.03688433382589499,-0.010139429955833563,-1.0139429955833563
2169,36.18615,1592.4508348794063,503.2517006802721,14820.0,1553.9261744966443,534.7583892617449,2.456072901551264,detected,1591.8046448989637,502.24090156799934,-9.737426048158795,-15.462791680951568,18.27335198073595,-14.134946750800989,-27.714096566998894,31.110574860855902,33.85304680069984,29.77610844572403,138.01483036426143,2.259144710907013,-8.032258371505945,30.05579301276697,2.008586302711626,0.6337424625463715,0.039256245881206187,3.925624588120619,0.037572376587664394,-0.010135341793698354,-1.0135341793698354
2170,36.20283333333333,1589.2505210504378,506.9203834931221,15534.0,1551.932384341637,532.5516014234876,2.5397603718464152,detected,1591.5333996020436,501.8334011357516,-11.136079476215855,-21.14653104663239,23.899540610789646,-14.112087393924737,-27.963509227951228,31.322657278006968,33.79476678987447,30.35964997954881,138.07479262366326,-0.2233456540155991,-8.18445474022521,30.234476340110277,2.0082440373527364,0.6332282664173522,0.03952385776404665,3.9523857764046646,0.038308706598799765,-0.010327387684826763,-1.0327387684826763
2171,36.21951666666667,1591.7404021937843,502.5112736136503,14847.0,1549.6139705882354,530.5073529411765,2.5550410723253845,detected,1591.2561061015058,501.37661682061923,-12.604811551005696,-26.896484014949237,29.70357094025542,-14.04497337742343,-28.580688006120486,31.845203784490568,33.75952449943858,30.97319164260275,138.05212888205745,-2.270080333422722,-8.65888557445464,30.645402668006074,2.0078941401911745,0.6326518824234943,0.04018322244099756,4.018322244099756,0.03908289166259022,-0.010926038579753489,-1.092603857975349
2172,36.2362,1591.2617611580215,501.4806996381182,14767.5,1554.7826086956522,534.6442687747035,2.403767038398345,detected,1590.9876970459466,500.93694645444367,-10.312799409936815,-32.10696896759714,33.72256348434737,-13.951257548443277,-29.024777766551324,32.203653699241755,33.695533579831455,31.60764258809663,138.3259367086278,-4.403224323429525,-8.877609426350324,30.955829216059833,2.007555453685737,0.6320970933179101,0.040635525172544804,4.063552517254481,0.039883460678986286,-0.011202030821893154,-1.1202030821893154
2173,36.25288333333334,1588.6142857142856,506.69380952380953,15382.0,1552.626923076923,532.2769230769231,2.5235942362031447,detected,1590.742889179409,500.4811362080177,-13.645093286832434,-40.1581699113749,42.41305437524178,-13.567773885549835,-29.4495659869441,32.42470393124327,33.590634043268246,32.25326118371073,138.26334818165094,-6.666458192343494,-9.480364669100176,31.00780725510367,2.0072465478604533,0.6315219384328299,0.04091445291008615,4.091445291008615,0.04069812136745833,-0.01196260526069423,-1.196260526069423
2174,36.26956666666667,1588.693032015066,505.9613935969868,15445.0,1551.763440860215,531.2724014336918,2.540742537750904,detected,1590.4897108767627,499.9973542237679,-16.306259275257617,-43.39827954367297,46.360594893753344,-13.359987577458062,-29.97460096534445,32.81715970496932,33.491316144484266,32.899884665057584,138.16532736070093,-8.918817814204434,-10.038404014251737,31.244142106131136,2.0069270799706787,0.6309114879795179,0.0414096652428635,4.14096652428635,0.04151405005054585,-0.012666755853945411,-1.266675585394541
2175,36.28625,1590.588163514338,499.6034167175107,14939.5,1552.2365145228216,531.3319502074689,2.450422297632949,detected,1590.2587547527485,499.47730789719844,-13.673843147208572,-45.26613479874436,47.28632937787155,-13.06336768761992,-30.473399773446165,33.15538672816562,33.39583571914262,33.53719689028182,137.92545767011833,-10.536415164659003,-10.723536410991237,31.373323635476783,2.006635652684856,0.6302552781037205,0.041836450130177436,4.183645013017744,0.04231822951455119,-0.01353127622838011,-1.353127622838011
2176,36.302933333333335,1590.4746600741655,498.8213844252163,14951.0,1552.550607287449,530.8825910931174,2.4397719288589554,detected,1590.0629679006793,498.9461221670113,-13.808520597287497,-46.51921181300918,48.52537798708347,-12.71836388706505,-31.02227023369344,33.52816771635609,33.3323790075133,34.15501417786578,137.8126813675723,-13.14057530931091,-11.409497542399874,31.527153316563073,2.0063886030292486,0.6295850121981216,0.04230683623514964,4.230683623514964,0.04309780968815872,-0.014396842324794795,-1.4396842324794794
2177,36.31961666666667,1590.612407862408,498.50307125307125,15069.5,1556.893617021277,534.4822695035461,2.323774395436258,detected,1589.8621358738915,498.37024141375684,-12.87194802316344,-47.734128235031676,49.43919542498108,-12.462709636724218,-31.53348565229654,33.906929216207274,33.228873232698874,34.743570562946495,137.31645624863432,-14.975957844863112,-12.216626987906684,31.629636006619496,2.006135187222576,0.6288583487870749,0.04278476872707543,4.278476872707543,0.04384046758731419,-0.015415302192942189,-1.5415302192942189
2178,36.3363,1589.122340425532,496.6648936170213,15029.5,1554.2852348993288,531.8288590604027,2.351525168177902,detected,1589.6834036580092,497.75425221937735,-12.887922094500482,-50.02271290148019,51.65627108045862,-12.36898356540584,-32.11167744985863,34.411503644639524,33.1814484022769,35.2937866709862,136.83428055543854,-16.049313561843924,-12.94628115419007,31.88330891488056,2.00590965761263,0.6280810753556813,0.04342145570301518,4.3421455703015175,0.04453474658799521,-0.016336001456391257,-1.6336001456391258
2179,36.35298333333333,1589.322800495663,496.9089219330855,14957.0,1554.3367346938776,531.1632653061224,2.366761949279129,detected,1589.490348198494,497.14050259555023,-13.65708306318902,-46.01753913478137,48.00135233319973,-12.024051321277899,-32.683651872761956,34.825262524733695,33.236994314888975,35.79750996596997,136.2021289687186,-16.687888650718772,-13.942098731723396,31.91264315081873,2.005666054509141,0.6273066278808205,0.043943548927108764,4.394354892710877,0.04517035957851101,-0.017592553604698292,-1.759255360469829
2180,36.36966666666667,1589.6432068543452,496.4767441860465,14833.5,1550.9693877551022,528.0068027210884,2.457602788964892,detected,1589.328210050501,496.4852978479544,-16.372805767715818,-41.915224094704854,44.999497548491306,-11.883534950929345,-33.14622800633627,35.21208363584851,33.33192016315175,36.24771777192886,135.4147330785992,-18.067544256766947,-14.804123926390423,31.94884581248695,2.0054614637861214,0.6264798711015198,0.044431651275518624,4.443165127551863,0.045738445138080584,-0.018680282556959527,-1.8680282556959527
2181,36.38635,1589.2623550945698,494.94813910921295,14855.0,1554.2209737827716,530.8426966292135,2.344167651808169,detected,1589.1317378719032,495.92820203793303,-14.076045851757499,-39.529562246176965,41.96095039671002,-11.66957338554987,-33.63848448782365,35.6051482462619,33.503414511205776,36.63867780727802,135.0942098246927,-20.356821844065344,-15.481666465641188,32.06313436152067,2.0052135493651777,0.6257769110888746,0.044927631856481895,4.492763185648189,0.04623177010382085,-0.01953522582415292,-1.953522582415292
2182,36.40303333333333,1588.8734549735138,494.5226603884638,14818.0,1556.2046204620465,531.6105610561056,2.2929293612429262,detected,1588.938835285312,495.36289374891146,-14.584270767627004,-39.64660025645048,42.24398023053982,-11.455611820166581,-34.13074096930929,36.00192385537789,33.75400642135273,36.96606378667113,134.73549378972018,-22.646099431364412,-16.18237653450323,32.16005614087119,2.0049701391612773,0.6250635883267022,0.045428295085650335,4.542829508565034,0.04664487544059449,-0.020419402567196508,-2.0419402567196507
2183,36.419716666666666,1588.524818401937,493.7675544794189,14875.0,1557.2866043613708,532.2211838006231,2.253028918171303,detected,1588.749502290837,494.78937298092376,-12.232409050815022,-35.98941681739689,38.01144504018219,-11.241650254783295,-34.62299745079493,36.40228911660119,34.02575011486253,37.227025822310914,134.3385849736662,-24.935377018663484,-16.906380837902212,32.23819070438715,2.004731233174558,0.6243399028150458,0.04593348784429172,4.593348784429172,0.04697416507547119,-0.021332972666122666,-2.1332972666122667
2184,36.4364,1588.5093023255813,493.2982558139535,14864.0,1555.3621794871794,530.4807692307693,2.2988790965799004,detected,1588.5637388884775,494.20763973397,-13.338919910923778,-35.862410355875454,38.26276598631157,-11.027688689400007,-35.11525393228056,36.80612688886004,34.2364238341099,37.42021689566294,133.9034833765308,-27.224654605962545,-17.653752307253555,32.29606796551255,2.004496831405019,0.6236058545539054,0.04644306232032813,4.644306232032813,0.04721793930052106,-0.022276028147954013,-2.2276028147954015
2185,36.45308333333333,1587.515281173594,492.7279951100245,14965.5,1556.6832298136646,531.0434782608695,2.248389938831353,detected,1588.381545078234,493.61769400805,-13.446322854133996,-33.584312715351416,36.17609236581697,-10.813727124016719,-35.60751041376619,37.21332412159874,34.43859765395781,37.545777670156006,133.43018899831392,-29.513932193261617,-18.42450513314463,32.33216823502392,2.0042669338526613,0.6228614435432809,0.04695687586321608,4.695687586321608,0.047376375609029665,-0.02324858691879449,-2.324858691879449
2186,36.469766666666665,1588.6269494697442,492.6001247660636,14831.5,1555.7172011661808,529.9941690962099,2.292496227919984,detected,1588.2029208601061,493.019535803164,-11.334595298046224,-30.55249984677789,32.58724132935856,-10.599765558633433,-36.09976689525183,37.62377173795195,34.66323633657292,37.60528252025696,132.91870183901565,-31.803209780560692,-19.21858962610682,32.34492251610461,2.004041540517484,0.6221066697831723,0.04747479083653243,4.747479083653243,0.047451460593384176,-0.024250586278999144,-2.425058627899914
2187,36.48645,1587.3413878562578,491.2193308550186,14821.0,1557.1318051575931,530.6962750716332,2.223983830170257,detected,1588.0278662340943,492.4131651193118,-7.755140844579273,-32.56842664064834,33.47901765832675,-10.385803993250144,-36.592023376737465,38.03736451687882,34.874734551011635,37.601650001320294,132.36902189863594,-34.092487367859746,-20.035886908477146,32.33271308103645,2.0038206513994883,0.6213415332735797,0.04799667446924772,4.799667446924772,0.04744687697327482,-0.025281876225207757,-2.528187622520776
2188,36.50313333333333,1587.5991831971996,491.4661610268378,14826.0,1556.2123076923076,529.9107692307692,2.255468463151115,detected,1587.856381200198,491.79858195649354,-6.658819007735474,-34.03773824515042,34.68295684371728,-10.171842427866858,-37.0842798582231,38.4540009749358,35.09484024927055,37.539021193449436,131.78114917717477,-36.38176495515882,-20.876203441979595,32.29387435458067,2.0036042664986726,0.6205660340145029,0.0485223987065436,4.85223987065436,0.04736785008637153,-0.026342212545084665,-2.6342212545084664
2189,36.51981666666667,1589.2547846889952,490.9688995215311,14677.0,1559.5127388535032,531.3089171974523,2.2061093399845166,detected,1587.6884657584178,491.17578631470917,-6.674865036994106,-34.787793498692054,35.42237145886378,-9.95788086248357,-37.57653633970874,38.87358324827888,35.41642676209772,37.42260952254953,131.15508367463215,-38.67104254245789,-21.73926539744742,32.226694129870246,2.0033923858150384,0.6197801720059423,0.04905184006091972,4.905184006091972,0.04722095838807512,-0.02743124971286741,-2.7431249712867407
2190,36.5365,1587.3200231481485,490.3263888888889,14745.5,1555.652329749104,528.0035842293906,2.269749397969799,detected,1587.5241199087532,490.5447781939586,-5.6368896736121314,-37.066183125095904,37.49235197551121,-9.743919297100282,-38.06879282119437,39.29601697540634,35.82036485098069,37.258525897434346,130.49082539100814,-40.96032012975695,-22.624712875053753,32.129415143335564,2.003185009348585,0.6189839472478974,0.04958487946423513,4.958487946423513,0.04701391280433356,-0.02854853359628234,-2.854853359628234
2191,36.55318333333334,1587.3494749124854,489.8051341890315,14814.5,1560.4666666666667,530.5566666666666,2.1539436158137337,detected,1587.3633436512046,489.905557594242,-7.545085414731602,-39.01859429549609,39.74140177084995,-9.529957731716996,-38.561049302680004,39.72121118108095,36.275535212826824,37.0535834067576,129.78837432630263,-43.24959771705603,-23.53209398552484,32.000237035816724,2.0029821370993117,0.6181773597403685,0.0501214021212378,5.01214021212378,0.046755310292438616,-0.02969349398804396,-2.969349398804396
2192,36.56986666666667,1587.8864553314122,488.45244956772336,14817.0,1559.25625,529.478125,2.180085055514223,detected,1587.2061369857715,489.25812451555925,-3.927453003173923,-38.98608278992083,39.1834089685252,-9.31599616633371,-39.05330578416564,40.14907816180453,36.73451725447339,36.81508645951719,129.0477304805157,-45.538875304355095,-24.460858805078406,31.837318727567304,2.0027837690672197,0.6173604094833556,0.05066129736505304,5.066129736505304,0.04645436777226144,-0.030865436978016917,-3.086543697801692
2193,36.58655,1587.16656308266,487.8645121193288,14730.0,1560.4811320754716,529.933962264151,2.1360685482030566,detected,1587.0524999124546,488.60247895791036,-5.004027812355162,-41.5058636457743,41.806423086990264,-9.102034600950422,-39.54556226565128,40.57953337315993,37.281861186048914,36.55061012062123,128.26889385364737,-47.828152891654156,-25.41035321926641,31.63878123530548,2.0025899052523086,0.6165330964768585,0.05120445851502831,5.120445851502831,0.04612064368532648,-0.03206353718519421,-3.206353718519421
2194,36.603233333333336,1586.8352725045927,487.70300061236986,14759.5,1559.1993865030674,528.4907975460122,2.166297666225536,detected,1586.9024324312534,487.93862092129535,-5.204232546799631,-40.152668214304185,40.4885267838824,-8.888073035567135,-40.03781874713692,41.012495319282436,37.82496144905785,36.26777639588289,127.45186444569754,-50.117430478953224,-26.379812673501668,31.402710959806086,2.0024005456545786,0.6156954207208775,0.05175078273726491,5.175078273726491,0.045763755704584096,-0.033286829871926396,-3.3286829871926398
2195,36.61991666666667,1586.9028436018957,486.49229857819904,14630.5,1557.8529411764705,527.4248366013072,2.1880040383421746,detected,1586.7559345421678,487.26655040571427,-6.294053269037704,-38.960764338630725,39.46588735102511,-8.674111470183847,-40.53007522862255,41.44788544467592,38.23453265018339,35.97403518656692,126.59664225666631,-52.4067080662523,-27.36835585081822,31.127163472728487,2.0022156902740287,0.6148473822154124,0.05230017090810842,5.2300170908108425,0.04539310433636205,-0.03453420296633214,-3.453420296633214
2196,36.6366,1586.6930342384887,485.9350649350649,14761.0,1562.5876288659797,530.0137457044674,2.0712349888697323,detected,1586.6130062451982,486.58626741116706,-7.96569560650596,-35.931760524088986,36.804126410716336,-8.460149904800561,-41.02233171010818,41.88562802854751,38.49304664139333,35.67645833214316,125.70322728655367,-54.69598565355136,-28.374978300352037,30.81016783142207,2.0020353391106602,0.6139889809604632,0.05285252748081705,5.285252748081705,0.045017613037404626,-0.03580438902252623,-3.580438902252623
2197,36.65328333333333,1587.2227460223924,485.4584560989982,14551.5,1560.4635761589404,528.2284768211921,2.129864709180773,detected,1586.4736475403442,485.8977719376537,-11.559383889526543,-32.16521089142066,34.17923562040281,-8.246188339417273,-41.51458819159382,42.32565008179748,38.64212424005101,35.38155533961259,124.77161953535955,-56.98526324085043,-29.398546043128917,30.449731450323036,2.0018594921644723,0.6131202169560299,0.05340776035558042,5.340776035558042,0.04464549569667204,-0.037095957152213144,-3.7095957152213144
2198,36.66996666666667,1586.7616487455198,484.7502986857826,14637.5,1560.8346153846153,527.9384615384615,2.111456456864176,detected,1586.3378584276063,485.20106398517424,-9.389433935696616,-31.713906338365405,33.074662883715455,-8.032226774033985,-42.006844673079456,42.767881246768965,38.520481332464215,35.09511883432732,123.801819003084,-59.2745408281495,-30.43778918500975,30.04384555722912,2.0016881494354655,0.6122410902021127,0.05396578075302078,5.396578075302078,0.044284061620602305,-0.038407304965311986,-3.8407304965311986
2199,36.68665,1586.6580035440047,484.5818074424099,14495.0,1558.574144486692,526.2813688212927,2.163501666863733,detected,1586.205638906984,484.49614355372864,-11.92416293743645,-29.349711093327187,31.679507619600184,-7.818265208650698,-42.49910115456509,43.21225369983326,38.259144213754574,34.82210632947485,122.79382568972699,-61.563818415448566,-31.491295570061737,29.590491262190355,2.001521310923639,0.6113516006987113,0.05452650309127226,5.452650309127225,0.043939566346340504,-0.0397366505615921,-3.9736650561592097
2200,36.70333333333333,1586.243931320308,483.7424511545293,14628.0,1563.1891891891892,529.034749034749,2.041634863793988,detected,1586.0769889784776,483.7830106433169,-15.156821713341467,-26.289857671688274,30.34610124624984,-7.604303643267411,-42.99135763605073,43.658702056861785,37.947861966716054,34.566562629565915,121.74763959528855,-63.853096002747634,-32.55750451119098,29.087646265959823,2.001358976628994,0.6104517484458258,0.05508984486670257,5.508984486670257,0.043617113728158886,-0.041082024619799345,-4.108202461979935
2201,36.720016666666666,1584.036901865369,487.76804541768047,15228.0,1558.607142857143,525.2936507936508,2.166374005972474,detected,1585.9519086420871,483.0616652539391,-18.389480489314742,-23.23000425006891,29.62779252872389,-7.390342077884124,-43.48361411753636,44.10716328161393,37.57009353741722,34.33158428040391,120.66326071976869,-66.14237359004672,-33.63470063857879,28.533292233882506,2.0012011465515296,0.6095415334434563,0.05565572653831411,5.565572653831411,0.04332061107937402,-0.04244126263543065,-4.244126263543065
2202,36.7367,1585.007705986959,483.32187314759926,14574.5,1556.2277580071177,523.8754448398577,2.187987617900075,detected,1585.8303978978122,482.3321073855952,-21.622139265288013,-20.170150828449543,29.569441842042156,-7.176380512500836,-43.975870599021995,44.55757659705169,37.130497171211154,34.11932434178571,119.54068906316738,-68.43165117734577,-34.7210079102978,27.9254228597378,2.001047820691246,0.6086209556916028,0.0562240714158381,5.62240714158381,0.04305277519468229,-0.0438119973631518,-4.38119973631518
2203,36.75338333333333,1586.0104230533416,482.4316370324954,14562.0,1554.111524163569,522.3866171003717,2.244543209628469,detected,1585.7124567456533,481.5943370382851,-24.854798041261283,-17.110297406830178,30.174878011718047,-6.962418947117548,-44.46812708050763,45.00988339957522,36.57181355931702,33.931032865509714,118.37992462548465,-70.72092876464484,-35.8143838334318,27.262052642363095,2.000898999048143,0.6076900151902652,0.056794805551514484,5.679480555151448,0.04281518342651068,-0.04519165152483508,-4.519165152483508
2204,36.770066666666665,1584.7723132969036,482.6350941105039,14524.0,1554.123015873016,521.8968253968254,2.2336207169151963,detected,1585.59808518561,480.8483542120089,-28.087456817234553,-14.05044398521081,31.405735250771674,-6.748457381734261,-44.96038356199327,45.46402717616025,36.11463200836172,33.767126274016285,117.18096740672044,-73.0102063519439,-36.91261394806629,26.541226395848035,2.000754681622221,0.6067487119394435,0.05736785763553345,5.736785763553344,0.042608361229042636,-0.046577430849295005,-4.657743084929501
