frame,time_sec,x,y,area,blue_x,blue_y,theta_rad,status,x_smooth_px,y_smooth_px,vx_raw_px_s,vy_raw_px_s,speed_raw_px_s,vx_sg_px_s,vy_sg_px_s,speed_sg_px_s,speed_ma_px_s,speed_butter_px_s,theta_smooth_deg,omega_deg_s,v_surge_px_s,v_sway_px_s
300,5.005,1046.3220288149864,1065.629200263003,14448.5,1041.4583333333333,1015.4679487179488,-1.6674553766760905,detected,1045.2612510456615,1065.6111439153094,30.81081315518375,-19.933149653936916,36.696548371882194,43.24755302335794,11.599354241120313,44.77606348618816,39.0848086515809,37.84774001600463,268.49707525962765,19.233326517267678,-12.72965974917659,42.92844772396674
301,5.021683333333334,1046.6962643378215,1065.5286292520557,14370.5,1045.320143884892,1016.4676258992806,-1.598838144916168,detected,1045.978983517917,1065.8017352705058,30.438220163149218,-9.715643968115543,31.95119691679051,42.79421575062284,11.248737419810116,44.24792645142473,38.95623502400624,37.4268122074019,268.8072534135697,17.950830577306995,-12.137098160105877,42.55079133814842
302,5.038366666666667,1047.0327145067238,1064.0132214685232,14005.0,1043.4760147601476,1016.0332103321032,-1.644789772801968,detected,1046.6891528057758,1065.9864771625503,30.065627171114677,0.5018617177058285,30.06981546960619,42.34087847788775,10.898120598499919,43.720922026630525,38.732973910577556,37.103019491933566,269.09603523885045,16.668334637346316,-11.564755413299952,42.163674591871796
303,5.0550500000000005,1047.723826693532,1065.5602648850554,14144.5,1043.750830564784,1015.9501661129568,-1.6507101979448129,detected,1047.391758909238,1066.1653695914433,29.693034179080144,10.719367403527203,31.568673020762578,41.88754120515265,10.547503777189723,43.1950916672623,38.42168251481199,36.878946357600164,269.36342073546984,15.385838697385639,-11.01223072187637,41.767771291647286
304,5.071733333333333,1048.367043573215,1065.740462855331,14194.5,1041.3733333333334,1016.07,-1.7106789565400211,detected,1048.0868018283034,1066.3384125571847,29.32044118704289,20.93687308934659,36.02833504565881,41.43420393241756,10.196886955879528,42.67047877753603,38.039941286021445,36.75164521694649,269.6094099034279,14.103342757424954,-10.47910824696186,41.363728669603866
305,5.088416666666666,1048.7045443747625,1066.0739737742304,14032.0,1046.39,1016.4466666666668,-1.6174010799924707,detected,1048.7742815629722,1066.5056060597742,29.46086422139524,27.236942583647306,40.12223276409709,40.98086665968246,9.84627013456933,42.147128819666776,37.62894996919061,36.71290906598132,269.8340027427246,12.820846817464275,-9.964958358034494,40.95216810700288
306,5.1051,1049.2331622721642,1066.452580664189,14127.5,1047.3862815884477,1016.6714801444044,-1.6078793564351832,detected,1049.4541981132443,1066.6669500992123,30.022065085088343,32.06553956748348,43.9263385650014,40.527529386947364,9.495653313259135,41.625089429999925,37.23425657793968,36.74997238217064,270.03719925336,11.538350877503595,-9.469338837599707,40.53368589252916
307,5.121783333333333,1049.6734216771222,1067.4230986114048,14187.0,1049.6047297297298,1016.8513513513514,-1.572154632743744,detected,1050.1265514791198,1066.8224446754987,30.184961693043533,27.39092370893377,40.76020870946487,40.07419211421227,9.145036491948938,41.104410542493746,36.87185737617689,36.84653520955826,270.218999435334,10.255854937542914,-8.991796032065452,40.10885401209567
308,5.138466666666667,1050.0812052519882,1068.0996991534316,14293.0,1051.592105263158,1016.9177631578948,-1.5412847164123449,detected,1050.7913416605988,1066.9720897886334,31.85051686874249,24.16683564461391,39.98113767615713,39.620854841477176,8.79441967063874,40.58514452004234,36.54538798704643,36.98396662839701,270.3794032886467,8.973358997582233,-8.5318659507852,39.67822096705641
309,5.15515,1050.5911577563334,1068.1703763705948,14197.0,1054.4590163934429,1016.944262295082,-1.4954337231060606,detected,1051.448568657681,1067.1158854386165,34.74020519205851,18.015605231316385,39.13366694595542,39.167517568742085,8.443802849328543,40.067346294158895,36.21874108189716,37.142539762555735,270.51841081329803,7.690863057621551,-8.089075315331105,39.242312617873964
310,5.171833333333334,1051.2959453452188,1068.563147797197,14247.0,1054.504854368932,1017.200647249191,-1.5084017058327308,detected,1052.0982324703666,1067.2538316254477,37.620255370513405,10.967263620522772,39.18627930111106,38.71418029600699,8.093186028018348,39.55107351357036,35.86643421356889,37.3025753846549,270.636022009288,6.40836711766087,-7.662942561142286,38.801633050433345
311,5.188516666666667,1051.9256271462662,1068.8378557709098,14317.5,1057.178125,1016.946875,-1.4699181301405615,detected,1052.7403330986556,1067.3859283491274,40.09650771853421,3.3827393976239364,40.2389470172209,38.260843023271896,7.7425692067081515,39.03638670230787,35.49516547571171,37.44541176156823,270.7322368766167,5.125871177700189,-7.252978793766749,38.35666546233248
312,5.2052000000000005,1052.6610057552598,1068.4732050193415,14132.0,1057.8614864864865,1017.358108108108,-1.469404604637144,detected,1053.3748705425478,1067.5121756096555,43.3095854389976,-2.017379776391863,43.356545204386705,37.8075057505368,7.391952385397955,38.523349427910134,35.11566767285649,37.55416083567997,270.807055415284,3.843375237739511,-6.8586887019794585,37.90787306660983
313,5.221883333333333,1053.3976190476192,1068.2436744847191,14070.0,1062.0398671096343,1017.9867109634552,-1.400500670159846,detected,1054.0018448020435,1067.632573407032,44.89032281761729,-5.239287412024169,45.19503529432947,37.35416847780171,7.041335564087758,38.01202848039133,34.74771152314985,37.614245660933975,270.86047762529,2.56087929777883,-6.479571430114729,37.455700010494034
314,5.238566666666666,1054.2309749661222,1068.228086441766,14021.0,1060.877966101695,1017.9627118644069,-1.4393211781047803,detected,1054.6212558771426,1067.7471217412567,44.73102472105711,-6.905263429745446,45.260879748741104,36.900831205066616,6.690718742777562,37.502494062659,34.413782409197985,37.61373729972278,270.8925035066347,1.2783833578181487,-6.115121411998313,37.00057230687511
315,5.25525,1054.8507597340931,1068.1591761633429,14040.0,1058.4129692832764,1017.6825938566552,-1.5003416065455732,detected,1055.2331037678448,1067.8558206123298,44.48460885292752,-6.922517090749807,45.02001407895916,36.44749393233152,6.340101921467365,36.99481999310088,34.13527651715395,37.54352155278081,270.90313305931795,-0.004112582142532294,-5.764829168904124,36.542898776305215
316,5.271933333333333,1055.8892255772223,1067.9193255142418,14025.5,1061.759493670886,1018.2056962025316,-1.4532589314542286,detected,1055.8373884741507,1067.9586700202512,43.74076024390024,-4.860266306060112,44.00995677435036,35.99415665959642,5.989485100157169,36.48908392109309,33.91854214950453,37.39732957636459,270.8923662833399,-1.2866085221032133,-5.428182073992501,36.08307199743614
317,5.288616666666667,1056.5249535046255,1067.7427295449968,14069.5,1061.32,1018.0066666666668,-1.474683524584324,detected,1056.4341099960598,1068.0556699650213,41.67097243716853,-1.1459056262960985,41.68672502804264,35.54081938686133,5.638868278846972,35.98536755621213,33.774134284904875,37.1716647597449,270.8602031787006,-2.5691044620638945,-5.1046650857121,35.62146926389192
318,5.3053,1057.0630056242442,1067.9545128981883,14194.5,1057.7869822485206,1017.7721893491124,-1.556370402469837,detected,1057.023268333572,1068.1468204466394,39.2340023880447,1.5564025374355879,39.2648612915369,35.08748211412623,5.288251457536775,35.48375691196281,33.69011725974708,36.86565382815186,270.8066437453999,-3.8516004020245753,-4.793761452665747,35.158453545658176
319,5.321983333333334,1057.7781818609797,1067.8221759291953,14161.0,1059.2727272727273,1018.0194805194806,-1.540796002530625,detected,1057.604863486688,1068.2321214651058,37.79736972675619,4.139678322016152,38.02338878730926,34.63414484139114,4.93763463622658,34.984342564857855,33.65096903273331,36.48084483683987,270.73168798343784,-5.134096341985257,-4.494953392452266,34.69437445314451
320,5.338666666666667,1058.4871560707177,1067.8139445029856,14235.0,1058.7244582043345,1018.0185758513932,-1.5660308165947383,detected,1058.178895455407,1068.3115730204206,36.455623972703506,6.055843916792128,36.95518589837836,34.18080756865604,4.587017814916383,34.487219929705184,33.64136742168012,36.02096961197128,270.63533589281445,-6.416592281945938,-4.207722747002213,34.2295692021418
321,5.3553500000000005,1058.8764984245468,1068.427221040148,14334.5,1060.6880733944954,1018.0091743119266,-1.5348806957073662,detected,1058.7453642397295,1068.3851751125837,36.82472148893021,5.516753826805598,37.23566416116211,33.72747029592095,4.2364009936061855,33.992489551971,33.6344525573252,35.49168379160498,270.5175874735297,-7.6990882219066155,-3.931551616924846,33.76436357795469
322,5.372033333333333,1059.4177175283733,1068.4493718182243,14274.0,1060.5968253968254,1018.2857142857142,-1.5472954329640058,detected,1059.3042698396553,1068.4529277415954,37.196358688975124,3.6920173101129876,37.3791397912936,33.274133023185854,3.8857841722959905,33.50025741809059,33.59001924774685,34.90029409156748,270.3784427255837,-8.9815841618673,-3.66592297737766,33.29907289703826
323,5.388716666666666,1060.1313819320735,1068.4904933226217,14314.5,1060.4434523809523,1018.5208333333334,-1.56455120942039,detected,1059.8556122551845,1068.5148309074552,37.49035634665961,2.1092912873450587,37.5496461865407,32.820795750450756,3.5351673509857937,33.010635284590975,33.488808085441356,34.25547974985391,270.2179016489763,-10.264080101827979,-3.4103212779578618,32.83400296450907
324,5.4054,1060.855498185878,1068.4752883989208,14332.0,1059.620218579235,1018.3661202185792,-1.5954431032678074,detected,1060.399391486244,1068.5708846100904,36.512982924667995,-0.7053008805514764,36.519794240784044,32.36745847771858,3.18455052967716,32.52374102686994,33.365320422634966,33.56701319497658,270.0359642437137,-11.54657604178879,-3.1642330290960436,32.369451025936186
325,5.422083333333333,1061.48673945144,1068.239701419652,14334.5,1057.6347305389222,1018.377245508982,-1.6478958852345629,detected,1060.953832350568,1068.626181408949,35.551165217096695,-3.687500825117695,35.7418943346397,32.17043678793183,2.8128717450867837,32.293176532831595,33.15031779912579,32.84548371815372,269.45049117432944,-12.141067347882641,-3.1212758884223857,32.141980141381744
326,5.438766666666667,1062.0920935672514,1068.218807017544,14250.0,1060.3696275071634,1018.4699140401146,-1.6054057054888438,detected,1061.5013631566096,1068.66314756712,32.73308926944537,-3.5791384064859812,32.92818496143179,31.91532679726492,2.4071494138702185,32.00597526832938,33.007693691473165,32.102027182599976,269.07185683244285,-12.678254537196352,-2.9238122768856454,31.87214731778273
327,5.45545,1062.7918841184794,1068.1336603808595,14371.0,1062.5993975903614,1018.777108433735,-1.5746962254844818,detected,1062.0438309021415,1068.613288590154,29.901162155932525,-2.632427437100432,30.016814829141524,31.567391733494063,1.8524087559523568,31.621695701764608,32.89727100642092,31.348064458491613,268.05666229677496,-10.796215391778894,-2.921829542806526,31.48641851938358
328,5.472133333333334,1063.0119725152692,1068.035593651675,14408.0,1061.1467065868264,1018.8952095808384,-1.6087360155210924,detected,1062.579217291654,1068.5916341501886,27.34879400067166,-0.3617878484619723,27.35118687988638,31.23651224936695,1.508930580463612,31.27293668655871,32.77181541844253,30.595051226467046,267.39382314075624,-10.598854434478284,-2.927715413220662,31.135591394105553
329,5.488816666666667,1063.4380952380952,1068.0572934770016,14385.0,1057.743661971831,1018.7577464788732,-1.6857935168309082,detected,1063.1095799759692,1068.5400073526137,25.611891265516988,2.2462193632914023,25.710201781096362,30.901159084333873,1.2881962715313453,30.927998357302354,32.55194680817304,29.854241958394077,266.4870403267215,-10.252708293614186,-3.1792227530470765,30.764161374492314
330,5.5055000000000005,1063.7246229985444,1068.124949053857,14312.5,1065.2894736842104,1019.2236842105264,-1.5388070341672286,detected,1063.6239687416062,1068.4880392994503,25.174142973319704,3.3301763152858257,25.39345484041178,30.51872959468191,1.106944474376022,30.5387979813002,32.25412459404085,29.136471182106465,265.72679980309107,-8.933684273667202,-3.377887718848205,30.351409468120583
331,5.522183333333333,1064.2566640045372,1068.231489519312,14399.5,1060.823880597015,1018.7582089552238,-1.6400719070718115,detected,1064.1258992075243,1068.437910088886,25.179390514487295,4.824809099926824,25.637482121530372,30.123499153271318,0.9791499524597961,30.139408352961073,31.846492094993295,28.451955480421468,265.10299283969135,-7.945162619140656,-3.54706467758436,29.92995603136719
332,5.538866666666666,1064.6442798182156,1068.4569305323687,14376.0,1060.9180790960452,1018.8954802259886,-1.6458385938899251,detected,1064.6149317796057,1068.4103194318545,25.48359516869732,5.631266754754051,26.098367534871826,29.686379362251316,1.005557738216675,29.70340495640842,31.504212615633563,27.81011995358312,264.5960469160874,-6.737021712224117,-3.7968626915388457,29.45973692526783
333,5.55555,1065.0714293979472,1068.5519723215425,14403.5,1054.8545994065282,1018.8427299703264,-1.7735052214161946,detected,1065.0902706494571,1068.402789219349,24.45402567731435,7.011658517536034,25.439393211971176,29.19248028784387,1.1411741619896167,29.214776805995722,31.20517419065838,27.219452942230003,264.1768087008586,-5.182403419500777,-4.097124699618009,28.926056644830204
334,5.572233333333333,1065.661474343476,1068.484233067385,14476.5,1056.9589905362775,1019.0725552050474,-1.7451304507154346,detected,1065.548206271268,1068.3920719046102,22.8289500560345,7.0338905538819745,23.888000690407466,28.684209475802525,1.3357795391063976,28.715295231440937,30.987781127467088,26.687392487107548,263.9347046416105,-3.3873573147519314,-4.3591263930464805,28.38249808100514
335,5.588916666666667,1066.0593252398803,1068.6742557118455,14538.5,1061.0569620253164,1019.1772151898734,-1.6715182195067169,detected,1065.992204612563,1068.4157912968985,21.11255627675473,7.781012294034099,22.50075965071058,28.205603973607012,1.5074605863099373,28.245858686455854,30.86064107873415,26.220247111483427,263.90969901749884,-2.609358792364391,-4.491447020897505,27.886474079626925
336,5.6056,1066.2512090613548,1068.7223351828238,14508.5,1060.0188087774295,1019.2539184952976,-1.6961234734874622,detected,1066.4160921618916,1068.45032711944,20.11876647058307,7.449730610993356,21.4537467700686,27.772540319199,1.7433256057041935,27.827202158122866,30.81441923465295,25.82315192998045,264.03167123638895,-1.6836502415918502,-4.621628812742644,27.440731168579767
337,5.622283333333334,1066.5071524873747,1069.1357144489384,14587.0,1055.080701754386,1018.9403508771928,-1.7946217205124542,detected,1066.8230298569736,1068.4943845202704,19.59060403723697,7.92628782821248,21.13333398400439,27.41328037386008,1.8521327066477107,27.475777266874477,30.766607773221263,25.500058833496237,264.20589044687324,-0.7735132686347718,-4.61015105794724,27.08624823857679
338,5.638966666666667,1066.6992685188366,1069.043740055176,14559.5,1062.149090909091,1019.0909090909092,-1.6616351257983095,detected,1067.2175459377324,1068.544039908284,20.603082008590718,6.889548073386322,21.724476079026985,27.120456971979806,1.8720382005078098,27.18499059027184,30.74827665623059,25.253756811232005,264.4961019172097,1.0865144481487865,-4.464624726498588,26.815869171904644
339,5.6556500000000005,1067.1335497465686,1069.3871860584316,14632.5,1060.5283018867924,1019.1383647798742,-1.701497756301673,detected,1067.6022649624663,1068.597055674691,23.14272994064413,2.464148568690689,23.273546727436425,26.92734370753641,1.8670814828602484,26.991995709977434,30.765002611492186,25.08591581106148,264.8384148051542,2.404738402753193,-4.282024913130273,26.650180019106287
340,5.672333333333333,1067.5015620011857,1069.2996990012314,14618.0,1063.4685314685314,1018.9265734265734,-1.6506890492364872,detected,1067.9750608832976,1068.6468928973025,25.208498107696414,-1.432508200879056,25.2491674435281,26.79634564250255,1.8494269455612848,26.860091582484106,30.784820450235024,24.997145509543714,265.05354578322135,3.5873309118827095,-4.1530463064313565,26.537082096494153
341,5.689016666666666,1067.9447900998225,1069.4871119923423,14626.0,1062.189368770764,1018.8970099667774,-1.6840750517816578,detected,1068.3602502668255,1068.679139115683,26.818134426171582,-7.523311559637023,27.85341183631868,26.750242220974947,1.8353607210363323,26.813131257970483,30.817135461164437,24.987059531754856,265.43870105142173,5.046728954359603,-3.956877433459648,26.519561248891947
342,5.7057,1068.621526342382,1069.2471521749117,14514.0,1063.183870967742,1018.7032258064517,-1.6779668947890218,detected,1068.7311459942232,1068.7117054496503,28.3554310746199,-10.28006378534883,30.16140220311981,26.819226533734888,1.7477683515833853,26.876115903876176,30.895439939091602,25.054336371346476,265.94382760753234,5.8289706954170715,-3.640433616233395,26.628421830149524
343,5.722383333333333,1069.153669061419,1068.6576082555328,14406.5,1066.9795918367347,1018.7687074829932,-1.6143471469574169,detected,1069.0983274448706,1068.7458192549286,29.64727497153899,-11.956848839950453,31.967595271140848,26.936810417036664,1.6936601412572114,26.990002595729006,31.00035793486318,25.196770484385084,266.2161707989474,6.525646922547636,-3.467589846585069,26.76632325840287
344,5.739066666666667,1069.41081559062,1068.595741748777,14513.0,1066.8169014084508,1018.5492957746478,-1.6225801275531535,detected,1069.4770549439747,1068.7683541367576,30.90671336627929,-12.176623338194986,33.21889653533997,27.089944681662512,1.6366722637482196,27.139340429613572,31.117108749062588,25.411310342322828,266.5829049658697,7.175483600452786,-3.248437167678155,26.944228601355523
345,5.75575,1069.8946862922076,1067.9669281862575,14403.0,1064.7244582043345,1018.5046439628484,-1.6749467974429573,detected,1069.8627045295827,1068.7859500114143,31.252184930979183,-11.564695024725552,33.32328366135358,27.310345417212858,1.5801370663446392,27.35601944647495,31.23256136463648,25.69408392899678,266.9611966577954,7.444592769844704,-3.02569836474367,27.18817664650396
346,5.772433333333334,1070.4675232968686,1068.0956994848643,14397.5,1064.976897689769,1018.5247524752476,-1.6811096451448804,detected,1070.2458490517981,1068.820918962758,30.30664251458029,-8.755742398888287,31.546087007143303,27.55644363573555,1.6119087148908744,27.603547517567584,31.298603192967104,26.04041548965514,267.47344605194854,7.671722444894625,-2.8250958200305014,27.458599184267534
347,5.789116666666667,1071.1560463474204,1068.220925790881,14398.5,1060.3246268656717,1018.2089552238806,-1.7840788807188035,detected,1070.6396595553679,1068.846893096722,28.585728188548273,-2.894351554638888,28.731883457083075,27.81177947960795,1.6989118405652575,27.863621072365213,31.346153203571824,26.444839673729316,267.8903531677753,8.262866983835304,-2.721566562601606,27.730388650534337
348,5.8058000000000005,1071.7192797848709,1067.950531977084,14255.0,1067.326612903226,1018.3951612903226,-1.659206843695112,detected,1071.0435882755164,1068.8824775309922,27.42637462431685,0.795627580542714,27.43791260792795,28.13877836824213,1.758270964192845,28.193658237989883,31.371087368560456,26.901120234851543,268.41045330586917,8.126086411215274,-2.5381433923811985,28.079177213021868
349,5.8224833333333335,1072.1769765482377,1067.908861115012,14242.0,1069.957446808511,1018.5744680851064,-1.615755511166741,detected,1071.4671647231826,1068.9204590169127,25.10193394542739,7.3697217853978145,26.161419819932693,28.50571583808335,1.8048942046574508,28.562798856757052,31.37293541264206,27.40228016483421,268.6762445876411,8.761009734016564,-2.4629468544836426,28.45641177878109
350,5.839166666666666,1072.468718489858,1067.8766912885449,14215.0,1067.1509433962265,1018.5849056603772,-1.6782642739771612,detected,1071.9052111906803,1068.959950887635,22.713204048951866,10.35579748312557,24.962615641811926,28.919203881242638,1.7673282226364555,28.973156579347833,31.324975242637542,27.940648817156344,269.1174647310429,7.584332278665759,-2.2125476829618016,28.88855196997639
351,5.85585,1072.559743269745,1068.5379093124145,14022.5,1083.859649122807,1019.1052631578948,-1.3460656391251655,detected,1072.3613446247252,1069.0003608117731,20.96155246819717,12.987868315275591,24.65910390204645,29.361324300600476,1.7018093879320713,29.410602167889827,31.286523429074713,28.5079296484439,269.4821601300306,7.3860015347930545,-1.9671042329837074,29.34474434740339
352,5.872533333333333,1073.0196498239604,1068.5541321724236,14012.0,1075.158671586716,1018.8856088560884,-1.5277569792838934,detected,1072.8444353574175,1069.0345978891748,20.14751584329133,15.502341790580886,25.42134920982098,29.822769088185268,1.619116039688121,29.866688682162174,31.24207407739832,29.0952901173087,269.92150209805345,7.344196287240568,-1.6599730980375653,29.82052283497031
353,5.889216666666667,1073.3731485110882,1069.3273468030266,14031.5,1079.8953488372092,1018.7790697674418,-1.4424761736665734,detected,1073.3393238246379,1069.0638077788526,19.74476084146363,15.746364208610885,25.25477314245403,30.2304893134976,1.5043604954780734,30.267896931135596,31.21943005029331,29.69347337617848,270.3092985838475,6.946934578891009,-1.3411467632065426,30.238169752704746
354,5.9059,1073.742804971432,1069.398362490428,14147.5,1081.7219917012449,1019.3195020746888,-1.4127920350452272,detected,1073.856177327128,1069.0779933931324,20.266519353227068,15.524019741314987,25.528944271619707,30.58569991204337,1.4432513380705971,30.619732421012635,31.211779919905258,30.292929874810213,270.5752865483722,5.658779152254241,-1.1360836114277073,30.59864911335561
355,5.922583333333334,1074.1482173933491,1069.5066671370114,14174.0,1080.08,1019.176,-1.453481273120925,detected,1074.381164030332,1069.0957234231628,21.315019660513826,10.926336125398393,23.95234611167092,30.90513467343206,1.3617671926208486,30.935121772345926,31.192101525568177,30.88396592549694,270.94603478272325,6.33246598213505,-0.8513170413249318,30.923405672160705
356,5.939266666666667,1074.4423754816194,1069.673447399548,14231.5,1080.1800766283525,1018.9540229885058,-1.458148928692484,detected,1074.9249388390203,1069.1044053367827,22.40085483889834,8.581987940446197,23.988514220838255,31.204634369436576,1.336723792783685,31.233252098179218,31.163464942774212,31.456905615079158,271.304465423111,5.31596762745828,-0.6259960692328352,31.22697816872009
357,5.9559500000000005,1074.6628392974546,1069.8063891236968,14196.0,1081.1166077738517,1019.035335689046,-1.4443592989896292,detected,1075.4770299254099,1069.1236148078547,25.128688245689318,3.1732508438076366,25.328254852373277,31.488655656431142,1.3146581022707557,31.516087336075824,31.109354281610486,32.00226208049975,271.570204438813,4.482082359949671,-0.45131838067441754,31.51285567342992
358,5.9726333333333335,1075.0579679595278,1070.2057335581787,14232.0,1080.7820069204151,1018.9896193771626,-1.4594957451605788,detected,1076.038564175149,1069.1406804174276,28.475110285467963,-0.5988575472138109,28.481406849582033,31.76007781485819,1.3227287825395888,31.78761007433566,31.046863436069646,32.510913967243695,271.5447981645266,2.588867596395603,-0.46604246493938684,31.784193534819774
359,5.989316666666666,1075.5453556514722,1069.7252342351826,14248.5,1075.8204334365323,1018.6068111455108,-1.5654151919060963,detected,1076.6213639586238,1069.1600615256307,32.673592771485346,-4.30833507977286,32.95641691319706,32.00701281800374,1.289307546148607,32.032970256915156,30.977132769784415,32.974282759819666,271.43629704250105,1.2200871991906146,-0.486631096588099,32.02927369854404
360,6.006,1076.210077027852,1069.9247451975014,14194.0,1075.1993127147766,1018.147766323024,-1.5903153479380547,detected,1077.2153580826168,1069.173611508466,37.31455640871263,-7.046586265072165,37.974076657242115,32.21588518242975,1.334950300476187,32.243531915598794,30.91668120200763,33.38450655710079,271.44240930262936,0.30078380266083593,-0.5235847696588379,32.23928053448494
361,6.022683333333333,1076.958687742179,1069.4843115017484,14108.0,1075.5819935691318,1018.3601286173632,-1.5977182544329067,detected,1077.815413516982,1069.1912191860083,40.365561174260165,-7.263051411198376,41.01378359423391,32.337324482028926,1.3760265442711674,32.36658776742717,30.866644337387275,33.734605767852145,271.37639455909937,-0.9142559648658063,-0.598877077926523,32.36104679938676
362,6.039366666666667,1077.6563758230309,1069.1599047889729,14074.0,1078.1032028469751,1018.9395017793596,-1.5618992410069017,detected,1078.4186353241973,1069.2245503104577,43.64995483739676,-7.542470990334095,44.29681056178659,32.38845457133192,1.471633751564711,32.42187063415644,30.810372440142206,34.01863617030807,271.116509720856,-3.2592692637872567,-0.8402478999537792,32.41098083805239
363,6.05605,1078.4783404154864,1069.0449480642114,14120.0,1077.378787878788,1018.6363636363636,-1.5926056715821506,detected,1079.0209645773677,1069.258585250158,45.82108698441334,-4.882212943251034,46.080451556559446,32.35389524161672,1.5483129423629014,32.39092172620282,30.780121936804097,34.23182487315079,271.03784695193093,-4.5895494395571905,-0.9620374974293412,32.37663191449255
364,6.072733333333334,1079.266189767925,1069.0642632858794,14119.0,1080.226865671642,1019.1402985074628,-1.5515559207130245,detected,1079.621293479863,1069.3007321763773,45.897984123059814,-2.924935072252083,45.99108817735824,32.30087071304793,1.7068174533824931,32.345934437579764,30.77403392707601,34.37068497767319,270.8510669009748,-6.381987514360609,-1.2268522691921806,32.32265936073
365,6.089416666666667,1079.7800976457056,1069.3762645823065,14201.0,1079.8288590604027,1019.2986577181208,-1.5698226101510742,detected,1080.217731535051,1069.3457357897069,45.5880023580512,0.7010444536372233,45.59339230989132,32.21322853980437,1.850474938945334,32.266334630034,30.808628534685017,34.43310518880355,270.60362820934694,-7.271203126768835,-1.511002506111406,32.230935789763485
366,6.1061000000000005,1080.8973540469603,1069.1200373601948,14097.0,1077.7757575757576,1018.9,-1.6328748448840869,detected,1080.8150434467436,1069.4139762741995,45.4410156364479,2.741587426487513,45.52364444647394,32.08278517512828,1.9584079969090535,32.14250249242875,30.830324209142276,34.41841124271707,270.25829535764854,-8.465983555754578,-1.8137560403788984,32.091287844238614
367,6.1227833333333335,1081.6834779337423,1069.1849239378334,14177.0,1081.9942028985506,1019.4463768115942,-1.5645492419758622,detected,1081.4079783211705,1069.4940538856426,44.14898514125798,4.769277830908322,44.40584308434433,32.00690729921849,1.9449727053139811,32.06594819563554,30.83459435809941,34.327396771436035,269.8880449679449,-9.680730619536483,-2.007509934817908,32.00304575422142
368,6.139466666666666,1082.206537977438,1069.3544247215066,14168.5,1081.4166666666667,1019.6379310344828,-1.5866825006646956,detected,1082.015325837279,1069.5972803770198,43.47585587674621,4.837677587605867,43.744178683080015,31.84965511151174,1.6088695767876147,31.890264847400665,30.819466663647923,34.16232205790389,269.31948824918527,-8.89525424835907,-1.9870309938407518,31.828300298113234
369,6.15615,1082.9441152959985,1069.4299266469177,14178.0,1081.1158192090395,1019.7429378531074,-1.6075760079723471,detected,1082.6138052344563,1069.6877228684837,42.3969057074969,4.279714632936702,42.61236406149928,31.62943809860596,1.251940105393471,31.65420522554687,30.78408037035774,33.92688000179518,268.9275986836866,-9.071716774336616,-1.8436923560029472,31.600466878789227
370,6.172833333333333,1083.7326510205282,1069.4600082348095,14167.5,1079.9625,1019.915625,-1.6467463886223614,detected,1083.1862696251085,1069.7100203301793,40.31403511725284,3.5690595925620983,40.47171374936271,31.498710680906832,0.9754805711589509,31.513811843447037,30.738891376418575,33.62612948403937,268.61762485692583,-10.725599225741854,-1.7350922579304693,31.46601010234142
371,6.189516666666667,1084.2674842481629,1069.8562244505783,14310.5,1083.049275362319,1019.936231884058,-1.595194710849826,detected,1083.754340419505,1069.7259627679205,39.694195194384974,1.087529857629761,39.709090310924665,31.387876098774175,0.708941934687639,31.395881332728308,30.756871205328732,33.26639716522123,268.2701666109157,-12.642056583409836,-1.6561153077481108,31.35217132426716
372,6.2062,1085.0476858017337,1069.6836872970257,14267.0,1080.2900302114804,1019.737160120846,-1.665764768937401,detected,1084.3236474427883,1069.7400735501865,38.754307377460464,-1.151820091231457,38.77142027098377,31.31008433230535,0.4304021188726998,31.313042440491202,30.879190405671196,32.85514956601152,267.55523161201046,-14.963643348357483,-1.765583071898035,31.2632266936129
373,6.222883333333334,1085.6036536747806,1069.6624806528775,14214.0,1086.8372093023256,1019.827242524917,-1.5460487017149895,detected,1084.8913848222567,1069.7353944954652,36.49438655557651,-2.911590623500615,36.61034840078281,31.247017354065456,0.09773955367574469,31.24717021660714,31.001406902000202,32.40083805260896,266.8437267162727,-15.467306533886273,-1.8180365549397304,31.194236480967493
374,6.239566666666667,1086.2944034676827,1069.383822141434,14303.5,1079.5545454545454,1019.369696969697,-1.7047484495434475,detected,1085.459127056375,1069.7096909062568,33.29172328626328,-2.583900194213129,33.39184600441819,31.158736976931458,-0.21435888330274763,31.1594743172674,31.081260619420362,31.912720095767895,266.3076841288638,-16.203526437014315,-1.792661178117107,31.107864048001083
375,6.2562500000000005,1086.892533212244,1069.2628337233807,14314.5,1083.7079365079364,1019.7714285714286,-1.6350541982841236,detected,1086.0087446829198,1069.6716348915056,30.91236822399742,-2.8562718441239667,31.04404609685311,31.081472460749477,-0.5459436685393779,31.08626682021414,31.181582032421286,31.400660902533435,265.553201167026,-17.106658652539142,-1.8655516461358674,31.03023850815759
376,6.2729333333333335,1087.328581079507,1069.2780301441985,14309.0,1083.4137931034484,1019.7460815047024,-1.6496679862098589,detected,1086.547233064818,1069.6305724641657,27.838284662359456,0.1688283936091466,27.83879659699834,30.910397395922715,-0.7199106260346652,30.918779705598723,31.29719181262068,30.87492023568029,265.3439189167496,-14.784280012384828,-1.7916022065644082,30.86682847356976
377,6.289616666666666,1087.755693221499,1069.2094455852157,14366.5,1083.3717105263158,1019.970394736842,-1.659596846135263,detected,1087.0757729909465,1069.5799181048742,26.179521923621905,1.8043706330468012,26.24162955174091,30.739916315056128,-0.8793457449214743,30.752491020985037,31.39205713703864,30.345929912930224,264.996645652315,-14.57778807669889,-1.804957955406811,30.69947606678295
378,6.3063,1087.9850888509234,1069.6012110223958,14340.5,1082.156923076923,1019.833846153846,-1.6873735210287892,detected,1087.5937412611245,1069.5539598810205,25.017080941966924,4.003172152074512,25.33534539208158,30.53741980258526,-0.9518401317046732,30.552250454518894,31.488776773126624,29.824068073833654,264.8537312010527,-13.726061409346451,-1.7911610002539986,30.499700819955905
379,6.322983333333333,1088.4656956688386,1069.4562644459156,14349.5,1086.67,1020.2733333333332,-1.6072906626631134,detected,1088.0971934124284,1069.5316663264193,24.092742528496274,4.040573048279384,24.429213517894816,30.321533696732455,-1.0335466826514992,30.339143436611746,31.55979249017716,29.31943676205584,264.7514121217389,-12.235496125082474,-1.744512028026869,30.288946866
380,6.339666666666667,1088.8065593155495,1069.7852513940577,14376.5,1082.0744336569578,1020.1553398058252,-1.7056199654007902,detected,1088.5867717691385,1069.4972703588196,23.758308025252973,4.779496885588287,24.23428956462615,30.096495646551233,-1.0287451657861442,30.114072571125373,31.676472099783865,28.841649623135133,264.68064375246604,-11.26057979867303,-1.7658400529488398,30.06225500068828
381,6.35635,1089.3202605305476,1069.6354423350572,14406.5,1083.8923076923077,1020.4153846153846,-1.680631792548633,detected,1089.0652190220985,1069.46132274515,22.963132027581196,4.73854447918302,23.446945137849433,29.80761435316513,-0.9571762340874646,29.822978720612696,31.818823512613452,28.3996364680733,264.3303186354357,-8.579022652003955,-1.9922956599367834,29.756357602595024
382,6.373033333333334,1089.8176490153571,1069.7908451754236,14531.5,1084.6632996632998,1020.5286195286196,-1.6750478622019294,detected,1089.5204581318674,1069.434772338208,22.08332239558149,3.6155631833457846,22.377341780469738,29.480295535628375,-0.8741892284301569,29.493254002823996,31.98212718700459,28.00147098986371,264.1409900423221,-5.88080312286189,-2.1397522238588316,29.41553147736047
383,6.389716666666667,1090.0672958366465,1069.6303683986123,14463.5,1086.7319277108434,1020.183734939759,-1.6381481965852362,detected,1089.9623044562186,1069.4174507449968,20.137423306793153,3.6815936570283156,20.4711980424314,29.109690029997218,-0.6862832328627597,29.11777873255836,32.12189656582644,27.654226940257235,264.05096146049175,-3.375281129214061,-2.334453087846482,29.02404808256202
384,6.4064000000000005,1090.4104803493449,1070.0187967770405,14541.5,1086.0990415335464,1020.0862619808306,-1.6569279813218771,detected,1090.3825387879497,1069.4019512341722,19.205844572274145,3.5907808506567562,19.53863282964792,28.76086502898678,-0.6229567084440634,28.767610819742927,32.24412212857394,27.36386652733691,263.7282090581924,-1.074067425942913,-2.5227504643544365,28.656782135661878
385,6.4230833333333335,1090.6296066252587,1069.99362778928,14490.0,1085.878787878788,1020.1649831649833,-1.6658521188431776,detected,1090.7853137914726,1069.3944679195774,18.4683311916001,4.471518992696019,19.001940403671156,28.474165707627204,-0.5191348039330204,28.478897690923144,32.34624373084634,27.13516273414739,263.52044949821607,0.6007501575092427,-2.69745077240347,28.350861944930834
386,6.439766666666666,1090.8997932460372,1069.9874798989204,14510.0,1084.5504587155965,1019.6788990825688,-1.696340347315605,detected,1091.1749469495849,1069.3958309812006,18.199343574312024,2.541982382790138,18.376011018996145,28.26743600159314,-0.5823197043287707,28.273433366717484,32.4260780037598,26.971654880137013,263.4801784980975,1.5719022923307697,-2.6311270504050697,28.150740750233204
387,6.45645,1091.132284562041,1069.9898321737442,14588.5,1084.0592105263158,1019.5526315789474,-1.7101230002427985,detected,1091.560777498211,1069.3790237257385,20.213656879328028,-1.0746132833864976,20.242201415459633,28.091194685617655,-0.6655526059777905,28.099077905450873,32.460162626433274,26.875634389223404,263.6147904312388,2.493291158387611,-2.462665096925152,27.9909531769996
388,6.473133333333333,1091.572158889916,1070.228920612098,14605.5,1083.6561514195585,1019.4921135646688,-1.7255695203787709,detected,1091.9396297904805,1069.3666994401926,19.994047881732513,-11.318102234045,22.97523425076025,28.011403033960562,-0.8273262421394795,28.023618050528516,32.443711103398876,26.848155817040197,263.69946305544113,3.309948880618837,-2.2517438053948178,27.93300589762537
389,6.489816666666667,1091.9712600401606,1070.2539818364369,14608.0,1086.84,1019.7784615384616,-1.6721066768252502,detected,1092.3152658962854,1069.3459672702281,19.894583507061725,-18.17143425534141,26.944303216369274,28.01775285644219,-0.969710083531561,28.03452893791471,32.41122025537516,26.889067128631826,263.91050073947065,4.411159321245147,-2.007936229209333,27.96252858505836
390,6.5065,1092.2375573921029,1069.8551538108356,14520.0,1087.009708737864,1019.6504854368932,-1.6745531139801335,detected,1092.684649035636,1069.3158641405262,22.56118279475413,-18.0874817618419,28.91649988472452,28.053926964991316,-0.986279374496166,28.07125870283738,32.35050953076884,26.997053251821818,264.12385785732056,5.4070744896142156,-1.891017343287399,28.00749218635988
391,6.523183333333334,1092.9165426286822,1069.2936411783032,14444.5,1087.3044871794873,1019.4391025641024,-1.68289302804382,detected,1093.0734460612525,1069.2814289513142,25.212371639674984,-16.93257393500835,30.37063950201924,28.189405789075963,-1.066433296353426,28.209570693591928,32.257031518971225,27.16968804095662,264.33438086036693,5.438122836231878,-1.7217087917883707,28.156981328847014
392,6.539866666666667,1092.820167890134,1067.7115544472151,14235.5,1095.7156398104266,1018.9004739336492,-1.5115457879844296,detected,1093.470850293829,1069.2453921023377,27.251590541041423,-15.245819527030562,31.226338243017942,28.39693907913175,-1.1323958852536313,28.419508607730346,32.13712785467375,27.403491668479248,264.70348169979945,5.932967548665584,-1.4937628114619437,28.380224491147928
393,6.5565500000000005,1093.1094714845858,1067.59470310629,14197.0,1091.0621118012425,1019.1801242236024,-1.6130592281693004,detected,1093.8721592587262,1069.1976032788027,29.42243832328859,-11.208181984960447,31.484968164121,28.630252384253996,-1.0918987668364384,28.651066201855397,31.980339125889845,27.693992626596742,264.9804594750812,6.634355380579138,-1.4173066143411803,28.615989175005733
394,6.5732333333333335,1094.2025195472183,1068.756198109188,14473.5,1085.9933554817276,1018.8338870431894,-1.7337765533884282,detected,1094.2961285129481,1069.1511288657498,30.787328459270157,-4.462254560557085,31.10902295833475,28.86561046966663,-1.0245566743573242,28.883787566132977,31.818498336644048,28.035795443166197,265.30838193454707,6.8252462685862385,-1.339872671850715,28.85269355517307
395,6.589916666666666,1094.754158034575,1068.722532392289,14239.5,1085.0654545454545,1018.4072727272728,-1.76102785707723,detected,1094.7379427692815,1069.1062584503634,32.38729071551097,1.606276832547337,32.427098623740626,29.14888684716344,-0.9412803451222206,29.16408087214221,31.679438514896827,28.42265648176901,265.486112387266,7.120104779935026,-1.3556779330004027,29.13255482203418
396,6.6066,1095.2739894551846,1068.5364499121265,14225.0,1088.503333333333,1018.49,-1.7052673397834062,detected,1095.193433716728,1069.0681955256905,33.84209385525264,7.782976267918002,34.7255242738638,29.429959654374464,-0.7446258508763609,29.439378269859947,31.49194098283908,28.847570601581726,265.76833878908883,7.883239977985006,-1.4290200618341031,29.404674706222778
397,6.623283333333333,1095.792512929008,1068.4625528913964,14180.0,1093.5548589341693,1018.896551724138,-1.615910631695761,detected,1095.6662309202807,1069.0419539129896,32.73931175181315,6.743127417668802,33.42652092804944,29.771162787744483,-0.625241068856942,29.777727585035215,31.29291259548997,29.30287103390982,265.99896309766274,7.73694805973759,-1.4535515783742117,29.74223004311501
398,6.639966666666667,1096.1470338983052,1068.6673846516007,14160.0,1090.3022508038584,1018.6045016077172,-1.687019014356166,detected,1096.149698453572,1069.0245329055788,29.928464897652248,2.95763767841936,30.074251973520617,30.147418021750536,-0.5327829198032538,30.152125480930913,31.117309874557744,29.780343820457855,266.5379705154727,8.181432839756946,-1.2887030817316036,30.1245732813751
399,6.65665,1096.9169325298358,1068.5997518610425,14105.0,1093.212837837838,1018.5844594594596,-1.6447206142626574,detected,1096.6583883239284,1068.996324566445,29.724358776930785,3.0297166756040497,29.878364878857337,30.53306635871602,-0.45373505787494345,30.536437525823157,30.97521544258877,30.27135687281635,266.77917294059387,7.325996892412309,-1.2624647493668972,30.510329390636
400,6.673333333333334,1097.2017186633143,1069.014861243906,14119.5,1095.4364261168384,1018.6838487972508,-1.6058556099224188,detected,1097.1995241847235,1068.9636870499394,29.954980310344126,4.716259914974671,30.323983131816657,30.863012762519226,-0.3755609647545861,30.86529771146995,30.829808821239396,30.767002439318087,267.07941591384565,7.2780670934003995,-1.1974509481486242,30.842060794383535
401,6.690016666666667,1097.753444748016,1069.1168316597475,14091.5,1092.2351097178685,1018.3134796238244,-1.6789936059912365,detected,1097.7488982714276,1068.9337521524537,29.455150992266226,6.048466870058746,30.06975010630119,31.203498261841386,-0.29273322774359295,31.204871358801714,30.713878794546474,31.258250688430554,267.1279754570194,8.277712529414003,-1.2710949642452802,31.17897230684863
402,6.7067000000000005,1098.1976908381096,1068.9271178194676,14045.5,1091.7193548387097,1018.0354838709676,-1.6974120241090254,detected,1098.3153411022538,1068.9043407367249,29.431273788138697,5.7829298310662125,29.99403531076496,31.50566459971327,-0.22067595478297125,31.506437433430097,30.61892296473922,31.73611132387587,267.4181172454574,7.96432964885404,-1.1987870676720875,31.483622874647505
403,6.7233833333333335,1098.7557731190805,1068.7737102857886,14095.5,1094.064417177914,1018.036809815951,-1.6629985352802494,detected,1098.8860084348764,1068.8958279933452,28.222213044758973,6.709113384695684,29.008714407096125,31.764264665427916,-0.11742145470661584,31.7644816978552,30.568265554418513,32.19179965633631,267.64429124752627,7.380680482566874,-1.1882936004428302,31.74224717710648
404,6.740066666666666,1099.3133291070883,1069.2241905566902,14197.0,1093.05604719764,1018.0,-1.692348941893973,detected,1099.4777167969007,1068.8830621551301,29.2814838141976,4.783582099128125,29.669646982399623,31.96220999003896,-0.017216156766538822,31.962214626702576,30.57178081209615,32.616903338654744,268.0886147186926,7.01460244819846,-1.0488539146738753,31.945000693521255
405,6.75675,1099.620537091073,1069.4935354541788,14051.0,1103.5054545454543,1018.6581818181818,-1.4945230130902345,detected,1100.0718949130448,1068.8875355030434,30.64946738302433,4.400333881406823,30.96373344948779,32.14078596381863,0.12092308674767978,32.14101343711659,30.564412008300557,33.00354595221976,268.244228675708,6.258091626923437,-1.1056341130038214,32.12199118941837
406,6.773433333333333,1100.1781267933898,1069.4253422812503,14230.5,1103.3508196721311,1018.6262295081968,-1.5084216694283803,detected,1100.6753454839009,1068.8893458683565,33.30284220854992,1.3485522313048932,33.33013489753876,32.31588141050416,0.25451851154586225,32.31688368346317,30.580432803465044,33.344543725263364,268.4952897400277,5.2759841333306206,-1.1030176637067204,32.29805447769322
407,6.790116666666667,1100.534786570573,1069.7082283049904,14083.5,1103.2298507462688,1018.4805970149254,-1.5182352032083346,detected,1101.2861384404898,1068.8987948829536,35.295991203502126,-1.5522319527540276,35.33010641185291,32.4919711677358,0.42757293573536104,32.49478433503364,30.626480834266882,33.633551807355616,268.65147159032784,4.689043929999563,-1.192123417154674,32.47290948989048
408,6.8068,1101.2370019779598,1069.3393378543844,14156.0,1108.1686746987953,1018.7439759036145,-1.4346418218116064,detected,1101.896640453492,1068.9070447892855,38.336465745581336,-6.860392682998736,38.94546948782456,32.627369724186444,0.590927671982756,32.632720552112616,30.707721042972178,33.865196697399035,268.9002433992346,4.172013489100519,-1.2170422909154643,32.610017765931936
409,6.823483333333334,1102.0382921284456,1069.391304347826,14076.0,1106.759493670886,1018.8069620253164,-1.4777326713873755,detected,1102.5152453780352,1068.9395000690643,41.97511574569717,-9.230447718712185,42.97803516858993,32.69805769759713,0.7883152750365765,32.707559037143795,30.78037554769819,34.03519163173322,269.1876259249475,2.9907691574605355,-1.251833262645408,32.683594227850485
410,6.840166666666667,1102.8794473725095,1068.6901509447491,13945.5,1103.973063973064,1018.5353535353536,-1.548994956112424,detected,1103.1295145155811,1068.9845497869944,44.29292646387421,-7.51344516781046,44.92566296699319,32.71533171713017,0.9549983569162315,32.72926750209323,30.878860611367344,34.140431999505765,269.36969918474426,1.9674145181953628,-1.3148289353148497,32.702846605371136
411,6.8568500000000006,1103.440418736693,1068.8584102200143,14090.0,1102.4606741573034,1018.3539325842696,-1.5901930565776292,detected,1103.7371960105208,1069.0338652256091,45.52024290247982,-6.392857626340174,45.966957072786755,32.69493901491941,1.1358783144056468,32.71466424609057,31.014860013329095,34.17906818067685,269.4272165647278,0.8148020500032546,-1.4626660057951584,32.68195013902824
412,6.8735333333333335,1104.3155913403873,1068.4305461541203,14034.5,1104.2638036809817,1018.7361963190184,-1.5718384501113287,detected,1104.3439164814051,1069.0945356004652,45.160433023213045,-3.209356310524072,45.27432692787394,32.58460727111196,1.2985854862630402,32.61047309190309,31.139100900674638,34.15055361518286,269.3938590491198,-0.3736500456303194,-1.6432240105345959,32.56904619618048
413,6.890216666666666,1105.1582944687718,1068.5169164678937,14044.5,1104.7068965517242,1018.9367816091954,-1.5799004860874288,detected,1104.9470792390398,1069.1743358271924,44.38503780385054,1.1148418307011525,44.39903662419628,32.4476175213945,1.477502470836572,32.481239144559055,31.24170226236426,34.05566641787828,269.2398916676739,-1.4888601925917828,-1.9078226762625299,32.42516166500907
414,6.9069,1105.9049854683658,1069.0262040076718,14164.5,1105.716253443526,1019.0550964187328,-1.5745731317642286,detected,1105.5348417266935,1069.2677870539533,42.18501696239127,6.063545194459948,42.61856680418169,32.32779085933687,1.6367489751074185,32.369198461694104,31.32475501309162,33.896503438719236,269.3613909651609,-3.3217034286041125,-1.9969599201256079,32.30754029835685
415,6.923583333333333,1106.506213968434,1068.8453596068423,14108.0,1103.8612716763005,1019.0028901734104,-1.6238126356915326,detected,1106.1103251127277,1069.3605011190632,40.20919799911553,7.718018737485181,40.94322186839048,32.16590120595256,1.70876904599134,32.21125722544276,31.473479599920616,33.67644629680784,269.02493049330553,-3.1242708334328793,-2.255900065908599,32.13216467865606
416,6.940266666666667,1107.2452322824895,1068.8630010968404,14131.5,1103.846590909091,1019.4460227272727,-1.6394629703627923,detected,1106.690155229422,1069.4470975088018,36.992634080942025,10.77726078293017,38.53056353376833,32.00021536682658,1.647400074656915,32.042592131868226,31.611723405693667,33.400099550819796,268.7522476307107,-3.4258969099381535,-2.343835441828231,31.956754308766925
417,6.95695,1107.9410741158763,1069.3982670240782,14176.0,1106.7378917378917,1019.6381766381768,-1.5949712824304954,detected,1107.243732476093,1069.4845636791435,34.85776466166635,9.23960274495721,36.06153097266859,31.73687781458222,1.3104759369982213,31.763922311313703,31.764820466694143,33.07320177454283,268.9367913916226,-2.9864874569309445,-1.8991416013048232,31.70709734077476
418,6.973633333333334,1108.258966543805,1069.5043237879215,14108.0,1105.0766871165645,1019.420245398773,-1.6342497715483515,detected,1107.768563728431,1069.5166583307282,34.10501512591554,6.30083639632312,34.682165388455175,31.49205065119396,0.8830165750370259,31.50442782354817,31.880347520819416,32.70251086393215,269.0024787658036,-3.6837384343222324,-1.4311325989512373,31.471905439190923
419,6.990316666666667,1108.8187976686872,1069.584638564771,14269.5,1108.25,1019.69578313253,-1.5821971300355877,detected,1108.3082673627844,1069.6156055992953,33.16475120814221,5.739825696429307,33.65778248374899,31.301554845735556,0.3889436174396929,31.303971200123126,31.98363521396928,32.29566540799041,268.7125306441602,-4.902693487031109,-1.0921503074517174,31.284913626284336
420,7.007000000000001,1109.2919243020424,1069.949480044969,14232.0,1108.9540983606555,1019.7803278688524,-1.5775299633191835,detected,1108.83725612757,1069.6528014440423,30.232527736256543,4.1915538527164244,30.521711240095026,31.13852067412863,0.1183002168740549,31.138745394033595,32.05586950984404,31.861024435052425,268.39534293008103,-6.7918661436599335,-0.990222335948371,31.122996713681626
421,7.0236833333333335,1109.931529257805,1069.6067021873248,14264.0,1107.9017857142858,1019.6607142857142,-1.6114127477387346,detected,1109.3514206209247,1069.6917843051226,28.952629211478325,1.961969094417782,29.019029290877366,31.01956326730685,-0.2779974357413816,31.020808949296136,32.06565586172344,31.407488353039657,268.25086405137915,-8.971045972151924,-0.6689558656793659,31.013595178864772
422,7.040366666666666,1110.6280106734075,1069.4421505980386,14241.0,1105.9970501474927,1019.6902654867256,-1.6636100012420552,detected,1109.8664290725617,1069.7017470602732,27.96288820306063,1.550019794725813,28.00581507510376,30.868754520994862,-0.6232281650154624,30.875045247304648,32.09106599758152,30.944304498403042,267.940786509598,-9.008020929717526,-0.4863602246554698,30.87121430645355
423,7.05705,1111.0151504540468,1069.6318836519831,14279.0,1106.6371681415928,1019.4129793510324,-1.6577544511818807,detected,1110.368839488905,1069.7045973972863,26.42312018399889,0.5677394874410311,26.429218837938617,30.69731308741897,-0.9327152103170734,30.711479750259198,32.200889854955015,30.480861434543186,267.5211791034923,-9.813013110895438,-0.39581914107414606,30.70892892398138
424,7.073733333333333,1111.0426676984769,1069.762296715795,14214.5,1107.9619883040937,1019.8040935672516,-1.6323834783124611,detected,1110.864961334967,1069.6839153666651,23.916248316567362,0.3707384561635081,23.919121650733533,30.604122217776577,-1.200497103225096,30.627658905235602,32.27125511178448,30.026477005845386,267.12147299704156,-10.101469663346089,-0.3379150833606621,30.625794739269953
425,7.090416666666667,1111.6665029699266,1069.7989804031615,14254.0,1115.5813953488373,1019.90365448505,-1.4924946402420347,detected,1111.3505666085339,1069.6685125277975,22.10620461749386,1.5174535807013854,22.158225289045383,30.467336135193637,-1.4122933674881109,30.500051536525753,32.30772067822039,29.59018612794709,266.7923579634735,-10.084234400547192,-0.2947091570038034,30.49862767803668
426,7.1071,1111.974630341134,1069.8187565490744,14315.0,1108.94,1020.07,-1.6317199576055903,detected,1111.83065712877,1069.635327157277,21.523438310594884,1.6785782573647339,21.588793891185333,30.33830111829686,-1.5339464956332183,30.37705559457529,32.318973245745106,29.18053528144031,266.25397134629327,-10.325443267653384,-0.4514523369084389,30.373700752187215
427,7.123783333333334,1112.448009465479,1069.648582498144,14368.0,1109.3205128205127,1020.0416666666666,-1.633758572676023,detected,1112.303890933992,1069.6000043535878,22.81877088172996,1.2527373009961593,22.8531322863671,30.19009283488461,-1.728137777031462,30.239513315451266,32.31205790734762,28.80539148813568,265.67964136282063,-10.805356341992995,-0.551084536374354,30.234491419389272
428,7.140466666666667,1112.5534633097225,1069.7807700399749,14259.0,1106.6448598130842,1020.0591900311526,-1.689075433763377,detected,1112.773712719048,1069.5502103339927,24.542645958196772,1.7001234646995727,24.601461144099034,30.037808474610287,-1.9323240594838336,30.09989724614072,32.31593277956796,28.471773930625105,265.09296192790634,-10.69911883856577,-0.6441717454038738,30.093003455797714
429,7.157150000000001,1113.0701028518,1069.7100163627863,14260.0,1109.7943925233644,1019.9096573208724,-1.6364785506942432,detected,1113.2422298301844,1069.4993978676798,23.808489932564953,1.756802019578572,23.873218178641984,29.869798369873376,-2.0205318910137167,29.93805945246775,32.33276065652013,28.18571606511735,264.5353015929155,-11.314005649021974,-0.8332251366597321,29.92646219737863
430,7.1738333333333335,1113.5222677690545,1069.831978508071,14393.0,1107.7220447284344,1019.9041533546326,-1.6864500547077237,detected,1113.7058127548196,1069.44112279634,24.206591029555966,1.108618471601858,24.231964100909284,29.619701438993435,-1.9919379679839522,29.686605232047093,32.37440728121767,27.95216487680046,264.2447298028866,-9.733005304947175,-0.9883540366449719,29.670148070099913
431,7.190516666666666,1114.019345341586,1069.9470987783109,14379.0,1110.2694805194806,1019.8603896103896,-1.645524377091276,detected,1114.1565959447003,1069.3711549145955,24.612917942991317,1.0115403898580553,24.633695289759878,29.395319858444843,-1.9118879599866023,29.457429371074173,32.41006302913214,27.7749217628223,264.01625549250525,-8.36330446494894,-1.1628823137193263,29.43446703910676
432,7.2072,1114.490497152034,1070.0546948112717,14425.5,1109.2666666666669,1019.8233333333332,-1.674419235142779,detected,1114.5830259495863,1069.330446685536,24.447733192831038,-0.45507577377202324,24.451968268990672,29.19624161637941,-1.8728722655056056,29.256250187693315,32.44890867090901,27.656626504804763,263.80689415724703,-6.945249051285614,-1.2877406564931813,29.227895905222457
433,7.223883333333333,1114.70981437257,1069.899606594446,14446.5,1106.4198717948718,1019.974358974359,-1.7353421219644714,detected,1115.0021544421493,1069.2916975459414,23.021310884675586,-1.8892727067227497,23.09870356122287,29.049054040782785,-1.9499506826729136,29.114426807498294,32.46672673780819,27.598782234550377,263.88756466928356,-5.135089960659025,-1.1542747783369036,29.091536536684867
434,7.240566666666667,1115.1301545800652,1069.711687537269,14534.0,1108.0735294117646,1019.5441176470588,-1.710540593104232,detected,1115.415746995596,1069.270947382354,23.459659360381465,-4.171819288250845,23.82770852345973,28.988864224588653,-2.113430345513988,29.065801844383635,32.42621600122659,27.601815729654557,263.90911538634,-3.3570698004141057,-0.9743891822979371,29.04946475545455
435,7.25725,1115.6129667812145,1069.803058419244,14550.0,1109.2897526501768,1019.5689045936396,-1.6960125712136402,detected,1115.8420849165302,1069.2084888935112,24.226267426285176,-6.331559909195676,25.03998171512152,28.950802796352402,-2.3107308094856243,29.04287278192693,32.32746998498743,27.66516441793362,263.916071513558,-2.4221781817550543,-0.7706392000464657,29.03264670419395
436,7.273933333333334,1115.787806048968,1069.6691242027296,14581.0,1109.9710144927535,1019.358695652174,-1.6859032527313782,detected,1116.2655684196525,1069.1392725460023,24.88145123796312,-8.612928775056844,26.33000489539147,28.93270276218957,-2.4532548703719965,29.036524388848882,32.16001121616021,27.787379663709842,263.81631767524186,-1.4701046305385392,-0.6775403224251515,29.028618425541787
437,7.290616666666667,1116.1753128750215,1069.5171381221785,14582.5,1111.689419795222,1019.4163822525596,-1.660095631910795,detected,1116.69510737313,1069.0586979480095,26.090052088602988,-10.171550709117128,28.00270097355179,28.995874102793824,-2.7027995375798395,29.121570018208345,31.991376463104782,27.966235576555835,263.84252226487206,-0.6302323075104742,-0.42293467746007307,29.118498700723105
438,7.307300000000001,1116.901635194071,1069.3273725273586,14483.5,1105.3333333333333,1019.3777777777776,-1.7983833337773103,detected,1117.1353227218592,1068.9626003752792,28.24856835307901,-12.801548148666825,31.013888002009875,29.124115126898662,-2.8904621438886378,29.267197565364892,31.82497345461108,28.19883374268854,263.8413772488564,0.403221792221078,-0.25069491568158453,29.26612385317455
439,7.323983333333333,1117.3764591776646,1069.1099911092638,14434.5,1117.9333333333334,1018.9254901960784,-1.5597002455213456,detected,1117.585739629679,1068.894526475315,29.428568767747038,-21.087657342808598,36.20400463934516,29.303907392343444,-3.0946139606737297,29.466856364814987,31.72015598447736,28.48169664672685,263.95344768200727,1.1666495141241813,-0.009372627283179114,29.466854874222584
440,7.340666666666666,1117.690776116648,1068.7551564230344,14448.0,1115.9342105263158,1018.2532894736842,-1.605564501623082,detected,1118.044523169653,1068.7969069332735,31.442521056183523,-19.775948463247005,37.144585984898875,29.50885190111164,-3.234626028912479,29.685605031204236,31.65814106444072,28.810845627560486,264.0212782906465,1.4129546841682112,0.14341587615541096,29.685258596736606
441,7.35735,1118.1581867998475,1068.5035433935652,14416.5,1112.0,1018.24609375,-1.6927213603468496,detected,1118.5164628490268,1068.70132693081,33.17758672195487,-19.97781324752623,38.7280942320413,29.765023427372117,-3.403041574353602,29.9589270767294,31.645094275690706,29.181862423885956,264.06807056515044,1.5303135110365158,0.3086983861368786,29.957336612175432
442,7.374033333333333,1119.0386792561592,1068.0415038218102,14456.5,1111.045751633987,1018.156862745098,-1.72967411182663,detected,1119.005740048083,1068.610426678682,33.047391404724294,-16.96112966706596,37.145793816259605,30.04797031318603,-3.4459717338067315,30.244920914631333,31.671928879804728,29.58993619912858,264.17336097482706,2.2082795060803027,0.3777332873108752,30.242562039218193
443,7.390716666666667,1119.3505963813996,1066.396433568092,14057.0,1114.4969135802469,1018.0308641975308,-1.6708155531791828,detected,1119.4922231333662,1068.5225129347596,33.77725859071916,-12.937324967573204,36.17011992267795,30.346166743530762,-3.467453916601879,30.54362572927337,31.720580564704616,30.029900019995228,264.36168726800616,1.851998798922385,0.46921670211458544,30.54002142069299
444,7.4074,1120.0108882454033,1067.8552628481295,14159.0,1112.525641025641,1017.8878205128206,-1.719493103801643,detected,1119.987563719082,1068.4486873327292,35.28591100912581,-6.964143735351172,35.96657912160367,30.678304725795858,-3.5293590289438375,30.880653425793565,31.77954938389675,30.496261901414382,264.5670148870409,2.342215270648463,0.60883769700835,30.87465097232157
445,7.424083333333334,1120.822028079646,1067.156959537846,14079.0,1108.7429577464789,1017.6971830985916,-1.8103277065202408,detected,1120.4934225673092,1068.3840511521964,35.15849853531154,-1.8099487904246416,35.205055515954854,31.01326719558259,-3.5163729009545506,31.21197879858255,31.87948168585067,30.983235706730245,264.9077475223447,2.3365212665111676,0.7497684954361343,31.20297209764509
446,7.440766666666667,1121.1294180269697,1067.524343506033,14090.0,1116.9961977186313,1017.4068441064638,-1.6530807155030245,detected,1121.0201767964697,1068.3071087183241,34.32076324617128,4.919987415359628,34.671617585094566,31.35118870339479,-3.5309420081773983,31.549399116005063,32.01713721584891,31.484776550867764,265.0920315240489,2.5687401611316067,0.8357291643313638,31.538328131733092
447,7.45745,1121.6752722728083,1067.515384157591,14002.5,1116.6188925081433,1017.6612377850164,-1.6718741410080995,detected,1121.5633440269696,1068.2282981494407,34.467230800835296,8.313306222034953,35.45562098482234,31.737010883287784,-3.578052335643195,31.938070046928775,32.148260206386425,31.99462415429454,265.14458345330604,2.5751866858225365,0.8789405540457031,31.925973467147134
448,7.474133333333333,1122.470042762303,1067.8219458029153,14109.0,1118.2871287128712,1017.5973597359736,-1.6538887556680175,detected,1122.1197183615993,1068.159397166617,33.10183520700775,3.861123633639636,33.32626246350089,32.09569933413155,-3.6097065203182863,32.298047880789966,32.30491850286934,32.50635613485194,265.20578975503963,2.6366135108312796,0.9146102938237344,32.28509539896441
449,7.490816666666666,1122.9411168360289,1067.7385263107676,13974.0,1118.532507739938,1017.5479876160992,-1.658408919171214,detected,1122.6750988182894,1068.0970269540694,31.481529796094037,6.325859167382532,32.11079588717655,32.37646702117617,-3.6217021166681094,32.57840301480701,32.5181948156099,33.013451771933994,265.53822718812967,1.7431726463162927,1.0920333134691442,32.56009530448982
450,7.5075,1123.491680199581,1068.1932147143966,14163.0,1121.2636655948554,1017.983922829582,-1.615141782618235,detected,1123.237114180527,1068.0432093302056,29.844101256652266,6.8544126287902145,30.621125915012204,32.71683410599411,-3.6499838417620243,32.91980583120537,32.7905634271346,33.5093655340785,266.03495643863295,2.5000732259284937,1.3789488490688715,32.89091236247354
451,7.524183333333333,1123.9707349870837,1067.8581926701818,14129.5,1121.4188311688313,1017.7467532467532,-1.6216769503084665,detected,1123.808399489432,1067.9849008292103,28.172165293272883,9.260616864246003,29.655183729288318,33.009499446577664,-3.6323718256115733,33.20875153921188,33.096264854270956,33.987608738672606,266.3594768661052,1.774857045808387,1.5290585527675442,33.17353099589063
452,7.540866666666667,1124.4355083820108,1067.9053640119675,14038.0,1123.7398648648648,1017.7905405405404,-1.5846764284256336,detected,1124.388327080137,1067.9280614581728,28.15355901840121,7.74172928517828,29.19858314589232,33.30135859291296,-3.654555799264127,33.50128747113629,33.360320412220915,34.441837125605154,266.58346726884804,1.4363121057440928,1.6634855163167297,33.45996231559022
453,7.55755,1124.8175803066415,1068.190020513915,14055.5,1121.4826498422713,1017.5678233438484,-1.6365800861251991,detected,1124.9657855156033,1067.8721008935881,30.085065577140085,4.978539228078262,30.494212953056085,33.5280085963518,-3.621209048037759,33.72299683312014,33.57417748023863,34.86594181453654,266.63129862797837,0.9385844355799227,1.6448104763912927,33.68286083312082
454,7.574233333333334,1125.0010434619487,1068.6620590200837,14215.5,1124.5701219512196,1017.6158536585366,-1.5792379194997055,detected,1125.54681509141,1067.823589911351,32.98364116443145,-1.1709086186938293,33.00441805966753,33.77682613426302,-3.6223659487699744,33.9705095453548,33.76112352761136,35.254140993329365,266.7862976505363,0.7636447753467617,1.7231309796929133,33.926779074911664
455,7.590916666666667,1125.6529243818934,1069.0489865064978,14068.5,1124.4823943661972,1017.3028169014084,-1.5934130815342062,detected,1126.130050365497,1067.7907960847167,34.95189748229359,-2.9630205332741752,35.07726654534765,34.037115831765995,-3.6439710018269467,34.23161957616395,33.929149584717806,35.60106969324226,266.6781119696579,1.0221840696920945,1.6655536847801875,34.19107646346231
456,7.6076,1126.5152293316214,1068.4590912333265,14019.0,1125.9969230769232,1017.5784615384616,-1.5809826851569906,detected,1126.734185222082,1067.7596925311902,36.851186477203555,-5.32228983139521,37.233542858919606,34.22512854178725,-3.614682503859971,34.41548130283189,34.038832438810495,35.90186512584546,267.07201436124365,-0.5826424448042551,1.8617183949027931,34.365089232004806
457,7.624283333333333,1127.219771709084,1068.0004289390906,13988.0,1124.5096774193548,1017.1612903225806,-1.6240531614691256,detected,1127.3407901309413,1067.737993992558,38.84382919523114,-8.756382648983163,39.81855476588401,34.41672023130491,-3.566382479442184,34.6010074343159,34.11243960975279,36.152245288959215,267.22840132197007,-1.7470610913529638,1.8980018580538927,34.54891176891695
458,7.640966666666666,1128.060370620026,1067.3019122290418,14093.5,1127.055900621118,1017.2950310559006,-1.590880261563268,detected,1127.9491465725657,1067.7104705511304,39.93964632259576,-9.23317089295415,40.99300907609166,34.53144363975486,-3.4996227165724556,34.70832694043198,34.1812727520716,36.348578886682766,267.04060181043087,-2.4570133616122622,1.712156510503846,34.66607100736188
459,7.65765,1128.419167231598,1067.7148226115294,14013.5,1125.8629283489097,1017.4517133956386,-1.6216097061211094,detected,1128.5592258522959,1067.68727234954,38.899339885665995,-9.685948481946525,40.08710817127481,34.6182909251358,-3.4770214079400272,34.79246677728691,34.21260940919579,36.48794502718448,266.82714448499695,-2.7371779035207067,1.555621802829887,34.75767232216757
460,7.674333333333333,1129.034961415396,1067.872070863919,14168.0,1128.5887573964496,1017.6331360946746,-1.5796777310054204,detected,1129.1796554721989,1067.6694707681033,37.489144817195665,-4.52694116651719,37.76147740025245,34.645456275591464,-3.4205386344745756,34.81390131964318,34.26394279730411,36.56818162999658,266.57721998720854,-2.631766829779871,1.3459904532936848,34.78787194976857
461,7.691016666666667,1129.7434130713873,1067.5476013803989,14150.5,1127.692098092643,1017.425068119891,-1.6116995038687825,detected,1129.7914978128529,1067.6566586006365,36.95603709764873,-2.02040245984017,37.01122402815823,34.59958952962031,-3.3946772721888188,34.76572204629909,34.29372511910452,36.587921955473306,266.28746148116704,-2.1288450747232504,1.1472061864912377,34.74678902238598
462,7.7077,1130.3683685094488,1067.8424063046873,14190.5,1129.8107344632767,1017.8305084745764,-1.5819458924613612,detected,1130.397566115334,1067.6516497600492,36.24499129587775,0.14695486943219294,36.24528920800473,34.51851599643118,-3.4264820626438723,34.68816406098044,34.346596301523256,36.54661911469919,266.2267205298874,-2.2816354822321574,1.1474406279380958,34.6691809237953
463,7.724383333333334,1130.9921711594864,1067.171463292086,14263.5,1128.5609065155809,1017.4815864022664,-1.6196861089575152,detected,1131.0130544560545,1067.638498990593,37.4687746834893,-1.0146611076420413,37.48251076762935,34.425764345917806,-3.4548075684241972,34.59868416768919,34.34815277080541,36.44455877928599,266.0745388358047,-4.613481305684266,1.0899615655017656,34.581511388619724
464,7.741066666666667,1131.582537211332,1067.719505578751,14131.0,1128.5160349854227,1017.4810495626822,-1.6317596329309394,detected,1131.618348166347,1067.6302395962966,37.83959978332405,-2.217004742652989,37.90449078659524,34.34217111293076,-3.558892488415829,34.52608336452193,34.28725566529161,36.28286056338744,266.31669364730556,-5.0077803552227484,1.3453467316284904,34.49986195139939
465,7.75775,1132.2065505600915,1067.4607235051571,14268.5,1129.2079207920792,1017.8118811881188,-1.631119820429905,detected,1132.219705329084,1067.614193692825,37.83736243431622,-2.0204982791365182,37.8912708850178,34.181612504892485,-3.732227484548151,34.3847663279982,34.19801240575868,36.06346871083996,266.32444905661066,-5.020298001900515,1.5332878354938173,34.350563079003024
466,7.774433333333333,1132.7041738457751,1067.6995792163343,14219.5,1130.715625,1017.59375,-1.6104624861436194,detected,1132.8068615428822,1067.5967674541423,37.28553964175671,-2.6049562537036763,37.37642657425562,34.03280354301828,-3.990317173372772,34.265935681691104,34.01211154612255,35.78913283055989,266.1961255268594,-5.926796020036263,1.723743498025431,34.2225518699995
467,7.791116666666666,1133.5087172301046,1067.6644362702166,14272.5,1127.3272171253825,1017.4006116207952,-1.6931629832200883,detected,1133.4046641464115,1067.5482912119878,37.00828085667217,-2.0694842751636315,37.06609794854966,33.90208270167593,-4.262618003457589,34.1690082348709,33.80967930359109,35.4633795203078,266.0001827453252,-7.3578259129205295,1.8874535543136397,34.11683811309283
468,7.8078,1134.20885509319,1067.2287371958096,14334.5,1130.2713864306784,1017.1061946902656,-1.6491921686463915,detected,1133.9804571523077,1067.4358933189772,36.208712584286786,-4.962958145293669,36.54725462416329,33.781411916366245,-4.775863336646173,34.117336673215455,33.56679095856225,35.09047581135336,265.7853040899631,-7.86496834437861,2.280216758529095,34.04105276291636
469,7.824483333333333,1134.7931753576588,1067.260718113612,14306.0,1127.4641744548287,1017.07476635514,-1.7158081483820655,detected,1134.5640196931001,1067.3543520813855,35.007175169469065,-5.381479604342076,35.41839403583738,33.626989490018566,-5.064451304585444,34.00622133049093,33.31411910816693,34.675385435472485,265.4972671781168,-9.001610816012485,2.408878195318729,33.92079590779754
470,7.841166666666667,1135.2096303784524,1067.3180302343685,14343.5,1130.7969230769231,1016.8369230769232,-1.657987744978916,detected,1135.1661916188746,1067.228272298638,35.006128619577794,-7.324302215639818,35.764150260791176,33.426914044680856,-5.385386535333822,33.85795284250713,33.08578788333765,34.22371893225869,265.0242484389665,-11.125875633056241,2.4658373576957304,33.76804135289503
471,7.85785,1135.863700119223,1067.172394043528,14259.0,1132.7652173913043,1016.9391304347826,-1.6324001705084707,detected,1135.7548766970087,1067.0995016356565,33.79568110733726,-6.582916721589299,34.4308416114421,33.179715602888585,-5.62053608409417,33.65239892431404,32.8894855687881,33.741678554525144,264.7249971155413,-11.657352418392351,2.546316862134468,33.555926805838375
472,7.874533333333334,1136.3270716292136,1066.9854751872658,14240.0,1133.3224755700326,1016.85667752443,-1.6306622307082852,detected,1136.3379454030776,1066.9522994019314,33.57980452320271,-5.9649122455525685,34.105475365601464,32.91157183268849,-5.790504743264395,33.417084039155505,32.697490439420626,33.23599877613712,264.3176001437265,-12.051323423076935,2.503341269315702,33.323186944968555
473,7.891216666666667,1136.8222463033524,1066.87328276296,14303.5,1126.6498422712934,1016.3533123028392,-1.7694935823098998,detected,1136.9243293059799,1066.7923772932247,33.84943646997044,-5.957285136981682,34.3696609750208,32.654369527916046,-5.80833735855385,33.16692075150276,32.604276525686636,32.713882949694245,263.860904816699,-11.908136263856056,2.2828870746347416,33.088261645800166
474,7.9079,1137.6525800297786,1066.6037479061977,14328.0,1129.8364779874214,1016.2201257861636,-1.7247013331560188,detected,1137.5010928582665,1066.6178189088635,34.92635828388484,-6.3799616317733125,35.50428725375557,32.37469199206301,-5.761869542063213,32.88342777449919,32.537692430494126,32.18293629598391,263.2515386998442,-10.998077130738743,1.9175754498644122,32.82746908603802
475,7.924583333333333,1138.0894053966151,1066.7626581175732,14348.5,1128.151079136691,1016.3848920863308,-1.7655713289823296,detected,1138.0702050938407,1066.4579596982262,35.84440766317539,-7.2394091268461125,36.56816382086704,32.0839008088917,-5.6169863048738025,32.57187784368505,32.4707226613977,31.651094939379437,262.7507665371898,-9.66689778117786,1.5235582979963773,32.53622590861681
476,7.941266666666666,1138.6789256775637,1066.541480394896,14316.0,1130.9264705882354,1016.0176470588236,-1.7230503782762023,detected,1138.6320142509549,1066.2858752741768,35.059378839567216,-7.203944263132598,35.791854625914745,31.754810746730342,-5.469274699464693,32.222367561972625,32.43166557860668,31.126550164293974,262.07919168604764,-7.272139294132762,1.0411466656150372,32.20554276703847
477,7.95795,1139.2178040919282,1066.6526181801196,14272.0,1133.28,1016.2553846153846,-1.688075687935394,detected,1139.1774269126643,1066.1135354352027,34.261600457562054,-7.535332167841261,35.080457476967425,31.42375735982595,-5.258546051733083,31.86070986634499,32.44262546000114,30.6176665182023,261.80712428810466,-5.834183554584075,0.7268074940099885,31.85241881010081
478,7.974633333333333,1139.941665502305,1066.3609286945182,14314.0,1133.142857142857,1015.7928571428572,-1.7044435221817629,detected,1139.7092847839278,1065.9654957413006,32.31239267460023,-6.864861534164902,33.03357449990563,31.047081309290025,-5.023996381904323,31.450942711961016,32.50353326104612,30.13289190654687,261.59751151081866,-5.398862845444426,0.4332830981704934,31.447958013643643
479,7.991316666666667,1140.668461395952,1065.9550391366772,14394.0,1139.0,1015.2379032258063,-1.603681856815622,detected,1140.2132431156028,1065.852540130592,31.532331841250652,-7.726830869863534,32.465240899125114,30.625056548200146,-4.751953169402234,30.991533481011366,32.602598926453936,29.6806575029015,261.43272148607264,-4.0057079415111145,0.1366947114324839,30.991232019081053
480,8.008000000000001,1140.789386227893,1066.0202886425434,14343.0,1125.6525096525097,1015.9575289575288,-1.8644150300956144,detected,1140.694546432272,1065.7671392732514,29.17209620056701,-7.034072660220318,30.008155140301366,30.273215547200163,-4.416973944390752,30.593745086090202,32.75799086177875,29.26926523880187,261.38969630939084,-3.214036569304123,-0.16510620902290274,30.59329956595742
481,8.024683333333334,1141.438402787392,1065.874105865522,14446.0,1130.186046511628,1015.6201550387595,-1.7910729386615625,detected,1141.168882320313,1065.6871817250071,27.083257745509854,-7.334091492213702,28.058719645163443,29.992364150260414,-4.209487917626161,30.286328530385894,32.94338845755524,28.906760973844214,261.29726320561576,-1.722921068473777,-0.37706307663971295,30.28398123243874
482,8.041366666666667,1141.8091217385286,1065.9872194154152,14449.0,1136.3487544483985,1015.455516014235,-1.6784369123221703,detected,1141.6310073854047,1065.6126503455725,25.349139289367486,-7.626460995525122,26.47152753484431,29.77499224279215,-4.115316340085169,30.05804370941836,33.137626425455736,28.600792322033193,261.1152954803089,-0.24407697728795716,-0.532710262444251,30.05332280154045
483,8.05805,1142.3105027560098,1065.7191286636516,14483.5,1138.257525083612,1015.1672240802676,-1.6507997789916826,detected,1142.088358111758,1065.5223346176401,24.190367850108487,-7.6235331096663685,25.363204722545248,29.6405600549063,-4.126910355329123,29.926479737005984,33.34377540772509,28.358451624812034,261.1746323435693,0.8818718621793065,-0.4695042647902783,29.922796580446377
484,8.074733333333333,1142.5335125880474,1065.6884070460892,14504.5,1140.1543624161077,1014.8926174496644,-1.6175996685492966,detected,1142.5230855828036,1065.4470612954353,25.58736533682122,-10.22654733794252,27.555317732429423,29.54251816892414,-4.06544705143075,29.820936261110244,33.603731779063104,28.186106695665032,261.2094720924868,1.8119830679608284,-0.4970674068867913,29.81679331320205
485,8.091416666666667,1142.97555624834,1065.4478737284514,14434.5,1142.63082437276,1014.7777777777778,-1.5775996799440708,detected,1142.946339508774,1065.3821028967177,24.912416557407596,-12.31336041180839,27.789338663611378,29.51130542795288,-3.971599340224916,29.777352961289157,33.93995051869947,28.089224518851463,261.3413193758347,3.228086385072352,-0.5165317535002418,29.77287262473714
486,8.1081,1143.4648846415753,1065.0374640767286,14440.5,1138.0675241157555,1014.8520900321544,-1.6779329981454336,detected,1143.3647510741905,1065.317332608322,26.41942717245547,-15.426254017242172,30.593388912069855,29.55541321191855,-3.9431695776345386,29.817294250908017,34.29329296304653,28.072195673074713,261.3462789908222,5.028167698165634,-0.5486972351124457,29.812245265820085
487,8.124783333333333,1143.7658087509722,1065.0721856534203,14356.5,1132.3624595469255,1014.766990291262,-1.7937124081686793,detected,1143.7781722465631,1065.270708465286,27.142733899505856,-15.161455543181546,31.09015499683549,29.663416954431074,-3.8844786521887156,29.91667561430813,34.654484043120654,28.138169321369006,261.6265622403672,6.294703631928085,-0.4766470123016271,29.912878287409967
488,8.141466666666666,1144.452931509386,1064.605224174247,14401.0,1132.240356083086,1014.9109792284868,-1.8117750822538408,detected,1144.1840628374512,1065.2090694426956,29.820934388038495,-14.638420667477476,33.220046469168715,29.860814453912255,-3.930457822206098,30.11837875024345,34.96972420796749,28.288909574044215,261.98851928305885,6.697937419474687,-0.2696500410045459,30.117171636767328
489,8.158150000000001,1144.7293879262158,1064.3153880193777,14312.0,1136.7924528301887,1014.6006289308176,-1.7291097929491404,detected,1144.5920398612895,1065.1658181306902,30.155497478318466,-12.83074751533377,32.77166626778558,30.10211045148834,-3.8794280020784973,30.351062835705015,35.219149817064434,28.52468345761157,262.26355478485203,7.442555896161631,-0.20812454200518893,30.350349247280985
490,8.174833333333334,1145.449153535922,1063.815114425061,14216.0,1136.5251572327045,1014.4842767295596,-1.749761820726867,detected,1145.0079479064273,1065.119856913018,28.218502044609068,-8.999914802107924,29.618952109870587,30.37561545851123,-3.8622856679415176,30.620177417254343,35.463879056230226,28.844188529380318,262.5606599357695,8.242887236898074,-0.10315233171367355,30.620003668526806
491,8.191516666666667,1145.7923204400408,1064.004242915741,14180.5,1135.5166666666669,1014.6366666666668,-1.7760119791587192,detected,1145.42532457723,1065.08123440702,26.640158713420988,-5.620538224920892,27.22661393221818,30.680128932269284,-3.775194608352133,30.91152544976708,35.725656966551604,29.2445247362156,262.9616423371991,9.056009020408348,-0.012606549852026472,30.911522879122256
492,8.2082,1146.6506064965902,1063.908235954662,14248.5,1138.7791798107255,1014.6971608832808,-1.7294051197487883,detected,1145.8556638665727,1065.0478006117653,24.268590969840716,0.0015010978540885844,24.26859101626481,31.06127513346493,-3.6812843149220935,31.27866153025251,35.981959866204235,29.72121116091561,263.1432089952772,9.647236512192297,-0.053392959275962326,31.27861595908614
493,8.224883333333333,1146.8703742962805,1063.8153958495277,14151.0,1137.6085626911315,1014.3761467889908,-1.755987023019397,detected,1146.3118357296337,1065.005284868315,22.759694567993847,6.187050007637936,23.585658452232817,31.432581959290463,-3.636232680871314,31.642209100139468,36.23474054703236,30.268244689490754,263.5045513597201,10.206538144045322,0.05710269092282205,31.642157575292465
494,8.241566666666667,1146.8335770588865,1064.1541058838916,14018.5,1136.229508196721,1014.2852459016392,-1.7803147938055102,detected,1146.763698516278,1064.98058639987,20.780020997217434,12.041537876035363,24.016825499320092,31.9157888130241,-3.6408261661553607,32.122783047701766,36.470865224460546,30.878195078495736,263.6904612027417,10.540017934065377,0.1112340793184341,32.122590457640776
495,8.25825,1147.2761745483874,1064.2306989763845,14051.5,1138.060975609756,1014.3506097560976,-1.753483494966759,detected,1147.2199297295658,1064.9659015041411,20.371036132637983,14.582999820740497,25.052804172167228,32.428805223300124,-3.652404861788048,32.63383933105559,36.64127140248824,31.542329768504665,264.1566650874225,10.50567993818957,0.331891356615984,32.632151593368064
496,8.274933333333333,1147.654337280639,1064.5468326437438,14018.0,1140.03367003367,1014.4444444444443,-1.7217412625088409,detected,1147.7007025312844,1064.9557835642142,19.493890419534182,17.276551404701877,26.04785964581568,32.946478646232684,-3.7088456654154442,33.15457723085211,36.76528190108739,32.250762029702436,264.4611660044252,11.817480246633377,0.5115220855202609,33.15063101228334
497,8.291616666666666,1147.9834496841904,1065.140214655459,14038.0,1142.5306122448978,1014.795918367347,-1.6786866699068743,detected,1148.201455549423,1064.9391372221785,21.787499363632833,18.771583265297522,28.75878069053518,33.431265627862096,-3.7735407402284684,33.64356002563994,36.819384631219876,32.992617250921285,264.8496077116833,12.97161362406983,0.7571705863950502,33.635038633870124
498,8.308300000000001,1148.4026966025183,1065.5534093608933,14030.0,1147.7407407407406,1014.7746913580248,-1.583831676920472,detected,1148.7229286118522,1064.914350117625,23.540424744062875,16.675299594047374,28.848175222743713,33.88231030912503,-3.8157549501915153,34.096494507848625,36.75421990747139,33.75621383847266,265.1441261148022,12.20412076700556,0.9339365009536937,34.083701388434
499,8.324983333333334,1148.8143820012513,1065.659171122679,14119.5,1148.563076923077,1014.6584615384616,-1.5757237689099233,detected,1149.2748639961003,1064.8868584607999,24.176333925249764,12.765539604204605,27.33960722928731,34.35218626778402,-3.913097342722164,34.57434066168361,36.5991042812503,34.529256740314416,265.48138236871716,11.842348323207819,1.1945653191014793,34.55369800598119
500,8.341666666666667,1149.1095731179353,1065.921835154017,14051.5,1155.7612903225806,1015.0354838709676,-1.4408161870149905,detected,1149.8464968954002,1064.86601591505,26.760466205578723,7.311770166986207,27.741386672528655,34.77376676173419,-3.9848298689360777,35.00133888701766,36.41239664173366,35.29904267146729,265.8015100004819,10.675097413084167,1.4282822068541625,34.972185145075485
501,8.35835,1149.6595108631689,1066.2213120542335,14161.0,1148.8910256410256,1014.2596153846154,-1.5855847045615856,detected,1150.4385842807978,1064.8328839275518,29.731638784016923,0.4864087416417533,29.73561733422067,35.1833877690714,-4.048884110088692,35.415593139827145,36.20972585984854,36.05267650157364,266.1737283957093,9.749727163522914,1.6920219254478686,35.37515087246379
502,8.375033333333333,1150.0017210080864,1066.0169035999718,14139.0,1145.8477011494251,1014.183908045977,-1.6507677899234805,detected,1151.0496500866245,1064.806909445274,32.98286692916918,-5.740515805437553,33.478695204260276,35.57006571337223,-4.098386883072697,35.80539554169122,35.98029175533432,36.77729796490363,266.6262542152963,8.8471801562134,1.9980228941283364,35.749604954621525
503,8.391716666666667,1150.551020649386,1065.6900700920771,14100.5,1149.192192192192,1014.2492492492491,-1.59720555814869,detected,1151.688858046615,1064.7655337190774,36.50367322949933,-10.037835182081835,37.85863566464996,35.942103149814166,-4.142194113106662,36.1800020854413,35.755057420464816,37.46031699410269,267.01166772260393,7.803013824569005,2.2628063671782193,36.10917138688168
504,8.4084,1151.414678003239,1065.5919310279128,13996.0,1147.059523809524,1013.809523809524,-1.654703755372561,detected,1152.347640723064,1064.7113881365117,40.64346526099325,-13.064090471547843,42.69147137626381,36.34549946396119,-4.234036007735788,36.59128847416563,35.51056053954511,38.08965478034548,267.5320973521473,7.739889796965871,2.665082301852297,36.494105394213456
505,8.425083333333333,1152.0734573830955,1065.1938307183264,14053.5,1151.2417910447762,1014.0089552238804,-1.587043180057364,detected,1153.0211360500455,1064.6456130782258,44.14982495131244,-14.005441852478725,46.318025051967545,36.61207871089868,-4.235966327997946,36.85631178326139,35.321387720360015,38.65398637636529,267.4951100898323,5.695407959458449,2.6318007192438646,36.76222712566745
506,8.441766666666666,1152.8369308799245,1064.7636117008728,14130.0,1154.1955835962144,1014.2807570977918,-1.5438896703196694,detected,1153.7192718549395,1064.5720572980533,47.58226629059209,-13.03802378514547,49.33621519300842,36.834683265483484,-4.221027628228873,37.07574632433932,35.14309489549784,39.14297951423839,267.5239379707321,4.175980692256237,2.6257552741998973,36.982649644756016
507,8.458450000000001,1153.5937045317437,1064.6358517572187,14089.5,1151.2380952380952,1013.75873015873,-1.6170632568293946,detected,1154.4269412137237,1064.5160237633036,49.64266449503384,-12.09273729160168,51.09430920729027,36.994395846307825,-4.235441884744843,37.23606171431625,35.00033146463865,39.547523478521974,267.76900072810037,3.2791873464215606,2.792097155910384,37.13123328768283
508,8.475133333333334,1154.5317510997588,1064.5923442599687,14094.0,1152.5827814569536,1014.1688741721856,-1.6094291288376583,detected,1155.1451871617212,1064.4507266020378,51.56024790449055,-11.489922988631406,52.82497036683696,37.11555811851839,-4.2663713003449555,37.35995956263234,34.88269207220847,39.85994145672973,267.921771949611,3.2210079521034967,2.9176076257336074,37.24586076685281
509,8.491816666666667,1155.433587876635,1064.5190552299769,14077.5,1154.2152317880796,1013.8079470198676,-1.5948171339194772,detected,1155.8522202314116,1064.3740304090175,53.35407683771382,-9.742043038283555,54.23619564243458,37.21380790100149,-4.228935524386752,37.453322872103904,34.739744444303135,40.07417980895964,268.25995861123977,2.8013244467548284,3.0969962818554864,37.32505871652762
510,8.5085,1156.3086712989225,1064.271684155795,14104.0,1159.0228013029316,1014.3908794788274,-1.516437617167327,detected,1156.577767751693,1064.3104387449234,53.62356660422529,-8.701674703108438,54.32500380116418,37.19544816426423,-4.3106435129988965,37.44439893544329,34.6108922131299,40.18596812312914,268.5418960502025,3.3976763774556282,3.362773541005332,37.29309273509695
511,8.525183333333333,1157.1998445888669,1064.034249317133,14156.0,1155.3881578947369,1013.875,-1.6068993290672553,detected,1157.301945576027,1064.2279589816128,53.343332130310046,-8.02536743922019,53.94365213163699,37.159778188904774,-4.42131693199363,37.42188074458226,34.44460869396268,40.19294468355681,268.7843920116878,2.4557653265774606,3.631985723868415,37.24521228511596
512,8.541866666666667,1158.2770114942527,1063.8614238798968,14210.0,1153.2,1013.5015384615384,-1.67127144458727,detected,1158.021428865985,1064.1373125381292,52.422248583252895,-7.308653264490658,52.92927884512418,37.05784471448517,-4.4794653527286785,37.32759655709423,34.27814534220493,40.09474299618901,268.71541980511154,0.7784637215021998,3.6475665904463868,37.14895318440956
513,8.55855,1159.097967924506,1063.8134891218656,14164.5,1156.6013513513512,1013.375,-1.6202542039423105,detected,1158.7511476942543,1064.027568778144,49.76192787047057,-6.033329186067476,50.12634563234557,36.923750438783976,-4.583388731372204,37.20713370750923,34.08773185059579,39.893036194624166,268.4834813668195,-0.7796630470651441,3.6045906344298997,37.03211748046079
514,8.575233333333333,1159.8138499220663,1063.6894490735858,14221.5,1157.6390728476822,1013.1688741721856,-1.61381712037826,detected,1159.4642912969134,1063.90350760537,49.48995212180125,-6.24969499676854,49.8830036041417,36.75951215870538,-4.713165306774881,37.060432557580796,33.939992822060404,39.591537404540766,268.37677363202,-1.8238054074616707,3.669992610713737,36.878270235903166
515,8.591916666666666,1160.6570375570377,1063.760021060021,14245.0,1157.492113564669,1013.0220820189274,-1.6330934698268955,detected,1160.175853012258,1063.7517683281387,49.652783436753,-7.415992530769927,50.20354418000315,36.624043054871336,-4.8756637029847285,36.94715992102333,33.87471018365198,39.19595538306647,268.21446750473956,-3.2097699731979383,3.732150628889674,36.75817838132013
516,8.608600000000001,1161.505724520615,1063.678935168926,14237.0,1161.328990228013,1012.8436482084692,-1.5742729193573557,detected,1160.8813782083646,1063.6023971707386,48.66921583665044,-9.692373444018358,49.62494003152828,36.423053113236335,-5.013116629385434,36.766426756341936,33.900254520368684,38.71390591146422,267.9686354282251,-4.972847963371927,3.718893838540155,36.57786167953403
517,8.625283333333334,1161.8759267718472,1063.6338826616068,14229.5,1159.4218289085543,1012.6755162241888,-1.618918027423435,detected,1161.5885458539585,1063.4482842961575,47.55889019927281,-11.51695127654466,48.933507984741816,36.272908869350985,-5.175194076744164,36.640231325364326,34.021730276709256,38.15478048492723,267.61272324251865,-5.66958239067672,3.65979860117944,36.456994195558885
518,8.641966666666667,1163.1823586437272,1063.112582781457,14269.5,1162.96336996337,1012.4029304029305,-1.5751147811477415,detected,1162.2923843421147,1063.3382093025857,45.47371704729221,-11.834715614726065,46.9885032298182,36.00071109071839,-5.625306278363682,36.43755301557408,34.16617781085548,37.529574831840364,267.23576211714,-6.945836682696876,3.8825783685813935,36.23010978419188
519,8.65865,1164.1345076341224,1062.832457860578,14278.0,1158.94099378882,1012.3012422360248,-1.6732150354980104,detected,1162.9566479277753,1063.1714601111291,42.28238833633668,-12.579718091573795,44.114052984148366,35.68784712785334,-5.735694649433012,36.14582445777886,34.35778162017989,36.85068073204662,266.64014413005475,-7.832240924709026,3.6342800718868067,35.96265610451556
520,8.675333333333333,1164.6901134901134,1062.4916461916462,14245.0,1166.2132352941176,1012.3161764705884,-1.5404497405372772,detected,1163.6006263879,1063.0043240622913,38.621949792922805,-12.214372180801547,40.50735604280028,35.37629916575001,-5.827420516770355,35.85305248572178,34.55849951644188,36.13164548843718,266.0431786711317,-8.459983688867384,3.3723997092732807,35.694093247270125
521,8.692016666666667,1165.1845008531427,1062.435091040834,14261.0,1165.867088607595,1012.3259493670886,-1.5571751487792118,detected,1164.226199252957,1062.847552322742,35.308788414301034,-10.214226599548056,36.75650914209338,35.03330683443335,-5.872889397993731,35.52215389917426,34.761622804095126,35.38690420511608,265.6078987842237,-9.537995099399724,3.1727368198060946,35.38018030916275
522,8.7087,1165.6412218205642,1062.5155067326475,14246.5,1162.288590604027,1012.6845637583892,-1.6379751924510688,detected,1164.831912740296,1062.719454951407,30.20767533542312,-7.712073935625995,31.176589511344762,34.64223594375224,-5.86392978151109,35.13502787340708,34.95185949387708,34.6314906874533,265.16319439814515,-9.99702971626987,2.922085356608136,35.01330605403878
523,8.725383333333333,1166.1053670921783,1062.2391447445752,14179.0,1163.116504854369,1012.5825242718448,-1.6309144052327624,detected,1165.405302846309,1062.613325011978,27.346407392734363,-5.548522269238674,27.90362156892245,34.287684214858935,-5.80627684479501,34.775826943672946,35.147323005322505,33.880733255152364,264.7045694850404,-8.682505911952184,2.617045330677866,34.67721461353934
524,8.742066666666666,1166.5068669880252,1062.0662186411455,14210.5,1161.0892857142858,1012.7464285714286,-1.680203684407289,detected,1165.964371824454,1062.4983832676983,27.111121278248902,-4.100671485196472,27.419489484551384,33.87582283546157,-5.623292228140997,34.33937664347812,35.42612989166892,33.14994201779489,264.4904435957195,-8.236508382338073,2.3448358860667935,34.25922551561935
525,8.758750000000001,1166.9953718386955,1062.153234426942,14188.5,1160.978723404255,1012.8297872340426,-1.6921801689229985,detected,1166.4955527007792,1062.4000966150536,25.781848151498252,-2.021612970476781,25.860986313544075,33.427639345405524,-5.373364240823512,33.85675878567032,35.76811792927168,32.454094207862774,264.37091781582706,-5.5898715724639585,2.0686007073451753,33.79350539060184
526,8.775433333333334,1167.4575954937511,1061.9537522736607,14202.5,1159.8233333333333,1012.7133333333334,-1.7246122357391167,detected,1167.0039732332466,1062.3161454100323,23.835872969253614,0.3320971635803289,23.838186355770716,32.990431415902236,-5.015353571296828,33.36948211244024,36.13677814593021,31.807524057471344,264.1709735449282,-4.652478923322044,1.6389030668716944,33.329211409660864
527,8.792116666666667,1167.7804946402298,1062.1006095424927,14273.0,1160.0811688311687,1012.8668831168832,-1.7259230544045083,detected,1167.4737240899028,1062.248837281944,21.965524168317188,1.1780528359108757,21.9970920912998,32.58110299180113,-4.704947062161227,32.91906437036284,36.49382560750467,31.223623546189234,263.8466629707181,-4.086248305189284,1.185482551989185,32.897711624655926
528,8.8088,1168.3969950110222,1062.0186680589395,14365.0,1161.1949685534591,1012.4685534591194,-1.7151338897573996,detected,1167.9154971275807,1062.1935246718476,20.454638001789135,1.1129490156704378,20.484893734059693,32.21330535544999,-4.4681739684337085,32.521709987878126,36.85716089237138,30.71456023590347,263.6908590586503,-3.299731823857905,0.9010991010591938,32.5092239363803
529,8.825483333333333,1168.494339011669,1062.3991950872569,14411.5,1162.7969696969697,1012.178787878788,-1.6837606454264102,detected,1168.3411510491483,1062.1499508319337,20.665390342314367,1.7420621382025274,20.738687000231685,31.9352815577943,-4.243742630655423,32.216014025494204,37.175876354705494,30.291018374960444,263.4673673712747,-3.076024735897463,0.582941307083324,32.21073949979005
530,8.842166666666667,1168.673081344553,1062.515507886145,14498.0,1162.6542056074766,1012.3489096573207,-1.6902033216811714,detected,1168.7493003831023,1062.1199786083603,19.319681901823515,-0.3223678692697831,19.32237122691686,31.70552706017027,-4.143707535081497,31.97515845620597,37.43452033685127,29.961969441000186,263.29560785896575,-1.8068878344242854,0.4138505683866911,31.972480135368393
531,8.85885,1168.9932507789774,1062.0577765513435,14495.5,1161.0645161290322,1012.4548387096776,-1.7292995313600157,detected,1169.1438446737293,1062.0955199344164,19.29615933054265,-2.6414887581217954,19.47611942274364,31.547357841917336,-4.161869495862719,31.82069993740829,37.5437331498731,29.734478174516056,263.33611605065914,-0.576676686121464,0.47284900268002206,31.817186524380816
532,8.875533333333333,1169.3410320432793,1062.0608036250983,14418.0,1164.842105263158,1012.0409356725146,-1.6604977563426644,detected,1169.5284727501416,1062.0663438798374,19.316880364947338,-3.312704993954412,19.59887449346667,31.453605357841685,-4.168526122188924,31.728629028658307,37.604846919355126,29.613549768007786,263.2048157376625,0.46407972895695565,0.41763754393725216,31.7258802702165
533,8.892216666666666,1170.0789138784764,1062.4061039381738,14406.0,1161.5953079178885,1012.2844574780058,-1.7384674933232072,detected,1169.9096859080355,1062.043982910524,20.141707429369035,-4.080496731452968,20.55088396506822,31.463334502420064,-4.195311158516316,31.74180293757663,37.605712824597646,29.602023055304148,263.2408115760388,0.9635625560923862,0.4630228960305254,31.738425662368634
534,8.908900000000001,1169.9717898377974,1061.7082456878418,14262.0,1165.309523809524,1012.0267857142858,-1.6643654720777146,detected,1170.2945713207907,1062.0192630226638,21.282725944829963,-2.8715995854854555,21.475579336122664,31.549416976741664,-4.2061726073997985,31.828565779430832,37.53823010392785,29.70051319850266,263.24610044284555,2.017324016800243,0.46661495629971306,31.82514524802853
535,8.925583333333334,1170.4689921134002,1061.7826147378662,14391.5,1161.6646153846154,1012.1507692307692,-1.7463636170273218,detected,1170.6968048838123,1061.9553251073494,22.44528785908642,0.09677208604489351,22.445496472876016,31.647559986608425,-4.05992913123675,31.906912693907625,37.42825189569871,29.907405544265366,263.4684327814547,3.633831547742989,0.43364833865471875,31.903965690412615
536,8.942266666666667,1170.8292893086095,1061.9686473196848,14507.0,1163.5174603174603,1011.984126984127,-1.7160479907567714,detected,1171.0919544227236,1061.9078643310233,22.923049222225018,0.6906360468237835,22.93345076070593,31.898681049000793,-4.023804775791851,32.151467424358216,37.284180711865204,30.21890023153825,263.61761840395815,4.295416987741473,0.4529017733026395,32.14827736478748
537,8.95895,1171.0220902474528,1062.0139155749637,14312.5,1165.53125,1011.853125,-1.67982700833987,detected,1171.512232871969,1061.8599894341205,23.88136446436465,0.6342529763069251,23.889785380320454,32.22423187636079,-4.0081274346144,32.472545412295226,37.11039891349604,30.629105103580002,263.62326157175175,4.635314885858673,0.404330314652801,32.47002806512843
538,8.975633333333333,1171.635811045502,1062.0317355563277,14395.0,1165.1238670694863,1011.6465256797584,-1.6993270015643704,detected,1171.9541820836862,1061.80788920635,24.95346879094359,-5.406532705920654,25.532453869551695,32.576711060715084,-3.955921287457539,32.816023780553856,36.961951665485074,31.130172826636837,263.7217828955755,5.490132181471031,0.3697236938127646,32.813940957405734
539,8.992316666666667,1172.2031423787948,1062.234788615316,14235.5,1164.707736389685,1011.4097421203438,-1.7172155850559303,detected,1172.4113364587395,1061.7551121111637,25.868625544873794,-5.369920469959197,26.420102827857875,32.963148746867326,-3.9045321301449447,33.19359194879993,36.78920006814846,31.712477043681464,263.84729892979004,6.489013423714127,0.3490961970349278,33.19175617994099
540,9.009,1172.5140743350362,1062.1425518172744,14192.5,1164.1875,1011.3721590909092,-1.7333537031329396,detected,1172.890546960029,1061.7088332493213,27.9800864174872,-5.303542413823379,28.47828643133704,33.3970010262508,-3.828116468041652,33.61568314403693,36.52853581015448,32.364821917689504,264.0581618830364,6.860570387878364,0.35033060180021103,33.61385758448041
541,9.025683333333332,1173.079812372152,1061.997237309257,14177.0,1168.8761609907122,1011.185758513932,-1.6533387031965818,detected,1173.397428962167,1061.6714022834751,29.838282299677758,-4.793734680945363,30.22090307695257,33.86186384974185,-3.783258859103774,34.072553044546595,36.24302445665414,33.07467941458041,264.5094101037257,7.1437566800645875,0.5259209876600766,34.06849392163058
542,9.042366666666666,1173.1206309072302,1060.0521220877731,13842.5,1167.1855072463768,1011.072463768116,-1.6913836844255932,detected,1173.9150839399824,1061.6460693220488,30.211475968436844,-5.246172497070347,30.663587625397884,34.29711386759,-3.780847610873441,34.50488122430045,35.937784821391105,33.82844893060171,264.91630877369204,6.909052925854662,0.7268810418929434,34.49722412389174
543,9.05905,1173.9756890459364,1061.8568197879858,14150.0,1171.621951219512,1010.9481707317073,-1.6169979619927397,detected,1174.4783445426938,1061.6037151771275,32.87075082609681,-5.9527557866385905,33.40541215621659,34.82095033238806,-3.8316111860871787,35.03112653529693,35.59585015887607,34.61173417687732,265.4801926411668,6.648444696132538,1.0756747196953156,35.0146076692199
544,9.075733333333334,1174.6545364085432,1061.8084509044386,14069.5,1172.7910447761194,1010.9044776119404,-1.6073879665334652,detected,1175.0773820779098,1061.5556414367313,34.80122497613456,-2.458854332240662,34.88798108900414,35.39299538704525,-3.9306822498673335,35.61059372457623,35.21353198161256,35.40963245279867,265.7665032443755,5.9963442577514305,1.307202421908213,35.58659308285896
545,9.092416666666669,1175.1871713610844,1061.6933376063812,14041.5,1169.1671469740634,1010.5216138328532,-1.687901632464392,detected,1175.7074093066735,1061.494854299651,35.979550045694396,1.2396905501382207,36.00090074082494,35.92022283393718,-4.072384673020479,36.15033506573285,34.868991308055314,36.2070315099286,266.4534082492339,5.607536258990775,1.842553822688339,36.10334777794506
546,9.1091,1175.6640185251158,1061.3271226695167,14035.0,1171.226865671642,1010.4238805970148,-1.6577449242070523,detected,1176.3599502095765,1061.4318282404156,37.651884975731264,5.6965589354094845,38.0803784898508,36.41914084194594,-4.22892391924055,36.66384618640302,34.56148685061631,36.98890914021797,266.84735647088996,6.46929356368725,2.2196075838312517,36.59659764724063
547,9.125783333333333,1176.6294419865849,1061.069549498121,14014.0,1177.9543973941368,1010.1009771986973,-1.5448066430620997,detected,1177.040263330423,1061.357782088106,38.42090492859052,-0.6187713614963286,38.425887283569644,36.84320677274911,-4.310419058293821,37.09449551830634,34.36851253984781,37.74063046735309,267.3444073492493,5.464164052938265,2.598761640651877,37.00335168187775
548,9.142466666666667,1176.9863029957746,1061.6263590181836,14042.0,1172.617283950617,1009.7962962962964,-1.6548925917428543,detected,1177.7495655150483,1061.2675109730353,40.99251804201367,-0.8410279584600175,41.00114466026196,37.17368793142543,-4.392673916684578,37.43232104159887,34.25706999590895,38.44823773230755,267.6204483565498,5.600472598261782,2.845469102566175,37.32401323742754
549,9.15915,1177.605202709103,1061.6407596855167,14076.0,1179.356495468278,1009.737160120846,-1.5370678642622209,detected,1178.4589807939699,1061.171489467227,44.477864559302816,-1.3648485350900046,44.49880051506358,37.52539620600044,-4.49994010924495,37.79424323100151,34.17829619001619,39.09872718662956,268.0237980332848,4.15986044720611,3.203223210307695,37.65825517026844
550,9.175833333333332,1178.294438347435,1061.886725433969,14123.5,1177.1018518518515,1009.3765432098766,-1.5935039514453864,detected,1179.1913502620184,1061.0792605449558,47.6134597330215,-4.218458050007939,47.79996795048859,37.80745123522353,-4.602349572326104,38.0865460561823,34.14571701916418,39.68030758182659,268.23887043923725,3.216088876313109,3.438251702302243,37.93103499406932
551,9.192516666666666,1179.3210168733146,1061.5947460760417,14154.5,1179.3590504451038,1009.560830860534,-1.570065388812271,detected,1179.931598038577,1060.9744786985416,50.006238780315016,-9.885690757226712,50.974020821408615,38.077941061120434,-4.705509532160327,38.367582871630226,34.192280759581436,40.1826347239966,268.4722589500296,1.3602039965222346,3.688642724199469,38.18985899770544
552,9.2092,1180.2533900809835,1061.249323166046,14097.5,1178.930930930931,1009.4174174174176,-1.5963051765371234,detected,1180.6774811695934,1060.872865415963,53.493645840743284,-15.38490470472334,55.66206462311912,38.29902119713911,-4.779678106098705,38.59611829519687,34.287156095328164,40.59701670949613,268.6075492323864,-0.38066187370159105,3.847582900444743,38.403859874770866
553,9.225883333333334,1181.2029181494663,1061.082443653618,14050.0,1179.516129032258,1009.1906158357772,-1.6032907572191144,detected,1181.4412247557061,1060.773146164768,55.42688055269173,-18.10374187603429,58.30852903063525,38.49146294253033,-4.886303615699726,38.800369617839806,34.38021140052137,40.916584819629875,268.61559123136846,-1.6002527740004477,3.95491816994922,38.59828111133955
554,9.242566666666669,1182.0866945327664,1060.4618031986472,13995.5,1183.279742765273,1009.6334405144694,-1.5473285394640617,detected,1182.2025695779055,1060.6791022705866,55.90138959886599,-18.84253625996962,58.991580177110635,38.58579520250888,-4.8974515820299525,38.89535477930861,34.49286652311044,41.136425658968975,268.66931543063896,-2.724004674123841,4.000062957502243,38.689121465139316
555,9.25925,1183.02962644912,1059.9075783598112,13974.0,1181.796551724138,1009.5,-1.5952535393527405,detected,1182.9566557114672,1060.598335346358,53.39238162939,-11.831816607611927,54.68764303107773,38.61131876599046,-4.918511013759706,38.923330888316876,34.633496753701635,41.25367097786368,268.6942063251898,-4.034967925466442,4.037342540602678,38.713376921307734
556,9.275933333333333,1183.938180037503,1059.916705483297,13954.5,1185.3102409638554,1009.2981927710844,-1.5436970508725252,detected,1183.7070352909518,1060.4903195093714,53.53474446659084,-7.7225965667566925,54.08888391190985,38.57880089428611,-4.924278876664592,38.891803775296104,34.831075166835134,41.267542696014566,268.40889297354664,-4.696902155798415,3.8511824732355526,38.70065625353114
557,9.292616666666667,1184.9303562696057,1059.6282725635429,13973.5,1182.812865497076,1009.4239766081872,-1.6129488247260362,detected,1184.4559748262745,1060.397601446637,52.69057292135312,-4.320356324103614,52.867399723720595,38.47171088328081,-4.990049800660404,38.79398323580369,35.074605678006726,41.179351867021836,268.2430616373992,-4.851245354318434,3.808178416568742,38.6066174696437
558,9.3093,1185.7776984834968,1059.606256318763,14012.5,1186.1971830985915,1009.5661971830986,-1.5624135471494056,detected,1185.2066227054763,1060.3267522276008,50.92947162816654,0.08486212215211708,50.92954232961451,38.38697254458781,-5.0463939525322425,38.71725394527732,35.35813991682414,40.992451593418494,267.9592470602917,-5.892663747770586,3.6762206187773376,38.54232939282691
559,9.325983333333332,1186.2126519993878,1060.7294911184094,14158.5,1185.9565217391305,1009.5333333333332,-1.575799204636872,detected,1185.9352427345625,1060.2277931427523,48.884101366103096,2.254714409164535,48.936071597936184,38.175644610322806,-5.167441264984492,38.523788633008735,35.71749686711709,40.71214513460035,267.7783132022985,-6.31172844431986,3.683638663346861,38.34726974425467
560,9.342666666666666,1187.5724884629035,1060.0790557330492,14085.0,1186.215297450425,1009.4192634560908,-1.5975802198350857,detected,1186.6419956854634,1060.1423680476346,46.84799645248404,1.8412153527033297,46.88416412379544,38.00647925619756,-5.337231459285085,38.37940209411499,36.10525837442095,40.34555160269061,267.46821437049266,-7.68510645335916,3.6531379850105,38.20514478397158
561,9.35935,1188.223009374629,1059.9549899133735,14045.0,1188.344729344729,1009.4615384615385,-1.568385722432782,detected,1187.3408915516172,1060.0637552504093,44.413380434841656,0.22898452850540707,44.41397072503505,37.76568510519443,-5.489327192672864,38.16254295107864,36.5113874485906,39.90143269295673,267.0072090298671,-7.986714007855676,3.5100823525104827,38.00077639169385
562,9.376033333333334,1188.7990422135508,1060.091001537188,14095.0,1189.5454545454545,1009.5848484848484,-1.5560187610321503,detected,1188.0100396666044,1059.9821166892784,42.640841923475364,-4.253163303231759,42.85243047980793,37.49812392169067,-5.611369065335158,37.91565323759925,36.906177415165935,39.38998482910837,266.54182830838283,-7.670641096816118,3.3392703665609167,37.768320506118336
563,9.392716666666669,1189.5222143698468,1060.0595406360424,14150.0,1190.925816023739,1009.7240356083088,-1.5429186284633882,detected,1188.6743872966094,1059.9517161460583,40.53118313831055,-8.525751665417374,41.41817533464791,37.201137921249924,-5.993715240595137,37.680887529637644,37.24661987895924,38.82260191134534,265.93590214890946,-6.939881347985423,3.3421085807507436,37.532380623345404
564,9.4094,1190.2047480894423,1060.0052717237477,14132.0,1189.0188679245284,1009.9276729559748,-1.5944727528805374,detected,1189.3145187896746,1059.8733390698303,36.63560926974242,-7.675386662759138,37.43099553829817,36.95751758719863,-6.091331653515902,37.456140051014614,37.52538215501864,38.211614546126995,265.323366697399,-6.419661017819614,3.0578298332978973,37.33111442525945
565,9.426083333333333,1190.7631090105342,1059.7183032355154,14176.0,1186.055737704918,1009.7049180327868,-1.6646420813404967,detected,1189.9345348108957,1059.8080258237856,34.52540232615911,-8.822784778225468,35.63488371001146,36.66907324097618,-6.272249673194837,37.20164039817288,37.77550977889242,37.57001223176695,264.89759883240873,-7.158650947366718,2.9861927412464433,37.081595181802726
566,9.442766666666667,1191.3948060252949,1059.3110463739283,14074.0,1185.7855072463767,1009.7420289855072,-1.6834783624597107,detected,1190.5404656309806,1059.734604860484,32.38326802591382,-10.283217884166334,33.976765856852985,36.37664140198804,-6.455897918816682,36.94507622981731,37.97707479006518,36.911155482858696,264.54424541886965,-6.951700446931309,2.9680683727343897,36.82565990938636
567,9.45945,1191.86737626397,1059.3117024421974,14092.5,1183.6223564954682,1009.5135951661632,-1.7348767547654635,detected,1191.119838663633,1059.584324645395,28.912420147911234,-8.84018467586884,30.233704766581447,35.97043086786427,-6.876758642141114,36.62187469589816,38.19477842253097,36.248485283087675,264.1274940461175,-7.100573996991817,3.1603475933456426,36.4852560540734
568,9.476133333333332,1192.3991781176776,1059.1160408350702,14154.5,1186.6656441717791,1009.521472392638,-1.685893477263939,detected,1191.6812831933953,1059.4617747557338,24.656840506321714,-6.017315241703727,25.38046229823695,35.647769152365214,-6.909196216973634,36.31116134062588,38.31584173313288,35.595237521341744,263.9776721315931,-7.309818702836653,3.1310430592479115,36.175917504136635
569,9.492816666666666,1192.6928025876214,1059.0257817756844,14118.5,1181.55900621118,1009.8416149068324,-1.7934139175804031,detected,1192.228932861101,1059.3413251227405,23.41765091588877,-3.1221433614136913,23.62486303849497,35.3459563759145,-6.939488771124906,36.020732037711554,38.41138502205483,34.964170131622005,263.8666925945519,-7.555219708430018,3.123331451184999,35.8850656566023
570,9.5095,1193.1517401501492,1058.8392084762345,14141.5,1189.8205128205127,1009.227564102564,-1.637841765127563,detected,1192.7628706367461,1059.2148659886127,21.63573902031476,-1.5160607737411738,21.68879072758201,35.02032862780069,-6.945513658864154,35.70243097023822,38.4674404278533,34.367310435395176,263.56272798041385,-8.320960488652302,2.9754063180445445,35.578231187443336
571,9.526183333333334,1193.3313708900328,1059.116841758913,14183.0,1182.9065155807366,1009.773371104816,-1.779005737516114,detected,1193.275132690805,1059.0682389822293,21.70169896939342,-0.9118728008043036,21.7208482836886,34.68922672204476,-6.931383582529325,35.37494210513398,38.4550433971039,33.815729566919195,263.13657360960013,-8.025675807167548,2.7362416889013117,35.268959587170976
572,9.542866666666669,1193.364108543566,1059.257932301604,14151.0,1189.0756578947369,1009.3552631578948,-1.6565220094232629,detected,1193.790247779788,1058.9103839053412,22.440424623916442,-0.3357977221494366,22.442936915918025,34.381947106518545,-6.908482184543357,35.06915187069103,38.38072334094132,33.31934976222717,262.97017198333003,-6.909972770752326,2.6486776945909893,34.9689851068024
573,9.55955,1194.2262673026562,1059.143460063599,14256.0,1182.9735294117647,1009.5088235294118,-1.7937391051716542,detected,1194.2873167705495,1058.7594403908654,23.515007838204838,-1.4484081309769863,23.559572995806082,34.01583942412429,-6.702794092308366,34.66994058794581,38.28117276998602,32.88678869811333,262.5761524671671,-6.404421633137751,2.2514776804073735,34.596757487173846
574,9.576233333333333,1194.3978795619162,1058.9641228407804,14289.5,1186.5975609756097,1009.4085365853658,-1.7269207674287184,detected,1194.772106756039,1058.6154379978498,24.17134834434046,-2.1253397978648536,24.26460694179567,33.633550532880534,-6.454026477882424,34.247192282361425,38.16460737595537,32.52524306364505,262.4902117640434,-5.202375476743458,2.0029114626437625,34.188573016401925
575,9.592916666666667,1194.9793813228662,1059.0339244410177,14267.0,1183.2054380664654,1009.250755287009,-1.8030335657739067,detected,1195.238153238862,1058.5104444247784,25.6624800483969,-4.866371666631949,26.119809636216097,33.29001717825509,-6.246560637411976,33.871001808706275,38.05820109431069,32.2404113199256,262.2641890615768,-4.030744988388448,1.7086915111979843,33.8278751452843
576,9.6096,1195.4531721350618,1058.956788613625,14309.5,1184.2729885057472,1009.0689655172414,-1.7912601261139571,detected,1195.7078088855503,1058.4131680432054,26.312692554689875,-4.201267605177236,26.645983542889606,32.98653758724989,-6.095795149864004,33.545050014930005,37.97206959923629,32.036453427217964,262.272363080974,-3.4042875619616986,1.6049283276011899,33.506634948431014
577,9.626283333333332,1195.7689172240805,1058.690043199554,14352.0,1187.032362459547,1008.5307443365696,-1.7432425355194672,detected,1196.1626663141676,1058.325273547826,24.58629346138696,-4.769313131460876,25.04460368852668,32.80229037068326,-6.040911158100468,33.35390323759248,37.82142892899233,31.915983509450268,262.14897760704304,-2.403716259802146,1.5035669214879768,33.3199962139147
578,9.642966666666666,1196.1396560708702,1058.8053963291063,14392.5,1186.2418300653594,1008.6666666666666,-1.7656991025233668,detected,1196.6181657792467,1058.239844269688,25.36622989611942,-6.788101977640963,26.258788007096516,32.686350146540185,-6.005847549456855,33.233532624286944,37.63589803684882,31.880090271589623,261.89080729538944,-0.5981660275760202,1.3350563903474342,33.206705875833826
579,9.65965,1196.63660419471,1058.4669749997124,14486.5,1185.6709677419356,1007.9774193548388,-1.7846611858666277,detected,1197.0693268543123,1058.1380365876857,24.94526206594628,-8.054098860026443,26.21325252588503,32.6599976380591,-6.045782590267812,33.214860120837656,37.40309005976006,31.928379652062947,261.8900662284817,1.2639726977710346,1.3778801759900645,33.18626792918157
580,9.676333333333334,1197.0728415413146,1058.8792613961582,14559.0,1191.947194719472,1007.7458745874588,-1.6707032969156947,detected,1197.5302418419378,1058.0319809850698,27.297514272915578,-10.247111072924781,29.15746166628514,32.68759634202097,-6.223349156633698,33.27475062783004,37.25993642522261,32.05903466527328,261.9094855518086,2.514812243210445,1.5610430292714739,33.23811327384632
581,9.693016666666669,1197.372539489672,1058.334907134178,14402.5,1191.8352059925094,1007.632958801498,-1.6795786173302147,detected,1198.0024380380257,1057.9069634229163,29.06357078595056,-12.229785358410481,31.531869540874833,32.76371255642608,-6.303233884938599,33.364526339937,37.101244450617834,32.26888847670642,262.22940122345574,3.4161992561234626,1.8154651737252383,33.31509723971012
582,9.7097,1197.9241598704375,1057.8841922609752,14407.5,1191.1090909090908,1007.2654545454544,-1.7046268655873231,detected,1198.4826004963493,1057.7869704130262,31.50489138352532,-13.922471154243794,34.44406166712164,32.94660464501656,-6.493360019486153,33.58038835358651,36.970435632894116,32.553508149353455,262.4476612549921,3.780420292134115,2.106799759478844,33.51423394247806
583,9.726383333333333,1198.333591095489,1057.9819332161687,14225.0,1191.352490421456,1006.8199233716476,-1.706409679377032,detected,1198.9759138712157,1057.6466248894656,32.6753185987759,-21.445001153039357,39.08406990047697,33.18475623938405,-6.592217447976796,33.83319933953555,36.87696354229221,32.90728786943418,262.7696773625694,4.6530537471188005,2.3632215654326094,33.75056386760705
584,9.743066666666667,1199.2846407859884,1057.417147991272,14283.5,1190.8189655172414,1006.7068965517242,-1.7362129699484832,detected,1199.4657285804037,1057.5510373236607,35.598993293202966,-21.22420482572261,41.44581033076488,33.44260494918319,-6.547535908529277,34.07753001995028,36.79430463406707,33.32355151756734,263.16841482863674,5.088500066121704,2.523006368423448,33.984003459355804
585,9.75975,1199.6220215174217,1057.1620107820486,14283.0,1196.073593073593,1005.922077922078,-1.6399371721078022,detected,1199.9882638125796,1057.4409341374692,37.945825062693075,-19.870749228512068,42.83377539501881,33.83685587944486,-6.592736564188726,34.473134339817626,36.72223578256113,33.794665028244594,263.39963320568444,6.138961016269794,2.6597131260705327,34.37037848639612
586,9.776433333333332,1200.4385375078798,1057.119317783848,14277.0,1198.890756302521,1005.9831932773108,-1.601054951528278,detected,1200.5247931358917,1057.3307035360226,38.96560705023512,-18.732402845816978,43.23449374251195,34.265401871784825,-6.65221667352297,34.90515366112019,36.65264019153117,34.3121590450183,263.7630632394848,7.276002153948108,2.890241930549663,34.785287891424794
587,9.793116666666666,1200.824477633374,1055.1235250472705,13927.0,1202.9486166007905,1005.3399209486166,-1.5281547501902997,detected,1201.073085860596,1057.2177604150888,38.79404277825415,-16.64498136254724,42.21413459542382,34.72220825850457,-6.62834928271571,35.34921159744077,36.56633808246971,34.86686202200326,264.17802512286,8.645911296221522,3.072012932863303,35.21547241058909
588,9.8098,1201.813248489615,1056.5638532394332,13986.5,1204.0286738351256,1005.5197132616488,-1.5274214003736204,detected,1201.65396076107,1057.098231626509,38.88876480164754,-9.696733139470325,40.07945435476839,35.1503716197508,-6.538237927578884,35.75328208995943,36.44743991559408,35.44904330400636,264.7955908830445,9.511033992192665,3.322820845464731,35.598539883444076
589,9.826483333333334,1202.4177577937648,1055.8561630695444,13900.0,1198.265560165975,1005.0995850622406,-1.652420666097122,detected,1202.2534634196074,1056.9916787390312,40.463093513774766,-4.694764360539921,40.734540001152304,35.60731311484362,-6.480753205554268,36.192276929889566,36.395991261125,36.04856500594302,265.51499578436966,9.09609269150586,3.676481197502959,36.00506069116151
590,9.843166666666669,1203.047269881404,1055.7270001806032,13842.5,1200.5664335664335,1005.2727272727273,-1.6199267526431351,detected,1202.869044798812,1056.8827172883268,40.09593358603297,0.3643121703835277,40.09758862441801,36.07166045401923,-6.4566386245721965,36.64495695506235,36.38065942448168,36.655040843571975,266.0657789346824,8.220115929672565,3.9665047388826387,36.42965427223808
591,9.85985,1203.4782923037992,1055.8759233151382,13831.5,1200.906148867314,1004.8996763754044,-1.6212112562117935,detected,1203.5111774897996,1056.7662437960444,40.70042619379956,7.192516431367039,41.33106561622154,36.513100288331664,-6.487133977126765,37.084894497665196,36.38837102459916,37.2579995388602,266.4985300011926,7.45972666069758,4.24501751158168,36.841134974771386
592,9.876533333333333,1204.421674592881,1056.4681029927465,13878.0,1197.6632653061224,1005.625850340136,-1.7029505573510375,detected,1204.1703906190135,1056.6486618146148,39.01288614750729,5.0432877868342985,39.33751437571009,36.925605570007555,-6.48421962990578,37.49060483535346,36.46362305452468,37.84705009713781,266.66659525625164,6.980471109928996,4.326169924117464,37.240162522581585
593,9.893216666666667,1205.1251552982328,1056.3085700500574,13817.5,1197.4302325581396,1005.4098837209302,-1.720841248198696,detected,1204.8384557121485,1056.5352789314786,38.18793431433187,10.365090193776723,39.56960224617948,37.3660544753759,-6.5341811397070275,37.933066712609225,36.606387637743204,38.412046153101834,267.1120170382253,5.825197958981737,4.643250869485915,37.647812308104704
594,9.9099,1205.6776999940166,1056.3646383055109,13927.5,1198.900641025641,1005.6217948717948,-1.7035675549289309,detected,1205.5146582743857,1056.4222752944988,36.89950615629277,11.823881005853309,38.747615624949965,37.763159430041604,-6.592206314664782,38.33423266786289,36.75192165504793,38.94324668355111,267.3170266578185,3.6797584563784795,4.817301469807566,38.030343158888755
595,9.926583333333332,1206.41413091526,1056.661386091299,13950.5,1204.4195804195804,1005.125874125874,-1.6094794687345395,detected,1206.2108327264552,1056.2965429126598,36.551693586280635,8.25794937137016,37.47292398313029,38.09735341619703,-6.621884060813762,38.668561983004736,36.918283932669276,39.43147061842616,267.5854516026149,3.690266254166259,5.010988294909133,38.34250490176356
596,9.943266666666666,1206.8520223649773,1056.7950392576731,14010.0,1203.9225806451614,1005.2483870967742,-1.6275661441800084,detected,1206.9129062654586,1056.1790221035074,34.627151808820145,3.301702970490169,34.78420453160342,38.33752708706057,-6.576095735188475,38.897442310124546,37.06824641621986,39.868243160614036,267.6236686317554,2.259272103622742,4.980854876466316,38.57722259273014
597,9.95995,1207.3388078937724,1057.28213496033,14095.5,1206.3883161512028,1004.7491408934708,-1.588887586593456,detected,1207.605654747741,1056.0734102714596,36.102286769816146,-1.2280314452118546,36.1231666834522,38.49348349712284,-6.501463595504158,39.03866417574933,37.17192368173704,40.2459318700848,267.8321268809411,1.9231585426505093,5.04069828145371,38.71186719162851
598,9.976633333333334,1207.8485760483422,1057.37959848458,14121.5,1204.9477124183006,1004.9411764705884,-1.626059430219655,detected,1208.320455110004,1055.9608068317414,38.20685314184675,-6.683951317298124,38.78709620756182,38.65198589690599,-6.374113911442146,39.17403913219391,37.24449025664655,40.55787072846462,267.81375450537263,0.1273897395628882,4.89498121133922,38.86701044422244
599,9.993316666666669,1208.6547797887306,1056.6644728998258,13979.0,1208.4581939799332,1004.9297658862876,-1.5745961910249122,detected,1209.0314728030105,1055.8536843980792,40.981651483657515,-11.579151988071317,42.5860601498991,38.72444646693643,-6.272733171350996,39.22919748872761,37.312755881289135,40.79847046194956,267.7651792794924,-0.6453107995269936,4.757898860331036,38.939598534710825
600,10.01,1209.1233023588277,1056.3647605432452,13990.0,1204.3780918727916,1005.070671378092,-1.663043660160454,detected,1209.744056875647,1055.7595184072313,43.76084762728851,-16.458591369207625,46.75357756276324,38.79789907839277,-6.159717721190875,39.283827401386226,37.344919521462664,40.9633133904695,267.60933930249786,-2.479723614512948,4.535987771225529,39.02107008067815
601,10.026683333333333,1210.2060969658012,1055.853479984287,14001.5,1208.9654088050315,1004.8207547169812,-1.5951031574155998,detected,1210.4622649688881,1055.6715014194572,45.10612409138912,-17.218038131355115,48.280671781165104,38.81479952126931,-6.043340486929585,39.282446793921714,37.36205156436598,41.049231052263224,267.3420677576946,-3.9244462933706794,4.236879063506931,39.0532902828751
602,10.043366666666667,1210.930367045468,1055.6674622682958,14035.5,1214.9256505576209,1005.0260223048328,-1.492065840571834,detected,1211.1794172549958,1055.5891126799033,46.27674121184418,-16.75789475601323,49.217515315602974,38.74630857174332,-5.982919607457185,39.20550669186722,37.42860128352505,41.05436289859439,267.1667261782479,-5.292176708880308,4.060383572663543,38.99467963977765
603,10.06005,1211.8587148307106,1055.5774201239867,13980.0,1213.469696969697,1004.9333333333334,-1.538997173063927,detected,1211.8890369145497,1055.5071631519163,46.15251602698481,-11.583665311925415,47.583989299761264,38.62621736584422,-5.835635193761101,39.064553064230864,37.45064513699773,40.97819451150272,266.84091798568596,-6.588254175771423,3.6981362163627964,38.88911280337126
604,10.076733333333332,1212.4845304393357,1055.0136251130468,14006.0,1212.955357142857,1004.8511904761904,-1.561410560705221,detected,1212.5936234830262,1055.4288016892617,46.74369565451752,-9.367646690629499,47.67311493874322,38.471008665081094,-5.750899048206938,38.898474874619595,37.48719217490085,40.82157407396743,266.46601887628196,-8.290069182801497,3.368590827516773,38.75234113454543
605,10.093416666666666,1213.0959272495666,1055.465647594447,14130.5,1208.8024316109422,1004.7507598784194,-1.6552544067132071,detected,1213.2853658761553,1055.3530023257943,45.685578250083836,-7.597354344320138,46.312977156275466,38.29435640683265,-5.487459272978584,38.68552625835822,37.47871652907503,40.58670618794045,266.3557358574087,-9.616696520025167,3.0423152666990925,38.56571352515253
606,10.1101,1214.004713015264,1054.8296327874289,14074.5,1209.9250814332247,1004.472312703583,-1.6516334601212384,detected,1213.9630101503387,1055.2811683900327,45.84743753433031,-7.5057742469143705,46.45776765525829,38.05139260212365,-5.332676121801316,38.42324704629972,37.45261870137955,40.27712255102274,266.1014712395447,-10.583316505519871,2.7332347354071644,38.32590953209257
607,10.126783333333334,1214.7099444914857,1055.274379057296,14172.0,1210.9190031152648,1004.5794392523364,-1.645436887115411,detected,1214.64169892102,1055.214740899329,45.929597591389665,-6.224135462494814,46.34940989012129,37.72959082027295,-5.288211207189664,38.09838843359482,37.45037926496595,39.897629435854796,265.7232643462735,-11.546369028941406,2.459846288479997,38.018894742931735
608,10.143466666666669,1215.5965621601172,1054.901688182721,14098.0,1209.7318611987382,1004.6309148264984,-1.6869335851752814,detected,1215.2992379069979,1055.1770804681742,44.75555891008207,-3.416672391683278,44.88578509490413,37.38494078231752,-5.319856865793761,37.76155021142433,37.36426897927891,39.454232354670296,265.3403808936969,-12.713806678724389,2.265268151185137,37.69354367226763
609,10.16015,1216.3336175453555,1054.7240893373123,14074.0,1215.0806916426511,1004.527377521614,-1.595751463423678,detected,1215.9638649153255,1055.1196019659149,43.134185926926875,-4.34815361826486,43.352790400004544,37.04098561671189,-5.400499777130317,37.4326062851659,37.225318897875724,38.9540387377727,264.7890413093427,-13.78603455094135,2.0140042242566616,37.378386806882375
610,10.176833333333333,1217.088002554913,1054.5329240741398,14090.5,1214.8343023255811,1004.4796511627908,-1.6157919672413614,detected,1216.6017458500605,1055.0540028835894,40.87583955387345,-3.236706628668344,41.00378676456689,36.67817807152047,-5.503974315217915,37.08884576134371,37.05586140174566,38.40513991490123,264.3897817139698,-14.067672273472155,1.8919371886168075,37.04055957437836
611,10.193516666666667,1217.883196601059,1054.733119725831,14200.5,1216.2654867256638,1004.457227138643,-1.6029618806449608,detected,1217.242971313146,1055.032857632534,38.30279772315134,-4.967923077544583,38.62362713579665,36.28923998892801,-5.8450668608031995,36.75695506405926,36.8920305305261,37.816474156097776,263.98593986145823,-13.60530246579726,2.0107820520924697,36.70191413428262
612,10.2102,1218.1466052097628,1054.9939246801075,14210.5,1212.6837837837838,1004.508108108108,-1.6785820405385763,detected,1217.8535296394507,1054.8955871208775,35.38070285297226,-3.874027135379947,35.592165157741945,35.91003961881307,-6.26124556577976,36.45180573661229,36.72918269544527,37.19767298088548,263.71656137059637,-12.325832773521702,2.293385798256847,36.37958937426418
613,10.226883333333332,1218.8243627727616,1054.617122836719,14176.0,1207.9768786127167,1004.2023121387284,-1.7827298390205963,detected,1218.4680213376944,1054.790667209579,34.529447586457536,-5.140637135769339,34.910011469313055,35.556271815114954,-6.436639159543317,36.134177575537876,36.59404469232915,36.55889335323678,263.56455366116904,-11.31203244349358,2.4108015220390575,36.05366590350888
614,10.243566666666666,1219.485672093105,1054.464212463228,14220.5,1209.1960784313726,1004.09243697479,-1.7722971433717958,detected,1219.0612936459834,1054.6640157124932,34.16413172771354,-7.048354896392084,34.88362371448897,35.24361989444808,-6.73558736062129,35.88148380929777,36.43031482095224,35.91063872722894,263.28910287268315,-11.725917842137456,2.5708818223114465,35.78926441005188
615,10.26025,1219.8683734798328,1054.297494952341,14198.0,1211.1024930747922,1004.02216066482,-1.7434184941537472,detected,1219.6451440161975,1054.5300706040323,33.3397624919935,-8.288614618566498,34.35463426260933,34.925199204327434,-7.072267813142643,35.63406392039458,36.293784733858296,35.263572200003054,262.9477123900594,-11.21567828816738,2.730818555841873,35.529271615075885
616,10.276933333333334,1220.365398640224,1054.3155127390785,14169.0,1215.896174863388,1003.7486338797814,-1.6589497005108194,detected,1220.2136680902386,1054.3826828268243,32.99869110091686,-7.8564817762026,33.92105423293228,34.565859876464806,-7.328448328976214,35.33418774940035,36.09934552602656,34.62832529795174,262.648483148797,-10.8103203142072,2.8452837050338173,35.21944327424474
617,10.293616666666669,1221.189218220664,1053.9509425499014,14119.5,1210.2199413489736,1004.0527859237536,-1.7871876303605203,detected,1220.786059502376,1054.2243889238878,31.812522472596356,-6.013655710718467,32.375926875944494,34.22481580741594,-7.352386726031167,35.00565108122784,35.96836749562959,34.01530621295787,262.23029391843056,-11.206332046110452,2.6579762315075115,34.90459525583141
618,10.3103,1221.7876694626536,1053.7748173210216,14187.0,1210.3164556962024,1003.9620253164558,-1.7971368079514365,detected,1221.3471857525597,1054.060698172982,30.513255970115097,-3.8567582860464427,30.756029886426376,33.910795897276174,-7.3732284024805,34.70312054357458,35.81935647856942,33.434511635377135,261.79992598672675,-11.957633211819916,2.461140842141284,34.61573863457216
619,10.326983333333333,1222.0933229575655,1053.9434874370677,14135.5,1215.4226804123712,1003.7835051546392,-1.7030078924836167,detected,1221.8958080727127,1053.907260313537,29.717620447341233,-2.705734938542264,29.840542331028132,33.58666319468262,-7.402686196543201,34.39278568940788,35.727016079905525,32.895346658613505,261.3398932933342,-12.376675248819632,2.261059209378872,34.318381644961384
620,10.343666666666667,1222.471605907113,1053.9644003709782,14017.0,1214.396887159533,1003.6964980544748,-1.7300694024226968,detected,1222.4356005599532,1053.7577280881424,28.95273453470736,-2.597403327261418,29.069009977667022,33.29204974525002,-7.3262856443255515,34.088635020816724,35.70967647738862,32.40645745452037,260.9750989807816,-11.589442137484234,2.0132738865850968,34.029131135543956
621,10.36035,1223.0779616776413,1053.7992406715312,14047.5,1215.2079207920792,1003.3135313531352,-1.7254382190313338,detected,1222.9538127493747,1053.6185085339741,27.432735696109376,-2.2287458000892,27.52312292625982,33.00279761456742,-7.208244358997025,33.78081463089825,35.840869284968505,31.975581401180786,260.6076922722381,-10.92855096060772,1.725768894351508,33.73670343780492
622,10.377033333333332,1223.4353010695504,1054.0501684098565,14102.5,1213.829581993569,1003.5948553054662,-1.7589257070959587,detected,1223.4631649307512,1053.5008394203535,26.787398378166927,-4.20436550671775,27.115335166372148,32.666671126629424,-6.979991524761049,33.40406688086198,36.020524260917696,31.609418951056202,260.3194669016287,-9.781226363237469,1.38755441065247,33.37523598326429
623,10.393716666666666,1223.8874327720237,1053.8478475304728,14193.0,1217.0540540540542,1003.4020270270272,-1.7054365576470554,detected,1223.945420350018,1053.4119299595914,27.09011368106394,-5.330759613871578,27.60962254928256,32.37880004367186,-6.78194897023741,33.0814377574946,36.2172293493978,31.313530671267003,260.00627537716014,-8.923657515278167,1.0600177269298197,33.06445049477737
624,10.4104,1224.5171913059771,1053.641219317969,14232.0,1215.3518518518515,1003.4722222222222,-1.7514929490336264,detected,1224.4212502677628,1053.3172585826867,26.9316309345013,-6.461125604318568,27.69582800471884,32.135588539434345,-6.703460953169603,32.82731240181708,36.38172128457613,31.092261568583968,259.8401023528577,-7.658364846105604,0.9297619151220653,32.81414302260052
625,10.427083333333334,1224.8691471133336,1053.5197748015526,14298.5,1217.5246913580247,1003.04012345679,-1.715275947706462,detected,1224.8692970151171,1053.2244356213362,27.12798524258369,-4.418436234457658,27.485453645152138,31.949093719604424,-6.67576587759402,32.639093730624865,36.475505060656126,30.948693147352802,259.689861484476,-7.844347634883908,0.8498439039156471,32.62802790386653
626,10.443766666666669,1225.1841940204893,1053.189897089228,14349.0,1215.966966966967,1003.1561561561562,-1.7529740184237252,detected,1225.3181125085187,1053.1277279233339,27.946924003640106,-4.491439558975799,28.30553992732109,31.880480478549863,-6.750188163708714,32.58726861503848,36.57761895223092,30.884621875975288,259.6243167640373,-7.187326775890765,0.898080525946205,32.57489105365647
627,10.46045,1225.6721243235745,1053.4323111789463,14414.0,1217.9883040935672,1002.8216374269006,-1.7214678293755206,detected,1225.7612527932,1053.0244894741188,26.916515456595334,-4.78734399429004,27.338936827257942,31.872151873418854,-6.827674148486712,32.59526344916069,36.632624473838526,30.90056116342632,259.77425864903756,-5.509327600909627,1.0610589229402443,32.57798878510212
628,10.477133333333333,1226.1457562428727,1053.1348530335824,14323.0,1217.1356932153392,1002.8554572271388,-1.7481141730431071,detected,1226.2159759324616,1052.9254181846368,26.780562035434286,-8.187107363673931,28.00405738313768,31.91279134400466,-6.9345657215103,32.657532869338496,36.681588960190155,30.995762864733585,259.95943923608735,-4.449530421223873,1.2645147972166058,32.6330423871196
629,10.493816666666667,1226.774808938988,1053.7006111632977,14371.5,1213.6574074074074,1002.3055555555557,-1.8206883577586983,detected,1226.6678754206055,1052.800829366753,26.659055692795846,-10.742728927477856,28.742155020820203,31.99154407534331,-7.07554442295356,32.7646489559376,36.68591660063925,31.168253941792795,260.0552946647881,-3.020063450386115,1.4443679131289926,32.73279735276755
630,10.5105,1227.2484668989548,1053.3116608594655,14350.0,1216.7,1002.3464285714284,-1.7748883657104184,detected,1227.1119619245396,1052.705908308687,27.44824011610399,-12.721742058776272,30.25307598379605,32.13741848929607,-7.217836346389661,32.93798458739412,36.67614112699262,31.41488425345649,259.9515096027121,-1.9464032430996776,1.4997305101666543,32.90382404943668
631,10.527183333333332,1227.3816193377452,1052.8203251747843,14279.5,1218.073943661972,1002.1161971830986,-1.7523435149605624,detected,1227.5707378387174,1052.5880707976116,26.460434634563626,-21.87902114477538,34.33432928285541,32.341936266656646,-7.436574175978329,33.18589274000789,36.62435555176593,31.731382426983426,260.0174342083279,-1.4675591457299733,1.717562102621553,33.141416043599385
632,10.543866666666666,1228.0268718957925,1051.9890239902538,14228.0,1217.545112781955,1001.8233082706768,-1.776775644862165,detected,1228.0399685340233,1052.4625905571245,27.343657055549556,-21.63028772978896,34.86466590181188,32.57448623291526,-7.473478024646761,33.42080231118433,36.55586882285485,32.112418135753735,260.08286768230874,-0.7311818734080313,1.751711272603341,33.3748638160622
633,10.56055,1228.2781488943083,1051.9938500689216,14146.5,1219.783269961977,1001.4600760456274,-1.73734218979835,detected,1228.5210026404775,1052.3252685646237,27.64935562798655,-20.862709801441724,34.637256342009024,32.894812461103264,-7.538545918219296,33.74756822961108,36.487319910567386,32.551670575636756,260.0531014959684,-0.09219364738942495,1.7431303311298478,33.70252005504856
634,10.577233333333334,1229.0063441242737,1051.8781098067118,14055.0,1220.1811320754716,1001.3396226415094,-1.7436767446814627,detected,1229.0236094662264,1052.178988205219,30.1877440107678,-16.7644188981958,34.53035808464534,33.2207228067407,-7.590551885768943,34.0768675457832,36.411186351668746,33.041904199394,260.41652081065376,0.33508490098473637,1.9538854977680336,34.02080588690492
635,10.593916666666669,1229.2021425746846,1050.0836778468802,13908.5,1222.8513513513512,1001.2195945945946,-1.7000403465566856,detected,1229.545523367713,1052.013439941316,32.62853740901119,-13.224824333249217,35.20678105275379,33.57306203892338,-7.577746283309282,34.41762242519965,36.369662003843935,33.575053605954245,260.56808195689285,1.6806057825430016,1.9734995253568188,34.360995809595245
636,10.6106,1230.0649420352083,1051.3579624063736,13974.0,1224.401294498382,1001.0711974110033,-1.68295070128939,detected,1230.08529025349,1051.8695222320382,33.08647391248451,-8.791612071937834,34.2345906764629,33.980156233134615,-7.576948874266617,34.814668918022,36.36597505494068,34.14231977328382,260.7202694318301,3.590543963439056,1.9983283666294982,34.75727054316278
637,10.627283333333333,1230.42658107637,1051.3410388642455,13864.5,1222.7327044025158,1000.7610062893082,-1.7217520609264625,detected,1230.6270130464868,1051.741555258542,33.26928413175801,-3.545687641260429,33.457692202078626,34.362051334037616,-7.535719733764774,35.17865324012402,36.3811955329655,34.73427958557341,260.87506586123635,4.4773202465611766,1.9909536642615668,35.12226853857324
638,10.643966666666667,1231.2692025983697,1051.0188994152468,13880.5,1221.119496855346,1000.5849056603772,-1.7693909381840445,detected,1231.1893538076708,1051.6142352220809,32.6492697244621,2.021260844517201,32.711776303683905,34.74868677394807,-7.572685406627333,35.56426291632796,36.38308571560598,35.34100995583441,260.8774652617361,4.381251738767712,1.9676229456320193,35.50979099805464
639,10.66065,1231.7763053939525,1050.6948454595513,13923.0,1225.3253424657537,1000.3493150684932,-1.6982356862757335,detected,1231.770074129563,1051.470474470736,32.83968504298764,6.13382289368019,33.40761435681484,35.1485510555608,-7.539688803297179,35.94812301853783,36.339142877702436,35.95222693902653,261.01319988223975,3.7135784270469103,1.9566874949984596,35.89483141906152
640,10.677333333333332,1232.2456140350878,1050.8784392675675,13908.0,1225.0190476190476,1000.2698412698412,-1.7126307702929406,detected,1232.360959557191,1051.3338389854625,31.692406365202714,2.6564670618517994,31.803544432466094,35.51591837214649,-7.554704621867543,36.31052216287504,36.24456262332269,36.557439206798186,261.1980324198058,3.180210744574919,2.031096070061065,36.25367110369406
641,10.694016666666666,1232.5861965903928,1051.6354756951916,13941.0,1224.5263157894738,1000.3157894736842,-1.72657626708752,detected,1232.9718731084313,1051.19232859933,32.695039427269876,3.838471175862651,32.9195908862589,35.82790726690733,-7.501588156940664,36.60481886312871,36.123566851524146,37.146114220570006,261.5235238432706,3.401155467393364,2.1384911098691397,36.542299048848506
642,10.7107,1233.211024452192,1051.6213923732164,13911.5,1223.8435582822085,1000.2515337423312,-1.7511678273266094,detected,1233.6075518219725,1051.042576589799,31.888475454894888,4.934874352313727,32.26806241023092,36.15714552778892,-7.475960119289572,36.92193321621871,36.00454175072686,37.707854479756364,261.6631653890828,2.254381479471627,2.154451494434695,36.85902184243422
643,10.727383333333334,1233.7368095459033,1051.3089927073297,14009.5,1225.440476190476,999.940476190476,-1.7309198362889753,detected,1234.2616249250168,1050.890486128027,34.15810801603266,2.105471779424988,34.22293609041909,36.468811790433044,-7.454750636081434,37.22294373705799,35.895938269094536,38.23258039714011,261.6665192390602,1.3925333382793204,2.0904523579807686,37.16419714444532
644,10.744066666666669,1234.339919580962,1051.5103745331758,13968.5,1228.2935483870967,999.5516129032258,-1.6866439334954844,detected,1234.9240561344059,1050.7455973233923,36.44697240644018,-3.5893026873200142,36.62328345980211,36.71597949018664,-7.375588322506974,37.44946532364524,35.80542569401028,38.71071569290613,261.8473407974477,1.175488833560915,2.094316018253025,37.39085842077707
645,10.76075,1235.0838804577909,1051.4401989978355,13936.5,1229.0749279538904,999.5302593659942,-1.6860406675290107,detected,1235.5914186395908,1050.606143057038,40.12786817640563,-9.393449258998771,41.21265210301773,36.925997263342694,-7.26427949591109,37.63374855747307,35.729022657499115,39.133370709499864,261.9265026172178,0.9626273946502887,2.00627330102812,37.5802328083354
646,10.777433333333333,1235.433814251363,1051.4604909173154,14001.0,1230.1760797342192,999.1295681063124,-1.6709311876570017,detected,1236.2768561853486,1050.46321931582,43.15623654103092,-12.486317734797922,44.92626050496237,37.09565852429933,-7.127983250120763,37.77427731360885,35.68577234673019,39.49251874460692,262.0290533442445,0.6741606335584629,1.9150264417767051,37.72570344331196
647,10.794116666666667,1236.4021645949422,1050.9105943706245,13998.0,1231.235119047619,999.0386904761904,-1.6700804521584307,detected,1236.965705004623,1050.3335154120753,46.300275939036965,-14.188995532938407,48.42564554308709,37.213295166976586,-6.913248821455671,37.84999797162321,35.62578947942752,39.78116041359078,262.0014753836333,0.38974868131146734,1.6678535765568228,37.81323327750548
648,10.8108,1237.0563393696943,1050.5715255205914,13998.5,1231.5577464788732,999.0140845070424,-1.6770445533584408,detected,1237.6567442197163,1050.2056823403916,47.697973236812686,-17.027547552046144,50.64616497363736,37.30483727856656,-6.691938619664196,37.90030246409232,35.54907186290125,39.9934712213822,262.11629406395394,0.29457414329855414,1.5118518676184936,37.87013639795955
649,10.827483333333332,1238.1380682633012,1050.2838328792006,13946.0,1228.190769230769,998.8215384615384,-1.7617345671681175,detected,1238.3618565415609,1050.0922754685114,48.593235231717244,-16.595647104384625,51.3489825906831,37.35997993719269,-6.532378934123116,37.9267725419184,35.47816941912479,40.124927953696854,262.17532194102637,-0.3815058070501599,1.3852847195653535,37.90146516550718
650,10.844166666666666,1239.0221584797418,1049.867383769571,13945.0,1230.4823529411765,998.7676470588236,-1.7363863867528735,detected,1239.0622973037089,1049.9821238469951,50.37233714053855,-17.373520429337532,53.28425246832959,37.380235548547674,-6.359092432262906,37.917279256652506,35.44324257228925,40.17241015649771,262.20493219337993,-0.34687444387945254,1.2304393486153469,37.89730973613232
651,10.86085,1239.8790608298805,1049.7908605056143,13877.5,1231.7464788732395,998.5549295774648,-1.7282111911707467,detected,1239.7683133038547,1049.865668816271,49.39154651102581,-15.981629156252438,51.91278587437592,37.289709252092926,-6.188433976311689,37.799723956462884,35.37764271579783,40.13427380287568,262.1300928889658,-0.45852230341481354,1.024281277077761,37.78584363290333
652,10.877533333333334,1240.451816009558,1049.4394743130226,13950.0,1230.604719764012,998.7492625368732,-1.762666911562295,detected,1240.4686104344537,1049.7713033178022,48.39564604949055,-12.497465228723286,49.98324913099105,37.18297469308263,-5.984367402776224,37.6614691725885,35.361172444722214,40.01039518355424,262.1761566445853,-0.6495153908565461,0.867021980609171,37.651487794282104
653,10.894216666666669,1241.2509455213706,1049.5387989803785,14057.5,1234.3976261127596,998.6587537091988,-1.7046861139157896,detected,1241.161283319355,1049.675923913032,46.985589204210555,-9.238173413071763,47.88516932074913,37.06144779172375,-5.793248872036865,37.5115001687752,35.35737075750767,39.80218404013344,262.25119796138546,-1.5299916916199776,0.7433461808662889,37.504134190345106
654,10.9109,1242.2699320700751,1048.8308783220116,13985.0,1238.0314285714285,998.7371428571428,-1.6552067239423869,detected,1241.848719433466,1049.5953533703148,45.456932721293015,-5.866932225618257,45.833978947590374,36.960268804985894,-5.4167015437431125,37.35508165900327,35.359720048686185,39.51256592806116,262.2658382599493,-3.642678106692421,0.3934237038346975,37.35300983240927
655,10.927583333333333,1242.9383639327991,1048.696167387349,14107.0,1234.9635854341736,998.9327731092436,-1.7296991511403537,detected,1242.542877593601,1049.519476403856,43.881360761469296,-1.8484282965000602,43.92027446915057,36.768505642990334,-5.077013785690598,37.1173689288277,35.385683236107894,39.14593468677742,262.0986059617223,-4.356577111606772,-0.025703452929932702,37.11736002911861
656,10.944266666666667,1243.6002821844395,1049.2160489435869,14057.0,1236.5864864864866,998.7108108108108,-1.7087864079637138,detected,1243.2076269320114,1049.4752297101777,42.993504357328675,0.06927818463009316,42.99356017347837,36.54760004396875,-4.96194006291418,36.88289465540709,35.37776928990458,38.70807665653445,261.897480227981,-4.618722898710512,-0.2387858340115292,36.882121678224166
657,10.96095,1244.4784503746987,1049.159974347098,14033.5,1238.9530201342282,998.6610738255032,-1.6797796313732076,detected,1243.8747329955313,1049.418326778041,41.52688749399931,-0.008640041225135064,41.52688839281832,36.28811073128264,-4.994197665769968,36.6301650388121,35.37230429523983,38.20606888924365,261.6639370259651,-5.235873162887821,-0.31958127682438864,36.62877091274174
658,10.977633333333332,1244.952137419943,1049.1947177137715,14078.5,1233.1070110701107,998.339483394834,-1.7996348369951831,detected,1244.5228492556694,1049.3573990056364,39.61757108256188,-0.6086384064583399,39.622246013971235,35.966520857075885,-4.977166725554263,36.30926618890059,35.45471575700141,37.648154053817926,261.4375277792873,-5.281820309181676,-0.43328051402665135,36.30668091650081
659,10.994316666666666,1245.538801328716,1049.6049779725304,14149.0,1240.0126984126985,998.2920634920636,-1.6780770461470815,detected,1245.1580056769312,1049.2973805298984,38.908578266933546,-2.1708990519514373,38.96909372115109,35.694265455281275,-4.967102317412093,36.0382115514037,35.5338300593891,37.043595049062716,261.25338177228946,-5.685012039409159,-0.5185129150554522,36.034481211481975
660,11.011,1246.2689350931971,1049.109305516132,14092.0,1243.433962264151,998.6572327044024,-1.626928702076246,detected,1245.76071447172,1049.1888038131906,37.97427119769827,-5.984681365972392,38.44296663953699,35.40850699665015,-5.2614375739565125,35.79727773276152,35.552796994782945,36.40251252567978,261.0921678194144,-5.457218154017823,-0.28486787672509006,35.79614425282804
661,11.027683333333334,1247.0056247346824,1048.8787439271732,14134.0,1241.962382445141,998.6206896551724,-1.6708084789834825,detected,1246.3726070677578,1049.110442255969,35.809909462447195,-6.172385671847678,36.33796858095807,35.1024016149935,-5.334200139413331,35.50538396169819,35.6028186745521,35.735708596413446,261.0394901261222,-5.41401767420086,-0.1982270921173246,35.50483060496932
662,11.044366666666669,1247.534379353498,1048.4837548109845,14117.0,1242.0990415335464,998.3801916932908,-1.678855816281261,detected,1246.9649982173962,1049.0784679899882,34.435766525632516,-6.273923813690999,35.00263041869671,34.76183566984664,-5.643716373751381,35.21699523873057,35.653560851992495,35.05447999266956,260.96326434221885,-5.937662125282435,0.11370417114505837,35.21681168144322
663,11.06105,1248.1318859058815,1048.8640882151542,14117.0,1238.80547112462,998.3465045592706,-1.753357934249555,detected,1247.5471003125328,1048.9860667151559,32.18466465260053,-5.95214746468082,32.7304246572155,34.489004941037614,-5.764263862117976,34.967387659003585,35.687458635729016,34.3704238216696,260.6592217077499,-6.239616395674995,0.09005503562528006,34.96727169490915
664,11.077733333333333,1248.7054495880784,1048.477335495775,14181.5,1238.8501628664494,998.8110749185668,-1.766682022505717,detected,1248.1167923735716,1048.8844051464644,29.57362992772414,-2.9480176071338065,29.720201798001842,34.199064354862436,-5.9379459209967305,34.71073615624861,35.713747363919225,33.695238904621434,260.49834883944766,-6.023305715557295,0.21103658819215987,34.71009461334193
665,11.094416666666667,1249.0120016993556,1048.6802025065497,14123.0,1239.153374233129,998.8067484662575,-1.7659532378641136,detected,1248.6717400130474,1048.7865411350208,27.952352382201298,-1.4942206717673798,27.992261414803405,33.88789550119286,-6.077639631606292,34.42858064154604,35.795809144482234,33.04052545317105,260.27232767690384,-5.6661563277620886,0.2643724226792594,34.427565586511705
666,11.1111,1249.464973792322,1048.6378972470134,14118.0,1237.7818696883853,998.4362606232296,-1.7994499030264646,detected,1249.202896460826,1048.6954477487227,26.543193977383908,-0.16340304695677332,26.5436969368772,33.55553412992959,-5.998375660402271,34.08745196268234,35.851055401537195,32.41758560724707,260.1440968783858,-6.011656439047286,0.16611766812617468,34.0870471913968
667,11.127783333333332,1249.9000366469245,1048.5698833209208,14098.5,1240.5410334346504,998.5379939209728,-1.755719919806361,detected,1249.7224686475479,1048.5945122237804,25.432001288501397,-0.35359532715801834,25.434459286442962,33.22472932968625,-5.818201172465377,33.7303143168603,35.87149970774397,31.837227178495272,259.91880197929254,-6.361372609050279,-0.08740567386452902,33.73020106910671
668,11.144466666666666,1250.3136082814565,1048.572109036031,14136.0,1239.8593272171254,998.1865443425075,-1.7753791456969397,detected,1250.2244216856614,1048.5012790953408,25.374512625263378,1.2529114054791535,25.40542615189972,32.89543373380593,-5.7106967752675155,33.38744701522217,35.87309251230949,31.309572908789207,259.69647699923473,-6.4109124101714166,-0.2651601673159414,33.38639405925619
669,11.16115,1250.842329795861,1048.5455111706565,14181.5,1241.75,998.26875,-1.74970818252293,detected,1250.7188305807429,1048.4252637006216,25.3173793926303,-0.631787117174099,25.325261188619724,32.53931654490163,-5.571134933320667,33.01279548379045,35.879019853339585,30.84387775153469,259.33535805117145,-4.879053106453913,-0.5468265217115267,33.008266334506686
670,11.177833333333334,1251.117899287714,1048.6619889672445,14109.5,1241.2491909385112,998.3106796116504,-1.7643399549003609,detected,1251.2047420410959,1048.3473317896865,25.36706649007465,-1.3667200364175187,25.403857698582183,32.20388912370031,-5.3784216765708335,32.649929470407585,35.86767433714611,30.44835716144028,259.11612266167396,-3.7776729235698254,-0.7990359585047413,32.640150673053064
671,11.194516666666669,1251.559590647431,1048.7209035131357,14071.0,1243.4037267080746,998.1180124223604,-1.7305959508180233,detected,1251.6712001896785,1048.29936169892,24.127686369689854,-1.5304156460629201,24.176174668541588,31.82210838173987,-5.262073601505784,32.25424003827811,35.8514064441549,30.130030094901205,259.01047232798857,-2.7559030862114553,-0.900657036001963,32.24166275722087
672,11.2112,1252.0826999765422,1048.7543983110486,14210.0,1242.2570422535211,998.1654929577464,-1.7626334109056805,detected,1252.125959006739,1048.2448122807837,23.693569691445646,-2.7311473745517105,23.85045933949517,31.547381465152323,-5.229424704080516,31.977869848435557,35.82082148486031,29.894581218973148,258.99740807218694,-1.9764627948326932,-0.8876247687820626,31.965548365597115
673,11.227883333333333,1252.3535378380593,1048.336741745435,14229.5,1241.4026845637584,998.265100671141,-1.7861098424435464,detected,1252.564252705844,1048.1982375919065,23.959193156136735,-3.555751677488388,24.22160825967241,31.324647199591872,-5.308380504843405,31.771251561169265,35.78478575919803,29.746247430578467,258.9824185497476,-1.1276026246265596,-0.7759201294004301,31.761775355226785
674,11.244566666666667,1252.9091015757915,1048.3357386743637,14204.5,1244.2390572390573,997.8215488215488,-1.7407759245320849,detected,1253.0033177080932,1048.1407639631634,25.671823378801037,-2.293147831292572,25.774038150210714,31.214828781847714,-5.404291380817632,31.67920297622477,35.75884324962993,29.687733876851986,258.840493369008,-1.0200946638515973,-0.7392417662323902,31.6705766101583
675,11.26125,1252.994572034842,1048.445456570417,14216.5,1245.375,997.7435897435896,-1.7199619435116218,detected,1253.4436466258835,1048.0697135614414,25.077828153198425,-0.8174294152454422,25.09114695924162,31.176277914518252,-5.551162585780719,31.666634027901516,35.677189223906026,29.72016398524081,258.65077245754765,-0.17253541079175833,-0.6925212150633886,31.659060709751596
676,11.277933333333332,1253.5346604051308,1048.2228452606248,14267.0,1243.8227424749164,997.7357859531772,-1.760839396069093,detected,1253.8880398900317,1048.0116201877047,26.247454067024137,-3.874600632185775,26.53189354455268,31.201842438117733,-5.790072626957861,31.73452240949234,35.59957474955351,29.84306648545307,258.40896981587485,1.2595383427549856,-0.5972225328367307,31.728902247081344
677,11.294616666666666,1254.101461947398,1048.2274295840327,14296.0,1241.4538152610442,997.835341365462,-1.816701617580004,detected,1254.3295533175806,1047.9250852533153,26.9427186951184,-6.922318911401817,27.817774709624672,31.24902334716002,-6.008229790940909,31.821380946968688,35.56180161695913,30.05440020071936,258.174840108253,2.2528356228022757,-0.5230133530109713,31.8170825564613
678,11.3113,1254.749637274174,1048.696831414397,14244.0,1237.8827838827838,997.7435897435896,-1.89046894506422,detected,1254.775191542506,1047.8483700761474,27.117424445601046,-9.868502416505635,28.857270288567815,31.35978155369372,-6.258553102834836,31.978201732373762,35.565671855516335,30.350614873091136,257.98261465875214,4.28191314096208,-0.40797892582342676,31.97559912233821
679,11.327983333333334,1254.804768683274,1048.6423962040333,14050.0,1244.1020408163265,996.9013605442176,-1.7747714192251522,detected,1255.2336371623903,1047.734378160509,29.075575613239835,-12.184157254039746,31.525272167459498,31.57546077540007,-6.562245049019086,32.25015943002769,35.57740397695214,30.726743940189746,258.1108376834375,5.928989475889528,-0.0836762241079878,32.25005087673077
680,11.344666666666669,1255.615718464006,1047.4294980658551,14132.0,1246.6954887218044,996.6052631578948,-1.7445380989013874,detected,1255.696711813384,1047.6044675113167,30.786919475408922,-14.301523311808069,33.94654591889288,31.84743808323127,-6.859536176471603,32.577792267456864,35.601755442069816,31.176523441358277,258.23227004697657,6.537874452471782,0.22024894807235107,32.57704773951202
681,11.36135,1255.8571547262973,1047.0671438066752,14042.0,1246.196551724138,996.8827586206896,-1.7609721490275934,detected,1256.165161561487,1047.4920972690534,30.884984204484226,-15.590443768926434,34.596881163239225,32.1808471899157,-7.109675539474142,32.95685683036691,35.611850452877,31.692530381774716,258.4720775059152,7.020814085980998,0.535058675213075,32.95251317200832
682,11.378033333333333,1256.3319510974477,1047.192809990229,13987.0,1248.003663003663,996.4505494505496,-1.7334751345454111,detected,1256.6553142531102,1047.365733038442,31.467306926157562,-22.485474196461837,38.675417968326535,32.57291645443389,-7.319902749240029,33.38526415360318,35.61481608883906,32.266333975503876,258.7771721963073,7.807671511790227,0.840419957765409,33.374684371548014
683,11.394716666666667,1257.0784074020803,1047.0658708471165,13906.0,1246.909090909091,996.4822134387352,-1.7691912684685516,detected,1257.1646244569235,1047.2334978185816,33.76241691132918,-18.308295834895034,38.40695890164231,32.91697421294924,-7.495272869432445,33.759536530041636,35.63004885612339,32.88865405858757,258.9337437845248,7.271266878631776,1.0376888042156907,33.74358470389328
684,11.4114,1257.952132194882,1046.660878336996,13878.5,1249.3150183150185,996.3113553113552,-1.740685869457119,detected,1257.6824802083706,1047.109616061464,33.76909068043642,-12.863539103659605,36.13616088705215,33.29723543920797,-7.578151617169298,34.14870817215276,35.627490546363234,33.54952231256633,259.3282051152876,7.63503499307344,1.2810025273669439,34.12467292666308
685,11.428083333333332,1258.1126882652509,1046.7003166347624,13843.5,1247.274368231047,996.1805054151624,-1.7821289796382496,detected,1258.2216682773233,1046.967743526758,34.838437658786006,-11.494363681466893,36.68565298515135,33.700071903389805,-7.706550149399417,34.57001246020677,35.577596556415585,34.23844343963502,259.92371210483185,8.00495055438938,1.691541805431875,34.528603328535134
686,11.444766666666666,1258.6698789862803,1044.9110236510096,13593.5,1246.6801470588234,996.4301470588236,-1.8132401953218396,detected,1258.7798796503384,1046.821043469416,34.94431608929335,-8.418440652398658,35.94405889665779,34.1460576493868,-7.8752902610359214,35.042452107277164,35.55401141679176,34.944554806653656,260.4911689465142,7.82856810153452,2.1261691771506683,34.97789093586045
687,11.46145,1259.4303895288465,1046.2659929000945,13803.0,1250.7717041800645,995.9067524115756,-1.7410697958918546,detected,1259.352552656822,1046.664063657411,34.30842873928259,-2.102112572009446,34.3727677067738,34.6000762194902,-8.118786425597408,35.53983634485387,35.57376665087011,35.656784138207684,260.9385614128222,8.150279258370364,2.568177825927126,35.4469241271145
688,11.478133333333334,1259.958981595388,1046.0435390886944,13819.0,1250.7108843537414,995.6768707482992,-1.7523890066522907,detected,1259.9453549413697,1046.5084550324066,34.610221437252676,2.4348460877913567,34.69576203813511,35.05571241724401,-8.257788893540813,36.01519194021881,35.58445350213814,36.36400549700233,261.35200234078246,7.327782437109229,2.8928014203973094,35.898826588524436
689,11.494816666666669,1260.4997818340485,1045.8900322400796,13751.0,1252.7666666666669,995.4433333333334,-1.7229050399244297,detected,1260.568218557921,1046.331781931623,35.508653932262405,4.747149879467543,35.824571680053666,35.45280171671573,-8.403164095041284,36.43506986919269,35.65441850592349,37.055194035123215,261.52210999489745,7.382138473192113,3.084614609109371,36.30426240934007
690,11.5115,1261.1778941034895,1046.3852226233453,13850.0,1249.656976744186,995.2383720930231,-1.7923503712211186,detected,1261.1965162638312,1046.1619908855762,34.602524123784406,8.480804655175234,35.626657481951966,35.823082761438016,-8.511927899265872,36.820458648625475,35.74887608406908,37.71957987916871,261.7947583699724,6.886960055160144,3.312141015575289,36.67118619554162
691,11.528183333333333,1261.7289564116477,1046.8685717730752,13822.5,1251.3069306930693,995.2376237623762,-1.7699760323149245,detected,1261.8293029233796,1045.9989437430988,33.26653874738349,0.4682042164322411,33.269833414362814,36.21203614316643,-8.654152334770334,37.23178634268577,35.876064616061946,38.346801104016386,262.04802259540327,5.740254519192189,3.561253434648732,37.06107645821429
692,11.544866666666667,1262.3797920260686,1046.5008985048878,13912.0,1252.6860068259386,994.8054607508532,-1.756160919865624,detected,1262.4878825036624,1045.8259039672002,34.20373425947719,-2.581091386150547,34.30098351412965,36.50206608447004,-8.754193196947888,37.5371379698094,36.04463389763855,38.92705514817069,262.2203857988476,5.60103083809776,3.73258894208156,37.35109779851132
693,11.56155,1262.7622914495826,1046.309175619513,13915.5,1260.4605263157896,994.6315789473684,-1.6153077774481248,detected,1263.142078912304,1045.6487003277603,35.91142809289249,-8.543552576115417,36.91372317027688,36.82705576954334,-8.81137854791299,37.86650800598963,36.19229615464444,39.451247323463136,262.46061149479215,4.680782518776468,3.9032085352836665,37.664803088530356
694,11.578233333333332,1263.3125440072558,1046.5276455073813,13965.5,1258.440514469453,994.4887459807072,-1.6641470538423604,detected,1263.8104259556162,1045.4697233110808,38.03896698352537,-14.352909779009678,40.65672180953753,37.13075912837561,-8.838695080330309,38.16825649898753,36.30422834148819,39.911134364447726,262.6879117304777,4.120341800742522,4.041039761800797,37.95373238320638
695,11.594916666666666,1263.8084480780265,1045.7815906483074,13944.0,1257.725806451613,994.316129032258,-1.688439392246705,detected,1264.482068600944,1045.294969767763,40.63012395564783,-17.221308682333984,44.12913374839279,37.38209498953716,-8.813755375323254,38.40707369252205,36.374936500098585,40.29946034145001,262.95435944948713,2.95785125538221,4.161914864350297,38.18090850522966
696,11.6116,1264.711316258965,1045.5475891135936,13919.5,1257.0246153846151,994.0153846153846,-1.7188676425521114,detected,1265.1601536805874,1045.1244115883057,42.881359491809235,-19.061235485228735,46.926982537652265,37.60618327146447,-8.743028459015346,38.60913838564811,36.450230277749725,40.610081816249426,263.17513247553893,2.4501368745735115,4.212147637994254,38.37868391643811
697,11.628283333333334,1265.5636252560462,1044.9170350139552,13913.5,1258.679758308157,994.0815709969788,-1.7053922679522515,detected,1265.8613198762537,1044.9641924485786,45.12901090861351,-18.779437901819165,48.880414416185545,37.73485416646255,-8.656988291599582,38.7151477492349,36.48785185943961,40.83807891631321,263.3503375652594,1.4846488596343874,4.229124952236723,38.48346615604495
698,11.644966666666669,1266.3938522035198,1044.8656068671175,13902.0,1259.4147157190637,993.752508361204,-1.7065001387673275,detected,1266.5547214352555,1044.7982457855314,46.191351531454984,-19.34282964468548,50.077799621846125,37.830394929358185,-8.615472852585835,38.79903546462016,36.494933622202126,40.97984906571261,263.2474030217985,1.3562470245998697,4.107519455678495,38.580998391774095
699,11.66165,1267.13575,1044.726488095238,14000.0,1263.4793103448276,993.9,-1.6426122551966746,detected,1267.2570075212561,1044.628340779587,46.72285075410127,-15.678314098456212,49.283205207858316,37.88898410301643,-8.500899030844062,38.83092067787265,36.478337664352345,41.03318042041419,263.4299317371613,0.5106223171028854,4.10988188987177,38.61281227186828
700,11.678333333333333,1267.8513206645152,1043.9649934265567,13945.0,1267.5019305019305,993.5250965250964,-1.5777230771677448,detected,1267.953733174774,1044.477743672899,46.28192623003952,-13.134850207994532,48.109676631102744,37.82394184529218,-8.385471840767119,38.74231168513752,36.54751316577424,40.99730256526359,263.60839342951937,-0.0722412961453712,4.122661789095363,38.522336046520806
701,11.695016666666668,1268.56747028294,1044.229652483796,13937.0,1267.7108843537414,993.6530612244898,-1.5877311185701926,detected,1268.6434377320084,1044.3140103448882,46.745162667585646,-11.472331441043025,48.132365633866236,37.76575729351191,-8.203957520679953,38.64656961430819,36.60604523392572,40.87291267454596,263.6365668300746,-0.7278593307604513,3.9676563205293975,38.44236005080506
702,11.7117,1269.3396412449513,1043.6899857448325,14030.0,1272.0305810397554,993.0703363914372,-1.517686333588148,detected,1269.3407679215225,1044.144932903247,46.92796011131804,-10.438103919907917,48.07481101005239,37.64599418530907,-7.911743935976936,38.46838403557904,36.63231906880759,40.662176046625156,263.40636701508856,-1.21119834462436,3.536644386432015,38.305465886642224
703,11.728383333333332,1270.1633198034608,1043.8201357734577,14043.0,1268.3263473053892,992.8982035928144,-1.606854979527636,detected,1270.0327257006857,1044.0200246717332,45.651883684713084,-8.347882566285534,46.40885289794466,37.549691319057466,-7.596092560963836,38.310311149235396,36.64464741899071,40.36870063809479,263.0427920325654,-2.5421061820719935,2.9918421701157216,38.19330858645722
704,11.745066666666666,1271.0127843780847,1043.79528345642,14014.5,1266.913946587537,992.5964391691394,-1.650683180978121,detected,1270.6885907272058,1043.908757557808,44.75693739509143,-5.66075081640156,45.113496259916765,37.44772336292135,-7.256948669793222,38.14440049419966,36.60587338857695,39.99748591467196,262.9255201965933,-3.333879786330579,2.589659037610952,38.05639177760838
705,11.76175,1271.9115497338355,1043.3707518392248,13932.5,1266.1597633136091,992.8461538461538,-1.684149637266089,detected,1271.369530088596,1043.7824741932511,43.11998358576602,-5.647293209722193,43.48821570303046,37.258228938616845,-7.122481381105348,37.93290609308201,36.58659453223785,39.5548469960197,262.8869615741174,-4.141928779786897,2.4540796379059353,37.853439180573716
706,11.778433333333334,1272.57604192782,1043.4575051036854,13960.5,1267.1352112676057,992.5183098591548,-1.6772032037500653,detected,1272.031394519799,1043.6619166227342,41.39732461020185,-4.778508929357031,41.67220455495928,37.01376369133595,-7.070717741604965,37.68306983221387,36.606762118969286,39.04831568979402,262.8363140250981,-5.352595887390312,2.399743836073311,37.60658162477328
707,11.795116666666669,1272.9262788602855,1043.4211705305077,14062.0,1265.842105263158,992.7046783625732,-1.709580223340246,detected,1272.6880927169736,1043.5530810823195,39.793119575835135,-6.792324146105784,40.36865161090329,36.703662261777396,-6.988995077847594,37.36314863103483,36.52081622904723,38.48652056686445,262.6663191607551,-5.640274345012477,2.2466854194498795,37.29553968306172
708,11.8118,1273.7273911910347,1043.383336887246,14069.0,1265.830409356725,992.719298245614,-1.7254216820742674,detected,1273.3419286366932,1043.451325175581,38.229477370137374,-6.880619784629289,38.84373654290325,36.392978571748756,-6.928111649746359,37.046560168997004,36.398504097733536,37.87904870518849,262.4371631678479,-6.345490683331691,2.078039684935087,36.98823287780792
709,11.828483333333333,1274.295150590656,1043.3303297976752,14094.5,1263.590625,992.896875,-1.779942979635618,detected,1273.975925125876,1043.3511473940127,35.55380867777194,-5.638642868385432,35.99816113210236,36.21645476999822,-6.955120345611959,36.878249621277746,36.349464713830024,37.236292111478114,262.21270928619526,-6.6837805999017155,1.983802068804434,36.82485335315104
710,11.845166666666668,1274.9894733098618,1043.054885783041,14059.5,1263.0,992.9271523178808,-1.805564351518896,detected,1274.5915801980457,1043.2549505782201,34.59604091678966,-6.395932828162586,35.18229673939086,35.95630802973038,-6.954134515860903,36.62261697357988,36.25547097447541,36.56928210586917,261.82499274600315,-7.0093000619658605,1.7705836575882472,36.57979097131397
711,11.86185,1275.6594034925051,1042.7144062860334,14020.5,1266.9074074074074,992.5648148148148,-1.7435740779335311,detected,1275.221193595109,1043.134845561381,35.11884662283637,-7.781602023270807,35.9706368885356,35.55227768686268,-7.378577423224364,36.3098864431481,36.15177412160762,35.88951510545049,261.4504556696309,-8.093239864015356,2.0112202663977223,36.25414247440341
712,11.878533333333332,1276.2198967142824,1042.7896856418638,14071.0,1264.2646048109966,992.615120274914,-1.8047086256567184,detected,1275.8288248169383,1043.0060044092543,32.328755325723705,-7.790086026520839,33.25408036934872,35.23735718418026,-7.359957346840312,35.99778206324397,36.09417833553706,35.208773242771535,261.22944995159776,-8.87033375962754,1.9009794222268512,35.94755333411551
713,11.895216666666666,1276.3939253171343,1042.8960395449944,13992.5,1270.3914590747331,992.2277580071176,-1.688712708845871,detected,1276.4179264498696,1042.8755711636218,32.44243097040953,-6.805208448271969,33.148486983484176,34.93420925459237,-7.363179056185723,35.7017560080327,36.02861657943122,34.53894308994464,260.91071491614014,-9.486824636370676,1.7520462365668417,35.65873968667472
714,11.9119,1277.0456589951918,1042.7015760525908,13969.5,1267.8181818181818,992.2121212121212,-1.7515618230876957,detected,1277.0012897044967,1042.7392681338952,32.203516772277,-5.200235588731175,32.620682743937664,34.58026329085736,-7.347816487224268,35.35229860129242,36.01227361191978,33.89183542632137,260.44240588600655,-8.868198949844507,1.5041525088154595,35.32028512944319
715,11.928583333333334,1277.8690849486886,1042.2685884644625,14032.0,1266.5675675675675,992.3716216216216,-1.7935352554908215,detected,1277.5765783797804,1042.6053887008165,32.518613978636495,-4.098982840831468,32.77593500452739,34.22415031636688,-7.1391949140613296,34.96084336651841,36.05332280662952,33.27900849245362,259.97324939986777,-9.45142212531286,1.0714582217928905,34.944420816164445
716,11.945266666666669,1277.9254962342295,1042.3614184600326,13963.5,1270.391167192429,991.9148264984228,-1.71905304812369,detected,1278.1247423744453,1042.4994577942127,33.45147431651276,-4.038361446080216,33.694354083696275,33.925859394179746,-6.834550702150174,34.60744166987666,36.12593790587409,32.711596534741716,259.7471098862415,-11.048450347075256,0.6868430133034531,34.600625219914626
717,11.96195,1278.9005785681327,1042.3923614808505,14086.5,1267.715133531157,992.1632047477744,-1.7899093642882025,detected,1278.668288277142,1042.3909125052035,32.39426948391201,-4.004764574638557,32.640876745188585,33.608813257421666,-6.529627243710761,34.23723646140342,36.232749834823885,32.20014472824594,259.4081506223911,-12.091962378332498,0.24068515030057647,34.23639045186389
718,11.978633333333333,1279.39594046648,1042.3660554905368,14098.5,1269.025641025641,992.1570512820512,-1.7744748825287873,detected,1279.1875970033848,1042.2901695659054,30.626123440682477,-3.3604856427177765,30.809938343963513,33.28562665227476,-6.224554772894898,33.86263462513501,36.390128472609966,31.754450892128972,259.0787908251188,-10.699080999712214,-0.19443926070023387,33.86207638537972
719,11.995316666666668,1279.941876029044,1042.3432358480509,14070.5,1266.6307189542483,992.5163398692812,-1.8318480697578727,detected,1279.6934648375852,1042.2248606975197,28.809489629305062,-1.8457837701203061,28.868557470491584,32.95098770679876,-5.930713498666235,33.480456291049336,36.57344168280207,31.383413941072284,258.7884386769681,-10.103622655769792,-0.589204495613262,33.47527134347404
720,12.012,1280.497159358793,1042.3305044790193,14140.0,1269.180811808118,992.0,-1.7919591719426164,detected,1280.1723556277257,1042.1600726533834,27.64896297886162,-3.4676829428908604,27.8655697734476,32.656286552831894,-5.781061491548483,33.164042627365774,36.76180302675574,31.09488889747725,258.5196356966893,-9.922068007963036,-0.8342494989757094,33.153548093125615
721,12.028683333333332,1280.5079674912165,1042.1336669387565,14088.5,1267.9415807560138,991.8247422680412,-1.8155721026149088,detected,1280.6441710755412,1042.1140095442304,25.563135497735402,-2.589105293997818,25.693916842299217,32.43702583596675,-5.735829776008505,32.940254830564385,37.00273396045253,30.895548626018257,258.1681892876631,-9.808258943367072,-1.036906581829835,32.92393070462696
722,12.045366666666666,1281.1845362160125,1041.9895432225244,14153.5,1274.9274193548388,991.375,-1.693795183258917,detected,1281.106231603941,1042.0578507838602,24.562681073963176,0.5399292024490023,24.568614635035612,32.30817562947786,-5.793772424268273,32.82355878647832,37.216430611851536,30.790753265488704,257.85245073244795,-9.588532558695007,-1.1345638863919651,32.803944521918304
723,12.06205,1281.555387767047,1042.22382206614,14237.5,1268.521582733813,991.5287769784172,-1.8224481147672285,detected,1281.5589122324452,1042.0053083152004,24.943278082498182,0.9360678820262365,24.96083621557169,32.2799114190154,-5.860040742352361,32.80751070595741,37.41307219732178,30.784429528912003,257.62674974850233,-9.800060919129983,-1.1929913757409665,32.785812942474344
724,12.078733333333334,1281.8177284993546,1041.8606828581485,14205.0,1269.1742160278743,991.397212543554,-1.816290518617037,detected,1282.0027288772626,1041.9546677193982,28.45720722716578,1.157704484925489,28.48074652891446,32.341060156077816,-5.955191287920807,32.88477573733432,37.62392467901114,30.87896339019472,257.6169138561922,-9.947662980579432,-1.11879589182307,32.86573855928407
725,12.095416666666669,1282.5028185156598,1042.268413912474,14251.0,1271.3108108108108,991.1587837837836,-1.7863739028882146,detected,1282.4420729491296,1041.893722512923,29.399783752329313,-0.103201236687255,29.399964883975294,32.4772446786134,-6.226805720379919,33.06878484906693,37.865374881644755,31.075110837397386,257.55376607947346,-8.517507483761669,-0.9191375502359396,33.056008796550515
726,12.1121,1282.6999110478562,1042.7696613888395,14052.5,1275.4915824915824,990.8552188552188,-1.7087643524984402,detected,1282.8936863730808,1041.831321991759,28.89841671231534,-3.46319922917246,29.105192618836373,32.61440640536641,-6.420017166994964,33.24027866307554,38.0775614586098,31.371932006905986,257.41975091897376,-6.512584280571337,-0.8377551128449179,33.229720010403604
727,12.128783333333333,1283.376150261396,1042.2129609916494,14091.0,1275.2203389830509,990.8271186440678,-1.7282004503060149,detected,1283.3438869087493,1041.7533334479206,28.514730083661107,-7.408229798888897,29.46135944754066,32.84560972790729,-6.708271594486662,33.523648163399436,38.23298305866498,31.766753887322466,257.6501899262616,-4.623997050908022,-0.47196691694830584,33.52032567581498
728,12.145466666666668,1284.4729004081048,1042.159542731677,13967.0,1273.7457627118645,991.0949152542372,-1.7778554021997637,detected,1283.7965309962115,1041.675574689696,27.737411048416106,-10.406588085113526,29.625344677185154,33.18636464881043,-6.9749619196702985,33.91142716525899,38.38213406329282,32.25516584452504,257.8425274174329,-3.712126961646894,-0.17049294465350862,33.91099857775481
729,12.16215,1284.2680707041714,1041.7585270761576,13936.0,1271.8542372881357,991.1661016949153,-1.8114120587899585,detected,1284.262629022242,1041.6010569671446,29.061539438812815,-15.638130906037532,33.00188195827685,33.608939368307716,-7.280302907734512,34.38842270141147,38.53326055194644,32.831050613638546,257.95968843838494,-2.9531160462274473,0.1093249179114375,34.38824892246297
730,12.178833333333332,1284.8359411364531,1041.3362812846865,13964.5,1270.734939759036,991.1967871485944,-1.8449502608100103,detected,1284.7531366452333,1041.4947367035563,30.76567706821561,-17.882168553248448,35.585092913079706,34.08911964968462,-7.576286474624683,34.92088480030388,38.715315979417085,33.48665144240957,257.9569930964355,-1.9700673555747916,0.29698892928778964,34.919621888158744
731,12.195516666666666,1285.10167319416,1041.170684967602,13915.5,1275.0332326283988,990.6072507552868,-1.767350336854685,detected,1285.2654106532727,1041.3797368425646,27.394551048783796,-20.911973838793074,34.464069362145665,34.576973153727124,-7.817787702402206,35.44975143824562,38.856292446652176,34.21267415846211,258.06566814937554,-1.2061604446532972,0.4986194929792447,35.44624459141784
732,12.2122,1285.5188863916478,1040.9100268252012,13793.0,1274.7804054054054,990.6283783783784,-1.7812020208221435,detected,1285.7817098624243,1041.265756817576,27.23320882857388,-17.578338405439354,32.413664467271495,35.064229821714534,-8.084697927411838,35.98419866507398,38.950958143011704,34.998421440008705,258.158911166375,-0.7695257903494198,0.7175503636298499,35.97704372295154
733,12.228883333333334,1286.707722876568,1040.4766470362922,13924.0,1276.7142857142858,990.3992673992674,-1.7677686833376285,detected,1286.3190788355414,1041.1494247479463,30.968821809583005,-13.373965550211778,33.73323107577979,35.60665018344877,-8.362653698647138,36.57550429139685,39.03728396347268,35.83195570087067,258.3690163505898,-1.1296649124335072,1.0123662985515391,36.561491061601224
734,12.245566666666669,1287.1689563576483,1040.3685981802666,13866.5,1279.4057971014493,990.1630434782608,-1.7242088427832942,detected,1286.8722568393791,1041.0300046259008,30.760830901610007,-9.104674636628715,32.07995975677519,36.166655119228764,-8.653247501506282,37.187439207823395,39.12091666898695,36.700286741892405,258.70733863190895,-3.23623272504965,1.4035444305864493,37.160943177843734
735,12.26225,1286.8190391546932,1039.0704463536267,13502.0,1276.4551971326164,990.1505376344086,-1.779562838691757,detected,1287.4583838270196,1040.8943729737284,30.692888943318394,-3.235115718187444,30.862913106136627,36.69757011511123,-8.961634266537635,37.775951888479085,39.156148937637404,37.58958049804938,258.7130261621095,-4.435728037537907,1.6057431788489023,37.741808779181035
736,12.278933333333333,1287.806771363482,1040.4339707236682,13754.0,1275.1764705882354,990.1433823529412,-1.8168536735725889,detected,1288.068878156658,1040.7338371347594,31.490793299463803,1.9413060155429775,31.550574189316073,37.23269123633993,-9.268025991696483,38.368862407991536,39.083207897001444,38.48538559730369,258.79441920133434,-5.0846343236864735,1.855917379129365,38.323950385695255
737,12.295616666666668,1288.518702969937,1040.273898239364,13754.5,1277.271255060729,989.578947368421,-1.7891250726926649,detected,1288.6997629365903,1040.577503809907,30.760940213903268,6.705125315198529,31.483235988948902,37.75812299539762,-9.59096137193451,38.95718665629635,39.02764958679312,39.372874826944134,258.5865095588577,-5.443798220054004,1.9294115393861953,38.90937886018226
738,12.3123,1288.7993028802057,1040.3200024460343,13627.5,1283.5232558139537,989.6337209302326,-1.6745150093831684,detected,1289.3501437700531,1040.4062442714967,33.80790775345304,9.14820076349497,35.02376627199308,38.14739978029355,-9.818228420522043,39.39062984156368,38.95225779842297,40.23709879057562,258.64356249026656,-5.075773331861631,2.1143192037307257,39.33384514155491
739,12.328983333333332,1289.2573201685673,1040.8886459965263,13723.5,1280.2948717948718,989.3760683760684,-1.743057597945447,detected,1290.0169436548777,1040.2173713037273,36.6650109200491,8.503007627673469,37.638068022729236,38.54580049247491,-10.015225278898091,39.825663497206904,38.88695650240682,41.063248912449,258.54378426476694,-4.929984422737113,2.1597598499441624,39.76705810571518
740,12.345666666666666,1290.2471781113286,1040.8102748169097,13791.0,1273.604255319149,989.5702127659574,-1.884849981388752,detected,1290.7177642223685,1040.0174361415777,36.82479869858162,-0.4835457847111684,36.82797327734681,38.918935239471466,-10.291421049737531,40.25663755701853,38.78042928155996,41.836926483362056,258.16929434971837,-4.067926249350565,2.093623224951914,40.20215926028223
741,12.36235,1290.6297161616524,1040.9427410948565,13910.5,1276.2543103448277,988.4741379310344,-1.8382150316029475,detected,1291.4093276742062,1039.8104637967888,39.020833913777096,-6.353928239319885,39.53476803266972,39.23985269298503,-10.510978583505437,40.62322870169326,38.59922590495574,42.54441372395898,257.846849566998,-1.9115566129954296,2.0144202230205366,40.573252535570276
742,12.379033333333334,1291.3665283045875,1040.9118776688374,13973.0,1284.5836734693878,988.1591836734694,-1.6986730632337887,detected,1292.1312863828916,1039.5937702172637,42.67746988423369,-13.040278371335262,44.625276421794716,39.58677949692283,-10.666925990738061,40.99873682236896,38.42050250864037,43.172942010676174,257.7151684913747,-1.6861640854319855,1.9997270660902284,40.94993910485117
743,12.395716666666669,1291.9071742033964,1040.3829064109902,13976.0,1282.6749116607773,988.2544169611308,-1.7460845739943356,detected,1292.8699847096166,1039.3712535486375,45.80141045680966,-19.13812901435267,49.63906910895047,39.8820011751093,-10.785343672504048,41.31461794408176,38.248972210055676,43.7109516219078,257.7541025190021,-2.0358658384941495,2.0806576403701076,41.26219237569681
744,12.4124,1292.8541213176609,1039.921745755333,13782.0,1282.19926199262,988.0553505535056,-1.7734065433523505,detected,1293.63073695826,1039.133038796052,48.62776756589119,-21.966018875588816,53.35883960212275,40.10336270040848,-10.804259845796947,41.53326053533499,38.08777796462506,44.14833675201379,257.69966412169003,-3.0355103278843574,2.012776230951653,41.484460494745875
745,12.429083333333333,1293.6377980280129,1039.2099877052144,13827.0,1284.1690647482014,987.906474820144,-1.7533055785442084,detected,1294.4159649329445,1038.8899544106564,52.98850852382793,-25.332510064602047,58.73259828879486,40.227199036712214,-10.758635182512068,41.64103472933456,37.91017745372392,44.476669214951166,257.65190684474356,-3.5202247352261233,1.9071456819497605,41.597338480694496
746,12.445766666666668,1294.5711558905964,1038.899886440514,13796.0,1284.921146953405,987.4444444444443,-1.7561839570707447,detected,1295.1871613659364,1038.6535094766289,53.872435618854524,-24.907171811130866,59.351550334736984,40.259110346883475,-10.757831565580338,41.671655905614514,37.77414285910108,44.689394287191234,257.61287804862377,-4.589695684157686,1.8711795358476948,41.629623984136124
747,12.46245,1295.6002120762992,1038.646025376857,13831.5,1283.2193308550186,987.5278810408922,-1.808421679901662,detected,1295.9655968311329,1038.4048055610865,55.19417748683918,-22.7875729637517,59.7132373098881,40.283453646690575,-10.692519969764541,41.67837114150314,37.747358835933674,44.781992542808986,257.88382786556326,-5.192489904954108,1.9990567305458242,41.6304022704194
748,12.479133333333332,1296.6534474286605,1038.3350351753977,13906.5,1280.7346153846154,987.0230769230768,-1.8716175644155375,detected,1296.7495529538912,1038.176739892513,55.89929634324881,-20.717483642141815,59.6149768106368,40.207233281790465,-10.600298934838378,41.581100823381945,37.78583830684224,44.752102283769204,257.7922201940368,-6.350747283156533,1.858474917019425,41.539547622320875
749,12.495816666666666,1297.6491367573883,1037.6598113275743,13833.5,1287.8593155893536,986.8555133079848,-1.761159733285127,detected,1297.5236385775925,1037.9302431802978,56.614471308283555,-19.689934937851376,59.94073656014983,40.05528036793551,-10.462564181446076,41.39916345295878,37.77632042633338,44.599598194966305,257.78030673074954,-8.039273022193813,1.7473859340912412,41.362269969165595
750,12.5125,1298.151380316731,1037.655518874695,13934.0,1292.061433447099,986.8259385665528,-1.690039009648158,detected,1298.3032263323842,1037.7030045386452,55.689743780708795,-18.009878768566068,58.52950790515362,39.868685082172696,-10.218052339610791,41.15726720515449,37.7436749940577,44.326623065005684,257.6654609224276,-8.92078738038392,1.4654669853286073,41.13116884202778
751,12.529183333333334,1299.2203444333286,1037.2962817397934,13994.0,1288.479020979021,986.9755244755244,-1.7810972998112995,detected,1299.0493947078132,1037.472817415164,53.52457473019649,-15.380126246710006,55.69046941275614,39.686975827221296,-9.691361754156237,40.85313382055739,37.75477208175581,43.93757072894973,257.5870908555105,-8.658313035299258,0.9338865550335722,40.84245828623318
752,12.545866666666669,1300.353681029046,1037.0412070586276,14006.5,1287.8326848249028,986.8599221789884,-1.8153187094082408,detected,1299.7981036390568,1037.2473781683047,51.99069337731089,-13.509662393115832,53.71725212470875,39.47390100591142,-9.217245370061308,40.53574315140172,37.78733461437703,43.43901975218211,257.49063011627163,-8.548234963579139,0.44841534293720287,40.53326284074143
753,12.56255,1301.284140386327,1036.5213369897283,13857.0,1289.7333333333331,986.2222222222222,-1.7965250099272083,detected,1300.5580971437087,1037.0879337430486,51.084855853407134,-12.188139452929136,52.5186942039445,39.31841607061227,-8.968989752900002,40.328409582940495,37.86376639225305,42.83961874142494,257.39711700738894,-9.318473783288155,0.17391149502606318,40.32803459482379
754,12.579233333333333,1302.0016632563927,1036.7242225173804,13928.5,1293.2784810126582,986.0,-1.7411031613970085,detected,1301.2900579579593,1036.9355813993593,50.70816046456821,-13.243057762420449,52.408931649092054,39.01315237070883,-8.788049647698216,39.99069734964061,37.89990040945227,42.14992550044591,257.17077523647873,-10.131805711990154,-0.0940422993948129,39.99058677434576
755,12.595916666666668,1302.6155114337223,1036.7280695511909,14052.0,1292.0137931034485,985.9862068965516,-1.776767667286968,detected,1302.0090095030105,1036.7840642265621,46.83027796979877,-12.920776451335314,48.58005144947874,38.69819248500207,-8.663589011246255,39.6561202863071,37.907526251392646,41.38220352582273,256.7936051265012,-10.923851564733107,-0.4065042940703183,39.654036748116326
756,12.6126,1303.498259991686,1036.3124294791853,14032.5,1292.5449101796407,986.2275449101796,-1.7861022231532,detected,1302.7113605207985,1036.6236279371349,43.3740218269495,-12.01451827355777,45.007270732519935,38.289860524062306,-8.472060572803375,39.21593081008526,37.934894611002136,40.55018057525684,256.60516542401746,-11.400844060114865,-0.628643734876773,39.2108918077107
757,12.629283333333332,1304.313395905452,1035.9803956556393,14010.5,1289.003663003663,985.9084249084248,-1.867524128053061,detected,1303.38582898821,1036.4717832720517,41.19404595214792,-12.585482118371601,43.07370174549113,37.87751299972168,-8.326758529419894,38.7819661524703,37.9974849395021,39.66877525257881,256.307672356106,-11.60670551416774,-0.8757931562706318,38.772076098640646
758,12.645966666666666,1305.116189315458,1035.641060568042,13948.5,1281.0405405405406,986.2432432432432,-2.024299360276148,detected,1304.071551204386,1036.3261510785621,37.967626910621675,-12.890370453078958,40.09616370230167,37.50673973115444,-8.282463092708026,38.41034652463617,38.06517485260915,38.75379871363612,255.86151682901436,-10.771124365611408,-1.1300633735983396,38.393719237842554
759,12.66265,1305.4789750563648,1035.486382993952,13971.5,1288.5155709342562,985.8235294117646,-1.8999426140921336,detected,1304.730510603412,1036.181726836704,35.36395357934771,-10.566044283674728,36.908677903263275,37.15272854738481,-8.226168899000115,38.052530707832545,38.18960736286122,37.821639629372996,255.67200624764735,-10.278765064662009,-1.2239825491522343,38.032840545900726
760,12.679333333333334,1306.0801806956065,1035.5392857994232,13983.0,1288.876811594203,985.6702898550724,-1.902984171582632,detected,1305.3439752912125,1036.004980474842,31.279299219404948,-8.43447274950313,32.39652589737328,36.64612323742722,-8.37341747643281,37.590590159870246,38.37647577400759,36.88894134092171,255.37312093296663,-10.096257480703633,-1.1519585366528435,37.57293520736923
761,12.696016666666669,1306.6978584729982,1035.0492049849593,13962.0,1294.4018126888218,984.9546827794562,-1.8114945751419045,detected,1305.9432243296112,1035.8714410661503,29.792546837658392,-6.677594821714138,30.531723169140854,36.22605164427696,-8.291425822675734,37.1628115177896,38.53979127317651,35.97228057623027,254.96226067374903,-9.961315843544634,-1.3915511225258292,37.13674925703854
762,12.7127,1306.858955973039,1035.2676275156557,13946.0,1292.718954248366,985.218954248366,-1.8461449290559335,detected,1306.5282356221664,1035.7300675724528,29.052504007501284,-4.848419557422858,29.454289353346798,35.82114725184418,-8.155381217163546,36.73778481666482,38.72766869651564,35.08785700385016,254.56892504020269,-9.358823849321817,-1.669864006253249,36.699814542258764
763,12.729383333333333,1307.5115985519672,1035.358554825188,13996.0,1295.1073825503356,985.2919463087248,-1.8136602465880935,detected,1307.0847331480281,1035.596746477323,29.165448483547607,-3.8687341120698875,29.42091923914619,35.36771644083076,-7.971835574661511,36.25500694619227,38.83034625961905,34.25120210058805,254.5563723092646,-8.458237984702484,-1.7340785866995887,36.21351267308378
764,12.746066666666668,1307.7511562811596,1034.9640922141732,13873.5,1301.8943396226414,984.9471698113208,-1.68736219334379,detected,1307.6139439947494,1035.4999504592226,27.517452188738844,-1.4589508044946342,27.556101183031384,34.90519015313173,-7.707320481630623,35.74598003458357,38.92082519061272,33.47691418784183,254.4707856038337,-8.197435496723589,-1.9191979893246165,35.69442208119665
765,12.76275,1308.581757415733,1034.9488808011608,14013.0,1306.7574468085106,984.063829787234,-1.6066325803686683,detected,1308.1384266227772,1035.4098306893416,24.73911314234465,1.9441691779898065,24.8153886300895,34.48689755004653,-7.394588009727084,35.27075324487705,39.08653809732093,32.778424066225185,254.23159125611699,-9.709085598405979,-2.2554882087986465,35.19856257577822
766,12.779433333333332,1309.0205761316872,1035.04112833764,13932.0,1299.547703180212,984.9575971731448,-1.7577295308017324,detected,1308.6327946192848,1035.3499001136054,23.846035841890625,1.335971089333725,23.88343032573562,34.0584319072034,-7.0789264191868835,34.78631890881633,39.292266900296916,32.16779266147913,253.79274031748923,-9.575362295820446,-2.708545499912951,34.68071170695281
767,12.796116666666666,1309.4073397125758,1035.017895327862,13951.5,1295.7859531772574,985.809364548495,-1.8408439931940517,detected,1309.1133044080718,1035.3001978574264,22.21997251834864,2.8731119329981993,22.40495371331317,33.64631670168816,-6.704167925174064,34.30773229403587,39.482547485846474,31.655538920692734,253.76035502297304,-8.918763127199497,-2.9727031460087687,34.178699963060936
768,12.8128,1309.5859692671395,1035.4133333333334,14100.0,1294.7459807073956,985.742765273312,-1.861122690137022,detected,1309.5620297889454,1035.2712929819163,20.70681304879281,3.3121666114025174,20.970039444391748,33.28498599287411,-6.480163816994733,33.90992208249546,39.640924517798695,31.250493518712407,253.74380140020855,-9.0266919270773,-3.0964777525881404,33.768249009515436
769,12.829483333333334,1309.578342214328,1035.5775251628183,14075.0,1295.5427631578948,985.2302631578948,-1.8426691155196624,detected,1309.9997112041017,1035.2595005107473,18.831560566332882,3.5494285364788993,19.16314473929147,33.00727238231041,-6.396376867920845,33.62132756386197,39.78105039301167,30.95967252542327,253.51260820672428,-8.45937327478868,-3.234235328629455,33.465405854337845
770,12.846166666666669,1310.1525725959775,1035.1958526706107,14113.5,1293.7905405405406,985.641891891892,-1.88971175659413,detected,1310.4221682522862,1035.2395744342155,18.744015315119213,3.2764479472289167,19.028221705780187,32.800110372268186,-6.430793455005207,33.42457695908675,39.795294280753794,30.788165701843116,253.30166087611218,-7.460589317066382,-3.264933868143083,33.26473435532839
771,12.86285,1310.631449315964,1035.496358033338,14278.0,1290.0538461538465,985.9115384615384,-1.964164820157846,detected,1310.8375349000464,1035.2206802590413,22.081090043951008,7.299053679906592,23.25619749983282,32.68462950031073,-6.526675144351241,33.32990390043864,39.77632225907092,30.739036742904396,253.0903576552993,-6.266172708811126,-3.262264281031567,33.16986773825274
772,12.879533333333333,1310.7870236457488,1035.16508518819,14174.5,1293.261194029851,985.089552238806,-1.9074603487969355,detected,1311.2557792845305,1035.2042251655446,25.144711033022304,9.40579380544068,26.846330290091043,32.65997600988311,-6.68559185674962,33.33723401005514,39.688566681488886,30.813237079415124,252.8666042067735,-5.720278570590046,-3.232648108563927,33.180131971518364
773,12.896216666666668,1311.215818890611,1035.5592973556902,14194.0,1289.571942446043,985.7158273381294,-1.9804646680695928,detected,1311.6798997896556,1035.1764734926933,27.56990491781653,4.9704417141142585,28.014370383980634,32.73971098810433,-6.865817322767188,33.45187772150032,39.55475896685364,31.009539629177926,252.61467669146742,-6.1031595262812806,-3.230340568463623,33.29554058587948
774,12.9129,1311.4911073067503,1035.599424590437,14019.0,1292.953488372093,985.0852713178294,-1.9225161580030723,detected,1312.1240551929548,1035.1300371986495,27.797000395845316,0.4308143048410784,27.800338702466924,32.85362228084828,-7.155016849065658,33.62372321863038,39.36277352748664,31.324502645927577,252.59834223066565,-5.717391631396719,-2.9979365864355083,33.489806498497046
775,12.929583333333332,1312.5269333915808,1036.7217226691907,13734.5,1296.31654676259,984.726618705036,-1.873013778643548,detected,1312.5562088512252,1035.0698534214876,29.026700093174895,-6.042426071119735,29.648949916043687,33.01885792259642,-7.382200606812871,33.834034112293445,39.15696856716825,31.75247524917586,252.81682181350158,-5.086468589177869,-2.7019838916611745,33.72597140722621
776,12.946266666666666,1312.8516363636363,1036.6914666666669,13750.0,1296.4505494505495,984.945054945055,-1.8777312197448552,detected,1313.002619831998,1034.9956907968685,29.767277047327752,-8.856732881175958,31.056923545980357,33.291959351327975,-7.651212533239594,34.15985378597626,38.966619468154114,32.28565473160032,252.79588693873774,-4.681459748047084,-2.538108048238356,34.065431425636525
777,12.96295,1313.3296570405844,1034.9784017800996,13782.0,1294.1610486891386,984.9812734082398,-1.936905898192545,detected,1313.4740354406779,1034.9012733511317,30.3780570044014,-13.811735682430026,33.37050179311021,33.66230224293474,-7.904092075028003,34.577814618989585,38.794551404297245,32.91420168977383,252.83018045109998,-5.092473538429733,-2.385435547377943,34.49543391631008
778,12.979633333333334,1313.725038123593,1034.6383341805242,13771.0,1295.8539325842696,984.5805243445692,-1.9137018468290377,detected,1313.9708326547884,1034.7772981595629,29.699932024754162,-18.08417079508672,34.7724488010391,34.08448258744802,-8.178040916619288,35.051851684154244,38.63330924715197,33.62641355899553,252.78884238728864,-4.781304649097784,-2.2735619147181607,34.978039148984465
779,12.996316666666669,1314.2948260806288,1034.3967399214089,13742.0,1298.373188405797,984.641304347826,-1.8804974170429527,detected,1314.4851101374622,1034.6440830074391,29.309229209032765,-20.832701315142458,35.95875916815759,34.54307144866305,-8.349210061814182,35.53776996047641,38.41515132605599,34.408951709820215,252.72122022535655,-3.167478259574865,-2.287608635057449,35.46406548178804
780,13.013,1314.6093904629256,1034.7369790712164,13641.5,1296.174721189591,984.9405204460968,-1.9253525097874944,detected,1315.0215623312668,1034.511938036597,31.269642094839128,-17.441789720330235,35.80511898301069,34.98647234879893,-8.515855397933414,36.00795801724646,38.21051472880918,35.247113087679764,252.78041081403467,-2.5281564580573814,-2.223056734149857,35.939269042769
781,13.029683333333333,1315.3769261064342,1034.425515679614,13542.0,1298.921161825726,983.8340248962656,-1.885270089825844,detected,1315.5789891139,1034.363364578413,33.60811534302411,-11.373956648584226,35.480590563770015,35.50796927062063,-8.721819048927163,36.563451823447515,38.04686947248545,36.12513505012149,252.96474465642223,-2.550834443017487,-2.063271299247484,36.505190326736674
782,13.046366666666668,1315.665858882565,1033.9186708279788,13617.5,1304.9580152671756,983.4274809160304,-1.7797736161946751,detected,1316.163366225186,1034.204678538496,35.772688016874326,-9.644688707489877,37.050036818024985,36.07080162553276,-8.983485770388537,37.17264782733818,37.884036441280664,37.026521544873354,253.0247596706936,-3.4066363762366105,-1.9390899414288771,37.12203761506579
783,13.06305,1316.5061858288286,1033.8397126582738,13781.5,1301.1690140845071,983.4859154929576,-1.86645713272524,detected,1316.78187831887,1034.0308137414713,37.259523899743726,-8.320028338780958,38.177152759126656,36.64279484374594,-9.288796924666778,37.80180104530144,37.71055645405584,37.93437961071665,252.73229213459047,-5.528561976378571,-2.0067924381632576,37.74849594856308
784,13.079733333333332,1317.0535401459854,1033.533309002433,13700.0,1302.537037037037,983.1962962962964,-1.8515645593490224,detected,1317.4248750311933,1033.8313728967,39.10191400578424,-8.52044131280718,40.01946525230862,37.1330916820175,-9.531420591459087,38.336855326909735,37.56071276498268,38.831756752733455,252.48516598484514,-6.0136580044014245,-2.0857695124866176,38.280073692421084
785,13.096416666666666,1317.8739228198117,1033.4439258584016,13712.5,1304.8283261802576,982.4763948497854,-1.821375519215383,detected,1318.0854099570124,1033.6252166974386,39.153144349444574,-5.610147801824951,39.55303364859344,37.640380963261464,-9.731723701198572,38.87807512282374,37.456308958443095,39.70197149307308,252.2618905560691,-6.792635795794944,-2.198700199739628,38.81585298157946
786,13.1131,1318.488449925425,1033.6876447548716,13744.5,1306.7282051282052,982.0820512820512,-1.794856969401634,detected,1318.773915034689,1033.3990388931936,40.41889153316151,-4.682587261342178,40.689229732566325,38.11773030624688,-9.989804500730225,39.405044825029464,37.38198589818908,40.5289309575605,252.0571272674523,-6.087789949507681,-2.238933223600638,39.34138705845078
787,13.129783333333334,1319.114317991327,1033.688786851791,13720.5,1302.8520408163265,982.6122448979592,-1.8790384414830068,detected,1319.479305895963,1033.164788149555,39.80306810296497,-4.485102013520645,40.05496686406013,38.46703608671058,-10.148419853295591,39.78320362684556,37.344179952977804,41.29743054532344,251.74608122458807,-5.308245380175484,-2.411253974678589,39.710063524057155
788,13.146466666666669,1319.838380545292,1033.371742857833,13803.0,1302.7596566523605,982.0815450643776,-1.8922308453411256,detected,1320.1989877348585,1032.921429494069,41.466601970761076,-7.108799633247145,42.071535641418905,38.83725187064022,-10.2222973412863,40.16002360304606,37.30877926890802,41.99343150118598,251.62065359836805,-4.738911417738759,-2.544801062583849,40.079314906184315
789,13.16315,1320.382825504813,1033.4686497310076,13817.0,1299.2048780487803,982.0487804878048,-1.961487509230696,detected,1320.9271916506918,1032.6726129955066,43.02372496203043,-13.010507974382108,44.94790570604931,39.125983044187706,-10.374591128902185,40.47807666213848,37.29673190047748,42.60431261672481,251.79010111028066,-3.1826878553292923,-2.371820452147219,40.4085282831327
790,13.179833333333333,1321.1706978540565,1033.0447172134116,13809.0,1308.048,980.964,-1.817626793686324,detected,1321.6771716761323,1032.408239166993,45.82536543087781,-19.019244913617058,49.61547937849275,39.440313874235116,-10.44290177310373,40.79941857356396,37.353711157218996,43.11909243527953,252.10182113678616,-0.42302337800951395,-2.1835396467244,40.74094636299038
791,13.196516666666668,1321.7871113038032,1033.150372136715,13839.0,1304.0497925311204,981.2240663900416,-1.899956141988392,detected,1322.4370286320827,1032.1465623025924,48.693682785802594,-23.225472384362092,53.949025113723174,39.720771852895034,-10.472276391249057,41.07807553189963,37.42101463801818,43.528618383232086,252.2177132271603,1.1935779202819903,-2.1588094998292977,41.02130947383198
792,13.2132,1322.837425460515,1032.350993457425,13807.0,1302.307317073171,980.8097560975608,-1.949856984184727,detected,1323.2090373147455,1031.8808656820095,50.93563369957701,-26.462593101884522,57.3995436746094,39.92984692792004,-10.455763860499008,41.27609082257721,37.474046511315336,43.82571936691892,252.24740800687624,2.0638252994352637,-2.2170237993612876,41.21650736133167
793,13.229883333333332,1323.7094131235112,1031.541495223658,13853.0,1308.9958158995817,980.142259414226,-1.849601376066163,detected,1323.9813405598452,1031.6234088187575,53.06493717405692,-28.48094046182223,60.22500748755844,40.045853879821806,-10.309779563860623,41.35168639389979,37.55870930890959,44.00531871071775,252.3499809492148,2.344471149742593,-2.3175188387856025,41.28669366819425
794,13.246566666666666,1324.6593438358143,1031.1284867755455,13838.0,1311.5653846153846,980.1923076923076,-1.8224141959666529,detected,1324.7405201921056,1031.3801634086626,52.3120202860282,-28.203593084142994,59.43054878815898,40.0560105768723,-10.113250848742268,41.31297406462154,37.63569759686499,44.06450495435889,252.45677838006344,3.019350004583199,-2.431007448054414,41.24138732937577
795,13.26325,1325.604226115225,1030.6960568298116,13842.5,1313.7315175097276,979.5836575875486,-1.7990350309123564,detected,1325.5069930690092,1031.143524207201,52.39676914613301,-25.8398813501708,58.42192127227639,40.01852190629603,-9.99471551970546,41.2477445914869,37.716529441093535,44.0025589854321,252.49788615246888,3.2946780143529777,-2.5031909903796663,41.1717192833894
796,13.279933333333334,1326.4440867216515,1030.1892514349106,13822.0,1313.2654028436018,979.1563981042656,-1.8235143845587185,detected,1326.2775967811149,1030.9125457446237,51.4444102536595,-20.593614068210627,55.41321400836834,39.90961466008879,-9.739312574397642,41.080792978453985,37.718809237662626,43.82093719433841,252.36457972467548,3.1178982166675318,-2.8093812116939834,40.9846181993437
797,13.296616666666669,1327.3432606619026,1030.0156709108717,13783.5,1311.814479638009,979.447963800905,-1.868743934307174,detected,1327.0258048792582,1030.6842048181632,50.75154520783917,-15.47495853137525,53.058398793509845,39.748400847980115,-9.511420838759475,40.87055781786804,37.71481584622475,43.52321169238132,252.40140580403664,3.019977429996316,-2.9515218638589715,40.76384445842733
798,13.3133,1327.8176481246603,1029.6300175152503,13797.5,1311.1984126984128,979.7301587301588,-1.8922934371884528,detected,1327.7800151876263,1030.4767005457304,49.26694508355649,-11.24267291111164,50.53345003116663,39.45955538881379,-9.173989351052342,40.51195616229961,37.67309810031792,43.11497000190111,252.23785041324032,2.5526392818031236,-3.3011028488074814,40.377237548867555
799,13.329983333333333,1328.901139406164,1029.7223883105812,13881.5,1309.6486486486488,980.3629343629344,-1.9426929106131632,detected,1328.5084095526618,1030.314989560756,48.027587149590545,-6.346272990176203,48.44506484955258,39.136198745637856,-8.951276852207853,40.14682315629641,37.662546841262326,42.60367790040097,252.23822464444245,2.1535463459853155,-3.414292425400788,40.00137518607065
800,13.346666666666668,1329.8036965073882,1029.4810976779888,13896.0,1313.7758620689656,980.198275862069,-1.8852285740871704,detected,1329.2476959461214,1030.1948503603887,46.24269700281275,-3.3428213534984934,46.36336356106352,38.825862543630784,-8.478426892479273,39.7408017637796,37.698259224918885,41.99851020362941,252.3189774054968,2.1612304842298,-3.7141700501791224,39.56685817279886
801,13.36335,1330.5598885124582,1029.5310675412672,13873.0,1310.848,980.2,-1.950943738465381,detected,1329.9527299757078,1030.1086468774247,45.2291607215343,-2.2665609563914586,45.28591699572196,38.54000570228512,-8.037081619205855,39.36910870830004,37.78698467797148,41.31015516264589,252.5697298404835,1.174764141736495,-3.876425152623516,39.177800455386134
802,13.380033333333332,1331.2023877951813,1029.616144561,13918.0,1314.7984790874525,980.0342205323194,-1.890305294749051,detected,1330.662446750903,1029.969764628616,44.54358614978446,-2.572849259783652,44.617828503826125,38.12328793226384,-7.730791490568728,38.89923160985244,37.89845307659091,40.550598803392916,252.527458918035,0.4383176975638448,-4.072367401129703,38.68547587386202
803,13.396716666666666,1331.9495899922188,1029.8172622254144,13922.5,1320.3731343283582,979.5298507462688,-1.7970602015546355,detected,1331.349807318872,1029.8549505998583,41.44057653357049,-4.813493963823021,41.71919351538898,37.66717680930033,-7.555521542289081,38.41747147534683,37.97295886210135,39.732895938267596,252.52451522534727,-0.24485627841795712,-4.1045662777224505,38.197573878858734
804,13.4134,1332.454529109281,1029.5562827382023,13904.5,1316.7173913043478,979.9695652173912,-1.878108108175495,detected,1332.014296121722,1029.7661079310822,38.27603493343213,-4.611726787221414,38.55285818438488,37.222824238233564,-7.514585586449711,37.973775698585804,38.13018686153796,38.87093470550997,252.7198009420827,-1.5016583050704848,-3.8814464756629583,37.774886023164505
805,13.430083333333334,1333.3103105976345,1029.4225658689438,13935.5,1313.6255319148936,980.2127659574468,-1.951317747045154,detected,1332.6422535534398,1029.7032028926542,36.622804810082016,-5.189473130265014,36.988653172657,36.77957785528288,-7.439143002886903,37.524368027059644,38.24912176084356,37.97920129218397,252.68793439911485,-2.634250996870482,-3.84258080575497,37.3271050120614
806,13.446766666666669,1333.984971641198,1029.101886974218,13840.5,1313.2820512820513,980.3589743589744,-1.9724442225193244,detected,1333.2636810353101,1029.640228592895,34.615342954525204,-5.781769635444107,35.0948832164568,36.32502177007923,-7.395058780069783,37.0701241022662,38.4178298418342,37.07255087076595,252.63910221853888,-3.1513491232632838,-3.780833810570549,36.87681380833035
807,13.46345,1334.4474513327343,1028.871434561246,13912.5,1314.1541095890411,979.9554794520548,-1.964048247991492,detected,1333.8550067307965,1029.5625151872043,31.255158813761682,-4.625990493510926,31.595644328285474,35.82530890094663,-7.376928182313826,36.576930260141594,38.519281128867995,36.165989600693585,252.7991310011194,-2.86506727373198,-3.547364509430996,36.40450565922426
808,13.480133333333333,1334.7351396384977,1029.1775395129257,13803.5,1318.1099656357387,979.9450171821306,-1.8964598903818104,detected,1334.4399025849195,1029.5347775983107,29.544777249809158,-1.1289061330185177,29.566337138678634,35.32590677856495,-7.595644536525158,36.13327421716866,38.54157572083749,35.27447071784784,252.84594521931064,-3.5037777246723127,-3.16133716287045,35.99471423689539
809,13.496816666666668,1335.443649395323,1029.1478671508876,13905.5,1317.06993006993,979.93006993007,-1.9280885152488063,detected,1334.9990745138666,1029.4469737561508,27.28072789875523,-0.025025312029356428,27.280739376933393,34.83510586783241,-7.58249628397085,35.65079032391181,38.505278097705265,34.41270525240728,252.6739888856664,-2.797272195794386,-3.1357373326387608,35.512617505616504
810,13.5135,1335.8197510313382,1028.998456008299,13817.0,1321.872950819672,979.983606557377,-1.8480121585174771,detected,1335.5318229652773,1029.3613330020107,26.793316222152953,2.276963553710175,26.88989321669406,34.44832666120986,-7.556936524169173,35.26747083911383,38.50634742797632,33.594984923265145,252.66993428891863,-2.259554821778593,-3.047437696809939,35.13556065970495
811,13.530183333333332,1335.9930734672623,1029.196413218537,13763.5,1324.2295719844358,979.7937743190662,-1.804558058374625,detected,1336.0486987069798,1029.2991156530147,27.464060282601622,2.7540239149006993,27.601798037994207,34.06223371331335,-7.518025573575424,34.88203655272029,38.478612393640674,32.835011616016175,252.67151241695333,-1.1039960150541015,-2.968617221391561,34.75548569446515
812,13.546866666666666,1336.669605646696,1029.42599551926,13837.0,1321.8256578947369,979.8388157894736,-1.8616571563171835,detected,1336.5555522347715,1029.2266688493567,27.595295746289594,2.2427816722006355,27.68628571972679,33.64971061840405,-7.359766705893574,34.445162079274844,38.49072443920087,32.14572519465656,252.43375379600946,-0.009554045891165371,-3.139191217369633,34.301817286673064
813,13.56355,1337.0798801617095,1029.0555034170757,13852.0,1321.5261194029852,980.0074626865672,-1.8778780531850603,detected,1337.049552124207,1029.160782285402,26.71799883165795,3.647168277929268,26.965780129935222,33.25411199913491,-7.2540478668783726,34.03611574939143,38.50279281210585,31.539120106597824,252.19325756634098,1.043228307260636,-3.262820585313163,33.87936211226575
814,13.580233333333334,1337.6110950870109,1029.3972815113932,13868.0,1324.6007326007325,979.6959706959708,-1.8268225419528603,detected,1337.5202464711733,1029.1136756586252,27.29424128653045,4.146250469705592,27.607372210423744,32.87584546866927,-7.139433724125144,33.64212729868605,38.46979006062166,31.026042280613602,251.97350480212907,0.8401498468419747,-3.3846684915775347,33.47143182451446
815,13.596916666666669,1338.132793667926,1029.3351202254603,13897.5,1325.7791666666667,979.6541666666668,-1.814512678749731,detected,1337.984398888579,1029.062057650793,27.11390472100493,1.9129267041562343,27.18130088489525,32.509107309963206,-7.060405509312651,33.266971368710976,38.405074025235486,30.615961909285016,251.99350167958497,2.004520915911307,-3.334776023030548,33.09940562793925
816,13.6136,1338.4566373988364,1029.4341710805395,14065.5,1325.7509157509155,979.3076923076924,-1.8190412532127664,detected,1338.4231909617283,1029.0410836935564,24.929341268903954,1.92450811923527,25.003515504874116,32.20140978286016,-7.037323547687206,32.961412510972806,38.34684892399095,30.316724906963593,251.86309114349973,2.6476453622968785,-3.3362570429869516,32.79213478353666
817,13.630283333333333,1338.8469380530971,1029.671610619469,14125.0,1323.5907473309608,979.7010676156584,-1.8671117531136328,detected,1338.859863450422,1028.99590035232,25.0099129967889,2.333264748289821,25.118516526510124,31.984280621982755,-7.086017500487633,32.75982067904155,38.24977666762192,30.134295159948618,251.50955469895888,3.6173837462930867,-3.4234900572454015,32.58044761434226
818,13.646966666666668,1339.3529990516831,1029.6056661925084,14060.0,1325.4370078740158,979.1102362204724,-1.8397101565847456,detected,1339.2938148904068,1028.932197164762,22.90358677952736,1.210835582164691,22.935570849106337,31.82360589930346,-7.2612846080961235,32.641509563651546,38.09161933723839,30.072509021771253,251.4126325565586,5.243508438026815,-3.261258488601529,32.47818251787621
819,13.66365,1339.670875331565,1029.2230946065429,14137.5,1325.8542510121458,978.7692307692308,-1.8380900118235584,detected,1339.7237634911558,1028.8562667787537,22.787795621267833,-3.0347433952565552,22.988982072978498,31.765831322403503,-7.49572824667562,32.6382288360046,37.925366544560305,30.132870004647348,251.52800772105923,6.5582138237617364,-2.9551812246976636,32.50416720176963
820,13.680333333333332,1339.915445081793,1029.5935958265468,14121.0,1327.3234323432343,978.4356435643564,-1.812138658418815,detected,1340.1553174467758,1028.7783920833053,22.645160080317055,-5.766786570331533,23.367907531718394,31.80242966902463,-7.864434964636216,32.76040094635978,37.75258411490964,30.314412648394036,251.54968534339844,9.079932874255341,-2.604711296424666,32.656689195760926
821,13.697016666666666,1340.6172234067756,1029.5053067993367,14070.0,1325.7325581395348,978.6434108527131,-1.8554951942646971,detected,1340.5957843280594,1028.6809460181503,24.900447889231145,-9.498687245461497,26.65065410963507,31.880987782664796,-8.325906243666271,32.95023667254521,37.61824522017631,30.613658882688394,251.71361507017474,10.870703609276106,-2.0977481911851577,32.88339321455623
822,13.7137,1340.544012944984,1029.6050701186623,13905.0,1327.376984126984,978.126984126984,-1.821206891433136,detected,1341.0425914945292,1028.54970031721,24.426143343230706,-8.821272740517998,25.970200834546112,32.045689903356575,-8.714635880205664,33.20950345769502,37.54037187346863,31.024678798153047,251.94336307239195,11.790295392941232,-1.64733954524422,33.1686205973256
823,13.730383333333334,1341.2441593808228,1028.5336701543165,13954.0,1325.918819188192,978.2841328413284,-1.866819945728608,detected,1341.4938549213987,1028.3940240979446,25.07197633618398,-10.759922642092533,27.283327008742628,32.18451620613784,-9.138452623740072,33.4567541728048,37.49611022278783,31.53925358641066,252.2094614220818,12.217605394047368,-1.1321445159357744,33.43759334304022
824,13.747066666666669,1341.4935844146455,1028.7742316357635,13833.5,1325.9628252788104,978.0111524163568,-1.86769916642094,detected,1341.953282415809,1028.2309278207886,26.562916814363234,-16.74215199237642,31.398856715215203,32.47440560143724,-9.53806724961753,33.846148171171336,37.477046492835825,32.147125337867024,252.39711707231658,12.14321247940908,-0.7293884106317083,33.83828805615499
825,13.76375,1342.5290583560725,1028.2599813298866,13926.0,1320.662447257384,977.9451476793248,-1.9807664756154295,detected,1342.435156283578,1028.036631507783,28.943077538833222,-20.39055691623298,35.40447074555767,32.81254592787508,-9.890616189592121,34.27079600591053,37.4861701246096,32.83630955431522,252.70594499213445,12.433281567717003,-0.3108983136703358,34.269385770936864
826,13.780433333333333,1342.3762066076567,1028.7730666958073,13726.5,1325.1666666666667,977.3409090909092,-1.8936923928210307,detected,1342.9223986124255,1027.8454903943573,31.71437159971356,-22.408883624791997,38.832453325462055,33.25377534393063,-10.274748409041562,34.80494260150002,37.46126070014055,33.59344304399728,252.8411016900692,12.412099336495205,0.006803434338188197,34.80494193655539
827,13.797116666666668,1342.906262197502,1027.9761904761904,13664.0,1324.888888888889,976.8683127572016,-1.909728713686635,detected,1343.4284448395902,1027.6383715603322,32.342364196565995,-20.74406560606485,38.42323229105064,33.709281129672846,-10.579961393195099,35.33059888200052,37.38136846981048,34.40414183838416,253.00399631182472,13.310612802319978,0.26449160779500147,35.32960885079571
828,13.8138,1343.6087209937707,1027.035129260622,13725.5,1320.288537549407,977.699604743083,-2.012354485611826,detected,1343.9587008810227,1027.4329171787067,32.994570461850344,-28.597375331007697,43.66293114055142,34.18837329554469,-10.84423983528143,35.867009998055565,37.313631594049525,35.25334917527117,253.5160749024327,14.248215692714409,0.697709507940159,35.86022319566831
829,13.830483333333332,1344.5099978106985,1026.6090515458902,13703.0,1324.3474576271187,976.9322033898304,-1.95635620263052,detected,1344.5058063649385,1027.209088204602,33.11644047900927,-25.23097602547432,41.632929048985055,34.65579313164051,-11.102820974771804,36.390886650106424,37.299066297590436,36.12566035106041,253.7284238877577,15.427224848280714,0.9478660855611398,36.37854011728256
830,13.847166666666666,1344.8792943020153,1026.381204241044,13613.0,1326.3975409836066,976.5901639344264,-1.9262193171725408,detected,1345.0887260943962,1026.9713392517149,37.660734456825594,-22.259698091228074,43.747286532311385,35.124298577779626,-11.337399854720298,36.90871151973235,37.23458050845921,37.00561763668049,254.28873974444457,13.531162634283639,1.402522057437121,36.882054144600275
831,13.86385,1345.4999633753296,1026.3971823420256,13652.0,1325.8288288288288,975.9054054054054,-1.942297221690724,detected,1345.6993420704052,1026.720461992333,38.73069171377165,-16.300630565579922,42.02114988268096,35.580586298894474,-11.609911510529537,37.42683751875656,37.193088225934105,37.8779734612532,254.75564369655294,11.297891643777032,1.845972737066539,37.38128611095946
832,13.880533333333334,1345.869827414702,1024.5525465035312,13404.0,1325.4324324324325,975.936936936937,-1.9687536747694163,detected,1346.3120291345158,1026.457453685816,38.19264129541807,-9.133601379642187,39.26958776563201,36.089385651681056,-11.904599536628146,38.00214792407463,37.1837437010184,38.72792337068195,254.77551433567402,11.09417347419108,2.009671014850067,37.94897191302184
833,13.897216666666669,1346.5817463520834,1026.064298731638,13626.5,1333.011673151751,974.5953307392996,-1.8285853019183305,detected,1346.9362744296047,1026.2044131337495,37.76405011336192,-6.0200958189243465,38.240881718829925,36.54971225385017,-12.165280578302252,38.52110483083349,37.23808081471442,39.54131200332021,255.12927741195125,10.26037795227443,2.377753116319962,38.44765022086388
834,13.9139,1347.6661571125264,1025.9307491659083,13737.5,1331.4146341463415,974.9065040650406,-1.8791433659190144,detected,1347.5971054347633,1025.9247649234808,39.28428749898558,-5.033379289849108,39.60543083187502,36.955946207851134,-12.296981055181911,38.94814120326013,37.312647541579985,40.304815829848394,255.59678028916042,8.012967797944745,2.7178953565606783,38.85319482384782
835,13.930583333333333,1348.272042853308,1025.454779510457,13659.0,1334.4661921708184,974.5658362989324,-1.8357135837190797,detected,1348.2672701936594,1025.6469649635,39.087371669786535,-4.3638325490028365,39.33021305011921,37.33437538308369,-12.4662971047641,39.360692940410175,37.37302401621348,41.006106043467526,256.10626664659634,6.590107997844072,3.1367674962529843,39.23550481927951
836,13.947266666666668,1348.681028104266,1025.9235956964203,13740.5,1338.8690476190477,973.8373015873016,-1.7569935942699335,detected,1348.9481579719036,1025.3612353083934,40.26246334526695,-5.588480088346387,40.64845709650994,37.60235976237232,-12.512131685170655,39.62941961480042,37.34692596070088,41.633994093158854,256.4604524723077,6.55131344709412,3.361069698503666,39.48663203525631
837,13.96395,1349.2740382868974,1025.5723782193322,13764.5,1340.2537313432836,973.7462686567164,-1.7431195603949916,detected,1349.6315555867739,1025.0998584960844,40.30712110012473,-13.980623130270487,42.6628859137632,37.945982261086655,-12.56892853832775,39.97343535850144,37.31011516355166,42.17856122611187,256.64288989203374,6.3453456092937355,3.462660059154132,39.82317817144974
838,13.980633333333332,1350.0514664257753,1025.2070581150256,13837.5,1337.302681992337,973.8429118773946,-1.8140838851008672,detected,1350.339799922142,1024.8138096124314,40.30364140598476,-15.911385695812442,43.33077088332395,38.172355081571325,-12.572421571971686,40.18948216457812,37.29080070504657,42.63127229309551,256.8393559765846,5.690370899333659,3.5510525758346123,40.03229324258856
839,13.997316666666666,1350.5454949436717,1025.0619970694916,13877.0,1338.8006430868168,973.6077170418008,-1.7952096232679609,detected,1351.0523103839075,1024.5456304007316,43.03287018096262,-17.471513529176264,46.44439364456996,38.407998857012174,-12.504968511669913,40.39243262887375,37.2404276855622,42.98507314618838,256.8452244087442,6.865152099486577,3.4358414280017513,40.24603840578264
840,14.014,1351.5295539838337,1024.2382000577368,13856.0,1341.0959595959596,972.6868686868688,-1.7704911480049548,detected,1351.7868094425244,1024.2696475465805,46.042959982030425,-22.15505713696257,51.095995152741,38.55639122826883,-12.345164852577572,40.48454519671231,37.20761853858528,43.234470319388585,257.3138095138,6.018829872511697,3.57637810014149,40.326268355371916
841,14.030683333333334,1352.2917302152175,1024.2105817415934,13769.0,1346.871111111111,972.0177777777778,-1.6742829036537816,detected,1352.520819544808,1024.0149456437393,47.077651856533066,-23.55802352449382,52.643003112527076,38.654875971476166,-12.176234170935867,40.52727618475823,37.14676391937256,43.37559136687382,257.48221665465627,6.538293313128288,3.508630996511526,40.37511143620522
842,14.047366666666669,1352.9952608349613,1023.8523623471528,13821.0,1346.8547297297298,972.2297297297298,-1.6891903920278262,detected,1353.2597102632196,1023.7849512566587,47.75823550574887,-21.74414571607349,52.47529829876539,38.684703777420964,-11.965094403460734,40.492836285329965,37.193891529788445,43.40622424372374,257.7594720943054,5.656551359795229,3.4913014108937066,40.34204512526387
843,14.06405,1353.9269869833845,1023.5590666426727,13892.5,1344.735294117647,972.189075630252,-1.7478537908340044,detected,1353.99757325029,1023.5651313857697,47.452986093791424,-19.44940557913469,51.284161946932876,38.70107518403124,-11.722413266798194,40.43746027135786,37.291570421433505,43.325834429911325,257.891400488321,5.879439007224094,3.343466992803295,40.29900025640437
844,14.080733333333333,1354.805122817187,1022.7794725019926,13801.0,1352.006666666667,971.7566666666668,-1.6255885916052697,detected,1354.729050986245,1023.3462885381518,47.27927494813548,-16.13165692845041,49.9555822193938,38.66638439580739,-11.497562677605648,40.33959878047633,37.426532104263295,43.13555906395411,258.5560749334823,3.3262862123210444,3.5972330050839085,40.17888928874145
845,14.097416666666668,1355.4328174189918,1022.3455907877568,13923.5,1349.92700729927,972.021897810219,-1.6797708055584943,detected,1355.469796125975,1023.146339976445,47.028918975009674,-13.14188243540093,48.83060816643516,38.460340181712496,-11.140952983676263,40.04146101577131,37.51530281926641,42.83817806660975,258.6557008865612,3.8100747933558448,3.35797783327748,39.900408333107954
846,14.1141,1356.290886347391,1022.6951274720038,13990.0,1348.1371237458193,971.9933110367892,-1.7302490283047791,detected,1356.169463337284,1022.9244406858953,48.030375986989384,-10.858964523076338,49.242604804833356,38.46795877278339,-10.55744938498547,39.89039470425296,37.49774737022677,42.438062982022736,258.7425024350723,3.6313688515877836,2.8446578599867944,39.78883651629823
847,14.130783333333332,1356.826608218653,1022.5528008336028,13915.5,1347.2955974842766,972.367924528302,-1.7584791175665295,detected,1356.8717899107216,1022.7441358987928,47.75631150635854,-7.64670281314784,48.364629147807555,38.23792209658112,-9.98110581450823,39.51912397238351,37.53593152641205,41.941104959155304,258.95956129988446,3.3594367172247748,2.473748462928972,39.44162430842286
848,14.147466666666666,1357.935775503562,1022.3265709567376,13826.5,1348.249169435216,971.7574750830564,-1.7600556681946389,detected,1357.5683856870173,1022.5779688404505,47.22731168884275,-5.18369059213137,47.51094208190418,38.02119419473291,-9.653652328888215,39.22759502289989,37.60112667519624,41.354623904094325,258.89533387807296,3.668120324059739,2.1499532802831025,39.168634290376275
849,14.16415,1358.534091456077,1022.590385078219,13850.0,1348.3245033112582,971.7483443708608,-1.7689705725888605,detected,1358.26294977361,1022.4532770033675,46.53605051879276,-5.060786974691837,46.81042151797869,37.65178446507425,-9.339890067246353,38.79291713538251,37.62718263364414,40.687261349465786,259.23109567769586,1.8553212636784855,2.1402360825240594,38.733832877520854
850,14.180833333333334,1359.645772047697,1022.0360631923008,13767.5,1351.3939393939395,971.5084175084176,-1.7326804302060297,detected,1358.9723184184809,1022.3460244347806,43.612234377307686,-6.303058085842622,44.06535519673845,37.270277585334554,-9.160180987789635,38.37945423031643,37.61175178081867,39.94886000521144,259.14045247511785,-0.20124071004807376,1.9743414956509469,38.32863789225368
851,14.197516666666669,1360.2856696584124,1022.1727763159475,13871.5,1354.84046692607,971.2879377431908,-1.6774009622095352,detected,1359.6316618605345,1022.2770579480367,40.21208372900901,-6.303286615358047,40.70310921765293,36.82972672449733,-8.911465733196653,37.8925189465558,37.50834841609119,39.15033324297801,259.0357092067352,-1.0059857872987186,1.7438854218252686,37.852369222423
852,14.2142,1360.8798165468925,1021.9319995666464,13845.5,1351.1946308724832,971.6308724832217,-1.761012589584965,detected,1360.283280723583,1022.1975416676389,37.781571970895584,-6.864362354492187,38.40008660310198,36.31224332010963,-8.748469318792617,37.35123465644345,37.394778855621716,38.30352785333412,258.9983351105118,-2.671115517573183,1.6579483547321319,37.31441996887722
853,14.230883333333333,1361.4797482014387,1021.914112709832,13900.0,1357.5797101449275,970.415458937198,-1.6463829205254206,detected,1360.9325216851435,1022.0964429165825,36.74610998118942,-9.029137787589207,37.839158657889584,35.7324469662626,-8.683818872646622,36.77249619497843,37.154992453846944,37.421083190884104,258.56599501361706,-4.555265528671271,1.4279091679615021,36.7447622365114
854,14.247566666666668,1361.805088854947,1021.8984895871216,13749.0,1343.4191176470588,972.345588235294,-1.9260882687253245,detected,1361.5618916567169,1021.9997852234796,33.23450684683985,-6.3133678409103595,33.828849505226835,35.24025253983559,-8.712060973882954,36.301176365016644,36.985251751675804,36.516289156754866,258.1989726002391,-6.199010515187583,1.3208093623038186,36.27713974547186
855,14.26425,1362.2063677239032,1021.6606148985296,13715.0,1343.007782101167,972.5019455252918,-1.9431238286291548,detected,1362.1667686727135,1021.9024237968026,32.30203269240519,-7.04689640947754,33.061761372726664,34.70310492413104,-8.75964746525451,35.791576035301766,36.77814117337882,35.60294425052547,257.83165375027,-7.662734517138984,1.247953734150527,35.769813063087256
856,14.280933333333332,1363.2582381038756,1021.4395428986032,13782.5,1356.1715481171548,970.6150627615062,-1.7093376734126726,detected,1362.7425759057176,1021.8138579994836,30.730066290459945,-5.0222789627559905,31.13776260741616,34.218390862199755,-8.799994508314702,35.3318295102963,36.67445090882383,34.69521310360903,257.4824670587355,-9.871809791601542,1.1743784159179,35.31230680486437
857,14.297616666666666,1363.8287980227003,1021.0426895111945,13891.0,1349.9744680851063,971.6085106382978,-1.8440443666155704,detected,1363.3035114571987,1021.6507767020862,31.6518817567071,-6.071039583256606,32.22885570978337,33.637045094431336,-9.005750105579976,34.821750927386766,36.65103919557974,33.80748052776981,256.9122462767007,-11.897203710662632,1.1549425787958976,34.802592508154405
858,14.3143,1363.934503770739,1021.6133092006032,13812.5,1343.0334928229663,973.0191387559807,-1.9769902083628947,detected,1363.8351596428088,1021.5472404471855,30.59307548335937,-4.583402571113766,30.934508993346192,33.1297838726023,-9.024153846203944,34.336830548047054,36.63720187518118,32.95419637668978,256.52877223233224,-12.716622675318561,1.058056183729434,34.32052518825096
859,14.330983333333334,1364.5404337825307,1021.1987547719692,13839.5,1344.4,972.7,-1.964403056249179,detected,1364.3654673709511,1021.4426673439991,29.663599176939897,-3.3157673178116056,29.848340473735167,32.687053596258764,-9.02513961757264,33.910125595777025,36.634964610437834,32.14970286700642,255.65096224699005,-12.025501858794106,0.6428150869257951,33.904032307166545
860,14.347666666666669,1364.8041941078727,1021.5087629928804,13741.5,1350.5322033898306,971.7186440677966,-1.849954428434392,detected,1364.8725962392098,1021.3264856678477,26.30312517556831,-1.0225376332300584,26.32299331787681,32.28404628714646,-9.062791977941377,33.531982391532615,36.6763470451751,31.40803417238013,255.1849382415301,-12.62163448583342,0.5064828042564145,33.52815709631304
861,14.36435,1365.8152111462225,1020.874616968304,13924.0,1353.5677655677655,971.1391941391942,-1.8122443281274825,detected,1365.363080938675,1021.2355963946734,25.86032837726634,-1.072453004926956,25.882556659414924,31.828055471578374,-9.029240715662,33.08401884601141,36.78121349294058,30.742678077212997,254.82961543676518,-12.426084465091519,0.38549408648520433,33.081772886478184
862,14.381033333333331,1365.803494141887,1021.2673640320398,13670.5,1351.7364341085272,971.577519379845,-1.8466748241080613,detected,1365.8282739436693,1021.1365656196951,25.71817261000342,-3.9475687896579075,26.019371663186092,31.41485260963964,-8.998353120725259,32.67817809136012,36.861533318166195,30.16629232493318,254.52381790825916,-12.14858684854058,0.2894167402504344,32.67689644567108
863,14.397716666666668,1366.5101196667024,1021.0701502707744,13941.5,1360.7875,969.3541666666666,-1.6810027379006482,detected,1366.2792719683987,1021.0515811228208,24.815361984005904,-4.0214263140323965,25.139094255689436,31.054765845690785,-9.09547734735521,32.35932925613469,37.00821043034262,29.69037483101669,253.94903846499622,-11.687371299285228,0.15449893536287718,32.35896042807782
864,14.4144,1366.5764210019267,1021.4170640655104,13840.0,1348.0901287553647,971.8927038626608,-1.9280553477027207,detected,1366.7103139357691,1020.9722451128575,24.956097269835027,-5.5861364654460886,25.573652683026214,30.696285082454192,-9.227630644535868,32.05325389372002,37.14718112504028,29.32489718956574,253.31460343690821,-10.4636002338219,0.025701435877380163,32.05324358955691
865,14.431083333333332,1367.084245796685,1021.0461437204572,13927.5,1357.043668122271,970.17903930131,-1.76567950125849,detected,1367.1332991229197,1020.8759831492575,21.586645741371285,-4.355377949359536,22.021639163450807,30.438573433835355,-9.506261343130138,31.888489418767985,37.249722833992855,29.077923571236692,252.80461588354663,-9.19625641128776,0.08276357329216388,31.888382016054276
866,14.447766666666666,1367.4027833146088,1020.7368535498132,13796.5,1351.440476190476,970.765873015873,-1.8799835269323888,detected,1367.5526601485453,1020.7829361396736,27.424509473292346,-0.4228669204453581,27.427769436888386,30.207622916555366,-9.807713732112205,31.759907602508278,37.32362115809459,28.95524924660583,252.59851317377834,-7.44972240986208,0.3247803577738999,31.758246939008888
867,14.46445,1367.973793383786,1020.6481355283764,13940.5,1357.3168724279835,969.8847736625514,-1.777724653995584,detected,1367.9533746379514,1020.6805645094427,27.607721831954677,2.512750760433846,27.721836539714463,30.071170396581163,-10.177073715172986,31.74662373267879,37.35354575740029,28.960100485179343,252.45046108242838,-5.8771130356360715,0.6360294479305999,31.740251810054204
868,14.481133333333334,1368.4873508978897,1020.551948903109,13986.5,1340.015,972.63,-2.106895926374991,detected,1368.3496373610426,1020.5594077032225,29.596742205282226,0.5634212776394634,29.602104531638137,30.048281597203264,-10.556466884906376,31.84867689617497,37.39184319699932,29.09293669250713,252.3461265086823,-5.278098100725941,0.9466974022520169,31.834603563819016
869,14.497816666666669,1368.2659546413502,1020.702303893364,13904.0,1357.2262443438915,969.7194570135748,-1.7840418172892585,detected,1368.7508315777256,1020.4187159390266,27.654756500951862,-1.8664981642968996,27.717672566870814,30.096191170512725,-11.106755020859636,32.08022334812273,37.45881930550167,29.351384797697545,252.53578315568194,-3.7480447066960116,1.5626130110968752,32.04214366491402
870,14.5145,1370.1717564248268,1021.9694858916548,13638.5,1357.1290322580644,969.9539170506912,-1.8164774968793755,detected,1369.1484466324787,1020.239986401065,24.636335030489136,-7.628737930993793,25.790437106693048,30.19345119752258,-11.652426605476068,32.36392344900699,37.55293204398156,29.730317045397197,252.5551127470238,-1.9226766001414692,2.0648392375546454,32.29798724280259
871,14.531183333333331,1369.860461078661,1021.502796483004,13439.5,1354.3691588785043,969.7523364485982,-1.861653172769602,detected,1369.556184669891,1020.0421539574004,23.56455932086419,-14.827181963670228,27.841224487624732,30.353415228659507,-12.035624990235702,32.652505033289636,37.604525935249065,30.222061595146524,252.71624381430672,-1.3784212020569178,2.4740306432961976,32.558643358178124
872,14.547866666666668,1370.4433248144092,1020.5857125471584,13695.0,1361.1810699588475,968.5020576131687,-1.7467906406458016,detected,1369.959081731215,1019.8312076566281,21.950101029049165,-21.144616358469648,30.477889299167806,30.563280273486765,-12.415829316188937,32.988890837438625,37.611746519297164,30.81671691927547,252.80982059055532,-0.8417891884816072,2.828398651569014,32.8674166881464
873,14.56455,1370.360014177636,1019.910693115291,13636.5,1348.159090909091,970.5045454545456,-1.9931141415089124,detected,1370.3761198536777,1019.6094225664824,19.560492235271795,-26.17406908670364,32.67559867916215,30.92136546482536,-12.831781200935158,33.47813392347261,37.60454248812614,31.50253063387825,252.94432733522353,-0.402695608191895,3.198181604007452,33.32502191185709
874,14.581233333333332,1370.401753158263,1019.163836813868,13575.5,1352.909090909091,969.5151515151516,-1.9095443022347052,detected,1370.8017211991285,1019.3831793765298,16.346611847426175,-30.549910957813154,34.64835895710973,31.320640026104503,-13.16088853269331,33.97339368704277,37.53495665366091,32.26630257269011,252.91986589310707,0.844500912980611,3.381275297841217,33.80471055895919
875,14.597916666666666,1371.3201066900508,1018.7204623235534,13684.5,1356.9864864864865,968.427927927928,-1.8484400427905872,detected,1371.2606060273722,1019.1354398105852,20.48637176717739,-26.840832486663658,33.76568845381569,31.808153926111302,-13.563243264041851,34.57918772942428,37.508905738983174,33.09377885739757,253.18276603006234,1.525733118264075,3.780450799640846,34.371913181815486
876,14.6146,1371.4498684954403,1018.5477349261362,13561.0,1352.726530612245,969.0081632653062,-1.9321482569806343,detected,1371.7496107792338,1018.8670286017791,23.9636707046393,-22.48136853370761,32.85832382804647,32.26649853492156,-13.83077734727381,35.105801938340015,37.471518862328985,33.97001481163348,253.37286525465112,3.847130793415943,4.019666884381246,34.87491373283332
877,14.631283333333334,1371.482958773627,1018.4651857915364,13438.0,1356.9822222222222,968.3066666666666,-1.8522216869936257,detected,1372.2492895164373,1018.5802317369773,27.090027511871085,-16.869953954789253,31.91339745358745,32.779644090645384,-14.072884773340409,35.67283493855092,37.40697864037185,34.87969609295176,253.56858602703107,5.0761698192201345,4.225842307827184,35.421651702630655
878,14.647966666666669,1372.3023318905457,1017.9191175563858,13515.5,1356.5913461538462,967.9278846153846,-1.875297295080095,detected,1372.7823925027963,1018.2827034125772,30.174657325233966,-14.121670118787733,33.315634642599235,33.238604561077295,-14.252113309467552,36.16528123703133,37.33959887477095,35.807416779447195,253.99496006529415,7.540782963336995,4.535053443696947,35.87981127620912
879,14.66465,1372.7694243007252,1017.6625968131814,13514.0,1356.820717131474,968.0637450199204,-1.881908249567556,detected,1373.3062948513339,1017.9895403065718,31.05923642965263,-12.814358214242475,33.59886819575898,33.76943902571765,-14.434437662736435,36.725032372362676,37.37491911405763,36.73791921553115,254.15819047876994,6.6515110903276495,4.667744266983881,36.427189930176134
880,14.681333333333331,1373.642179425808,1017.331995433958,13578.5,1353.8560311284048,967.9571984435796,-1.9519350999053249,detected,1373.8596426970555,1017.6748502012247,34.89929936553244,-12.108949447143914,36.940326919486516,34.20131456408082,-14.554254965122288,37.16929183480624,37.43553723771676,37.656303241625174,254.25243078555718,5.577100543807871,4.725762814597035,36.867647352674474
881,14.698016666666668,1373.7712059869957,1017.7489510489512,13585.0,1356.5344827586207,967.7758620689656,-1.902938481136699,detected,1374.4520969407135,1017.3563220375347,36.21411435679056,-11.910346618082258,38.12241381667178,34.67959601978457,-14.689505721111194,37.66239448609204,37.47676373785395,38.54821271506368,254.85217894042017,6.0010855983500715,5.116983526690966,37.3131670863462
882,14.7147,1374.696872385452,1017.1670357793198,13546.0,1357.303501945525,966.7198443579766,-1.9028165913522008,detected,1375.0575137011253,1017.025307195735,36.118032791420774,-10.317733967660388,37.56285301930032,35.197769462324395,-14.855836947389212,38.20443516831979,37.464735235690554,39.400005897321655,255.22603884576486,5.2295222652355715,5.389039198879564,37.822442055521606
883,14.731383333333332,1375.1783499711448,1017.0540882356552,13573.5,1369.8080357142858,965.0223214285714,-1.6736443750226129,detected,1375.6646656671041,1016.7161051640319,37.29885191325184,-12.98900486754701,39.49580485945121,35.66786100367692,-14.921731784819194,38.663346829208926,37.40693384626821,40.19891417738408,255.51236846439366,2.24657275763838,5.524181005536903,38.26666711713689
884,14.748066666666666,1375.9641678280643,1016.9302427932224,13633.0,1360.6640625,966.13671875,-1.8633734554300585,detected,1376.2992016183787,1016.3935685687607,37.869225609692876,-16.625341334623954,41.357952352245086,36.10520862287974,-15.000160164389992,39.09719804102363,37.40385387701671,40.93319133814235,255.6324406425269,-0.24576552080759526,5.571813914023615,38.698136704065156
885,14.76475,1376.3310369257454,1016.5717688445894,13644.5,1361.6281588447653,965.7472924187724,-1.8523962576211048,detected,1376.9549027189396,1016.082574468347,40.35382457574451,-21.633544498522497,45.786913037018714,36.42354139487108,-14.987190817721267,39.38642223343821,37.4466267432424,41.59225352450185,255.62363687747154,-0.40552247015664106,5.474265543067581,39.004136615423995
886,14.781433333333334,1377.156888969215,1016.5298150490994,13832.5,1361.8365019011408,965.2433460076046,-1.8610800614704048,detected,1377.6394021026006,1015.745572545476,39.96597939622097,-23.96134466145668,46.59855734981801,36.805861747491804,-14.97441341284875,39.73543149425189,37.424155625081646,42.16680843530196,255.7095329365343,-0.38372657193525167,5.425980024048378,39.36322213453839
887,14.798116666666669,1377.8706998384805,1015.6615197319254,13827.0,1367.524193548387,964.4717741935484,-1.770230170065349,detected,1378.3246548519664,1015.4278141825309,42.319000041739855,-27.589226974026133,50.51794937996899,37.07807410139803,-14.866402307813779,39.94738410267354,37.39847185040871,42.64897113246172,255.80614240449896,-1.0482262452922824,5.320883593286732,39.591434609435744
888,14.8148,1378.5261621922718,1015.1762633051186,13763.5,1371.9632352941176,963.6139705882354,-1.697397104850171,detected,1379.0205049668823,1015.1150245625254,44.687379169685755,-28.965879099976064,53.25395768475517,37.39972321204354,-14.758857836791965,40.20650669958911,37.42317151084113,43.03236326442545,255.99699885004827,0.827359035897815,5.270556915018764,39.85955858749131
889,14.831483333333331,1379.3534381115608,1014.624621667943,13711.5,1371.9965277777778,963.5625,-1.7138892704130189,detected,1379.7205503850805,1014.8221593587227,47.16987816669098,-30.405879023679063,56.120538891417254,37.60221335320528,-14.55011284368393,40.319129861939054,37.49826586938861,43.31219239617985,255.75972080699637,0.7255938459006823,4.853301343941093,40.0259628102661
890,14.848166666666668,1379.9011397152533,1014.0973552294602,13731.5,1370.453488372093,963.3255813953488,-1.7547729062999955,detected,1380.442262648738,1014.5214173186176,48.15987852661556,-29.090654146306406,56.26402099351218,37.71172195658436,-14.305962064746538,40.334036786920976,37.68318381167393,43.48530844499208,255.88660751774174,1.7032015906818618,4.678446638940267,40.061785539030616
891,14.86485,1380.9624425078673,1013.5865044783344,13770.0,1371.198738170347,963.4889589905364,-1.7632773565144462,detected,1381.1534615228184,1014.2313658772873,48.914621441684176,-22.73887453549878,53.94160366474493,37.819018782167944,-14.100575767445918,40.36216568296918,37.77549766015447,43.55023485223517,255.96260465822473,1.0046170281726874,4.5063021033660995,40.1098199942689
892,14.881533333333334,1381.9308315204255,1013.3959270002416,13790.0,1369.1914893617022,963.550151975684,-1.821015281441413,detected,1381.8720143875134,1013.9498269530508,49.96448389406851,-18.155281685225873,53.160736487284765,37.90935621091378,-13.857248101217923,40.362638829301716,37.86342533860608,43.50717298483548,256.268676284002,0.8829402797111078,4.462685178708918,40.11517236982021
893,14.898216666666666,1382.6652381123877,1012.6203406921886,13883.5,1369.1359223300972,963.7216828478964,-1.840724415827732,detected,1382.582662816477,1013.6281944724757,51.144482016274196,-14.780525915589806,53.237411536009304,38.04167411632544,-13.311821878443421,40.303518100732965,37.9228392862315,43.35797924599957,255.86086377739497,-1.6912156594301941,3.615822925379712,40.14099395715567
894,14.9149,1383.5084211539388,1012.6804532986864,13854.0,1374.0496183206108,962.7824427480916,-1.7581361997479463,detected,1383.2734953200666,1013.3431512272161,52.134308860967394,-11.750546792068235,53.44213235194988,38.041121520288456,-12.735342833475379,40.11627953347003,38.01585150697715,43.10611537487341,255.99390970587177,-1.639581888188674,3.1498174900169875,39.99243095120737
895,14.931583333333334,1384.2115789222014,1013.020465739014,13942.0,1369.3,963.1137931034484,-1.8611420017245448,detected,1384.0137514311925,1013.1560846941316,50.713374697425934,-10.40959040397911,51.77070547694067,38.21338508912242,-12.072493231366455,40.07502829432504,38.14570987600669,42.75657336078657,255.76786244174627,-0.24131630896058015,2.30715613719539,40.0085606258155
896,14.948266666666669,1385.1568415619336,1012.7860083786476,13884.5,1371.550387596899,963.1007751937984,-1.8380959397142005,detected,1384.7343793997345,1012.9839189808076,48.052130208915514,-8.029879249470468,48.71843776616454,38.235869733153336,-11.423785797183426,39.9059471280986,38.27328242290331,42.31577727851363,255.84119401773552,-1.0274582828436627,1.7238596572087665,39.8686960417926
897,14.96495,1386.1916155344975,1012.371189291895,13771.5,1371.9026217228466,962.7865168539328,-1.851368216103368,detected,1385.4631409177514,1012.836689797706,46.865177228048196,-5.246608236874636,47.15794455452451,38.22020797148787,-10.998447472112574,39.771222563313344,38.443492711159394,41.791465175885556,255.9631194021078,-0.033052762994988355,1.3998573164341863,39.746579018504605
898,14.981633333333331,1387.0262935611545,1012.2731923930882,13812.0,1377.9492753623188,962.108695652174,-1.7498045212662117,detected,1386.179942692249,1012.6942576264986,43.10589305081885,-5.05015855360034,43.400715629182145,38.04470961899064,-10.657843768287114,39.50936045777678,38.54242409827032,41.19255489391518,255.7249501249452,-1.570838455665688,0.9478125154313695,39.49799001491249
899,14.998316666666668,1387.6565868733326,1011.921739760258,13806.5,1373.295918367347,962.595238095238,-1.854100334233895,detected,1386.8702883484202,1012.5578787901693,42.38277907442898,-5.881038202207947,42.788860377529154,37.79082963126519,-10.453865910592008,39.21007672392326,38.574202789350764,40.528998309146424,255.4673508533309,-1.7977575056941413,0.6364773079900239,39.20491057676783
900,15.015,1387.9584322028743,1012.2763479721096,13696.5,1380.2376237623762,961.5115511551156,-1.7217294717869251,detected,1387.5788765629932,1012.4277764481998,38.73662391297876,-3.2311678954752097,38.871152261597636,37.49154033287694,-10.31816138609374,38.885473520599106,38.60641512040799,39.81162887593688,255.31424623305332,-1.5063448001297097,0.476316478711702,38.882556159971294
901,15.031683333333334,1388.865885179657,1012.2880216486463,13734.5,1378.7985611510792,961.4676258992806,-1.7663605797496016,detected,1388.2614156578024,1012.3132589061379,35.180961983257475,-1.997367284844131,35.237615727202275,37.1162560401384,-10.22543850059356,38.49903966291278,38.62807840291056,39.05200743263769,255.09292477641424,-2.4031598380184405,0.3330586705884109,38.49759897563064
902,15.048366666666666,1389.037913828896,1012.3331755107988,13728.5,1380.3858921161825,961.4066390041494,-1.739081717380129,detected,1388.9100153230147,1012.2085022472097,34.42806989626661,-2.7477942297050504,34.53755014344561,36.655213942514735,-10.121855189422682,38.027051708582,38.69447806870032,38.26227093615162,254.94533286363986,-2.3971860237693265,0.2536123661887366,38.026205995535314
903,15.06505,1390.3369063086473,1011.9291540349358,13854.0,1376.0416666666667,962.1333333333332,-1.8503554891874023,detected,1389.5447678703372,1012.1031396100761,35.26946228837551,-4.532769837135675,35.559541230274455,36.240713353732566,-10.102969056081136,37.622590130605616,38.73234590172503,37.454988005968936,254.60585688513925,-1.820471261033814,0.12012873769326937,37.622398344894535
904,15.081733333333334,1390.4335885989426,1012.1873722159715,13776.5,1375.9953051643192,962.1032863849764,-1.8514672461171229,detected,1390.1596560835962,1011.9849413400939,35.23491419880702,-7.537201581124464,36.032049432023676,35.79876098425799,-10.026856638741306,37.17645951488526,38.80937480068864,36.643023802953515,254.52224930581605,-2.6578331323967843,0.10981809911676876,37.17629731491571
905,15.098416666666669,1390.8301586723485,1011.9177987398476,13728.5,1373.1803278688524,962.3729508196722,-1.913018851906248,detected,1390.7620023567683,1011.8581366560984,32.01291208681505,-8.63812557134679,33.1578611141386,35.418967463259264,-9.931246328944207,36.78495493825684,38.773378978026315,35.83941481389552,254.17408763214854,-3.6083834306667977,-0.10449745951238043,36.78480651152785
906,15.1151,1391.6564143387852,1011.7227167462728,13818.0,1373.5231481481485,962.4351851851852,-1.9233347068189723,detected,1391.33254353475,1011.7594145074456,30.68396595772083,-7.71683908637533,31.639459103777053,34.97092796352451,-9.760650335166519,36.30752122626119,38.68368762981976,35.05725162841462,253.9392049154286,-4.485606136327856,-0.295278685734365,36.30632049785764
907,15.131783333333331,1392.3782365964,1011.424198671672,13852.0,1367.4,963.4790697674418,-2.051083165663868,detected,1391.8965401518712,1011.6428693486959,27.373541478052175,-6.358079207263927,28.10224091165124,34.56723535602163,-9.581971307910718,35.870711371594176,38.6239674268897,34.30956494151711,253.62105399852604,-5.127166098666227,-0.5544651138130821,35.86642584286564
908,15.148466666666668,1392.7091513902449,1011.3460968290126,13828.5,1370.0393258426966,962.9606741573034,-2.008949172366933,detected,1392.4385806689158,1011.5421778709475,28.89699622031003,-6.848392638131827,29.697421980411537,34.15425819528507,-9.42186584394002,35.430000124913924,38.57250948041563,33.609207073038476,253.71734250197883,-3.768423979135225,-0.5320836942952063,35.42600451354436
909,15.16515,1392.7973246907736,1011.23527912312,13730.5,1378.428571428571,961.6190476190476,-1.8526827428821329,detected,1392.9847882430513,1011.446869612618,27.867443936976088,-5.5711207127274065,28.41886376293545,33.691303206959084,-9.230476033846045,34.93287276469912,38.574789988767904,32.96871874796649,253.53747495137398,-4.1969829595089205,-0.6956409517456592,34.925945703171905
910,15.181833333333334,1393.3464693252274,1011.466478492678,13817.0,1377.992,961.776,-1.8704914612563692,detected,1393.501609832509,1011.3514349335633,24.50478752840627,-3.6927951755269532,24.781471869538553,33.21113399039837,-9.050122060914903,34.42214592737723,38.59735402284851,32.400169486830606,253.36587208050196,-4.558208665444717,-0.8355958458705981,34.412002409450345
911,15.198516666666666,1393.7557140969743,1011.3141282023564,13876.5,1375.9754098360656,962.2786885245902,-1.9186526676840936,detected,1393.9947370721595,1011.2827131181807,24.51423285247347,-3.4861020636894864,24.7608667042119,32.830349545698276,-8.922298890792174,34.02115913353574,38.727246035723745,31.91496067729923,253.14052812070335,-4.8771069166747125,-0.9828233035822169,34.00695998091123
912,15.2152,1394.521103049272,1011.1016621615212,14058.0,1383.0805687203792,960.2796208530806,-1.792215178042382,detected,1394.4733410454662,1011.2017176771241,26.020794624823793,-4.148246363173257,26.349377616878144,32.483684878660824,-8.922055120160564,33.68668655215768,38.85480425790078,31.523584141200303,253.0552318535028,-4.2844242149958625,-0.9326462510535869,33.673773501550386
913,15.231883333333334,1394.807408724514,1011.0143551446184,14060.0,1384.2625,959.99375,-1.7746060720731207,detected,1394.9266766672,1011.1306640891142,29.153756591393176,2.410943399794178,29.25327625185275,32.21655979623067,-9.071593282008553,33.46939691387177,38.96796925230126,31.235336204998696,253.1027230398984,-2.8531394357039295,-0.6840105877184346,33.46240665723519
914,15.248566666666669,1394.821291272949,1011.2084815387012,13916.5,1382.470588235294,960.3475935828876,-1.8090183057938167,detected,1395.3687058929042,1011.0494860929701,30.476894840800924,6.106393653283249,31.082618335431395,32.02685606317437,-9.316698237849307,33.35446559827384,39.03980129237629,31.05799744366494,253.26908680448332,-2.007161088130689,-0.297506153896574,33.3531387643626
915,15.26525,1395.630124142515,1010.8566782976096,14043.0,1379.125,961.09375,-1.891053728110522,detected,1395.792010818635,1010.9529741437625,31.456591573926744,5.599884450921763,31.95114801243477,31.877717975279626,-9.64319247286092,33.30435503624274,39.07520217766943,30.997499701459326,253.23240384583875,-0.6145142372700599,0.036777461787069754,33.30433472985779
916,15.281933333333331,1396.0959275372657,1010.7958894990848,14021.0,1377.5580110497235,961.342541436464,-1.9294413162301725,detected,1396.2201645621292,1010.8336547967054,31.72963395412262,4.378354137814313,32.030292783843336,31.821260125548505,-10.024700784942025,33.36296182603458,39.14257990387086,31.057611855207448,253.35271942111305,0.0944083106706026,0.4884051547537318,33.35938671813753
917,15.298616666666668,1397.018713835787,1012.5435801655314,13653.0,1380.1601941747572,960.5728155339806,-1.8844715859937335,detected,1396.6607470504316,1010.6976971993489,32.46869807945495,-1.7041249972521655,32.5133879652838,31.80884863755208,-10.401371322508153,33.46627223094012,39.186611064262685,31.23968077020179,253.2163035143099,1.2531643286425538,0.7731872049021593,33.45733938288533
918,15.3153,1397.5329789833822,1012.264821603128,13640.0,1379.9058295964126,960.5515695067264,-1.8993084670227247,detected,1397.0898326663064,1010.5464508804341,31.140244444333803,-8.484003702248174,32.275271383407805,31.90262389402744,-10.974273418030233,33.7373989569062,39.22185006365905,31.542461506616597,253.1229216832634,2.0279393455099055,1.2396590631230762,33.71461602606015
919,15.331983333333334,1397.9445154380712,1011.1816666058148,13694.5,1390.5045045045044,958.1621621621622,-1.7102119123270745,detected,1397.524986543335,1010.3783353411791,28.2333861973475,-15.385814418596055,32.15349718914026,32.06607365276454,-11.499303773545275,34.06562881822076,39.217819799018955,31.96206068441188,253.1064041330057,4.10581842949304,1.6848150821392682,34.0239395855299
920,15.348666666666666,1398.4056305729375,1011.1219672851026,13663.5,1379.9493670886077,960.1898734177216,-1.9184484195365172,detected,1397.9641608385873,1010.2124666097301,24.465077433008446,-23.743283115050872,34.09227928555905,32.279084369105654,-11.972923334955793,34.428043524030954,39.19481334024335,32.49200128229428,253.140916357598,4.376579168214486,2.09679587871047,34.364132870415816
921,15.36535,1398.7279955598992,1010.123055947684,13813.5,1385.126530612245,958.5714285714286,-1.8287593778503528,detected,1398.4165851283037,1010.0265184229281,21.270908725160552,-32.471534960437566,38.81819342371603,32.58335391771918,-12.451186254070583,34.88132726346436,39.18237856467965,33.123400243478926,253.27718439989223,4.574554466256766,2.549004100364785,34.78806648489142
922,15.382033333333334,1398.9044397565528,1009.8130137484542,13747.0,1382.9234693877552,959.204081632653,-1.8766608659775557,detected,1398.8900664496746,1009.8167871711019,21.081165992073693,-31.041548429906925,37.523236647597734,32.98798483064416,-12.97553355951675,35.44815389185951,39.164192434707296,33.84523655821613,253.26910209331697,5.319489025175385,2.9297631520148304,35.326875070037694
923,15.398716666666669,1399.5163481799027,1009.239506890455,13763.0,1387.3827751196172,957.9282296650716,-1.803000812120972,detected,1399.3890986491738,1009.5789292247058,22.625520453493664,-28.265263621510712,36.205514820051334,33.42612764044473,-13.428243118251114,36.02254463913067,39.221843511219454,34.64467999899461,253.58529990095394,6.395853973034083,3.4351198045975835,35.85838359723181
924,15.4154,1399.4634931121388,1008.822738505958,13623.0,1387.544502617801,957.869109947644,-1.8005830315645528,detected,1399.909896638957,1009.307591526348,24.658490355191134,-25.32121127564278,35.344092675619684,33.859053682244046,-13.851055347074237,36.58260857955318,39.28362511990847,35.50745006596152,253.58851366120643,7.401272165506857,3.7204006340680404,36.392937084094
925,15.432083333333331,1399.9832598039216,1008.297450980392,13600.0,1385.467336683417,958.1708542713568,-1.852671132425113,detected,1400.4363637159668,1009.0430948329927,28.069279571249353,-19.043897973896946,33.91982467067235,34.26261098378475,-14.219964758593314,37.09627891260528,39.39172443551823,36.418179523500754,253.97115184720712,9.074962251257254,4.206495148773794,36.85701164941544
926,15.448766666666668,1400.5534683494766,1008.0303297133352,13628.0,1387.429378531073,957.5762711864406,-1.8252764145562992,detected,1400.976544030819,1008.7876469162248,31.424744053824725,-15.786133764851456,35.16698107728577,34.786548600148976,-14.643750712477535,37.74312385640215,39.523561917393614,37.360764638487254,254.48402541872952,9.584946240386166,4.804426044828665,37.43609072565517
927,15.46545,1401.2282838002886,1007.5873767842382,13509.5,1392.8994974874372,956.4522613065328,-1.7322565030666923,detected,1401.52439499595,1008.5311238687586,33.5441279871784,-10.573640104298647,35.17115846081044,35.24359197178371,-15.063954975235681,38.327973003662805,39.66207218508643,38.31869234701696,255.09370223797683,10.241229322818285,5.490993110617355,37.93260483052354
928,15.482133333333334,1401.7599655723595,1007.8139431943932,13555.0,1385.348,957.744,-1.8875412964743536,detected,1402.113367325229,1008.2487379590629,36.54810247382193,-7.810158821607729,37.37328424497539,35.81345755023914,-15.493896388208633,39.02133476691085,39.73265041047824,39.275341311183816,255.41323065989926,10.506268312671674,5.975015009750415,38.56116910344632
929,15.498816666666666,1402.482233815567,1007.880785880786,13513.5,1389.1440329218108,957.2304526748972,-1.828289276886932,detected,1402.7155570468503,1007.955647481375,34.7388152988442,-5.532005755065256,35.17653160903285,36.27356993608845,-15.797616029510994,39.56433429395928,39.694208799321125,40.21425836687621,255.83591580007663,10.2353331310442,6.4412220262078925,39.0364855863493
930,15.5155,1403.0845833641222,1007.5634867853888,13533.0,1387.7299270072992,956.970802919708,-1.8654569896982904,detected,1403.3371684989395,1007.6409051745245,33.38389076394287,-4.802357800680511,33.72753775455046,36.664594512608346,-16.063606528814947,40.02913870528038,39.60688390970669,41.119414164252774,256.15203694205957,9.294214637396864,6.821170028059004,39.44367610827984
931,15.532183333333334,1403.64384560259,1007.8003187782638,13489.0,1389.691699604743,956.4308300395256,-1.836002341613868,detected,1403.978010354477,1007.322007864291,33.888537989035285,-7.159503800163748,34.63656307572746,37.11564732347744,-16.353869597913224,40.55885016943045,39.5130739220493,41.97544226035346,256.38081849172386,8.39137820183531,7.15450672988425,39.922842590656664
932,15.548866666666669,1404.2851805422413,1007.401162647789,13561.0,1390.4888888888888,956.2222222222222,-1.834107055968513,detected,1404.651933656696,1006.994684583151,35.05443307217138,-11.759694928083263,36.974365482222,37.532009569816175,-16.683876473891164,41.073147877230355,39.45805829273637,42.767865082111136,256.4492052670796,5.672549148194517,7.425416122361643,40.396369539286624
933,15.56555,1404.3389375321904,1007.3410835601992,13591.0,1389.296442687747,955.9723320158104,-1.8556655154698896,detected,1405.3425125479216,1006.6540943191591,37.62504699235251,-17.438223240463685,41.46969726150629,37.86646196068494,-16.962319823634466,41.49203821481011,39.36546827016848,43.48330856764146,256.2623316163664,4.461084989262728,7.484674943057,40.811381699423464
934,15.582233333333331,1405.0217946368575,1007.2397654388858,13642.5,1389.767857142857,955.7428571428572,-1.858773123850228,detected,1406.0363011671502,1006.2984031199871,41.31793144499261,-22.175208069204018,46.89255070696837,38.09169423835688,-17.179019578384057,41.78631215629076,39.27063686904915,44.109705379567245,256.43884580207896,3.941675550486704,7.768214091778839,41.05789489790316
935,15.598916666666668,1406.0340259614452,1006.5367746779036,13764.0,1391.6899224806202,955.5348837209302,-1.8449605373034512,detected,1406.7376368086284,1005.9363831402021,45.54165184068552,-27.03822277747986,52.96326598070445,38.31201038136935,-17.25407782783361,42.018012103752504,39.201185907386076,44.63648475320159,256.36697070623705,4.287975029752669,7.7377170918418265,41.299407687734586
936,15.6156,1406.726123492875,1006.1557544757034,13685.0,1393.080291970803,954.8065693430656,-1.8305388138647256,detected,1407.4511522953637,1005.566536914448,49.10025030324687,-28.492201782164102,56.76830226664392,38.45471754114889,-17.275849322994155,42.15709040007792,39.13527842026298,45.054745581144154,256.47681765373034,2.772255482561647,7.8046790934141885,41.42833879422592
937,15.632283333333334,1407.7875124414345,1005.2447867356104,13731.0,1395.3706563706564,954.1544401544402,-1.809211130712009,detected,1408.1819823778883,1005.2020733246677,51.21306445384289,-28.88856897847336,58.79904241037841,38.59489073410425,-17.324029918298756,42.30469954257513,39.08149188877055,45.35740841348267,256.7835600510196,2.2770597953430713,8.041216250706738,41.533437668906316
938,15.648966666666666,1408.6724123362906,1004.7545657553262,13807.5,1393.3320610687024,954.3587786259542,-1.866282619844766,detected,1408.9173264760707,1004.8314333159765,51.660288004663016,-29.80236708059101,59.640308855094176,38.64302769537769,-17.299840113677323,42.33872999305159,39.058053390851434,45.53934172344573,257.1481416892255,1.7449605765459617,8.271044202578324,41.522980206429324
939,15.66565,1409.5998618583685,1004.3380955843148,13754.0,1399.5837104072398,953.4253393665158,-1.7650472935844943,detected,1409.6451787841538,1004.4687528809468,51.099468732542846,-27.43518478686383,57.998664372875766,38.55194314744286,-17.169913874161956,42.2025859739638,39.081338737948506,45.597458006179,257.22565307707345,2.0265623869502685,8.220639616587977,41.39419460726335
940,15.682333333333334,1410.3631567536315,1004.0888198308884,13837.0,1396.6265060240964,953.8915662650602,-1.837910213931002,detected,1410.380549401004,1004.1026920842517,51.069909453955006,-25.858040302242443,57.24311224861518,38.47416070071256,-17.031215528602637,42.07521056401227,39.04687419294773,45.53077592431392,257.207230354897,1.3153861736776415,8.089296953726354,41.29027268982858
941,15.699016666666669,1410.879507980951,1003.9245578768516,13929.0,1402.8097165991903,952.8137651821862,-1.727391832091426,detected,1411.0983423645685,1003.7444635737904,50.30443719949835,-23.012471786243623,55.318263346483796,38.434282508682465,-16.846501085745697,41.96425467930112,38.96025628306864,45.34044563523146,257.1553039280741,-0.1274499734786468,7.8806458901069725,41.217642959586925
942,15.7157,1412.044079138784,1003.0010183299388,13748.0,1403.0081632653062,952.7224489795918,-1.748615175827509,detected,1411.8101876741098,1003.4287656875943,50.336413713265756,-22.074877516963625,54.964122506431366,38.527705711763076,-16.187618010279802,41.79022713815942,38.88069627132247,45.02973548655033,257.3754465486976,-2.4961292561520203,7.37558222356768,41.13421776480438
943,15.732383333333331,1412.8645301908937,1002.8637158391416,13917.0,1407.4937238493724,951.9372384937238,-1.6758698892704025,detected,1412.5228831040224,1003.1348091775537,49.493723103507364,-19.63069182277468,53.24464938458522,38.61029550139079,-15.507994477117313,41.60832622693466,38.82888428368084,44.60397934346528,257.25048867758824,-3.7781501462195806,6.604760516674295,41.08077348254776
944,15.749066666666668,1413.6928728699982,1002.4507347309976,13928.0,1403.068376068376,952.4102564102564,-1.7800076249564525,detected,1413.2762487795394,1002.8694833870204,48.051389196776654,-15.994275393242788,50.643388996936174,38.43311497817387,-15.10886658211355,41.29627315293282,38.768863361463616,44.07048486108073,257.59543873113415,-4.234154369614284,6.500217069918822,40.78148298389326
945,15.76575,1414.5583002764756,1002.2229234282968,13865.0,1402.3583333333331,952.0416666666666,-1.8092874020496656,detected,1414.0248156147115,1002.617199124317,46.29310395930497,-13.093405870570678,48.109133763543404,38.206178301375765,-14.627498562121088,40.91058267223006,38.684675023724665,43.43840402327178,257.25192905482766,-4.990467494561547,5.836176145498188,40.49215754414784
946,15.782433333333334,1415.389170040486,1001.900954308849,13832.0,1407.2177121771217,950.7564575645756,-1.7292292594020635,detected,1414.739631534122,1002.3528615341488,44.68188252546406,-12.006181500694765,46.26682418587855,38.02696672421968,-14.226129358013939,40.60089844764346,38.587665462847454,42.718568235948155,257.16244750340786,-5.5875772743882655,5.421412551485574,40.23731154913872
947,15.799116666666666,1415.9645739051314,1002.0547973086224,13921.0,1404.708904109589,951.6575342465752,-1.790529158379332,detected,1415.428774668122,1002.0996428967096,43.87463022380507,-14.55419586162634,46.22561837827819,37.8089443344656,-13.823094337424982,40.256604535753745,38.51976378078503,41.92329118233032,256.9746526719848,-6.679327167160367,4.945973549952395,39.95161516623878
948,15.8158,1416.4782415096156,1002.198798950586,13849.0,1410.1416666666669,950.1833333333334,-1.6920199914849254,detected,1416.1196176436742,1001.8662603720751,42.99760028389028,-15.821719690606187,45.816159203291114,37.539116724978214,-13.553350945363373,39.91088330693423,38.48126165043126,41.06614352237181,257.1913482903444,-8.743498320456833,4.893825467906439,39.60970939844663
949,15.832483333333334,1417.164650903764,1001.7914986864248,13766.5,1408.2304347826089,950.6347826086956,-1.7436966002029146,detected,1416.7814907449006,1001.6516564878724,41.09182975993099,-16.194919116906476,44.16801872647552,37.150322540563735,-13.387398884526204,39.48884543464561,38.433690201837216,40.1617043716498,257.0991901621291,-9.458490881323115,4.755149020046581,39.201498333080096
950,15.849166666666669,1418.256388160808,1000.9686306895024,13925.5,1404.6113537117903,950.8253275109172,-1.8364837783036752,detected,1417.421716752439,1001.4355166561694,38.70725890618996,-15.506202583525464,41.69765233909643,36.76451269201289,-13.274269708357558,39.087538036711855,38.36390495880225,39.22529536025224,257.0994644804914,-11.753579979720142,4.73119862094088,38.800146770091004
951,15.86585,1418.8460877350044,1000.4743539242018,13962.5,1404.6131386861314,950.9087591240876,-1.8504263536901155,detected,1418.0629496614347,1001.2099189677401,37.91069156961839,-16.44682847494778,41.32455326039337,36.27749484590882,-13.099244476137791,38.57002512496676,38.303734001688376,38.27270394453733,256.97402960167557,-13.269091539670383,4.585492842037796,38.29647625482255
952,15.882533333333331,1419.5035641974864,1000.334759012328,13911.5,1408.5806451612902,950.2862903225806,-1.785673772548619,detected,1418.6899257886882,1000.9723015174251,35.33164574960392,-16.55503915800591,39.01787427447341,35.7870383064764,-12.896935496478374,38.04001913708158,38.29195421499972,37.319903438804445,256.6838552223738,-12.382686708545693,4.3075766093101695,37.79534150797499
953,15.899216666666668,1419.8704517616543,1000.4425510963806,13879.0,1405.837837837838,950.6602316602316,-1.8455470119865192,detected,1419.2909979375759,1000.7636947074875,31.263465197109326,-13.73716428319085,34.148410485324796,35.30800491244072,-12.660898639674972,37.50937969709792,38.27036736753744,36.38277778359817,256.11261995505083,-12.713359848989873,3.816389102487209,37.31472550454416
954,15.9159,1420.2132423241237,1000.491014050757,13771.5,1405.3978494623657,950.8566308243728,-1.8608677025941711,detected,1419.874131960178,1000.571091441223,27.045081974470122,-10.12703335063361,28.878941523031173,34.8627864672024,-12.363278820191944,36.990060062718975,38.33107255446127,35.47685915083586,255.714704170184,-12.918953261098737,3.3785912483537643,36.83544033427732
955,15.932583333333334,1420.985788908593,1000.0527547561314,13815.5,1407.012987012987,950.0714285714286,-1.8433973861212811,detected,1420.4267504058691,1000.3925115583328,25.989296905046103,-7.474479238839194,27.042769708564933,34.486129576897916,-12.106706900162436,36.549493637546256,38.501921734416555,34.61708584879602,255.29832120385976,-13.750675090603684,2.958230414322058,36.429580809787176
956,15.949266666666666,1421.2196231082655,999.6067132324408,13744.0,1403.3568281938326,950.9911894273127,-1.922913697652792,detected,1420.9651813621144,1000.2381706991007,24.686294817437556,-6.006315337983324,25.406475075317672,34.08914410077133,-11.769555127684024,36.06372378757837,38.702077847597636,33.81758639161206,254.78592424299063,-13.663554519305752,2.4111703214002898,35.983029765542874
957,15.96595,1421.5186445639845,999.546943804052,13663.5,1410.710407239819,949.1945701357466,-1.7822398312271344,detected,1421.4906152700685,1000.0889604942822,24.34098580032969,-6.36927921654069,25.160510874584975,33.68875114214991,-11.441486633519162,35.578639236242644,38.892864022268164,33.09149292600037,254.3690743982668,-14.015606849549279,1.9412639128450504,35.52563953433337
958,15.982633333333334,1421.8831453290986,999.5913676243322,13696.5,1407.5177865612648,950.098814229249,-1.8532870441778144,detected,1421.9812650230297,999.9557132147673,23.261401346480852,-4.901136557222799,23.7721251080884,33.20518725877095,-11.071145065290999,35.002210129458426,39.05245832884577,32.45078362734861,253.82897644198965,-14.166182483211234,1.3852869060802337,34.974786548806904
959,15.999316666666669,1422.4895383434111,999.8302860159324,13892.0,1414.135593220339,948.4025423728814,-1.731830199621805,detected,1422.4508713771775,999.8557908895325,21.272947170664338,-2.1205248270380253,21.37837474804763,32.75278979597134,-10.754874540571715,34.473360233701065,39.1641400125628,31.906149717391422,253.12104311141204,-13.506482162737818,0.7817600970490446,34.46449501955866
960,16.016000000000002,1422.7488353006493,999.8671518574844,13809.0,1405.9530516431926,950.262910798122,-1.8972755276310136,detected,1422.9095720816113,999.7692698889541,21.5149060538688,-0.8426128147712006,21.53139983518064,32.393920848488655,-10.594889617118241,34.08251448964803,39.26614436615336,31.466879276098393,252.20585070556803,-11.363752713868358,0.18851655679113755,34.08199312606121
961,16.032683333333335,1423.1423395445136,999.4316047956088,13846.0,1405.8954545454546,950.040909090909,-1.9067520306804877,detected,1423.3466558558107,999.688854358494,23.657469650862367,-1.6340814522782239,23.713837573749082,32.10103284817029,-10.47912843516398,33.768157229555335,39.362409028338554,31.14074805117799,251.62601344697123,-10.340753415769353,-0.1739353014439864,33.76770926774397
962,16.049366666666668,1423.4096713142635,999.5293110057016,13914.0,1404.6342592592594,950.1666666666666,-1.9342549835863976,detected,1423.777164930905,999.594757393964,28.078885945410548,1.2063899832905918,28.104789853815983,31.929992626711826,-10.488593118919,33.60855567792384,39.45291231920232,30.933907939525042,250.886787403764,-7.8644233275188915,-0.544629684749486,33.604142501521984
963,16.06605,1423.6385431239612,999.5688680034916,13938.5,1411.2748815165876,948.4976303317536,-1.8083133162792409,detected,1424.2056040341397,999.508090875643,32.06813107450398,3.1615484285271123,32.223600343187755,31.825827410263315,-10.626752086989637,33.553109397881535,39.49175810724688,30.85076720571065,250.53299608054488,-8.055779178190111,-0.5871422062745371,33.54797183580279
964,16.082733333333334,1424.0873465195164,999.5101046294968,13954.0,1410.0628019323672,948.8502415458936,-1.8408699465776224,detected,1424.6269154690679,999.4179356529536,30.258166625968443,0.5052889554444846,30.26238530739711,31.84525548982157,-10.837241320115497,33.63875884515405,39.5374982132808,30.893862504430224,250.4476516341971,-7.790189150951503,-0.4452629853978216,33.63581183078928
965,16.099416666666666,1425.0460699779092,999.4141309769828,14033.0,1408.57399103139,948.8609865470852,-1.885784970545564,detected,1425.0505798341205,999.3241420481664,27.777915919618863,-0.6708411468371196,27.786015199767398,31.909468418892065,-11.078813191395266,33.778014691602344,39.540966385157084,31.06373013086719,250.1879108098479,-7.874141048556726,-0.39223125368788203,33.775737314672114
966,16.1161,1426.1991883335168,1000.3495911107852,13634.5,1400.8275862068965,950.4137931034484,-2.0408905538387376,detected,1425.4649380436308,999.2287590516727,28.42609502378491,-3.2821236745880924,28.614947389721703,32.008303457489305,-11.339669901334789,33.957614811673096,39.51039713748872,31.358790640723043,249.6923913558512,-4.59987840315201,-0.47397968978363636,33.95430675115651
967,16.132783333333332,1426.805547377202,1000.2731733647382,13586.0,1408.984375,948.57421875,-1.9027511450659096,detected,1425.9022658038543,999.1010688122726,29.209437378122857,-5.5738001470872405,29.736483988968004,32.1908778042325,-11.711628307339526,34.255143430093895,39.42752127044444,31.775264958234356,249.59107347714865,-3.151377762894424,-0.24907861905978912,34.254237858370644
968,16.149466666666665,1425.826902973282,998.9909683222716,13711.0,1403.18359375,949.73046875,-2.0016582315533684,detected,1426.3395228003444,998.9600735525353,27.38865317169075,-10.16022626817994,29.212472000496284,32.48748005259278,-12.062815489386496,34.65469488682012,39.33260635404115,32.30713995753125,249.61755243101828,-0.6594836818454385,-0.007351347719774637,34.6546941070944
969,16.166150000000002,1426.1693836304446,999.1054593423617,13771.5,1412.395918367347,947.7020408163264,-1.8325950027352749,detected,1426.7952046728867,998.7863388953003,24.94101857883561,-16.61233644269214,29.967050736350757,32.82549138972666,-12.376693610708976,35.081268929592376,39.251742990110465,32.94619723439482,249.34165596575411,2.0299868585240395,0.00022398309648252734,35.08126892887734
970,16.182833333333335,1427.3155307510349,999.1003227873052,13528.0,1409.8018018018015,948.418918918919,-1.9035148629765828,detected,1427.2700732621897,998.5867049519145,25.4379949866925,-22.6564316772251,34.06472494073248,33.22354925399031,-12.623864672600483,35.54104928536088,39.239663268516644,33.68211169575915,249.3136324509981,3.3727219892014872,0.07368627838041242,35.540972899413276
971,16.199516666666668,1428.058488477658,998.9753510179208,13401.5,1409.8410041841005,948.2426778242676,-1.91554413526034,detected,1427.766672607273,998.3767615176363,27.09425947443833,-20.86315479969835,34.196054226538585,33.670798786616665,-12.906894203414714,36.05981986792178,39.24893904832775,34.50261873198627,249.42076176856676,5.791168307428672,0.24789843523067212,36.05896775107097
972,16.2162,1428.282919682868,998.2131530999164,13538.0,1399.7654320987654,950.5,-2.109512680505467,detected,1428.2763477350027,998.1732352107234,30.50906763290277,-15.715737509254723,34.3189104327167,34.1400164322416,-13.164069656009517,36.590073133323976,39.25539038836013,35.393742061527014,249.54096052987802,7.488949299101903,0.4004888273644447,36.587881335233845
973,16.232883333333334,1428.7261401120795,997.4807906902598,13591.5,1408.476923076923,948.7179487179488,-1.9643875560258004,detected,1428.8062689729877,997.9748635532229,28.864292497172755,-16.022385648457202,33.0130916945116,34.576060285123965,-13.382295862997953,37.07546071737125,39.27975706420975,36.3400700912097,249.87779281649125,10.256483913240007,0.670471186749257,37.069397834238934
974,16.249566666666666,1429.424323827047,997.1955351119288,13587.5,1401.351219512195,949.7219512195122,-2.104825019484774,detected,1429.338266096997,997.7770113983881,26.912752727845145,-14.35182755645792,30.500347761959063,35.12598111874334,-13.70850887843293,37.70620327246417,39.262124368033824,37.32506710831729,250.3343329896794,12.008703262117214,1.08794087789747,37.69050477070569
975,16.26625,1429.3676014769262,997.4328653107596,13496.5,1404.1605504587155,949.059633027523,-2.051177190736568,detected,1429.9190627034072,997.5351708844938,29.771318186075405,-12.316942343276423,32.21860417870612,35.69752048709801,-14.065799156158212,38.3687330365255,39.23323712911904,38.33140629712819,250.79694448755492,12.345645467184877,1.5416399899578366,38.33774929452075
976,16.282933333333332,1429.8418319518453,997.6385805210184,13512.0,1414.2173913043478,947.3260869565216,-1.8719018083743613,detected,1430.518215692677,997.2842692901027,33.36645348436832,-9.13351428943497,34.59394891306611,36.29578599707737,-14.543926345829467,39.1012771492,39.106719236974726,39.34131351852269,251.1514546075696,13.055942995302876,2.0380265632234433,39.04812828326277
977,16.299616666666665,1430.5580466148724,997.2178073745222,13515.0,1415.5694444444443,946.9675925925926,-1.8606738107107208,detected,1431.1466429076722,997.0082305677349,35.46399740605648,-7.8180889063269206,36.31552871932354,36.8898906080794,-14.964296235610034,39.80947363258094,38.94665169457046,40.33691308046614,251.70398090678844,14.067572975040804,2.627096685151731,39.72269570296082
978,16.316300000000002,1431.2359637774905,997.1261997166266,13527.5,1413.7386363636365,946.9621212121212,-1.9064034250493345,detected,1431.8076550051253,996.7123933703624,37.11389178477202,-8.835405021191036,38.15108576830096,37.36552217128665,-15.26150845210291,40.36205999904518,38.806832994451824,41.30056872271345,252.3828255749733,13.48693352365553,3.2368591512995515,40.23205973103007
979,16.332983333333335,1432.2736549504407,996.728978457262,13670.5,1412.8464730290457,947.3153526970956,-1.945387386890962,detected,1432.4748474246883,996.4217603228574,40.02955430723341,-13.037369684239366,42.09914757235914,37.83100201920729,-15.561965743728232,40.906716949496655,38.75855835452842,42.21521445447663,252.8721622647819,13.515528713896439,3.730386328099696,40.73627019535986
980,16.349666666666668,1432.7688156288157,996.5797802197802,13650.0,1417.218106995885,946.19341563786,-1.8701509916019416,detected,1433.1805271646806,996.1004399200558,40.74144052649899,-17.760153698090107,44.444212621600556,38.25243041313695,-15.833720625967752,41.39994132088935,38.715422238045235,43.06467069414141,253.53768052677128,12.930612543673357,4.34448385258143,41.17135656530813
981,16.36635,1433.2910857933243,996.4661667819314,13736.5,1414.5967741935483,946.032258064516,-1.9257649973929525,detected,1433.892201923537,995.7548609485295,41.580174316495686,-20.418106187304602,46.32288804107764,38.61781855722977,-16.111321144377378,41.84388341366491,38.71134435554429,43.83394148915498,254.07414135476415,11.410069032833896,4.896461018926447,41.556410439624294
982,16.383033333333334,1433.8770773742713,996.361104070869,13809.5,1417.2582159624412,944.9014084507044,-1.8831721229744685,detected,1434.610815118063,995.4025917531583,43.30313549487528,-23.544099956536684,49.28981828380906,38.92910303505634,-16.363681808640425,42.22848736870009,38.74376985076723,44.509488631476124,254.73910543865293,11.558751890573689,5.53994345212433,41.86351839006998
983,16.399716666666666,1434.608840840841,995.6407927927928,13875.0,1423.388,943.996,-1.7847407464950444,detected,1435.3427636971903,995.0351344555311,44.69681516840046,-27.281551246096114,52.364953209102765,39.16047281276714,-16.504358286758738,42.496311291418884,38.78603279545451,45.0794784171675,255.30826045868952,10.935448619336437,6.03291725796203,42.06590522900654
984,16.4164,1435.4243774605704,994.8251092915972,13801.0,1432.888888888889,943.0353535353536,-1.619714606845288,detected,1436.0899001794123,994.6820906862713,48.81816536397855,-31.246116781283035,57.961479306642374,39.36532345768619,-16.602715248359985,42.72328223049329,38.87600943772461,45.5339967687944,256.0983134840199,11.33853073829049,6.658632534475069,42.20120208379394
985,16.433083333333332,1436.3775269991506,994.4327508797476,13735.0,1426.6523605150214,943.2274678111588,-1.7584859438602738,detected,1436.8381254478925,994.3169963867407,51.45991373916149,-33.64990033710774,61.4852707137183,39.498498489825536,-16.571641889710726,42.83398998309129,38.952985056953096,45.86522854260561,256.5913727032252,10.32571120917642,6.96043536266701,42.264678366618384
986,16.449766666666665,1437.3374605574152,994.0401324550984,13891.5,1435.5608465608466,941.968253968254,-1.6049015897634642,detected,1437.5849177836992,993.9422333821296,53.25731568585525,-34.090462080172074,63.23370366270264,39.60085583133372,-16.55472243768116,42.92186642683123,38.96382528816215,46.06759715741467,257.13793300347197,8.631821197170852,7.3240068742295765,42.292381593721814
987,16.466450000000002,1438.102514810785,993.207205900133,13785.0,1423.53125,943.1614583333334,-1.8541224143900603,detected,1438.332989535148,993.5768023096596,52.82849010538848,-31.571887830546075,61.54375246927759,39.60771508037659,-16.48092147031446,42.89978865214797,38.84820430668332,46.137861272331165,257.4369720080988,7.386479467476152,7.471113206819199,42.244222490772096
988,16.483133333333335,1439.2046388336646,992.6671486234112,13832.5,1422.1027027027028,943.372972972973,-1.9047391387333104,detected,1439.0786991414461,993.2138122437382,53.04438326319905,-28.550700843398772,60.23992956853787,39.504206393650676,-16.318689631966173,42.742039657655454,38.65518112526748,46.07516612404556,257.9685373778842,7.02327714177307,7.7256177356561615,42.03803973425861
989,16.499816666666668,1439.948163230678,992.2287750427226,13751.5,1424.3705357142858,942.8214285714286,-1.876220680128425,detected,1439.8142667115824,992.854337219066,51.951699418635144,-24.439303272955385,57.413052670553085,39.38034162360522,-16.087392476822185,42.539575727728746,38.52026581582366,45.88104825590142,258.5341192586539,5.828586143082269,7.938144435549576,41.792360139330754
990,16.5165,1440.8788645204802,991.7743372957088,13838.5,1439.7063829787237,940.4893617021276,-1.5936544312715486,detected,1440.5700150851037,992.4949780505261,50.7184221540283,-18.00760683228691,53.82037021073392,39.238985225924715,-15.767056309491428,42.28827291610538,38.45575602713357,45.55939361559355,258.72850233384816,5.551066850068834,7.7933560264872925,41.56394625238833
991,16.533183333333334,1441.4862057302992,991.4732328356766,13798.0,1430.72,941.515,-1.7830542973967856,detected,1441.35266743253,992.206655502881,49.41802241588721,-12.20636481264819,50.90320502126155,39.110935238643975,-15.374047527454344,42.024119177180005,38.467210253346025,45.11635023883886,258.7001772532504,3.4273051783132904,7.412507378544595,41.365218807360975
992,16.549866666666667,1442.6351245116891,991.2774330878174,13780.5,1434.1946902654868,940.716814159292,-1.7362079466603315,detected,1442.1250827967096,991.9532314917391,47.63904197994452,-9.58545115163497,48.593818480824254,39.02175452501719,-15.024594243997319,41.81430088387771,38.499768126631025,44.560197872567834,258.6961358313974,3.2905146898673925,7.084395739670643,41.20979368319129
993,16.56655,1443.2948029324236,991.4790230093636,13777.0,1441.4132231404958,939.1735537190084,-1.606753729100111,detected,1442.8443276744208,991.6605624577442,45.84602983316472,-8.790060710489797,46.68108416433284,38.67930490941975,-14.73138193414922,41.38963930702514,38.57415288695398,43.90117786368768,258.5615678561901,1.8983979302353906,6.768112934039665,40.832522445689364
994,16.583233333333332,1444.0357888386125,991.713604826546,13812.5,1435.7955555555554,940.1155555555556,-1.7291595325569942,detected,1443.5368504151068,991.3683260182363,46.156133654527366,-11.291511252541568,47.51722740544598,38.316858214300396,-14.264449047924622,40.885891577115416,38.66476636233097,43.15128743470241,258.59302388683983,2.486088053023892,6.404503329805805,40.38116475727445
995,16.599916666666665,1444.7336399348471,991.3668199674236,13916.0,1438.9847328244275,939.56106870229,-1.6813145920831074,detected,1444.2308246866644,991.1410182113867,44.86033476890589,-13.055027098813753,46.721337396622836,38.045128924457366,-13.971366989153047,40.5293835435993,38.67330346059568,42.32404312169826,258.59231582929533,2.0089512594895114,6.170457191266871,40.05691436537419
996,16.616600000000002,1445.506602023104,990.9437720715867,13922.5,1438.7441860465117,939.3604651162792,-1.7011499324276642,detected,1444.9334071438345,990.9203823057696,43.10020260121928,-17.564325867261232,46.5417340398646,37.71521522593334,-13.610050382561997,40.095771983519036,38.73478089032812,41.43421873925283,258.5363973901242,1.4689644188924462,5.8428203471232,39.66777509951363
997,16.633283333333335,1445.9764573584357,990.596147567744,13783.5,1440.6363636363635,938.4504132231403,-1.6728476797553191,detected,1445.6088042344654,990.6946855856484,42.31089002036788,-20.487570922376563,47.010126319922556,37.336528986146924,-13.316699564899057,39.6402684657303,38.84077832021634,40.49756384134299,258.0267590669322,-0.5076971384446809,5.281345731414908,39.286871487819404
998,16.649966666666668,1447.2663117906943,989.8013289986068,13995.5,1438.65234375,939.0546875,-1.7389382410469794,detected,1446.2723685259177,990.4735489984987,38.75612788400849,-19.31839554236967,43.30401661385545,36.88672679358078,-13.15176786266907,39.16120033218856,38.9600381393298,39.53050930306446,258.0024764039688,-2.8522458130385004,5.196866080799207,38.814845026046974
999,16.66665,1447.5305947641452,989.9471830136324,13815.0,1435.2207792207791,939.5497835497836,-1.8103606413970816,detected,1446.9140847703923,990.254444176713,36.461723645241364,-17.122982906489597,40.28217763227167,36.48937075578305,-12.98256136539541,38.730105573820126,39.12518452947234,38.54986730558998,257.47614514576713,-5.717289532975176,4.76107510488386,38.436353125718206
1000,16.683333333333334,1448.318151292752,989.1796421547464,13898.0,1439.1794871794873,938.8333333333334,-1.7503573667473602,detected,1447.4807936218217,990.0233931798342,32.53276665274916,-13.243757822378939,35.12517654532218,36.18644027773921,-12.560908899744215,38.3045022466297,39.316422819426116,37.57253351759601,256.931431969505,-8.17417039988596,4.053215548042736,38.089451769265
1001,16.700016666666667,1448.8329370511804,989.2479045080096,13879.0,1438.2777777777778,938.9907407407408,-1.7778105297779023,detected,1448.0628176433495,989.8753033218429,29.727754971615468,-9.386909415463379,31.174564696664543,35.68212152135634,-12.351236182318905,37.75932774158281,39.47237537780698,36.615199396816685,256.5485861788568,-8.673317666761642,3.7120104208257825,37.57642625545896
1002,16.7167,1448.8657377168154,989.5126641991436,13779.0,1431.9028340080972,940.5708502024293,-1.904432985997878,detected,1448.630194329965,989.7092107017344,26.569475026624787,-6.261410889915169,27.29729417951139,35.17869578284512,-12.056984094615796,37.187518100026296,39.58945437735577,35.69408201471897,256.05203633887646,-8.471462573785749,3.221991595191504,37.04767567068544
1003,16.733383333333332,1449.6476439094545,988.9846633552085,13790.5,1437.138528138528,939.5194805194806,-1.8184905827290163,detected,1449.1720196984604,989.5642988593052,26.154150448853215,-4.350316880534592,26.513484166784135,34.72299609356616,-11.76440744461929,36.661802195702606,39.67126083684916,34.82467740847669,255.61827741543732,-9.46172609550579,2.7712108075033655,36.55691632095357
1004,16.750066666666665,1449.769246571204,989.157283547822,13792.5,1432.68345323741,940.4028776978416,-1.907868542916338,detected,1449.7077310516897,989.4311179006886,24.784551449801256,-2.68067832581346,24.929100000889154,34.34085150537891,-11.523420918088132,36.222690565030035,39.682670256437675,34.02154110229084,254.94167515761225,-10.137651490866967,2.2058997947912378,36.15546041561711
1005,16.766750000000002,1450.3432132154082,989.1281095436492,13681.0,1431.7,940.8,-1.938969803503024,detected,1450.2193574461812,989.3096271819935,25.113176825626397,-2.168870497872831,25.20665883277119,33.966008529493145,-11.262547595599628,35.78455971181912,39.73211313844817,33.298096267036,254.12659026144635,-8.851297714036049,1.5429480063302403,35.75128005006967
1006,16.783433333333335,1450.8766413728836,988.925704050636,13771.5,1434.8879668049792,940.1742738589212,-1.887705991158673,detected,1450.7164022755053,989.2069496134932,26.696876647460158,-1.6748269155173148,26.74936014050887,33.55675695520663,-11.00312368371871,35.31465231529287,39.84981557990596,32.66646646005664,253.38204028936798,-8.808059043018705,0.9467011381782111,35.30196064108893
1007,16.800116666666668,1451.175794603244,989.1977113487042,13749.0,1433.9713261648744,940.4193548387096,-1.909880700852657,detected,1451.188996037622,989.1287640678717,25.841390608117763,-0.28925105301595977,25.843009397765343,33.17954180078099,-10.771054219863956,34.884059441484474,39.94013929005001,32.137326765723856,252.55003323227444,-7.560937075038744,0.32571745280525377,34.88253877311627
1008,16.8168,1451.5840041768356,988.804065129494,13726.5,1434.071428571429,940.2142857142858,-1.9167208894487957,detected,1451.649668787334,989.0484794556796,25.78233653783991,-0.5023594647786922,25.787230219282712,32.821619575865846,-10.632749755128929,34.500928667762764,39.996695415018706,31.719765392595704,252.20699501694452,-6.8672402816881455,0.09455062981043127,34.50079910837511
1009,16.833483333333334,1452.0378919440425,989.1879643029426,13820.0,1434.1194029850749,940.044776119403,-1.9204340131487576,detected,1452.0911828848286,988.9634066119838,25.299499374263178,0.4330400213161738,25.30320517737633,32.55440537945344,-10.62866505743161,34.245551981430445,39.99000518681783,31.421148262501184,252.0390369748708,-3.811260064532624,0.07192892939566065,34.245476442034956
1010,16.850166666666667,1452.6384276030271,989.1002713915092,13940.5,1430.9274193548388,940.7056451612904,-1.992505681327645,detected,1452.5174699108998,988.8831723596749,24.134602577466467,2.311150175547482,24.245008902992474,32.42160434075268,-10.700544420139577,34.141793727273516,39.93635969798261,31.24698231053507,251.82035267009198,-2.442375269609657,0.05094686056592934,34.14175571544457
1011,16.86685,1452.938392536778,988.95551967468,13935.0,1435.2592592592594,939.4973544973544,-1.914098234965648,detected,1452.954641836366,988.8057668815939,22.427970697372984,-0.7149032484808231,22.439361761353858,32.314972300804214,-10.853269272929236,34.08886751877295,39.81280941901112,31.200778785780987,251.86930285844528,0.7180917027826718,0.25843986561629073,34.08788784228665
1012,16.883533333333332,1453.178480800536,989.0761634587764,13924.0,1434.1787234042554,939.9106382978724,-1.9395627757198408,detected,1453.3894961828073,988.7036807809274,22.24488523207947,-4.840604591305237,22.765464453811447,32.2491389492118,-11.103480773823906,34.10709967529116,39.70672718304661,31.2839245670154,251.76265783793002,0.6716952699008848,0.45323719801365137,34.104088087831684
1013,16.900216666666665,1453.8031348709696,989.1706776327552,13982.5,1431.0376569037658,940.7112970711296,-2.009980894850188,detected,1453.8245333202615,988.5903061860616,22.313390656953743,-7.842685260086455,23.65153514464987,32.33238744147057,-11.450107745077288,34.299974417472136,39.58067607470178,31.49557546888385,251.5027300287436,0.4342091863674621,0.6008250162171098,34.29471175471709
1014,16.916900000000002,1453.9234630467572,989.446407239819,13812.5,1438.6615969581749,938.3764258555132,-1.8611905901951944,detected,1454.2635465903927,988.4584175941488,23.89973607399861,-5.93253669408341,24.625035553952742,32.458206753221475,-11.842024711922065,34.55095852378983,39.49870893941893,31.83258873470822,251.37638390429942,-0.08480503439023981,0.8564130074854202,34.54034295824601
1015,16.933583333333335,1454.0161709675851,988.5517203674004,13718.0,1436.090909090909,939.0330578512396,-1.918112496550312,detected,1454.7154228710237,988.2960120843749,27.19059498039678,-10.579340817290813,29.17620447413224,32.65103987420466,-12.231508293501554,34.86689260603675,39.49670841633612,32.28951114201127,251.6920144168808,2.2923371742591923,1.3558695294101408,34.84051976966069
1016,16.950266666666668,1454.808379699882,987.8430281571405,13839.0,1441.9,937.2576923076924,-1.820644564896716,detected,1455.1630898546498,988.1137639033504,28.163141073614497,-13.730273689548085,31.33181977993312,32.910235055361746,-12.626857506352579,35.24941278780249,39.50593634276522,32.85863441834177,251.76241123332125,2.9473968377913384,1.6930479034191173,35.20873031907884
1017,16.96695,1455.2692246902773,988.277601488128,13708.5,1439.9771689497716,937.5251141552512,-1.8634513392747143,detected,1455.635583568511,987.9160107568391,29.06485694564799,-15.324422133596727,32.85732525632072,33.27346356680859,-13.018137820226162,35.7294736882331,39.484801558833304,33.53012230007648,251.98965046536964,3.7991314515491887,2.0924762733180042,35.66814871960335
1018,16.983633333333334,1456.003009947509,988.895398206267,13621.5,1443.9543378995434,936.8767123287672,-1.7984046748827434,detected,1456.1176132862938,987.7276985143246,29.97710904872929,-16.888523396057735,34.407111029823426,33.68483308133434,-13.404546192825013,36.25396307099316,39.46351370781718,34.292205620946596,252.38371952682263,6.441853290928943,2.5815338062190367,36.1619347043308
1019,17.000316666666667,1456.6701748019111,987.2909937700356,13777.5,1442.303501945525,937.124513618677,-1.8497112805044107,detected,1456.6165291655554,987.5276804079834,31.012738203333356,-15.076150265341766,34.483042755703224,34.1415576918847,-13.655902238518376,36.77131528210899,39.40042591791402,35.13143525209238,252.78908438087984,7.315950459594388,2.942271556907098,36.653412742358356
1020,17.017,1456.7229970727867,987.3939561655966,13551.0,1442.586046511628,936.6325581395348,-1.8424117332216592,detected,1457.1396549324736,987.3007412105778,35.62870039270638,-10.726804369769525,37.20844828342808,34.600133778795204,-13.854551958302082,37.27087156850262,39.32112626320387,36.032978728551484,253.21767210670203,9.19958286195806,3.274145286540806,37.126780632293446
1021,17.033683333333332,1457.3513125965144,987.2423462509498,13599.0,1444.9310344827586,935.896551724138,-1.80813209165456,detected,1457.689392265677,987.0510068676781,35.56672443183288,-17.212444681547822,39.512784497239394,35.074343049091475,-14.04000421803421,37.78003783438775,39.202175579359476,36.980945197328516,253.76880035268235,10.490072774608507,3.676623218772292,37.60071409527955
1022,17.050366666666665,1457.6163396519232,986.6732685462316,13531.5,1435.8127659574468,937.808510638298,-1.9904877062696575,detected,1458.2509096278982,986.7909018931396,34.861658760648425,-17.161510102008833,38.85682283107108,35.547162229768915,-14.253542113501348,38.29835773725639,38.99179927663983,37.958724348340255,254.38580292640336,12.287813241472138,4.159708201791867,38.07178788876104
1023,17.067050000000002,1458.4501057654466,986.5492178276268,13552.0,1441.0652173913045,936.8304347826088,-1.907172138181802,detected,1458.8489010537965,986.5079471660672,36.229579031237336,-13.296626301849756,38.59252087894382,36.15826248800806,-14.584410563546498,38.9887801506764,38.84470950730507,38.94932733187849,254.88258899910926,13.894266442462756,4.649695719544054,38.71053225355383
1024,17.083733333333335,1460.3618607820129,987.5781571343856,13209.5,1442.4158415841584,936.1089108910892,-1.9062899074173287,detected,1459.456771652554,986.2175131725232,38.44916730540626,-15.853383758140808,41.58928038644098,36.74131649841199,-14.829703380484728,39.62126247849305,38.81927690377436,39.93572044056008,255.42127006556237,14.261016043185712,5.104066389007054,39.291130636394904
1025,17.100416666666668,1459.787367127496,985.5091735791092,13562.5,1445.1743119266057,935.3394495412844,-1.854227027990523,detected,1460.1044766855648,985.8943063094255,38.845188711164155,-16.580086603682958,42.23562427372872,37.30174185969898,-15.13907419543212,40.256819462824154,38.871113472372045,40.90114489189394,256.1951197378807,14.592761220406677,5.800967325020753,39.83667018409621
1026,17.1171,1460.2951243854654,986.0182727731984,13526.5,1449.2037037037037,934.2453703703704,-1.7818384557897735,detected,1460.7859457924087,985.5545118068729,38.3773737074298,-17.19248404432983,42.052399697214184,37.779497972057165,-15.339194355681188,40.77476364740859,38.957488385610084,41.829418043460265,256.79506066416116,15.436949243554379,6.3034619606615845,40.284584121131566
1027,17.133783333333334,1461.1531329884172,985.6356364436942,13626.5,1445.3039647577093,934.7356828193832,-1.8726594516238373,detected,1461.4581073758523,985.231932889819,36.9291691407625,-20.338842918757564,42.15960228347677,38.227408665928664,-15.521410767417889,41.25831995516582,39.08761862704731,42.705212729285826,257.2263476454429,14.943526371553537,6.685191487711082,40.713108212165146
1028,17.150466666666667,1461.819837811668,985.2191842168966,13770.0,1450.150234741784,933.6338028169014,-1.7932709059753964,detected,1462.1403447119594,984.9084179152364,35.849196028500955,-23.12050930399937,42.65820913219647,38.778883931523204,-15.843629636160207,41.89060084341549,39.21793676635661,43.514312211698325,257.87058750956515,14.80301225432895,7.341691027943424,41.24223577684141
1029,17.16715,1462.5848776603443,985.030500458472,13814.0,1459.3085106382978,931.558510638298,-1.631992404538905,detected,1462.8479093919084,984.5695137406386,42.31233548270211,-20.15375595009573,46.866913840114876,39.153581716089796,-16.02468384268691,42.30595056793538,39.345066318455025,44.243838636796724,258.2164954234307,14.517352549937971,7.691264757693127,41.600936286142165
1030,17.183833333333332,1463.0487781249244,984.657753881179,13763.0,1455.5409836065571,931.8196721311476,-1.7119420848270497,detected,1463.5729789073748,984.2282954894397,45.44613772975026,-25.456801033618376,52.090307672509134,39.50579204123792,-16.17101770911273,42.68734494617784,39.4344343790066,44.882453000944146,258.60607827200636,13.2837437729008,8.047820101494857,41.92185599622171
1031,17.200516666666665,1463.896517954298,984.0888284367064,13785.0,1462.108108108108,930.6666666666666,-1.6042607569628151,detected,1464.311767000294,983.8765093221051,45.968878878435135,-27.78914286569352,53.715680080868054,39.83766900077921,-16.28772095997726,43.0387003229155,39.424504571532744,45.42052462656603,259.1069460770714,12.120322839528074,8.46586362807452,42.19785395629228
1032,17.217200000000002,1464.516504901603,983.689046194264,13703.0,1454.5073891625616,931.6945812807882,-1.7609734187152668,detected,1465.0586236073723,983.528919933312,46.81885322540529,-29.1203691698488,55.13620333256838,40.09660477227846,-16.289869878861314,43.27929730176469,39.41162790745539,45.85026817032581,259.3743199267759,11.51035960503794,8.617055714583769,42.41278021712672
1033,17.233883333333335,1465.531076722357,983.1263726307396,13796.5,1461.2826086956522,930.2782608695652,-1.651013976810425,detected,1465.8227496059865,983.1611144266983,48.712848419916554,-30.80092446119943,57.63365812479961,40.25285649814337,-16.242405073775224,43.406314964999304,39.43112967267807,46.165846382833706,259.5978445104081,10.817527962062393,8.707555237435649,42.523953962769376
1034,17.250566666666668,1466.7083303063323,982.5301368204384,13765.0,1459.5274261603377,930.6582278481012,-1.7083573346605796,detected,1466.5864680299007,982.812927592454,50.29536053735865,-30.569281767411212,58.856641760792584,40.39471925686864,-16.091879002970046,43.48197228378058,39.47193710163655,46.36343726457393,260.00029201036955,8.895049640961842,8.833154803340108,42.57531315102324
1035,17.26725,1467.1504558352956,981.892422870253,13802.5,1462.87786259542,930.1832061068702,-1.653236358943974,detected,1467.358971374338,982.4779381315547,49.959396994172494,-27.81332985561312,57.17973999309958,40.51748737939093,-15.934867579871039,43.53833699542425,39.5475316334154,46.44126489546514,260.13033936879424,6.616949784595546,8.754036420094915,42.64919266155903
1036,17.283933333333334,1467.873668133824,981.5897852177886,13859.0,1457.1944444444443,930.5198412698412,-1.7769357292743613,detected,1468.129791026122,982.1531459585046,50.65266031189731,-24.68093380003711,56.34572290701639,40.573218266249775,-15.771479085965126,43.53074307934313,39.74059403490165,46.399593999055696,260.1446391742191,5.901331563501646,8.594164125752343,42.67394914956209
1037,17.300616666666667,1468.9816873694758,981.011468028344,13806.5,1460.0387931034484,929.8103448275864,-1.7437140879492172,detected,1468.900056176513,981.8384581565947,49.878483373466224,-20.856434191099652,54.063425259641264,40.51988960915442,-15.510658279149382,43.38711760638871,39.94320911285897,46.24068917421862,260.0902289453428,4.851586041759065,8.305883817114474,42.584671751784136
1038,17.3173,1469.737901230097,980.6739217035454,13806.5,1457.9595141700404,930.2307692307692,-1.8001846414226972,detected,1469.6672841101242,981.5543388427246,49.91542087862126,-18.9645559531009,53.39666304169385,40.47440214893563,-15.247993527059888,43.25134143486218,40.09863328027662,45.968740614343346,259.891826788861,2.929094101499384,7.9077690186768645,42.5222967990004
1039,17.333983333333332,1470.4661825276394,980.6824192499458,13839.0,1461.3939393939395,929.7316017316016,-1.747008384166571,detected,1470.4265930949273,981.3070382655603,51.33618583925545,-15.833077105062785,53.72234457967593,40.29630936214257,-14.95161506752221,42.98073221033881,40.15805451137885,45.589758959540504,259.9678876084106,1.8792605248005878,7.703387749674828,42.28476272269972
1040,17.350666666666665,1471.5184231211076,980.493947638914,13782.5,1461.7246963562752,929.5870445344128,-1.7608592061700885,detected,1471.1501750660657,981.0534609539222,49.866279753595336,-12.277154485567735,51.35537341628749,40.0940931951142,-14.769066795131286,42.72776197201946,40.16357761864485,45.11144263707732,259.91323543748223,0.1999389777209426,7.518739746647899,42.0610294186879
1041,17.367350000000002,1472.2816884373487,980.2681543299468,13780.0,1461.2311111111112,929.5555555555557,-1.7853483852947898,detected,1471.8913699407426,980.7823524126484,46.855135849046746,-8.147390374857878,47.55821406816022,39.80557772048622,-14.607462428190786,42.401202533096566,40.20055032364836,44.54302162041999,259.86789637832703,-0.06398888631647007,7.3771248877485895,41.75452076893273
1042,17.384033333333335,1473.1577511378316,979.6326343365566,13805.5,1466.0763052208836,928.8313253012049,-1.7092987997458964,detected,1472.619844077431,980.5404202135185,45.167060624553415,-6.539251038456314,45.63797946454286,39.468706804403155,-14.344571899811838,41.994589649153745,40.209433576406376,43.89508197277793,259.8095387221245,-1.144629107887366,7.135448752073654,41.38394532795709
1043,17.400716666666668,1473.9391559287678,979.8147048887602,13814.0,1462.381679389313,929.4465648854962,-1.7963518442256736,detected,1473.3599890856317,980.3287536856368,43.854275616835366,-7.103899242073567,44.42592570019104,39.0340242220286,-13.898191948999049,41.434463752016114,40.24634355209069,43.17937580993291,259.844227140112,-1.726255503796974,6.797761728497951,40.87303783546932
1044,17.4174,1474.470814270447,980.0392065035963,13879.5,1466.2645914396887,928.5875486381324,-1.7289580308156527,detected,1474.0666145627288,980.1131224945768,42.3609289371625,-6.35963680138957,42.835654315825735,38.704036658821764,-13.782102902779354,41.084654241093695,40.34639981907719,42.40862136623824,259.8427257033446,-3.2024628944389417,6.74061458168723,40.527927768038715
1045,17.434083333333334,1475.0111933562016,980.0978034542936,13847.5,1464.1583011583011,929.1814671814672,-1.7808049653371465,detected,1474.7414759222124,979.9311199859371,40.329512981287735,-5.575931212978048,40.71315053148944,38.284210191529986,-13.704476054267358,40.66317023931159,40.48016781702738,41.596297632321225,259.771098839214,-4.471873637674257,6.688104581770642,40.10938382741044
1046,17.450766666666667,1475.7416488855135,979.8166672694176,13825.5,1466.308,928.7,-1.7532942349727256,detected,1475.4062380603475,979.7464587270871,36.51506678469923,-3.6964526342694626,36.70168748665983,37.82747282700095,-13.559142916333114,40.184176700575094,40.601931710377514,40.75643753965414,259.5153669991738,-4.370728202487815,6.449222536722263,39.663277547057
1047,17.46745,1476.5802884094112,979.396159360054,13834.5,1469.31512605042,927.7478991596638,-1.710545561277554,detected,1476.0351275713965,979.5657281937887,35.50149876420528,-6.527588413912781,36.09661791645191,37.34350530365321,-13.506728109641701,39.71107015168139,40.74112553007453,39.9034228930723,258.86080890136554,-5.621479997898553,6.037762425088014,39.249388753074314
1048,17.484133333333332,1477.3353479787197,979.3936520574716,13815.5,1466.391304347826,928.4391304347826,-1.7823627879975212,detected,1476.644235608872,979.3896182576035,37.3948489101831,-11.199688128338948,39.03598005926684,36.92649204654689,-13.423392347473532,39.2906258155543,40.79600921261266,39.05178318640564,258.71006196529845,-8.3376966349302,5.934392501012938,38.83987979669637
1049,17.500816666666665,1477.6026866286325,979.3169204307328,13759.5,1463.3347107438017,929.1446280991736,-1.8478615865669143,detected,1477.2854415613872,979.2600506001747,35.77124284754973,-11.793349661560114,37.66516840660874,36.67420803949992,-13.14083801024664,38.95740185043227,40.73568914528447,38.21599909392471,258.4134917128099,-10.833697051983977,5.507147678833771,38.566183158041184
1050,17.517500000000002,1477.7234670962705,979.5791227299356,13656.0,1467.7354085603113,928.089494163424,-1.7623986599010415,detected,1477.8668205675951,979.0751461623681,33.56355902686937,-11.275574623030025,35.40693544532854,36.29429860990828,-13.096098981861754,38.58476279735189,40.67260967672791,37.41030991987622,257.89948612091604,-11.711653690043045,5.1968444264357005,38.23318883032561
1051,17.534183333333335,1478.6897538498847,979.0224323996604,13745.0,1467.4556962025315,928.3333333333334,-1.788897701537593,detected,1478.4338426635622,978.9178359565758,31.97820118310665,-10.550407817467658,33.673676009935804,35.86671871852136,-12.93821986376113,38.128979069423735,40.61076639102788,36.648522835642744,257.4719222474501,-11.872663079641722,4.850020924033657,37.81925887577636
1052,17.550866666666668,1479.823455537845,978.181592039801,13802.0,1466.6008230452676,928.6460905349794,-1.8316468346945296,detected,1478.9903132211755,978.7551854108052,31.28010325021478,-10.19333823880379,32.89907299293943,35.477831305141436,-12.758732777329545,37.70227813009947,40.58622841862324,35.943820642095396,256.7415114086233,-12.177643948392857,4.282003496518335,37.45832647429916
1053,17.56755,1479.7498383416907,978.513316984493,13660.5,1470.2096069868996,927.6899563318776,-1.7563505263249737,detected,1479.5426361743566,978.5779768256426,30.211294531117346,-7.6240781652559235,31.15844805371174,35.039921588197224,-12.517838322338047,37.20876753093557,40.60076546705222,35.30856440425031,256.24194609727545,-12.313611309228383,3.825405379434624,37.01160162508774
1054,17.584233333333334,1480.247954897192,978.3367356965632,13569.0,1466.9928825622776,928.4199288256228,-1.830349615131568,detected,1480.0713656259763,978.4275795121268,29.128959370612392,-5.178513647819273,29.58569379979854,34.68113629700559,-12.351168950898202,36.81484197039436,40.61908415809144,34.75408797745203,255.882353579239,-10.144473694367816,3.5189212413472006,36.6462792463615
1055,17.600916666666667,1480.7998131022598,978.299788829826,13733.0,1465.4163424124513,928.5836575875486,-1.8708783666832536,detected,1480.576958845479,978.2954123553469,26.19616675679754,-1.8696226168331123,26.262799574289833,34.314799817886865,-12.286816288739148,36.44820079311013,40.61977553630303,34.29048348831003,255.48042586515808,-8.769717781819208,3.2913116327423406,36.299292125206094
1056,17.6176,1481.238091766307,978.354087683484,13716.0,1470.31338028169,927.2183098591548,-1.7812734078185448,detected,1481.071130640993,978.1678146686647,25.19142025559995,-1.0197817506946194,25.212052857974523,34.002990398039515,-12.3372222168043,36.171956099110496,40.660015799905395,33.92638032998022,255.24712922884498,-5.9334903865014486,3.2716281000759047,36.02369855540614
1057,17.634283333333332,1481.3659476768776,978.6503051175156,13792.5,1470.455223880597,926.9141791044776,-1.7786424829137866,detected,1481.5527177065285,978.0288372561643,26.57506848970843,-2.9906488643387092,26.742816715194085,33.688770494905555,-12.385805285988694,35.893473362727725,40.73445123484619,33.66872482713865,255.0894719309458,-5.843097185437764,3.300290883974105,35.74142568675741
1058,17.650966666666665,1482.036039293678,978.5294280720786,13827.5,1464.1054545454544,928.5454545454544,-1.915224217084709,detected,1482.0233555865482,977.9002025391644,26.774406701429143,-5.345311176647101,27.302769196342012,33.494402178007014,-12.603946990557736,35.787350516668184,40.731325931959454,33.52257254779409,254.99129568107458,-3.931537798513995,3.5000780489586454,35.615781763904444
1059,17.667650000000002,1482.5303244346242,978.2208497844748,13803.5,1466.2535211267605,927.6549295774648,-1.8822152661444809,detected,1482.504754794906,977.7522037019602,26.197231759000715,-9.739585647032072,27.949140960155983,33.38516731945346,-12.879008752042466,35.78321203278277,40.701990810175424,33.49090902699129,254.98449892407882,-3.1519096670777245,3.7898236699477064,35.58195469523553
1060,17.684333333333335,1483.006674349371,977.9617665418228,13884.0,1472.338775510204,926.061224489796,-1.773517923190679,detected,1482.9693940057036,977.5838378554278,28.469268631348314,-14.39005572726819,31.899419434180256,33.285294914755866,-13.234115188812284,35.8197244879553,40.69597296690834,33.57451612852333,254.99164243066807,-1.1904624969571602,4.163115937266637,35.57697468990163
1061,17.701016666666668,1483.2664737444986,978.041767649364,13822.5,1472.146718146718,925.8880308880308,-1.7808619982795393,detected,1483.4278229494948,977.4125987221992,28.1235708310287,-16.671426415623046,32.69360327372041,33.23162461171492,-13.670068297935167,35.9334334792008,40.690677513466994,33.77189954964013,254.90724050397824,-0.6450834102619826,4.545593250781446,35.64476432244432
1062,17.7177,1483.922875911879,977.4961105263794,13776.5,1471.6074074074074,925.8,-1.804665280420638,detected,1483.8909112503384,977.2118947853862,26.424281083192,-16.71534111089113,31.26731934811467,33.3040899501342,-14.152216135743483,36.18629062171789,40.6860588926192,34.079288062994976,254.77067540316614,0.9222871527753094,4.906801182906797,35.85207010914226
1063,17.734383333333334,1484.149166998901,976.9521220687906,13795.5,1469.772,926.296,-1.847342811453344,detected,1484.354505534714,976.9922743771377,23.27394792146515,-14.717060391153609,27.536675877962004,33.436581052425254,-14.66900518771467,36.51280139447812,40.67961957860188,34.49070795941032,254.76962094370768,1.008345291647317,5.369973895565828,36.11575897075327
1064,17.751066666666667,1485.1476632376568,976.5880392297915,13901.0,1470.011952191235,926.1474103585656,-1.862317186370292,detected,1484.823342839043,976.7564326647114,24.274712656583688,-16.66896873994756,29.446836730165995,33.60710398132285,-15.126802962762698,36.85454661077372,40.58431729792503,34.9981284572514,254.7923099365099,1.9925984985534058,5.781310166456585,36.3982699952198
1065,17.76775,1485.0316886845242,976.6850959783958,13701.0,1473.2754237288136,924.707627118644,-1.7932336451045587,detected,1485.3109799803476,976.5025203644255,25.94947718475396,-20.61831842009633,33.14348232510504,33.85965707895562,-15.567351011852333,37.26685920534074,40.4950157867227,35.59166731216451,254.94281480485014,2.242753126465991,6.236715014793258,36.74128714205508
1066,17.784433333333332,1485.4815313022614,976.4575001817784,13753.0,1471.0373134328358,925.0298507462688,-1.8446068036331809,detected,1485.80695878994,976.2305833689,26.247863715074345,-20.480409522460377,33.292604641463576,34.174040150549196,-15.999338357052123,37.7338554626318,40.4252126617249,36.25984172553405,254.9226411505668,3.002396051183436,6.559116280324277,37.159411212988466
1067,17.801116666666665,1485.3096887101578,976.571455168305,13428.0,1470.5429864253394,925.4977375565612,-1.8522466860652955,detected,1486.3207598700792,975.9212358582042,28.78110972250215,-21.98237107145451,36.21569983835502,34.55036124353199,-16.45418463827083,38.2683636202133,40.358653508118195,36.989848344053854,255.09821983028144,4.312115220275027,7.015730711871976,37.619771088449774
1068,17.817800000000002,1486.5490579255927,975.4791489989308,13560.5,1469.0670103092784,925.520618556701,-1.9074098372080368,detected,1486.865665672316,975.5983364882006,31.547859139766842,-23.579096941564785,39.385799838041635,34.90099160212521,-16.795760193498268,38.73211555400912,40.3378153964685,37.767857328984704,255.14049763223346,4.965584094469631,7.283721334380182,38.0410854052853
1069,17.834483333333335,1487.1269725217817,974.6177176628282,13677.5,1470.5820895522388,925.0298507462688,-1.8928298793158156,detected,1487.4127136994605,975.2894087975943,35.946642753890046,-24.96089064570333,43.763080182987075,35.29457413931333,-17.130433663778593,39.23211339176879,40.30857899138896,38.57930830381259,255.28233928291579,6.486984601923291,7.601574200845558,38.488631969110614
1070,17.851166666666668,1487.4878588825743,974.7045415405812,13549.0,1477.2311111111112,923.2844444444444,-1.767681864060615,detected,1487.9784314774859,974.9713208780561,39.13914769224448,-23.16217044291534,45.47921527139609,35.6527137638281,-17.382712077779082,39.664526694572125,40.267865884730575,39.4091994746997,255.39001953291813,7.517104112258228,7.827679961970674,38.8844712490396
1071,17.86785,1488.281976601288,974.1419284274688,13562.0,1479.6084905660375,922.367924528302,-1.7367808877495334,detected,1488.562872056589,974.6503935956138,40.81600363365487,-20.505399518541708,45.67731999622502,36.031207821073004,-17.68034168577508,40.13530140874874,40.21343050887289,40.24236455718092,255.69908183145756,8.189217836041866,8.232226976182433,39.281966068206444
1072,17.884533333333334,1489.147322201608,973.9596536796536,13475.0,1467.5515873015872,925.1349206349206,-1.9872380256866904,detected,1489.1584799865825,974.3170460156637,38.77505251371895,-14.166300657835563,41.281821323311966,36.5115054381629,-18.026946904464282,40.719293265691306,40.144169710878174,41.06373486300539,256.15961812555497,9.016616137479597,8.769347257637305,39.76379499912379
1073,17.901216666666667,1489.5571576700213,973.7204269594388,13662.5,1469.1697247706422,924.7522935779816,-1.9653097715085452,detected,1489.795098811806,973.9675089656348,37.621292153885406,-8.785966115371593,38.633597087359824,36.928219965210026,-18.27395281703808,41.202315242693224,39.96055724580373,41.858585814947595,256.4549221247935,9.558478701237247,9.11671039242211,40.18104494632977
1074,17.9179,1490.502627929046,973.678127357228,13699.0,1476.9863636363636,922.6272727272728,-1.8296185246387449,detected,1490.4447879579295,973.6120999057152,38.0579190722101,-9.159951270868987,39.144730314457234,37.258318244949486,-18.47965364911074,41.58942025843866,39.79030324431405,42.61276823946478,256.7632233647683,8.881475366629903,9.457437718521058,40.499836409957545
1075,17.934583333333332,1490.9287679272277,973.4256073555124,13631.5,1477.96484375,922.21875,-1.81875415976984,detected,1491.1092760439265,973.2468070772959,37.519092440421446,-10.725685449108369,39.02207869791286,37.42402164333203,-18.499903071823283,41.746901796749434,39.6547647413983,43.31292509416502,257.1557260363301,9.21995757063147,9.717562854518729,40.60015741097464
1076,17.951266666666665,1491.5749981761144,973.4466939033584,13707.0,1482.5443037974685,921.464135021097,-1.742805067047225,detected,1491.7821590403987,972.876774936952,37.94108380239777,-15.42626987642916,40.95724163564969,37.705390767946646,-18.594688210792317,42.04115748430501,39.549602086479,43.946693950911836,257.5236090141197,9.26215623856081,10.00980556584163,40.83212846710518
1077,17.967950000000002,1491.8141337330458,973.7909552882682,13676.5,1479.7058823529412,921.890756302521,-1.7999954590688516,detected,1492.4872230502492,972.4887968318003,39.098480206594104,-18.769955817533173,43.37052450521642,38.05718425396408,-18.805476128993277,42.4499140844632,39.49735691560697,44.502894790569485,257.9501992918417,8.182061090116473,10.446239529035836,41.144517076766334
1078,17.984633333333335,1492.806004254026,973.005676086296,13712.5,1486.2342342342342,920.0225225225224,-1.6942011398197392,detected,1493.1897909273796,972.1080958901878,40.66012236475217,-25.064012983650173,47.764529701036565,38.2815957251008,-18.904251889368627,42.69486281459109,39.4866820739076,44.97170172996789,258.45074331520004,7.919292073614814,10.857126999198718,41.291332069576335
1079,18.001316666666668,1493.530546741073,972.1959003537952,13708.5,1486.3041474654378,919.8433179723502,-1.707962847823418,detected,1493.9002414700226,971.7337754250412,43.06615901731402,-29.363866073249028,52.12418520487666,38.482317872090434,-19.027586224490356,42.929451735830796,39.487184595432915,45.34479642850699,258.8175282624305,6.933973294593402,11.203299403256025,41.441813531987584
1080,18.018,1494.2890165006906,971.4875093891594,13757.0,1490.28,918.42,-1.6461986942357822,detected,1494.6231673433826,971.3529339965182,44.95238350243562,-32.86906811556764,55.68745299738418,38.647348816188895,-19.063407424139264,43.093283387772914,39.45191217439469,45.61550027883206,259.0626651241329,5.615980514287316,11.384361186534488,41.56233142538364
1081,18.034683333333334,1494.8931297709923,971.3913122500908,13755.0,1482.3130434782609,920.0695652173912,-1.811178633118532,detected,1495.3592599118501,970.977209329671,46.898663293452955,-35.44037125149089,58.783539644667314,38.728342213807856,-19.024483462053592,43.14875967658586,39.41444157205711,45.778882175066045,259.42681769509136,5.0783475675026795,11.595160913620791,41.56161335914431
1082,18.051366666666667,1495.9184499289129,970.3099291555782,13715.5,1488.6204081632652,918.7020408163264,-1.7112781296894992,detected,1496.0832299891715,970.6156367770102,47.28733450433174,-32.679014330268274,57.480518283349205,38.73950568954629,-18.860584837598125,43.08678406990508,39.359345442452266,45.83183871556352,259.83881859499706,4.248362690326519,11.73042128736071,41.45923513413701
1083,18.06805,1496.5382451033895,970.0092292765752,13742.5,1485.2868852459017,919.1803278688524,-1.7886411171680316,detected,1496.8209645558077,970.2602960147473,48.790822687206855,-30.272471620664874,57.41922079337562,38.70514603143805,-18.63854014615966,42.95909109949778,39.335628399356715,45.77314411760798,260.02055114837225,1.900766694717841,11.64913296922268,41.3495007123462
1084,18.08473333333333,1497.3843912742634,969.606516382,13729.5,1490.2332015810275,918.1501976284584,-1.708887742150262,detected,1497.5644041114558,969.9072120481367,49.724382254306875,-27.629219172178182,56.8848656730126,38.60262223671478,-18.387210664779563,42.75806309436256,39.300096706550136,45.60346782512947,260.07504958113543,0.3499458940223987,11.458561018660426,41.19409349607205
1085,18.101416666666665,1498.2055381552432,968.8590938888484,13729.0,1489.014652014652,918.3296703296704,-1.750721056195871,detected,1498.300061324727,969.5683743892905,50.07357891544325,-25.264671975256988,56.086245688390115,38.48443002508676,-18.149045208160064,42.54925611950974,39.198853009016254,45.325358669120234,260.34800769026526,-0.6312452298396325,11.439702088420836,40.98258669791131
1086,18.1181,1499.1744617668894,968.6163666678837,13694.5,1494.4347826086955,917.201581027668,-1.662721656354658,detected,1499.0157180812862,969.2382623757699,49.69734850140321,-20.70285658242119,53.83711283809919,38.33923965432243,-17.783819898973103,42.26300447756502,39.095221082970546,44.943195389741746,260.4744977469091,-1.1299340231188055,11.193987541751373,40.75360340369666
1087,18.13478333333333,1500.0536888503505,968.2155261700028,13839.0,1489.598253275109,918.1441048034936,-1.7766489336205118,detected,1499.7281998757826,968.9343022724486,49.97916957191319,-17.879867937776453,53.08113665484547,38.2004500238762,-17.56515355878141,42.04532080470114,39.06576729113706,44.46310427736512,260.4986349290711,-1.6131361980739258,11.018398507537022,40.57590289690841
1088,18.151466666666668,1500.8173071119,968.0894450279478,13805.5,1492.9336283185842,917.1238938053098,-1.7242663919131265,detected,1500.4462706109414,968.6197465818445,47.14339222901981,-13.551809688622598,49.052532826510095,37.880286096249804,-17.326571668727475,41.654845582780474,39.1493596420895,43.89284559438758,260.53223876589624,-3.0501019290107787,10.859526882799575,40.2143859384554
1089,18.16815,1501.5446730416304,967.8785738433304,13804.0,1490.0258620689656,917.6379310344828,-1.7961739057749129,detected,1501.1680888540434,968.3131135213484,45.49957359657583,-11.699211907162862,46.97959936737351,37.60875097716059,-17.1066622276205,41.31653473649473,39.193551896774615,43.24167126742509,260.51898648215945,-4.813655432431995,10.678047107913043,39.91284696176364
1090,18.184833333333334,1502.4219072818878,967.6464532966036,13794.5,1495.169811320755,916.4669811320756,-1.711558523055835,detected,1501.848520926087,968.0145823719367,42.70304965123978,-11.16245130475454,44.13786094326804,37.26907305670641,-16.757344366295982,40.86309333269755,39.20262630869153,42.52015705553341,260.3959776804386,-5.033841603999794,10.304582567580436,39.54248316462522
1091,18.201516666666667,1503.1871290108963,967.6268255974956,13842.5,1495.3458333333333,916.2666666666668,-1.722299160852898,detected,1502.5109253691353,967.7390780447125,40.580884790619166,-12.20517929362859,42.376580937814296,36.90399874276682,-16.43817177383548,40.399487799627565,39.24100598561424,41.7400129700061,260.0819312685687,-5.24906082471347,9.836168556951826,39.18377728845815
1092,18.2182,1503.4493750301626,967.7085686019014,13814.0,1496.2293577981652,916.2477064220184,-1.7101875996045262,detected,1503.1327873860666,967.4944377089932,40.780872588207785,-14.862777292782084,43.4048582293558,36.41985193831597,-16.081768134431307,39.81242119663746,39.29300123706184,40.91387612205555,259.93263851104183,-6.555717851504864,9.467751708681686,38.67028004968703
1093,18.23488333333333,1504.417762763842,967.0173099499268,13913.0,1499.0685483870968,915.1693548387096,-1.6736037592940878,detected,1503.763480573045,967.2393912780165,38.42822663945117,-15.410569147063143,41.403070466928405,35.99254307203272,-15.858394198529322,39.33130843676674,39.28637717629653,40.05509040852445,259.5044089769236,-7.700387592247956,9.03666957024419,38.27911214260724
1094,18.251566666666665,1504.8612072419949,966.9749978750016,13725.5,1499.375,914.8706896551724,-1.6757025587297207,detected,1504.3758970445776,966.9857242778958,35.35821240587484,-15.77645301796656,38.71820830522853,35.56473599068006,-15.788354147473992,38.91172795922629,39.17554737796471,39.177477540853154,259.09759570484334,-8.963819225580309,8.776791645673221,37.90897652510911
1095,18.26825,1505.4827285288343,966.4121154825104,13751.0,1496.652380952381,915.5047619047618,-1.7425465641385014,detected,1504.9584701150395,966.7344418735238,31.203250988025502,-13.59023122376675,34.03435406963322,35.1254562915267,-15.596346331179234,38.43232621856295,39.01132949447973,38.295103907578095,258.6635963691607,-7.988719741263274,8.387479920901166,37.505917921662984
1096,18.28493333333333,1506.54188064883,965.957981684324,13922.5,1496.45,915.4916666666668,-1.7681655483988796,detected,1505.5346298358047,966.4852348205322,30.384659109358836,-12.093310437965556,32.70283881471071,34.68924537116332,-15.470574147745085,37.98265931818959,38.88959612143542,37.42204762649674,258.5163806643941,-7.749999974642247,8.254674507253737,37.07482646838619
1097,18.301616666666668,1506.570608537693,966.0791765062064,13762.5,1498.322429906542,914.6121495327104,-1.7297064695864135,detected,1506.0995535848986,966.2446174433964,28.23526139090609,-10.252301645406533,30.03896927061908,34.308769090662246,-15.334745035422383,37.579862184656726,38.8744902543038,36.57216983313238,257.8648632379037,-9.515169353436471,7.7797565427201185,36.76576437331062
1098,18.3183,1506.9202048891802,965.885720874906,13731.0,1494.893719806763,915.2995169082126,-1.804205563591759,detected,1506.6427603136294,966.002090025643,27.566941839204446,-9.994286502206705,29.32272233361479,33.901740754126514,-15.14907579984937,37.132499562372374,38.90248813466805,35.758893710596865,257.0507650759329,-10.454012416615926,7.166857891621447,36.43430624714691
1099,18.334983333333334,1506.8960367463735,966.3163233975658,13570.5,1496.4690721649486,914.8453608247424,-1.7706709910133245,detected,1507.182508641849,965.7756285542883,26.847223709355603,-10.328764544045498,28.76554880245668,33.54237658835679,-14.934408438368532,36.71685692701867,38.923954826857084,34.994994001021844,256.8459801822919,-12.339949521507032,6.909335399636661,36.06090219246444
1100,18.351666666666667,1507.8929692633424,965.8358277968412,13697.0,1497.0833333333333,914.5784313725492,-1.7786400970838627,detected,1507.685581350793,965.5647608183489,26.33358356996905,-10.953220643959412,28.52070591888992,33.247713188797356,-14.750084139829871,36.372728993252494,38.983084285714234,34.29239885169626,256.39162171318,-13.050424788893325,6.513336309424119,35.78479935023987
1101,18.36835,1508.4085873079298,965.37200770097,13764.5,1493.1805555555557,915.4953703703704,-1.8671211207493392,detected,1508.1835262749112,965.3584344543981,27.569564482804708,-12.664029882590512,30.339059620210254,32.932577837679425,-14.45136923096271,35.96382565418242,39.02947865416117,33.66200501473968,255.93042950880738,-12.41657916687715,6.011940556179757,35.457768209990185
1102,18.38503333333333,1508.8085458921423,965.2557962338086,13780.5,1494.488038277512,915.2775119617224,-1.8498542236863105,detected,1508.6622970977203,965.1950928411622,27.92525922276036,-12.597875009003019,30.63538081044245,32.53323614740452,-14.110869104389772,35.46164239151946,39.081022803441535,33.11350684919245,255.48773976842506,-12.815807284231921,5.508236921836804,35.031234735831454
1103,18.401716666666665,1509.3390735694825,964.7200363306084,13762.5,1494.4357798165138,915.1009174311928,-1.8625777292924663,detected,1509.1380744104877,965.0311574861632,26.927799245781898,-12.315215045437526,29.61031735453882,32.1946649941679,-13.85716223229414,35.05021254170678,39.078901459508565,32.65523947340621,255.2233351697314,-12.214548440111919,5.187556255080496,34.664198524114106
1104,18.4184,1509.7332096114892,964.787331853523,13740.5,1494.8354978354978,914.948051948052,-1.8612574744633152,detected,1509.6014012766748,964.8800794423692,22.892202560528858,-8.825324074652599,24.53445094341683,31.894371459011424,-13.792066101998836,34.7486980781627,39.008431031989254,32.294036916678856,255.00174073934932,-11.912735126914882,5.068286515189884,34.3770925170709
1105,18.43508333333333,1509.9097328383198,964.676943049186,13737.0,1494.9406779661017,914.6271186440678,-1.8614116841003931,detected,1510.0544888673144,964.7154305711925,22.137027904396746,-7.509264967503441,23.3759933434328,31.64059201938831,-13.781820875061966,34.511818989582004,38.946421592372694,32.03510719789305,254.64462295381549,-9.582585653593844,4.9112437403524964,34.16058159476389
1106,18.451766666666668,1510.495494189558,964.6498755768162,13797.0,1493.4173913043478,915.0260869565218,-1.902251458664589,detected,1510.490028662944,964.5641979782115,23.28501239654088,-5.989921648098061,24.04310636455731,31.431407365089978,-13.781592051596236,34.32004732553341,38.83513720511723,31.881927670821522,254.29153801826612,-9.883671658120612,4.757052340288297,33.988764341449816
1107,18.46845,1510.701092856626,964.588550336542,13817.0,1491.2796610169491,915.2161016949152,-1.9455704992400824,detected,1510.9276260481975,964.3906336170321,24.878800567041253,-8.023592256181473,26.140634084659606,31.310991019329997,-13.928664986270139,34.269313779419505,38.74562170628632,31.836165287344176,253.88753751595857,-8.06321683486225,4.691990686026573,33.94659173340604
1108,18.485133333333334,1510.9162305554553,964.5286149107928,13853.5,1494.4599156118145,914.143459915612,-1.886484075143528,detected,1511.356652125403,964.212658108228,24.0678374817071,-10.373190262985645,26.208088012633915,31.22251166462325,-14.09534082914223,34.256734633312895,38.622052490404315,31.897627162397725,253.511337124818,-7.468780430328314,4.653934176367159,33.93913323022939
1109,18.501816666666667,1511.4960397952284,964.1383053221288,13804.0,1492.7490039840636,914.5378486055776,-1.932160369302336,detected,1511.7833997081439,964.0317256427281,23.93341528074052,-12.364191995265628,26.938478255019795,31.214040051579488,-14.32719597886341,34.345084669547234,38.43926110719502,32.064246630209524,253.19142110085448,-5.531581165577015,4.688759678204789,34.023526766612676
1110,18.5185,1512.228550925588,964.3445717482788,13703.0,1496.3306451612902,913.483870967742,-1.8737517102200236,detected,1512.2143242220714,963.8223650646064,24.681996060909114,-12.386386969787509,27.615638897480803,31.26063920615264,-14.616875381383071,34.509138057797536,38.227597047782396,32.332108755641855,253.00523213229235,-4.684060684442299,4.841581223774764,34.16781673952437
1111,18.53518333333333,1512.7951560818085,963.343834469561,13935.0,1498.3212669683255,913.0452488687783,-1.8509856975015295,detected,1512.6579489672827,963.6084039224836,26.681562088613646,-13.325547043400093,29.824083548273766,31.379176343750725,-14.93973124207348,34.754111664630294,38.01007235283619,32.69551716999131,253.04686677985276,-3.174746431907765,5.14066992142523,34.37181680325533
1112,18.551866666666665,1512.526859428987,963.4564829969086,13747.5,1494.2466367713005,913.542600896861,-1.9218607712238225,detected,1513.111703127886,963.3709226944542,28.116788963318868,-14.49392823458129,31.63270107463165,31.57147375344471,-15.253377979205318,35.063135837242996,37.8156947649922,33.14710152449927,252.84903425013533,-2.1851330986176634,5.264952052309054,34.66559929711068
1113,18.56855,1513.0004403669725,963.1462140672784,13625.0,1493.4398148148148,913.800925925926,-1.9481980936687235,detected,1513.5901895033485,963.1155773332572,27.707852833242214,-15.218728503588864,31.612257209736807,31.738584814466215,-15.496620080682742,35.31972536628909,37.69653932641288,33.67796230564638,252.86382298033362,-1.1258845686908243,5.457105148444109,34.89560149000028
1114,18.58523333333333,1513.8175657393058,963.3666150099624,13551.0,1499.5884955752213,911.8407079646016,-1.8402348119051972,detected,1514.067197961964,962.851776249635,28.201714967568478,-18.243509794646798,33.58812850903351,32.006007055166684,-15.733459467908618,35.664074843513085,37.611226290946654,34.27784770976959,252.72018693459188,-0.3424545321519599,5.516322614664206,35.23487504241567
1115,18.601916666666668,1514.37538164676,962.8433965951002,13647.0,1502.9095022624433,910.9095022624434,-1.7880889252895786,detected,1514.5668227712495,962.5666794905712,30.956203602572714,-16.69934359654644,35.17320881067652,32.31548032408244,-15.90094001133235,36.01569327140808,37.56815058240684,34.935356024591535,252.73408433142203,1.3666395702030047,5.592948530236795,35.578773005238276
1116,18.6186,1514.947129162961,962.41107075798,13492.0,1497.3461538461538,912.1346153846154,-1.907545848084732,detected,1515.071707140159,962.2994947884357,33.787834413265045,-18.99970083635344,38.76346715928733,32.73366145287456,-16.124201233038974,36.48948420456147,37.56091834004755,35.63815656070541,253.03206724542872,1.738298158156739,5.869411311323816,36.01433698367145
1117,18.635283333333334,1515.2782138625594,962.0526263823064,13504.0,1501.611111111111,911.154761904762,-1.833128359208705,detected,1515.5856716714443,962.0349021358929,33.75823879021118,-19.65096152607066,39.06122086054183,33.09469749027972,-16.2946513490908,36.888679355075226,37.52750419303127,36.373222471193436,253.2659440545056,2.8159940264536614,6.075648443815977,36.38490292069927
1118,18.651966666666667,1515.8698736312117,961.3459454096754,13439.5,1500.9513108614233,911.0861423220974,-1.8593413349731651,detected,1516.1307080336026,961.7414433730801,33.25447655759126,-19.06604880145187,38.3324200647276,33.5025150881277,-16.48831121029676,37.34009806893686,37.46661011739767,37.12706955805276,253.63069151874095,4.165872507677582,6.378027309578465,36.791353487417304
1119,18.66865,1516.613415524775,961.5334026514168,13464.5,1508.6205128205129,909.1282051282052,-1.7221510621176586,detected,1516.68993614681,961.4471235995243,33.70386503397731,-16.286327281126887,37.432538980632025,33.88577888457749,-16.64785155572707,37.75442983327919,37.41034782324377,37.885996146360434,253.86231029079352,6.531678207221979,6.573431242470463,37.177775266098365
1120,18.68533333333333,1517.0206800780663,961.1194390231695,13322.0,1502.992,910.272,-1.8399967222201017,detected,1517.2668110833376,961.1441822879162,36.6488496676202,-15.29494419589264,39.71238471705389,34.27944770602221,-16.896330017448843,38.217358661849644,37.375866916999115,38.63632009083272,254.2339191853737,7.405082086731903,6.946585342230016,37.58073249913537
1121,18.702016666666665,1517.6964092620904,960.8352163267336,13409.5,1504.6028708133972,909.7416267942584,-1.8216634428000964,detected,1517.8788504581173,960.8201386224747,38.43113903493213,-12.910136575447723,40.541633833862655,34.73873377028602,-17.15095177230094,38.7418994198607,37.35576152256786,39.36460979197226,254.76686626826051,7.14375844829332,7.420843207985582,38.02454282093471
1122,18.7187,1518.2781602351802,960.8770885275184,13436.5,1509.3,908.1190476190476,-1.7393576803257358,detected,1518.4977864823,960.5007128690099,37.94014126451566,-12.687993104536417,40.005493225208056,35.0892333575787,-17.360601219864456,39.14900729696441,37.380981804024515,40.05790665072745,255.35078182584948,7.337922444414458,7.9221614037209775,38.339067946823725
1123,18.73538333333333,1518.81470969027,960.5835574146,13388.0,1497.329479768786,911.5664739884392,-1.9838958829429425,detected,1519.1289175051713,960.1703583052267,37.267128929345745,-15.0641166606556,40.19659823172006,35.383247324290664,-17.534239439271598,39.489539677307334,37.397217569688,40.70393668610195,255.7134817973303,7.39235955288079,8.260413321244382,38.6159204951512
1124,18.752066666666668,1519.9912493565705,960.0942838934236,13599.0,1504.779342723005,909.3192488262912,-1.8618807973795957,detected,1519.7540055104264,959.8574846379826,37.608293143430274,-18.516323687581462,41.919422181913184,35.58046407183071,-17.60776513970836,39.69890195939889,37.38774466256924,41.291309139377375,256.2462860005609,7.206512704827225,8.643677095825188,38.74647936322824
1125,18.76875,1520.389567107408,960.296117853046,13802.5,1509.1365853658535,908.0536585365852,-1.7829539775137109,detected,1520.402499770998,959.5249183202517,37.41003427317446,-21.664975086953746,43.23056568954903,35.83921269790341,-17.65967365047379,39.95388892519475,37.37414126796871,41.80969985816393,256.67345776031704,7.439459019411645,8.923179678281109,38.944705733589906
1126,18.785433333333334,1520.7674300439153,959.6742278517764,13776.5,1506.1867219917012,908.4066390041494,-1.8478841836187745,detected,1521.065664409321,959.1881534346472,38.28883224282799,-25.306627232508617,45.89618781995485,36.0624108776287,-17.76576826417028,40.20099501658028,37.31842902191462,42.25001715616106,256.8814616154899,7.2281775846224035,9.117170885764141,39.15350808500928
1127,18.802116666666667,1521.3546101880593,959.3127624612014,13692.5,1507.1834862385322,908.1743119266056,-1.841125814036994,detected,1521.735586445792,958.8478282654662,39.08216109803925,-27.278488533453128,47.66058384832089,36.246744057543275,-17.82592885484712,40.392947333799746,37.2394012027485,42.604547750129726,257.0571250953709,7.449569843785635,9.254514120745519,39.318496445058045
1128,18.8188,1522.0501648955662,958.3008550140466,13645.0,1506.5125628140704,907.6633165829146,-1.8685161125924623,detected,1522.4178481589106,958.4851775509079,39.504647152859434,-28.429951866571173,48.671134256430456,36.39699323119871,-17.86990972217416,40.547192131522245,37.16383581286608,42.86708035424506,257.2490077816887,7.3621740425766395,9.395873106024556,39.4435337961251
1129,18.83548333333333,1522.765280784803,958.0861375117732,13625.5,1516.045045045045,905.6981981981982,-1.6983778718471236,detected,1523.1011644260652,958.1227272940581,42.9220464607115,-30.489574016025472,52.648990456172776,36.52135928425466,-17.817541259027173,40.63587651923789,37.20862885355895,43.03300461359648,257.5048055124097,6.914759227668304,9.493839408154102,39.51128286678288
1130,18.852166666666665,1523.6263032251777,957.5597169443632,13684.0,1509.6157407407406,907.0833333333334,-1.8415471952196512,detected,1523.7797547494997,957.7590148179702,45.19552666223535,-28.31108906595182,53.330604669149245,36.57133231919479,-17.69881390666625,40.628935025469026,37.285364944668714,43.099383305565446,257.6165758070369,7.121406747105346,9.44421637114424,39.51603647177681
1131,18.86885,1524.3601993323098,957.1063674245194,13679.0,1517.9004149377593,905.207468879668,-1.6946280843931636,detected,1524.469843308056,957.4104404276587,45.73630204081019,-26.966479144822188,53.094258840635,36.57855177214674,-17.559513297691893,40.57495479972144,37.46289339574056,43.06499613680703,257.6277860818641,7.0892592464856925,9.31433536255028,39.49139290723211
1132,18.88553333333333,1525.1172187841282,956.7359058366704,13735.0,1515.3755274261605,905.620253164557,-1.7591193318193032,detected,1525.149476287181,957.0628800906385,45.67349912767986,-23.499484955140815,51.36432921515731,36.52594133846696,-17.329229475596563,40.42828941321923,37.581420643889224,42.930354014949216,257.6116601034555,6.305630466174313,9.089585062870338,39.393223126114705
1133,18.902216666666668,1525.971649265767,956.1583178726036,13744.5,1520.2608695652175,904.695652173913,-1.6813135353313493,detected,1525.810416907297,956.7273862718197,43.14312813062679,-20.875155195776188,47.928087895757145,36.44507800535309,-17.047544229087276,40.23509009631964,37.67131305049318,42.69768335895377,257.6689502692202,6.019418807745718,8.871052272168686,39.24496027063105
1134,18.9189,1526.6825860118938,955.9826212801148,13704.5,1516.645914396887,905.2607003891052,-1.7661491418167543,detected,1526.4771413994551,956.4032833601207,42.209654638507345,-17.5550411853892,45.714706777171564,36.31746436761821,-16.8091532655883,40.01881871818877,37.75820898184192,42.37088077195858,257.5382029078786,5.753632525557107,8.57623642550283,39.08905243636809
1135,18.935583333333334,1527.3499022518283,955.4729322037988,13811.0,1516.6483516483518,905.0109890109892,-1.7797718988578382,detected,1527.1316276988434,956.1683479323623,41.09350664870908,-13.255118952301927,43.17840278573504,36.28162443015146,-16.838402195816652,39.99860072300838,37.82852610666163,41.95543914405488,257.55758034162557,5.661598534486682,8.625739828664504,39.05745347826503
1136,18.952266666666667,1528.110499505082,955.4055672243549,13807.0,1520.020491803279,904.2909836065572,-1.727766275028476,detected,1527.8078850879774,955.839809862147,41.71116094826539,-12.544301170125891,43.55663485049001,36.11992941978981,-16.60613951234838,39.754410708677035,37.83059450397844,41.45834689146168,257.5800376593126,5.918574385878254,8.448997413073528,38.846204621662245
1137,18.96895,1528.3125189194425,955.4827757395232,13764.5,1517.8828125,904.3515625,-1.7720151421719943,detected,1528.452114740473,955.53098394324,41.45598006898308,-12.20017547519592,43.21391633612365,35.818194190173614,-16.30768446914441,39.35585862092403,37.77436035512942,40.887962525815524,257.56973232149915,5.006059984931463,8.215500331039788,38.48881866335788
1138,18.98563333333333,1529.3838365640988,955.2207729816724,13877.0,1521.0,903.6302521008404,-1.7318953493751914,detected,1529.0743061984786,955.2384836513966,41.00348209962431,-12.267484099850208,42.79926062952827,35.534290114467616,-16.04924373830576,38.99056294170036,37.718997841383356,40.25386709598421,257.6035107822293,3.1013149681503887,8.04672175300852,38.15120270109917
1139,19.002316666666665,1529.9164831196967,955.4076548113378,13847.5,1522.7208333333333,903.0208333333334,-1.7072982622312642,detected,1529.6950481989784,954.9665288949468,40.173804644717166,-12.342887038360914,42.02715122481699,35.274934341794925,-15.68439866302992,38.60468047062166,37.61808932356707,39.566697318022,257.822700562313,1.8176382687676789,7.890685091396669,37.789660530721996
1140,19.019,1531.0055424162067,954.5381518908716,13953.0,1516.3410138248848,904.327188940092,-1.8549513293049007,detected,1530.3127904570238,954.7055659014367,39.16356942590937,-15.234179069929723,42.02220106220887,34.96966858743593,-15.384667923739334,38.20426322073019,37.61362921581223,38.837962482659236,258.2368422682532,0.23314576558440142,7.9324228907892635,37.371679054071414
1141,19.03568333333333,1531.5021766504767,954.2674102056724,13897.5,1520.1875,903.275,-1.7891481154704498,detected,1530.9193137654015,954.4573774860629,38.20447694370159,-16.880385944118643,41.767565025558106,34.658582679028534,-15.14436077554448,37.8228636755456,37.532656023843806,38.0798485546036,258.17239889219616,-1.3554852721894903,7.718941515005721,37.026841054927004
1142,19.052366666666668,1531.9809993638448,954.2693097115696,13885.5,1520.111607142857,902.9732142857142,-1.798184267564261,detected,1531.5057152102038,954.2142945856954,34.22063168769091,-17.463904612316128,38.41926076088232,34.307948395230795,-14.910966125135557,37.40818404941303,37.4684127998673,37.30501326462722,258.14739353032326,-2.0958551868094255,7.546381244514506,36.639109759752614
1143,19.06905,1532.500276695058,954.0146528078532,13854.0,1526.7046632124352,901.3471502590672,-1.6803969041538271,detected,1532.077582902066,953.962156334524,31.543720035046135,-17.26884025982099,35.96135589168719,33.96464342334446,-14.727745723059833,37.020311951117364,37.4890041774443,36.526376415785094,258.1895045560025,-3.847077819658638,7.464232529638129,36.260015577789474
1144,19.085733333333334,1533.0753694403295,953.4550950849682,13838.5,1521.81220657277,902.5164319248828,-1.788407294459943,detected,1532.6403591264148,953.7261046701107,28.62823713751004,-15.053552962140202,32.34478966364551,33.65192383141258,-14.445716547217316,36.62145142014093,37.516558382346965,35.75691000415142,258.37588856859844,-4.100021074243779,7.368912192277185,35.87241052982432
1145,19.102416666666667,1533.5687881535207,953.3464249017828,13787.5,1516.6425339366515,903.5656108597284,-1.8985488325347528,detected,1533.186761580035,953.5011012240631,28.427103604109107,-14.068072205574481,31.717674487578847,33.304346274201386,-14.21499844020741,36.21112621014446,37.5038939575195,35.0094329639116,258.15663452963304,-4.422762998832864,7.077114518134969,35.51281615845488
1146,19.1191,1533.923890909091,953.0010666666668,13750.0,1517.632075471698,903.6886792452832,-1.8898863271020587,detected,1533.7163886557357,953.2981625680662,27.81069771811235,-14.306498419100535,31.2747630619953,33.00512429486608,-14.062276534899066,35.87597874711618,37.447724183312886,34.29641523340068,257.6625266937578,-3.0153119013094387,6.685339041460735,35.247582796047915
1147,19.13578333333333,1534.3146473119848,952.9029834415348,13709.0,1520.733905579399,902.8154506437768,-1.8355705473467865,detected,1534.2249009762002,953.1104663326059,27.187320814199666,-12.959940854561864,30.118274851125786,32.75604736292991,-13.85690297572853,35.56645046840157,37.355868104734,33.629795284758416,257.6929023385621,-2.5885990442226534,6.556461979427686,34.95690497217368
1148,19.152466666666665,1534.8218392907231,952.595495067013,13666.5,1518.0380952380951,903.5285714285716,-1.9003786100683784,detected,1534.735121137871,952.9103770600593,26.376938638042702,-10.257924331713184,28.301376353637348,32.4297221393513,-13.550225417238908,35.14677064672541,37.31942251490951,33.02081423182308,257.23151620500903,-4.085322895503261,6.0477827862458025,34.62253327334538
1149,19.16915,1535.3661208204826,952.6715743868408,13618.0,1521.1878172588831,902.7817258883248,-1.8476881678381647,detected,1535.2410062274162,952.7116760643694,26.583371998108305,-8.317296745053682,27.85413958346388,32.25726164330039,-13.263309781303697,34.87759044256304,37.28831378480268,32.479868192444954,257.1540100784748,-5.698775749554869,5.7595509388049075,34.39874835023036
1150,19.18583333333333,1535.7315506185555,952.237074091784,13593.5,1523.36820083682,901.8075313807532,-1.811215339857533,detected,1535.7436626333272,952.5330647189445,27.037707128898546,-5.588209464400279,27.609159563559775,32.00916722155516,-12.872288395922078,34.50047238466846,37.2971447200097,32.01637888791751,257.010070300673,-5.78342256188037,5.347867153036971,34.08346977170517
1151,19.202516666666668,1536.1886212198872,952.1237582680432,13657.0,1525.5829787234045,901.0212765957448,-1.7754281383429438,detected,1536.237452241185,952.3607822686487,26.296431436251623,-4.9756214278204425,26.763017671302848,31.693040632503486,-12.553850324604001,34.08882489183335,37.36604592706856,31.638680764067615,256.6903192272173,-6.169673074362344,4.9204669325436905,33.731839375756266
1152,19.2192,1536.5446319037037,952.2448954803288,13721.5,1524.8529411764705,901.1596638655462,-1.795787759817369,detected,1536.695906893768,952.2352240663902,25.704414216909754,-3.2384431587797735,25.907613250299992,31.50483512365614,-12.454034991131778,33.877095857364935,37.549864590842134,31.353921557203854,256.55281717636296,-7.497198367909514,4.786189147967573,33.53729293143633
1153,19.235883333333334,1537.0913131166744,952.3113655302344,13800.5,1523.233870967742,901.5282258064516,-1.8371857406090903,detected,1537.1474550934954,952.0806118048537,26.590086827060077,-2.724571940189435,26.72930993736766,31.352404315119234,-12.426672674406655,33.725293921559114,37.765062061752324,31.167972578060468,256.0477126773468,-7.654918116508326,4.500549184229005,33.42365191202015
1154,19.252566666666667,1537.5405631244323,952.358583106267,13762.5,1527.6293103448277,900.1077586206897,-1.7582552496355264,detected,1537.5904142678187,951.9480577619921,26.977341389578214,-2.930682853446797,27.136061807810965,31.259194976669967,-12.501167879804783,33.666251186440874,37.912470959163485,31.08534533526831,255.94656568666738,-6.7912152838914475,4.536437080366245,33.35921473243053
1155,19.26925,1537.7904265149305,952.013665985799,13708.0,1528.8298755186722,899.5020746887967,-1.739807943051032,detected,1538.0351087959993,951.8144626875111,29.347730948977187,-14.517206436933975,32.74200046707761,31.23128249061637,-12.676012651019386,33.70570133875698,38.029219072069345,31.109112538324496,255.58323474081885,-7.028809778083047,4.501094224032232,33.40380896729994
1156,19.28593333333333,1538.3059668830697,952.1708488340992,13709.0,1527.3720930232555,899.968992248062,-1.7772652717890844,detected,1538.4727777559242,951.6702632781424,28.319029179744575,-14.789769212129158,31.94846924394451,31.28835605279747,-12.897390665615715,33.842339021825005,38.07874131600066,31.240833794908593,255.48420420159715,-5.937964129483325,4.643358088200596,33.522278206185234
1157,19.302616666666665,1539.039599052041,952.0660427548848,13784.0,1528.2879377431907,899.5291828793775,-1.7726588870399729,detected,1538.9158746012406,951.517440988222,27.068911334543373,-14.29750113509317,30.612815936227772,31.389084419319992,-13.159084565509565,34.035806546715314,38.1526444213217,31.48048897145576,255.48362916376664,-6.320670861477822,4.8711130163459595,33.68543283479395
1158,19.3193,1539.2889578390218,951.6584048183976,13697.5,1531.412765957447,898.5063829787234,-1.7179081562938836,detected,1539.375369864979,951.3404520553488,27.776428811441292,-14.201551267396553,31.196378891107834,31.517743105608957,-13.456050465409476,34.27000765390646,38.29750197161299,31.826424583088272,255.42972961304147,-4.963918488192651,5.0944712712426075,33.889228186332176
1159,19.33598333333333,1540.3091598753144,949.1002866764312,13313.5,1531.1796875,898.4609375,-1.7491644905939727,detected,1539.8293349629034,951.1660644568121,28.51456765088551,-12.31731347650566,31.06117801364646,31.75190716087541,-13.807380966410287,34.6240866667186,38.465063246908564,32.275320090208425,255.40061832520848,-5.015944556170079,5.3582154759717895,34.20697157623716
1160,19.352666666666668,1540.031600482227,951.289056125866,13686.5,1531.7122641509434,898.183962264151,-1.72619129348058,detected,1540.2878615515356,950.973845691201,27.34973505097696,-12.145931565176397,29.92543501679777,32.043921581801655,-14.224152581339466,35.05908479977594,38.630610163259284,32.82218118281878,255.38548026784957,-5.373988406106292,5.6787850820274635,34.59610999794663
1161,19.36935,1540.49192251462,951.1203581871346,13680.0,1529.0593607305937,898.8721461187215,-1.786213669390038,detected,1540.7676215792158,950.771794766213,26.573225617623393,-11.303006882787031,28.877227781029244,32.34763147220962,-14.616537267126978,35.49665369500621,38.77755249684879,33.46036597725014,255.2523908219399,-4.1475922092404085,5.900553604418629,35.00279832677068
1162,19.386033333333334,1541.2852923803898,950.6569575703878,13544.0,1525.638655462185,900.1302521008404,-1.871101479873654,detected,1541.229605615892,950.5767281473879,27.34665479083469,-9.345652855639855,28.899494036180137,32.688982764383226,-15.01882091484803,35.97408200138567,38.86624508466816,34.18164785950931,255.18241991609932,-3.8140890753823715,6.159410696807582,35.44285874066132
1163,19.402716666666667,1541.7798876902616,950.6318531106842,13534.0,1524.3083333333334,900.5583333333334,-1.9065069366576783,detected,1541.7217832977667,950.3501453241311,27.673586699310363,-7.3911472795603,28.64361113603519,33.103834077356495,-15.336240617363476,36.48375127224198,38.932094046972985,34.97631603158367,255.30444599130843,-3.640558458092919,6.4366767526555755,35.91146473309939
1164,19.4194,1542.0511705146794,950.2026743998712,13448.5,1519.9721115537848,901.8764940239045,-1.999353379761219,detected,1542.2331395677159,950.1187114328703,31.062100356032715,-16.03042182899344,34.95466353068954,33.49089412001957,-15.545905930683645,36.92309819292019,39.013158714245115,35.833312208156244,255.71984976634684,-4.457451653850056,6.804582708401513,36.2906714505057
1165,19.43608333333333,1542.569109024051,949.721501689525,13416.0,1526.323076923077,899.5948717948718,-1.8842138353068123,detected,1542.7703717489385,949.870450177362,31.0495154299324,-15.705857180228122,34.79578075283458,33.994194577202755,-15.910602821476147,37.53335246278283,39.10032617440064,36.740399790996904,255.61560951575686,-5.380474226753674,6.966777617446699,36.88111382163681
1166,19.452766666666665,1543.1057268722466,949.5190587248114,13506.5,1528.159090909091,899.2681818181818,-1.8599031224974347,detected,1543.3329053940683,949.5924663613702,31.714988541879393,-16.850069019087186,35.91330288569325,34.44695120044708,-16.19789651864915,38.065263674836785,39.18066790297132,37.684360446259156,255.61429688703237,-5.777840667813313,7.131731773325649,37.39121154159338
1167,19.46945,1543.698824291337,949.39114731231,13382.0,1523.97311827957,900.4462365591398,-1.953902173874972,detected,1543.8921055418446,949.3285747631426,34.858056504764136,-18.23900927015393,39.341397566000246,34.98542975389522,-16.53632713687223,38.696645981821135,39.35291112410278,38.65121236906402,255.56659443202935,-6.137870355301587,7.294129528754937,38.00297468172905
1168,19.48613333333333,1544.2921999577095,949.3708844857396,13399.5,1526.0443349753696,899.6600985221675,-1.922605946784286,detected,1544.4706525287247,949.0538843622958,35.65564638120668,-15.256877603874273,38.78269502086282,35.5162307055983,-16.88432638834642,39.3253495994822,39.58136849609984,39.62644452398658,255.70221122519604,-5.26077142529703,7.590193122276585,38.58590532160727
1169,19.502816666666668,1544.7837834481902,948.945775128826,13422.5,1531.907488986784,897.5991189427313,-1.81650127742966,detected,1545.072150199928,948.7597848913884,36.95025478782827,-12.761256980310009,39.091827900508015,36.036414640909804,-17.298982620100762,39.97346594757736,39.800375425786754,40.595261581146815,255.60218820158335,-4.914011176765718,7.795108716142828,39.20604876757719
1170,19.5195,1545.5661108428965,948.2032656193908,13463.5,1542.457264957265,894.7606837606837,-1.6289025439234963,detected,1545.6909385595031,948.4618704886512,36.22645441588156,-10.755292692181683,37.78931489773851,36.546743175619596,-17.728639978549303,40.61981181927994,39.969549688973736,41.54283488683643,255.3538512131243,-5.778110857335085,7.911765408974526,39.841850864977
1171,19.536183333333334,1546.4629643242183,947.9919999019896,13604.0,1533.2844827586207,896.8965517241379,-1.8232140696633687,detected,1546.3296061414037,948.1430751741595,34.13981890532796,-9.749128544935502,35.5045453748427,36.98427527718283,-18.16164875179621,41.202938040412334,40.03990710788913,42.454555411010396,255.13503888147946,-6.8313157063846255,8.065824304106819,40.40574936141313
1172,19.552866666666667,1546.5521816947478,948.4510029006974,13502.5,1534.3627906976744,896.3627906976744,-1.800674050338069,detected,1546.9756886575888,947.8153919276007,35.673149229414776,-14.241251366901906,38.41076433031998,37.41100525847613,-18.58081308942776,41.77116145756518,40.09580463079908,43.316285044291824,254.88140706617554,-6.887160666666578,8.180238780838213,40.96234396372416
1173,19.56955,1547.5305306769023,948.3205142265276,13677.5,1528.4708737864078,898.1747572815534,-1.934017728942639,detected,1547.6462110832824,947.455193780362,37.20105793393941,-15.743091841190108,40.39509440667843,37.770437479492955,-18.92520116870912,42.2465286937092,40.1452612870983,44.11460277557703,254.53683203975987,-7.7010339107420185,8.169836605983619,41.44904047743355
1174,19.58623333333333,1547.7478402788004,948.3289034506454,13582.0,1533.549132947977,896.3526011560693,-1.8374665086476167,detected,1548.3341383230354,947.0897801423145,38.67546007416695,-20.265511113288994,43.66328151469288,38.09915949070442,-19.199301167257474,42.66332288053976,40.15383655025496,44.83704215660326,254.3902676007686,-8.751947389070573,8.23931870885871,41.86015702816986
1175,19.602916666666665,1548.030700947757,947.9836073613616,13593.5,1535.430769230769,895.8564102564103,-1.8079623849310011,detected,1549.0264273133105,946.7068246638578,40.78946345518034,-27.640257715161624,49.272346965839205,38.400815883795204,-19.490277824835132,43.063831578604315,40.15695010504675,45.47231613913446,254.24062596525278,-9.280368573927467,8.328072753105861,42.25087921510479
1176,19.6196,1549.4264700487877,946.3836860961324,13630.5,1531.0,896.5944444444444,-1.92525486931928,detected,1549.7276164902066,946.3078839257348,45.217385846982324,-34.155761682094635,56.66769837322601,38.673833469569225,-19.70448108593765,43.40428515824269,40.16331020393435,46.010525004891726,254.07707381267196,-9.119157900463213,8.338516740473764,42.59578745212825
1177,19.63628333333333,1550.115305143532,946.4054682311267,13551.0,1540.0,893.9067357512954,-1.761140853350105,detected,1550.4405671279007,945.9067986639243,46.65931310693941,-36.461221778062736,59.2158103310297,38.86230586834792,-19.82158784957766,43.62538437978001,40.19324928441105,46.44334285985061,253.92009529326253,-9.296644757360003,8.282104467532978,42.832007983194345
1178,19.652966666666668,1550.9432120457818,945.4396002635624,13659.0,1538.3777777777775,894.4577777777778,-1.8124488607831355,detected,1551.167769136102,945.4953070005774,48.11367897347009,-35.63331930077538,59.87202642931964,38.99818347103806,-19.793262592014404,43.7336433204139,40.19203414000269,46.76417817037216,253.6990006291045,-9.912041944426969,8.051436596566836,42.98611318563993
1179,19.66965,1551.6652203223632,944.7773978059691,13597.5,1539.9056603773586,894.1462264150944,-1.7990094318306045,detected,1551.8973413876874,945.1008870961184,48.926987042066685,-33.06359790736724,59.05126220153656,39.102169493157845,-19.741607387266964,43.8030903168331,40.18040165479057,46.96830416239037,253.44831433197606,-8.961060992344644,7.784144605132052,43.10589071195526
1180,19.686333333333334,1552.6479896520875,944.4000386837844,13787.0,1541.201716738197,893.5793991416309,-1.7923285570973333,detected,1552.6212328939428,944.6968391330981,47.46215064371245,-28.808139596278124,55.52084879326956,39.14301188538506,-19.646652244944843,43.79687573210208,40.04849572921069,47.05295558005135,253.32189434797698,-8.075902021824135,7.586332825792548,43.134833697946426
1181,19.703016666666667,1553.335478241902,943.9818591631222,13753.5,1536.178861788618,894.479674796748,-1.9044238269068103,detected,1553.3499268725936,944.2990446519918,47.074983805669035,-28.414082053454422,54.98558137588838,39.13749253331059,-19.41884383951859,43.69021421163499,39.95278986731639,47.017389205038064,253.17675621331617,-7.558512669030354,7.260580815498747,43.08269703814007
1182,19.7197,1553.811478915405,943.8118088395224,13639.5,1542.7425742574258,892.8580858085809,-1.7847072417672816,detected,1554.0888528648054,943.930495475308,48.13894380242891,-26.655480408543553,55.02610786003003,39.11997095188351,-19.238262540163497,43.59452801488356,39.90804925928035,46.86290652522911,253.04596481195784,-6.874484153963452,6.994591677965801,43.02974041403224
1183,19.736383333333333,1554.9496540983014,943.110036582274,13804.5,1539.6753731343283,893.2649253731344,-1.868146180922145,detected,1554.8166972474787,943.5647794510003,48.344780094264934,-23.88954650238611,53.92520926665471,39.042219585858504,-19.071219806643064,43.45119486393542,39.860430754170864,46.59283788885392,253.01749069055796,-5.500246601980069,6.836157385061842,42.91006044403052
1184,19.753066666666665,1555.8264254940188,942.6587960622908,13849.0,1539.2380952380952,893.2307692307693,-1.894590664414843,detected,1555.5667716093758,943.113874672698,46.796105220015306,-20.995459635888437,51.29020168692033,38.968421067864924,-19.16978418467203,43.42831410738069,39.82797346682252,46.21248833353508,253.0355243788511,-4.61353034332887,6.965471139197145,42.86607840727132
1185,19.76975,1556.3003323314515,942.3611783104856,13641.0,1546.3041958041958,891.5804195804196,-1.7651601554807146,detected,1556.280346409939,942.7214682450848,46.655454501436,-19.988052558009713,50.75680919637604,38.78519446589606,-18.79544568368814,43.09942097297649,39.84774850192633,45.72904604621588,253.27002192372282,-4.191709577191131,6.83510303847423,42.55398282956938
1186,19.78643333333333,1557.5208988872412,941.6698011983556,13824.5,1544.457446808511,891.7588652482269,-1.826789086629394,detected,1556.985356484722,942.3631194808739,44.465149629019834,-16.87572514288013,47.559853139272406,38.55852700474866,-18.486556263051394,42.761112792382946,39.91852287472983,45.15145511684492,253.2781333089858,-3.5250923445313758,6.610518148147721,42.2470569040721
1187,19.803116666666668,1558.1226680234531,941.94530455008,13758.0,1541.5882352941176,891.8980392156863,-1.8898832374327332,detected,1557.686204980692,942.0021174770153,43.28795351507688,-15.637546137154914,46.02585978246474,38.366258458792885,-18.156218939895286,42.44547177638987,40.02756641777956,44.49025490952344,252.94640978403243,-2.4857477546906566,6.106385454031951,42.00392994717394
1188,19.8198,1558.5759548137644,941.9315540040968,13750.5,1534.1208333333334,893.675,-2.0398476901270786,detected,1558.3844045709752,941.6695773762533,43.06551693792153,-16.164735818380905,45.99931992115158,38.10951709713147,-17.822698274247667,42.07117620356515,40.18973154244958,43.7573889944003,252.68379883294114,-2.304218689029754,5.671813433315,41.6871011168814
1189,19.836483333333334,1559.4275351717747,941.2196498671152,13671.0,1541.877966101695,891.8779661016949,-1.9125172353169495,detected,1559.0598988250003,941.3440211118177,42.71718479703122,-17.84156995780677,46.293406609829745,37.807751106764904,-17.50241118851124,41.6624584147744,40.255123102179994,42.965987177039345,252.322407161911,-3.3645445821951,5.195233197951692,41.33727123531144
1190,19.853166666666667,1559.7501343495042,941.4740339049296,13646.0,1541.5795053003533,891.7208480565371,-1.920961234902878,detected,1559.7201317396352,941.0337625634719,40.92002289212542,-20.35769274732047,45.704309725521206,37.49107128430194,-17.261285259379797,41.27387060659918,40.32377402576639,42.130124766144526,252.15803280837372,-3.5649402216032224,4.9441199018933215,40.976677186492246
1191,19.86985,1561.0123282548643,940.590634386422,13816.5,1543.4,891.0857142857143,-1.912601515116639,detected,1560.3632478608793,940.7243341346629,40.13174347912991,-24.191440305353808,46.85917859632393,37.17173039734757,-16.94637940053354,40.852384453296246,40.38092656300325,41.264563889093886,251.9847927185185,-3.303260376808648,4.6194949384388035,40.590363167058
1192,19.886533333333333,1561.628750424119,940.220772139014,13754.0,1545.010752688172,890.4372759856631,-1.8929716428548284,detected,1560.995214389104,940.4323830967109,39.66764428705119,-25.49792872663511,47.15576711954317,36.8353696237105,-16.607388324851215,40.406061454783966,40.36851203515256,40.38448243793221,251.5215231003005,-3.2414615871211936,4.076246245361185,40.19992560733113
1193,19.903216666666665,1562.1710548645965,939.7748078648144,13749.0,1547.6690391459074,889.6405693950178,-1.8523744415976549,detected,1561.6125617139878,940.1781107556658,36.68574663483014,-22.576733649425023,43.07612921830409,36.49731182844982,-16.309672579064298,39.97573251785869,40.35126415417659,39.5051970891299,251.19031430995653,-3.343322629267098,3.6709787306191526,39.80682234867192
1194,19.9199,1562.8022586494346,939.2158008104852,13695.5,1546.7854545454545,889.8072727272727,-1.8842780972800015,detected,1562.2104978747363,939.9187093056275,34.18105996022405,-20.790196312872013,40.00721338374104,36.148643661382806,-15.964211736585616,39.51683811906223,40.32016212554432,38.64188768286561,251.11702409791855,-2.8576767396532086,3.406029620103732,39.36977847480406
1195,19.93658333333333,1563.1545051302674,938.9639418975896,13677.0,1545.6332046332043,890.1158301158301,-1.9151912000914215,detected,1562.8006158100743,939.6549326240687,30.744389964513175,-16.13750219899248,34.722276588849205,35.821061741399525,-15.674209093263059,39.1002467381024,40.38845622030055,37.80933086630642,251.330677601279,-0.1983173084926655,3.382931453357184,38.95362717080881
1196,19.953266666666668,1563.8918214521696,938.575545114162,13621.0,1549.451127819549,889.0,-1.8542401615280888,detected,1563.3854963210445,939.3932711128334,30.363106266695468,-12.557104908108158,32.85725347371377,35.54505662815116,-15.313503589052527,38.70341642375253,40.579325943338816,37.021651011021284,251.37651808052578,0.29806853251443216,3.1604193904183244,38.57416482760274
1197,19.96995,1564.1374216267286,938.8082722911377,13583.5,1548.4204081632654,889.204081632653,-1.8776378999366488,detected,1563.943799216045,939.1729209772079,29.43055671346974,-8.82342045225505,30.72475251229913,35.17824627033178,-14.854143767939703,38.1857905212755,40.80834647209097,36.292095702895544,251.4311896816161,1.2974158389710244,2.878587284267475,38.07713661741896
1198,19.986633333333334,1564.5827350490283,938.6333836505772,13580.5,1544.9271844660193,890.6747572815534,-1.9597599167321604,detected,1564.4990620760461,938.9790250312541,27.970449286524854,-4.134194123532325,28.274327478140094,34.8684740643352,-14.386164193492386,37.71965275260815,41.09257942995688,35.63284137168394,251.44225661631555,0.21129189309141377,2.540883948413084,37.633975508017166
1199,20.003316666666667,1565.2350569868436,938.3860934999572,13643.5,1546.334745762712,889.5847457627119,-1.9402986826865785,detected,1565.0154759956706,938.8456500559121,27.59457267106427,-3.0418521629867428,27.761723748357454,34.567831855426185,-14.0409515048866,37.310632778707934,41.34332485347073,35.0548318922808,251.39226128208387,1.046114148864268,2.2768085207589372,37.24109908833779
1200,20.02,1565.7931564501373,938.4500152485514,13662.5,1548.7931034482758,888.8448275862069,-1.900959469032748,detected,1565.5077012128386,938.7376488117217,26.998907609630805,-2.023941275083871,27.07466251679545,34.21645085968328,-13.76702576281963,36.88219770820687,41.54448309008822,34.5676495497054,251.85401686694973,-0.10841972108913224,2.425994596558942,36.80232408428477
1201,20.036683333333333,1566.0798813691172,938.4155484247376,13712.0,1547.8199052132702,889.0758293838862,-1.92525254578952,detected,1566.0001556744978,938.6068082725058,27.32388408260522,-1.6660214228463701,27.374628193658264,34.04147206393715,-13.738887827970606,36.70938380073101,41.61169143184071,34.179414198255685,251.71206270921374,-0.449430929531039,2.3629973172100964,36.63325132592287
1202,20.053366666666665,1566.3827620648494,938.760822431728,13683.0,1547.2232558139535,889.1860465116279,-1.9395907871812128,detected,1566.4930291558935,938.4920571241081,26.472784652897644,-3.235458313752588,26.669767861357993,33.84814890064006,-13.684547002994279,36.50977965801849,41.57881465868138,33.89670355835288,251.85910526038853,0.6994783232343387,2.4655564981667286,36.42643328451756
1203,20.07005,1566.918013165769,938.3059636781104,13646.5,1552.8902953586498,887.4303797468355,-1.8398373057783737,detected,1566.9915923889967,938.3553346729921,25.949296456735283,-5.691229249270691,26.566070032417073,33.65249017592595,-13.721513749699515,36.3423999568546,41.49707971857996,33.724486218315,251.9251662499684,1.5865719780117145,2.603401240017792,36.2490322161497
1204,20.08673333333333,1567.4516415802036,938.3747016415804,13686.0,1551.7850877192982,887.6359649122808,-1.870278620903767,detected,1567.469981512991,938.221267809142,25.27499464320863,-7.193051876061418,26.27861011366346,33.55927901068511,-13.904822821930207,36.32587652660678,41.42616682383805,33.66605965125325,252.11045211302377,2.2972196783780205,2.923690346046575,36.20802867026477
1205,20.103416666666668,1567.8346710646877,938.5477246350254,13642.5,1551.5560344827586,887.6637931034483,-1.880424012374556,detected,1567.94745128914,938.0788876590063,26.616339488600715,-5.883631593152131,27.258882011124076,33.5725867267823,-14.11219837563762,36.41802743862808,41.45752903715606,33.72298852572571,252.3108064849323,3.236068597797914,3.2438130167873247,36.2732739028722
1206,20.1201,1568.219069960658,937.7675390367276,13641.0,1552.7105263157896,887.438596491228,-1.869707505883212,detected,1568.4303277961258,937.9240111573488,27.332631631315962,-7.78803918333233,28.42052614246143,33.58427675413553,-14.340371070470528,36.51780233717736,41.483201208007536,33.8950432389588,252.34362292601986,3.1543245334831127,3.4784665976661095,36.3517559089802
1207,20.136783333333334,1568.7648250594457,937.5041612073568,13738.0,1554.216814159292,886.5132743362832,-1.848718562821125,detected,1568.892203892788,937.7752080465482,28.063642323039858,-6.746029422275569,28.863072140742773,33.66504442381697,-14.610816937791679,36.69892624651613,41.46773082652629,34.18014381961593,252.62413881389114,3.999190545405169,3.890383746079621,36.49213753612509
1208,20.153466666666667,1568.957203994294,937.7696940878112,13669.5,1552.7272727272727,886.8893280632411,-1.8795757435382243,detected,1569.3782252909818,937.6008707240293,28.15665855795214,-8.702236394762622,29.470770933578084,33.8056167834355,-14.938277496556319,36.9590565446768,41.4235685119737,34.57431876153453,252.91168370791098,3.4314878897563448,4.3451712139083085,36.70274305545076
1209,20.17015,1569.69453249785,938.239206290699,13565.0,1549.0191387559807,888.4258373205741,-1.9642152199534555,detected,1569.8635953126497,937.4173151790302,29.285698996917745,-9.83933487742297,30.89441173688441,34.06838638160701,-15.341624962982884,37.36335647598173,41.397977525412024,35.07169076786623,253.09417812212274,2.8210640134652145,4.771555097660551,37.057423940437026
1210,20.186833333333333,1570.155050765789,937.4253263515008,13559.0,1553.863453815261,886.863453815261,-1.8825037038119667,detected,1570.3652700648904,937.2002874911066,30.453879778212467,-10.898227438204685,32.34517204840091,34.25418592190624,-15.656273636200234,37.66255643665335,41.367691934393214,35.66450118217362,253.89612355021387,1.2626014444936196,5.540513255569923,37.25279681056111
1211,20.203516666666665,1570.7989255658645,937.4835200039428,13526.5,1561.0504201680671,884.8025210084033,-1.7537743554510483,detected,1570.8877834143284,936.9510659153092,31.725340522357328,-12.886439260588759,34.24262764561696,34.57197452147903,-16.004530062425694,38.096803078905225,41.35951584475319,36.343182187606885,253.94484712902073,2.3455923802233016,5.81897512180735,37.649779990919875
1212,20.2202,1571.0742442924934,936.982463351144,13381.5,1558.313253012048,885.5502008032129,-1.8139978058691784,detected,1571.4101391444096,936.7137053279653,33.02389708751616,-15.755269960272472,36.58970224486559,34.95892696317282,-16.310193763229126,38.576534253487964,41.36906150241638,37.09648145599965,253.9874839545999,2.4917958816219645,6.0340553010568545,38.10169512809525
1213,20.23688333333333,1571.7055318724604,936.770647919627,13371.0,1556.4710424710424,885.7722007722008,-1.8610825953631869,detected,1571.94617097161,936.468565162972,33.02208098429128,-19.121715340009814,38.15884995747983,35.30411832630723,-16.550051612014183,38.990831988535916,41.34281524314376,37.91163895470328,253.7698667651072,1.180166889306705,6.023115797230275,38.52281214100796
1214,20.253566666666668,1572.3000124703829,936.1729267988528,13365.0,1556.5648854961833,885.7022900763359,-1.8730141357546104,detected,1572.5032272150545,936.209846697843,34.207810934025474,-16.911136690976036,38.159676008568375,35.69147278744048,-16.91032890945896,39.49481552764474,41.316255047398045,38.77461114629055,253.76982717870834,0.7845869593713538,6.260743893216754,38.995429725369576
1215,20.27025,1572.9616950383927,936.3218969599038,13305.5,1558.7113821138212,885.2560975609756,-1.84293117428708,detected,1573.063819318981,935.9549702069469,34.958900577765235,-16.63225229133468,38.713777210299206,36.04846227581112,-17.188862028417308,39.93680771271714,41.25047888402366,39.67033456845634,253.89125528139934,-0.5147800146465411,6.511919832149015,39.40232874313659
1216,20.286933333333334,1573.4719381703312,936.0693336329924,13348.5,1563.0661157024792,884.0082644628098,-1.7680738389448143,detected,1573.6642095719426,935.6647752355154,36.39406249962576,-13.256098321861373,38.73308570131641,36.48575630621458,-17.534350168502215,40.48041315337741,41.11171216774867,40.58301901305879,253.9178360054819,-1.41324488045375,6.741029069163039,39.915189792318785
1217,20.303616666666667,1574.0828241938104,935.2541824406212,13339.5,1561.5392156862745,884.3480392156863,-1.812390095829096,detected,1574.2852757495268,935.364117296129,36.105354678363256,-11.647359208267517,37.937548853040326,36.912965600674084,-17.92774598965672,41.03621700042782,40.90849380463893,41.49646007949214,254.0503007624847,-2.6848083495384145,7.09414985451577,40.41836393952475
1218,20.3203,1574.7397523111808,935.434065934066,13377.0,1560.3136363636363,884.8227272727272,-1.8484699198296048,detected,1574.923089767166,935.0354491257102,36.02335466969089,-10.661128287440533,37.567828497527046,37.324637045602195,-18.310636985546783,41.574126056989016,40.73551177754498,42.39436135969147,254.31660810040336,-4.127442513753263,7.5392870996253105,40.88480289095004
1219,20.336983333333333,1575.3166405842462,935.2667237995876,13419.0,1564.005291005291,883.7089947089947,-1.7867665576422211,detected,1575.5807926667665,934.6869390623486,37.782046111860836,-16.26852505203533,41.135725540793366,37.7300524564219,-18.7643711257304,42.1385628861319,40.5804384326973,43.260657458139924,254.29126057723118,-4.857955094233619,7.848221275673941,41.40125487127839
1220,20.353666666666665,1575.9733837975552,935.429423581,13607.0,1561.2918660287082,883.8516746411483,-1.8481101604973889,detected,1576.247988714313,934.3226250743605,39.48287713733498,-21.290076985371343,44.8571618037179,38.09083318458717,-19.224399066271562,42.66718987882035,40.49531628302449,44.07983007453372,254.2659490091416,-6.304650936275415,8.174887890049648,41.876727428733375
1221,20.37035,1576.491451112577,935.0999242812828,13647.0,1563.6078431372548,882.9117647058823,-1.8128254462919395,detected,1576.9463742804544,933.9190097358374,42.011683231387906,-26.42783293575758,49.63277023917558,38.40849799458392,-19.61193329431564,43.125869796917065,40.40974596528876,44.8372102554665,254.2227707174096,-6.7687189794902975,8.429889074218764,42.293943017139114
1222,20.38703333333333,1577.1083720244676,934.7382759721916,13569.0,1558.4482758620688,883.8706896551724,-1.922390971826014,detected,1577.645748371856,933.5214074903868,42.932200662007745,-33.28304624791008,54.32250934210808,38.67408016582593,-19.94976001303211,43.51640381798921,40.33834937691118,45.51926061495876,254.1153490636089,-7.389744926181606,8.602815453790269,42.6575780784415
1223,20.403716666666668,1578.176614811273,933.327277407966,13595.5,1566.3962264150944,881.4481132075472,-1.7940835694652355,detected,1578.3568160611303,933.1068104573225,42.47352000284263,-36.41951443619473,55.949807266871524,38.88312346635128,-20.23556029065462,43.83349393758426,40.328212408078414,46.11383192249081,253.7900609825761,-8.515389698541641,8.576578516908619,42.98624770458032
1224,20.4204,1578.8041826027263,932.5762601745612,13596.0,1553.0882352941176,884.2176470588236,-2.059540371422361,detected,1579.0797614755018,932.663316097714,43.73309703413179,-39.795310739447814,59.12910056009644,39.091418914882944,-20.419492148344055,44.10322768658948,40.34313307133401,46.61038908470887,253.44354255498115,-9.405291011403651,8.433397324263684,43.289404037781054
1225,20.437083333333334,1579.8342015469989,931.9264750525178,13725.5,1565.2543103448277,881.2844827586207,-1.8511166954001024,detected,1579.8173671491202,932.2257926931889,45.606442249320935,-38.92766121801378,59.960907119098025,39.2533349675621,-20.564918050189167,44.31410791708019,40.40399880985506,47.00020228382757,253.02706619558626,-9.364207281083337,8.210336685773509,43.54687740806304
1226,20.453766666666667,1580.2586852213185,931.479905263287,13581.5,1566.2280701754387,880.9868421052631,-1.8418307691295803,detected,1580.5558289091107,931.7805561092462,45.380886045652915,-35.48089269203547,57.604848446222576,39.34313915312832,-20.620452761656413,44.41942897559718,40.42463287514322,47.27649990090508,252.49630136257693,-9.17529511502838,7.832542738086195,43.723414148190386
1227,20.47045,1580.6363456643685,931.2420985000124,13489.0,1567.4957264957266,880.2222222222222,-1.8228764243330589,detected,1581.2820252901213,931.3479955744062,46.318317568522616,-31.236785231645626,55.867014364349785,39.41898534350202,-20.54887368280513,44.453488222445586,40.47865345674276,47.43458082024154,252.01040453715535,-9.488341461687373,7.369964714510724,43.83829644557343
1228,20.487133333333333,1581.8193780783652,930.3433923889338,13603.0,1567.0273224043715,880.3169398907104,-1.8582894265271008,detected,1582.014621230709,930.9022555193465,47.18282795073537,-29.36888614395366,55.57653035918317,39.45243302897572,-20.448186243950857,44.43672796879981,40.54381989282157,47.4718847290057,251.6925699666468,-8.882617264280057,7.02057259277432,43.87863207807077
1229,20.503816666666665,1582.7777290768745,929.9711081890568,13689.0,1568.9201877934272,879.8591549295775,-1.840585945198776,detected,1582.748900909519,930.4789417225047,49.01978087745829,-29.19983709193957,57.0575972458518,39.45951209717903,-20.33059779204833,44.38903357282583,40.59863350527952,47.38802002384906,251.3852122469553,-8.764296527181612,6.671393386688992,43.8848357842376
1230,20.5205,1583.3059806476078,929.6638286420296,13624.5,1569.0579710144928,879.4311594202899,-1.847177483504268,detected,1583.4948248101132,930.0898784927559,49.599378755518956,-26.518576803674023,56.243517747610554,39.33145491047815,-20.216537075119245,44.22297724808504,40.6539337598424,47.18474985551722,251.28065109919982,-9.877870855529354,6.524365922075848,43.73904852645405
1231,20.53718333333333,1584.5294998611062,928.9563993864512,13799.5,1569.6808510638298,878.9290780141844,-1.859324678772901,detected,1584.2310520503672,929.6982643426538,49.22118847458296,-22.853814800846067,54.2680591674494,39.155310942201055,-20.222008700315197,44.06890072212005,40.635066172008116,46.86593767152731,250.82181070602175,-9.087669893966106,6.236918607494603,43.625323576330764
1232,20.553866666666668,1585.0312298030608,928.6800317053836,13667.5,1565.9731800766283,879.9310344827586,-1.9434701197797697,detected,1584.9601236858744,929.2870153120032,48.001707475804324,-19.366561051121153,51.76125585357731,38.95988051594568,-20.11171164341083,43.844648875826,40.65112154380113,46.43745438376801,250.43923318973125,-8.140973987723761,5.906984982407177,43.444916428301326
1233,20.57055,1586.2037778018096,928.0318541749276,13870.5,1568.32421875,879.5546875,-1.9241417586380547,detected,1585.6719362863453,928.8890969127118,46.93469482115961,-17.34243553150918,50.03624334539853,38.67706596207376,-19.86392509823332,43.479776353413186,40.68935884346283,45.90705001153103,250.01723380549674,-7.368256790784411,5.450623404283583,43.136778463945404
1234,20.587233333333334,1586.4514995056577,928.3366655681276,13654.5,1555.3433734939758,883.0722891566265,-2.1729166426446884,detected,1586.3712437366792,928.531399907479,46.20986088090103,-17.101434989307563,49.27281523645408,38.44203320467129,-19.521871090860827,43.114885686932276,40.76079730460105,45.28419331074638,249.45639254285726,-7.3223158065115115,4.790300043317211,42.84794502998052
1235,20.603916666666667,1587.3355326759474,928.2435469837588,13792.0,1574.7642276422764,877.060975609756,-1.8116454935091504,detected,1587.0769688960659,928.1625151193722,44.16849809019186,-16.5268343970165,47.159224746911285,38.07224461433908,-19.21245656024894,42.645214233880026,40.845725621779025,44.579883458754516,249.12805683691101,-6.999688633414055,4.387318912794884,42.41893126672283
1236,20.6206,1588.4221357731192,927.6872943832096,13881.0,1573.6188524590164,877.3237704918033,-1.8566738233871924,detected,1587.7596557185514,927.8361645340817,43.2646916821177,-17.02413041508953,46.49359700796101,37.75965400695575,-18.943654427252625,42.24515964917374,40.96373374169986,43.80643830270846,249.01858703682933,-5.319639495632371,4.167213117892663,42.039122833549236
1237,20.637283333333333,1588.9279480240864,927.555827787123,13673.0,1573.2669491525423,877.2161016949153,-1.872410858718868,detected,1588.4167675367535,927.511923836749,40.71186714904434,-18.488344611339016,44.71325321679316,37.40578129879547,-18.689034300893425,41.81473995702099,41.0669535050581,42.97726400801134,248.8684942089168,-4.166817503244177,3.947148928851293,41.62802533158107
1238,20.653966666666665,1589.5927820712843,926.8780644146924,13780.5,1573.203187250996,877.1474103585657,-1.8891535839612452,detected,1589.06159594299,927.2065147263991,39.97748643144132,-20.641627236232125,44.991957018289774,37.04674150194614,-18.446289570280417,41.38510184622788,41.14219062080514,42.10661117423612,248.74655166192846,-3.7953493747808555,3.762458289047146,41.213718134206665
1239,20.67065,1590.3067691821836,926.5723864009036,13721.5,1568.927966101695,878.1864406779661,-1.9868429636103937,detected,1589.6943665181543,926.9064302240376,36.93343506134897,-20.990005509953335,42.481277720176365,36.66850904157435,-18.272871700734115,40.96922498075244,41.203579919854135,41.20932261573298,248.72397473691748,-4.087489569378307,3.7218657607288854,40.79981753369277
1240,20.68733333333333,1590.8122410683825,926.4155700151094,13678.0,1571.2985611510792,877.5359712230215,-1.950629517947418,detected,1590.3149807660407,926.6327367973499,34.56814182144535,-20.243909805488784,40.05960949884963,36.29046178029608,-18.04829075291944,40.53070953399469,41.191603566285316,40.30057800712295,248.54646032682226,-3.015403124047793,3.5246904427619032,40.3771590458238
1241,20.704016666666668,1591.3430967443107,925.883850757548,13673.5,1568.6690647482014,878.4892086330935,-2.017022572724056,detected,1590.917977332252,926.3687055879622,32.686647366629586,-17.75610590208271,37.19806732716592,35.892056225908384,-17.801943160625814,40.0643093091335,41.19159708860579,39.39564042276033,248.5508724016371,-1.2508539492710176,3.444200423116685,39.915991330083784
1242,20.7207,1591.910444501074,925.8225878869514,13734.5,1565.7338403041824,879.4638783269962,-2.0848201190762885,detected,1591.5072617835324,926.1031173057311,31.00150046493127,-15.364493267251873,34.60000989070035,35.48120859871933,-17.656712224579458,39.63175053170687,41.21950823539682,38.509609386183804,248.50587498066108,0.3433927318296217,3.4282573057106998,39.483195185461994
1243,20.737383333333334,1592.4494633872991,925.3409348390162,13681.5,1571.8523985239854,877.4022140221402,-1.9766023707886788,detected,1592.0855081722948,925.8438740326727,29.31067768059347,-13.827609732197743,32.40861948620474,35.05697637635453,-17.347898499168167,39.114462478598895,41.28363310465334,37.65718432462415,248.65408820343583,0.5703087813137449,3.397171686462247,38.96665753592961
1244,20.754066666666667,1593.0137722867862,924.982292774132,13638.5,1569.7789855072465,878.3913043478261,-2.033401003322603,detected,1592.640972548018,925.6070122425463,28.78447762230371,-10.238908406256542,30.55129125488175,34.65359030725127,-17.040750491352018,38.61681626560291,41.33200003217143,36.85244127884273,248.91775526201187,1.4395688704183267,3.4349661151304876,38.46374274923384
1245,20.77075,1593.1961490850706,925.2981578850608,13598.5,1572.308,877.784,-1.9849843511589955,detected,1593.1842619866823,925.4157312444977,27.678833523750654,-7.451491288178659,28.664307904662646,34.24465758611783,-16.746972586650116,38.12030514054771,41.33705497723921,36.10862443107228,248.9795219415396,2.454019650190316,3.3488864182454474,37.97291961077208
1246,20.787433333333333,1593.8065231236528,924.841135116598,13608.0,1572.995951417004,877.4696356275304,-1.9847214016175247,detected,1593.7032772499201,925.2294901879894,26.685136709003928,-5.4014777827219405,27.22631968179812,33.84815685878437,-16.41057077229639,37.616546303580556,41.26284346563744,35.437952679733925,249.25565040325142,3.2228841205810186,3.3576987945024417,37.46639046685465
1247,20.804116666666665,1594.1937039484958,924.7957699933906,13617.0,1574.383064516129,876.9879032258065,-1.963637742042846,detected,1594.2060974270726,925.0634882963835,27.625974618886175,-2.898530195886451,27.77761600533438,33.4551598834783,-16.11539024090899,37.13426349674759,41.174129385612765,34.85144040080047,249.258103735835,3.562068660486643,3.222437884049395,36.9941808873953
1248,20.8208,1594.7428976578162,925.170761820938,13634.0,1574.9954545454543,876.4727272727273,-1.9560419520829269,detected,1594.7033487710348,924.8849613426687,28.455861788638686,-1.4510848750105652,28.49283624788153,33.16029144479422,-16.044233767754026,36.83778448682862,41.03264725811439,34.35873102524588,249.67797698558707,4.174353931421444,3.5291278943105926,36.66834632491122
1249,20.83748333333333,1595.075083902893,924.81585458465,13607.0,1578.6875,874.7259615384615,-1.886983776673088,detected,1595.1964972684486,924.6952934419646,29.859751012146262,-3.438538977753524,30.057083704326672,32.832760739160285,-16.03891245998581,36.54089340251594,40.87111252782725,33.967942416031946,249.4842177279168,3.177815764693963,3.5149096119515413,36.37144898232464
1250,20.854166666666668,1595.5052398523983,924.8960393603936,13550.0,1581.28125,874.0401785714286,-1.843519625542682,detected,1595.6890483933316,924.4917252034336,27.649241652738056,-6.423959254453621,28.38569739277838,32.582653432964634,-16.06848722224774,36.32940388093673,40.75313580293055,33.68552437094937,249.63778430885557,4.0128235536696675,3.727133661736479,36.13770968132557
1251,20.87085,1596.3207087324215,924.839011966562,13677.0,1579.963133640553,874.479262672811,-1.8848604078782265,detected,1596.1505600893681,924.3007557997342,26.51026641482349,-12.517154258929622,29.316776359735705,32.38991634398555,-16.216888765647326,36.22284033600569,40.67551605325048,33.51613075786312,249.91778110355494,4.538974046013043,4.109247249638289,35.989001779003274
1252,20.887533333333334,1596.7217357319948,924.931044590188,13646.5,1580.5069124423962,873.6866359447005,-1.877249641915476,detected,1596.6021469451734,924.0983349207046,25.575314059276025,-15.215610641508192,29.759225400278467,32.13461449162249,-16.309511407080908,36.03655936494072,40.64105507881765,33.462511324303854,250.30747205051284,4.982833803563636,4.527160815458197,35.751061883724184
1253,20.904216666666667,1597.2280618514058,924.4172901687408,13699.5,1579.6355555555556,873.76,-1.905050204533016,detected,1597.0457823855204,923.8879843932614,25.12874541808924,-14.404412129120374,28.964477124103087,32.060403774644875,-16.574175807808636,36.091173351685484,40.65046536452903,33.525430376708435,250.6582806392632,5.098634641147869,5.020275393158961,35.74030818107554
1254,20.9209,1597.1491590948265,923.6314668439584,13537.0,1572.9310344827586,876.1436781609195,-2.0424010720175896,detected,1597.4919967928533,923.6717866284159,25.656849034086008,-15.48685742914995,29.968594484705104,32.07645627518085,-16.884970767635547,36.24915564530429,40.623212650807844,33.70362052770063,251.00615288884728,5.624578141736466,5.525828105002082,35.82550081647799
1255,20.937583333333333,1597.6425957310933,923.0083511409132,13571.0,1583.9789029535864,872.2911392405064,-1.833957593168692,detected,1597.9337402581307,923.4216080350182,23.381461524856604,-14.468519670966089,27.496014338581553,32.097922617195636,-17.07955714420237,36.359151648265296,40.56692970147765,33.99377905202859,251.4718394551697,5.542649363451261,5.994502711807163,35.861592906892604
1256,20.954266666666665,1598.1686946292689,923.4563957406658,13601.5,1584.1203703703704,871.6759259259259,-1.835724520753317,detected,1598.3933256084038,923.1622993040569,25.17596968808266,-15.661427842819194,29.649785358600642,32.23771924023318,-17.402678649679356,36.63500738359563,40.52485727517181,34.39061203285857,251.89763965633864,5.474348063111986,6.524535241670728,36.04933017236663
1257,20.97095,1598.5981683095483,923.5311044088078,13594.0,1585.0973451327434,871.2964601769911,-1.8237259698481163,detected,1598.8446709809218,922.891030192334,27.756378588092048,-14.562100546829242,31.34439861700108,32.423652303573405,-17.723923148956924,36.951734472053566,40.42539080057831,34.886927883561754,252.1559780926441,4.71924012082032,6.935825540515516,36.29497216646797
1258,20.98763333333333,1599.3906651424077,923.0909392631928,13558.5,1585.9685863874345,870.2722513089005,-1.8196451945948016,detected,1599.3178485098906,922.5954033414449,30.959242341284153,-14.984465535609615,34.394896332657176,32.726118685224186,-18.100434625934305,37.39818949958809,40.35896619990521,35.47377780612785,252.48026103090302,3.8247159670934074,7.409129401015285,36.65691448234715
1259,21.004316666666668,1599.2302911597424,923.0852009491884,13274.5,1583.4418604651164,871.1348837209302,-1.8658401025014213,detected,1599.7880364086236,922.2997829111633,31.578533082317335,-18.317544671653195,36.50665959012164,32.997592219082534,-18.358865657131595,37.76094596899635,40.33179779392677,36.14063717751283,252.21537460757932,1.1501183799325603,7.40274291803572,37.02821137677236
1260,21.021,1600.1607102970738,922.1504107413198,13431.0,1586.099099099099,870.7522522522522,-1.837843760711373,detected,1600.2773441792247,921.9843476650675,32.13870704731653,-23.855946372813378,40.02502552173803,33.32220382593702,-18.497182624102052,38.111875220811086,40.32751177395846,36.87561941264331,252.51283325166048,1.7026005053330437,7.629260466069335,37.34045283051005
1261,21.037683333333334,1600.8160987948222,921.9368521549372,13442.0,1586.5380952380951,870.447619047619,-1.8413002767490825,detected,1600.8044699094041,921.6473129922114,32.80461004170229,-25.65870946688665,41.64747064941944,33.68127203323137,-18.63599405768628,38.49322486223585,40.31844557214938,37.66571282733548,252.68422622926627,2.2416197107850904,7.76657344780455,37.70157420021755
1262,21.054366666666667,1601.362551394044,921.4496931978656,13336.5,1584.8620689655172,870.8965517241379,-1.8862928311261844,detected,1601.328125725059,921.3274454722853,32.867877297895575,-25.898762262281707,41.845468629084635,34.11377997073718,-18.84357123581922,38.972171620417335,40.33656086087591,38.497031314340354,252.94661400991328,2.1360400356761047,8.010758914788758,38.13997774541033
1263,21.07105,1601.8482624325943,920.9616661673656,13352.0,1581.9781659388643,871.646288209607,-1.9538164380868692,detected,1601.867154885574,920.9952945494015,33.82971534349872,-23.459201535419652,41.167751661969454,34.58437324835469,-19.155104858852024,39.53475578696709,40.350216847809385,39.355070884573585,252.8942602700452,3.398779285017774,8.135239380576284,38.688690794027245
1264,21.087733333333333,1602.3914484837069,920.5212281032208,13272.5,1588.8971962616822,868.8644859813085,-1.8263154586221972,detected,1602.432583454983,920.6541698648452,32.50461942776383,-19.927693189822094,38.12693588542677,35.05848305007381,-19.48769738047745,40.11069162910782,40.3380082028953,40.224965846784016,252.90757704734526,2.6918465020769933,8.322786315237863,39.237721785499595
1265,21.104416666666665,1602.9474967652036,920.2742360903752,13396.0,1589.7239819004526,868.5882352941177,-1.8212669213118515,detected,1603.0149840680538,920.3025497264546,32.40441805793853,-21.217469927444654,38.73276829501954,35.519059113450986,-19.787376477109714,40.65887145693668,40.36261625086649,41.09174016452459,253.06625174608345,1.7208284531319096,8.583954694091092,39.7424149991101
1266,21.1211,1603.4545454545455,919.7763789859378,13464.0,1591.5122950819673,868.0204918032787,-1.7975692006455166,detected,1603.61933995976,919.9330647929053,33.62529082063065,-20.352841934640765,39.305195045801,35.94449214264847,-20.131887883440598,41.198293959147634,40.346752297903194,41.94055100910454,253.0176656935854,0.38422319813529665,8.75548037959802,40.2571855507413
1267,21.13778333333333,1603.902886264638,920.0584780167574,13506.5,1585.4170212765955,869.5957446808511,-1.9219417327830264,detected,1604.239427654503,919.555022661488,34.90340485954766,-20.95357061148252,40.70994709109654,36.372982508227345,-20.424998464577406,41.715397862441655,40.324267760857666,42.75692254072255,252.73521243862018,-1.319717523224555,8.709650554684446,40.79603419496908
1268,21.154466666666668,1604.659103227396,919.580795762503,13530.0,1586.6206896551723,868.926724137931,-1.912903811647468,detected,1604.8948686263948,919.141680924526,36.57009399461094,-23.56638690658474,43.50570498917961,36.69099557838687,-20.652045904463012,42.10387341531955,40.30742769800092,43.52696847349218,252.54515392779373,-1.8868628655883524,8.69547985881014,41.196174417029056
1269,21.17115,1605.1598124892903,918.666654427064,13617.0,1591.122549019608,867.186274509804,-1.8369970252025336,detected,1605.5473351238224,918.7424644880047,36.843044911076504,-26.01995207814116,45.104854112039455,37.09056920293337,-21.02558121266451,42.63549447500216,40.30493012573183,44.237602111644264,252.2493022460111,-3.12834193522253,8.716576599371185,41.73495754778282
1270,21.187833333333334,1605.9209515474197,918.6018039044076,13711.0,1588.4622222222222,867.911111111111,-1.9024886709686024,detected,1606.2058895341822,918.3320381723516,37.26512307816574,-26.962566320513815,45.99640617068845,37.41048213949849,-21.212937731128466,43.006196077942874,40.313262553317216,44.876732437264444,252.12841680670894,-4.694303037946301,8.708642401020189,42.1152282271582
1271,21.204516666666667,1606.5284236302418,918.01028466483,13612.5,1592.128205128205,866.4572649572649,-1.843182074746003,detected,1606.8877031926243,917.9022424856503,39.403838352805906,-30.73906414409248,49.97551942089937,37.682289004374354,-21.386638122775274,43.32831862424086,40.34983227071454,45.43344462929514,251.90487486990855,-6.047748092280592,8.62494971162602,42.461199197333784
1272,21.2212,1607.309993906155,917.2569408897014,13675.0,1588.0570342205324,867.6577946768061,-1.9410640491337503,detected,1607.5793666203897,917.4644440162668,39.38701324036356,-29.177858371816,49.01718301945071,37.89469878855948,-21.469631352381953,43.55402698583489,40.38869236766624,45.89816320082281,251.59045549999718,-6.816142476960263,8.403474078814575,42.73563957740103
1273,21.237883333333333,1607.6476608726673,916.921159783986,13548.5,1592.3713080168775,865.9451476793249,-1.861957025241171,detected,1608.2793880797676,917.0399283485195,42.0881333973839,-29.179658239347646,51.21389877602672,38.0963425764,-21.415561513154426,43.70306159323541,40.34830248000678,46.26279581310276,251.22643572752122,-7.356675742278747,8.015704098857373,42.96168153624447
1274,21.254566666666665,1608.3039727498242,916.7079985683783,13504.5,1593.5602605863191,865.8697068403909,-1.853064772522416,detected,1608.9874564261859,916.6083891811516,44.23817996962225,-31.280361104413714,54.18004759915966,38.21416381908579,-21.325999299956287,43.76209047261867,40.260220261086516,46.520855785161146,251.06748448340545,-7.805055596586404,7.773543513136952,43.066141965388866
1275,21.27125,1609.438869750055,915.729580493049,13643.0,1592.4448529411766,865.9117647058823,-1.899541374374622,detected,1609.693058507907,916.1961950704396,46.264260791524976,-27.46302059509526,53.8014807118992,38.31837060105326,-21.1905990042516,43.787429836411405,40.20912948192209,46.66756137500078,250.87306756611017,-7.300317798605832,7.46529621949769,43.1463598004954
1276,21.28793333333333,1609.835100290025,915.7010187419268,13677.0,1591.167808219178,866.2089041095891,-1.931474316457654,detected,1610.4124232836505,915.7847823323997,47.668654264507495,-25.748811842875966,54.17842661714142,38.44638442615677,-20.942934204914504,43.780486161704594,40.130823347427494,46.699910066227254,250.49508904638301,-6.469517112265784,6.904306348141615,43.23264417550955
1277,21.304616666666668,1611.0530490767735,914.8176141885324,13720.0,1592.2508361204011,865.9531772575251,-1.9381163161982848,detected,1611.1401958412157,915.3963294457685,50.137540042049295,-25.028854210479494,56.03763435904065,38.495937998564585,-20.627956690129597,43.67436135307752,40.024425838045616,46.61672635714102,250.24193875997832,-5.992746247650023,6.400038681121007,43.202885835084516
1278,21.3213,1611.8877426592528,914.2442444639548,13668.0,1594.478417266187,865.0791366906475,-1.9111183180533435,detected,1611.8838714461915,915.0195780292189,50.449064003162675,-23.66129972651879,55.7222142735136,38.44586639766323,-20.37009249629125,43.50891071234066,39.93546913105219,46.41868191524275,250.21586611645614,-7.1461703580269225,6.154682859424975,43.0713964281904
1279,21.337983333333334,1612.5872789190378,914.7006969619296,13654.5,1591.4359861591695,865.8581314878893,-1.9794659314431384,detected,1612.606414680529,914.6364700502795,49.51014513002883,-20.235133572314226,53.48565323043102,38.27960892650208,-20.176665770047684,43.27154146967902,39.844162053665826,46.108287415211144,249.6549291626718,-8.277458111695136,5.609160541420463,42.9064519528558
1280,21.354666666666667,1613.338943243769,913.9385100272584,13696.0,1592.8625429553265,865.4948453608247,-1.970704338421085,detected,1613.32578943752,914.2472053741759,49.35472077491977,-17.01855612809186,52.20651027846345,38.0627576289274,-20.01236410944723,43.0031189051162,39.87252226826714,45.689855906293054,249.42862761388645,-7.515261404714548,5.362020197857401,42.66751662524234
1281,21.37135,1614.3309997678653,913.6134344952292,13641.5,1593.8417508417508,864.956228956229,-1.9693537644245496,detected,1614.0413665917467,913.8854089887587,45.37312290909267,-11.819808154559723,46.887398598495814,37.799370191515166,-19.708773283660346,42.628958833426005,39.90991210741007,45.16943812922419,249.30944804685865,-7.164141393193782,5.08230727696527,42.32491327769538
1282,21.388033333333333,1615.124287190711,913.2843455529212,13707.5,1592.85559566787,865.5306859205776,-2.007142302718985,detected,1614.7410834488155,913.5433799754879,45.09780764417337,-12.437470757448864,46.781437912416266,37.512451949251435,-19.31441630707175,42.19278052614898,39.874121586145954,44.55473076993394,249.02464393391608,-5.584135583077111,4.6063403415850335,41.94058126904375
1283,21.404716666666666,1615.8601302915818,913.15676160031,13764.0,1595.8219696969695,864.7272727272727,-1.9631077708726616,detected,1615.4361250458842,913.2223901157529,45.15876595454756,-16.09594213714263,47.94156334351069,37.257221895540184,-18.986189456915227,41.81597749027754,39.81854886687386,43.854959126879436,248.85295267383822,-4.180969246111502,4.266595862257876,41.597741924479045
1284,21.4214,1616.5266181259376,913.4395253253326,13665.5,1597.021897810219,864.0620437956204,-1.9469957174040649,detected,1616.1074914858027,912.9444294829422,43.81039591252738,-16.878314722473988,46.949209768464456,36.82592206350514,-18.709714040973946,41.30619729922342,39.70842032287765,43.08073603581263,248.84628021009536,-4.21774498085833,4.159549986024109,41.09622950145353
1285,21.43808333333333,1616.8457661663888,913.3987523933048,13492.5,1599.2460317460318,863.0912698412699,-1.9073315174001269,detected,1616.7697414325683,912.6474377032648,41.88355386563126,-19.139248634473915,46.049353119315874,36.4631935832216,-18.46915178588027,40.87387984981824,39.575707019875054,42.24389915839848,248.58224705377722,-2.322973140932779,3.878631034605494,40.68943690043858
1286,21.454766666666668,1618.0034948004188,912.4718832955846,13687.0,1597.3471698113208,863.4641509433962,-1.969691188442784,detected,1617.437629614311,912.3368481412163,40.06197929708651,-21.78256438637891,45.600902364393306,36.015894607242046,-18.067821340883008,40.293806377234134,39.41832782328246,41.35732896670629,248.5458151197911,-1.3117308229235738,3.642837975692757,40.12879968113779
1287,21.47145,1618.7818917996,911.8411995707108,13666.0,1607.0428015564205,860.0311284046693,-1.7936134709945275,detected,1618.0732636682328,912.0613071956476,38.79532819565338,-24.080253277822067,45.661100378029865,35.63542402051818,-17.82573566863044,39.845204193855096,39.24891281999641,40.43474999792466,248.75111718709223,-2.2107490467135156,3.6988663147910703,39.67314816390692
1288,21.488133333333334,1619.278323987085,911.3896171679654,13731.0,1601.2747603833866,862.261980830671,-1.9220634204389295,detected,1618.7085685374825,911.7802795885868,34.99268764348108,-23.01525654545685,41.88305411938613,35.14335131782779,-17.558248489888637,39.28545827505319,39.13046553761188,39.49051821143186,248.3923787523835,-1.5371159966372085,3.3829099465241725,39.13953438883315
1289,21.504816666666667,1619.8667420842,911.144570545804,13701.5,1598.4859154929577,862.9683098591549,-1.988485888049955,detected,1619.3124621613379,911.5246395402223,34.16310216549118,-23.145539641308915,41.26540384943773,34.703244483244056,-17.41158717072148,38.82626102868318,39.08517959743841,38.53939751316598,248.55148575489355,-1.0967100983315754,3.5160120994290516,38.666732527899356
1290,21.5215,1620.2849643519876,910.7567389393496,13652.0,1600.3280632411067,862.695652173913,-1.964371483811732,detected,1619.8943269219976,911.2620965583835,31.387329859296187,-18.474451618227704,36.42073363196439,34.27839638797757,-17.172787548392925,38.33944562866752,39.064889346547275,37.596328670629504,248.7064794354593,-0.39291666382958196,3.552382928060748,38.17451593204523
1291,21.538183333333333,1620.920715955975,910.5404194365886,13613.5,1602.3264604810995,861.7972508591065,-1.935230788481799,detected,1620.4569744800624,910.9927653466494,29.825677290968997,-15.250013268608654,33.49826757546968,33.84005235045383,-16.908845555519033,37.82932990553562,39.04174201489341,36.67619388130267,248.99483818872073,0.25142878343962055,3.6551849658694557,37.65232826754719
1292,21.554866666666666,1620.8153872765238,910.85543076714,13489.5,1603.597609561753,861.5179282868526,-1.906561739530596,detected,1620.9996205931307,910.7654824399576,29.04778173523391,-12.399237671166702,31.58345640622426,33.36957310987321,-16.61794226957103,37.278471197327406,39.052996747508274,35.79358015363081,249.05508563865124,-0.056650078168591626,3.591275575650277,37.105082597262964
1293,21.57155,1621.9650995061363,909.6275243264388,13634.0,1604.0845588235295,861.2242647058823,-1.924655237842671,detected,1621.533713370926,910.5292469910116,28.678443404878635,-10.171797317404526,30.4289102136962,32.901247416221175,-16.2691857270671,36.7039301133435,39.06953442040454,34.962544433499154,248.86330920228153,1.091604549559522,3.3106424808622155,36.55431755797275
1294,21.58823333333333,1622.4387510598297,909.9270345658076,13563.5,1600.2189781021898,862.5255474452555,-2.0091385228817997,detected,1622.0390081148505,910.2805404416728,28.031152124010987,-7.711705295991123,29.072596856346753,32.46055405293998,-15.981294639452193,36.181339773104334,39.13700959931548,34.19638314312125,249.15336086557744,1.3340518424921912,3.3834341601102285,36.0227944649082
1295,21.604916666666668,1622.6936702588876,909.8556670382756,13455.0,1601.6678571428572,862.05,-1.985151066199606,detected,1622.526774401558,910.0851916073248,28.052528864785018,-7.423855819150049,29.01823583426678,32.07825444695886,-15.840675213505124,35.77626866490679,39.23479259344395,33.50740863607126,249.13087065271117,2.095529614490818,3.374087977246056,35.61680684600172
1296,21.6216,1623.089353263065,909.8964584327985,13614.5,1604.2244897959183,860.7891156462586,-1.9375696134262024,detected,1622.9986920305457,909.876666008566,29.039298051994592,-6.142156805385184,29.681760755967908,31.707139870242383,-15.691825953710266,35.37762174754896,39.258578746797404,32.906735176805476,249.5492221673847,1.792959732846473,3.624256498795061,35.191488819650566
1297,21.638283333333334,1623.6479199424678,909.8187613510318,13673.5,1605.719557195572,860.1660516605166,-1.9173034342458817,detected,1623.4487292445906,909.6878353669703,26.29330522688997,-3.4117549285847417,26.513731752567796,31.43970430840711,-15.765819853105306,35.171239424288736,39.331274049316946,32.40407754530127,249.69538929843083,1.0775807747719122,3.876220642320046,34.95698780176424
1298,21.654966666666667,1623.9352385144966,909.7905768125512,13629.5,1602.9475806451612,860.9516129032259,-1.9766680494092972,detected,1623.8879360119388,909.4951342725999,24.690720435736694,-7.2780653820414045,25.74105497723384,31.090520481577784,-15.843796198921925,34.89478960831231,39.33428608132301,32.007566246904226,249.87590592421503,1.5490432514354322,4.179691194036643,34.64356395249878
1299,21.67165,1624.596919127086,909.3932636469222,13632.5,1606.8781512605042,859.5504201680673,-1.9123560305167255,detected,1624.3125933433628,909.2971960540557,23.914436212368855,-9.899018385967338,25.882249213721327,30.76776249845189,-15.878699176360467,34.62352230340658,39.285508280822775,31.72358439573658,250.26281463688156,1.2253942857935118,4.555386105487315,34.32254003019628
1300,21.688333333333333,1625.1218080171866,909.5715052975928,13654.0,1611.218274111675,857.8477157360406,-1.833392592268799,detected,1624.7355323590205,909.0673394772634,22.376170609456494,-12.187122799107783,25.479775769500748,30.568320860134556,-15.974562172311375,34.4907071079324,39.26407330606951,31.55663228181081,250.3835575097333,1.4311447905178516,4.784962052189499,34.15718101606579
1301,21.705016666666666,1625.3696172540974,909.2980508536676,13647.0,1609.0,858.2784090909091,-1.8812695074569443,detected,1625.1375579387504,908.8510228356682,20.646366542019678,-13.274835819272539,24.545747440566377,30.377704659981283,-16.07678732544537,34.36958002531671,39.231758785136655,31.509225992867123,250.49068211832366,1.1602269075365643,5.008830887498014,34.00264172468215
1302,21.7217,1625.3571726081095,908.7927600147004,13605.0,1600.922619047619,861.3392857142858,-2.046305412345472,detected,1625.5423473139506,908.6077188120292,20.605871312313866,-13.447436338926309,24.605598481425226,30.3427735737942,-16.2520477687488,34.42111219627042,39.176897663683086,31.581835891292165,250.41194210854593,1.7023243287157839,5.138925765140817,34.03534055667151
1303,21.73838333333333,1625.8199083653562,908.5213321509508,13532.0,1608.2089552238806,858.044776119403,-1.9064852516311552,detected,1625.9370600346629,908.3593769731887,20.90227621636768,-14.59680824816769,25.494547692773573,30.44040076697597,-16.534714271549124,34.64122940797398,39.14260393625393,31.77286912391448,250.37412731443794,2.631578809760332,5.349916090925369,34.22562158260883
1304,21.755066666666668,1626.1558626619983,908.3424113997912,13567.5,1609.1813953488372,857.4651162790698,-1.892818727245059,detected,1626.3459601872648,908.1281088098904,21.391871109533895,-19.410550854968733,28.88566485404548,30.523493003579887,-16.722285497509922,34.804000594756644,39.15402289942377,32.07869785472373,250.19331713148767,3.195026704442288,5.3902018445531095,34.38406871611906
1305,21.77175,1626.4788744588743,908.2135064935064,13475.0,1606.923076923077,858.0192307692307,-1.9423070246870136,detected,1626.7554397500778,907.8760063636223,24.078384304791143,-20.281534664822175,31.48188747660464,30.680833117022363,-16.99192644424324,35.071913050775386,39.16168793490053,32.49373203185124,250.20317144879374,2.9700659794523623,5.596531658680684,34.62250595255251
1306,21.788433333333334,1627.0507963679663,908.1188969931528,13436.0,1614.049773755656,855.5248868778281,-1.81313408182439,detected,1627.1862875760203,907.5936608856415,24.35116692794145,-16.811543964466637,29.590663075059066,30.897442616640877,-17.16879288003286,35.34712731193417,39.251383405844706,33.01053285563117,250.2323872081974,2.5916598159724997,5.707370764045081,34.88331016643642
1307,21.805116666666667,1627.6266766020865,907.4847242921012,13420.0,1613.4562211981568,855.7142857142858,-1.8379694646224212,detected,1627.6175313223775,907.309088424749,25.68995960976099,-18.52379514094082,31.671833088324615,31.23479782817067,-17.38720277566685,35.74811065956986,39.258449746337284,33.6199612572919,250.11705956288773,2.157521626250133,5.727800474652959,35.28625394472212
1308,21.8218,1627.7707812013691,906.4878929349518,13387.5,1607.8059071729958,858.0590717299579,-1.961819872741106,detected,1628.0630851369715,907.0318335248262,24.899248629360045,-18.651594440052122,31.11036093430726,31.62413112739886,-17.63869232110546,36.21062187206321,39.259648754841564,34.31135490235243,250.09911248477925,1.901846988907136,5.820691826457347,35.73973535188747
1309,21.838483333333333,1628.4579149621916,906.5254245692328,13445.0,1618.02538071066,853.5736040609137,-1.765324259209868,detected,1628.52227163262,906.7547132078987,26.021752138728516,-21.132861592236623,33.52207367461106,32.05729936354954,-17.751990489490193,36.64428480436184,39.2134693135765,35.07272742182885,250.2420380935894,1.0187717955329183,5.87002395376479,36.17107169556096
1310,21.855166666666666,1628.378143472598,907.1920523995592,13308.0,1612.7285714285715,855.3095238095239,-1.8637521898616352,detected,1628.9883713407858,906.4903382159381,27.408784967867177,-20.01007590663312,33.93589001638238,32.463320191301996,-17.869471120107107,37.0565130031866,39.199015753965796,35.89098441477042,250.51617800739945,0.01690370697368586,6.018350529416217,36.56452670089432
1311,21.87185,1629.4126001186592,906.0003090082072,13484.0,1604.8522167487686,858.1428571428571,-2.044947077795453,detected,1629.5017516220364,906.183195018657,29.384349373486657,-16.179273840949918,33.54413346806818,32.89842805780427,-17.988081675354486,37.49503501843607,39.16724822277548,36.75215185040518,250.50789975869753,-0.8396874903307553,5.979694775074554,37.01514421734289
1312,21.88853333333333,1629.3151284753587,906.0379905650908,13284.0,1617.4514285714286,853.8285714285714,-1.7942350963078602,detected,1630.0355697149528,905.8961408581581,31.737605249692933,-15.598885426643847,35.36383482512747,33.392065301670854,-18.352009644810625,38.10283825536193,39.126416975193486,37.64161349169443,250.79849894475922,-0.1142784237345734,6.348683435989699,37.57020763509117
1313,21.905216666666668,1630.247773036904,905.0518501883872,13359.0,1610.8976744186048,856.2279069767442,-1.948129694235896,detected,1630.5973053780915,905.5690895592535,32.06331108763425,-16.165492468701814,35.90792481692675,33.823806866781865,-18.62995919034951,38.61509148500684,39.127112274949056,38.544354658520255,250.92477703206455,-0.735965122941093,6.553061796445405,38.054995355241026
1314,21.9219,1630.9331844130056,905.2922561429637,13430.0,1612.3875,855.4708333333333,-1.927147863260396,detected,1631.171729083532,905.2590367818793,34.51939422873966,-15.251533574600217,37.73854600135387,34.29340991252883,-19.04297549087238,39.22592100862256,39.09904055483104,39.445209970806815,250.92180637082296,-2.043820738751654,6.787925808068767,38.63414218277469
1315,21.938583333333334,1631.479139689469,905.3578872075672,13514.5,1610.90756302521,855.6680672268908,-1.9633129565242688,detected,1631.7619506578712,904.9378266180846,34.94832648256761,-15.350500616987574,38.17097579476155,34.73471880406159,-19.51193863274102,39.83988503503846,39.14655784884898,40.32911268683507,250.85247276931244,-2.8169814847908166,7.039438421606793,39.21304306367318
1316,21.955266666666667,1631.9608926122253,904.6469338078116,13488.5,1612.0326530612244,855.2,-1.9539058090751176,detected,1632.3733592787673,904.5952581145826,37.420780993235894,-17.383632304242838,41.26142898922479,35.18451743718788,-19.936321067979772,40.44016771742363,39.14176263496705,41.18134297378741,250.83136596991807,-3.455127996440942,7.278154402294829,39.77983953599748
1317,21.97195,1632.3569209611867,904.8964894831842,13573.5,1620.4954545454543,852.0272727272727,-1.7914966432940669,detected,1632.9907903579453,904.2429628302224,38.49936230043022,-21.94792644526433,44.316050961096714,35.47912666905828,-20.191745769694,40.82248187490611,39.136706245292764,41.98777203304654,250.7615469317401,-3.4047035436066633,7.373761178637777,40.15099839988356
1318,21.988633333333333,1633.1776661533572,904.8222360734276,13637.0,1611.8916666666669,854.8125,-1.973206487547628,detected,1633.642962728835,903.8534520470516,39.01938279324804,-28.6552968426804,48.41113787867572,35.84719145904104,-20.607314205324194,41.348307513828196,39.04519784503439,42.73509856478912,250.67905892789992,-3.6046504120571377,7.5863346675692025,40.646402799875645
1319,22.005316666666666,1633.9500232963044,903.3096691924763,13593.0,1619.378640776699,852.2815533980582,-1.848949601751448,detected,1634.3074660814311,903.4631542734422,40.014166565491905,-31.277217722849855,50.7877728829832,36.20368604994431,-20.908807707344472,41.80771607425643,38.93104026760474,43.41107369933567,250.51739100340723,-5.0256364083373235,7.6369476871717055,41.104283880990344
1320,22.022,1634.5613144008205,903.3447274434928,13486.5,1610.3714285714286,855.0333333333333,-2.035009915663799,detected,1634.9816629924094,903.0576788750114,41.4475775057208,-29.958377573643247,51.14104093521859,36.48661236046688,-21.114741665511758,42.15572555589896,38.82032583642889,44.00471033621931,250.31880724481,-6.104112948838468,7.593054956786338,41.466259941879194
1321,22.03868333333333,1635.6215154074998,902.0003060687308,13613.5,1614.0672268907565,853.6470588235294,-1.990124629203485,detected,1635.6726148124856,902.6575355558989,42.61785027552014,-30.79442591463294,52.57925284290819,36.68815567879493,-21.276608031500196,42.411258133160715,38.72827947189384,44.506472867761886,250.2916542932925,-7.418191678321294,7.657820427204683,41.7141774789133
1322,22.055366666666668,1635.8925264550264,901.6872550460512,13608.0,1617.2727272727273,852.6161616161617,-1.9334586001652352,detected,1636.379707774554,902.2502764601627,43.41314418388083,-27.446336677481668,51.361488344323725,36.84921657755506,-21.355015728451445,42.589922037284445,38.68196467719791,44.90844351625897,250.0270567746544,-7.318500155604904,7.483776493644067,41.927253052580824
1323,22.07205,1636.5657602189158,901.5679835813236,13643.0,1612.4273127753304,853.9823788546255,-2.040237954844504,detected,1637.0917269755803,901.8433781511533,46.30237030649005,-23.20103252251738,51.78993537464824,36.93201150041602,-21.355162839265596,42.66165085130217,38.60606679307324,45.204461928729394,249.75892269932774,-8.300866358976156,7.2589765477981345,42.03954938908037
1324,22.088733333333334,1637.4012266333689,901.541053043936,13614.5,1618.3658536585367,851.8577235772358,-1.9366790398698368,detected,1637.80744785692,901.4301142054728,47.279292092325704,-23.395601161942977,52.75116694898947,37.050288719569686,-21.346378934482008,42.75969817267154,38.57115356416583,45.39023518094435,249.5957563929376,-8.819610755839829,7.089758384923963,42.16784454843964
1325,22.105416666666667,1638.2137068228976,900.9362748687904,13655.0,1618.0407239819006,851.9773755656108,-1.9616379984489667,detected,1638.5267095717918,901.0312717818186,48.09463376005351,-21.287127940476694,52.595015091431456,37.16712355265479,-21.24700241536386,42.811566016869605,38.5402259868151,45.463415887828674,249.65335486282424,-9.07771564874099,6.998346007551271,42.235687966166424
1326,22.1221,1639.1880363854507,900.74374701583,13613.5,1624.0992366412213,849.9045801526718,-1.8593099718150583,detected,1639.2568276267652,900.644243837494,49.32156857956306,-20.335819579738654,53.34943940781594,37.150741371872186,-21.170766632548627,42.75954798977148,38.584682931161794,45.423646673891334,249.6496608137614,-9.885109947590198,6.92984254562988,42.194267698140564
1327,22.138783333333333,1640.393890811927,900.0229064188984,13722.5,1626.3822222222225,848.8622222222223,-1.838116991926388,detected,1639.9838529231934,900.2389834404822,49.95506658457725,-20.615765995069978,54.04182162948461,36.9610087263918,-21.038456715938445,42.52919969927516,38.682461146598214,45.27256982546597,249.2668810923791,-11.918000579772114,6.591226777134944,42.01533715958026
1328,22.155466666666666,1640.7539459090522,899.60270332858,13674.5,1628.4110169491526,848.4067796610169,-1.807373602391661,detected,1640.6880294419932,899.8478938232438,49.54641701829405,-21.58782768326273,54.045182425753204,36.82295885919108,-20.937026617632252,42.359053137825455,38.810967994066836,45.013801539273366,249.092960572301,-12.829103670578158,6.418171123750966,41.86999477142754
1329,22.17215,1641.6503772166025,899.2084758508599,13741.0,1624.4380530973451,849.3274336283185,-1.9030701533392105,detected,1641.3960427672032,899.4580822005594,48.88701067235161,-19.363292958795682,52.58209701682471,36.56043488985878,-20.771928779572505,42.049238097250175,38.94837031302775,44.65287081176962,248.83427257795216,-13.155163765362289,6.1698934785931225,41.59412024579977
1330,22.18883333333333,1642.2003929514335,899.5653588751765,13572.5,1623.9424083769634,849.4083769633507,-1.91990330433284,detected,1642.0835310588914,899.1029304667326,47.44823810255821,-19.456544268196467,51.28247667476041,36.27371246314971,-20.69079593735214,41.75992399873844,39.064494693679045,44.197123685805195,248.39878876687254,-13.49493627110619,5.88369736460036,41.343359293872155
1331,22.205516666666668,1643.3578408166734,899.0398140393042,13730.5,1626.772,848.02,-1.8851062481683,detected,1642.7558492659164,898.7552706429697,44.283691398229166,-16.123700214282962,47.12768859655292,36.00982317831223,-20.54987522365947,41.460882009929385,39.236925846810564,43.65559427226359,248.2646791769576,-13.021249887056511,5.753732299577651,41.05970411079557
1332,22.2222,1644.1218295117085,898.3538410982912,13694.0,1626.7307692307693,848.2153846153847,-1.9046717124801529,detected,1643.4153280813684,898.4033353105211,43.55356226063486,-20.177151223331748,48.000314760220014,35.76194976866185,-20.452357636839505,41.197281271480534,39.367718823220635,43.03884465471346,248.1232223237624,-12.784199884370162,5.654208506795786,40.80742469604225
1333,22.23888333333333,1644.903761869978,898.3839177014852,13690.0,1622.9341085271317,849.5581395348837,-1.9936170939812423,detected,1644.0463657384637,898.0354730859063,39.38392291850141,-21.113561825008674,44.68641714647667,35.47234847526862,-20.46873989623902,40.954326014363595,39.546094604282366,42.35877640773554,247.8012094586892,-13.809370304204627,5.5493606542651275,40.57661168234323
1334,22.255566666666667,1645.5687588496655,897.7705800498022,13654.0,1620.7194570135746,850.0633484162896,-2.0510007937071464,detected,1644.6853942715773,897.6697269756963,36.883717212444935,-26.370615393586377,45.34112869839106,35.11506489059958,-20.379726168067943,40.60050518104981,39.66698498905424,41.628416969297156,247.72651427521117,-12.576626432589425,5.549505645456241,40.219448132060464
1335,22.27225,1645.7577344941224,898.0771973833063,13554.0,1624.645390070922,848.6879432624114,-1.974755854730485,detected,1645.2895901912811,897.3410760216512,33.37142074512394,-28.74453083502158,44.044293336067895,34.65214632390264,-20.138277509558083,40.07894042892267,39.79988750411543,40.86168449425791,247.7180975457779,-13.194840159750742,5.495699800083129,39.70036208414854
1336,22.288933333333333,1646.502054593484,896.4631885334115,13628.0,1626.0616438356165,848.0479452054794,-1.9702841084308127,detected,1645.879393695796,897.0053626788485,32.021245943612485,-29.679414599356278,43.66036924651235,34.31855276032428,-20.087882539159214,39.765388071414804,39.934577853534044,40.07313510121025,247.32400160231433,-15.239325501743515,5.30460948938984,39.40998866575953
1337,22.305616666666666,1646.7182883780426,896.8785530669224,13550.5,1624.252669039146,848.3060498220641,-2.0040106836200464,detected,1646.4310608354065,896.6773355613244,30.08810516324138,-29.18477678467616,41.91712380740889,33.89282797430899,-19.942921829470006,39.324851165547386,40.05952570375152,39.27769664200847,247.3956348260803,-15.386497114130607,5.383686125673835,38.95458693007385
1338,22.3223,1647.5066110460575,895.6090578649492,13664.0,1624.6690391459074,848.2135231316726,-2.0198193659634085,detected,1646.9724394465136,896.3372654066542,29.271806759502397,-27.099162688816705,39.88988956365517,33.54452778501057,-19.91761333831829,39.01213484819949,40.183423421530186,38.490393308037106,247.19254397106528,-16.88423187120696,5.3572578509230375,38.642547195194375
1339,22.33898333333333,1648.0298738685988,894.9846056258996,13663.0,1627.2034632034631,847.3116883116883,-1.9826698142596104,detected,1647.5082536578325,896.0250055716143,29.687672538945662,-24.90247739834649,38.74908103884305,33.184706313302726,-19.845452081151457,38.666092398966725,40.271495939313624,37.726065577788034,246.73838331100487,-16.875135947928243,5.1265977778012015,38.32472696093315
1340,22.355666666666668,1648.581505754281,894.8564663957334,13656.5,1626.91015625,847.21875,-1.9977341794532064,detected,1648.0335087707888,895.7207886348984,28.295943948441163,-17.486761345283412,33.2633020952554,32.79296765675454,-19.66342911774048,38.23649006388209,40.33726063756401,36.99909024824086,246.2212332746413,-17.163546329870496,4.7718563522414215,37.93756132593299
1341,22.37235,1648.7865487377926,895.025833793993,13567.5,1629.3894736842103,846.1122807017543,-1.9483321973058665,detected,1648.5308504356701,895.4127915704653,26.90676075043848,-16.060881086476,31.335693312184098,32.43424843183947,-19.542269931133685,37.86661835178278,40.39395044143936,36.32310561525629,245.66154888635248,-17.06750824880461,4.438493851505015,37.60559210715509
1342,22.38903333333333,1649.2548031807182,894.5543784264336,13498.0,1629.2567049808429,845.9310344827586,-1.9609939509529049,detected,1649.017379014944,895.1248187298762,23.8461944049277,-10.222620251684475,25.944998601035902,31.993711009268605,-19.304460914801194,37.366559319205216,40.460425184584736,35.71074728669157,245.42719654083083,-15.5470002200665,4.251567612559448,37.12389968997758
1343,22.405716666666667,1649.8196666789845,894.3914612665213,13530.5,1626.8369098712446,846.6781115879828,-2.0196840577128,detected,1649.4876231058931,894.8777021491844,21.96292845595417,-8.29984164356938,23.478875562294075,31.62499782555373,-19.139898752054552,36.96587901978225,40.503941793814,35.17340058012563,244.76761345199873,-14.79588094900527,3.832247169893286,36.76669815653865
1344,22.4224,1650.193823137313,894.4694736582235,13502.0,1627.8552631578948,846.219298245614,-2.0043866140990247,detected,1649.9504936480976,894.6035027817875,21.967198305530474,-8.6071272448944,23.593228706650226,31.280704821136332,-19.175377948245472,36.69029317905651,40.578326865925526,34.720975856641886,244.19193300610266,-11.959285669387008,3.6444769190378743,36.50884004664789
1345,22.439083333333333,1650.3730821590198,894.0860958828507,13589.5,1624.1942148760331,847.5,-2.0827647965619542,detected,1650.398372916081,894.3524052593532,23.413170315097886,-9.242689485448864,25.17148889375056,30.954787193140763,-19.213398331686076,36.432863264155735,40.669486132231114,34.36171330141696,243.51303064770502,-11.497527894313835,3.3910219807436253,36.27470875900704
1346,22.455766666666666,1650.6522827687777,894.0768163966618,13580.0,1631.4405286343613,844.6960352422907,-1.941830390111145,detected,1650.8404100342073,894.0781970178796,22.125359562900485,-9.912359811336955,24.244306812467126,30.751936314773477,-19.462705608591783,36.39338534286957,40.73625016190279,34.102023405808104,242.9421655403629,-10.693206746449073,3.3437322828295883,36.239452964074346
1347,22.47245,1650.944997750295,893.9834008244866,13705.5,1628.385593220339,845.9237288135594,-2.0096689759730717,detected,1651.2679086373303,893.7965936008134,19.604270233482566,-10.03213118047961,22.02205865512491,30.484084214994276,-19.71413525601324,36.30325769568411,40.79115884167726,33.946368611056805,242.6401801015561,-10.082546981382022,3.4990844861162262,36.13423483454808
1348,22.48913333333333,1651.622872204122,893.7994777366963,13658.5,1628.27734375,845.73046875,-2.0229118794141923,detected,1651.6775219480435,893.5201999860697,20.993513471587903,-11.980561446723186,24.17150099725817,30.28747681070675,-19.969971253918434,36.27851986288068,40.88325420904095,33.89719019875395,242.01409022911153,-9.621143745731045,3.4222109431280323,36.11674785611466
1349,22.505816666666668,1652.1923682572235,893.5812184909852,13653.5,1626.0084388185653,846.548523206751,-2.0787823736927127,detected,1652.082335581267,893.2453118382366,20.740540643172608,-12.004949878229581,23.964324479315067,30.160567877988466,-20.177251066618727,36.28748152363452,40.929737516080856,33.954882607920275,241.6809781946533,-8.686778195633735,3.4548507323736573,36.12264278461826
1350,22.5225,1652.1546503333088,893.0421617100828,13551.0,1624.783898305085,846.7161016949153,-2.1044447104421438,detected,1652.4864130193375,892.9479767423554,21.024714939158002,-16.49669355538117,26.72413771355417,30.09000792836645,-20.38778328153204,36.346530567082645,40.962190667307624,34.11781508899785,241.3888993483419,-8.228387371692053,3.4892755340366612,36.17865725136087
1351,22.53918333333333,1652.1027294059527,893.2731752500927,13495.0,1625.4811320754716,846.4245283018868,-2.08754064587178,detected,1652.896597096065,892.6583171917049,22.20007003313458,-19.2697868756577,29.396731037810135,30.106569151227507,-20.628206939054845,36.49559463247741,40.88473878312977,34.3823982668856,241.2136247327456,-6.323481809231417,3.581321972497264,36.31945154469465
1352,22.555866666666667,1653.087193293013,892.6988985592761,13558.0,1625.6666666666667,845.9777777777778,-2.1015262056679167,detected,1653.31010381704,892.3570893240579,23.73994047872111,-21.144911279721327,31.791383218735657,30.323087910952193,-20.974975808421917,36.87057459030466,40.74089435970242,34.743191145956764,241.22287276180333,-4.543859882995939,3.7868937827596376,36.67558733132049
1353,22.57255,1653.025414391998,892.6597343434719,13463.5,1627.9279279279278,844.8648648648649,-2.0543282865151857,detected,1653.7294689112066,892.0275977320148,27.45222209309395,-22.694589397453,35.61837848313061,30.488509942530904,-21.262684128835996,37.170565974685665,40.53727556149892,35.193042668482974,241.30972505621367,-2.142881025386272,4.015455191469789,36.95303904259781
1354,22.589233333333333,1653.6436596308376,891.5685649658205,13336.5,1630.9950248756218,843.5024875621891,-2.0111379233174747,detected,1654.157799620209,891.6836431123356,29.894622066995908,-22.092257169296317,37.171982128517755,30.753099405967024,-21.546266889835973,37.54989667044813,40.35875287030953,35.72326129705576,241.36625544383585,-0.8231461013663192,4.174019855589107,37.31718502521967
1355,22.605916666666666,1654.3353214543104,891.3808742761997,13413.0,1629.5231481481485,843.8425925925926,-2.0518421876997026,detected,1654.6111926987535,891.3149665347378,30.65909466857829,-22.517670955940048,38.03978957850361,30.93794742856278,-21.520732126524074,37.68684786970276,40.16933580932341,36.32380620094989,241.33286494210944,0.9727519965279757,4.0411915595742585,37.469551280112036
1356,22.6226,1654.981407456757,891.0483751573025,13509.0,1629.548523206751,843.7383966244726,-2.064053820022517,detected,1655.0736548344782,890.947068935604,30.99433827343728,-22.124417835489567,38.08068893241806,31.31610634066988,-21.551128299530756,38.01512392881259,40.03988828990789,36.983494294102414,241.57740940075718,2.345511391228515,4.047817853298003,37.79900551535056
1357,22.63928333333333,1655.6868132547245,890.6259656148417,13484.5,1628.8125,844.09375,-2.094538959213148,detected,1655.5656653552821,890.560002898015,33.73568726875146,-21.21291138314291,39.850774206332225,31.69001279188688,-21.597046787885507,38.3495676730269,39.94496277070765,37.69021832011842,241.76571804471115,3.9875773867355333,4.0355944187469355,38.136640103651615
1358,22.655966666666668,1655.6731402526827,890.643952769117,13310.5,1631.7179487179487,842.9538461538461,-2.036289793732462,detected,1656.0689092017233,890.2082126134819,34.46115380234187,-19.193549087465726,39.4457025284329,32.165134770720634,-21.71685257091841,38.810019072471825,39.930552693259,38.431172130989005,242.0542764940136,3.7767845373245086,4.11078650285638,38.59169618886375
1359,22.67265,1656.1705789116158,890.3262636173799,13249.0,1625.4947916666667,844.9375,-2.1651265494531167,detected,1656.6022991458374,889.8495344785109,34.34122594396467,-21.371243915710238,40.448113254380786,32.62302106657048,-21.9084469450506,39.2968389448057,39.893096743257104,39.19308006269823,242.04160085863145,4.053935433243087,4.056810761443213,39.08687551467675
1360,22.68933333333333,1657.132047551543,889.5633937675644,13403.0,1626.789189189189,844.0216216216216,-2.158520338707114,detected,1657.1450673721567,889.5121829894308,33.95103832237419,-21.421124355421398,40.143960589579955,33.01411740324771,-22.03153698572285,39.69030826119516,39.827100206307954,39.96242778729749,242.28330369718935,4.455788958677304,4.148730103588779,39.472884470181214
1361,22.706016666666667,1657.7609257052045,889.4834872864521,13424.0,1624.9885714285715,844.3485714285714,-2.1988235895788613,detected,1657.7079468185052,889.1212777914783,35.38278203373011,-21.66033520345718,41.486279485783975,33.449597730000576,-22.306147976898504,40.20497265098128,39.747946456213995,40.725692227814754,242.55308641034352,4.897068046105262,4.377521167773747,39.965949685849395
1362,22.7227,1658.5021073440007,889.0058309400371,13405.5,1624.5523255813953,843.8953488372093,-2.215954165206212,detected,1658.279574972114,888.7382643938172,35.99534773507912,-21.600094376914967,41.978912988081284,33.82451919812256,-22.42689481657169,40.584032698805714,39.61499277871219,41.46956812337166,242.86038188711973,4.609959803015919,4.52823528560125,40.3306185831059
1363,22.739383333333333,1658.8869138753005,888.4060022156665,13389.5,1633.0320855614973,840.9679144385027,-2.069810060971822,detected,1658.8864466926464,888.3057842686737,35.08006454312272,-23.193454803086752,42.054099372742286,34.17325657640522,-22.61210477848498,40.97705147457545,39.522995915574455,42.18118870879208,243.10315802548536,4.32462470567057,4.70649540605962,40.70586749527328
1364,22.756066666666666,1659.2655175836994,888.38246097337,13431.0,1632.9071038251366,840.4371584699454,-2.0734553261509534,detected,1659.4974149759719,887.8782047424202,33.283955886356125,-24.608853143891338,41.393446009030356,34.57179016172813,-22.959892296467704,41.501389485798654,39.4094102112399,42.84833780238344,243.56618893587677,3.526156850963151,5.169312487896594,41.17819250106099
1365,22.77275,1660.1463978849968,888.0011015642212,13617.0,1635.093023255814,838.8430232558139,-2.04213345396452,detected,1660.1314466760518,887.446336861233,33.36001636730816,-28.75000925703216,44.039229379117245,34.937236925556306,-23.288692171918235,41.987780449445296,39.39741760902726,43.459650432062695,243.72715758201616,3.935167837527929,5.41804932060154,41.63674397248601
1366,22.78943333333333,1660.3508887425935,887.8422329505279,13671.0,1635.093023255814,838.706976744186,-2.045618836060628,detected,1660.7704107661148,887.0052048970371,34.95106898765971,-32.27449336731297,47.573313375219904,35.24481499458789,-23.466595735916073,42.34239128149994,39.419921534922985,44.00479900096208,243.97868668443567,4.897152685198173,5.625715754200181,41.96700396369255
1367,22.806116666666668,1661.1516542992188,886.7100017142997,13611.0,1641.0044052863436,837.3612334801762,-1.9584051499463973,detected,1661.4220420521451,886.5586450310776,36.493637278274946,-34.96934301751344,50.54345173090986,35.52617604257983,-23.693578952308236,42.702398852730006,39.55220040167802,44.47466191648413,244.23659854732233,5.8120887805529255,5.896693929178852,42.29330760868937
1368,22.8228,1661.6790576941914,886.1681604466647,13612.0,1647.4976525821596,834.6197183098592,-1.839263235495276,detected,1662.0865232761362,886.0781737876872,38.58416799711904,-38.39497924913712,54.43264141644768,35.806777717497674,-23.725704189895644,42.95386326998678,39.69383170528091,44.861471615906744,244.46616700335096,5.968765324776562,5.974139741788065,42.53638470959078
1369,22.83948333333333,1662.3228523851503,885.4001004016064,13612.0,1643.7896995708154,835.6523605150214,-1.9274108335236464,detected,1662.756614851657,885.6145331204302,39.96396554405055,-38.66670249426397,55.60784498419247,36.06168773166591,-23.715566511638063,43.16101733073622,39.829302943068576,45.15893907153368,244.78303261714447,5.9843219041191595,6.091512933570112,42.72899351967304
1370,22.856166666666667,1663.2135830634877,884.6134824845452,13588.0,1644.6609442060085,835.0472103004292,-1.9289528595831704,detected,1663.4276441487627,885.1448585545315,42.4708404839721,-36.270198720386816,55.85069029682044,36.24391478019841,-23.68202450233976,43.29503023585623,39.93303459186329,45.362352194756525,245.05996870554526,4.735240624567921,6.190715498472882,42.85014217876847
1371,22.87285,1663.6381371389134,884.2006679483387,13524.0,1641.1208333333334,836.0791666666667,-2.008457148961348,detected,1664.0914314894933,884.6670054718809,43.050466674376366,-32.68451466814213,54.05201365327279,36.412271897836305,-23.485455766701183,43.32920697787622,40.0670067559251,45.46864608747721,245.5125155335412,4.97569547315834,6.280296985810974,42.8716461907127
1372,22.889533333333333,1664.5782641583096,883.566283580997,13661.0,1646.6592592592592,834.062962962963,-1.9180999342037952,detected,1664.7604571053478,884.210034308345,46.21642483652522,-32.15627132009013,56.302608375469035,36.498603686003776,-23.275053814071136,43.28829173201312,40.29248740062006,45.47644377029821,245.86540594967073,4.56047473081307,6.316917278571086,42.82490813967458
1373,22.906216666666666,1665.3499859394294,883.1750479893384,13631.5,1645.217741935484,834.7298387096774,-1.9646503282144103,detected,1665.4465126265975,883.7787891277844,46.843066626511245,-28.877349785300794,55.028848993944834,36.55023851149548,-23.100893392285755,43.23853849020522,40.410081807950796,45.3860667805421,246.13815691402127,4.260541583121256,6.340546946146327,42.77111963922237
1374,22.9229,1666.0520540513885,883.0176184839967,13518.0,1644.2510288065844,834.9259259259259,-1.9964094454176893,detected,1666.1372966245415,883.3592745487887,47.47936313741866,-26.11030617391407,54.18521950154309,36.591920208242,-22.904128300151307,43.16905972703299,40.48861706114065,45.19951581726391,246.37560260273682,3.0354525033682473,6.320766325917415,42.703812836435226
1375,22.93958333333333,1666.790560039129,882.2679261433113,13630.0,1648.3093220338983,833.4152542372881,-1.9324618789328487,detected,1666.8141740463357,882.9478943673749,45.67767653563624,-19.21401118210406,49.55429708310101,36.51894300425828,-22.766553827086927,43.03427902625896,40.569462071167514,44.92042238213648,246.71535229233368,0.5237552038540553,6.476355172872509,42.544165228439006
1376,22.956266666666668,1668.0467511406407,881.5245131854433,13771.5,1647.6265560165975,833.4522821576763,-1.9724819008962091,detected,1667.465283461193,882.5544410266833,44.77995918850047,-14.25268805913538,46.99344488154479,36.3612460727682,-22.496706822082054,42.75794702512171,40.57920828786263,44.55397310329157,246.6027778055937,0.2404524660162339,6.207715598228038,42.30492052769549
1377,22.97295,1668.475806549682,881.5938005423614,13705.5,1649.855421686747,832.9277108433735,-1.9362265510270844,detected,1668.1390432774317,882.140812369067,42.81608498826154,-10.428771118817167,44.06786131378184,36.183050859317575,-22.128703805718615,42.41335522697052,40.54086307846678,44.10680908831372,246.45151662527223,-0.1953582465920378,5.829845717030146,42.0107795753044
1378,22.98963333333333,1669.3726664961823,881.2821880441797,13686.5,1648.92700729927,832.8795620437957,-1.970469528308663,detected,1668.7931547651244,881.7529208872352,42.29294668870534,-11.522532214069543,43.8344851485442,35.86288856381009,-21.714085974820968,41.92431640303962,40.488965632990194,43.58690316022613,246.46873160668446,-0.7569022100194445,5.5901533873416,41.549951756508335
1379,23.006316666666667,1669.411600791963,882.2693285424458,13637.0,1652.155172413793,831.6137931034483,-1.8991283351678492,detected,1669.4220937385053,881.3838254274181,39.93840830865611,-13.000421551438649,42.00104068644064,35.622988727805975,-21.553805966699702,41.636088643765895,40.420043843295254,43.00341812944875,246.70878112099248,-1.795607647004707,5.711822977024564,41.242441196304874
1380,23.023,1670.6566311619931,881.7150810327754,13801.0,1649.0438596491229,832.530701754386,-1.9848200963259823,detected,1670.059684787493,881.0125616316138,36.893392914488686,-17.386035182239084,40.784760145192706,35.32280510873387,-21.29054062012515,41.24303190415072,40.36555174666473,42.366549344837686,246.60636986562096,-1.9558221583639501,5.515658642042123,40.87254812696733
1381,23.039683333333333,1670.969289874223,881.6020285812167,13622.0,1651.7108013937282,831.3205574912893,-1.9365740644255227,detected,1670.6887416908041,880.6552423527327,36.7809283053175,-22.941142529621175,43.348964319407905,35.029562142775816,-21.037744241038336,40.861435445489846,40.372793522290614,41.68735470014614,246.58711464162764,-2.8320035596672923,5.386461298562251,40.50485083721486
1382,23.056366666666666,1671.9629385964913,880.3693591617933,13680.0,1646.364806866953,832.9227467811158,-2.0655535644100267,detected,1671.303039040757,880.3214046558719,35.39961292125281,-26.098587071474412,43.98032335149277,34.798503642864375,-20.87767954615323,40.580948227146074,40.394687111356916,40.977575113597496,246.55522088658782,-4.399227369519592,5.308993108821058,40.23217557111224
1383,23.07305,1672.2802832923562,879.7685956478662,13625.5,1652.5884615384616,830.4615384615385,-1.9507605726524315,detected,1671.9005175716634,879.9918125199409,33.63138249867825,-27.598616389605922,43.50578714829817,34.414108000914126,-20.578737309614958,40.09757173142434,40.405079307148426,40.24944829484023,246.449153123001,-4.782417214203124,5.114053060412228,39.770110888103005
1384,23.08973333333333,1672.7414160723476,879.1657966326005,13601.0,1650.1691729323309,831.2669172932331,-2.0111787837741577,detected,1672.4772333577303,879.6684507526493,31.01737833181687,-26.521993397584083,40.810463025559464,34.03260484021101,-20.23358894108197,39.59313467820688,40.40875249879751,39.51551838752029,245.98436344610977,-5.7825065166114005,4.631264832674125,39.32133898656382
1385,23.106416666666668,1673.3927627715796,879.0268643570171,13624.0,1650.7481481481482,831.1592592592592,-2.012666844548672,detected,1673.04658895655,879.3478488955836,30.411587156650057,-25.64624342313573,39.7818354919083,33.73683367737792,-19.963355970625024,39.20088682906231,40.4233896684226,38.78844381858685,245.5406242195553,-7.044606334406012,4.203079109570684,38.974910573132064
1386,23.1231,1673.875416194065,878.9158586708621,13665.5,1648.4470588235297,831.8235294117646,-2.065904921740976,detected,1673.5968040321725,879.0723973419869,28.81056516159333,-20.573789353793472,35.402393609820805,33.49921745907875,-19.78486510874949,38.90550677914451,40.35539421382618,38.080805357144364,244.90368287491623,-8.367630857697675,3.708697225572724,38.728336171737205
1387,23.13978333333333,1674.0074180868237,879.0506574002193,13525.5,1649.3101045296166,831.7282229965157,-2.051805646962174,detected,1674.1496286073755,878.7925813415239,29.241859372135877,-19.919905783254308,35.382043269905985,33.2526560959677,-19.579755929854446,38.5889359753462,40.34445309369201,37.4049159470899,244.27196414726515,-10.408773598075806,3.2037350616068263,38.45571558773025
1388,23.156466666666667,1674.9057830235938,877.9036570018205,13640.5,1645.5859375,833.3515625,-2.152846445292518,detected,1674.6915106524382,878.4898631039346,29.15311921713328,-15.850313859402377,33.18338152645009,32.951367469525884,-19.286984816303274,38.180890526754894,40.387224673606475,36.77263334610251,243.72595229937622,-10.623729158858232,2.7079694233223233,38.08473845280276
1389,23.17315,1675.2255964226924,877.4547799808358,13567.0,1653.4470588235297,829.9529411764706,-2.0006779698890056,detected,1675.1983892736284,878.2111164404432,29.16068696709317,-14.742909882332697,32.67566458683557,32.709163656478886,-18.951780237901097,37.80290149303381,40.499264724367386,36.19517608556219,243.5488278059646,-12.940779462286173,2.397993900040751,37.726767507267105
1390,23.189833333333333,1675.7279575858456,877.581246532273,13517.5,1654.5163636363636,829.5309090909091,-1.9865134014453536,detected,1675.724084366228,877.9388297877242,29.6824275733361,-13.084431930649771,32.43838568107467,32.41503604878901,-18.588359390969018,37.36658489736676,40.65199045719991,35.68294294766934,243.01030678072502,-13.183610628785262,1.8529446094259452,37.320614453228345
1391,23.206516666666666,1676.184151249954,877.0111394212424,13540.5,1655.354716981132,829.0490566037736,-1.980508972556234,detected,1676.2234858030797,877.7313923776377,31.31008964630746,-8.436039611532124,32.426663072033,32.07871300982106,-18.42859712089415,36.99536484764937,40.854123635444076,35.24533625365557,242.61767389895044,-14.320907203871883,1.6099763684353743,36.96031650708325
1392,23.2232,1676.712634813373,877.7773207487115,13614.5,1654.0182481751824,829.5145985401459,-2.010342304349233,detected,1676.7026654237748,877.5101180926234,30.188627016284045,-3.7350724956627346,30.41880943883523,31.854178675191047,-18.41153521646277,36.79229984790357,41.05573479171695,34.89058994138338,242.17062957861623,-13.717346592752286,1.4112843488485058,36.76522275989553
1393,23.23988333333333,1677.2684077959552,877.2917125180348,13631.0,1653.0553505535056,829.8450184501845,-2.0426668186050616,detected,1677.1772242640552,877.3064348696395,29.66846472828729,-5.806450792578289,30.23131935824601,31.590403877932083,-18.54324087450037,36.63066201013309,41.142045355469456,34.62560472037324,241.86611774034716,-11.433931856733269,1.4563909851745915,36.60169838407652
1394,23.256566666666668,1677.714644238774,877.1347632339258,13614.0,1649.834586466165,830.8533834586466,-2.112981115521052,detected,1677.6323634956846,877.0965029514323,28.588699508387435,-9.90006718036966,30.254339684691594,31.39734306180441,-18.80089776192685,36.59599579182214,41.194763262059254,34.455794361939176,241.60861977253415,-10.526283705728066,1.6103467360253099,36.5605482916331
1395,23.27325,1678.468554951272,877.5487218795245,13698.5,1651.6771653543308,830.003937007874,-2.083943563067794,detected,1678.0894987034792,876.852340450979,27.364373602800697,-14.155635519222415,30.80894285149568,31.25687503964938,-19.069468215627538,36.61470818224672,41.16633818613984,34.38494903294143,241.1893335622381,-8.54187374496539,1.6457785514642467,36.57770178989688
1396,23.28993333333333,1678.7638681297317,877.0515961260375,13715.5,1651.3700787401574,829.9055118110236,-2.0971584320780816,detected,1678.534309724295,876.5938526702189,26.81888192151382,-19.34975024304913,33.07061024517813,31.103570633581278,-19.337883796850125,36.62493489275658,41.13027521068929,34.4151230089675,240.91438991059619,-8.405720697865139,1.7793264524257886,36.581687403321844
1397,23.306616666666667,1678.980500030564,876.2908001711596,13632.5,1652.9246861924687,828.8786610878661,-2.0733016417328907,detected,1678.980036523185,876.3166833875774,24.686628624281184,-16.929039840923906,29.93362695646433,31.034489458013446,-19.65741610956374,36.736270143062754,41.03555756751013,34.54655462975497,240.59614666876902,-6.267846500072996,1.8883976737159465,36.68770227542177
1398,23.3233,1679.4593717596829,875.9426166514181,13662.5,1650.799107142857,829.8616071428571,-2.127202205034737,detected,1679.4196130893422,876.0290274982244,22.501766174485056,-16.346515268367966,27.812551885617882,31.05105404985487,-20.003439164964597,36.93650681958769,40.95622508359094,34.77762568755953,240.27980040676977,-4.556115672154128,1.9781006295379946,36.88350110730907
1399,23.339983333333333,1679.8536877922204,875.3659641134856,13617.0,1644.8166666666666,832.45,-2.2554635631487963,detected,1679.8548410292167,875.7401514626702,23.302249327002755,-19.965163111784932,30.685543204870566,31.1383891014667,-20.35249303775603,37.19977484725207,40.88360436470387,35.1048655424383,240.12445687552776,-3.946213284735285,2.1372576452866454,37.13832762045043
1400,23.356666666666666,1680.4847566981875,875.289905929866,13536.0,1657.358407079646,826.6238938053098,-2.014412201974427,detected,1680.2944327856017,875.4101356450558,23.955718516152956,-17.84928825777706,29.874295655870643,31.27657667287043,-20.687281764842442,37.499171660077046,40.89525904517064,35.52300240875394,240.10246389250517,-2.684960276792685,2.3443567193576094,37.42581818430064
1401,23.37335,1680.502216114495,875.8074827910661,13462.0,1657.0296610169491,826.478813559322,-2.014929823354245,detected,1680.7610447957377,875.0583303747388,24.79421929980799,-16.733273100971473,29.912467958339153,31.528752529829834,-21.111372000779177,37.944067571130724,40.931258617143726,36.025060972987525,240.0468461066169,-1.70261612035016,2.5495627151853633,37.858314724824595
1402,23.39003333333333,1680.7417297579532,875.4620271261452,13406.5,1654.4469696969695,827.8560606060606,-2.0754356033798107,detected,1681.2277571644547,874.7052291986233,26.435923941407964,-19.877732574178935,33.07540365477769,31.792110552654545,-21.484254911197205,38.370711519093696,41.00562343121323,36.60250241416724,240.2637393853378,-1.2513142500052044,2.8860099221149103,38.26202359012085
1403,23.406716666666668,1681.7993481789906,874.1494479348675,13449.5,1650.5306122448978,829.1469387755102,-2.178038700811763,detected,1681.714986135158,874.3182640159717,26.725172440547794,-20.684647461713666,33.794814433465866,32.1139943053368,-21.744844706601278,38.78333278042786,41.07664476208454,37.24540054623747,240.26753016755504,-0.1584437061941402,2.9551861779777546,38.67058024145616
1404,23.4234,1681.841345492301,874.3207365432006,13323.5,1657.4728682170544,826.031007751938,-2.038141590670918,detected,1682.1922676207787,873.9802399188461,27.74939248018927,-21.931376085455213,35.369676843608026,32.38553230120516,-21.88056357256049,39.08429051019429,41.18441297871305,37.94264647350619,240.44542611843337,1.6198348847258852,3.0593620928228678,38.964369214325316
1405,23.44008333333333,1682.3617058573109,873.8849322615381,13311.0,1654.6029411764705,827.4901960784314,-2.1099774924847345,detected,1682.6995485876344,873.6289453493241,30.78223084338515,-23.01618315777978,38.435535938086225,32.77981671423572,-22.033505832846267,39.49673104327696,41.244268824817865,38.68217384220235,240.5826290001878,2.4071056319313855,3.0922217546962045,39.37549907905602
1406,23.456766666666667,1683.191377379619,872.9780763966654,13395.0,1652.942857142857,827.947619047619,-2.162299358650287,detected,1683.212461870454,873.2906325701789,33.246376898696326,-23.86244312639201,40.923560070581125,33.14676002083555,-22.20176347331843,39.89518769480899,41.23423922077944,39.451197264894425,240.92445220797651,3.2135081122162794,3.2958103125479,39.75881833741719
1407,23.47345,1683.3070545673802,873.1700959702542,13268.0,1656.764705882353,826.1855203619909,-2.085019356125686,detected,1683.7533905566697,872.9160838361893,33.12891230558671,-22.335416078987237,39.95492012221694,33.58576961406118,-22.495511294151402,40.42340842821259,41.14860060807906,40.23645747440254,240.81200439829735,4.203126181632022,3.2601281770035406,40.29173008476548
1408,23.490133333333333,1683.960007040571,873.08771797483,13256.5,1660.0959595959596,824.3585858585859,-2.026193066707712,detected,1684.305830771366,872.5164480222106,34.59740491801767,-21.299343973885243,40.628099645185905,33.97787657711452,-22.79736703499653,40.91718514778325,40.976195374411745,41.024467922461255,241.0581162095478,5.636979340235008,3.5075771481767717,40.766566484897425
1409,23.506816666666666,1684.7004079583255,872.6537500784535,13277.5,1659.2660550458716,824.697247706422,-2.058438232913394,detected,1684.8841700420203,872.0851243609233,36.388483873571204,-18.588018392140384,40.86118190120913,34.28276044783008,-23.077518465601496,41.3264990345599,40.82671450667164,41.80175863368605,241.3293464165218,6.111993750216549,3.8000475732468644,41.15141748341777
1410,23.5235,1685.590181110612,871.4074365115002,13362.0,1662.3578431372548,823.156862745098,-2.01952943305338,detected,1685.4709247710493,871.6647885196694,34.800712932425995,-15.642135990026418,38.154502210559656,34.63985499211597,-23.407902616948668,41.80728954141101,40.71194092962287,42.555113990467014,241.5391107515265,6.996597810051278,4.070958587614793,41.60861395164827
1411,23.54018333333333,1685.916731594504,871.3331601924338,13476.5,1659.6224899598394,824.1927710843373,-2.0795974929786105,detected,1686.0811747551372,871.2210178457342,34.91380557115099,-22.32782333820569,41.44279810150681,34.92321398151076,-23.602110173833392,42.15080639152895,40.66330866756889,43.27180166694845,241.8419044722374,6.55318868110435,4.3282957648278355,41.92798987822254
1412,23.556866666666668,1686.2853452149168,871.8188058509311,13354.0,1663.137254901961,822.4215686274509,-2.009018946830866,detected,1686.6894674202897,870.7837311895943,35.139394521752365,-26.728958492286893,44.14990678855116,35.137269532270636,-23.709888267740585,42.38851863243368,40.60524795290217,43.93979013562356,242.0743887453475,6.6585134760486415,4.493367847316215,42.149687510595875
1413,23.57355,1687.4350751453542,871.4412671712923,13673.5,1651.167597765363,826.7597765363129,-2.252624219004517,detected,1687.3175607924356,870.324501558739,34.2723134446278,-31.99160082561548,46.88340849631494,35.40340137058537,-23.984884874225763,42.7630159254072,40.61721834985057,44.54795210137667,242.2521026782382,5.141165694269794,4.7435485161031,42.49910914962814
1414,23.59023333333333,1687.337499070148,871.3248530833891,13443.0,1662.1131221719456,822.3122171945702,-2.0460955139839654,detected,1687.9408155689603,869.8559454749551,35.53481982753419,-37.30783428285167,51.522790287910844,35.67368944419049,-24.301936688944664,43.16475698291399,40.624240365183326,45.086251006286496,242.56682375064486,5.44637244348431,5.13379344777843,42.858376196836595
1415,23.606916666666667,1687.9699995069764,869.4081003796282,13522.0,1658.0330188679245,823.5330188679245,-2.148980365343676,detected,1688.586335383113,869.3679028861014,37.98021992793019,-43.141683820723756,57.47783910918401,35.86219210017405,-24.42412144642304,43.38933660082173,40.67659448416223,45.545907556758024,242.92515102715305,5.878484352035532,5.424724296618081,43.04888961361361
1416,23.6236,1689.0482107843136,868.8472916666667,13600.0,1664.8425531914893,820.7617021276595,-2.037149812280638,detected,1689.2375433594575,868.8573102474935,39.19675660889516,-45.983480711393895,60.422398388280655,36.02631887463581,-24.526110882967625,43.58240202995429,40.70167559141144,45.91954319204493,243.33597928627853,6.268960365385134,5.750745917585412,43.20132738807847
1417,23.640283333333333,1689.39386829918,867.6539706978506,13639.5,1669.2279069767442,819.1488372093023,-1.964805284853788,detected,1689.8865664643547,868.3760253391931,39.62474538323113,-43.25613551139941,58.661859040320614,36.226213551943246,-24.43813436371976,43.69852353901922,40.7606415603204,46.20129762747553,243.58722214574652,7.060218371423331,5.772415484561584,43.31558817520329
1418,23.656966666666666,1690.3597622614393,866.8245825569074,13684.5,1666.604347826087,820.1739130434783,-2.041792028498578,detected,1690.545510418258,867.8924117141172,43.48550093634185,-38.66789750035741,58.19102240709245,36.4123769627777,-24.360074101010753,43.80952415041915,40.80046871673502,46.38691809730826,243.99478808147913,6.573394353997135,5.928605667269265,43.406520721294655
1419,23.67365,1690.958403845682,866.7956490815,13591.0,1673.1991150442475,817.5530973451328,-1.91692653949888,detected,1691.2067112412992,867.4141918719382,44.674205870333935,-31.142800409879328,54.45786157676924,36.58644514772187,-24.227038224520705,43.8807172876612,40.85339256960228,46.47381865173195,244.09341615197147,6.306715549538137,5.8075980950361075,43.494702597513886
1420,23.69033333333333,1691.5847480463487,866.4843095465569,13607.0,1666.936170212766,819.4340425531915,-2.0533629875367065,detected,1691.8882694468405,866.9574536271882,45.167974350146324,-26.33567493025612,52.28492785619577,36.75078267481494,-23.922037591820008,43.8507002196764,40.87834981088834,46.461108720776956,244.28748124096347,5.989690015209423,5.60878533955232,43.490521229007484
1421,23.707016666666668,1692.343650822826,866.0587190138342,13601.5,1674.7396226415094,816.3811320754717,-1.9113550208004184,detected,1692.565186341038,866.5151421820945,46.64169693026997,-22.213889554348498,51.66144385969046,36.886378085331344,-23.670017476530305,43.82778360347763,40.76910737828105,46.349591008535285,244.4995076450585,5.240793638713585,5.483840706216252,43.483354363504525
1422,23.7237,1693.280115557195,865.5563095457619,13557.5,1675.604743083004,815.9762845849802,-1.913251689959894,detected,1693.2516903987062,866.0788534171111,46.41489088459184,-21.47363000029827,51.141557281904085,36.88259177309014,-23.52523531031359,43.746568691796185,40.75575564153953,46.141729516586594,244.76214362048225,4.506724239698419,5.553756447926318,43.392603766346625
1423,23.74038333333333,1694.1946644180475,864.965537468837,13638.0,1671.995918367347,817.5959183673469,-2.009033139789266,detected,1693.9427550045536,865.639174658756,46.5544758788501,-19.89356898230608,50.626804276076975,36.82403410492362,-23.324571991877768,43.589507296651874,40.768703936101865,45.84158906799147,244.9026739450352,3.2436362297812664,5.503288648598522,43.240709527192934
1424,23.757066666666667,1694.9444221874203,865.0914763691105,13728.5,1672.9890710382513,816.9562841530055,-1.9987267264803308,detected,1694.6249472228328,865.2015923081391,46.12753895731112,-19.61640924295807,50.12537642597276,36.7431041820601,-23.163210866014477,43.43489429660413,40.7444098531935,45.4547481273642,244.78108620150726,0.6419970032718982,5.300016169342751,43.110322095315865
1425,23.77375,1695.5854975196964,864.5418247252212,13708.0,1673.886075949367,816.2320675105485,-1.992962013303193,detected,1695.3170361159493,864.7534142535308,44.916955413017604,-18.967169071620447,48.75742390822599,36.612562025714176,-22.81692870897373,43.1403747526277,40.73200208018593,44.988187043652154,244.87542015517238,0.8686271667490449,5.112894775027794,42.83631917913409
1426,23.790433333333333,1696.362189595795,864.1108815177331,13792.5,1669.8324324324324,818.1945945945946,-2.094721339324921,detected,1695.9668283765457,864.3638238023527,43.198913398647164,-20.25496847991144,47.711737203187475,36.49773166027851,-22.419510287313308,42.83361831399075,40.807172440262654,44.45015413845018,245.1163534832104,0.3702239465112794,4.980773403130625,42.54304589677743
1427,23.807116666666666,1696.988591916558,864.4720049253947,13806.0,1675.210970464135,815.5189873417721,-1.9893741282275,detected,1696.6194540690706,863.9822523345526,41.89909860210173,-21.980225650250304,47.314530361238546,36.22787381608678,-21.968583553442194,42.36835499023861,40.85382722804124,43.85001235792399,245.03070407697078,0.39074493661124476,4.622307084846948,42.11545775356419
1428,23.8238,1697.7557250988332,863.5939759907434,13828.0,1676.379746835443,814.704641350211,-1.982981745325035,detected,1697.2766841670805,863.5911439263781,40.73102543288314,-24.011271165523794,47.28168330123715,36.03396523707906,-21.683104041289674,42.05476966495495,40.89620950851671,43.198069508903394,244.7776125973386,-0.673912847001257,4.260595575494472,41.83839118458658
1429,23.84048333333333,1698.476017397836,863.275845357952,13756.5,1675.6053639846743,815.2260536398468,-2.0150424846833213,detected,1697.9111456979156,863.2224600659628,37.613484869127205,-22.281444127077975,43.71769660432899,35.74338856630081,-21.281160865839883,41.59901001225051,41.005622016468664,42.505395403956875,244.684270497706,-0.21007194504783977,3.953339601777401,41.41073218372668
1430,23.857166666666668,1699.123214655982,862.520972837157,13664.5,1673.984251968504,815.7834645669291,-2.064283304509582,detected,1698.521415565237,862.8805065379554,35.603779704856606,-23.85659978116655,42.85751372152513,35.49872509093444,-20.960143875034202,41.22483613483348,41.06249473156034,41.783629531464086,244.39494637659578,0.01161751612701462,3.5604237643854226,41.07079859172295
1431,23.87385,1699.752186162233,862.1550742136524,13665.5,1681.974169741697,812.3210332103321,-1.913466864086505,detected,1699.138608246819,862.522143109168,32.49597104676923,-22.951710492427992,39.784031329173935,35.24485863838302,-20.66293691801075,40.85531816688366,41.13686709163427,41.0447831090375,244.1072419357903,-0.7874399858909312,3.197636474754857,40.729990713141724
1432,23.89053333333333,1700.259986112634,861.9667068669371,13681.5,1679.4790874524715,813.2357414448669,-1.973887176573384,detected,1699.7374205731812,862.2018247168633,29.688050900808776,-18.646129318944986,35.05793069859989,34.880369483417496,-20.324934302518226,40.37007715748639,41.23150453385369,40.30103950644113,244.14461653540715,-2.077973520798302,3.078990752686199,40.25248993101268
1433,23.907216666666667,1700.351264621226,862.000734888848,13607.5,1677.0671936758893,814.4229249011858,-2.0259193978451773,detected,1700.3058755959682,861.9164352730792,28.15613353272329,-18.125608326478414,33.48590050629441,34.622056660865404,-20.006388653955405,39.98677774466567,41.2847456073303,39.56455695554808,244.22145460244485,-2.721026556245112,2.958463826753082,39.877185033388244
1434,23.9239,1701.1788671502895,861.0880413277644,13647.0,1680.4169741697417,812.7232472324723,-1.9762840341557408,detected,1700.8729458388702,861.6457079504936,28.90413625403835,-18.20206318208284,34.15793021651853,34.364736698384164,-19.71624082999872,39.61900151209998,41.28958787751903,38.84727712946212,244.08274715323486,-2.9368646952318436,2.7134174658080674,39.52597432666306
1435,23.940583333333333,1701.3315437886868,861.383906355335,13597.5,1675.4406130268198,814.7049808429119,-2.077210197599073,detected,1701.4382694054102,861.3472056744137,28.432371894884454,-16.789337332134437,33.01941276917593,34.162368600558025,-19.505236006413032,39.33855182980513,41.348340182261275,38.16074254383326,244.0142449648238,-2.836127804570263,2.565152969065368,39.25482964313512
1436,23.957266666666666,1701.8659266111624,861.1017823003392,13512.5,1678.494382022472,813.4906367041199,-2.0271244919878573,detected,1701.9825620632391,861.0618433741745,28.893741573789157,-14.960364576195843,32.53706825123627,33.943879123543226,-19.226684429915267,39.01092570192689,41.31196356968555,37.51592486119597,243.90947025968018,-3.6546203454935524,2.339287241011883,38.94072494606769
1437,23.97395,1702.4456638214538,860.4095505548781,13531.5,1675.0576923076924,815.0269230769231,-2.1137782088297565,detected,1702.513543879927,860.8017972810175,31.146486678673682,-13.050080680258361,33.76993097692161,33.67593958018405,-18.743240388926147,38.54060153766777,41.21299470922405,36.92306519985689,243.87387214929075,-3.669312549944716,1.999030520712159,38.488723593574
1438,23.99063333333333,1703.288333701278,859.861714131528,13589.0,1678.9527559055118,813.4763779527559,-2.053960649702176,detected,1703.0560864594568,860.570824449342,31.362780733677027,-10.328573704437531,33.01974333814092,33.47473239364247,-18.314718722246536,38.15739287085773,41.133952254432636,36.39152664808594,243.36262173636214,-5.779945874993464,1.362690988250133,38.133052644281264
1439,24.007316666666668,1703.3771691873212,860.3244398201479,13455.5,1678.525,813.1708333333333,-2.055846718779946,detected,1703.571816025741,860.3688201966489,33.30748794893134,-10.764426890162213,35.00373751104093,33.14850066840956,-17.863588055206655,37.65542291316977,41.06279330912895,35.92965855202479,243.1981327618938,-6.33214945713353,0.9976441675050367,37.642204782460794
1440,24.024,1703.887960463884,860.3368457376665,13523.5,1678.2886178861788,813.3821138211382,-2.069940655510121,detected,1704.0740469304421,860.139553171026,32.63113276180229,-8.240819048166031,33.65563732724405,32.83829525217872,-17.682988429156136,37.29667163239815,40.94824709250906,35.54467194707374,242.8353418337303,-7.895919373324606,0.7402241144000605,37.289325323950195
1441,24.04068333333333,1704.735446249939,860.1380959351974,13662.0,1682.6839826839828,811.3030303030303,-1.99493831073776,detected,1704.5759781751349,859.9294164041362,32.39178930142771,-7.7591432327699295,33.30814191537447,32.62586438500219,-17.637100530996577,37.08792717325995,40.82451218765888,35.24252584409926,242.5978003569066,-8.353832305422968,0.6426498033515013,37.0823589222596
1442,24.057366666666667,1705.23059076367,859.8414169536229,13649.0,1677.4837545126354,813.7400722021661,-2.1125868247563755,detected,1705.0564551917196,859.696754766105,30.074571236621523,-11.45670111804111,32.182850022562434,32.40381531607191,-17.741793545674767,36.942908456907446,40.73336071431083,35.02782496027156,242.44865619889225,-7.980656074307649,0.7416480440560544,36.93546322214183
1443,24.07405,1705.8484549638397,859.6523242506148,13689.0,1682.6216216216217,810.984555984556,-2.016081218463998,detected,1705.5383914268461,859.4577003602049,28.75276796601429,-15.882182369930888,32.84760847518737,32.25197196467776,-17.999803173427253,36.93484276252549,40.6341125247796,34.90373074830691,242.03531746542683,-7.546277497464624,0.7742612061867238,36.92672649284087
1444,24.090733333333333,1706.1690845971132,859.6641695596566,13682.5,1681.1225296442688,811.2569169960475,-2.0482773113063035,detected,1706.006122219141,859.2138705492725,26.417443283791727,-18.11513057614593,32.03184767451247,32.14896994297537,-18.18697856913341,36.93673588540887,40.58951848475247,34.87188894113581,241.80493457487256,-5.625723498055905,0.8394070016693167,36.92719666795735
1445,24.107416666666666,1706.8198535651077,859.0758964288311,13749.0,1680.2790697674418,812.0232558139535,-2.084374416342892,detected,1706.4690316616673,858.9606387022984,22.98233406168856,-15.494674423624474,27.71773104742112,32.06301919737767,-18.35602747069327,36.9456485199036,40.578012042379896,34.93237793962115,241.26722830182186,-4.237921560819682,0.6823756250485324,36.93934634048895
1446,24.1241,1706.8136751509817,858.3888603633341,13633.0,1679.36,812.185,-2.1069296706197838,detected,1706.9236001616903,858.6904837848599,24.729898684378895,-15.675295803433528,29.279391856129557,32.06056090070392,-18.501417652702237,37.01596980260637,40.57986899530236,35.08368290045531,241.32638587667225,-3.0794807475543413,0.8492550439414295,37.00622631798339
1447,24.14078333333333,1707.1014434349356,858.3863203399766,13648.0,1679.2204724409448,812.3228346456693,-2.1150838055021763,detected,1707.3856090890158,858.4018470842109,24.148365389367427,-15.036266167933263,28.447018319172454,32.13391533885626,-18.637482421581552,37.14760108027897,40.59075490277857,35.32270010377477,241.45131941451103,-2.002773443422607,1.0144094659668959,37.133747985557555
1448,24.157466666666668,1707.6900425239044,857.9877467246761,13561.0,1678.262910798122,812.0093896713615,-2.140124688170941,detected,1707.8552195031311,858.105332355335,25.283314574684482,-15.18936743920358,29.495133142360803,32.29308089591484,-18.8507396041141,37.39242513360448,40.56480201419563,35.644775042274055,241.32732647158772,-1.139732577508495,1.04478465844128,37.377826078969626
1449,24.17415,1707.854550406021,858.6026317092493,13464.0,1682.633928571429,810.0803571428571,-2.050137788260603,detected,1708.32997748813,857.8217581704868,26.126992761130168,-13.18701747834075,29.266314778499403,32.51589312912227,-19.03049412887562,37.67549618483704,40.499734243771556,36.04377583768595,241.65805374787755,-2.3188731968529677,1.3129524368445722,37.652611711171566
1450,24.19083333333333,1709.083806085611,857.7165451017952,13573.0,1679.6356275303644,811.4170040485831,-2.137292366022255,detected,1708.8147560852572,857.5302687934816,30.153627777518523,-14.813424918805595,33.59581560209883,32.753761132229386,-19.278696518149715,38.00627589946242,40.441158606663876,36.51220139415328,241.89026063339298,-3.0367904147975953,1.5723905872888633,37.97373560221674
1451,24.207516666666667,1708.9691080656032,857.6871239921117,13353.0,1685.4630350194552,808.6342412451362,-2.017664770551716,detected,1709.3101412690044,857.2227845804478,31.070928229960373,-16.882898761847628,35.36148825592815,33.052157383874274,-19.527836229404137,38.389861884758375,40.41222741710138,37.0413215378762,241.5036894438188,-2.489541929298788,1.3927406221808223,38.364590041992514
1452,24.2242,1709.560957311126,857.1866856728436,13329.0,1685.2709163346613,808.9641434262949,-2.0374052832895,detected,1709.827510813831,856.914337149485,30.193644628523543,-19.36779928536407,35.87154617676408,33.31385844140137,-19.59554469083799,38.64968998561771,40.322239870855256,37.62134460815124,241.4528429054284,-1.6559329725652516,1.2931083688408513,38.62805207010563
1453,24.240883333333333,1710.0154052159985,857.0948716023427,13318.0,1687.7280334728034,807.81589958159,-1.9955358949286184,detected,1710.3611075235099,856.5797111513291,32.71327150228535,-24.266174937147298,40.73088973325369,33.6104633345016,-19.71883321752296,38.967879452446006,40.18469467654698,38.24160677247147,241.33357833050746,-0.1436470881037853,1.1785916298273662,38.950051999842884
1454,24.257566666666666,1710.9600599039557,856.2797910787663,13466.0,1691.17316017316,806.2943722943724,-1.9477229757897123,detected,1710.9044798425525,856.2565155973531,32.74891922036022,-25.035698969575606,41.22229897757873,33.96943612698794,-19.92847340518651,39.383583420592124,40.0853408377512,38.89077680393807,241.34389027623592,0.38576696481196243,1.1974179735042831,39.3653760714091
1455,24.27425,1711.2247227535852,856.3286823449982,13330.5,1688.273127753304,807.1982378854625,-2.007825454745896,detected,1711.4576458114075,855.9170011324693,36.14541441921847,-26.0729423472294,44.56780571420355,34.37932241681492,-20.237459248420336,39.893515346115926,40.03112997426089,39.557070115404144,241.29204638870306,0.4249274471518193,1.235916075986971,39.87436617833447
1456,24.29093333333333,1711.5186791907151,855.7128522388623,13254.5,1682.3783783783783,810.2027027027027,-2.140324685000441,detected,1712.0418602152213,855.5480243415585,37.151577795451885,-24.66212756860523,44.59215479096824,34.730971148607466,-20.46967102800892,40.31436206763431,40.009813092199,40.228466347914726,241.49590943873102,1.9753386015639485,1.4140336347333324,40.28955569127258
1457,24.307616666666668,1712.737316964946,854.9387294778878,13522.0,1684.3004484304934,809.1883408071749,-2.126922160139993,detected,1712.639366767858,855.1763893363993,37.44117399448896,-21.62380795426543,43.23691224554026,35.06886145240596,-20.69547621395886,40.72011516794349,40.02363165495025,40.89292559866927,241.60788643597425,3.2398462219732247,1.5307475685967944,40.69133312109369
1458,24.3243,1713.1718843172332,854.4411150864639,13416.0,1688.751004016064,807.0642570281125,-2.0467353872869487,detected,1713.241286948126,854.810217828319,36.37664661134204,-19.126485088794198,41.09845314045687,35.298206928202724,-20.881050389581812,41.01196993218533,40.00187363788758,41.53859928830161,241.84553365398227,3.125006408348303,1.7549105192061454,40.97440624082371
1459,24.34098333333333,1713.805701118668,854.4413473569455,13453.5,1689.0995850622407,806.7925311203319,-2.04913755151587,detected,1713.854049790209,854.4307520681218,36.26344018492182,-19.201561418477468,41.0333651429293,35.604256637153654,-21.22985366832398,41.453223969466464,39.93982202932737,42.1540325589156,242.32208920503433,2.684667214223752,2.262379405419047,41.391441348287024
1460,24.357666666666667,1714.531366265149,854.2719514740733,13573.5,1687.4292237442924,807.6210045662101,-2.097095098239069,detected,1714.47766451052,854.0332183723777,35.1181731894585,-18.429780378487976,39.660344085296366,35.77918711701173,-21.35080718177843,41.665419691485404,39.959130220643125,42.72835583107268,242.50346938576217,1.8690923907229766,2.419925911954895,41.59508572714172
1461,24.37435,1715.0027981427174,854.4509897360704,13640.0,1688.6612903225807,806.7983870967741,-2.0757730305748447,detected,1715.1080422650002,853.6361499002902,33.08410459874449,-21.21240268063002,39.30043262593767,35.942901297725456,-21.486136631453856,41.87536532429941,39.98680383271496,43.251463642216514,242.712165195941,1.7018627832781998,2.6166293826508955,41.79353385055379
1462,24.391033333333333,1715.4563287042126,853.7464487682141,13645.5,1689.2521739130434,806.1434782608695,-2.074002690481,detected,1715.7462673448165,853.2184231734624,34.410356249891265,-25.803405116759677,43.01032821153601,36.10217782437266,-21.6619972615468,42.10236773652862,39.99028451326508,43.71417912038511,242.86923458367335,0.14852969547121753,2.8150678897948183,42.008151135199135
1463,24.407716666666666,1715.8738095238095,853.2844501718213,13580.0,1688.713725490196,806.4588235294118,-2.0963996251524057,detected,1716.4041480241572,852.7789382906486,35.307821969824545,-32.57015801035914,48.03600196803004,36.28104660392872,-21.836597741329594,42.345617761382215,40.0004701783829,44.10840245918544,243.01853400873256,-0.5409427262689821,2.9989642746304703,42.239289256243154
1464,24.4244,1716.51314495106,852.6864271309822,13554.0,1688.7038626609442,806.3776824034335,-2.1115973766190077,detected,1717.0494522657013,852.3704766407503,37.43952913930934,-35.89244502926613,51.86507449480897,36.407002792929894,-21.956978942977898,42.51562979266308,39.956036188363086,44.42724164488692,243.103951627936,-1.0449616128724983,3.1123122505350125,42.401559984532994
1465,24.44108333333333,1717.2453821323809,851.6561606342894,13579.5,1690.558232931727,805.5020080321285,-2.0950454512357077,detected,1717.6997126890467,851.9610170748831,40.07758939930136,-36.72505816440798,54.359388050622336,36.511390650529364,-21.982571524636775,42.618248416275094,39.92300167539961,44.66512356962221,243.00043479778736,-0.8990501604242528,3.011112766221075,42.511743059776265
1466,24.457766666666668,1717.9946816314557,851.1570936032864,13632.0,1692.2551020408164,804.3979591836735,-2.074001605060376,detected,1718.3649950798645,851.5479097180857,43.28445830772398,-32.612896896235725,54.19543684626591,36.64804908920446,-21.948097219491817,42.717659973376406,39.869050908107184,44.817883672426355,243.07541996655806,-0.25279966435122636,2.9741282042844226,42.6140004578951
1467,24.47445,1718.6585098211349,850.2892205274516,13669.5,1697.1036036036037,802.0585585585586,-1.9910800752952769,detected,1719.0366717518673,851.1376086930119,45.55911271032528,-27.71692660971894,53.32786112006245,36.75490501115841,-21.907989518539758,42.78881918356389,39.82996505289276,44.88283245810568,243.0175372738851,-0.979218101332713,2.8468519500633676,42.694009897152384
1468,24.49113333333333,1719.5467644269352,850.1129349967171,13707.0,1700.3068181818182,800.7329545454545,-1.9423316378358355,detected,1719.722688474942,850.6957131207878,46.76418336493498,-23.357052997995652,52.27275361543946,36.8242507135332,-21.64200868316997,42.71301886375576,39.686603683296745,44.85879764886907,243.02441624241524,-0.37722920155559464,2.5834797470925572,42.63481690885886
1469,24.507816666666667,1720.201663808516,849.8656182727041,13703.5,1704.8684210526317,799.1894736842105,-1.864612171501647,detected,1720.3984577194205,850.2940170597864,47.66837353634219,-20.06986819911117,51.72111217994004,36.88186749587751,-21.42320263616986,42.65238283113689,39.57661765168845,44.74614125797427,243.21827437272628,-1.2420785123441709,2.506421655804708,42.57867555076337
1470,24.5245,1721.1722928540114,849.7776681767256,13686.0,1697.8391608391607,802.8181818181818,-2.0319431558032965,detected,1721.096954748188,849.9136259102991,47.67830000654067,-20.126951846655174,51.75243455289105,36.856910069875404,-21.354751758170497,42.596446360605825,39.55275864809777,44.54675145006915,243.35136849463277,-2.6141099416260936,2.5553363602822152,42.51973069808638
1471,24.541183333333333,1721.914466416597,849.6861623996989,13729.5,1697.3875598086124,801.866028708134,-2.044709935599609,detected,1721.7750978929005,849.5217254430771,47.654512379573134,-19.983734343126343,51.67496674823832,36.746226014665304,-21.325077530610585,42.48581007827693,39.54143548806448,44.26400960068478,243.38460716501572,-4.142866105129669,2.6030592677933377,42.40599179898724
1472,24.557866666666666,1722.7394862195986,849.1144307260358,13890.5,1701.7440476190477,800.1428571428571,-1.975819584542868,detected,1722.4641219267833,849.1284731489368,45.10562680359453,-20.035208603606407,49.35511273551272,36.45871934461591,-21.171877756826802,42.160249335120014,39.665741571421215,43.90273345903918,243.01953744626763,-4.010404024124783,2.326723560995376,42.09599721434565
1473,24.57455,1723.581440693266,848.5510140217849,13847.5,1689.5987261146497,804.5095541401274,-2.2279833386331167,detected,1723.1304294749684,848.7407379962094,42.83257104804943,-19.19526120869432,46.93705567519342,36.238169630422384,-21.037258306644176,41.90192328788425,39.79547114187572,43.46909775695886,242.83251418038896,-5.315983191293922,2.1702366845350625,41.84568374344999
1474,24.59123333333333,1724.2094284371497,847.9680898497282,13830.5,1692.7559523809523,803.7142857142858,-2.1887019516905952,detected,1723.7749167562074,848.3722258945119,40.85735503145679,-20.888113537568188,45.88721768994986,35.95078629078237,-20.660869284165916,41.46481103903521,40.01284011562131,42.97053399423275,242.72553349027658,-5.618507801380232,1.8892518910164355,41.42174889831653
1475,24.607916666666668,1725.005378678244,847.7200313555234,13820.0,1705.712765957447,797.9255319148936,-1.9404324962636963,detected,1724.4330944864587,848.0186312256658,40.577971081935175,-22.283913100548034,46.2941089146248,35.74498537525397,-20.464026009548302,41.18835199418143,40.208739887053866,42.41561144267042,242.35257703556326,-6.209993468356911,1.540716428219266,41.159525421029876
1476,24.6246,1725.2963613091972,847.8968854757115,13672.5,1702.685393258427,799.7303370786517,-2.00969271376205,detected,1725.0610289786132,847.710129620408,38.11102702197513,-19.707884432945775,42.905140595178864,35.4302679977402,-20.361120582600034,40.86415448496239,40.43067166416605,41.81390160827799,242.28517525774276,-6.302937501675446,1.5475625427875954,40.834840172909125
1477,24.64128333333333,1725.914532405552,847.742237118535,13724.5,1706.747572815534,797.6893203883495,-1.9365045545777264,detected,1725.666643813101,847.3949986050459,36.1097011387983,-18.432056755441863,40.54196878013155,35.17129447811501,-20.246262276138758,40.58239878839695,40.64176948631967,41.17582844991706,242.14793005932097,-6.378858065602706,1.4691803931290721,40.555796138072886
1478,24.657966666666667,1726.762384642437,846.8248747892943,13743.5,1703.7757847533633,798.9013452914799,-2.0180331423299904,detected,1726.2587161531085,847.0968602451161,34.09895392544513,-18.615423640386325,38.849358503335466,34.88573673128654,-20.10879858711381,40.266343363927966,40.774262529492454,40.5125065702459,242.06386649584576,-5.927341652977731,1.4220109553819391,40.24122628281249
1479,24.67465,1727.613660943215,846.2489640674177,13715.5,1704.2718894009215,798.4608294930875,-2.0251555240704286,detected,1726.856857562017,846.786360996302,33.53623962123038,-22.168798318072277,40.2011814105002,34.62617186551759,-20.025883407531236,40.00009730378661,40.748100709707614,39.83556936779959,242.07349600709864,-4.923231726573181,1.4770787540107797,39.972816046243814
1480,24.691333333333333,1727.7488485472095,846.4751212700279,13606.0,1705.4304932735429,797.829596412556,-2.000940598254476,detected,1727.447025583698,846.5047539689566,32.20394502045838,-21.53265203508363,38.739504108141304,34.25047574155244,-19.94502765717172,39.63457097999191,40.5259702314971,39.15698877364546,242.16364684049077,-5.218575705395736,1.6439022421315403,39.600464671343595
1481,24.708016666666666,1728.292690391372,846.0616499565414,13614.5,1707.2620967741937,796.983870967742,-1.9756409415675988,detected,1727.9987991072746,846.2190893630836,29.919510975613775,-19.540111727480507,35.73504027341084,33.905522530032044,-19.907202782093353,39.31769551540243,40.290690367263394,38.488887748217174,242.07332122526216,-7.080907966156744,1.7096066558817444,39.28050948911
1482,24.7247,1728.6261906519974,845.637561840065,13543.0,1702.558232931727,799.5461847389558,-2.0855157808344527,detected,1728.5633515987845,845.9309532666816,28.061471580556827,-16.235593618023813,32.419757670223476,33.62879676934686,-19.984549000105215,39.11877005852357,40.09545738126798,37.84334630408883,241.8145054380205,-8.168374489038749,1.731032348350432,39.08045160819671
1483,24.74138333333333,1729.464764059706,844.7945087162269,13700.5,1699.3504273504273,801.4871794871794,-2.178403774059356,detected,1729.1317291892437,845.6074674095347,27.405108518467387,-14.739494455282056,31.117401397068235,33.22768354161872,-19.93613751298517,38.74956170692275,40.00322102803857,37.232201594389075,241.63280179489155,-8.364254439025324,1.755065826176823,38.709795613312146
1484,24.758066666666668,1729.591072502178,845.3596152194451,13583.5,1701.3232758620688,799.8189655172414,-2.126308869351447,detected,1729.6891038109968,845.2943657030884,29.478603664959337,-16.872109441519115,33.965514143648,32.82372544984843,-19.819117729624814,38.343113853569015,39.9535279675766,36.666842695464496,241.21578104484968,-7.362188252524877,1.5652270716519663,38.31115300016334
1485,24.77475,1730.1354945353169,844.8878814792885,13511.0,1703.149377593361,799.1078838174274,-2.103440145688811,detected,1730.2222783928366,845.0025837630706,30.04960614943684,-15.676789201711017,33.89307524275653,32.51832108046913,-19.731341620230214,38.036391101505835,40.009417601815834,36.15800123502513,240.89242457506663,-7.57016329947392,1.4208626764735275,38.00984342616155
1486,24.79143333333333,1730.679269339218,844.6572636998897,13595.0,1699.9170506912442,800.6774193548388,-2.181160954519062,detected,1730.7337903031719,844.7247540160369,30.85221641372027,-14.145572399176672,33.94048432387758,32.23312976216905,-19.520339387985015,37.68313023206734,40.148983889505644,35.71554008534586,240.55564838115748,-7.348752549585752,1.1538690838068408,37.66546017539653
1487,24.808116666666667,1731.1113580795732,844.5801659628065,13497.0,1702.0796812749004,799.5617529880478,-2.143567004802816,detected,1731.2319953051756,844.465480939822,30.580372188449473,-13.72419520532003,33.51884092891375,31.92018886885165,-19.475728072920152,37.39254526497883,40.386731764220706,35.3482440020277,240.26679416663495,-7.304780724236043,1.0804352370080963,37.376932740557
1488,24.8248,1731.8176537627294,843.8307905346617,13600.5,1704.0304347826086,798.7608695652174,-2.1232858468359828,detected,1731.7166229191157,844.2103786921392,30.910331023954313,-11.051185455007726,32.82647200007041,31.562590919761327,-19.4742806249375,37.08698897763225,40.57228999899212,35.06361821029836,239.75960078037758,-6.513755472366094,0.9283756440399298,37.07536743028408
1489,24.841483333333333,1732.323668297948,843.7763672713446,13588.5,1708.4826254826255,796.0579150579151,-2.0341390463966262,detected,1732.190530353825,843.9760476864132,30.733201022299,-9.046340488519036,32.036946192033646,31.209195787516624,-19.658415944388242,36.88451191416423,40.66767050972546,34.86770313908275,239.17472064456734,-5.472469481752532,0.8890759863026769,36.87379507233698
1490,24.858166666666666,1732.845530835285,843.7025761124122,13664.0,1708.141129032258,796.3064516129032,-2.051285318400093,detected,1732.661303717582,843.7005554339826,28.290517222989365,-11.830533664213817,30.664554318045358,30.852452955250453,-19.878555105532683,36.701918293730124,40.718479025917624,34.76491519102405,238.60499568897694,-4.03891944297052,0.8961305378601345,36.6909764996621
1491,24.87485,1733.2979831155876,843.3651801571662,13701.0,1706.5425101214576,797.0121457489879,-2.094290509086923,detected,1733.0986139313802,843.4266146569588,26.719822533350452,-14.21904721307692,30.267643117055762,30.661132830334186,-20.20014518309769,36.71717488938415,40.76075164669212,34.75792398536859,238.218149888614,-2.9401010522611655,1.0225207816268842,36.70293425747814
1492,24.89153333333333,1733.5683158384104,844.4143727519636,13623.0,1709.022222222222,795.5259259259259,-2.0361095280321533,detected,1733.5294320385585,843.129505598763,21.83375062442792,-13.788022649238883,25.82290136498281,30.495235682934222,-20.634241113518403,36.82025673034502,40.83588172086501,34.84757546324533,237.94315025018273,-0.6634057220409585,1.3023059193868285,36.79721871257185
1493,24.908216666666668,1734.3094191215985,843.4457472275147,13646.0,1702.965250965251,798.3127413127413,-2.177810940668377,detected,1733.9566706574424,842.8158754566143,21.051082283301184,-16.33023125283171,26.64253212570604,30.419862365103487,-21.012519863365416,36.97152982120385,40.94837973653856,35.03286750722196,238.06534381679216,0.8928687925936546,1.7416754206834213,36.9304831277517
1494,24.9249,1734.2415228302118,842.3584894111887,13615.0,1702.328282828283,799.0555555555555,-2.205910090527357,detected,1734.3795884890274,842.4912998728241,21.283599834817323,-15.869425228936052,26.54863987147794,30.38167466874688,-21.3757849228474,37.14795198588216,41.07406582420413,35.31098065119445,238.3560566945614,3.407460783354415,2.258324973263875,37.07924358803101
1495,24.94158333333333,1734.806526891968,842.1134325440461,13641.0,1702.5059523809523,798.3035714285714,-2.2061133170630645,detected,1734.8049481241958,842.1608197621266,22.255488268316185,-18.160215241510286,28.724557014497922,30.457672046886486,-21.69343313990805,37.39351317957904,41.10152376575651,35.677361770495935,238.31770882652302,5.081970510283594,2.4639031868141004,37.312250119730905
1496,24.958266666666667,1734.4685563759135,842.2794370447322,13476.5,1711.990099009901,793.7079207920792,-2.004236136152981,detected,1735.2306727626378,841.8278866898113,23.972765137393253,-24.863248153979384,34.53801640365261,30.608544005456206,-21.973029205226418,37.67886647164007,41.09621899994208,36.12585425006079,238.45286533034772,5.914505162095863,2.711251479646453,37.58119335521155
1497,24.97495,1735.4518641157713,841.8969217561933,13590.0,1706.1073170731706,796.4878048780488,-2.144513818494557,detected,1735.6569771001184,841.4792240235445,27.107945960635334,-23.46309262485738,35.851882094631556,30.87638928695458,-22.29322213044338,38.083318767629144,41.10744439626859,36.64886485265667,238.73126635857665,7.463677179046787,3.028482896846022,37.962711437677434
1498,24.991633333333333,1735.981949058693,842.2329888027562,13545.0,1707.5076923076922,795.6205128205129,-2.1191716213839715,detected,1736.105766997937,841.1116730047997,31.74148093964868,-24.204891464134562,39.91739449203335,31.174547639426553,-22.64417333347485,38.530650221341055,41.14509268409058,37.237555859438984,238.48941879477005,7.311729863689483,3.0115813755422565,38.412776313328564
1499,25.008316666666666,1736.4292188254522,841.2507955375605,13460.5,1710.7785714285717,793.7142857142858,-2.065618976613381,detected,1736.5694971095525,840.710665687888,33.45060708330948,-27.328678198576654,43.19490440229395,31.480981930659844,-22.962837594353754,38.96593555534369,41.17195963442266,37.88205111523534,238.35512875717242,7.181711864800269,3.032053675921052,38.84778995270556
1500,25.025,1736.9461091151525,839.9554304480413,13499.5,1708.8577777777778,794.8711111111111,-2.1279689361482603,detected,1737.0495693677626,840.2949644000964,33.820256887243886,-31.527311326323797,46.23614533442545,31.846515700947368,-23.234609030224508,39.42141066829138,41.15569307897342,38.5716460786025,238.85317788522428,8.30068152978864,3.413151106588348,39.27337544191576
1501,25.04168333333333,1737.8750555308752,839.8193272125968,13506.0,1710.1764705882354,793.5252100840336,-2.1099778482246307,detected,1737.5315079826344,839.8914790418345,32.66001041090931,-32.69833820814256,46.21533946229087,32.193602685615964,-23.451182104582678,39.82946140712423,41.180606908892024,39.29501432454111,239.30928683019042,8.608440013744378,3.734763744513085,39.65397250912282
1502,25.058366666666668,1738.4003248524525,839.3453231165997,13442.0,1711.6681222707423,792.9912663755458,-2.0939043177445025,detected,1738.0261189316313,839.4952229758591,32.47618027540557,-34.28285369230525,47.22304884872057,32.56675929684156,-23.67920612657089,40.2653525240131,41.22431683077397,40.04040562024861,239.98185910479657,9.252806016404781,4.2107357613116925,40.044579136650434
1503,25.07505,1738.776087606518,839.0831962924203,13378.0,1712.68776371308,792.5864978902954,-2.082105724314389,detected,1738.545496957355,839.0752797875796,29.489190566042453,-26.937349167450066,39.94036980812133,32.98342523632328,-24.00716126069712,40.79522192754004,41.25692732703123,40.79583324200364,240.40110145806156,9.89803124629657,4.582989646899875,40.53697494897285
1504,25.09173333333333,1738.8682694341785,838.3017135177512,13393.5,1708.5477386934674,794.8090452261306,-2.1796010520358737,detected,1739.0888094296247,838.6249747068125,26.347994986853337,-20.984647319514806,33.68341228188837,33.460660151729705,-24.310730659721287,41.35973166014335,41.250798733106734,41.549250316008695,240.82879393922278,10.509994147862107,4.9179057049495825,41.0663074365871
1505,25.108416666666667,1739.9233112878055,837.8989373560229,13457.0,1706.7333333333331,795.5076923076923,-2.235050501758568,detected,1739.6378936087272,838.1815572232738,25.74956044576811,-20.740089125618397,33.06344144351674,33.871203887114554,-24.519274875212318,41.81451055756485,41.21541747517548,42.28871645176386,241.2780982903091,11.605238214900316,5.225381692200962,41.48672895444413
1506,25.1251,1740.3022137745977,837.1784809183065,13416.0,1710.7826086956522,793.0931677018634,-2.160828193873183,detected,1740.215616530389,837.7237038941623,28.214395383768533,-18.375260254465957,33.670495931764584,34.211920706262475,-24.707414578522403,42.20085133698812,41.169879037549435,43.0025566804532,241.93586397199755,12.315275373903512,5.707026897079281,41.8131761238319
1507,25.141783333333333,1740.1507036258013,837.8135266426282,13312.0,1711.210843373494,792.5602409638554,-2.13976075031782,detected,1740.8051204641738,837.253940947629,30.698830079403706,-19.889587634578675,36.578871832216024,34.48976247341432,-24.888948169929215,42.532381269780345,41.138593268411306,43.679514702181244,242.35310127892137,12.400605231886896,6.0432456557241245,42.10086268026504
1508,25.158466666666666,1740.5952150016165,837.587853465642,13403.0,1718.316384180791,788.7401129943503,-1.9987008533369788,detected,1741.40670565462,836.7775468085048,32.1953520742336,-21.29075356294834,38.59840518029281,34.85709610511815,-25.230902053627204,43.03040282545787,41.130216574667905,44.30890181513784,242.56533389603828,11.800784018288304,6.333404590755158,42.56176163660257
1509,25.17515,1741.6269277696438,836.8628599316739,13660.0,1714.8323699421965,790.0346820809249,-2.0905153316420866,detected,1742.01722385915,836.3067041188555,31.663900141373233,-28.196936280257432,42.39893616301892,35.113057413244015,-25.363834051448073,43.31571168404332,41.02258751725084,44.88074189475607,242.80916072673057,11.82875038105771,6.515750345298592,42.82284292445924
1510,25.19183333333333,1742.4025333673385,836.7904446144692,13723.5,1717.0,789.2345679012345,-2.061398441979612,detected,1742.641964774803,835.8107790429966,32.887069352070284,-32.361468866502946,46.13918072273846,35.34311245857371,-25.420285174288555,43.53534766832054,40.9036581145291,45.38591168151889,243.28770282770648,10.996081813009619,6.820195263508701,42.99780730652618
1511,25.208516666666668,1742.8827210187353,835.654969262295,13664.0,1716.574850299401,788.9461077844312,-2.0837407826837104,detected,1743.28033334248,835.3070618150175,37.65066037363249,-39.624998915379365,54.65997407257376,35.54536027816555,-25.399593530339747,43.687664034725714,40.797507389884935,45.81627463185926,243.61954643467487,9.276153439132756,6.96071103878818,43.129577909429614
1512,25.2252,1743.2863912171226,835.0883580105601,13541.5,1722.5734597156395,786.260663507109,-1.9719930510819064,detected,1743.9220093042031,834.8217922109266,38.88233393827704,-41.854666483297024,57.12835547182956,35.732325196399636,-25.37457699464932,43.82542893798808,40.706890684451274,46.16480582295961,243.79215884605418,8.717862041394369,6.9855999416118415,43.26510851776979
1513,25.24188333333333,1743.791238852292,833.6888700793679,13586.5,1725.855421686747,784.6184738955824,-1.9212228888070813,detected,1744.5841924037275,834.297543544424,39.60894395444666,-40.3454875278353,56.53871952074269,35.89940800429716,-25.25894384386798,43.89512204296362,40.67382414286498,46.42570496415484,244.06202369441561,7.860512644635246,7.012234793875258,43.331400881603585
1514,25.258566666666667,1744.142273270057,833.7252280533294,13538.5,1727.895161290323,783.5403225806451,-1.883892698509537,detected,1745.2539652907687,833.7797934584728,41.87919460212106,-38.444017324990455,56.849005344038275,36.04708620947642,-25.052241243327433,43.89769032087339,40.65581245521164,46.59449449215819,244.48232262781625,7.696864595940758,7.079747621653487,43.32302377629005
1515,25.27525,1745.6093771012895,832.8068463842533,13632.5,1726.7149321266968,783.5113122171946,-1.9368143474615291,detected,1745.9203542344067,833.2920422623555,45.519229609608374,-33.07494497430025,56.26679526421633,36.23489488850224,-24.86568799040103,43.94621766223778,40.69426336155521,46.66809997577078,244.90368093789294,7.1852851827971795,7.149555418404923,43.360741508142326
1516,25.291933333333333,1746.2416923915016,832.1798559409236,13767.5,1730.3286384976525,781.9201877934272,-1.877427298266707,detected,1746.590650126927,832.8055455144092,48.78427633694264,-29.498258077018363,57.00923475453394,36.40756942529037,-24.633886072014775,43.958383210331355,40.735695153623666,46.64491051387327,245.26857842219692,6.064357626872703,7.14277667800409,43.374188128361574
1517,25.308616666666666,1747.0824080837594,831.9891770148527,13690.0,1724.6712328767123,784.1780821917808,-2.0091281625686626,detected,1747.2691152423317,832.3865346209042,51.71292843851916,-25.78560316478206,57.78515638344351,36.47764765534416,-24.238869213278242,43.79659300911251,40.934147165251844,46.52481735144624,245.65986397836463,5.683783452990723,7.0500311089467065,43.22543950694691
1518,25.3253,1747.800861848592,831.5939208024444,13691.5,1726.7974683544303,783.0210970464135,-1.9789268575579528,detected,1747.975599961326,831.9659749018608,51.73852662304671,-25.945867933043246,57.87973047555279,36.47425748479549,-23.937205045519406,43.627528516504334,41.13872300851458,46.309229490473236,245.69807816630117,4.424786332517129,6.805320985489791,43.09348965612847
1519,25.34198333333333,1748.7176272500424,831.2349734719093,13759.0,1731.059071729958,781.0717299578059,-1.9092711719574824,detected,1748.6615517930493,831.5444343444275,48.33623271088527,-21.97709711512607,53.097873688957996,36.37573944899789,-23.795705459299416,43.46757433728173,41.30818955941362,46.00106562658513,245.61369149456027,2.9637097125122476,6.65364591764941,42.955314162157634
1520,25.358666666666668,1749.602325245523,830.8169049682265,13848.0,1728.01244813278,782.49377593361,-1.9909704734204532,detected,1749.350526308385,831.1226354596482,47.55137932066282,-19.554333689969553,51.41503322333107,36.24240162157072,-23.575610915558624,43.23564623480305,41.45559552566987,45.604722306542676,245.58962486365903,0.8008186663877255,6.490286694575914,42.74572825398171
1521,25.37535,1750.6934557149568,830.349678989147,13836.5,1729.8582995951415,781.6801619433198,-1.9752851828267632,detected,1750.0001799068307,830.7325375017236,45.93835003235108,-19.498530893929455,49.905157155511816,35.99270895543601,-23.294239709336747,42.87303000240086,41.49341073634798,45.12601875332202,245.77233188356684,0.887049601240615,6.472438846880571,42.38164976685258
1522,25.39203333333333,1751.1876723262226,829.9451700285397,13782.0,1733.2421524663678,779.8609865470852,-1.914852450771332,detected,1750.6616648423121,830.3696112911147,44.37584794006125,-20.259571950736245,48.78182177847089,35.761888346037026,-23.091845731558347,42.569308161685086,41.47953502536996,44.57211928097347,245.76138495252587,-0.6215434131731749,6.374550186181576,42.08932296067924
1523,25.408716666666667,1751.7401568174712,829.9970897371143,13859.0,1732.4117647058824,780.0633484162896,-1.9401160844877912,detected,1751.3208372279828,830.0327076973466,41.92997183838361,-21.681019134182407,47.203698256221685,35.4832586677883,-22.73680677018423,42.14290008755768,41.3414794715329,43.9514345562551,245.69536912234332,-1.6924813537106027,6.117159692066702,41.69657522017394
1524,25.4254,1752.4607630609148,829.8261435074788,13839.0,1728.2464454976302,782.0473933649289,-2.039869908431736,detected,1751.9606210523932,829.6901409748547,40.13674793784321,-21.424817716209873,45.497047697612004,35.211257927328234,-22.462532381924127,41.76599149827315,41.15415664200792,43.27350313657615,245.9379964496065,-3.624318810773059,6.154134795100486,41.31010373694986
1525,25.442083333333333,1753.175964212308,829.272373352678,13785.0,1727.7061611374406,782.3744075829384,-2.0683186639487667,detected,1752.5955330733652,829.3322160348035,38.56084493147955,-21.451291349558232,44.12591826119026,34.891614158151995,-22.34385235230166,41.43274642722601,40.93164985576402,42.548854739816704,246.23981635303707,-7.410906242516898,6.391826518804027,40.93674425569677
1526,25.458766666666666,1753.8712819956354,828.5794359846155,13823.5,1726.7135922330096,782.8786407766991,-2.1069770327383384,detected,1753.2334881624238,828.9679789162919,36.849337405853476,-21.54133862093022,42.68375495234706,34.61053042251105,-22.08262491558277,41.05522060944113,40.69971620785955,41.78885660174513,246.190896684642,-9.712371963913762,6.231347083768609,40.5795694015041
1527,25.47545,1754.4493687006511,828.0558041941078,13741.5,1731.106976744186,780.7348837209303,-2.0290522798054864,detected,1753.8678582066336,828.6212265970722,33.98367603801307,-21.93380134664585,40.44727281994111,34.28084613325309,-21.889382878902314,40.673351158110336,40.50162867525544,41.00554406812597,246.13674656052672,-12.121983099430247,6.149645643464309,40.20576268261523
1528,25.49213333333333,1755.1288650385136,828.0397911875297,13696.5,1731.9455445544554,780.6831683168317,-2.026047095520316,detected,1754.479780603376,828.29256264417,32.43007051247423,-23.24587653596336,39.9008803082,33.94430240957609,-21.710109234512597,40.29323155378856,40.49366008015578,40.2114362860278,245.98106776469467,-14.212712586711469,6.013615422000964,39.84194948296951
1529,25.508816666666668,1755.6801865994323,827.6928417437059,13683.5,1733.955,779.44,-1.9938468404974097,detected,1755.0616678649826,827.9760234590168,30.20159194828102,-21.384450903271045,37.00582246950989,33.543399872746136,-21.68684587833171,39.94344701166211,40.65125571761298,39.41933757770053,245.35240214228594,-16.02569139918535,5.722151933448906,39.531455025384346
1530,25.5255,1755.8018037862378,827.4799490926,13619.5,1730.6290322580644,780.8387096774194,-2.0657055036066163,detected,1755.6521614614246,827.6418800683176,28.340356620583407,-17.86950496188365,33.50365682973472,33.17577597952716,-21.56833138229628,39.570507078635195,40.77444729395026,38.64212492659128,244.54767033420163,-18.362387233202043,5.217356017640649,39.2250459100497
1531,25.54218333333333,1756.172292752134,827.192473276094,13627.0,1732.8153153153153,779.8693693693693,-2.0292818410516027,detected,1756.211799513899,827.3058509115951,26.979177824993712,-15.03714059366257,30.886754982454974,32.8389425350646,-21.527317347815256,39.26603543795608,40.834586634348874,37.89252214922228,243.75779800011304,-19.90007979559428,4.788275544134313,38.97299008708811
1532,25.558866666666667,1757.0561845474292,826.2092662031138,13734.5,1734.6985645933014,778.8229665071771,-2.0116436974316576,detected,1756.7381980036837,827.018123748982,26.614575866804444,-15.316028356743118,30.706943403641606,32.37222222184563,-21.397644389423665,38.80489604414358,40.85058145386377,37.18286195826592,242.84694455439717,-20.732053909729025,4.265742627459769,38.56972124391182
1533,25.57555,1757.3155465288037,826.2701624815362,13540.0,1736.1622807017543,778.0657894736842,-1.984318042364449,detected,1757.2378154307307,826.7302699520674,26.5015638091063,-10.994553636990076,28.691690330212065,31.90725229179418,-21.178844582088836,38.29642550740837,40.899076156701746,36.52483840738882,242.12236012202422,-20.061753547138625,3.801652232817622,38.10726501528536
1534,25.592233333333333,1757.7271436683702,826.4871737895958,13501.0,1730.979797979798,781.2272727272727,-2.104551332323269,detected,1757.7538080303161,826.4210660713176,27.175712144976387,-7.011055320792366,28.065534509391195,31.40888169375706,-20.906195721600326,37.730450153719175,40.98669161527481,35.929254233353134,241.16419857097625,-19.724276218874756,3.1654025663864225,37.59743469167812
1535,25.608916666666666,1758.1209305755262,826.4862293994028,13561.5,1729.9684210526316,781.4157894736842,-2.1291320942181167,detected,1758.257523317398,826.1496465074903,28.118231978462973,-5.9414502589156655,28.73909881631341,30.944830864302666,-20.671839669931224,37.21434552104391,41.01191837400727,35.40577029550512,240.30753422577243,-19.324215924842477,2.629208074688636,37.121352042451704
1536,25.6256,1758.7101279421818,825.8388758667838,13652.0,1735.2237442922374,778.1004566210046,-2.028007985586839,detected,1758.7275564133324,825.881658413126,28.674946366227232,-4.828429289576434,29.078622362664433,30.53988345151025,-20.649585427152093,36.86583593986554,40.93385953196747,34.962667310055174,239.45012245988147,-19.266756346948878,2.2600910124434375,36.79649233501142
1537,25.64228333333333,1758.988907765795,826.4559019057468,13538.0,1732.668449197861,779.2994652406417,-2.0798767054368312,detected,1759.1657127672142,825.6211324703912,29.60733708887892,-9.86069086514135,31.206211462341717,30.168643149520896,-20.718964475135184,36.598121787942176,40.90253146905085,34.60663273379249,238.78832491478295,-18.11604860900134,2.0866443555345757,36.53858828332813
1538,25.658966666666668,1759.4617535819443,826.4090377105124,13528.5,1732.7339901477833,779.4729064039409,-2.088449365277401,detected,1759.5854434570392,825.3293690208152,27.32630902416986,-14.962213175443594,31.154373497020366,29.79729980760389,-20.970028705625566,36.43653633015892,40.877156593730334,34.34258711324052,238.37815750083922,-17.052747195430452,2.2335089423265444,36.36801640925084
1539,25.67565,1760.3222838785043,825.625,13696.0,1732.4778325123152,779.5320197044335,-2.1142200256226973,detected,1759.9861023049702,825.0334212652464,25.611476868445607,-20.086482685953342,32.548648728880096,29.377403938986305,-21.114286396150902,36.17796224517145,40.806470812915656,34.173563666846654,238.04934918778355,-15.401930160377638,2.3693723651186414,36.100291228859405
1540,25.69233333333333,1760.8927447848605,825.5314723391898,13774.0,1731.253807106599,779.6649746192893,-2.1444956593499054,detected,1760.386587706248,824.718366272315,23.360682029480813,-22.30305987815791,32.29780092841005,29.168756062696236,-21.36568547059751,36.15672614982695,40.68569916306885,34.100651850285644,237.7714068035366,-14.58737629061892,2.518159206409978,36.068930121154864
1541,25.709016666666667,1761.062006145742,824.8073724514682,13668.0,1732.9595959595958,778.8030303030303,-2.1191660076128547,detected,1760.7758567915523,824.3946373809237,23.13143393834889,-26.99128605717715,35.54704993476343,29.00187519583359,-21.70885931828595,36.22683173803415,40.4780231747025,34.12301032286354,237.58652874439508,-12.876634755350398,2.780921956878391,36.119936473443445
1542,25.7257,1760.9351002129065,824.3634461493282,13621.0,1734.8849557522124,777.6460176991151,-2.0794640073160355,detected,1761.1809641746802,824.0474943802435,21.630734195643527,-29.606786041867053,36.666748445580446,28.81084394645962,-21.939711372421357,36.213473514872945,40.26367702149491,34.23794793424325,237.13717050475367,-11.806469685209466,2.7951270858246637,36.105441814032595
1543,25.742383333333333,1761.4671828773878,823.6098104386574,13689.5,1736.0088105726873,776.9339207048458,-2.0701231695363744,detected,1761.5581131144863,823.7008577420472,19.78882037956737,-28.689709035942087,34.85250086553041,28.78759675436807,-22.231125034547993,36.37236103408479,40.03394912155421,34.44106445176479,236.99148272202353,-11.522349462308826,2.960352396509645,36.25168907626635
1544,25.759066666666666,1761.7758342500915,823.6193008189707,13635.0,1732.490291262136,778.6165048543689,-2.1476981940296933,detected,1761.9448499526334,823.336548710812,21.53756116929617,-28.781114892311052,35.94744936105458,28.830601947030623,-22.485282570667852,36.562159959593544,39.88477778214047,34.72643722999155,236.97207640434004,-10.442010957720857,3.137720705943753,36.42727343189986
1545,25.77575,1762.4589560399504,823.0932298121552,13717.0,1735.935960591133,776.4827586206897,-2.088136292835593,detected,1762.3517881698647,822.9439197331365,23.85955272544834,-27.477697122371865,36.3909617268801,28.889498003704215,-22.658382478160213,36.71519292381054,39.734349618119005,35.0868369935821,236.12798724431664,-6.198804342453809,2.711645201574548,36.614920070012516
1546,25.79243333333333,1762.72950719089,822.1542359986256,13582.0,1734.464864864865,777.5027027027027,-2.1351313237452927,detected,1762.768575267334,822.5537453205353,25.638822498984155,-24.077342322030745,35.17197225670845,29.09559044859472,-22.91670383377248,37.03685594319797,39.64770166392653,35.513955757205984,236.04317588632546,-4.860944068219385,2.756593729240098,36.93412905659361
1547,25.809116666666668,1762.9882108697263,822.021428041818,13487.0,1735.7703349282297,776.4401913875598,-2.1091020860133707,detected,1763.1919163407226,822.1404015600452,24.36768118630971,-22.479230365276635,33.152672354017064,29.30127852507045,-23.119517764498223,37.32394706976613,39.509837281453315,35.99863228559103,236.14480754447226,-3.0319781266086676,2.875941871752758,37.21298138038664
1548,25.8258,1763.692724534637,821.6521996741224,13502.0,1728.7932960893854,779.8826815642458,-2.2668259730546265,detected,1763.6189688218706,821.7519394259307,24.69366474339222,-23.394807365551515,34.01608575557034,29.540533336411848,-23.360982549192837,37.661367679139744,39.3995331812123,36.53106451752721,236.48894940764526,-2.5091888525226556,3.1686413179875785,37.527834039034204
1549,25.84248333333333,1763.9657147134783,821.1249641302043,13358.5,1720.644171779141,783.8282208588957,-2.430788249794209,detected,1764.0644190648177,821.3322642399608,25.04037221031831,-24.928352404244833,35.333312808474396,29.797471959326447,-23.418097434046008,37.89850422638495,39.31535285459217,37.10100295855486,236.4635910575957,-1.7071275465383784,3.057688887532098,37.77495415304141
1550,25.859166666666667,1764.3865642326148,821.4532209542278,13407.0,1728.2849162011173,779.8547486033519,-2.285568065204852,detected,1764.5184388900534,820.9247322880339,25.74731423641788,-23.487006680154536,34.85059071497169,30.128251827210256,-23.61343555754628,38.27931421791917,39.23382250320046,37.697923232600346,236.28099734704182,-0.4199195247401344,2.916143794800149,38.168075696349135
1551,25.87585,1764.6129700326871,820.7185792349727,13359.0,1726.428571428571,779.8690476190476,-2.322485885660033,detected,1764.9982426255244,820.4922018142248,27.79790153725662,-25.194918780345233,37.516759751119324,30.450307734062736,-23.822704477849012,38.66189971713817,39.133341727682094,38.311179161299975,236.20794981368837,-0.19744634819617382,2.8622744155244817,38.555802091362104
1552,25.892533333333333,1765.267015055369,820.1203558541745,13395.0,1728.085561497326,779.0374331550802,-2.3063858491750358,detected,1765.4936647621266,820.0386024928487,28.420378117060864,-27.5041339032382,39.549908648237974,30.779404559477996,-24.017181470197784,39.04096247287491,39.03403751462364,38.93013969275521,236.37612535052054,0.2652786497702011,2.955137114981639,38.928959855615005
1553,25.909216666666666,1765.8363450476086,819.0814825764014,13530.5,1735.1117021276596,775.1542553191489,-2.181149152129564,detected,1766.0121039914934,819.595254525747,30.907158847281607,-27.55306009437072,41.40559851729114,31.111985195775404,-24.19387197934763,39.411915256368985,38.991205337552245,39.54431381400147,236.64381620102694,0.39594350935686595,3.1017008606969583,39.28967441893559
1554,25.9259,1766.0877192982457,819.349083932132,13290.5,1734.8926553672316,775.180790960452,-2.185722850259518,detected,1766.53673240318,819.1539610067002,29.762564915892654,-25.357175172893676,39.09982868404336,31.49764724895484,-24.411452942541565,39.84997888312507,39.009211952997724,40.14346751061493,237.0552326859525,0.46206023624636533,3.356599007257188,39.70836259643545
1555,25.94258333333333,1766.9929687403965,818.7986871704097,13558.5,1736.3785046728972,773.5841121495328,-2.1659823446564674,detected,1767.0758977541188,818.6871718064341,28.867016618156413,-22.52828755190876,36.61732361129641,31.758766087611846,-24.48561921436021,40.10192977548949,39.08151076730056,40.71773619204405,237.17624972568336,0.8030078361473578,3.3612451518792845,39.96081584186262
1556,25.959266666666668,1767.3780694639038,817.9753336774575,13561.0,1740.0507614213195,771.7005076142132,-2.104233666066007,detected,1767.6232679905472,818.2333013457757,29.01138616395292,-23.543676344117557,37.36261798844615,31.98445011991991,-24.61788964142886,40.3614362959399,39.213513309075,41.257735042617384,237.31414644543128,1.845748841266864,3.44685899956772,40.21398640906313
1557,25.97595,1768.0614346114949,817.9909834167977,13678.5,1741.984771573604,770.2893401015228,-2.071072957091724,detected,1768.185599711991,817.7607872089177,31.283707244334437,-26.46226076287485,40.974645619353545,32.30142454520451,-24.881205847104013,40.773231807835685,39.301047373599374,41.7546686459827,237.46743566292315,3.3929536073903988,3.6059711385078224,40.61346333672803
1558,25.99263333333333,1767.9036219893362,818.2964883250597,13597.5,1744.2566844919786,768.9946524064171,-2.0180204562287227,detected,1768.7530841755,817.3036732705234,33.744163251436476,-32.27201658252079,46.69209363309909,32.57495977841631,-25.140299544139022,41.148057861027624,39.34149142889543,42.20044005937436,237.9114477334034,4.269096432548059,3.99479415191864,40.953684637872
1559,26.009316666666667,1768.4243606415257,817.3374574277045,13457.5,1744.1181818181817,769.1409090909091,-2.037888924700937,detected,1769.3415383814101,816.8307349790055,34.11107560658547,-32.87632588400993,47.37529190062908,32.76042154799835,-25.170421281621387,41.31337952161326,39.4114832660457,42.587758388264795,238.0477092317826,4.745026609798643,4.0195884977531335,41.117371460315695
1560,26.026,1769.4110421942478,816.26478756071,13623.5,1744.8010204081634,769.4030612244898,-2.054370715553642,detected,1769.9240830753595,816.3770073184205,37.90848137810735,-33.86965452338336,50.83509081262327,32.97774929735917,-25.18173625154741,41.49279201695121,39.414117854066724,42.91024297133305,238.04249364086334,5.598318186224229,3.9104162420096635,41.30811583909628
1561,26.042683333333333,1770.3255243603353,815.4228436863233,13659.5,1746.428571428571,768.2346938775511,-2.0395655566623043,detected,1770.5180878332615,815.8906020630502,41.18956541544503,-37.33674497445281,55.59328038891529,33.203567451662465,-25.104996756671127,41.62616669439509,39.3800611067756,43.16252165051734,238.83900144117877,4.258980018640905,4.301756592828767,41.403292669612895
1562,26.059366666666666,1770.9255700087697,814.8235408749878,13684.0,1743.820276497696,769.073732718894,-2.105659122449074,detected,1771.125858908145,815.4224380936362,42.44370997885562,-35.441603865084744,55.29535063003759,33.324629438926,-24.77790108102139,41.52680229951031,39.29253309851043,43.34032031532258,239.01539103347275,5.0604031967725,4.086454702986465,41.325248906486394
1563,26.07605,1771.3597486129522,814.7272180488044,13578.0,1745.409090909091,768.5050505050505,-2.082375001097249,detected,1771.7308972713413,814.9904343247708,43.67847563192936,-30.695144928050922,53.38540208411938,33.47145640368851,-24.459012525547255,41.455779904723755,39.28372359696406,43.440540951547625,239.6934081462732,3.205315486907368,4.22578362464828,41.23984044909185
1564,26.09273333333333,1772.4046759748703,814.1623953434678,13715.5,1743.6486486486488,768.7162162162163,-2.134948606374996,detected,1772.360931762877,814.5536305467805,43.18112123309129,-25.892296177664775,50.34898442172237,33.62959307954218,-24.172825496488702,41.415878877301225,39.25559106576476,43.461325736020136,240.16173520315175,1.673482352320072,4.235797325500421,41.19870197222929
1565,26.109416666666668,1773.147017235915,813.4134547404861,13673.0,1746.481012658228,767.662447257384,-2.0985105648643314,detected,1773.0034302423946,814.1489952422755,41.894933032016525,-20.93214997518453,46.833111324582816,33.77571884273211,-23.8970835555709,41.37474816606412,39.296373216309846,43.40210520932198,240.41200816093067,0.4644094615875755,4.10378010228257,41.17072715750034
1566,26.1261,1773.227805633837,813.5953226219668,13661.5,1748.774193548387,766.1505376344086,-2.0466973880976767,detected,1773.659641349896,813.7577220272374,42.76679947650882,-20.164493915141975,47.28219487627148,33.76829536022706,-23.739557466217843,41.277891906290364,39.30870966233264,43.263629094739954,240.67102175648827,-0.5307830542086842,4.156157114695539,41.06812289678403
1567,26.14278333333333,1774.7118145899583,812.8280692878482,13836.0,1744.3287671232877,768.6438356164383,-2.17318182206846,detected,1774.2893270748964,813.3704628513788,42.633396906006055,-18.870704996017594,46.623063378458625,33.69093565541853,-23.582549885228058,41.12439427428471,39.258206724511034,43.04797878042177,240.66751042722947,0.4638742390596083,4.054659113705725,40.92402159977028
1568,26.159466666666667,1775.329475948424,812.6738647151424,13869.5,1745.6261682242991,768.1542056074766,-2.159164824349153,detected,1774.925926049143,812.9760201041419,41.398697389598965,-19.563552266484294,45.78847805768446,33.564278220070506,-23.47033409893593,40.95628590521819,39.2978637199068,42.75856077076582,240.93846132392065,0.3979398957317148,4.211578188099104,40.73916990214088
1569,26.17615,1775.6249969778294,812.8881675974952,13787.0,1767.951724137931,757.4827586206897,-1.7084141371152572,detected,1775.5446226635736,812.5886332058152,40.711619578015416,-16.806030239494703,44.04405318627997,33.43738759030905,-23.23729639038267,40.71892474512368,39.2618965419709,42.400080550545916,241.205987098866,-1.0883447868129619,4.258645324819195,40.49561423656198
1570,26.192833333333333,1776.5754366812228,812.047270742358,13740.0,1751.859813084112,765.4439252336449,-2.0584203967513144,detected,1776.1689098461418,812.2153830119913,41.15408548475534,-19.77682310281307,45.65940740008033,33.30720795948616,-23.072616432791857,40.51809140508959,39.18243608332089,41.97849634156601,241.19606005054533,-0.23079358362415534,4.170046672596975,40.3029334150699
1571,26.209516666666666,1777.1362888783306,812.0841709001863,13680.5,1751.9444444444443,765.489898989899,-2.0664435220798936,detected,1776.7879036631653,811.8329940836984,37.18343729544176,-19.58611555494872,42.026467037283226,33.09592678251478,-23.00392746748023,40.305347641754324,39.12139720848507,41.50095220881587,241.3592813077547,-0.9960364299714118,4.325828537009961,40.072537428905854
1572,26.2262,1777.8706455041793,811.0225757356138,13798.0,1746.4128440366972,767.9633027522935,-2.2017456517152576,detected,1777.3878011800712,811.4806400862121,36.44177586427486,-20.472821771733834,41.79879734441201,32.85538228603188,-22.9954733934129,40.10321610230853,39.1787051598836,40.975689911249425,241.61832418166864,-1.9021940195222566,4.613860911600668,39.83692042862829
1573,26.24288333333333,1778.3292529932644,811.6658993191313,13683.5,1752.448717948718,764.8205128205128,-2.0755316945074185,detected,1778.00290811653,811.112114107209,35.042639048725505,-21.992574858115404,41.37221169322558,32.54299468132347,-22.887396394894314,39.785417134493755,39.302972010618554,40.411938806637174,241.17678883254885,-2.2231932780189574,4.362651124735649,39.54550153594605
1574,26.259566666666668,1779.1651392697358,810.5444388319622,13858.0,1757.659090909091,762.2443181818182,-1.989700386367636,detected,1778.5991166076324,810.7390589125736,33.44854974326881,-22.173997078781213,40.13093104299632,32.18638787413436,-22.776209220975364,39.429928618523604,39.430104579511564,39.819783036275446,240.30994371448662,-3.5610898549614562,3.8439187797393597,39.24211461270447
1575,26.27625,1779.464301373867,810.3910162720451,13684.0,1754.0064935064936,764.0064935064935,-2.07275060059056,detected,1779.1835175772871,810.4069746189612,31.38955616596195,-20.98876455520349,37.76019695194724,31.786186756466506,-22.62028384007165,39.013317079202245,39.53108961068458,39.210005184475705,239.63436276147877,-3.6076574232865948,3.4487272783410745,38.86058658437877
1576,26.29293333333333,1779.9764688580042,810.2793832879868,13599.0,1752.1055555555556,765.1388888888889,-2.1239305957337185,detected,1779.734904896577,810.0902284900304,29.16546847761856,-20.381586836022052,35.581366380076936,31.381594457269884,-22.619485493649236,38.6839190708227,39.57716124289376,38.59390572079075,239.50003629942157,-7.362901739095966,3.562269621420393,38.519551267145694
1577,26.309616666666667,1780.356022347459,809.6765473663665,13663.0,1750.2666666666669,765.6666666666666,-2.1704956285830503,detected,1780.2772070669332,809.7814833302959,29.0926333609832,-24.137475491552777,37.80210363170155,30.98322219878769,-22.721151499753518,38.42148856166562,39.562881080918075,37.983097917737254,238.64987692647597,-7.8180671489556,3.2844251401669062,38.28084814620545
1578,26.3263,1781.1944707510745,808.9942570602948,13727.0,1749.065,766.46,-2.2177309098025244,detected,1780.8027187070002,809.4396723718664,28.674794080252468,-24.7642451779584,37.888146626338404,30.606909932700937,-22.87418651159819,38.21009479438448,39.48806433000096,37.38927874255435,238.3498333684028,-9.027808142124796,3.4116505302102524,38.05748263949632
1579,26.342983333333333,1781.282447154771,809.4139061866687,13569.5,1753.559829059829,764.0683760683761,-2.1195297287375907,detected,1781.3071315518957,809.0872697902483,27.952001987409858,-24.312832713008447,37.04629873057359,30.1744542018054,-22.780608162984276,37.80811810514082,39.401324607197594,36.82397761032713,237.63938261469463,-8.400038452434783,3.091923876340804,37.681478227309384
1580,26.359666666666666,1781.716819684172,808.5647814910026,13615.0,1756.077868852459,762.2377049180328,-2.0762717121185754,detected,1781.8058571106187,808.7475619337679,28.31532897517809,-24.364506350091233,37.354879529402794,29.80824358634108,-22.783903524570103,37.518497378220815,39.31908290826078,36.298286999463045,236.97631477114095,-7.584964099545401,2.857992002996056,37.40948445555449
1581,26.37635,1782.4823580977427,807.9200696422919,13689.0,1758.834745762712,760.8813559322034,-2.036622831250488,detected,1782.2900850481687,808.3624534495609,28.895857294642155,-19.742272561519712,34.99611256533586,29.399065799106275,-22.68521269962704,37.13386520532841,39.349894047853276,35.822581794856966,236.34599874613002,-5.657972290124712,2.590888730468997,37.04336972622535
1582,26.39303333333333,1782.9756895063754,807.123351444651,13711.5,1754.6858974358977,763.4807692307693,-2.1459159430255688,detected,1782.7604942472285,808.0211746545091,27.223412647499572,-14.133162413847458,30.673449039718864,29.03346001917099,-22.667414699760457,36.834134846032654,39.43427379961585,35.40623762642919,235.8828321766435,-3.637534232358972,2.481685559833757,36.750438455041994
1583,26.409716666666668,1783.016126271518,807.6593554381847,13632.0,1757.4835164835165,761.3846153846154,-2.0749907620255046,detected,1783.2046544469906,807.7095968869946,28.613157417018556,-13.161714237752221,31.49513452975449,28.507620679286397,-22.56767213726442,36.359101508276275,39.53055464244658,35.0573618873091,235.69255123641648,-1.6667824304537215,2.573613614068641,36.267902826805674
1584,26.4264,1783.8767219635236,807.0039653667054,13744.0,1761.641148325359,758.8373205741627,-2.003286501263817,detected,1783.6247288085046,807.3834715051973,27.44851716518042,-8.941560761637902,28.868193629343466,27.99871829881907,-22.547563547065067,35.94886435321098,39.653415799477166,34.78255373906338,235.5275078192427,0.21067437869938926,2.740598148345068,35.844245982791314
1585,26.44308333333333,1784.393972443378,807.4663903733594,13753.5,1744.9367088607596,768.626582278481,-2.3640803877763186,detected,1784.021216407452,807.0725123152934,25.76607862961373,-9.349257540595772,27.40984174539912,27.662455110096285,-22.82435517191935,35.863109342777484,39.75986533523864,34.586710307096276,235.2246254662346,2.8935070457099776,2.970223872018451,35.73989901891309
1586,26.459766666666667,1784.4600994292027,807.7636531025594,13577.5,1758.678391959799,760.427135678392,-2.0695207100895727,detected,1784.4274804287454,806.7351342119116,23.06690827754028,-13.873027227098646,26.917339057348826,27.334431406015742,-23.161508554503495,35.827735329078756,39.72636099701523,34.47289466074665,235.15173968671837,5.1502126473156915,3.3888823213607484,35.66710102352708
1587,26.47645,1785.204371862952,806.977716350234,13747.0,1744.5316455696202,767.8860759493671,-2.376013852295584,detected,1784.808637877775,806.3720396619151,22.389483541456684,-21.037961136030845,30.722707921247828,27.102469579246563,-23.498380157853877,35.87084787591459,39.70617376966402,34.44227676307769,234.96837708725144,7.181019718803519,3.6837154800637784,35.681199077370486
1588,26.493133333333333,1785.457641145472,806.7620090790706,13694.5,1747.720207253886,766.4093264248704,-2.322716864717206,detected,1785.1775318714645,806.0099821460951,19.238185176096522,-24.524901124353164,31.170154700114644,26.86141756464475,-23.812242292778976,35.896498946167675,39.65511430608002,34.49415178342571,235.01587937956293,8.781879588778883,4.108654190335715,35.66058885291231
1589,26.509816666666666,1785.8288948313125,806.0023199873011,13649.5,1751.102678571429,763.9866071428571,-2.261491486343697,detected,1785.5513449531786,805.6294913241017,19.78745351125508,-28.01215741560418,34.29612630511891,26.72073942356721,-24.14723045542421,36.01508925449922,39.60003585820183,34.62603214716303,235.12752526230622,9.330846518344776,4.533400345062024,35.72862907138947
1590,26.5265,1785.645553209616,805.1375461471027,13498.5,1750.9924242424242,763.7045454545455,-2.267321364045852,detected,1785.9186530343982,805.2264558036172,20.8895862802201,-29.505232163266555,36.15153578988061,26.66555849763652,-24.548564826481968,36.24477955555617,39.61749383830024,34.83380207027927,235.11211156808548,11.313303957900539,4.884554116167253,35.914136159973225
1591,26.54318333333333,1786.3256300731384,804.7768610127414,13695.5,1760.3037037037036,757.9777777777778,-2.0782610939031256,detected,1786.2583839805436,804.8250559093101,20.022000875029335,-27.716772730138928,34.19210449232174,26.606073075971178,-24.85118581126138,36.406930119824125,39.59385139360627,35.11191766681994,235.42238972737783,12.893963142111833,5.361894833628405,36.009924250723806
1592,26.559866666666668,1786.4934817635858,804.4406523118988,13654.0,1754.2237762237762,761.3916083916084,-2.2140435015500053,detected,1786.6321275078958,804.3924342510782,21.878118770127912,-29.584979119871605,36.795693639922895,26.675541626638957,-25.17090356406146,36.67640804803314,39.57322840408968,35.453633055876686,235.78420964300915,12.095266667029119,5.814507094596548,36.212572603347525
1593,26.57655,1787.2131437644691,804.4551349647891,13750.5,1749.8181818181818,763.2792207792209,-2.308110034763038,detected,1786.9988226663552,803.9524714923431,21.21344938411221,-26.806859779316255,34.18505764219528,26.8399123684346,-25.43838470484648,36.9796202297565,39.5378083553801,35.85123344856309,236.16292835606578,11.261383254020236,6.1843886699127975,36.458821279855854
1594,26.59323333333333,1787.5390405778005,803.7389405363199,13661.0,1760.3157894736842,756.9941520467836,-2.098159523150687,detected,1787.370375346985,803.5184629615444,21.440814533902994,-24.420737710674985,32.497399253029606,26.947052751475024,-25.58892390339675,37.16095637257749,39.477011438988825,36.296259407286826,237.17013990484014,15.476193493588848,6.892725440482897,36.5161199270504
1595,26.609916666666667,1787.7497264131223,803.2567044155078,13554.5,1753.5602409638554,760.2590361445783,-2.24257137334771,detected,1787.7512643275325,803.0565550160575,19.155939593024414,-25.858675075344763,32.18106738975351,27.178333567549643,-25.764674560136594,37.449703212425405,39.3744975499763,36.779711289354495,237.849477024488,15.79199863546794,7.3509151840212255,36.72116987047215
1596,26.6266,1788.3234000494194,802.1973066468989,13490.0,1752.4603174603176,761.3174603174604,-2.2909163477685213,detected,1788.1424763310192,802.6073602009097,20.05299490370544,-29.850524233889246,35.9607619725451,27.42685242738137,-25.899538916117148,37.72291545123232,39.35675924185103,37.292228139651236,238.56951837837138,15.814312814097729,7.7972835356032295,36.90827440569706
1597,26.643283333333333,1788.1557428449596,802.4345824867685,13289.0,1762.7257142857145,755.1942857142857,-2.064621924733721,detected,1788.5527393142718,802.1280475753113,20.09555071253635,-34.70724442843766,40.10516144158302,27.707874121426418,-26.118244595023945,38.077407856290705,39.29265240841994,37.82424000235374,239.12054566285286,14.172184535076381,8.195347398778082,37.18501405227179
1598,26.659966666666666,1788.5894330283486,802.2042397880106,13334.0,1765.8235294117646,753.2780748663101,-2.006310029500202,detected,1788.974135243598,801.6617854227818,22.54646687741206,-34.91595476380098,41.56280868423158,27.980665238555236,-26.106257191190625,38.26818903116119,39.243191771612665,38.366096188446456,239.7654124344421,14.05782647376117,8.465620182088752,37.32006922096069
1599,26.67665,1788.8800558933494,801.3787152082782,13239.5,1767.1675675675676,752.172972972973,-1.9863577031455384,detected,1789.416073627234,801.192061614727,24.766999602421492,-31.153567508370088,39.79885724245005,28.318900359414265,-26.308345312511253,38.653449401686856,39.17730591315733,38.908174292820846,240.55639490305225,14.791009084129644,8.989731251130076,37.59353511817187
1600,26.69333333333333,1789.634864326612,800.2507468259896,13390.0,1749.8356164383565,762.027397260274,-2.3763897172961244,detected,1789.8636826637464,800.7174233062464,26.75175876781941,-29.433585159354607,39.77426972936879,28.639185533204998,-26.441874085886425,38.979169477801996,39.141198308290925,39.44097582293784,241.2986460300636,14.40341756572936,9.439284868339552,37.81898404708337
1601,26.710016666666668,1790.038519562744,799.3230449621606,13478.0,1767.9052132701422,751.345971563981,-2.0030329744376894,detected,1790.33362098585,800.238820317512,29.110343697932876,-25.72789208425229,38.85018071142928,28.918105821491487,-26.482293496263683,39.211844041376445,39.1465232939961,39.955214412088175,241.90683801813043,13.695477688752916,9.744504179255129,37.98175024173727
1602,26.7267,1790.6278942932222,799.1887054390401,13446.0,1758.642857142857,756.2087912087912,-2.2105658805195967,detected,1790.8044031981244,799.7541861648867,29.488391758498437,-23.552292418336492,37.73957772235282,29.218721277669687,-26.561574546851602,39.487351335713846,39.09706155728332,40.44190197423052,242.47133431030375,12.179070787946504,10.049596171312317,38.187125216539236
1603,26.74338333333333,1791.016557395266,799.7611092590535,13498.5,1769.103448275862,750.3940886699507,-1.988550503878114,detected,1791.3080576274174,799.253924984197,28.056842373162,-20.671404892013015,34.84958226667858,29.525876889130988,-26.664567763676736,39.78412472451578,38.929421458787004,40.892437023770775,242.82718940171304,10.539445074490038,10.237930703887402,38.44426296599049
1604,26.760066666666667,1791.5635769131857,798.8583342518094,13609.5,1770.1967213114754,749.4043715846994,-1.9786278194213125,detected,1791.8125336838816,798.7823526581495,26.48327954226079,-18.988938388466067,32.58748036339246,29.766005550427945,-26.667846062815403,39.96484830520599,38.724148405921134,41.298697927187206,243.34101427394796,9.543164513334533,10.477469094518675,38.56697734372675
1605,26.77675,1791.893497484,799.5799135277737,13646.0,1773.967320261438,747.6078431372549,-1.9029378812066124,detected,1792.3242675689075,798.2922278288898,29.08819112776746,-25.786388008560607,38.872363828478036,30.002998493821043,-26.713732271214433,40.17217209061954,38.510091971815825,41.65314223893027,243.7523391305988,9.716822796764554,10.690412313288476,38.72361676096696
1606,26.793433333333333,1792.4999635009854,798.2460641896002,13699.0,1774.1241379310345,747.4620689655172,-1.9179823666103275,detected,1792.8580143538375,797.7915085050661,29.549942804136663,-34.08292281487411,45.1092534557203,30.267384340063806,-26.789813267855095,40.42039893068455,38.3160702246149,41.94891163295797,244.27539919353228,10.093447231282724,10.997259550732677,38.89561584664143
1607,26.810116666666666,1792.591053722066,797.663361452321,13514.0,1771.5263157894738,748.1140350877192,-1.972774222616153,detected,1793.4177277750516,797.2486456427536,32.62718950170165,-39.72958204322367,51.409854931804574,30.45614569883685,-26.787461068538803,40.560385616106515,38.21726214848814,42.179940412164385,244.5620953775151,9.749470695075939,11.108543326595386,39.009551990357615
1608,26.8268,1793.1926414139543,797.2601424322089,13503.5,1772.734463276836,747.5593220338983,-1.9612852529404432,detected,1793.9733374232878,796.7329667127842,34.77063305716911,-40.52260207731115,53.39548859512761,30.56521565500983,-26.6230750394147,40.53418967478645,38.08653396445876,42.3410643402354,245.00482605666468,9.824400372678856,11.214562897979482,38.95194618499602
1609,26.84348333333333,1794.372941520896,795.5183585840103,13663.0,1779.8533333333332,743.9333333333334,-1.845167120955796,detected,1794.5443602278333,796.225275969245,37.09863343629149,-42.01689223977701,56.05111806493568,30.743942275521594,-26.550075406137477,40.62137972437901,37.99277859427677,42.428125767555684,245.6239623462887,10.353610929566155,11.49455653226725,38.961155794440984
1610,26.860166666666668,1794.5165654707146,795.1197424103036,13587.5,1777.3085106382978,745.1648936170213,-1.9025381074322747,detected,1795.1241971954948,795.7428791779763,39.23371676384977,-37.033594730933146,53.95156781596792,30.930633246116177,-26.307886626651133,40.6055288324937,37.93374416939349,42.43807078658828,245.7238482126612,6.921557970993049,11.264933166769083,39.01166815857408
1611,26.87685,1795.553886818193,794.8999732027577,13683.0,1780.5093167701864,743.3664596273292,-1.8548401059559432,detected,1795.702581178207,795.2919638286724,42.38878068334907,-33.94631168659316,54.306176489828474,31.03169331022354,-25.942689927128125,40.447362711985164,37.9224603217126,42.36903438605972,246.0642633953753,7.010530554423295,11.121724134419098,38.88825533027636
1612,26.89353333333333,1796.065871601886,794.3269097916591,13751.5,1778.0281690140846,744.7535211267606,-1.9197635765815464,detected,1796.295325040144,794.8303995414112,41.61793855685937,-29.275870248808587,50.88348836850317,31.168191928864125,-25.55970055780573,40.3082433345737,37.84504262266597,42.22041012455802,245.8478001798461,4.243628386011446,10.569412243488085,38.897840628322925
1613,26.910216666666667,1796.6906111474457,793.9213356587458,13761.0,1775.6100628930817,745.748427672956,-1.9832921583260663,detected,1796.8936382504428,794.3780008182989,41.67619586601268,-23.100445569098156,47.650140475691344,31.233324429968267,-25.076261106968403,40.0542060968946,37.70600471119845,41.9929015486655,245.74448415597323,1.177670927441422,10.031734838095646,38.77761883084941
1614,26.9269,1797.5116914520613,793.4061298512877,13785.0,1783.08,742.0,-1.844489919693407,detected,1797.5101516171305,793.9541802278862,42.31389841124019,-21.993908848251067,47.6885523494049,31.183681965107336,-24.75638169195883,39.815831717784256,37.52757785960732,41.68855330293435,245.59175656917398,-1.186208119753439,9.657557813893307,38.626830473781084
1615,26.943583333333333,1798.4134078212292,793.0555175106626,13872.5,1779.4426229508197,743.3879781420765,-1.935650894739064,detected,1798.106750186138,793.5248933224196,41.425931647826474,-20.28026825435836,46.12371508626691,31.015714436543817,-24.48775592922628,39.517397845235074,37.36404122033157,41.31076052015502,245.3806955122687,-3.9097957614867407,9.34096910985254,38.39753935537237
1616,26.960266666666666,1798.7954471544715,792.8824450466727,13837.5,1772.943820224719,746.814606741573,-2.0821705631040586,detected,1798.7039066604566,793.1193298775362,41.443445812208665,-19.05109763105247,45.612536892145876,30.878397081456914,-24.273034927626483,39.27665503728522,37.313870860940305,40.8642555852571,245.46826930400397,-5.2420749123368235,9.261322251095564,38.16914383476874
1617,26.97695,1799.802043238965,792.5678621533149,13899.5,1772.8776978417266,746.2302158273382,-2.097163131951391,detected,1799.289961083058,792.6999848549543,39.91997497078137,-18.629364329593045,44.052895670915035,30.671504377630495,-23.913624592915493,38.89219230074205,37.27412516077766,40.355071731324905,245.45555153092627,-8.865640761332685,9.011859001224055,37.8337021622251
1618,26.99363333333333,1800.1240248768738,792.3035314136439,13908.5,1779.6346153846157,742.8846153846154,-1.9638308532768236,detected,1799.8694656344321,792.3101370050465,37.45247635579926,-16.841810816831185,41.06500428310747,30.538256775966563,-23.496428382963966,38.531380375878335,37.341159308978625,39.79048318327288,245.22803164711985,-13.883860901795803,8.53857671226743,37.573394595103416
1619,27.010316666666668,1801.0004666523082,792.1500227343432,13929.0,1775.0484848484848,744.9454545454546,-2.0734682459945417,detected,1800.4507185446478,791.9426766710807,35.61110894381727,-19.57426502985163,40.63622683846637,30.319898539697988,-23.211169866223898,38.18448184821002,37.510324100654735,39.17892174140485,245.05103220701665,-16.224593424416295,8.25593014637893,37.28128580714984
1620,27.027,1801.5513870921372,791.5610655934071,13914.0,1774.5681818181818,745.4909090909091,-2.10063337945269,detected,1801.018793927845,791.5920553154107,34.95905102512825,-21.72066450542752,41.15728993914516,30.040537814147605,-22.978032028729313,37.82094483320773,37.75279993124394,38.529869797010626,244.36990707204126,-19.059861567850845,7.722803656592957,37.02407556925975
1621,27.04368333333333,1802.0251492976704,791.2406065630895,13870.5,1772.2122641509434,746.5424528301887,-2.1590175341164635,detected,1801.5736531015448,791.2305501730083,31.759162950957034,-22.040025126622368,38.65756250628831,29.807083510535946,-22.852045424806303,37.5589963590812,37.99206762288847,37.853729796015365,243.53945446543696,-22.640709850358526,7.176613890539548,36.86698279718031
1622,27.060366666666667,1802.497801103093,791.3177952717642,13719.0,1774.9944751381215,745.0441988950276,-2.107060862500977,detected,1802.0945098423765,790.9082514660299,31.53618487397216,-22.85750729165693,38.948640489669216,29.492839852099966,-22.695619596042388,37.21449652205279,38.082574057347856,37.161670148759995,242.99390391556864,-24.205120601776773,6.828583792739103,36.582635153518126
1623,27.07705,1803.079937701474,790.179784369831,13804.5,1776.4676616915422,744.363184079602,-2.097011087709269,detected,1802.6016887473263,790.6021452263004,28.868683579153185,-22.986852424900462,36.902523978685,29.16704753453732,-22.527968583659675,36.854118228338024,38.05686080841816,36.465447604611796,242.51309689319578,-25.252772353602364,6.5229998561811495,36.27225528230328
1624,27.093733333333333,1803.64247880069,789.9581237699541,13719.0,1774.58,745.35,-2.1482298098088592,detected,1803.0970900828488,790.3054321342883,27.679117855253935,-23.004631440094272,35.99092431349341,28.769333453636964,-22.506541475981493,36.526962049650805,38.039269272413875,35.77720628245776,242.15746218397504,-26.69559062006956,6.464536969802708,35.95036464825752
1625,27.110416666666666,1803.8346022449973,789.8573328452903,13660.0,1775.256038647343,744.8115942028985,-2.1361511411829786,detected,1803.5777442395429,789.9766888753098,27.138747934717685,-23.41277774419268,35.842290679630224,28.454814490113403,-22.543077059919586,36.30243505601574,37.98465821005661,35.10925401047608,240.9187056158445,-31.04311952869877,5.870627663389046,35.8246077694382
1626,27.1271,1804.58111838378,789.3696283706408,13826.5,1773.7045454545455,745.5181818181818,-2.184280402440001,detected,1804.049481914417,789.6165299319791,26.357779998740625,-23.598817276127193,35.37847853277541,28.09406729723431,-22.594053639831262,36.05229364660593,37.92981967517227,34.4738175460556,240.3260210684906,-32.67520635180951,5.722624131962405,35.59521667619659
1627,27.14378333333333,1804.7616675755924,789.0726898139732,13752.5,1775.6651162790697,744.6139534883721,-2.1503018512866188,detected,1804.5098530696346,789.2518199642564,23.681167207025283,-17.881153375217764,29.67378180001921,27.75284091708548,-22.547890228955023,35.75790168264994,37.94578472156599,33.88277978963286,238.86283145431736,-33.837502586845254,4.948776559372838,35.413798769850445
1628,27.160466666666668,1805.1953797774552,788.4847847121432,13780.0,1774.9954545454543,744.5772727272727,-2.1732925912914,detected,1804.9417164386448,788.9308962178903,21.857504165483988,-15.830265037923255,26.98791914014575,27.46049762285948,-22.405663212086598,35.44139773864064,38.05619155355377,33.3474043773078,237.65124953460844,-32.376427735642494,4.2351326237871625,35.18744556411357
1629,27.17715,1805.717918921209,788.206982121025,13768.5,1779.88,742.09,-2.0814894631716907,detected,1805.3620049807662,788.5928015649191,21.70160610437597,-15.837562559543585,26.866114258242575,27.187210911638086,-22.304332402319435,35.1657174115224,38.28793045905988,32.87805595488467,236.98820424934266,-33.280041419761254,3.8915756265433163,34.94972560993782
1630,27.19383333333333,1806.1071394079868,787.8246173161427,13806.0,1779.430693069307,742.0940594059406,-2.098875466838126,detected,1805.7698983846935,788.30552240138,21.070459053818922,-14.343195941198701,25.489046952490764,26.86933772729082,-22.078491752360083,34.77673227838185,38.486931962489145,32.4839276340179,235.4468486525819,-28.114008114712643,2.944358700143127,34.65186661360593
1631,27.210516666666667,1806.062436579253,788.3515373800354,13632.5,1780.3111111111111,741.4933333333333,-2.0733005296772826,detected,1806.1593770381571,788.0063270735735,21.77051890151597,-13.904285388420249,25.831853309507256,26.62105159728029,-22.04164152799088,34.56174690888051,38.59641803996611,32.17278995307323,234.38007790248082,-24.66860344596632,2.4133620225899914,34.47738437209864
1632,27.2272,1806.4393755887495,788.1148750321136,13623.5,1779.4684210526316,741.3947368421052,-2.094348068542316,detected,1806.5354513888535,787.7128518061106,21.92500092530281,-12.197336265434842,25.089453512315114,26.25809960687495,-22.08324827672987,34.30973111839058,38.55535037416703,31.950777275581583,233.53031891872234,-22.649461296777474,2.150974742450325,34.24223937001784
1633,27.243883333333333,1806.99341729026,787.3606619212751,13697.5,1779.231527093596,741.5714285714286,-2.115833359663164,detected,1806.8921547218074,787.42272298093,21.626724568148347,-11.023639278170776,24.27418049042605,25.956583407166626,-22.14705996639871,34.120909825625375,38.48607361685565,31.822227142106374,232.85409047950446,-20.85478724658176,1.9796272064532339,34.06343440482666
1634,27.260566666666666,1807.4720664287277,787.2130769417535,13729.0,1775.0777202072538,744.1450777202073,-2.215683147239479,detected,1807.2619857953314,787.098834925685,19.863734867972198,-14.370905426109857,24.51715492611833,25.748841588432533,-22.48520918334885,34.184608746702786,38.34740502236233,31.78958512206991,233.027110386783,-20.909928148370213,2.477579524387515,34.09470743187986
1635,27.27725,1807.7814221606045,786.8975154146449,13704.5,1780.5928143712574,740.1616766467066,-2.09768915089522,detected,1807.5979774368836,786.7517567039123,18.818246138815994,-18.465015812470483,26.36443052098505,25.56547300976927,-22.77317856825766,34.23756814253885,38.23734764356175,31.853382244031774,233.227620370689,-21.986464921001264,2.9373211254857985,34.11133560740133
1636,27.29393333333333,1808.2192806280807,786.9679873410017,13692.5,1779.8434343434344,740.5151515151515,-2.119157656692367,detected,1807.9361626546815,786.3912600449354,16.93911328517879,-20.934432021551856,26.929240667963445,25.51220912658106,-22.994468433647725,34.34557312179297,38.14095466856734,32.0122849082876,232.9669600387245,-19.697440173621597,2.9908384497601084,34.21510307498524
1637,27.310616666666668,1808.4282407407409,787.0432466196355,13608.0,1776.238578680203,742.7766497461929,-2.199530161292565,detected,1808.274003135321,786.0244527506918,15.200290816757843,-19.032316676994014,24.357297038205967,25.45808961085757,-23.290315860853703,34.50439304686851,38.136250746403746,32.26320971760576,232.81762041527253,-18.59557186023783,3.1700614923160106,34.35846110738551
1638,27.3273,1808.2167371712344,785.8987431794494,13592.5,1777.6703296703297,741.6208791208792,-2.1746979232280323,detected,1808.5989563257506,785.6321194020028,16.190910798610275,-19.76919265705601,25.55321057715355,25.507570127612183,-23.51835388730241,34.6950875972874,38.16589264985708,32.60148951086129,232.47017307197032,-17.263791069799694,3.112351511449008,34.5552075880413
1639,27.34398333333333,1808.5344709228204,785.6127414925959,13596.0,1776.3647798742138,742.132075471698,-2.207777457936251,detected,1808.9274346153823,785.2212206932949,16.70128640753228,-22.645697357787412,28.13824046536887,25.65893861921791,-23.740268937286967,34.95685197896837,38.15971984299806,33.02107329609619,232.75016194524653,-16.235117642295304,3.366198674625256,34.794399071724975
1640,27.360666666666667,1808.988562686676,784.8077025812875,13727.0,1775.6546391752577,742.3865979381443,-2.236810098301187,detected,1809.2783313616158,784.8173668446666,17.420927336700515,-26.524377779408496,31.733756882149624,25.861072138753066,-24.03808303447551,35.30756984186436,38.172340068292286,33.51474223003874,233.14855961767998,-17.129750137194783,3.7251338375789445,35.11050933880416
1641,27.37735,1809.2840331606728,785.3115486817776,13610.5,1768.9068322981366,746.3788819875776,-2.3744062777895256,detected,1809.6186887613208,784.4149001363104,20.41405665504226,-28.242877885023518,34.84815433195316,26.13075336964214,-24.335488434715636,35.70759399653304,38.17223353961766,34.0743259377601,232.8697104464955,-17.175165557219092,3.628536635145638,35.522753143705636
1642,27.394033333333333,1809.985689082991,784.8930752433473,13509.5,1766.5074626865671,748.8134328358209,-2.448924042816467,detected,1809.997395819938,783.9913569796815,23.970420540562372,-28.7992998722184,37.469730904042706,26.426505873161208,-24.55702682909544,36.07502985929654,38.20164336654215,34.69090740701147,232.32527178049392,-16.007801327352436,3.2854206243314685,35.92511364867694
1643,27.410716666666666,1810.0152643335816,783.9252171754778,13430.0,1770.9586206896552,744.7862068965517,-2.355141150263526,detected,1810.3831951512025,783.5701399752645,25.135406499703095,-32.120831326899406,40.786474045159125,26.69821948583356,-24.79580855684491,36.43661682568026,38.259230863047236,35.3550093347878,232.1421722215743,-13.925735054934146,3.192373490224252,36.296498415141365
1644,27.4274,1810.31673784371,783.2469094178467,13347.0,1775.513661202186,742.2131147540983,-2.2742191273757637,detected,1810.786353480797,783.1483115199395,24.851520720502776,-36.385375102190665,44.062383088624415,27.069539454490723,-25.000499645113276,36.84813358616063,38.29286933404679,36.05675918598645,232.0067939651962,-13.628861042167653,3.0393444450685543,36.722572542344714
1645,27.44408333333333,1810.972184718472,782.7867536753675,13332.0,1774.0069444444443,742.5486111111111,-2.3138266093000683,detected,1811.2089990572865,782.7164608513691,26.20776500156353,-39.83717768384122,47.6848788631272,27.443747880560434,-25.256575018937554,37.296834710454796,38.34454849062435,36.786033710066924,231.7200818697433,-12.882310344270774,2.8247387573938703,37.18971269546812
1646,27.460766666666668,1811.540160191631,781.9381815006113,13359.0,1775.0059171597634,741.9230769230769,-2.310753666931691,detected,1811.6381210287655,782.2801353640091,26.05327155672785,-36.125289871620225,44.53997673009261,27.865834290498423,-25.515622399689285,37.782955246367955,38.46862694766838,37.53258599760339,231.3975827271782,-12.834479546960804,2.5544654232705284,37.696503996396785
1647,27.47745,1811.9840765917183,781.4005751848808,13387.0,1774.875,741.5277777777778,-2.320308972938516,detected,1812.0912107518536,781.8481049725801,27.466303367736145,-29.49445137842531,40.30285948667673,28.250818806658444,-25.69113033066232,38.18563788800344,38.56339889429031,38.28615939633077,231.1480559841522,-12.125256012939097,2.2854466204671127,38.11718345652941
1648,27.49413333333333,1812.1661637422544,780.3975462255833,13421.5,1771.8823529411766,743.5828877005348,-2.4011605426322333,detected,1812.5612455606615,781.3841529740797,28.926064345600935,-26.064589022733344,38.93687197823982,28.665830968106295,-25.973671182098364,38.682831589321495,38.64662559300673,39.036592948759356,230.63669053756092,-9.614629399270553,1.9003919758832701,38.636122607034565
1649,27.510816666666667,1812.916915200318,780.3034347350631,13412.0,1774.4148148148147,741.9037037037037,-2.357525658667678,detected,1813.046382256914,780.9348879367094,29.546216768974773,-22.434504470526463,37.09832767386312,29.12086529489569,-26.33463478116534,39.26242204170323,38.71180878288541,39.773922674261996,230.298568271116,-8.457493686542069,1.6594044870996463,39.22733946279071
1650,27.5275,1813.151602742264,780.3402754616762,13492.5,1770.9217391304348,743.3913043478261,-2.4227916177600277,detected,1813.5419203832141,780.4627302879713,30.02712234266164,-20.152944775739797,36.1630925020965,29.52578036304973,-26.54516786377688,39.70412627124725,38.77988141986638,40.48848217301948,230.01337325458573,-7.085714479769453,1.3652343408499412,39.68064740093979
1651,27.544183333333333,1813.6336988223131,780.3510170930705,13543.5,1783.5167785234898,736.0872483221476,-2.168244171883923,detected,1814.0630955033141,779.9863342088469,32.21259994256707,-21.125399112983814,38.52186499564538,29.971372469183926,-26.802303797106955,40.20754477108706,38.800001931739814,41.171004842202485,229.74461143984493,-6.406223165131355,1.0873860118494818,40.19283826977393
1652,27.560866666666666,1814.5204261796043,779.6242800608827,13687.5,1788.1375661375662,733.010582010582,-2.0858325531180157,detected,1814.5970984155724,779.4942744603903,32.395072082725164,-23.90372390595985,40.25951703407923,30.34806724586117,-26.99090443140618,40.614210660612535,38.909261848336115,41.81272864361402,229.65123677946477,-5.857201695187688,0.9217316262197208,40.6037500533367
1653,27.57755,1815.059762502577,779.4470361340562,13740.5,1774.4054054054054,740.7905405405405,-2.3813794304120317,detected,1815.148935920245,778.9944297229023,32.27069897670299,-29.82552103294256,43.94268673319234,30.697283799432444,-27.235931127352853,41.03802111501973,39.04227443975438,42.40550302391362,229.4506819440785,-5.019046408562298,0.7387554695551017,41.03137113713126
1654,27.59423333333333,1815.39136351486,778.7347938081699,13717.0,1805.1014492753625,723.6086956521739,-1.755334027306943,detected,1815.7158035451598,778.505027991027,32.58314323794548,-36.09123786617374,48.62343749651196,31.058000967468804,-27.54328328814226,41.51182817446311,39.17738827602652,42.941896421607595,229.4329531982951,-3.2095112038206146,0.7249501065719492,41.50549753621959
1655,27.610916666666668,1816.2127584486389,777.968201233982,13695.5,1797.0828729281768,728.2486187845304,-1.9380922617316627,detected,1816.304028398928,777.9765612962442,33.396298317010405,-37.84599222483757,50.47407125209158,31.35478926499737,-27.69354092489306,41.83365892210627,39.326504068996016,43.4153019238351,229.44783917680593,-1.469175308758114,0.6569475605507691,41.828500316337035
1656,27.6276,1816.324759895227,777.1957945285216,13744.0,1791.792899408284,730.1479289940828,-2.0514354418122345,detected,1816.8795606137426,777.4850386394838,34.49845002069833,-35.35496904001093,49.39753930764924,31.61168543726606,-27.759695125545676,42.070171495346955,39.49217159600303,43.820038132337686,230.20771963346803,-2.790307679513728,1.0980362397493053,42.055839619060045
1657,27.64428333333333,1817.1055336832897,776.6117308253135,13716.0,1790.8294573643411,730.9922480620155,-2.0933695335360887,detected,1817.4564791194716,776.9855427382232,36.17136350086457,-34.521373264045906,50.00092748687029,31.880004421123193,-27.729339199262498,42.25222993308862,39.66373309918352,44.151442161242244,230.7075935417855,-3.235961031755048,1.271489902432851,42.233094224157924
1658,27.660966666666667,1817.5112505014408,775.696850345842,13710.5,1774.4554455445543,739.2970297029703,-2.439769193551933,detected,1818.0581425294972,776.4709684959412,39.47985598870764,-29.45385661667524,49.25635693476283,32.094945658605084,-27.717201726019066,42.406707115144506,39.85486916285291,44.40595184384169,231.02008654048495,-3.055647948940977,1.3571668843783051,42.38498444493751
1659,27.67765,1818.491777906752,775.6280228284,13784.0,1770.1649484536083,741.4639175257732,-2.5262250173887524,detected,1818.6567290400994,775.9542400130356,42.08998576870272,-24.215406397531297,48.55875625473944,32.370713501805355,-27.597585598690863,42.53809849409154,40.04658583204277,44.58117455174838,231.55322460213407,-5.8149273485243285,1.4863446863167553,42.51212301175384
1660,27.694333333333333,1819.2965230754453,775.4990395236036,13882.0,1788.0185185185185,732.6851851851852,-2.201738014767712,detected,1819.2615652134477,775.4503429715771,44.21380876552303,-22.441148390532362,49.58292071510244,32.61190779690939,-27.483316530929265,42.64820298316647,40.1914872127065,44.67594041785761,232.13757043040033,-7.048868184929435,1.6815795876150652,42.615038516747646
1661,27.711016666666666,1819.7466532195128,774.7796947976324,13881.5,1784.219298245614,734.1842105263158,-2.289714301689668,detected,1819.8869486219628,774.9784183032126,45.25576729970271,-22.75173726066305,50.65299618248741,32.77662151009833,-27.347045005298096,42.686857323279725,40.37398830484342,44.69033814125599,232.58196386269915,-8.033347149840512,1.803739063849573,42.64873167548577
1662,27.7277,1820.788343631748,774.8496431479618,13918.0,1788.6851851851852,731.8055555555555,-2.2116171180489963,detected,1820.5125044406207,774.5344929883402,44.0044348260617,-21.78702430613248,49.10259374490434,32.88265375638712,-27.155246238913534,42.64594138201744,40.602327375255015,44.62573192214146,232.99821457335207,-10.451901940587282,1.8965412998294866,42.60374921830834
1663,27.74438333333333,1821.6312222062832,774.6333739779085,13942.0,1779.611111111111,736.2777777777778,-2.401755258331709,detected,1821.1290997672222,774.0596445760349,40.566743750925525,-24.49041313210637,47.386084813313104,32.82431503709319,-26.983794422867618,42.49189121597112,40.82602637644473,44.484758442601404,233.12012053609516,-11.191106445898432,1.8850510828077134,42.45005773288335
1664,27.761066666666668,1822.042744817727,773.6993447700738,13990.0,1772.061403508772,740.7456140350878,-2.558693007058764,detected,1821.727852519536,773.6069634083043,38.826396450810535,-26.025668554509593,46.74210612568397,32.786347338257414,-26.84213286245161,42.37268776453016,41.00351651765963,44.271303190927156,233.08415896084102,-11.759108641115503,1.7679509359267485,42.33578885385885
1665,27.77775,1823.089502749252,773.0759055831873,13973.5,1785.2380952380952,733.2721088435374,-2.33105801634887,detected,1822.3244137063903,773.1502721244561,36.83816416542413,-26.88823206687448,45.607316987089206,32.73196209778616,-26.767066949512344,42.283060625392125,41.137519090809995,43.990455812362946,232.63372367013363,-10.705391782880367,1.4084201486523114,42.259597354156796
1666,27.79443333333333,1823.230824579076,773.0951575766297,13898.0,1792.4941176470588,729.1941176470589,-2.181613689529208,detected,1822.9224953686294,772.7145064410986,34.736595119212325,-29.378068692610213,45.49397719021508,32.58490528085047,-26.472023065362986,41.98266377131288,41.24012914770222,43.64844452033108,231.776069846591,-9.873684394721394,0.6349103977743233,41.97786257209751
1667,27.811116666666667,1823.707864493172,772.4416714752837,13864.0,1791.2634730538923,729.2694610778443,-2.2152637808052558,detected,1823.5157551778893,772.3076579523535,32.86873791459129,-29.080862192934546,43.886791611856765,32.494836512159615,-26.254829583816317,41.77595572129042,41.35468936723293,43.25254988392315,231.07502158042982,-11.206334268673155,0.008871882670419495,41.775954779237736
1668,27.8278,1824.456119438926,772.0062368310156,13842.5,1786.7226277372265,731.7445255474453,-2.323790771175181,detected,1824.0972853519493,771.8951657778929,32.37479525784693,-27.200231251020796,42.28451191744462,32.287379244313506,-26.12792229723386,41.5348429879832,41.36777435436767,42.81099850799834,230.36611978082618,-11.06172926274814,-0.4733988867133192,41.532145087034394
1669,27.844483333333333,1824.8792400815053,771.4303607814934,13905.0,1790.7128205128206,729.3230769230769,-2.252458091389489,detected,1824.6614941845157,771.48323895003,31.72080296974491,-30.04278722769959,43.68956861144554,32.0555107080079,-26.05078647783737,41.30616470776588,41.390974654547726,42.33283725148979,230.03463630011927,-11.401760940016603,-0.6238575501902197,41.30145329915346
1670,27.861166666666666,1825.6838941001772,770.9051464995835,13805.5,1790.2487046632125,729.699481865285,-2.2810438667839312,detected,1825.22446480755,771.0774514826772,32.93373024956145,-30.278787758340968,44.73740690144589,31.824363834912834,-25.992286639734704,41.090012147224286,41.38880603381621,41.82778871602827,229.8553239089959,-13.351439089798943,-0.6488043651349287,41.08488957213858
1671,27.87785,1825.924577751893,770.5465322267521,13736.0,1791.513812154696,728.9226519337017,-2.2616113912061424,detected,1825.7810687071537,770.6716930687389,32.30370236824001,-29.27070026993806,43.59246587414375,31.594106206501,-26.052673431873348,40.950327714628905,41.36915200768739,41.30608884094516,229.5791155315935,-15.085442659312964,-0.6515848164192519,40.945143511319095
1672,27.89453333333333,1826.4988605231893,770.1373433219385,13749.0,1801.0597826086955,722.8478260869565,-2.064335838042571,detected,1826.3372576576924,770.2562396891703,30.489822241541333,-27.38216493422351,40.98063221578955,31.292709099355424,-26.103087506348583,40.75051926222503,41.426010195617856,40.77830766370159,229.04201061562287,-15.929337060123757,-0.799740863060979,40.74267093224159
1673,27.911216666666668,1827.1613143778116,768.9988934593828,13857.0,1797.2978723404256,725.3244680851064,-2.170549233463818,detected,1826.8611183651983,769.842779864081,29.098902950928277,-26.243290255980355,39.1849006175488,30.989228850351967,-26.360062319473766,40.68396723804142,41.4136412069298,40.2551547628721,228.42979921773252,-18.07928101143832,-0.8414022099914575,40.67526561126613
1674,27.9279,1827.5997064424955,769.2553707679804,13739.5,1797.8051282051283,724.5384615384615,-2.1585404200928235,detected,1827.3836619412937,769.4264994564044,27.585134388816186,-27.820213566529674,39.17784989169736,30.70331915050707,-26.53935892739861,40.58363437563455,41.364987545368955,39.74727167157669,227.66767948556983,-19.055432342287837,-1.0572684916183803,40.5698602717808
1675,27.94458333333333,1828.0894050882507,768.5875054104747,13862.0,1796.9365853658535,725.0292682926829,-2.191650478526748,detected,1827.9037141825245,769.0109893112005,26.262141464922024,-25.152898865624138,36.36438361457393,30.275724488617165,-26.59782575333955,40.29967528548668,41.31723140636368,39.26501464456886,226.76449173898894,-20.740517240255656,-1.3611402191244615,40.27668215505775
1676,27.961266666666667,1828.41149100226,768.4977822897405,13790.5,1795.0157068062829,726.5235602094241,-2.242864525376321,detected,1828.3949602319533,768.6128862799775,25.39547019424481,-24.12461586770678,35.02751771323778,29.900016959947614,-26.60450485025951,40.022627256748606,41.245090900233485,38.81823253824831,226.37482800244015,-20.689641402715186,-1.3709753765099713,39.99913897885353
1677,27.97795,1828.757925002416,767.868500531555,13796.0,1797.7333333333331,724.1897435897436,-2.1883951111038717,detected,1828.889431678871,768.17968251473,25.920164527394263,-21.231251059166425,33.50553611964064,29.54948730325892,-26.510145219780398,39.69836267982983,41.22318663732406,38.41604611979847,226.3152328747597,-20.704714635050028,-1.2387078318110092,39.67903227608652
1678,27.994633333333333,1829.273732529128,766.874282392268,13761.0,1799.6795580110495,723.4640883977901,-2.1691572687531164,detected,1829.371793254118,767.7590647291959,25.712584941130444,-21.4527744715092,33.48669223557748,29.199657184458378,-26.371053755113017,39.34529776027819,41.23350442394578,38.06663667225748,225.3994781450663,-21.631534085721118,-1.7261093200450475,39.30741663427152
1679,28.011316666666666,1829.4142797688996,767.453902271837,13616.0,1799.730593607306,723.3242009132421,-2.162927350330308,detected,1829.8294773097193,767.3479928432314,27.582258229107538,-17.74199352662663,32.79572080799615,28.848884175402752,-26.337566674547087,39.06309686266588,41.29516390405201,37.7770530156957,225.5802555703434,-16.657256355027478,-1.3804878587936464,39.03869605626883
1680,28.028,1830.1602162293489,766.6291909620991,13720.0,1783.1170212765958,735.4468085106383,-2.5562399579613744,detected,1830.2878680044105,766.9375373641783,29.49135752620532,-16.81762766485963,33.94956213285113,28.522866476366598,-26.402437611040327,38.86698629728724,41.3286319015269,37.553046664847486,225.46898104438145,-12.29540396269754,-1.1814232438259893,38.84902653802875
1681,28.04468333333333,1830.8494619751384,766.6280789667985,13769.5,1788.0890410958905,731.2465753424658,-2.4503449911689628,detected,1830.701418264999,766.5414137910046,28.983789945848912,-16.79046565480803,33.49596716815892,28.236328176573213,-26.662075219945304,38.83499045872374,41.43563758921734,37.39894445209993,224.94817611350192,-6.840976827742722,-1.148276197467979,38.81801058405096
1682,28.061366666666668,1830.9257932882635,766.3943236494305,13682.5,1792.1515151515152,728.5530303030303,-2.368371370931023,detected,1831.131074783997,766.1303198683523,27.830446381232832,-18.897237932051667,33.6398476102263,27.88959724032963,-26.936549776779046,38.77379718449944,41.48853808855488,37.317566340409215,224.8880039606416,-3.4513543705557996,-0.7496846674399329,38.76654899528849
1683,28.07805,1831.8387559866333,766.4066447106511,13815.5,1779.5208333333333,736.6458333333334,-2.624395994903906,detected,1831.5237288710105,765.6996009911625,25.739019796752473,-22.078886052683174,33.911271716421716,27.633272354127012,-27.31540704221178,38.85523391872803,41.500603920200824,37.31019332644081,224.42059119279776,-3.718360819224699,-0.6176670581955186,38.85032419793036
1684,28.09473333333333,1832.2962614341225,765.8319938213501,13811.0,1782.4854368932038,734.6990291262136,-2.5829760237430923,detected,1831.9210310721264,765.2419056563258,24.117606665976382,-23.199577143119768,33.464598173507376,27.451980357638774,-27.50235386523001,38.85859870973884,41.502607719496055,37.37658655970817,223.71493011214238,-4.497778137702503,-0.8358639526980802,38.849607786142414
1685,28.111416666666667,1832.340596637224,765.0307443365696,13699.0,1784.2796610169491,732.8220338983051,-2.551172703246936,detected,1832.318563377041,764.7954505814452,23.8144141721059,-26.826466325690944,35.871794182672666,27.33039148673967,-27.68134769261183,38.89996540998101,41.51529520280458,37.51505461123123,223.65080665147468,-2.7887592559027325,-0.6678131759016459,38.894232663208705
1686,28.1281,1832.728224944104,764.4165694565957,13716.0,1778.8057553956835,735.9568345323742,-2.6559610774622366,detected,1832.7015032739441,764.3278007046245,23.415138802573892,-26.744029210190547,35.54591148837412,27.243939510728918,-27.87057415150969,38.974365210982675,41.56807987614415,37.722561901531336,223.31464108269267,-0.9129098413006269,-0.7032880538350312,38.968019317286185
1687,28.144783333333333,1832.8412850106597,764.5273714131687,13603.0,1786.9610389610389,730.3376623376623,-2.501174136673087,detected,1833.0897618993308,763.8676446144815,22.790386986582234,-28.52900575779904,36.51446163544942,27.28927062833526,-27.96500715825476,39.073596158886645,41.62499010986357,37.9948683068107,223.4408393018843,0.3538624303424647,-0.5854380582954875,39.0692101157377
1688,28.161466666666666,1833.675110065738,763.7318738314939,13817.5,1789.96644295302,728.2684563758389,-2.459963808491882,detected,1833.4827894571222,763.409173436297,23.54856352151819,-28.324924407397248,36.83525738489885,27.43373599762823,-28.005048175365527,39.203221731027504,41.747485243143174,38.32668836709186,223.27226387825112,-0.12784417612917706,-0.7781237944927923,39.195498688657494
1689,28.17815,1834.137782108657,763.205079158847,13854.0,1800.3358778625957,721.1145038167939,-2.2474096817399847,detected,1833.8600041940654,762.9527031698631,25.546705739172467,-28.535011146398574,38.29988296651777,27.665316543131667,-28.2182980180452,39.51761736829396,41.87776986102201,38.711858468310695,222.63617571818014,-1.2634085615411694,-1.2391327594177497,39.49818517946649
1690,28.19483333333333,1834.246571632568,763.2787010365118,13539.0,1805.5,717.4396551724137,-2.1309185149188075,detected,1834.2698997331977,762.4725528963771,25.866538182789554,-30.348333336916767,39.87604711967228,27.951812579309074,-28.40164974221325,39.84918486679725,42.01408993599152,39.14350168666388,222.6994545973174,-2.160925004057561,-1.28172074361715,39.82856671389977
1691,28.211516666666668,1834.944009368367,762.2662299641368,13663.0,1798.4539877300613,721.4662576687117,-2.300488810666516,detected,1834.677533815323,761.9946686869781,26.209739095714212,-34.193714606245976,43.083181661047384,28.194544646043582,-28.47582036004931,40.07249297180728,42.11850177206284,39.61418226735773,223.20368474868167,-2.721071494932024,-1.0573218924299468,40.058541703253894
1692,28.2282,1835.1534381813285,761.7165674530266,13607.0,1802.680555555556,718.6041666666666,-2.216351502201442,detected,1835.0903987718339,761.5116764437676,23.66896292763613,-34.000432623047345,41.42763841476117,28.452799017183473,-28.599674024857205,40.34232425431545,42.187628878297325,40.116044480552866,223.41413514264596,-2.351414689458305,-1.012654771281273,40.32961265068795
1693,28.24488333333333,1835.7205286430428,761.1587160822279,13531.5,1797.5384615384614,722.6923076923076,-2.3524848276168893,detected,1835.5134608693982,761.0306885422384,24.773641566817787,-37.80521346390742,45.19919779744735,28.79276690068232,-28.74966472626226,40.68865502409137,42.24039348369843,40.64093341642234,223.77946673374197,-4.723469153152417,-0.8971680461750147,40.678762729051115
1694,28.261566666666667,1836.101179000445,760.5907484304711,13486.0,1790.1342281879197,726.6711409395973,-2.505872253686001,detected,1835.9506533933443,760.5457093751512,25.954325590182634,-39.8760294687977,47.57861644728261,29.102911221771933,-28.944772210950983,41.04606290408593,42.26031721105037,41.18049781761563,224.15728743637308,-6.2140398661049625,-0.7154950279273997,41.03982634942782
1695,28.27825,1836.5626371729427,759.7399447609183,13517.0,1791.21875,725.2578125,-2.491431806979451,detected,1836.4078881374694,760.0483923222436,23.266644972110043,-36.84578689637374,43.57692944978111,29.472343091533457,-29.133058166863457,41.44097109695801,42.225555804069224,41.72627709671304,224.1460340592402,-6.378129956318467,-0.8575084793591827,41.43209824117935
1696,28.294933333333333,1836.6581991607209,759.4429626309038,13384.5,1796.6490066225165,721.5364238410596,-2.38317419648134,detected,1836.8720503401516,759.535316480923,24.10145168224426,-35.7179821898344,43.08891069526917,29.79746054525831,-29.240308212663667,41.747865566011775,42.12422764222614,42.26977616421117,224.09013984652736,-5.914843614924562,-1.0568175555496495,41.734487129615886
1697,28.311616666666666,1837.4824223571816,758.1657161901941,13502.0,1794.4328358208954,723.0149253731344,-2.4568602018254704,detected,1837.3475174645005,759.0267838787316,23.498347777451272,-30.283283032720647,38.330791532525325,30.15455287503991,-29.375428762938075,42.09765877219335,42.01490366332052,42.80253259289067,224.69390786329797,-5.047692355221546,-0.775794731351553,42.090509816760765
1698,28.3283,1837.8749307428063,757.8665952548049,13536.5,1798.8859060402683,719.5637583892617,-2.365072136508905,detected,1837.852608060202,758.4858171208007,23.84595226163583,-25.228021409500798,34.71429825738157,30.482037014150837,-29.588714248214153,42.48113218117583,41.913596517399895,43.316180977861244,225.12083810517248,-4.889735443930481,-0.5420894762016744,42.47767331662982
1699,28.34498333333333,1837.7051717768747,757.716488117227,13535.0,1798.1968503937007,720.1732283464567,-2.3816921596141767,detected,1838.3592437312768,757.9507239371285,25.1289325138423,-22.63923364283619,33.82304169083802,30.851405960538184,-29.64228392085126,42.784041952418285,41.77550864553596,43.80251912335639,225.23180388956197,-2.647273112806521,-0.6819132771741998,42.77860727126003
1700,28.361666666666668,1838.5795279785907,757.1154381758515,13763.5,1795.7518248175184,720.8321167883212,-2.438730577913345,detected,1838.8913155450718,757.3970340040065,26.188012568852173,-23.200792677785103,34.98698019526587,31.159146537720616,-29.675825993530193,43.02960679993984,41.74427498280522,44.25357992387904,225.20297258700649,0.2640502485808677,-0.8964709443828802,43.02026733068155
1701,28.37835,1838.8667841237211,757.5926197817256,13622.0,1789.5,723.9705882352941,-2.5436875100510696,detected,1839.4273117179546,756.8532900122411,28.59232249984416,-26.79623114094511,39.18620815151743,31.45263464731746,-29.64785188947201,43.223412034656675,41.75315060436593,44.661711590954596,225.19807408509521,2.7220879762378822,-1.1268066634885763,43.20872197439796
1702,28.39503333333333,1839.3241725444332,757.1639927395875,13681.5,1799.2905405405406,717.6959459459459,-2.363308499324173,detected,1839.9749372786785,756.304978770981,29.598255017487645,-33.16008087802311,44.44825827765658,31.693938440534204,-29.64497326537581,43.39735215168338,41.783847507694574,45.0196673637958,225.96376064732593,2.6533549003365478,-0.7190955069280065,43.39139402495769
1703,28.411716666666667,1839.9833485930535,756.2580357687847,13652.5,1802.433962264151,715.3207547169811,-2.313056043432759,detected,1840.533184673806,755.7223124881243,33.54955079336105,-39.26331688673736,51.64475202171725,31.933327385223166,-29.637064402561165,43.56710897332301,41.79212292980934,45.32070425396523,226.12699833787372,6.2839955519579656,-0.7670819053097517,43.56035548114763
1704,28.4284,1840.3210371952043,755.4499871148253,13581.5,1807.703125,712.359375,-2.218737600974044,detected,1841.0745502765549,755.1898075773505,34.15088811579517,-39.3647832836059,52.114003128360984,32.19177654753605,-29.555953592371484,43.70200075558222,41.834354269428566,45.55868895270129,226.83673202169436,7.928972420232883,-0.4634090983792447,43.69954372814948
1705,28.445083333333333,1841.4778288291548,753.9894962796811,13820.5,1820.1739130434785,705.195652173913,-1.9824601191663345,detected,1841.6371970755072,754.6391547764795,36.15699066575053,-40.96695031602485,54.64081800448104,32.46616091398581,-29.479127390608316,43.852828371777036,41.769683982147086,45.72820797119628,226.7965541717568,6.51397113739051,-0.7378944457836312,43.846619801204916
1706,28.461766666666666,1841.3025129530536,753.529892128669,13735.5,1810.919540229885,710.1149425287356,-2.181406464873977,detected,1842.223989995457,754.0785538920031,37.69004706750002,-36.68091419156417,52.593051954409916,32.72816058275791,-29.181648031381794,43.848615450869566,41.688864204583666,45.82467847988464,226.8758036237643,6.094422448073241,-1.0734673225080549,43.83547359007024
1707,28.47845,1842.5039780124405,752.8100559332659,13826.0,1808.91875,711.96875,-2.2590084694148462,detected,1842.8037347588495,753.5277690089026,39.327585010535586,-30.628786407859025,49.84758268541368,32.939653942580804,-28.80099899100786,43.755209343997144,41.58194507460723,45.84445612782424,226.78946766416553,7.985155623997769,-1.561758229917075,43.727328479662475
1708,28.49513333333333,1843.0351105959624,753.2354993721626,13804.0,1810.55900621118,710.6521739130435,-2.22234337850953,detected,1843.4044470830404,753.0089026857124,41.60023942295447,-25.237236885921448,48.65694242020608,33.21530562514146,-28.355247952320237,43.67237816067629,41.387188251823325,45.784936230253464,226.38750428749256,7.005053742894439,-2.3813616723200646,43.60740454091163
1709,28.511816666666668,1843.626192898319,752.4910139030179,13762.0,1810.3253968253969,711.3968253968254,-2.2518182282000074,detected,1844.0400681651531,752.5014478198392,44.20886650433022,-23.792409006053276,50.20460739722018,33.3459808538533,-27.913112319673804,43.48673681108156,41.26112804151339,45.64464495756913,226.074033922382,5.968709351069106,-3.029000330679846,43.38111842118663
1710,28.5285,1844.4104090298697,752.211955141001,13776.5,1815.8271604938277,707.7777777777778,-2.1424270797988707,detected,1844.6710024024167,752.0291028737953,47.008187988385544,-24.99337481634575,53.23944517612614,33.37827972342886,-27.678414991235073,43.361321632561996,41.12699902639238,45.42331742519737,225.53377594323402,6.385264719340719,-3.6280322621585626,43.2092767311283
1711,28.54518333333333,1845.2507262623703,751.844537663183,13826.5,1809.516393442623,711.0409836065573,-2.290059551666229,detected,1845.3095355289122,751.556277046967,45.130186561318624,-25.611762921163972,51.89119519715589,33.337558952817105,-27.44105822207717,43.17875071467429,40.988920813913154,45.121959834649914,225.03809581629616,4.4813656252353535,-4.140879454169365,42.97973511581968
1712,28.561866666666667,1846.06733268648,751.4818102322683,13913.5,1809.897435897436,711.2564102564103,-2.303158502588835,detected,1845.9446229681184,751.09097658002,44.99077619019408,-28.742748357668006,53.38834634401371,33.1766240190455,-27.00391107280911,42.77732570567367,40.85694125986393,44.74289309761869,224.4436504113442,5.47276636878723,-4.777760509171134,42.50967653424681
1713,28.57855,1847.250295201632,750.310146586992,13973.5,1815.5206611570247,707.9173553719008,-2.213316028586837,detected,1846.5726075677717,750.6319182223215,44.4963559150583,-29.025019450012223,53.126052401746655,33.12839031015516,-26.619017100678924,42.49779189497049,40.78029839859297,44.28977575927981,223.95523170613498,6.729070583512813,-5.372387692085457,42.15684720699768
1714,28.595233333333333,1847.5843414827923,750.1886894658915,13845.5,1806.6976744186047,713.3139534883721,-2.407741619284561,detected,1847.2093579124562,750.1798647453206,41.984300766979686,-31.1648668726325,52.28700066059553,33.0093269109234,-26.214982290718613,42.15259137484791,40.63525350205538,43.767604550066274,224.70380385153683,5.578354769577801,-5.020753957387669,41.85251473106817
1715,28.611916666666666,1848.1596132623197,749.9587831677942,13894.0,1800.950495049505,716.6039603960396,-2.526495246283408,detected,1847.8411296224083,749.7702546102734,39.43986384490745,-31.715692447481615,50.61015715770976,32.761662904879365,-25.778139860819103,41.68739678820086,40.59067331361641,43.18269149491422,225.65722325694293,5.4143899660807415,-4.462964731574491,41.44781051854997
1716,28.6286,1848.8071398622344,749.3370230607966,13912.5,1808.5258620689656,712.0862068965517,-2.395261147842189,detected,1848.4774691148834,749.3777628814152,36.80893036387715,-29.66370838513194,47.27401981734687,32.50268918588913,-25.522690950154487,41.32593081409797,40.606233405239536,42.54261710961328,225.43919330445416,8.367273457891216,-4.620950992694407,41.066767216019436
1717,28.64528333333333,1849.6301732779607,748.6498520215762,13966.0,1798.2935779816514,718.8532110091743,-2.615696762077098,detected,1849.078894999034,748.9910381025304,35.05468506458874,-28.008640510394798,44.869977582098585,32.28065764250236,-25.273867929937023,40.99767381172187,40.629484133930305,41.8561597105216,225.3801487329962,12.623620028410846,-4.684421783194818,40.729171984334215
1718,28.661966666666668,1850.0351724386464,747.9691880788497,13874.5,1800.0172413793102,717.698275862069,-2.59735751100066,detected,1849.6832593345268,748.5924479645964,34.125936040100896,-28.817650334325208,44.66583125169049,32.01611386062818,-24.943182734757666,40.58563676568622,40.559309897388495,41.13320114923238,225.18577872828047,15.837108563585016,-4.870697575764325,40.292309648389036
1719,28.67865,1850.649043612245,747.5852081903868,13845.5,1809.1714285714288,711.4,-2.424235245917558,detected,1850.267663930195,748.2338249200427,33.597203345366324,-26.891662547093347,43.03409795936981,31.76217844345443,-24.796700770037663,40.29531422575865,40.390488905555024,40.38460927954126,225.12754066056547,15.939329948200868,-4.83629939978983,40.00403175516463
1720,28.69533333333333,1851.136659931688,747.5391470630683,13858.0,1812.1917808219175,710.0958904109589,-2.3758497555557763,detected,1850.8452284556097,747.8772601289473,31.184798461501487,-22.794369694495344,38.62738594383256,31.4763402149316,-24.761308342904623,40.04850039862315,40.22737801211252,39.622097164211745,225.3088091692247,14.906542395575372,-4.533848249713479,39.79103673224773
1721,28.712016666666667,1851.806776755752,746.8168803264044,13807.0,1805.1553398058247,714.6601941747573,-2.5380862232097967,detected,1851.4113919539304,747.5102008180185,29.62909394709368,-19.77798959549409,35.62375724941399,31.054913457669535,-24.61091317916253,39.624546651988595,40.03008878005549,38.858058520539934,225.7990960884427,13.964378643430368,-4.007199134487234,39.42140348176591
1722,28.7287,1851.96951527848,746.4985913458065,13843.0,1805.590909090909,714.077922077922,-2.531508836050529,detected,1851.9708497481436,747.1165217526208,28.763733564093855,-18.539531767782137,34.22085046743845,30.686200520144133,-24.563836147813372,39.30680537335891,39.93936614342411,38.10537835034712,225.97679860746533,13.044175361046374,-3.6625290364584693,39.13579984766142
1723,28.745383333333333,1852.8318666328664,746.3819577735125,13806.5,1817.340909090909,707.5454545454545,-2.3112139532985587,detected,1852.5117116731412,746.7299799386044,27.652747421461754,-16.906618690687537,32.411544170364124,30.303539335642483,-24.503606381273553,38.970902247128194,39.931896443092896,37.377217325378666,225.91319005630598,14.868130154449435,-3.483001180708726,38.81494460553052
1724,28.762066666666662,1852.9532687592557,746.2610273590174,13731.0,1822.21875,704.3515625,-2.2035593002403675,detected,1853.0089641237712,746.3411192748526,29.377633912406054,-18.71784158048149,34.83393414076785,29.848954276535114,-24.3263294744175,38.506238158259464,40.05108121844897,36.6867686004118,226.17753438637197,14.893232079085633,-3.1170217851321773,38.379871707597054
1725,28.77875,1853.556663865444,745.8432898534838,13684.5,1822.9926470588236,704.2573529411765,-2.204602404332761,detected,1853.5085464954154,745.9604997213021,30.435349871700055,-18.200904792206074,35.462423169712224,29.40411452885116,-24.213922446534184,38.09089118769168,40.27819652210072,36.0469866796555,226.52315283498865,13.324556632788507,-2.6609435671307082,37.997833764638656
1726,28.79543333333333,1853.8880118882312,745.3838948573656,13683.0,1807.71875,715.0416666666666,-2.5601757494920894,detected,1853.973758347788,745.6102460321864,31.220071290147644,-15.842510824281817,35.00968438274455,28.975488609444547,-23.93890836804388,37.585240108447515,40.52351569184655,35.47029015091915,226.76439366927917,9.90622754647308,-2.4076834465008368,37.508043596422056
1727,28.812116666666668,1854.384754682126,745.5169480195914,13713.5,1825.1884057971013,701.4420289855072,-2.1558569657907007,detected,1854.422637265925,745.3020761675497,31.043175992239412,-13.601530291304698,33.892187919200914,28.52385614820687,-23.824155099134263,37.164509087988826,40.72729498275958,34.96824375140705,226.96566578714416,9.328673458098748,-2.051576152732661,37.10783975173902
1728,28.8288,1855.414489112228,744.5219669777459,13930.0,1815.982300884956,708.2477876106195,-2.3978842340281377,detected,1854.8573738364212,744.9931775473523,32.6649148546303,-12.189154964774843,34.86505644933825,28.100105772552844,-23.829050335351685,36.84344696568689,40.843351753178624,34.551230182877475,227.1237543546277,9.766794472955633,-1.657267427801532,36.806155042141114
1729,28.84548333333333,1855.8293704954149,744.3963556257931,13921.0,1817.7272727272727,706.7190082644628,-2.3617995188124583,detected,1855.2696285156564,744.6755011635559,28.829394706172025,-10.785110334267756,30.780718056058873,27.64863502151019,-23.905435260893867,36.550196354677325,40.939009289465574,34.22812763376926,227.65739222497044,10.051686747793617,-0.9538455029909088,36.53774804666937
1730,28.862166666666667,1856.096585154102,744.9743163073362,13822.0,1818.2767857142856,706.3482142857142,-2.3456475194738493,detected,1855.6756022805548,744.3336090317279,25.313901901200552,-15.217415615785285,29.535798067551024,27.348962503383717,-24.20591863458351,36.52248960511271,40.89422056769421,34.00601380007357,228.41470728273535,13.744849187112175,-0.04717839421321912,36.52245913345219
1731,28.87885,1856.724969276368,744.8821537868382,13833.0,1826.922619047619,699.5119047619048,-2.151985841501996,detected,1856.0447153702917,743.9780002271201,20.359826885915936,-19.80109773579443,28.400810241381294,26.955896926690336,-24.506428138714583,36.4305558458876,40.8680503261558,33.889919711674914,228.94630568174512,15.720205789315763,0.7764440035448139,36.422280735144724
1732,28.895533333333333,1857.2860022315804,744.416477702192,13891.5,1824.5248226950357,701.0354609929078,-2.217614725806752,detected,1856.4149720341795,743.6059049122534,14.806237005735966,-19.354170168002383,24.368187400010257,26.700121538768006,-24.879151897942492,36.49477619257143,40.928057720068004,33.882655438730595,229.3404075077851,17.366115752544914,1.476349692134761,36.46490204199666
1733,28.912216666666662,1856.8821030401257,744.074185943716,13574.0,1822.6803278688524,701.7540983606557,-2.2504984456608623,detected,1856.7713256416844,743.2433497289808,15.059774007177111,-22.755635193028866,27.28764786832059,26.47216558693281,-25.097686443996913,36.47834173455773,41.05144842470792,33.98472415568153,230.01316808146797,18.529730305228977,2.218331422020949,36.41082835373635
1734,28.9289,1857.190154650403,742.5890994457756,13773.0,1830.3777777777775,696.4296296296296,-2.097026433012793,detected,1857.1214345580477,742.8448703626121,14.719532766735938,-25.33366220058724,29.299472441743312,26.256609449176317,-25.270794137914606,36.44204407175089,41.158273689849835,34.19433172669399,230.56079546623482,20.037631140791913,2.8368608005402756,36.331457401620874
1735,28.94558333333333,1857.3243367600228,742.3119134972817,13764.5,1824.1353383458647,700.7669172932331,-2.244847090343078,detected,1857.4494206679046,742.4592918834256,13.233246747913654,-25.557271610658518,28.780079076891695,26.20559648460673,-25.499137508877993,36.56418057075396,41.19562757643632,34.50748785004114,231.48344120871306,21.916413264203058,3.631950799537904,36.38335105787313
1736,28.962266666666668,1857.4124607406325,742.636513037762,13691.0,1832.6258064516128,694.3096774193548,-2.044707653259308,detected,1857.7806740885455,742.0764556611396,13.378591394314753,-26.90470877576672,30.047463487037497,26.235685883010206,-25.76567838740672,36.77201920639195,41.23548054977107,34.9181844563214,232.12158863500474,22.918665790430687,4.228857001401806,36.528046279221584
1737,28.97895,1858.335454172993,742.1970693851974,13831.0,1834.0196078431368,693.8888888888889,-2.0371190824653684,detected,1858.1237835560041,741.7025076250318,18.506076132059206,-27.418889136061807,33.07975718262182,26.3121479899318,-26.107113471448326,37.0662987854891,41.25590293349994,35.41862987076217,232.99343004471814,22.585105024064536,5.010810686192068,36.72604364646829
1738,28.99563333333333,1858.398500555576,741.9789247469382,13649.5,1812.2164948453608,709.3917525773196,-2.527101570330408,detected,1858.485742251801,741.2897995524097,19.82049114415986,-24.085921319302088,31.19268303617581,26.532218422642472,-26.551322534625914,37.53573421107602,41.27387138940222,35.999514544418425,234.1698204828167,22.255026196647265,5.995075621037396,37.05388523572913
1739,29.012316666666667,1858.419966754669,741.2413097682605,13636.0,1810.860655737705,708.7868852459017,-2.542777396013255,detected,1858.851074468931,740.8525269292013,22.485596177823027,-30.24989294864372,37.69161788616316,26.730196849402578,-26.851857964206356,37.88833197354727,41.182347940972335,36.65028586661465,235.1069456579275,19.467689312479912,6.73354978733188,37.285184819164385
1740,29.029,1858.6236479842676,740.1420231071779,13560.0,1835.3428571428567,690.9357142857143,-2.0127146497806527,detected,1859.2242011012672,740.4125177036619,23.818900577817658,-36.81166809315346,43.84562615058034,26.95680949265732,-27.130975313620926,38.24603769662588,41.0864473735223,37.35941449817363,235.69950176932383,15.642448097477763,7.221661493511066,37.558048468535574
1741,29.045683333333333,1859.6438082718664,739.7476082669978,13693.0,1840.06338028169,688.1338028169014,-1.9333876102377616,detected,1859.6070119201938,739.9706596512293,22.084120670067023,-36.39003494529197,42.566924120608626,27.232188158736186,-27.51703955441967,38.714074155948865,41.02580959339564,38.114641110340415,236.30485093295846,13.372439994370842,7.786497403936885,37.92294814397731
1742,29.062366666666662,1859.7839121181928,739.9710054003518,13548.5,1841.3584905660375,686.6981132075472,-1.9037858962930485,detected,1860.0118807221024,739.5116427147775,23.62832630939647,-34.43334048175893,41.76066020689874,27.55963714540725,-27.971512700484535,39.26753267446121,41.016642958812184,38.90319880051893,236.3795970504391,9.213839960322698,8.033109887919421,38.43706892920544
1743,29.07905,1860.4623103907693,738.4249569139379,13635.5,1833.753333333333,692.2533333333333,-2.0952357585292134,detected,1860.4296053177757,739.0095212703872,24.502833251613083,-30.734399103565465,39.30638784744283,27.862545020036112,-28.36939145318948,39.763598760899896,41.03093785464981,39.71201170404527,236.3791325911625,4.79377174903487,8.196401219055286,38.90967480555586
1744,29.09573333333333,1860.7793382469777,737.6308532873749,13635.5,1828.5284552845528,695.8455284552846,-2.228118613061116,detected,1860.8619929515164,738.5055698167814,24.854138120632342,-25.46621586429592,35.584495671097926,28.195335290851222,-28.824362701836375,40.32146844214055,40.97732955255191,40.527873902536975,236.80942252141335,0.34019147775357916,8.68694481382499,39.37458326296414
1745,29.112416666666668,1860.765144777152,737.8024384820635,13492.0,1824.283464566929,698.511811023622,-2.31914056295352,detected,1861.3131444456787,737.9984338735422,22.951467107957797,-24.29491202334384,33.42173832447507,28.501109480415884,-29.22584506175398,40.822337772208755,40.98297000500982,41.33761454564965,236.9220286606016,-2.418562496422231,8.933840910665154,39.83277228327483
1746,29.1291,1861.2701409495548,737.5273738872404,13480.0,1828.2565789473683,695.5394736842105,-2.237105177896617,detected,1861.7814420890852,737.4678831361463,25.39591624338209,-22.43360368562344,33.885382337587636,28.84443998209286,-29.676310028506546,41.384599729713415,41.014520736083846,42.12825534837297,236.50474283202493,-6.0332249713804655,8.829687823551009,40.43169187317333
1747,29.14578333333333,1861.7574123989216,737.0686285369666,13541.5,1839.4698795180725,688.0180722891566,-1.9972856933352168,detected,1862.25297143946,736.9259897257411,26.310128822059596,-22.08125137695015,34.34828294115201,29.139494396661313,-30.11754707513234,41.90676288519394,41.02827427765429,42.887165662530016,236.1052264851786,-10.472734691683494,8.749262094705834,40.98325497461143
1748,29.162466666666667,1862.439376161142,737.1557763762589,13636.0,1831.33125,692.43125,-2.178529192458233,detected,1862.7579407464796,736.3544758111773,28.666834120595013,-27.41119808917074,39.66309568328559,29.445667614087345,-30.38157799949225,42.30942711711592,41.04044499843214,43.60221857369895,235.37806559495408,-9.965422170559249,8.271759568551026,41.49295863901041
1749,29.17915,1862.625568947311,736.4832562599375,13731.5,1826.2896551724136,695.8275862068965,-2.3001463902530483,detected,1863.2617719541418,735.8083987684442,30.61700047492559,-34.4855131766808,46.11563007420173,29.707172949512152,-30.726498146843976,42.73913678375165,40.93225735940108,44.261949362167805,235.27490822368097,-10.67567984031262,8.331565048464117,41.91919413423216
1750,29.195833333333333,1863.4387167335035,736.2342568963422,13715.0,1821.4344262295083,698.139344262295,-2.404962492586961,detected,1863.7851858632594,735.2322764454761,31.8487445422943,-40.09736523513175,51.20684746906289,29.961543959087557,-30.965676292234782,43.08790113996976,40.75664254012802,44.855715566131394,234.86338837363536,-9.851521846826516,8.07947130478329,42.323626594173035
1751,29.212516666666662,1863.829371959736,734.6990560131002,13842.0,1830.184782608696,692.9673913043478,-2.2493139101210664,detected,1864.3205055347817,734.6333344909318,32.91103714851488,-43.35739162592154,54.4334435323952,30.159379019429466,-31.13187507067225,43.34491652147396,40.56649429584165,45.37385610893924,234.07377299441163,-13.614018912727175,7.513949151741549,42.68866777493284
1752,29.2292,1864.3537232435303,733.8916325223298,13789.5,1833.7375,689.65,-2.1761484513245297,detected,1864.8581609071387,734.0564611945651,34.336040782376585,-45.91231934970892,57.331533772250374,30.394621737495367,-31.253449681690242,43.595999215195995,40.43876740016243,45.80784571283995,233.73211084221907,-12.946252152403224,7.218119238015586,42.99430081112099
1753,29.24588333333333,1864.8285551639356,733.3144023351864,13760.5,1829.395683453237,692.5971223021583,-2.2869109749378214,detected,1865.4242498445171,733.4128740018232,36.59169121074956,-43.444527862562154,56.80122240642173,30.71281415668954,-31.217868697736378,43.79306200133142,40.24524382723714,46.150440197751486,233.1442278114429,-15.391381509712547,6.557281502338839,43.29935725563999
1754,29.262566666666668,1865.67881587336,732.386789842782,13855.5,1837.446540880503,687.3396226415094,-2.1306365505697227,detected,1866.0102768713218,732.784541966559,36.579799045679465,-37.583495265006604,52.446170637683984,30.976549561542505,-31.15092987530963,43.9309350553247,40.13298083219377,46.3958081979333,232.29452759734804,-16.298181362095338,5.700190712567899,43.559555561042075
1755,29.27925,1866.2335831613505,731.965253388368,13809.5,1837.907284768212,687.0860927152318,-2.1338188998483263,detected,1866.600115216291,732.1809579095402,40.447129197717004,-31.572435962119016,51.31071011902795,31.212030780382086,-30.85896614277228,43.89153286040811,40.05991293677992,46.53964517227287,231.68418471410845,-18.412334035189925,4.860784611869285,43.6215477693456
1756,29.29593333333333,1866.956122928027,731.3246060693607,13845.5,1840.555555555556,685.1481481481482,-2.0901712921248063,detected,1867.1984913173735,731.6096110090648,43.15794492927216,-30.39669267279305,52.78794498711159,31.506650725340194,-30.551142145386073,43.88668734726016,40.02798392820564,46.57926614671975,231.22724236730807,-18.091433348499923,4.088254002850569,43.695852269115214
1757,29.312616666666667,1867.611215425724,731.0366023928167,13847.0,1837.006097560976,687.0487804878048,-2.1786732931197537,detected,1867.8291929478162,731.0429232956167,44.18464962351027,-32.25127066086179,54.70308694756203,31.72408694276333,-30.19732228985263,43.79835574344358,40.169357490945934,46.51367423850109,230.78371793523354,-18.955050798673376,3.338285849057531,43.67094930751127
1758,29.3293,1868.103981157696,731.1966184793972,13869.5,1840.8235294117649,685.1045751633987,-2.1052157012256423,detected,1868.4476210887835,730.4986514705038,44.37131936019159,-33.23663298077554,55.43904538917395,31.76780990856305,-29.8426418270236,43.58643157684069,40.267836113006865,46.34360258001117,230.53695011561157,-21.610688229284055,2.8485535164447526,43.49324959653585
1759,29.345983333333333,1869.427925833184,730.2237524593096,13977.5,1839.2885572139303,685.9950248756219,-2.1689592393914303,detected,1869.0734813970632,729.9476275073008,44.252186412260016,-32.77842714106691,55.06978561886402,31.727619834164635,-29.7106672801045,43.46683345460478,40.32633958709799,46.071527803449946,230.44512778368272,-22.618811465730413,2.7026868749871156,43.38272806343697
1760,29.362666666666662,1870.14749105217,729.4300884116712,14063.0,1842.220430107527,683.8494623655914,-2.120498756464514,detected,1869.676812531446,729.3921051987694,43.098400171048524,-32.275428079557514,53.843990890558295,31.687910448623587,-29.464378164231917,43.269772927586004,40.392513208707165,45.701653840029266,229.69785781173562,-23.001967607473855,1.974515373881701,43.224698243517665
1761,29.37935,1870.6501325119975,728.3637872167706,13961.0,1837.0445859872607,687.4649681528663,-2.2586148457657798,detected,1870.2684653295223,728.8709264459839,41.945702205001,-34.62262383104553,54.38904314672862,31.571143911935174,-29.087264532440578,42.927917325305884,40.46498718356522,45.23986547406908,229.36798431649316,-21.825559984785876,1.515466868122548,42.901159029330664
1762,29.39603333333333,1871.420475970261,727.9208850627869,14055.5,1833.4888888888888,689.5111111111112,-2.3499307740355126,detected,1870.8796456007783,728.3745236157863,39.86989091019859,-36.42930920522667,54.006506740958066,31.47043175545083,-28.749094238661225,42.625092309787576,40.536038807352284,44.693651849820874,229.2283429150207,-21.120280641607277,1.2205708303605292,42.60761318433579
1763,29.412716666666668,1871.929103086709,728.0932746533915,13860.5,1828.876923076923,692.1,-2.445260081164747,detected,1871.4812808536071,727.8955727030565,35.80392666308671,-31.672443264812046,47.802351687531335,31.26289553113514,-28.343710268051503,42.198750559109186,40.69829338908473,44.07200089654195,228.43191460516715,-25.946711194901663,0.46262058207290835,42.19621465187322
1764,29.4294,1872.539293534493,727.5580259390265,13853.0,1829.4435483870968,691.6209677419355,-2.44652666434955,detected,1872.0524926130865,727.4246635127149,34.59101533981902,-30.187485386845765,45.91102935265797,31.02128365223474,-27.97870245474319,41.77472717425523,40.81098012767737,43.38526634883849,227.2071283659152,-29.825140871807374,-0.5431349688084985,41.77119623483527
1765,29.44608333333333,1873.2128187605651,726.5437662602357,13901.5,1833.0283687943263,689.3617021276596,-2.394982330442504,detected,1872.6132848030163,726.9464658989245,32.93598600839323,-29.630324508771537,44.30276859114092,30.687691672610608,-27.70374100093079,41.34285531551816,40.84035815172689,42.64500961713406,226.6991761219957,-28.27658878710889,-0.8847485211160304,41.333387300029635
1766,29.462766666666667,1873.7271177550483,725.8438237608183,13981.0,1834.277419354839,688.9677419354839,-2.389900557339516,detected,1873.1794046722973,726.5091770742973,31.132540826397417,-31.68554060992392,44.420812487509046,30.430194306747453,-27.56492818664413,41.058762663787775,40.888495099100744,41.863819114250695,226.44983302007984,-26.089506285386868,-0.9878112026383796,41.04687832843315
1767,29.47945,1874.1420998980632,725.9881393536008,13897.5,1832.1525423728813,689.8305084745763,-2.430683877416449,detected,1873.7191084429494,726.0981898938352,30.223455835537607,-33.832560980992184,45.36628114773402,30.145331481225227,-27.301973082868077,40.6711045378731,40.94337316565647,41.05510970528019,226.28758454013342,-23.118924703563007,-1.0972596050151253,40.6563004427334
1768,29.496133333333333,1874.710675946963,725.0833062858379,13864.5,1824.4057971014493,695.3695652173913,-2.608059360769877,detected,1874.2557777638096,725.6698910212906,27.939135501364945,-29.191674944209808,40.40729115657269,29.878613444468115,-27.24065026322752,40.432469231144275,40.94247697289697,40.232904742589675,225.6735617394535,-20.547767189442936,-1.3903909393234528,40.40855579160527
1769,29.512816666666662,1875.0212668094944,724.5580933706137,13769.5,1832.2556390977445,690.187969924812,-2.4646083703623924,detected,1874.7769216774193,725.2318821432855,26.56589829954919,-28.421052426448114,38.90376811427015,29.582029637915795,-27.22109945513663,40.20055637730613,40.92602917311244,39.41160278418167,224.7650665989244,-18.30937832255874,-1.8341098603251957,40.15869487502334
1770,29.5295,1875.5742678202944,724.0192231111755,13811.5,1835.532258064516,687.4193548387096,-2.401076348513936,detected,1875.268395329955,724.8049324561532,25.57128656200075,-26.97589856901186,37.16974307204149,29.213029130593135,-27.04399283135171,39.809278054833975,40.92888793746301,38.605730716001666,223.90109000662093,-17.568720882250595,-2.296370464100285,39.742990601346214
1771,29.54618333333333,1876.066186186186,723.4637357357358,13875.0,1832.4591836734692,690.9081632653061,-2.5002919427819266,detected,1875.7523418735873,724.3954234816879,24.256717117721564,-25.08499406992769,34.89477400439031,28.807192206638362,-26.855457637414272,39.38362512193562,40.94952579651013,37.82968476331195,223.3797254778687,-16.94548218325053,-2.4924350571538803,39.30467777798247
1772,29.562866666666668,1876.2476768557892,723.8326366929573,13756.5,1847.381679389313,678.7480916030535,-2.1402965669256164,detected,1876.2292868647492,723.9760467921233,24.244625636297314,-22.39911195907962,33.0079094884785,28.349561210443472,-26.566761372535268,38.852161209512055,41.02713285826869,37.097460974937285,223.31231127142794,-13.977903374421075,-2.4037336115136547,38.77773195243363
1773,29.57955,1876.7925810202005,722.4680036816354,13762.0,1838.0181818181816,686.2363636363636,-2.3900822378583677,detected,1876.6916105632704,723.5806487524763,25.05969315555012,-15.626723927699459,29.53273982824588,27.936416130451082,-26.158235630332296,38.27135531315443,41.10296336239983,36.422377437251306,223.140519652342,-13.126175264500965,-2.4978736123765692,38.18975340221911
1774,29.59623333333333,1877.1087474762217,722.6321243523316,13703.0,1845.8061224489795,680.8979591836735,-2.2143281228439764,detected,1877.1192477601764,723.2232540974209,24.229429189810617,-11.58659417788067,26.857297025332706,27.520020914678682,-25.92869684832468,37.81069784329131,41.16864274648287,35.816791945232666,222.36660505135762,-11.117081317637675,-2.8604995882493007,37.70233962902435
1775,29.612916666666667,1877.3597864158523,722.6406912092488,13609.0,1837.9752066115705,685.8099173553719,-2.389689720381756,detected,1877.5516768967686,722.8911806780621,24.39978210443769,-8.046806815097625,25.692420412711982,27.094680057012063,-25.703973010060803,37.34723438079159,41.22693644754881,35.29182119766072,221.5743308488443,-10.623283084819727,-3.2124788463473664,37.20881475612401
1776,29.6296,1878.0751713384343,721.8584569266659,13788.5,1843.8666666666668,681.7523809523809,-2.277000919007721,detected,1877.9612738321398,722.5436096148084,26.247354277141312,-8.642371555537466,27.633570030919483,26.669546750788154,-25.69288042484472,37.032267395041366,41.27006033995174,34.85707057844529,221.8075965446393,-12.577575792525877,-2.7514716503524426,36.92990972335501
1777,29.646283333333333,1878.5547158843192,722.9797267838977,13762.0,1837.816091954023,685.6666666666666,-2.400054747175801,detected,1878.3489015467444,722.190518644521,24.585894387776534,-6.308731787404668,25.382401375998917,26.283471788659952,-25.758090879621584,36.80081704294251,41.22276598417282,34.52038667101242,222.02582612630067,-13.331000496544489,-2.2803431920887505,36.730098964669594
1778,29.662966666666662,1878.7157426746303,722.426599733734,13645.5,1844.841584158416,680.8811881188119,-2.2548287439932104,detected,1878.7184085984263,721.8405273368334,22.827374435570164,-10.86189886165539,25.2798312989338,25.907063366136022,-25.88669531215323,36.62372081644959,41.11847922076691,34.28764696496295,221.75060511138298,-13.573228370679303,-2.090293729479594,36.564020547058846
1779,29.67965,1879.19851500213,722.4421033412452,13692.5,1838.404761904762,685.8730158730159,-2.410748765349235,detected,1879.0830249473397,721.4779857931408,19.77709967535793,-16.80930733979949,25.95547119227235,25.596650555629175,-26.12465027190386,36.5743881903208,41.08340468276104,34.16260178475969,221.8397670954887,-12.76161061873716,-1.6434019514791132,36.537447933895876
1780,29.69633333333333,1879.9094033792828,721.7073097193579,13819.5,1842.2657342657344,681.6923076923076,-2.3256686483827407,detected,1879.4258820080272,721.093329195359,18.33867665949674,-19.592838897809997,26.836288821241787,25.360269127036258,-26.277959731652047,36.51950736050576,41.07997496989667,34.14678153989121,222.13834362812867,-12.802288662208664,-1.174836553424658,36.500605158363776
1781,29.713016666666668,1879.7652081888843,721.5401111800411,13701.5,1838.8026315789475,684.421052631579,-2.4053791445627715,detected,1879.7601114343215,720.6973108027775,18.46308828979636,-25.268996590994448,31.295491974284484,25.19811404651999,-26.461046099301146,36.53945692221996,41.094877558012385,34.23947778269536,221.4887389040988,-6.793991531172993,-1.3458287608853752,36.514663590359724
1782,29.7297,1879.939171511628,720.9493459302325,13760.0,1830.909090909091,690.9173553719008,-2.5920168270204784,detected,1880.088703895356,720.3005166100471,18.430241256251975,-26.297859633075404,32.113100349305874,25.088239489597072,-26.620341328221947,36.57953434802607,41.10431117836712,34.43779989375115,222.03741395438684,-7.563984216564509,-0.8078299071997712,36.57061311981866
1783,29.74638333333333,1880.0073491004944,720.0156213937781,13720.5,1832.9417475728155,689.7572815533981,-2.570226884681643,detected,1880.411375367901,719.9123107701845,17.09381922317516,-27.248157346401968,32.166142672208494,24.98972232214027,-26.649758575029665,36.53348948355526,41.08923087123969,34.73680184732552,222.5935169024016,-6.955062145012217,-0.36041424854832016,36.531711640908455
1784,29.763066666666667,1880.821567134414,720.1425480740177,13789.5,1843.102564102564,682.8333333333334,-2.3616562248381503,detected,1880.7386766780298,719.5129439180805,18.227909350853224,-26.328489685816294,32.022586535741574,25.12540074446481,-26.789906410044594,36.72852907521483,41.08472642206039,35.129667079417054,222.86738008687374,-5.736184730790558,-0.189895739551325,36.72803816754989
1785,29.77975,1881.1838809221276,719.7719247292309,13772.5,1842.202380952381,683.3095238095239,-2.3895724498598625,detected,1881.0688343453387,719.1115347107377,20.526906812032394,-26.599209559540213,33.59868825508218,25.356312603847872,-27.05586677877321,37.08048699807998,41.07465719170505,35.60793533179777,223.36530034209594,-4.3939942755666435,0.14403706156782192,37.08020724510144
1786,29.796433333333333,1881.3222736157145,719.0116910077576,13728.5,1838.3970588235293,684.7426470588235,-2.4678629056452066,detected,1881.4029364861062,718.6732656764237,21.44631545584798,-29.6105258658381,36.561286748187776,25.62452462482195,-27.37982174378169,37.50027867855607,41.01801697149558,36.16175408721471,223.55256059313862,-3.580004757070954,0.2940522914901784,37.49912577939966
1787,29.813116666666662,1881.4866595908209,718.7307518696092,13661.5,1830.3465346534651,690.2277227722773,-2.633122766957907,detected,1881.7569897575286,718.2074513697784,22.738497565535,-31.86137961148006,39.14315754106557,25.94092166101443,-27.622030984123512,37.89337689241706,40.898030168111994,36.78013862735459,223.1979985244513,-1.368479080891211,-0.002860391477458535,37.893376784458354
1788,29.8298,1882.1941696969695,718.2553696969696,13750.0,1836.8559322033896,684.9830508474577,-2.508495686414392,detected,1882.122312925349,717.7663290928368,22.497560576851356,-36.89507156793525,43.2132680772024,26.276926675941894,-27.840670742784113,38.28289203993008,40.81029159184201,37.45122802861862,222.98126195974407,-1.2730157400135715,-0.24295561871748816,38.28212109468695
1789,29.84648333333333,1882.345991250965,717.8292835349042,13601.5,1841.9172413793103,681.8206896551724,-2.413957340941544,detected,1882.5064725866816,717.3128536380427,24.267823614777626,-38.233721853260704,45.285149329007005,26.629962131833096,-28.061580873048193,38.68600786120854,40.726570758224696,38.162528539416485,222.92226022496186,-2.054898760940591,-0.39045666971150794,38.68403737753554
1790,29.863166666666668,1882.7901397600967,716.3829402198501,13630.5,1841.360655737705,681.188524590164,-2.437387970030016,detected,1882.9078255965019,716.8309222247547,26.40696042311083,-36.34535844103175,44.925634541927394,27.034618804799926,-28.359855600490825,39.181016112417666,40.676206941997826,38.90113985060236,222.85790512399126,-1.9962403897936571,-0.5276560729735316,39.17746294325587
1791,29.87985,1883.4222051525903,716.0224099881732,13669.5,1843.5179856115108,679.1798561151079,-2.3960664341174973,detected,1883.3369716046423,716.331026595981,26.552018545734427,-35.64778884254429,44.44968546812958,27.39329190845472,-28.707693780271075,39.68027373599665,40.57643816229936,39.65396317008198,222.8066944174394,-1.8930091276624714,-0.589447743132947,39.67589539155658
1792,29.89653333333333,1883.824078138718,715.2614257145644,13668.0,1849.9610389610389,674.5519480519481,-2.264642006070753,detected,1883.7727071958225,715.8346666980995,24.367989835253866,-30.785434341170458,39.26247440222729,27.77805504584242,-28.95028096525805,40.12155418347143,40.36552308548116,40.40789245789461,222.67868891769885,-2.1299937185595157,-0.7965053638671478,40.11364717029062
1793,29.913216666666667,1884.263791165836,714.8389035473468,13644.0,1854.0397350993376,670.8543046357615,-2.172846569432716,detected,1884.2293357773872,715.3233391003297,24.355044857791654,-24.82699281530813,34.778553481655976,28.167820851289235,-29.311697757971626,40.65220482292447,40.22784782744038,41.14999162417707,222.32777927867863,-4.6282105604009605,-1.086954161295651,40.637670794673326
1794,29.9299,1884.7637656924048,714.7838325820367,13754.0,1850.820895522388,673.0671641791045,-2.253806682249501,detected,1884.700498366643,714.7912688199256,24.62383873060935,-22.80487181962053,33.56181777765292,28.51265158238114,-29.66174415251986,41.143533713425825,40.08703348271215,41.867661024407845,222.02611964486994,-5.252661067658864,-1.3227022076187858,41.12226678209469
1795,29.946583333333333,1884.9867273278735,714.1891052471944,13737.5,1846.8187919463087,675.5838926174497,-2.350498846194161,detected,1885.195982702807,714.2260373592096,23.364192532087145,-25.920837395945,34.896637430896654,28.83107208102998,-29.93772538996028,41.56318225143762,39.98581184222877,42.54879634137842,221.67871373134236,-4.581617331230212,-1.6263252249352185,41.531351833632364
1796,29.963266666666662,1885.1145037241915,714.3768711939248,13739.0,1847.9292929292928,674.8989898989898,-2.326297608708583,detected,1885.7074694565813,713.6392873793536,23.760937880801976,-29.848263639449215,38.151028967321395,29.143429146617773,-30.1950781894034,41.96525002056005,39.88802955444904,43.181942093028354,220.92977402583344,-3.551147258061466,-2.2364358096528427,41.90561494784939
1797,29.97995,1885.6803913723493,714.1569247929776,13746.5,1844.3076923076924,676.4700854700855,-2.4027820725489764,detected,1886.2210766404048,713.0745532619917,25.2688258234939,-35.25912501508492,43.37879038571107,29.419443424696404,-30.355620703184332,42.27253670758955,39.787441306849885,43.7564407725415,220.9201282420427,0.5173173899780874,-2.3468971076140903,42.207338623286574
1798,29.99663333333333,1886.4326750664889,712.6798560718197,13849.5,1857.0540540540544,667.5472972972973,-2.1478325887530105,detected,1886.7471332750204,712.4626861973891,27.22399354127174,-41.142311891763256,49.333919894270814,29.71488661521942,-30.600639104334405,42.65411586411171,39.77652316641313,44.26257727702606,220.71344941289323,1.783111164553167,-2.563253609626045,42.577028208669105
1799,30.013316666666668,1886.516667873609,711.9146208994134,13809.0,1854.431654676259,668.9712230215828,-2.2124687492433117,detected,1887.2808808324385,711.8672508193307,29.803344871610534,-45.106478762059396,54.063238821293986,29.983322551387854,-30.786361595456057,42.97440740146087,39.82452064264994,44.69171706760544,220.70903126110036,5.55119629726555,-2.648888145237713,42.89269265388633
1800,30.03,1887.0727305605787,711.0451356238698,13825.0,1832.968085106383,682.6063829787234,-2.6576558456403667,detected,1887.8170742666994,711.2541437309443,32.97847394831297,-45.933958364292266,56.546514260138906,30.224050106452562,-30.764478002731924,43.12709486642859,39.919231017671585,45.03643561441702,220.37721178487442,8.516057615478179,-3.094810461080481,43.015909380459675
1801,30.04668333333333,1887.7610843921232,710.3808173617591,13931.0,1836.4770642201836,680.0917431192661,-2.6081030082675,detected,1888.3794987060276,710.6172898478621,34.968744064638486,-42.470451786419744,55.01411033908295,30.457265543799796,-30.723067832867144,43.26143688631354,39.912398923385375,45.29063620968436,220.58413982814164,11.286237599460165,-3.143491165171529,43.147078519442985
1802,30.063366666666667,1888.3076265472237,709.5706184077445,13842.0,1845.6637168141592,674.2566371681417,-2.449943077501868,detected,1888.9514169601812,710.0441695041253,37.04338101590383,-36.052254883896694,51.69117099953218,30.695373830133093,-30.49462267203328,43.2680943245864,39.980418928700814,45.44965317615191,220.51967951198282,13.720915477139638,-3.5214603164120284,43.12455569302994
1803,30.08005,1888.8498193396056,708.8026210663137,13976.5,1844.049504950495,674.9306930693069,-2.49422153965291,detected,1889.5212779783703,709.4540615665231,39.607153362521785,-31.694707963607925,50.72751827539676,30.894737875348724,-30.153123079249465,43.170541574305894,40.06146522686209,45.51033775918263,220.92543562193484,16.836902178052412,-3.5903162787447407,43.02098660929866
1804,30.096733333333333,1889.7417242371905,708.8356841297256,13896.0,1838.904761904762,678.7619047619048,-2.607392445693816,detected,1890.0908557792175,708.9033015452957,42.14497583980483,-28.971918972075855,51.14265418867368,31.14197656705617,-29.79003492174364,43.09604256937963,40.181055445722876,45.471124411479316,221.39714902461188,17.267974835854503,-3.6615744535032135,42.94021143011797
1805,30.113416666666662,1890.4742417177767,708.3364417823368,13940.5,1870.3108108108108,658.2297297297298,-1.9533783715359736,detected,1890.7077456487684,708.356671151958,44.613585108556435,-29.56049284243636,53.51817180478178,31.268509654783564,-29.457698636885123,42.959000279485515,40.299334820991305,45.33207561040388,221.9699179065745,18.82738099438731,-3.5484616422921356,42.81219598415874
1806,30.1301,1891.127929477532,707.8406794237799,13953.0,1837.3108108108108,679.8108108108108,-2.6614158801343857,detected,1891.3010905371414,707.848310139878,46.70609489141316,-29.355660670196812,55.165334344943744,31.34827927142635,-29.157752948050252,42.81225490743126,40.28817451292899,45.094903719014404,222.64444775239298,18.63122696271164,-3.3060829125202744,42.684411510930005
1807,30.14678333333333,1891.6718656412468,707.5922758091953,13913.0,1841.891891891892,677.2432432432432,-2.5940979278150627,detected,1891.907486825496,707.3490884749752,46.90589727456063,-28.141408494759162,54.70011033993019,31.27610865014942,-28.878003543773332,42.56916796191977,40.28467018826845,44.76296874286429,223.2557824338625,15.14303313850834,-2.9896072047022457,42.464059035044315
1808,30.163466666666668,1892.8701783147412,706.8678261282773,14029.5,1848.6707317073167,672.1341463414634,-2.475545878770999,detected,1892.4957098191621,706.8336152984439,45.4893220504473,-30.645420489461685,54.84906760907818,31.151900611347294,-28.60279757639951,42.29138140207465,40.2549455494129,44.341251226079535,223.63543823705496,12.507010042548767,-2.8081820991299047,42.19804562054826
1809,30.18015,1893.746156943556,705.864314645065,14073.0,1848.060606060606,673.4242424242425,-2.524138287001634,detected,1893.1003479994006,706.3523112326636,43.679948016368144,-30.632474803735022,53.35059860314675,31.025506283689147,-28.25420350984535,41.96286520407052,40.260288644296175,43.83630002820627,224.34705214312055,11.456182065854637,-2.437160266397921,41.89203153310762
1810,30.19683333333333,1894.4599522594065,705.5980572887124,14104.0,1851.4,670.6555555555556,-2.459887841508294,detected,1893.6982728652151,705.8797318986611,41.76181677177465,-30.330213221162012,51.61367235646413,30.873726218595305,-27.841640095878248,41.57335557600799,40.226995545596225,43.256155315969536,224.7067270344825,11.55732606671572,-2.3564929735708446,41.50651556942242
1811,30.213516666666667,1894.9778410319236,705.6677235713771,13877.0,1863.0,662.375,-2.206988854085794,detected,1894.2843166089915,705.4217562464113,37.443115076710455,-30.236336176009445,48.12715337516275,30.643639292606125,-27.513476217227655,41.18281198086534,40.22127801427149,42.610247718690445,224.80677270274478,11.540847676924086,-2.3520330336128197,41.11559245906716
1812,30.2302,1895.5631547619048,704.7215,14000.0,1857.2680412371133,666.2061855670104,-2.353327687978008,detected,1894.8566311498785,704.9876552327233,33.01200389342648,-28.332537039796534,43.503161450302066,30.335474602037284,-27.178339071640313,40.72963459231987,40.28806677749272,41.9092751247092,224.77962072877622,8.959488410028353,-2.3888397244449813,40.659520149588744
1813,30.246883333333333,1896.0283094950069,704.289760193553,14053.0,1854.0927835051543,669.7422680412371,-2.452492761280498,detected,1895.422356184683,704.5668996572679,30.410096389159662,-28.691360101820464,41.8087085054097,30.074231922828446,-26.841225744381425,40.310182649163444,40.31670412314265,41.16505891301876,224.91110149614,7.2384324802236755,-2.3485212892474507,40.24171061178773
1814,30.263566666666662,1896.65709243958,703.8497335193333,13978.5,1856.298245614035,667.359649122807,-2.406494462466459,detected,1895.970604004503,704.1642546230046,28.498997487628912,-30.626287410374516,41.83494159602405,29.744359174199307,-26.510769858474163,39.84404373520284,40.328006983468654,40.390381396357824,225.37219426809895,5.140699747087967,-2.028045515906566,39.79239691898652
1815,30.28025,1896.784952064364,703.2956111191405,13838.0,1856.4,666.8166666666666,-2.4069680095421657,detected,1896.5037210878975,703.752104910772,26.506844047968116,-29.328782655327814,39.53214228228418,29.414342956367094,-26.380425587805323,39.51114305798449,40.31412736756965,39.59880582337727,225.64427964196196,3.179956716831672,-1.7015377108697898,39.474487902530214
1816,30.29693333333333,1897.4911570038696,702.9227820174328,13824.5,1857.4794520547944,666.6849315068494,-2.40564759789261,detected,1897.0275126449253,703.3724889042879,24.708074848808792,-24.8337067862235,35.03144238364245,29.11555952460405,-26.360809140914142,39.27604950850409,40.30107051486289,38.80447947419259,225.78784857178138,2.277249951335579,-1.4083327862491615,39.250791887013435
1817,30.313616666666668,1897.905847681092,702.0947488993091,13968.5,1854.476821192053,668.8807947019868,-2.4886948488425884,detected,1897.5391603333514,702.9707005032619,24.010151039972698,-23.592144221173385,33.66120351257434,28.794122231107664,-26.312489174204952,39.00575036584505,40.33342324060461,38.02191933615252,226.17262346753526,2.405616901468969,-0.9569788222452331,38.99400919546996
1818,30.3303,1898.2426667623693,701.7614484639678,13932.0,1858.2235294117647,665.8588235294118,-2.4103619042006623,detected,1898.034412137027,702.5700826300902,23.94595868192573,-21.23295674156134,32.00386522258693,28.480385259869774,-26.245722092232178,38.72944968229334,40.47592081242241,37.26577882479174,226.56768530467144,4.322616743376593,-0.5208815530489552,38.725946794119636
1819,30.34698333333333,1898.454266153809,701.8774705469676,13779.0,1862.3333333333333,663.0617283950617,-2.320248825585331,detected,1898.5307554970123,702.1876105737042,24.95521351890875,-20.364524571502443,32.209882688355954,28.102458825541273,-26.124583143813577,38.36980631276722,40.6496440652698,36.550593380830556,226.81014345824497,5.988384860751293,-0.18666255997093018,38.36935226933048
1820,30.363666666666667,1898.8538781163436,701.6604339796861,13718.0,1868.9650349650349,657.972027972028,-2.1707962722813394,detected,1898.9978638398447,701.8113161977698,24.98930748063958,-16.78546174689245,30.103441903183416,27.7185247435422,-26.049911724710498,38.03832954828025,40.79723173532962,35.89050299950261,226.92290865191717,6.874832925791494,0.09653072531392226,38.03820706398556
1821,30.38035,1899.3667320593863,701.0271985274528,13763.0,1868.9756097560976,656.609756097561,-2.1708502303619963,detected,1899.4404528620262,701.4465344552276,25.208822188659724,-12.367308449974189,28.07908535611988,27.267532657137576,-25.799378305779786,37.53833051925464,40.91892409539362,35.298951358414136,227.2596466892931,7.1945413718451015,0.44216248760264065,37.53572632183054
1822,30.397033333333333,1899.894774421532,700.9229838319295,13772.0,1866.5209580838325,659.1736526946108,-2.245162554972936,detected,1899.8619610098474,701.1295097204506,25.91115338687723,-13.018513361247187,28.997750946845013,26.86062227522999,-25.661338405942033,37.14831514075513,41.0060097095926,34.78836459918166,227.56348789225376,6.310491394703191,0.8139035055386614,37.13939793373782
1823,30.413716666666662,1900.3440424016324,700.258261195021,13804.5,1872.19018404908,654.7361963190184,-2.1246833742148765,detected,1900.2868267232473,700.7966278821218,26.771042807556114,-11.68276831171488,29.209173360935967,26.439017980776214,-25.732369577688388,36.89412576373847,40.97947617065123,34.36981798300689,228.10781407815705,8.82034701717073,1.5010903660768236,36.86357610953422
1824,30.4304,1900.8619211081,700.7313821138212,13837.5,1876.59375,652.1145833333334,-2.0337817515871155,detected,1900.6765289800976,700.4427652193463,28.05360039281186,-11.536909194080181,30.333228788772644,25.986306960647564,-25.79845316031943,36.61759597404225,40.893275642257414,34.05270494848676,228.96912482294078,9.019691306896688,2.402099043829086,36.53872268021737
1825,30.44708333333333,1901.0448087828115,700.7663438403038,13784.5,1871.0238095238096,655.8015873015872,-2.159483690956724,detected,1901.0479710901361,700.063544756098,24.62762825941627,-11.77727754606758,27.298797410895347,25.559157376347926,-25.87394636233733,36.36937758815828,40.767463123401775,33.844429216074225,228.7173134631249,6.796234964108449,2.580043810530782,36.27774800185055
1826,30.463766666666668,1901.5356833285175,699.9936675334682,13844.0,1875.8272727272729,652.4272727272728,-2.066296682131115,detected,1901.4099173900854,699.7054456759607,23.39213235053103,-16.654767684435683,28.715381636455458,25.160723016463482,-26.144689072592353,36.28507612522985,40.683081558835084,33.750144655606135,228.2236254212201,6.181472579941041,2.7347188738706976,36.18187477307693
1827,30.48045,1902.0615473733756,700.3822574611105,13810.5,1873.3,653.6666666666666,-2.1226607558610286,detected,1901.7504829624907,699.3037125136573,20.13601491281952,-21.217156956280633,29.25109990883655,24.8150605260902,-26.352056412962952,36.196935037451745,40.763526020527834,33.772567803322936,227.64315512370206,8.739538907866818,2.7541474740049416,36.092004347181025
1828,30.49713333333333,1902.8575411007864,699.5946628544198,13990.0,1867.8316831683169,658.2772277227723,-2.2739686488967283,detected,1902.0720698255254,698.9062986772601,18.329320730768814,-26.00490654368832,31.815391916450675,24.518373307055047,-26.73032077494152,36.27203714096273,40.893349709819525,33.91188308397421,227.50479626478491,8.472757966560122,3.1463117209578257,36.135320683646114
1829,30.513816666666667,1902.2805341439584,699.1986031194587,13816.5,1869.5263157894735,656.2857142857142,-2.222737720427106,detected,1902.3937022223683,698.5009260802834,16.565220281796428,-28.114755536443226,32.63197820939461,24.29560420206496,-26.981754716562396,36.30828378108959,41.02076220723575,34.16575131398166,227.1116242462196,7.232134646879003,3.2341050704642917,36.16396045127429
1830,30.5305,1903.044297945411,698.2142488322106,13879.5,1865.315789473684,659.5657894736842,-2.344150199507649,detected,1902.694083223105,698.0953300240662,14.711388693817753,-27.000994660016204,30.748636879231125,24.225729284116294,-27.29541559820153,36.495556880609904,41.077505531975405,34.52941989416359,227.35309677094185,14.659405645101959,3.664538295390887,36.31111167545613
1831,30.547183333333333,1902.7979754209848,697.7201338485056,13846.5,1856.6510067114093,665.9463087248322,-2.538602511566965,detected,1902.9894585508182,697.6882269484688,13.593855702925794,-28.904314256923954,31.94138844093953,24.226722721472647,-27.674571906686538,36.780647411940464,41.15688021026838,34.99592121092235,226.711143680814,14.876800046482197,3.5327890441498155,36.61059171347846
1832,30.563866666666662,1903.3249092281696,697.6939281734192,13908.5,1860.5298013245035,662.8145695364238,-2.457753163299355,detected,1903.2869177392838,697.2595759663311,13.531515931707872,-27.567730792415205,30.70963536828696,24.239293404906896,-27.94198546557817,36.99051089844184,41.22505316299682,35.55633700968551,226.1603247080748,15.663407337953169,3.3648447236103394,36.837151308342726
1833,30.58055,1903.4334366440823,697.131589063476,13874.0,1859.6438356164383,663.1643835616438,-2.481850936462867,detected,1903.6072980367094,696.8191269939068,17.309217013739726,-27.252034282605564,32.28439818502191,24.37351825951183,-28.28497344983927,37.33775723587143,41.22505175680315,36.2001025935916,225.75293233946203,17.86056775233465,3.2548765754904174,37.195616595012815
1834,30.59723333333333,1903.825250694696,696.9946478192581,13795.0,1866.9219858156027,657.3829787234042,-2.3208121960621004,detected,1903.9399570179505,696.3537392306446,17.46851516222432,-26.772391308813894,31.96732641878446,24.610057247636437,-28.743161784584924,37.83945384260674,41.21283911564776,36.91532574425158,225.80428522965755,16.934315758581338,3.4518227626549844,37.681682376480786
1835,30.613916666666668,1904.091026898715,696.2625440540639,13761.5,1870.1270718232045,654.2265193370166,-2.2503797238012297,detected,1904.280435530081,695.8961281335622,20.486663579923515,-29.943560969097234,36.2811277132755,24.942335512178555,-29.272391634720545,38.45767820368958,41.159744092384656,37.689100021198286,226.18533651018825,15.125795919655232,3.8541881499923107,38.26405946215064
1836,30.6306,1904.336595102478,695.6548123265663,13694.0,1865.4590163934429,658.1475409836065,-2.374132083749285,detected,1904.627857090241,695.4291392928174,21.67281124854526,-36.460799920784666,42.41580693890617,25.33013885630186,-29.67909335459318,39.01877133932065,41.18046135191214,38.507798679978904,227.2326666719109,14.134396774561152,4.588187172059762,38.748071633364376
1837,30.64728333333333,1904.8713360599863,695.2019670854027,13692.0,1865.3416149068323,658.3229813664597,-2.3908721194942126,detected,1905.0032080266842,694.9087878352117,23.606359809644346,-37.859895292713645,44.616498014048936,25.69488050419438,-30.038230066441145,39.52875092447619,41.22713069526599,39.35734205930663,228.20002449623908,10.65290743838892,5.266324161725649,39.1763701671416
1838,30.663966666666667,1905.190537256195,694.6398954554892,13646.5,1859.5762711864409,662.5988700564972,-2.529234793517682,detected,1905.389154350016,694.4067198451612,25.012991889962905,-38.413060197241066,45.838989484981184,26.08629191441406,-30.5571132697885,40.177503621139884,41.241901959381046,40.2234367210421,228.3786074340147,8.799718270651347,5.516319308247237,39.79701017056642
1839,30.68065,1905.678761277737,693.8170446232626,13670.0,1861.6204379562043,660.4452554744526,-2.4933432794507726,detected,1905.8090932667492,693.8657329969941,24.683999877575843,-36.720122175848246,44.24553336287615,26.439237648810334,-30.9617459256655,40.714407747328636,41.164076519172916,41.091788387338035,228.97533368459958,5.139193060429944,6.004089989692051,40.26926745809283
1840,30.697333333333333,1906.1868216204364,692.4980326231286,13681.5,1866.3191489361704,656.9148936170213,-2.412919356806617,detected,1906.2259814798042,693.321043010614,25.040236160511995,-35.948489307329965,43.80989968549836,26.77941032163462,-31.456323960620363,41.31146492548975,41.100507267157404,41.948292838001244,229.05881128459868,3.453293092225299,6.213440192592625,40.841526602993724
1841,30.714016666666662,1906.5624031716984,692.5060811222934,13662.5,1865.2777777777776,656.7569444444445,-2.4279291472655977,detected,1906.6732113042106,692.7601634849764,24.396138298355254,-32.762291842574996,40.84775796357166,27.115136093156757,-31.930729891285953,41.890358278972435,41.10198794277792,42.779209697854164,229.47936150621453,-0.39498452157004993,6.655548065788942,41.358261528800355
1842,30.7307,1907.1042564065124,692.1237375581027,13697.0,1870.6898734177216,652.7911392405064,-2.317687703704137,detected,1907.12920714955,692.1650245158494,25.323332174742063,-33.206994714092616,41.760934500728084,27.466662181894158,-32.43509131401562,42.50238440326409,41.03241134749526,43.57132381836012,229.547404374941,-4.728907169859078,6.860372891407817,41.94505887173915
1843,30.74738333333333,1907.097853420314,691.605039056331,13719.5,1872.7462686567164,650.6940298507462,-2.2692603125367152,detected,1907.5993357554821,691.5386842147315,24.252240473931124,-34.381273219068134,42.07425716717521,27.78179889849242,-32.83064822478291,43.007904074666506,41.02781178151591,44.31209808206456,229.59329727701558,-8.374087151992695,6.990895230500037,42.43591871011971
1844,30.76406666666667,1907.7552623990773,690.9422097270281,13872.0,1873.5649717514125,649.6045197740114,-2.2618430001971865,detected,1908.07416227945,690.9082360037562,24.490053276091203,-34.278888252085835,42.128433263827574,28.060979563637698,-33.09042279670427,43.38657228838824,40.9381127736359,44.989820225501255,229.53858866770165,-10.503793245546786,6.966849705723796,42.82356430884046
1845,30.78075,1908.1140271493211,690.976036199095,13812.5,1869.5732484076436,652.0127388535032,-2.350742977967081,detected,1908.5583297758917,690.2680948477064,25.658480025177596,-35.88430568049307,44.113954610457505,28.332431060805092,-33.263353820015965,43.69413412771609,40.87119168716623,45.59374492135272,229.65492208848093,-11.08924714158789,7.009850397647099,43.12817355944314
1846,30.79743333333333,1908.783175114932,689.4637650008956,13957.5,1868.0901639344263,653.311475409836,-2.4152149886066234,detected,1909.0670056885963,689.6150281827363,26.586054593748486,-39.53886232098512,47.645985481461,28.551029338254683,-33.45170207241107,43.97928657692426,40.79589615683201,46.11423105733755,229.89919079403464,-12.360223143366198,7.196917402385452,43.38642676827019
1847,30.814116666666667,1908.862061917644,688.5492275323114,13862.5,1874.324074074074,648.1203703703704,-2.277775968857144,detected,1909.5967866516141,688.9903510704726,29.246133232479224,-38.10390235223804,48.03377648614376,28.731353480978086,-33.70358311505573,44.287946301927136,40.69114148177669,46.542873009992235,229.93143238980528,-14.041291100151321,7.298013582045019,43.68250433982314
1848,30.8308,1909.4972167355,688.3746094451428,13922.5,1865.53,654.88,-2.490576696867347,detected,1910.1335194936626,688.3201190467727,30.651653724651624,-39.29940464117499,49.83941292999704,28.916750698222096,-33.8182895354043,44.49556357709793,40.59634076480892,46.87262380159651,230.02258163588482,-13.9810343235358,7.336281042555541,43.886605684516134
1849,30.847483333333333,1910.0496415446717,688.2353876739562,13832.5,1872.9847328244275,648.9007633587786,-2.326494724871728,detected,1910.6829552059116,687.6704108497865,32.6425732133539,-38.376792377170204,50.38170083621233,29.10046625981774,-33.746197193837595,44.56055387429742,40.503764065768294,47.09790737945442,230.34696831936617,-13.26338641241081,7.4118900089066635,43.93980937691961
1850,30.864166666666662,1910.485596268205,686.6468682120856,14041.5,1880.36,642.8240000000001,-2.173042987107988,detected,1911.2246075455448,687.00778016953,36.60184617896357,-35.34147128000404,50.87941367531529,29.28060516558014,-33.40916913488209,44.424389935549556,40.54215047600173,47.21471686504716,230.47161702769625,-13.524753690076881,7.132860598803649,43.84801843668412
1851,30.88085,1911.222637575932,686.933647244887,13910.5,1891.183908045977,635.5172413793103,-1.942421632302622,detected,1911.78492391752,686.3545416026309,41.390761308454785,-37.172973542663385,55.632949622476694,29.41491092972491,-33.14069239187705,44.31187738312006,40.534215384615834,47.22069545241728,230.9017046353143,-13.538676678242325,7.168743538631084,43.72815561276285
1852,30.89753333333333,1911.9462831109045,685.6262239555381,13974.5,1879.829787234043,642.5106382978723,-2.211020904518852,detected,1912.333368774072,685.7154505907766,42.82240039653516,-37.75423334598554,57.088879050689904,29.66987796626769,-32.5953226811343,44.076714024760115,40.512125892069335,47.115196654748985,231.22484833837376,-13.841981286205378,6.830398975178806,43.54425758995509
1853,30.91421666666667,1912.4831255554757,685.4901155389013,13877.0,1881.372549019608,642.4901960784314,-2.19712267227898,detected,1912.9150270379685,685.0972191559675,43.53230057975907,-37.390861013261656,57.38586656206859,29.918119413485243,-32.139532674171654,43.90949134018418,40.45574887057616,46.89932080052409,231.18927291260943,-14.993908029388141,6.292614434228824,43.45625885112345
1854,30.9309,1913.7092163569475,684.6135148159901,14179.5,1899.0568181818185,629.5113636363636,-1.8306952923269213,detected,1913.465940383027,684.5063484153825,43.898726660457214,-35.24817108308298,56.298594717024905,30.04603413691732,-31.697414110054147,43.67482373886655,40.42061752322094,46.575925093413694,231.09205666016143,-14.971008111704096,5.794494507685744,43.288729041419785
1855,30.94758333333333,1914.479196860971,683.6952997042431,14144.5,1894.2843137254904,632.313725490196,-1.9452861368630567,detected,1914.0532110110291,683.9108854132309,43.63591375484066,-39.79150493209977,59.0546935812998,30.108049261067407,-31.296103259499382,43.42741886799294,40.45799378787162,46.149605192967854,231.03417657537892,-17.35136292050974,5.399735043788091,43.09041158996972
1856,30.964266666666667,1914.964434624568,683.7092287041327,14030.5,1896.0104166666667,631.3125,-1.917891847980729,detected,1914.6216563693838,683.3207708028582,43.580852755129854,-38.33299861764249,58.040585023623684,30.053755107920413,-30.8391926098237,43.06139799069066,40.538699118212755,45.626647120360104,230.4918346450424,-21.257622646377968,4.673639607025358,42.807021500406925
1857,30.98095,1915.5154689374235,682.9538960344889,14033.5,1900.1333333333328,628.3733333333333,-1.845496014390409,detected,1915.1882422404728,682.7670308154864,41.24598566734767,-36.15496266537366,54.848998705588166,30.020396602326095,-30.326271899521018,42.67208665491565,40.666892999666146,45.01494928620843,229.94132439539274,-24.386847094539778,3.8910174574111807,42.49431682743884
1858,30.997633333333333,1916.243546496328,682.2180195698461,13933.0,1887.53125,637.34375,-2.139995114537411,detected,1915.7530785527606,682.2396190633978,38.021910300865784,-36.56674371612803,52.75217918653288,29.87271445687143,-29.86643928531135,42.24196094649211,40.80966133599227,44.32391551396068,229.18060869442823,-27.463828446483493,3.0750413934007916,42.12988707596824
1859,31.014316666666662,1917.0896121160329,681.0261477472345,14042.0,1882.037037037037,641.4629629629629,-2.2958167993368805,detected,1916.3234255252505,681.7608553274857,34.82786643405325,-34.48474232563217,49.01201621657183,29.641504106174242,-29.447165254411107,41.78222477557821,41.060293366696534,43.56432101597017,228.5977434037004,-29.025908761106706,2.4847235750429455,41.708278026700725
1860,31.031,1917.8713044097744,680.7644558428914,14037.0,1875.626582278481,646.1582278481012,-2.455262730509774,detected,1916.8752986345055,681.2915733876702,33.267505846207314,-36.16958134705283,49.14229909200942,29.396739131309605,-29.06069109125977,41.33632831125539,41.25764151003608,42.74815425337953,228.17680272129877,-30.319794227396024,2.053451630445636,41.28529247392241
1861,31.04768333333333,1918.0583921554576,681.0364995760029,13954.5,1868.6015037593984,651.9022556390978,-2.6092385564214284,detected,1917.4134554437514,680.8357348440358,29.903759645832906,-34.67687312053272,45.78995927464087,29.101497615556013,-28.695574857124345,40.86970980872068,41.373251469327435,41.88843833690158,227.51628034901987,-32.80689282725141,1.5075153028289243,40.841897329345215
1862,31.06436666666667,1918.692841766612,679.4111016488066,14091.0,1882.094890510949,640.2992700729927,-2.3230025172163065,detected,1917.94410168941,680.4023062242295,27.049557431136236,-32.822782286968504,42.532500447047205,28.807325578743647,-28.353154162965215,40.41983866851289,41.39208427186654,40.99903598907885,226.450759290757,-33.86672291372314,0.7022651838626999,40.41373753564676
1863,31.08105,1918.720172707864,679.6111687599146,13973.5,1871.1881188118807,649.7326732673267,-2.5804110778119287,detected,1918.4602747497252,679.993017714664,24.477318045184802,-29.094586873055277,38.02149502582572,28.480771087241536,-28.082343628330975,39.99715421606285,41.381979148329485,40.0944420162133,225.25485555894122,-37.035972737622096,-0.1038228845511533,39.997019466357216
1864,31.09773333333333,1919.419265814955,678.5656983798444,14011.0,1881.8591549295772,640.7183098591549,-2.352384839325021,detected,1918.9635625932756,679.5796634035158,23.706052941584858,-27.64487427746849,36.417248933524114,28.162146800509493,-27.833407894911137,39.59551878000777,41.34731163012182,39.18956668517432,223.8473662351704,-39.03620678486882,-1.0288921398469064,39.58214860795849
1865,31.114416666666667,1919.5964381481217,678.061068792862,14047.0,1871.6782608695653,649.7913043478261,-2.6085888875311687,detected,1919.4561608387703,679.1717300358536,24.824564871485563,-24.819981431026235,35.10399548904771,27.84827529052053,-27.83015006660081,39.37059422190802,41.28625422465935,38.29951235936211,222.48755137392712,-40.159600733232026,-1.7386711049257748,39.33218417752863
1866,31.1311,1920.1931596478703,677.6836307399476,14010.0,1872.9454545454544,648.5,-2.5882795663082643,detected,1919.9326897805975,678.7529752522322,23.486234825126303,-19.067702361275224,30.251950343724225,27.525258737356772,-27.598858949979014,38.9786721669591,41.26826667997917,37.439344307174046,221.31953040377005,-42.77333050361528,-2.4501864784563523,38.90158698716624
1867,31.147783333333333,1920.523046645306,677.7549051373438,13888.5,1872.7622950819675,648.5081967213115,-2.59213544908113,detected,1920.4008341091314,678.3685717457714,22.321276829228736,-22.619301586975098,31.778486489598556,27.204961314258753,-27.462534782529012,38.65618626807269,41.175016138147704,36.62385500568566,219.77723967227374,-41.749564468351466,-3.3373874635251397,38.511849886888534
1868,31.164466666666662,1920.986033922772,677.5587754120053,13855.0,1876.073394495413,644.9357798165138,-2.51338994355116,detected,1920.845837032878,677.968885182677,20.25804445590711,-19.05952122435906,27.81463130223556,26.785005756295252,-27.21787790963183,38.18703197773289,41.126595528736786,35.867319950165125,218.40643215717452,-40.4369935158473,-4.080646925679034,37.96837805248389
1869,31.18115,1921.4559411828309,677.3631864105429,13873.5,1877.3557692307693,643.9711538461538,-2.4935083491267798,detected,1921.2809306594263,677.5810686262263,19.74242779780252,-18.159848018816092,26.824308666169653,26.392245530123223,-27.03833244259557,37.78388605475389,41.071448693681475,35.1832425059407,217.02297750285308,-38.54778336936348,-4.790679893644782,37.47894651074458
1870,31.19783333333333,1921.503415374607,676.9053935210284,13834.5,1873.7894736842104,647.4421052631578,-2.5884058581200606,detected,1921.7020901610117,677.2332731414331,19.82685479313386,-14.20382449640124,24.389604369742923,25.956240798914976,-26.855384757894395,37.34887049036162,41.08994846315475,34.584086293023994,215.6428635292045,-37.89403457514924,-5.44426172381004,36.949941017388134
1871,31.21451666666667,1921.614995564465,675.5760665445455,14466.5,1875.622807017544,646.4561403508771,-2.577154553646323,detected,1922.117180392208,676.844956311184,19.75154406521324,-13.39417199403374,23.86477186913418,25.529672436674076,-26.747696589615952,36.97571429430443,41.08671116662977,34.080996418820455,213.93467645173772,-36.53309801478347,-6.249489527229265,36.443755682188964
1872,31.2312,1922.0865769496204,676.1468484011962,14490.0,1878.1627906976744,643.9767441860465,-2.5094462365186017,detected,1922.4885758446487,676.4683226409816,23.004431931003637,-8.612965393827835,24.56393822951555,25.12077484795567,-26.82081130002087,36.74791487626216,41.1639131982347,33.68351561272517,212.60964111573247,-34.319122842519604,-6.706707832949853,36.13072539814913
1873,31.24788333333333,1922.4416028462188,675.9219138048538,14428.5,1877.0,644.8611111111111,-2.54200455714631,detected,1922.8546028899202,676.0889573917536,24.919646811817074,-6.670449130179122,25.796970535782147,24.709117530031694,-26.789436899440727,36.44467613386125,41.22794640107767,33.39930736549275,210.46980017908018,-31.307318667603564,-7.712204773050795,35.61932503628569
1874,31.264566666666667,1923.1258827620109,676.6566070764841,13900.5,1876.6241610738252,645.3221476510067,-2.5486441799913453,detected,1923.2039958826315,675.7441788564175,28.437932212146734,-6.5376404481455666,29.179731512333724,24.329040261278163,-26.817400832844577,36.208772244641864,41.31855839403809,33.233904194163905,209.47265603865415,-30.742052367537976,-7.986254477367757,35.317062829276594
1875,31.28125,1923.2223676355788,675.9899090783855,14518.0,1873.2,648.0695652173913,-2.632508308203501,detected,1923.5270377023985,675.3647073627096,27.34825194568748,-7.38019235773686,28.326562158546466,24.00041097076997,-27.024483245564422,36.143359299540045,41.43639167233014,33.19050326301017,208.49637439274758,-27.168575409356144,-8.199230446981183,35.20106591472685
1876,31.297933333333333,1924.4001934166697,676.4712680731163,13959.5,1873.4761904761904,648.0,-2.631794850699249,detected,1923.8421309469975,675.0028867968936,24.966516028184742,-13.044139275422594,28.168714774057904,23.734509403705676,-27.110914662050213,36.03232757465943,41.4579080106304,33.26983194330535,208.24440315178654,-22.201138272643632,-8.078810594335739,35.11497472344827
1877,31.314616666666662,1924.4559930134349,675.6851379966263,13931.5,1875.0762711864409,645.728813559322,-2.596296069631039,detected,1924.144759797008,674.6118715800013,23.450644932091564,-17.15048945773151,29.052917863285117,23.565798924245453,-27.326410574810872,36.084340008390114,41.442895916593095,33.47010144569415,207.7912503062568,-20.013010240019927,-8.106554284792253,35.16195915288026
1878,31.3313,1925.1372675097043,675.0083351194303,13997.0,1879.378640776699,642.4660194174758,-2.523407095143805,detected,1924.4390662721423,674.2332500586577,20.221910683258102,-23.378108279661774,30.910542188988835,23.430886343190213,-27.535785294207223,36.15557919043998,41.42094453218995,33.78705779684745,207.4723599667938,-17.69285631006206,-8.085840311807507,35.23982254563897
1879,31.34798333333333,1924.8451117904451,674.7477791764071,13902.5,1871.4793388429755,649.2066115702479,-2.6952064349583837,detected,1924.7425017862433,673.8283143434802,16.885436454064802,-27.862936809302482,32.58007384711465,23.47355563860152,-27.773743051186777,36.364661656502,41.41341315054351,34.21412806065981,208.02039759720498,-12.372175083436742,-7.674282937714786,35.54566075885729
1880,31.36466666666667,1925.2177234070705,674.6634790035245,13855.5,1871.679389312977,648.6106870229007,-2.688706710864944,detected,1925.045781613745,673.4097223552029,13.591081011376446,-33.2235115033518,35.89594962765502,23.633172639920897,-28.131540839213862,36.74112735092192,41.319404233106226,34.74264862823833,208.46689561184294,-7.256059129106431,-7.366823834100382,35.99500445359041
1881,31.38135,1925.7456115245184,674.1116437702728,13976.0,1872.3014705882356,647.9779411764706,-2.686790988812131,detected,1925.3582708265928,672.97512470939,14.418403353637586,-34.065433429113,36.991135559502865,23.790132361121284,-28.31318908367045,36.98117188309946,41.19121354660681,35.36215426896517,209.49810108345753,-3.4003138329098372,-6.765000805922162,36.35714287376304
1882,31.39803333333333,1925.7879433648773,673.3531628500566,13843.0,1873.780141843972,646.5035460992908,-2.66502077177522,detected,1925.6729806174844,672.5562868886118,14.827483999374635,-36.37399873883851,39.28004666500202,24.003484244364703,-28.70564906221572,37.41899977220865,41.09106098551755,36.06070298661015,210.57268581422653,2.7397163786937733,-6.066046652630417,36.924038538067066
1883,31.414716666666667,1925.7422166427543,672.2287422285988,13940.0,1874.9154929577464,645.6830985915493,-2.660282453718687,detected,1926.0028704993977,672.1071006923513,17.58082688698869,-40.605741196105555,44.24829592329368,24.274579132620435,-29.097969209046997,37.89389138313059,40.9604985435064,36.8252126127474,211.39795975000962,6.191096283669745,-5.560598910365098,37.483686370400456
1884,31.4314,1926.286234257844,671.7359928174517,13737.0,1872.55,647.3714285714286,-2.715906308234159,detected,1926.3522899248794,671.6065201385777,18.53066230866898,-42.0490917492009,45.9511867369129,24.633521738764593,-29.533154474307487,38.457997951758955,40.84096284334123,37.64178934656243,211.80638827594916,9.793644639197982,-5.368937312616282,38.081388086448385
1885,31.448083333333333,1926.6113695841811,671.2016089948628,13756.0,1871.0307692307688,648.1384615384616,-2.748265494576519,detected,1926.7307920780422,671.1006818841861,20.064749696509352,-43.693924588345226,48.080694944182866,25.029004661824725,-29.963839338785906,39.0420637554192,40.66614258139579,38.49603443727126,212.3654058416561,10.370097216834314,-5.100631370867404,38.7074450448585
1886,31.464766666666662,1926.9897490408816,670.4998289470469,13641.0,1879.3245033112585,640.2913907284768,-2.5767171207645347,detected,1927.1138213435156,670.6098530595815,23.064805264292772,-39.26630984482972,45.53930533846469,25.404656213565072,-30.31621535988389,39.55337496442359,40.51261781746025,39.37332134860873,212.80503030445018,8.8023340755474,-4.9283172983134165,39.24514186091618
1887,31.48145,1927.3582471400896,669.5682297186993,13680.5,1875.027397260274,644.2602739726027,-2.691139192595835,detected,1927.5250936548957,670.0549701395953,24.813295244001893,-37.952128568118724,45.34383843166589,25.77638348747792,-30.777404814785196,40.14561735515706,40.441055058367844,40.25904098241636,213.56163926602673,10.670718583575493,-4.464454202469138,39.89660689207471
1888,31.49813333333333,1927.827358502081,669.2316940691103,13654.5,1879.5380116959063,639.9356725146199,-2.5962782728348768,detected,1927.944318353645,669.5144990919589,24.003518828091728,-35.12923851945652,42.54682497070048,26.051836463082225,-31.191326382056815,40.639845282323286,40.463457065040686,41.13881635900283,213.98306438671904,9.902654270148643,-4.167932155681928,40.42555338046477
1889,31.51481666666667,1928.253364859949,667.9076270158846,13745.0,1881.0218579234968,638.1967213114754,-2.580087396919528,detected,1928.3883829620233,668.9276884372807,24.02352987471022,-32.99979126945209,40.81808681783727,26.342303792690615,-31.631991025582103,41.16430280411547,40.48191924148981,41.99869047643752,214.5961419209729,12.293579590147937,-3.724040524445165,40.995503991550095
1890,31.5315,1928.719273980248,668.4280895877314,13737.0,1872.5775862068965,645.1551724137931,-2.7486158548617152,detected,1928.8255295441656,668.3389185890645,23.183920133339598,-32.55482207420823,39.966368274243095,26.649058709648752,-32.167509903366735,41.77225183651826,40.54468150802735,42.82529208712349,214.53253503975844,13.958217440342453,-3.7186836241188956,41.606398733815126
1891,31.54818333333333,1929.0965701921125,667.1761646881612,13941.5,1887.0061728395065,631.9197530864197,-2.444320751937343,detected,1929.2826971774316,667.7226031197017,21.950644643725354,-30.023134760848052,37.19165795098615,26.967900075326792,-32.63648205142004,42.33683496868269,40.68199278554499,43.6059841444688,214.73513949351528,14.829084080631347,-3.5663451824375727,42.18635771437465
1892,31.564866666666667,1929.3406784958645,667.4149956722447,13864.0,1886.514705882353,633.0735294117646,-2.4657039287932947,detected,1929.749711103026,667.1019976100902,22.989062373075285,-32.36856206290372,39.70164730604004,27.268298288909282,-32.99981765361713,42.80827089179045,40.71801960609187,44.32899900359583,215.0311905131569,15.234664333358108,-3.385734136942272,42.67417088941339
1893,31.58155,1929.767926460432,666.6539615631921,13997.0,1889.175,630.4333333333334,-2.413054055375079,detected,1930.229901721865,666.4659476630907,23.50704594475883,-31.651967728339514,39.42623834611728,27.572088082420425,-33.26090014884846,43.20309618460716,40.834624311174515,44.98356338098515,215.8014133657269,14.638205421669465,-2.905440923139558,43.10528892118186
1894,31.598233333333333,1930.0168100358424,665.6298924731183,13950.0,1887.1777777777777,631.8333333333334,-2.473644565375345,detected,1930.7313794794434,665.8524439862275,24.721860779878625,-37.62538924486694,45.020443314648176,27.839332358221945,-33.59935511968815,43.63421926207066,40.88751030641172,45.560014804091594,216.03108150717347,17.19487822073768,-2.7496645574644845,43.54749631645752
1895,31.614916666666662,1930.29668087587,665.6363901337122,13723.5,1893.4508196721315,626.6147540983607,-2.3275237325314238,detected,1931.2311700367625,665.1956784121157,27.72940590908729,-38.55034647270327,47.487357951736904,28.045475620272185,-33.762035216372894,43.89104378707443,41.00481635105903,46.04990998506989,216.49448851185966,17.169729012676427,-2.4663354914364355,43.821694558318555
1896,31.6316,1931.231283007145,664.3645303128062,13949.0,1893.020979020979,626.8671328671329,-2.365610777526185,detected,1931.7131369498118,664.472389231521,30.857236515091245,-41.62690079678782,51.81667603478532,28.28152249448407,-33.88370587704902,44.13558698565563,41.14826189416063,46.446124377716984,217.09042957761574,16.592743699975948,-2.1253294665631906,44.08438514062471
1897,31.64828333333333,1931.4829139932235,664.2505467041549,13871.0,1906.3870967741937,616.2741935483871,-2.052742663898212,detected,1932.2059903006332,663.7987484729439,34.19580668666731,-40.46249570110285,52.9770398693027,28.515353079528904,-33.95362452270058,44.33930513076105,41.23935028565839,46.74294124209276,217.91883319897033,15.919359193952113,-1.6292377965009734,44.309362031981294
1898,31.66496666666667,1932.038677116732,662.9861655385346,14035.0,1887.6811594202895,629.5942028985507,-2.4963073721967466,detected,1932.712316812059,663.0999515795264,37.14071824150324,-40.32349907361004,54.82168849127287,28.694152025881387,-33.81567400825014,44.34922963385765,41.298639830684955,46.9361279236911,218.53376530897881,15.64336298823732,-1.3794025951762805,44.32777253141711
1899,31.68165,1932.8512499852804,662.3686014060127,14153.5,1897.1913580246917,622.9012345679013,-2.3055574760909354,detected,1933.2413896985322,662.4797820972324,39.682873683265825,-40.4333974242918,56.65324431162578,28.86710854531466,-33.661821241044535,44.344426538529234,41.31136539179908,47.02299677433139,219.3574669478583,14.059745763481372,-0.973309927418601,44.333743726604055
1900,31.69833333333333,1933.4427251923785,661.8801977732721,14056.5,1894.1527777777776,624.8333333333334,-2.38557006508716,detected,1933.7642759036396,661.855514045174,41.54880439785393,-38.56346960861197,56.6872501991891,28.994439810532647,-33.49928228831005,44.30439542255919,41.34283555980835,47.00244817165897,219.93271329068315,11.890571098254387,-0.7301292932086696,44.29837880751035
1901,31.715016666666667,1934.276866191776,661.3189684705437,14108.5,1892.3026315789475,626.8947368421052,-2.4546986635854635,detected,1934.3283247234776,661.2472478143868,43.32974966540678,-36.03089905684351,56.3532864428621,29.171581453157764,-33.05309445370603,44.085011256024764,41.351424739786374,46.874993381689336,220.457734285879,9.527831450383573,-0.7484928409570628,44.07865669358433
1902,31.7317,1934.8783399926924,660.4896455806607,14140.5,1892.18045112782,626.1052631578948,-2.463631580632624,detected,1934.8755906139304,660.6419064746564,43.46729987175513,-35.79717800998151,56.310248726314356,29.351764691504645,-32.61206624994352,43.87565333526287,41.39446281832729,46.64275550101777,220.87925590536162,7.8852400246067225,-0.8490647564201979,43.867437178795484
1903,31.748383333333333,1935.7440490884085,660.1663669170457,14178.5,1891.5797101449275,627.1521739130435,-2.499673860913826,detected,1935.4483425162055,660.0482356222437,42.331744654193244,-36.55323162973832,55.929557016349776,29.513838887955888,-32.19089161919892,43.67287704220124,41.383632653703394,46.30944736010109,221.14009273661225,8.135622372648143,-1.0485022223895228,43.66028896185723
1904,31.765066666666662,1936.6567948943143,659.2878154458692,14232.5,1895.6623376623377,624.1168831168832,-2.432504957791403,detected,1936.0125878558906,659.4880769849506,41.49954633811285,-35.2476992644431,54.448256626872805,29.514442507503556,-31.77290349144156,43.36611249357259,41.36589277890028,45.88032601455708,221.23506870916836,6.029515823901147,-1.2520983698995423,43.348032971258185
1905,31.78175,1937.0573031054437,659.4563230605738,14115.0,1886.6744186046512,631.2480620155038,-2.6311973253396688,detected,1936.5748214840532,658.9546354758256,38.8771003145157,-34.17001814312562,51.75924138515219,29.501907306148166,-31.26045394341304,42.98346793185499,41.397233469361765,45.36212425059492,221.00953123733714,5.239321932211588,-1.7495246052648845,42.94784836408431
1906,31.79843333333333,1937.7880093720933,657.7964630944391,14155.5,1895.8590604026845,624.1073825503356,-2.4647332343309944,detected,1937.1431799935235,658.4449121805923,36.78873176613888,-33.774916073844224,49.94152321221427,29.481370573371596,-30.77068754815815,42.61439220581276,41.40491015882228,44.762960335392414,220.8939119011379,3.6237860220611458,-2.1412936050632965,42.56056020270117
1907,31.81511666666667,1938.3509843614968,657.5157272910229,14078.5,1894.5,624.9925373134329,-2.503440705823285,detected,1937.706549684109,657.9562743836813,32.97544638141335,-32.57868455801895,46.3546195279863,29.349975359048518,-30.362831976071966,42.22940467475161,41.36853058079148,44.092227986670004,220.84816873132132,1.6268030441179344,-2.3426393374952568,42.16437667176349
1908,31.8318,1938.9892602275136,657.4359853034692,14153.0,1901.5739644970413,618.6568047337278,-2.338296352883104,detected,1938.2586613486483,657.4512186209986,29.080278374382942,-31.885283699436286,43.154766908478855,29.08671579545762,-29.97701638128648,41.7691099604677,41.257412030243366,43.36046912630179,220.69993508939717,-0.21268363174240193,-2.503720673218684,41.69400352185119
1909,31.84848333333333,1939.3364088423832,656.7563159879336,14144.0,1893.9685534591197,625.1949685534591,-2.5337743153352257,detected,1938.8025514149208,656.984921214246,26.258115807422655,-30.934313523942592,40.57610625668261,28.841871147922305,-29.708455176937314,41.40586722088364,41.12247111645339,42.57923231701645,220.38718613822627,-2.6864889060073476,-2.7187889709369877,41.31651034205282
1910,31.865166666666667,1939.9008065274645,656.0060665914222,14176.0,1890.4927536231885,628.3695652173913,-2.6315976429089503,detected,1939.3379737918092,656.5162998680338,24.72435864399813,-29.207673545828584,38.26724584179975,28.548486029246174,-29.373074206721597,40.96087820000491,40.92219482369674,41.76091975995483,219.86905829437447,-5.2908496861980785,-3.0821140223564534,40.84475628607461
1911,31.88185,1940.123288490284,655.9149775784754,13937.5,1895.1851851851848,623.8703703703704,-2.5221398696870314,detected,1939.8621027542245,656.0572537900554,23.9645564633538,-30.801345348083487,39.02592525151937,28.22914879474115,-29.07834554617302,40.52696659482765,40.780773705699744,40.918625277276995,219.55038490476454,-6.338927937179507,-3.2506802807561144,40.396387203444064
1912,31.898533333333333,1940.3318980983136,655.0495754096399,13935.0,1893.828125,625.515625,-2.5757724934932966,detected,1940.3746035189795,655.6109479557504,23.743197695575873,-31.089738689190654,39.119193352794966,27.87691966778423,-28.92743711018528,40.17361407600541,40.628143541176584,40.0659647933744,218.77516530716974,-7.3922200994609,-3.616842260010298,40.01047012963011
1913,31.915216666666662,1940.6064479733052,654.9330236577725,13885.5,1899.990476190476,620.4380952380952,-2.4375082113361075,detected,1940.8734940526833,655.1689393133715,24.62594096605517,-28.04437414501831,37.32189557953087,27.529064913865035,-28.708493795971208,39.77470340637517,40.47728475141581,39.216899523017865,218.41124956259029,-9.164505941538232,-3.7343559896417986,39.59901029581091
1914,31.9319,1941.4156497538,653.827802754585,14013.0,1907.978102189781,613.2919708029196,-2.260530110867125,detected,1941.3612508218102,654.7034524270671,24.232964618943697,-29.502981691945024,38.17934654938741,27.159260376601615,-28.588321244077207,39.43244268059739,40.43671151328322,38.385550545548476,218.02751011883117,-10.920025604585465,-3.7822157547277016,39.25063540559934
1915,31.948583333333332,1941.7855360107,653.6645887818102,13956.5,1904.3642857142856,616.6428571428571,-2.36156121263495,detected,1941.8261462346563,654.2787072420662,24.870832353204605,-27.367446130336475,36.980202942088866,26.839121102477886,-28.322866065183845,39.01952285330788,40.41554654047824,37.586001970047604,217.2778527660626,-14.327174913170227,-4.201476101952544,38.79266376861143
1916,31.96526666666667,1942.215944532412,653.3091862194713,13894.0,1902.821428571429,617.4702380952381,-2.4034198072968653,detected,1942.283839150036,653.8288113920677,27.244552180040046,-19.568365840523256,33.54380069639519,26.46504625023346,-28.112470871364824,38.60970980880757,40.45381927437147,36.83208885859213,216.97787146747157,-15.125459087085616,-4.23224053796287,38.3770482391384
1917,31.98195,1942.660641553997,653.1915021810908,13831.0,1895.7241379310344,624.7448275862068,-2.5967239270189,detected,1942.7252104815896,653.4179441514748,28.288467145825962,-17.99741562858071,33.52826185128534,26.03081012488217,-27.821960202664656,38.10071581055038,40.56095819956943,36.13716594163827,216.5037545895734,-15.513363108949946,-4.373429179897695,37.84887927646925
1918,31.99863333333333,1942.825301963478,651.8528479019978,14557.5,1910.158823529412,611.0588235294117,-2.2460043277090707,detected,1943.1412353257756,653.0304396156907,27.145831975832152,-11.330866365066868,29.41572243279289,25.632139145645176,-27.676856224982274,37.7228700880521,40.75039257269545,35.51385442335789,216.13495013706984,-15.50614299717529,-4.3805519928292895,37.46766194891503
1919,32.01531666666667,1943.249997126734,652.4642278384995,14501.5,1902.200892857143,618.0446428571429,-2.4438142070560565,detected,1943.547681063568,652.6303704468419,26.50717750718377,-14.340310595092433,30.13760055746093,25.131951338172797,-27.602859090403967,37.33005234431077,40.9073372099358,34.97376720764989,215.79998302672075,-16.771363324089663,-4.2371231416437,37.088806876354624
1920,32.032000000000004,1944.2435897435896,653.1099329019889,13910.0,1899.897637795276,621.0157480314961,-2.51512201095092,detected,1943.925846512214,652.2498347763596,26.084614715493444,-16.55317526012709,30.89360348111273,24.619484969037185,-27.447052488117404,36.870852043668854,41.09276284980705,34.52721772498985,215.1064692438617,-13.54855250558466,-4.356091447695173,36.61262347504528
1921,32.04868333333334,1944.680119047619,651.9318333333333,14000.0,1897.383928571429,623.125,-2.5945285140793044,detected,1944.2887220853474,651.8756739171454,24.212411862549743,-16.010667736470396,29.0272694129054,24.239376184228483,-27.543705855303426,36.69064036023382,41.186114495861375,34.182923724239515,214.88811087439657,-12.876348105554333,-4.128517408988682,36.45762518387198
1922,32.06536666666667,1944.8768022225413,652.5732624419218,13918.0,1900.015748031496,620.2283464566929,-2.5169099181314527,detected,1944.6321455672405,651.5104296676197,24.557109286355626,-14.858070912861194,28.702158242083915,23.816471791301357,-27.575707132433525,36.43684882697183,41.242858509498554,33.94772378893063,215.48416499278133,-10.34199242417068,-3.386091353501463,36.27917223125882
1923,32.08205,1945.059009855865,650.9434284737652,14627.5,1894.5167785234896,624.8120805369127,-2.664421885362274,detected,1944.9598136900513,651.1351387174295,22.271183518382713,-19.804800485942906,29.803284006925917,23.42228895254953,-27.808362298234407,36.35806146491571,41.31740827796904,33.82632927175091,215.26178781191064,-11.116623517163866,-3.070698556420002,36.22815816270803
1924,32.098733333333335,1945.561569056492,650.6256966050121,14624.5,1895.125925925926,623.7185185185185,-2.6515092445496324,detected,1945.2908113981493,650.7558362297362,18.784401027687636,-23.222393661039405,29.868600391000502,23.047539761072628,-28.103936547639634,36.34584348329226,41.26965133320202,33.82113598457073,215.3317910188502,-9.928583722601825,-2.5497728480559623,36.2562959627055
1925,32.11541666666667,1945.6047938776985,650.999759343489,13851.0,1893.6771653543308,624.9133858267717,-2.676058672852222,detected,1945.593855781709,650.3565061894307,18.60232760376948,-21.709853866879712,28.58958459298134,22.793527244038355,-28.346690056993868,36.37416282764448,41.18792552329744,33.932117026727276,214.89692353046118,-7.20628619126834,-2.4776609456823557,36.28968059449179
1926,32.1321,1946.4509147860756,650.7221826724567,14047.0,1896.5093167701864,622.6335403726708,-2.629256532285904,detected,1945.893381431741,649.9523325935319,19.008468525103126,-24.6928104603453,31.1617837117899,22.634668796048686,-28.6318154115995,36.49806961019619,41.143280623207566,34.15681049361853,214.5480584547916,-5.672710704377411,-2.4060381567310607,36.41867742874638
1927,32.148783333333334,1946.5343434701867,650.251812687035,14090.5,1902.982035928144,616.443113772455,-2.481484630753639,detected,1946.1937062889742,649.5438988810057,18.119618052172882,-24.384740838072275,30.37986412241798,22.49279343062106,-29.059719886595715,36.7476948419897,41.04906721872968,34.49040489982014,214.5396976753778,-5.797048514873273,-2.0518729208176616,36.69036513468913
1928,32.16546666666667,1946.6302201974183,649.4699957289293,14048.0,1899.241610738255,619.7181208053692,-2.5809626220238298,detected,1946.487028974261,649.0848976219688,15.763090052420921,-27.515470119825295,31.71081998176222,22.502697312604564,-29.245061739438068,36.90047455638267,40.97217993828518,34.92591352388112,214.41231403382736,-5.952621495330029,-2.0368658767390677,36.84421528390069
1929,32.18215,1947.060289464985,649.1480733814988,14118.0,1905.5,613.0571428571428,-2.426513296844757,detected,1946.7859424026972,648.6301508163601,15.320981122439662,-34.15253240365132,37.43164346026776,22.64584985598043,-29.618698516769918,37.284069218996436,40.91814191876054,35.45441931136766,214.3914703718379,-5.401586489564866,-1.9573519003433937,37.23265490218418
1930,32.19883333333333,1947.3660035523976,648.5052338661931,14075.0,1902.8125,616.3011363636364,-2.51571583681272,detected,1947.1005648071284,648.2035704052767,13.610722249785795,-34.80032832641223,37.36729334306812,22.72801290136552,-29.997394360040378,37.63517289499837,40.913561423311286,36.06536647661207,214.15485090398764,-7.323757633237083,-1.9664778405209518,37.58376250110092
1931,32.215516666666666,1947.4675487894524,647.6703777477413,14057.0,1900.27374301676,617.754189944134,-2.576618403767573,detected,1947.4126662448696,647.6891960494089,14.82961975388298,-34.440396848515775,37.49744734149262,22.944947178406537,-30.364849837830477,38.059094927413334,40.90859896524358,36.74687418320829,213.93321513696358,-6.57014166617969,-2.086711725336251,38.001846545519385
1932,32.2322,1947.520189221152,647.6213887480993,13811.0,1901.1783783783785,617.0972972972972,-2.559144685024476,detected,1947.7283764602103,647.1789741430136,15.528233261889,-35.56099789047835,38.80348694643616,23.23619465026391,-30.76418562572644,38.55328596941001,40.98240598521403,37.48605096731841,213.6422040859738,-6.003665186778618,-2.3009326207985303,38.484562724729656
1933,32.24888333333333,1947.986368912984,646.3105829413946,13926.5,1901.4342857142856,616.5257142857142,-2.5724084675787218,detected,1948.0594087928066,646.6727493419659,16.14460174234773,-35.87360037870917,39.33908196120418,23.579502843341988,-31.130262544724587,39.05235204750996,41.02717999344524,38.26929433575122,213.66351196349368,-3.8275657607897946,-2.369436508947153,38.980404962913404
1934,32.265566666666665,1948.22118301009,646.263041508066,13792.5,1902.8333333333333,615.6527777777778,-2.5482447263098167,detected,1948.4031876262165,646.1542175929865,17.465326030388496,-34.049047869695414,38.26715659910697,23.90364582553006,-31.56434901165762,39.59409567450824,41.060551811543256,39.082566456871106,213.22478731543166,-2.4016938977525286,-2.7011520483117515,39.5018504616431
1935,32.28225,1948.5506512740208,645.6780169221992,13729.5,1903.6257668711653,614.4110429447853,-2.533567480934493,detected,1948.7694823551499,645.6003446392933,20.761250812480284,-32.5526823040957,38.60967055661183,24.22450404738893,-31.98161071777704,40.120443921340076,41.08638990968388,39.91164265077943,212.807153587654,-2.7060025179183653,-3.0326131545615524,40.005665572518275
1936,32.29893333333333,1948.8410983406447,644.6344343328136,13790.5,1908.73595505618,608.8595505617977,-2.41319984604716,detected,1949.1407559518134,645.0530723904915,22.171665304336784,-30.6948282525982,37.864960370031184,24.52273930224268,-32.385703792104174,40.62263596808642,40.995360621435516,40.74233367027031,212.65247868740178,-2.456554069547711,-3.173677187965783,40.49847313297446
1937,32.31561666666667,1949.2773593104944,644.4095627821637,13807.0,1901.985294117647,615.0441176470588,-2.585919588401782,detected,1949.5186460900507,644.4705360262332,21.759649584992985,-27.611115421108025,35.154744272422676,24.778242673897235,-32.80369492674964,41.11014121666091,40.861770970316684,41.56068531695651,212.54704422876011,-3.4470799117331765,-3.238696904898248,40.98236880918434
1938,32.332300000000004,1949.5778227214175,644.0816810526442,13844.5,1901.2611464968156,615.0382165605096,-2.600360002947647,detected,1949.9014503791427,643.8674692364806,23.25821675986026,-31.09379535259609,38.8299981493403,25.011438115781665,-33.071665237636154,41.464527951127664,40.72489284814715,42.35315992148053,212.61469639930138,-2.9360003737991938,-3.2422959490629424,41.337568810811035
1939,32.34898333333334,1950.3193578441912,643.5365034998447,13953.0,1900.5824175824173,615.0879120879121,-2.6220300925463365,detected,1950.3105288776683,643.2289214079185,22.34546438446523,-31.877412401883248,38.92928460679883,25.28066469213469,-33.40739531149154,41.894702156411284,40.606839918544324,43.10680399348859,212.8256877196309,0.34734702032607767,-3.134292210677362,41.77729384620909
1940,32.36566666666667,1950.4589154488397,643.4283536403807,13993.5,1900.0523255813955,614.6976744186047,-2.623540252013041,detected,1950.7445971936083,642.5995919352372,22.029797510261233,-32.263295285980575,39.067021911754274,25.457968060723744,-33.75497763726289,42.278914994036306,40.469887319201746,43.80940533349617,212.8028406399004,3.734102371316875,-3.1116787833621693,42.16425154348316
1941,32.38235,1950.684892957646,642.7358553295575,14036.5,1903.201388888889,611.5138888888889,-2.559940106660924,detected,1951.1759984921323,641.954925330692,23.184197846698225,-38.5113781176899,44.95145464074029,25.69359738954344,-34.0452866870876,42.65257896566089,40.412939191062264,44.44964148867121,213.09170120841463,5.3930997469359445,-2.937972817187603,42.55127269715213
1942,32.399033333333335,1951.371468124379,641.5097378011264,14086.0,1903.8609271523176,611.0662251655629,-2.571730664145421,detected,1951.628079869041,641.304729089028,24.059144905699213,-42.35183258295751,48.708522629292446,25.8786359894043,-34.23904160260059,42.91871119379874,40.37666209246844,45.01721994897241,213.1600810378037,4.926557238686794,-2.9361119533392745,42.818162234432286
1943,32.41571666666667,1951.32079198496,641.044394469432,14007.0,1899.2573529411768,614.2647058823529,-2.6665180164717843,detected,1952.0569968168663,640.6133794225493,24.768816212033016,-46.52877451055838,52.710730539424866,26.144339274651568,-34.53094625921533,43.311808155108295,40.43924433836418,45.503009148806434,213.84799038031596,7.721106053392056,-2.479908738555544,43.240753674205784
1944,32.4324,1951.8332796948569,640.5705465164789,13982.5,1916.2071428571428,600.1428571428571,-2.29314456146334,detected,1952.5035225864522,639.9218289886002,25.97494596888737,-50.257643784416814,56.57321430542857,26.371215929929292,-34.51808148545004,43.43891088711968,40.463649227670636,45.899158318452116,213.8548288249037,11.077069068066617,-2.6703247495288416,43.35675662213652
1945,32.449083333333334,1952.658762654134,639.1311401478738,14043.5,1906.3971631205677,608.4042553191489,-2.555300730705769,detected,1952.9715662613298,639.2563951960402,28.803782922102073,-48.47964982196049,56.3909066914471,26.72091111162661,-34.26002233044465,43.448316661500435,40.401252475248874,46.19920361507508,214.33368482886758,11.22284514414669,-2.7421917266767046,43.36169513813041
1946,32.46576666666667,1952.997919267582,638.6389156411628,14017.5,1901.7974683544303,612.379746835443,-2.667702234968784,detected,1953.4557203549355,638.5777299633243,31.126701314020465,-46.2604246136998,55.757496537524396,27.06605585585332,-34.09587932116445,43.53275050207122,40.40175488710131,46.39815777756888,214.4570009853504,11.779218464086089,-3.026318776108102,43.42743097330255
1947,32.48245,1953.511119694735,637.5218999461572,14239.0,1904.59595959596,609.7171717171717,-2.6247117164358604,detected,1953.9410518401687,637.9253912069158,33.61578399497921,-47.84622332331787,58.47462714632653,27.405523584348096,-33.655846627121036,43.40251991671168,40.391663695749266,46.49258073516608,214.7863399611085,12.765523360446112,-3.306493447811402,43.27638889972376
1948,32.49913333333333,1953.6917638860791,636.6755569042641,14829.0,1906.8877551020407,608.2244897959183,-2.595401571793749,detected,1954.451865024082,637.2696047935493,35.43515093762471,-41.16149629708934,54.313154018041935,27.6011163975049,-33.47360381307836,43.385524989603944,40.43444743790257,46.480629048458134,214.78139264176056,12.893242782765299,-3.5748371911007375,43.237996226475055
1949,32.515816666666666,1954.7665012727125,636.4736014826806,14208.5,1918.2475247524756,598.8811881188119,-2.3417114021054317,detected,1954.9855610005593,636.6315001694787,37.666857622787575,-36.83304480731135,52.68268551386458,27.744545540433244,-33.285469856476055,43.33223177741426,40.50441653673308,46.36208266017008,214.58741368358096,14.180856393723678,-3.9460780533893285,43.15218162281149
1950,32.5325,1955.434319596102,635.7109545614653,14195.0,1916.1509433962265,600.3867924528302,-2.409211972011077,detected,1955.5018442134367,636.0326341580608,38.38404534750407,-38.217622103906706,54.16568633845848,27.889014449059175,-32.97219189976985,43.185212348847834,40.61043736198191,46.13834809106529,214.628311443922,13.869094827224986,-4.212172388272503,42.97929931241963
1951,32.54918333333333,1955.805039952215,634.5351680923239,14788.5,1908.8098591549297,605.9507042253522,-2.595134561184567,detected,1956.0365083075756,635.4320089872101,39.83529604892283,-32.94536857296271,51.69379190689812,28.106610818279332,-32.49862764127726,42.96675889867197,40.63929313717665,45.81243786529876,214.67581010723734,14.225221238662991,-4.624914635412676,42.717122268146205
1952,32.565866666666665,1956.8091815523376,635.4429059648381,14191.5,1909.9225806451611,605.0709677419354,-2.566783617131925,detected,1956.5865717889442,634.8706067251305,41.313279105388574,-31.84486753200372,52.16208027456919,28.177865019994243,-32.11529197050663,42.72451351900806,40.655844993028545,45.388926547504475,215.0295860791952,15.731843834159752,-4.639450244233629,42.47186782880149
1953,32.58255,1957.6438574305653,634.0451852372254,14234.0,1912.4021739130435,604.0108695652174,-2.5555330113095494,detected,1957.1160571879002,634.3058215911038,39.99792111225088,-32.91575748911578,51.80039367016553,28.267777914431186,-31.71468417360953,42.483978867938,40.63839980073311,44.873884317331104,215.38164356282837,15.624089428705474,-4.6836603743134155,42.22501374717939
1954,32.59923333333333,1957.6856394165345,632.7834159946917,14819.5,1908.503937007874,606.3070866141732,-2.647747847369,detected,1957.6562189090969,633.7629923605188,39.227174503012975,-33.42250878505661,51.53479710813867,28.32030254594866,-31.278925694204478,42.19491354272019,40.522908743616966,44.27478951784964,216.01631264407953,16.869427786521435,-4.514370664840872,41.95272561321917
1955,32.61591666666667,1958.702112283944,633.4776391702503,14068.5,1914.5594405594409,600.7552447552448,-2.5036911420896164,detected,1958.2272144145784,633.2340309981055,37.19104500344747,-32.96594353664932,49.69836276689611,28.180272339662828,-30.863073524922857,41.79302641042354,40.484267451578035,43.60042211069181,216.597312568118,16.96509415061001,-4.224233184584946,41.57899602617422
1956,32.632600000000004,1959.493349782634,632.5396075666783,14185.0,1916.036496350365,599.2043795620438,-2.487244663052812,detected,1958.7771161933829,632.7161799087569,33.65119117880022,-36.94204264039922,49.97116350653881,28.020258262984502,-30.521689305995903,41.43317983471816,40.47870137376457,42.8607404516976,216.77290990908597,18.047611866100716,-4.172978581922713,41.22250163407008
1957,32.64928333333334,1960.0640677687309,631.8085721335166,14185.5,1918.30081300813,598.4227642276423,-2.4672138438779645,detected,1959.3036222038502,632.2216800471135,31.21428113890488,-32.89639247804894,45.34869331180809,27.828493566152122,-30.07575600672621,40.97531151239119,40.44425382175167,42.06674423360232,217.11505941402947,18.695316553355216,-4.042905860197742,40.77537327533712
1958,32.66596666666667,1960.450011141212,630.9854460589429,14211.5,1923.0647058823529,593.7470588235294,-2.3581632728766584,detected,1959.8235716266586,631.723729642315,29.975861293715752,-29.719416665767767,42.21132534348573,27.642545333708526,-29.77818763000562,40.63066294135441,40.40074492378557,41.2303267505773,217.55503225412875,18.619553204706772,-3.7636376406340553,40.45597363510058
1959,32.68265,1960.719453319134,630.8077860608212,14085.0,1919.1666666666667,596.7266666666667,-2.454662278399601,detected,1960.342956080944,631.2668103369883,25.754060283416038,-29.99351910088876,39.53331265069001,27.35510800868613,-29.48198182433351,40.21802066806888,40.37870020117252,40.36411970437848,218.00628287521914,18.852868480558097,-3.400804485318858,40.073978032007886
1960,32.699333333333335,1961.20102891609,629.9424516586837,14092.5,1918.4764705882355,597.7235294117647,-2.495467738876223,detected,1960.8501341177143,630.8288731403401,21.424594619177697,-27.124893606202704,34.56549012734977,27.039121468307346,-29.242842107242737,39.82785337282199,40.31501150617045,39.481333452549705,218.5902396806895,18.63910759539037,-2.8943812088477827,39.72254349490824
1961,32.71601666666667,1961.570861115052,629.6670449709179,14098.0,1915.0569620253164,600.7848101265822,-2.585919856970919,detected,1961.3325142316528,630.3551623751669,20.771699900464228,-25.090962223854604,32.57330044797187,26.742283263512338,-28.933291047001127,39.39904878238062,40.23817820785238,38.595594773613655,219.25085439200143,20.22262719339598,-2.402193603468387,39.32574870041081
1962,32.7327,1962.0178586290945,629.7528446584627,14017.5,1916.475,599.275,-2.551829705626305,detected,1961.805321808315,629.9041176652098,19.723549176160304,-23.41477579747925,30.61486759322395,26.433793032954355,-28.586242382095506,38.93480021313811,40.204175520641066,37.72078284212958,219.42329496058713,21.424540115164667,-2.2659162036865723,38.868808721066436
1963,32.749383333333334,1962.312539563104,629.3933378718932,13954.5,1923.240875912409,594.4087591240876,-2.411327492239756,detected,1962.2630834163388,629.4691547807591,22.544654100309344,-23.262815679831647,32.39475299884869,26.095625845186564,-28.190681799004782,38.4147917935879,40.122960202290926,36.87086224005249,219.96316999453435,20.50993840185968,-1.8944517582309786,38.3680502642556
1964,32.76606666666667,1962.171730408893,628.4645078226483,14498.5,1927.5263157894735,589.6947368421053,-2.3000749603354667,detected,1962.7190026440767,629.055625546308,23.65487751980345,-18.886263474188354,30.269525574302676,25.797518498883072,-27.836516613665164,37.9523861948504,40.07221682526427,36.05970972486508,220.45292238902297,19.170966840348765,-1.5693733627562345,37.9199246456443
1965,32.78275,1962.9701508659489,628.1748820797177,13886.5,1922.1705882352944,595.0294117647059,-2.459337730289449,detected,1963.152886972787,628.6613495869402,26.18978386092749,-16.12027577833669,30.753342417560514,25.4578117051492,-27.374548566740224,37.38269768285391,40.15062259257457,35.30092958235165,220.8718616971625,17.807333527205625,-1.3374883656238197,37.35876350897433
1966,32.79943333333333,1963.027040739844,627.9079692346721,14453.5,1920.3513513513512,596.8864864864865,-2.513032158460049,detected,1963.5666171184391,628.2848657501407,28.188462267155955,-14.612204856316112,31.750684020188025,25.084115187121437,-26.967155528866467,36.82988341060625,40.17976450833032,34.60765134882431,221.290861911669,17.275738359377012,-1.052300034897545,36.81484723145546
1967,32.816116666666666,1964.2536369613288,627.5802880879804,13942.5,1921.9835164835165,595.1483516483516,-2.4871398655973214,detected,1963.9810824093477,627.9152250856469,30.980889273013418,-9.761210280348223,32.48225248168442,24.710026338903738,-26.746003464649547,36.41337807729958,40.21767281722538,33.99230420662769,221.7921214436968,15.894402735513593,-0.5986582426927995,36.408456590589196
1968,32.8328,1964.4395921692665,628.0082788201183,13911.0,1932.0942028985507,585.7753623188406,-2.22438405605292,detected,1964.36477219718,627.5534994221624,29.998519874332487,-9.048385267409003,31.333440133476973,24.261121455590327,-26.506216245603262,35.93301426183987,40.263862325820234,33.466365047570754,221.830493522357,14.816577327625057,-0.3997072255727332,35.930791086134086
1969,32.84948333333333,1965.1241846432704,627.987025840995,13976.5,1920.031914893617,595.8670212765958,-2.5226477802672225,detected,1964.742239049945,627.2327943982468,24.729898680296174,-12.778265150201605,27.83616261244662,23.774763968059766,-26.42287042025013,35.54444377089452,40.308833569538244,33.040082315377774,222.29532345478086,18.22179773950923,0.19546659662893973,35.54390631025077
1970,32.866166666666665,1965.508492151464,627.5276337588348,13983.5,1925.6827586206896,590.4137931034483,-2.3914269527635623,detected,1965.1028355152337,626.881362929618,23.012940587555022,-17.731800198207793,29.051887593674515,23.406410276553956,-26.463170162206126,35.32929969682738,40.39498370559454,32.72218487757138,222.48851535338392,18.77598441170547,0.6141622957330632,35.32396101434191
1971,32.88285,1966.1327888037067,627.7220988273507,13957.0,1924.8741258741256,590.8811188811189,-2.412698979712499,detected,1965.458645676606,626.5485391404723,19.88277910918532,-20.00871966074783,28.207689865833622,22.95629971621583,-26.608470804822673,35.14260114493279,40.500791354885024,32.51959307402517,222.26482919389,19.396809795441055,0.9070759225759311,35.13089279398567
1972,32.89953333333333,1965.848526434968,626.6282178840589,14573.5,1927.6959064327484,588.5204678362572,-2.35678286852319,detected,1965.7804072917395,626.2002950624836,17.887571611059684,-26.41258859556342,31.899687372437917,22.622527854909315,-26.904233242192603,35.151337569094714,40.507584243888914,32.437155713506506,222.41756491487726,18.748301617716045,1.4466293274518414,35.12155743251437
1973,32.91621666666667,1965.8358990112756,625.9861874367114,14648.5,1932.940789473684,582.5986842105264,-2.2195058543122355,detected,1966.0760282147155,625.83229618984,17.665450977573528,-28.224595540292967,33.29708623369587,22.274234768839886,-27.272068592985047,35.21231687744896,40.54613880953137,32.47743986029217,222.66959772680332,17.84447930429201,2.1065062159143473,35.149251648366445
1974,32.932900000000004,1966.6427201704544,625.4224195075758,14080.0,1928.4117647058824,587.9411764705883,-2.3660963017919547,detected,1966.3716517772646,625.4689674673377,18.23051704938098,-28.44376531257899,33.784605030173765,22.06427730154858,-27.644576878659127,35.370255351633055,40.640534136322856,32.64059807685282,223.27119440032095,19.607973797085904,2.8836553202155137,35.252510486969854
1975,32.94958333333334,1967.136095653304,625.7377686409338,14106.5,1929.8186813186808,585.8186813186813,-2.322522720900192,detected,1966.6555002580649,625.0789642686532,14.839789486247355,-28.99927527169507,32.57571669633199,21.953074720514017,-28.038388583821405,35.61023341768259,40.704103592341106,32.92433009616232,224.03142976285463,19.59187986431226,3.7048095841690163,35.41698900255197
1976,32.96626666666667,1966.914136622391,624.572049787657,14756.0,1930.1780821917807,585.6164383561644,-2.3268792264653197,detected,1966.9253718681691,624.6318434280994,15.204511928042848,-27.234084810024342,31.19090505916101,21.8742105041102,-28.43631195417913,35.87624454612712,40.76165821771905,33.323944215256745,224.4716641722015,17.713582994528185,4.311870443206875,35.61618587123718
1977,32.98295,1967.7905329593268,624.4341164095372,14260.0,1927.396103896104,588.077922077922,-2.4087610274970723,detected,1967.2039103660757,624.2221089190415,14.789482421373577,-27.080699562281552,30.85600555928577,21.923173403051745,-28.656923493862973,36.081086405392384,40.78350735554036,33.83251094058791,224.96444309306636,15.604764904028332,4.739283881939485,35.7684775253264
1978,32.999633333333335,1967.9695212343304,623.9657499318082,14053.5,1928.036363636364,587.5030303030303,-2.401590312981142,detected,1967.4914845502456,623.7986092035173,13.480668515863726,-28.77096664707301,31.772581661577124,22.072013784180893,-29.145418131460254,36.55993969561114,40.75934954724158,34.44109079681585,225.31092146415438,13.97523506964185,5.1981084847176575,36.18851832733456
1979,33.01631666666667,1967.21053264977,623.4505018412882,13849.0,1925.7313432835824,588.7064676616915,-2.444326531121937,detected,1967.7735739748744,623.3380565925128,12.97094973828007,-33.0174184032694,35.473870033160196,22.15718027392229,-29.791965014414263,37.128180902263104,40.706324237996085,35.13901207520831,225.38308063915,11.623001340151333,5.644087047016557,36.696676941064766
1980,33.033,1967.7954742625795,622.7688933873144,13832.0,1933.4326923076924,581.1153846153846,-2.2605769039946475,detected,1968.0619700538518,622.8668664769197,14.110602667280546,-34.446623809267976,37.22470952863289,22.424092836033495,-30.12376229521433,37.55370813032483,40.688092779243,35.91417339029109,225.41938233171166,11.585024556327381,5.716314276831451,37.116098197764785
1981,33.049683333333334,1968.3713404679847,622.4945885482798,13782.5,1931.4975369458127,582.6354679802955,-2.317308806715682,detected,1968.3737314050077,622.3699031337176,14.96180586074388,-33.96629107246713,37.115556897804325,22.747183498797806,-30.53178427138543,38.07393081784961,40.586461416996535,36.75334941344101,225.59255737016625,11.025398223007912,5.893869252852275,37.61497724514373
1982,33.06636666666667,1968.7941584863745,621.8023448159283,13803.5,1929.4530386740328,584.2486187845304,-2.379434955113508,detected,1968.72883089915,621.8715098799003,18.72783199845435,-32.15027245904389,37.20714596086465,22.961761258197996,-31.095737277533054,38.6547197236229,40.498100688077805,37.64248428871855,225.78151019757456,10.573566999177626,6.272416723330469,38.142419238437476
1983,33.08305,1968.7251706619136,620.8214082184472,13745.5,1930.5942857142857,582.9657142857143,-2.359816048312775,detected,1969.0782842086173,621.3255573100341,22.522632280146354,-29.5905629431918,37.18696519106777,23.249744569310078,-31.63148180081341,39.25686262876025,40.454045423571074,38.56696406580451,226.5680100083534,8.867003481583211,6.986457035023532,38.63017837845334
1984,33.09973333333333,1969.041819613544,619.981985583621,13757.5,1928.8774193548388,584.6709677419354,-2.4204102238786023,detected,1969.4313862343483,620.7793874814301,21.56019810390535,-28.18903368322981,35.488924501510446,23.53564855753035,-32.17497363821503,39.86421555284153,40.491867233123266,39.5118654776753,226.85587469094867,7.675828984691372,7.381492981599852,39.1748547285884
1985,33.116416666666666,1969.723514773743,620.4780507839869,13797.0,1932.524861878453,581.0718232044198,-2.3273847867479205,detected,1969.8045250782386,620.1967426080123,21.647772178724153,-26.347537657842395,34.10012875244559,23.80067330869891,-32.75920197490228,40.49243588597572,40.63464269732847,40.46218268907026,227.46084799288954,3.7430872899204264,8.045999238466067,39.68500044392664
1986,33.1331,1970.0597990616443,619.9612234805996,13818.5,1938.262773722628,575.2773722627737,-2.189265127030481,detected,1970.1920807735482,619.5975941122689,22.795822600102838,-24.532379537972247,33.48861259906834,24.034744531290876,-33.30582341336513,41.072458143221446,40.803000079335995,41.4030360260648,227.3592727413859,1.04909307977906,8.219175891875938,40.24166951786522
1987,33.14978333333333,1970.4105809802013,619.614567179968,13864.5,1929.7257142857145,583.04,-2.409345645789176,detected,1970.5911372247358,618.9922400603639,23.444073637077054,-25.786219299219056,34.85044755018375,24.273071971764672,-33.7393920848209,41.56354894856481,41.03692273753192,42.31986738242363,227.16910551134748,-1.1663242602148587,8.241506601288247,40.7382642013705
1988,33.166466666666665,1970.7790825337725,618.8809967062867,13966.0,1929.390728476821,583.1390728476821,-2.4292705365984784,detected,1971.0143378489495,618.3916276840272,22.35898042376175,-28.77773403450192,36.44285913249249,24.399028779224043,-34.23812270330606,42.04237923353107,41.16429241275506,43.19862641071474,226.98522275207208,-1.26813188854583,8.38945529889046,41.1968286571183
1989,33.18315,1971.2028078163537,618.7007327831532,14056.0,1929.6827586206896,582.3586206896551,-2.42259804477018,detected,1971.4097028679298,617.7572031609303,19.752609246152133,-38.09210566788897,42.908904509959164,24.522671628187464,-34.795718631901224,42.56880852096225,41.28211168830856,44.02595022465198,226.89717195084555,0.1909475011798168,8.648765438516818,41.68095866560491
1990,33.19983333333333,1971.6001929191525,618.0199826134591,13995.5,1931.81875,580.20625,-2.3815477246975663,detected,1971.8352339140824,617.1087129558463,20.542841857220992,-41.581740973939304,46.379408512771846,24.6405398661942,-35.31999815675532,43.065745955349534,41.33725974380739,44.78933761199555,226.77413029367267,-0.892901685606171,8.860532548726262,42.14438797329565
1991,33.21651666666667,1971.753808587934,616.9986183074266,13992.5,1929.3559322033896,582.8022598870057,-2.4628655313497814,detected,1972.2252804750856,616.4388169958517,19.473604400089243,-46.66585580356241,50.56602976515018,24.85903534451803,-35.7550906387132,43.54765372373801,41.341049347803406,45.477317057733565,226.47726592332137,-2.3416462105107043,8.807074369804965,42.64778524011906
1992,33.233200000000004,1972.1461860614957,616.5890038300462,13968.5,1935.4098360655737,577.3688524590164,-2.3235058252364507,detected,1972.656009046767,615.7295338431204,21.6164835322852,-50.54572311784432,54.97401646057289,25.175626054743148,-36.006136531534146,43.934656197308975,41.31907603775235,46.07960647262979,226.10311673078976,-3.257991323672385,8.489781461432077,43.10658448442493
1993,33.24988333333334,1972.2249285305888,614.9978845054317,14575.0,1942.556338028169,571.0985915492957,-2.165118029714572,detected,1973.0944901939367,615.0232726035207,24.239870175242686,-53.54569570939384,58.776805247611215,25.44719280655263,-36.0116747986734,44.09535512431295,41.1780495550745,46.587261554597475,226.20967976761483,-1.9776431703071096,8.386007618848396,43.29059042974453
1994,33.26656666666667,1973.0185877577185,614.5894194589846,14041.5,1940.6,572.375,-2.2256871706184014,detected,1973.5606605220257,614.3313003694274,27.923797235104757,-53.79691457116496,60.61226335820553,25.72277596282085,-35.92482734498923,44.184323271956536,41.13273656222338,46.99280920916636,225.74173140652871,-3.0010665061659196,7.777639199358852,43.49439908178244
1995,33.28325,1972.9566677939356,613.364276857175,14785.0,1946.5333333333333,566.8,-2.086945145815044,detected,1974.0295889931258,613.6322900745799,32.8190679755744,-51.35021750664032,60.942071352757964,26.03942826932852,-35.7547970606405,44.231858851297346,41.06681933117115,47.2903623836032,225.507318988141,-3.070516387974358,7.256422255540571,43.632575829194266
1996,33.299933333333335,1974.0462405591247,612.4497238191861,14785.0,1940.3802083333333,571.4635416666666,-2.2584502631841707,detected,1974.5175863108395,612.9561021755937,36.72898721537149,-45.92712760524182,58.80747870751719,26.397333927314776,-35.426899535259835,44.18013636411229,41.10983665471262,47.47571296251689,225.33169276423754,-3.8975824749937487,6.637838249496227,43.67863954526379
1997,33.31661666666667,1974.6147756367063,611.7956699456497,14842.0,1939.2929936305727,572.5859872611466,-2.3040771739335653,detected,1975.035121632825,612.2900607189144,40.32047562953085,-39.153044425524286,56.202327734522434,26.448575306457187,-35.26492201865821,44.08108279889891,41.12539193340628,47.5463999440236,225.00728704025607,-3.057219022693241,6.239648504179911,43.63723922600589
1998,33.3333,1975.3094428139448,610.9375444681608,14992.0,1942.6480446927371,569.5642458100558,-2.239059950001184,detected,1975.52021188117,611.6405474577743,41.61247314335378,-39.40324125950883,57.30805652664727,26.549692547584215,-35.18919551202693,44.081352691981955,41.06352895177238,47.50175085087294,225.26148457973588,-2.527136727212351,6.308222565176507,43.62765158959513
1999,33.349983333333334,1976.1425092440545,610.5228392372399,14919.5,1937.532967032967,573.4175824175825,-2.376059662249067,detected,1976.0330362189438,610.9781146832565,42.40212776853059,-38.51136864841101,57.28058968335266,26.656780649019368,-35.03369203705462,44.02208005441267,41.03841807899367,47.34289510998325,225.22913362893905,-3.0704301178829536,6.097772344525243,43.59771444412495
2000,33.36666666666667,1976.839484279676,610.6701018279965,14943.5,1937.2871794871796,574.6153846153846,-2.4024216228691064,detected,1976.5548774697704,610.3431003411242,41.50922353041733,-35.33775783800888,54.513968550417516,26.7714863697886,-34.70636564976939,43.83200085626105,41.01364739273703,47.07274887473849,225.24230870710073,-3.126369676056041,5.7946004839498535,43.44728880257867
2001,33.38335,1977.5407439668556,609.9380772108501,14924.5,1935.8084112149531,575.4766355140187,-2.4513327202532165,detected,1977.066328396979,609.7015172258034,41.099099409803785,-33.83168784393615,53.232688027813055,26.76146509113571,-34.47768824329859,43.64501117454508,40.996076621075765,46.695971450408976,225.09815127010194,-2.409814805260916,5.530365783645813,43.293210261255105
2002,33.40003333333333,1978.2155071835728,608.5064168805627,14999.5,1938.7384615384613,572.4358974358975,-2.4012551123256927,detected,1977.6032383147783,609.0619794322508,35.60163263824052,-35.98013522364181,50.61666106352515,26.77136808842391,-34.077163563686135,43.33542691461687,41.0048422748964,46.218894131808185,224.97354343995474,-3.206552155730753,5.146109352354859,43.028790180595436
2003,33.416716666666666,1978.5953663793105,607.6799344468391,14848.0,1939.9835164835165,571.2087912087912,-2.384697974123631,detected,1978.1363638656828,608.4714450488893,32.23747493548399,-36.817547669620126,48.936556955109836,26.73451353216251,-33.82876869959291,43.117511587891265,41.13054610353791,45.649422871003736,224.91914757674883,-4.418278790235429,4.955959261405464,42.8317437577695
2004,33.4334,1979.6459002128383,608.0549970014464,14173.5,1945.7058823529408,565.8983957219251,-2.248635529565423,detected,1978.6349724188956,607.8745088249805,29.998407517961823,-38.497086244389266,48.80502128799509,26.490876916938486,-33.47947806791043,42.6924116386985,41.25994930336133,44.99691672611808,224.49706882123556,-4.736365346226868,4.56927494440383,42.44718763369987
2005,33.45008333333333,1980.077058206298,607.453565828411,14136.5,1943.494623655914,567.8978494623656,-2.317163179985511,detected,1979.1314840428704,607.289452836275,27.146756495117188,-35.878462855119324,44.9912267564618,26.26332917661843,-33.163661771767266,42.30355684279508,41.385774870554066,44.27204445937472,224.50414128400882,-3.9522480955366066,4.51542664666286,42.06188112472148
2006,33.466766666666665,1979.600984999605,606.1075497853062,14788.5,1943.761658031088,567.4300518134714,-2.3181252382748707,detected,1979.6366952295941,606.7456311861583,24.341574180949465,-33.01586847010185,41.01901759479048,25.996736705273435,-32.9096354514812,41.93893685911338,41.493524783522965,43.4866219215253,224.41727671899343,-3.5351966850431116,4.464281775540066,41.70065482820719
2007,33.48345,1980.5130644971111,606.0862634123334,14135.0,1934.0,576.4759036144578,-2.574693031934501,detected,1980.1423260118404,606.2207833339858,22.527327400020113,-33.1169394632675,40.0526173826558,25.67970302692146,-32.74543355875806,41.61382662651823,41.51822215569172,42.6534329424296,224.21818485500293,-3.598741595009548,4.432054783862949,41.37713688614468
2008,33.50013333333333,1981.0541910057009,605.1810824125554,14209.0,1941.012048192771,570.0843373493976,-2.42191645511524,detected,1980.6147319091692,605.6850242791237,17.962108020326014,-37.2855439643763,41.38658131874748,25.31893368005495,-32.62597473040332,41.297731533389786,41.50546795964132,41.78603629096856,224.0111946015913,-3.2712245703948977,4.459011516849348,41.05630093050934
2009,33.51681666666667,1981.257593451054,604.7371810750558,14129.5,1929.983870967742,580.75,-2.704013900234831,detected,1981.071524949557,605.1394609726552,19.338553319932544,-36.78828114689895,41.56148787340457,24.93526607743975,-32.52368694586355,40.98240728538592,41.463611901186376,40.89856083633282,223.64973231411483,-3.219830764932899,4.406919922173305,40.744775906916026
2010,33.533500000000004,1981.4971749408985,604.2300354609929,14100.0,1940.125,571.4261363636364,-2.4711974590106958,detected,1981.5185407099934,604.6153837461428,19.85243168265424,-35.67047728099351,40.822812166340626,24.61412596409075,-32.16725608326275,40.50416720415729,41.38517188495759,40.00549037815582,223.46510578706648,-2.3724920565504335,4.263491799475538,40.27915339947124
2011,33.55018333333334,1981.890810528688,603.8509424338398,14050.5,1941.3657142857144,569.9542857142857,-2.445025981003618,detected,1981.956988585343,604.1135827234677,21.270147345019723,-36.30511412846067,42.0770778448243,24.249048798368406,-31.839082970094594,40.02178871567612,41.37090877913946,39.12143886122421,223.8981742965094,-2.0009767143291723,4.603332463678644,39.75616810296312
2012,33.56686666666667,1981.6463807890225,602.7022755860492,14575.0,1945.7944444444445,565.3444444444444,-2.33562780193116,detected,1982.3820050717293,603.6157378714222,23.901668555636206,-30.3552378618499,38.635867084782426,23.862239561460402,-31.389614616586883,39.429866632622165,41.40653659172078,38.26091608016803,223.8532077944763,-3.088020739979614,4.539667067806143,39.167662753601306
2013,33.58355,1982.5828701724383,602.1566671417035,14034.0,1949.1675126903556,561.8324873096446,-2.2627749671502566,detected,1982.8019276867074,603.1425219245182,26.816362496302645,-24.082291599946984,36.04267007642447,23.410950190169316,-31.033377346713696,38.873424062592065,41.4543861365455,37.43808378241533,223.71643544263483,-4.294872586056844,4.5261420091515845,38.60902921420202
2014,33.600233333333335,1982.562307578701,601.5891641957215,14670.5,1944.4234693877552,566.4897959183673,-2.3976718399978303,detected,1983.1867473931916,602.6769463282202,27.81863227370559,-18.584958386119524,33.45559713700308,23.06154150394439,-30.51478866703076,38.24901337200345,41.479718029594856,36.666502570832535,223.3805848373741,-4.5801355658544605,4.197515777900062,38.017994229390624
2015,33.61691666666667,1984.004896940589,601.3670351143601,14158.5,1945.761682242991,565.088785046729,-2.3825561490712595,detected,1983.5746340478431,602.2705103446311,29.308470889772252,-12.686432032546008,31.93637461599292,22.620862954635754,-30.24059583956894,37.76502452726023,41.45891933520002,35.95887141318371,222.9716413442259,-3.7903392292800033,4.06160195874439,37.54597804124019
2016,33.6336,1984.2695306961575,601.8562904674134,14106.0,1947.1268292682928,563.5512195121951,-2.34078942865655,detected,1983.9318471897802,601.8558652817785,30.65611377316054,-6.819963739237664,31.405560289182553,22.171195583547085,-30.01098550733894,37.31248001306809,41.43045293768445,35.32676396148031,222.56288833838613,-4.429438537413823,3.969532355135332,37.10072745388074
2017,33.650283333333334,1984.6031031567416,602.011121828076,13996.5,1946.6376811594205,563.3574879227053,-2.347212476614692,detected,1984.276629113278,601.4422419009255,22.89003462839173,-8.51681885564767,24.423142482262357,21.690383840233547,-29.685385176453984,36.76540281584167,41.345387824037445,34.780369100723064,222.52115739997507,-4.555530822663617,4.076819879071088,36.53866970600749
2018,33.66696666666667,1984.757493512368,601.5794109944527,14001.0,1948.0228310502284,561.730593607306,-2.315553346831136,detected,1984.5742144951107,601.0232853399853,21.093619462279094,-14.533745481947335,25.61582596274155,21.253459387069682,-29.604444809224727,36.443554826337305,41.219958460095064,34.32824667844667,222.97316206191022,-4.2805282219713785,4.629454876853792,36.1483171935213
2019,33.68365,1985.4550058892812,601.5242991755006,14150.0,1947.920792079208,561.9851485148515,-2.330186999738222,detected,1984.8695771855798,600.6021770426513,15.861572666814027,-20.3760463997246,25.821943272115515,20.862901424382954,-29.44867121477085,36.0899555577337,41.00381553103455,33.97711236664565,223.28869224693418,-4.233440142177309,5.00593421063933,35.7410900062931
2020,33.70033333333333,1985.9168346239528,601.313708850465,14140.5,1945.475113122172,563.9366515837104,-2.395556214687311,detected,1985.1279912197256,600.1805981414353,15.660005418651053,-25.957583056463136,30.315538719365726,20.432075322974658,-29.48388777226155,35.87156729460011,40.837834444481814,33.73166704707118,223.36538033772533,-0.14995514810856583,5.391155248218503,35.46413378697737
2021,33.717016666666666,1984.948166604093,600.222510438354,14649.5,1950.8296296296296,558.3777777777777,-2.2548334275399924,detected,1985.3807387850718,599.7491199684413,15.047182818613692,-28.989338409059883,32.66189602842703,20.16475774325756,-29.599615849636834,35.815565237621726,40.73122249654078,33.59448510717866,223.5091180225865,1.2490020985599268,5.753658261139082,35.350390802710564
2022,33.7337,1986.0969112331595,599.2034807304135,14202.0,1945.1422018348624,563.9220183486239,-2.43047431056044,detected,1985.6225408782768,599.3146804595495,13.87808795638739,-26.896418579504598,30.265800133635075,19.953800120657792,-29.76537180032799,35.834780558375456,40.646179773180336,33.565972222248206,223.65097867457246,2.12482929676631,6.108221194301031,35.31035445175275
2023,33.75038333333333,1986.1413570654988,599.2182629373264,14158.0,1945.6634615384612,563.1826923076924,-2.4141887709196097,detected,1985.8599520790488,598.8404388140493,12.494141706644768,-30.061113665490893,32.55417226401685,19.81865410256687,-29.863705155484666,35.841595054502136,40.60230700654089,33.64439697602503,223.85893834947282,4.099895199608114,6.401922951015925,35.265214001621594
2024,33.767066666666665,1986.4917615004288,598.9684552960105,14191.5,1946.1611374407585,562.2938388625593,-2.403636252687997,detected,1986.1110037391572,598.3987862877922,13.044341947399516,-28.520470604618822,31.36195306975656,19.726999813613592,-30.12445918600319,36.00885395143093,40.49086519257576,33.82599318627087,223.88198405209545,4.900170188349521,6.662916740668898,35.38704711334921
2025,33.78375,1986.679768691205,598.3953245595515,14209.0,1950.0611111111111,558.2777777777778,-2.310629720715532,detected,1986.367524664717,597.9634878321464,15.501632613494621,-26.069224763487682,30.329937247759013,19.690691006112832,-30.248219583797983,36.092632216116804,40.39227187204328,34.105122654711835,224.0050501477428,4.8069196363522515,6.851004644069441,35.43644784194391
2026,33.80043333333333,1986.7261553414169,598.6189951285425,14061.5,1946.060913705584,561.7106598984772,-2.404586912266124,detected,1986.628077734994,597.5269194790833,11.344702585168307,-29.156159681789177,31.285522596496822,19.732885700283937,-30.45362878926424,36.287880683428924,40.28769925680153,34.47448280726409,224.20008372906335,3.3596066493058125,7.084544177864279,35.58959845638418
2027,33.81711666666667,1987.0101638295605,596.9948825473542,14069.5,1944.8505154639172,562.8762886597938,-2.461223984776702,detected,1986.8913206005159,597.0688934977348,10.449964379278754,-36.46423073639971,37.932069265011,19.870192928229418,-30.88320371487068,36.72324657079301,40.20483619908813,34.92534132816683,224.32434873597913,2.9279987350602656,7.363638665861384,35.97740491333264
2028,33.833800000000004,1987.185461580984,597.0951522580335,13869.0,1950.3705583756343,556.9492385786803,-2.312939585630782,detected,1987.1482182813997,596.5519687884184,10.598430902774453,-40.44918143636505,41.814626824508,20.07333460361114,-31.187970988418172,37.08946341594801,40.115406662771974,35.447780579960714,224.43740858368417,2.7744550898651457,7.502947557712153,36.32263859398388
2029,33.85048333333334,1987.518039441762,596.4789820085994,13877.0,1948.7263157894736,558.578947368421,-2.3678208872673623,detected,1987.4354489211134,596.0538672707315,11.876125394023802,-41.73324612194483,43.390162321076886,20.38226448152378,-31.36299643538615,37.404200977976124,40.006638049398624,36.030937737600205,225.0508280853725,2.521132852736071,7.797006084468178,36.58252242423418
2030,33.86716666666667,1987.4739652870492,595.2483671922924,13856.5,1949.6650717703349,557.488038277512,-2.356837140648256,detected,1987.7465945938445,595.5548307533014,14.309702019823817,-39.907319046401426,42.3953026332803,20.652707371189592,-31.593185876199893,37.74471771742511,39.94013918786423,36.66323112224976,225.6164732885059,1.2695941447323622,8.133123450869011,36.85805228848955
2031,33.88385,1987.4858484913848,594.2222781412514,13909.0,1950.3972602739725,556.7397260273973,-2.350911478165449,detected,1988.0401541059505,595.0152450709353,15.372188116231882,-35.20775615037587,38.41731719713326,20.797293941131255,-31.926437883482713,38.10281972770119,39.98751668216051,37.33256810724723,226.32735595546646,-0.9425370401551928,8.73099029154734,37.0890102285111
2032,33.900533333333335,1988.0385877601068,593.7901114356811,13864.5,1951.605633802817,554.906103286385,-2.3236627814990443,detected,1988.3750932041476,594.5161941017166,16.66135106308593,-32.54504456314203,36.562009584598805,20.930992264437084,-32.381991863683474,38.55774674736048,40.04620431907146,38.02653427533821,226.45342938089993,-5.275479028755481,9.050661152407914,37.48046647172207
2033,33.91721666666667,1988.3574794716171,593.4212305129121,14005.0,1953.04932735426,553.2511210762332,-2.291868030076028,detected,1988.7052290276242,593.9600132343693,16.39157453782991,-29.144718777813978,33.43797763721808,21.181275549073504,-32.74945709064214,39.002222675350055,40.0862038041236,38.732566635534695,226.69465981731673,-8.211310865387945,9.304125024303602,37.87620138226268
2034,33.9339,1988.8781597693755,593.5291139542087,13991.0,1953.138613861386,552.6138613861386,-2.2887771461946453,detected,1989.0409252725847,593.3975485868125,19.79097982980693,-22.886175345106494,30.256567957235088,21.403638096441014,-33.13485217869151,39.44659874649725,39.99920802141226,39.43811541609155,226.28063746242296,-13.581309877426769,9.155046345528703,38.36950975811888
2035,33.950583333333334,1989.026658478056,592.7521011748382,14654.5,1945.900552486188,559.6961325966851,-2.487617705647632,detected,1989.367929118067,592.8287464157062,19.239872739802195,-26.551705440200976,32.78972041398007,21.678747069650452,-33.560840255862665,39.95369911772138,39.843759000647154,40.130799300267434,226.05506489734208,-16.694721438156762,9.119713600200546,38.89895753152939
2036,33.96726666666667,1989.303499590587,592.8057958631493,14044.5,1947.4659685863876,557.7539267015707,-2.444218679255308,detected,1989.7382543697372,592.228067302621,18.362246367060834,-31.656129288919374,36.59621036666799,21.788854725491703,-33.855668809631965,40.26115374397595,39.58831752769359,40.79855823047205,225.49074813047386,-18.109095360071077,8.869219480437806,39.27209501164779
2037,33.98395,1989.2675863485435,591.8177751914102,14606.5,1948.0494505494505,556.9285714285714,-2.439161567923044,detected,1990.085043256648,591.6208271802568,17.793208029900597,-34.46550278912332,38.78748682890381,21.84813042602285,-34.38477995247533,40.73884995299517,39.33218876463117,41.42980644385015,225.18607090799568,-19.09479340667584,8.99383418592286,39.733673906760494
2038,34.00063333333333,1990.290608882437,591.983913418074,14121.5,1952.4583333333333,552.6666666666666,-2.3369489030168533,detected,1990.4412888775591,590.9378203159566,20.0628245304988,-39.32836561277941,44.15016726937775,22.057096065804952,-34.629104259077636,41.05715952963889,39.1072203037005,42.01358661998012,225.01628477690085,-19.522013906815136,8.901144452767575,40.080668358613764
2039,34.017316666666666,1990.05022722379,589.9149129069913,14706.5,1956.7510548523207,548.5274261603375,-2.2483182673588225,detected,1990.7951135289622,590.2457002014232,22.749791110125443,-39.24285061739397,45.36027248742495,22.194317428581257,-34.90026853056884,41.35959948580788,38.98048356611267,42.53972428275561,224.60150861806684,-21.174135741400484,8.703462647711339,40.433478796244245
2040,34.034,1990.5977271703384,589.5040771275397,14798.0,1953.8691588785043,550.6401869158879,-2.327954183136352,detected,1991.1817169316696,589.5342597062553,25.333894814576524,-42.14259544641368,49.17117628688696,22.541776689604735,-35.03460189266931,41.659993112119395,38.93660937746656,42.99898015751134,224.12847247275852,-22.49859498677109,8.213482263492043,40.8423032554377
2041,34.05068333333333,1990.7619969873035,589.4390721801275,14715.5,1950.8882352941175,553.3882352941176,-2.406503600174326,detected,1991.594997165748,588.8449824186218,28.883295545156216,-41.796975763877754,50.80582589187017,22.791386833513272,-34.987804805183615,41.7563623760556,38.80661928383342,43.383197160010425,223.74118081915663,-23.67892975057354,7.724531051147917,41.03566033245138
2042,34.067366666666665,1991.7546087382375,588.2985273026201,14293.5,1947.28,556.9266666666667,-2.52725964772732,detected,1992.0005027002057,588.1584511169336,30.517693167065772,-42.87969189641581,52.630766414434056,23.130684639622416,-34.72247170375033,41.72144068839673,38.89566532290359,43.68543810369363,223.37562074061395,-25.231594547516035,7.033709399141685,41.12426954006396
2043,34.08405,1992.0574826444135,588.1213299859741,14140.5,1947.988023952096,555.6347305389222,-2.506354664415206,detected,1992.405649128653,587.5001884093374,34.90109590091379,-35.83350304282021,50.02125983424035,23.476049615491085,-34.521908701336365,41.74789917986775,38.96943864615856,43.900110019400884,222.75484048498274,-25.02288525094054,6.197993597632085,41.285251135194926
2044,34.10073333333333,1992.640948517068,586.9935879500093,14296.0,1961.8021978021975,543.0439560439561,-2.1826515559219724,detected,1992.8508638049548,586.8534324033919,34.67188152567451,-39.832786910136974,52.80899811167401,23.791496637877284,-34.181879696994976,41.64656302613655,39.15533310007867,44.02307112287024,222.13869835683204,-24.976743330366297,5.2916281915338,41.30901696933162
2045,34.11741666666667,1993.4400354585111,586.2989945645835,14289.0,1956.9773755656108,547.6561085972851,-2.3271738106533197,detected,1993.3425638991637,586.2573997408911,34.08100812147404,-41.34822408759214,53.58349325840668,23.963611004799123,-33.93163399655108,41.54046747528523,39.24408906987565,44.05171685519109,221.49487373490263,-25.925502219989177,4.532402974790255,41.29246615714957
2046,34.134100000000004,1994.0398309708728,585.5498786844519,14356.5,1957.0103092783504,547.659793814433,-2.3447085071156084,detected,1993.7862110754356,585.6431468681349,31.898431788923517,-41.111502733518364,52.035234289860696,23.99490656777279,-33.70928176915151,41.37718234230306,39.37115683817919,43.98504197651713,221.22880850786262,-26.315734524181938,4.170522332465829,41.1664664753073
2047,34.15078333333334,1994.64205317629,585.8094922814231,14348.5,1959.4453125,545.078125,-2.2834301958136107,detected,1994.2721554572358,585.0192921112107,32.393784567232615,-44.643922130394685,55.15829096131444,24.067228026893464,-33.54902651642978,41.28884407559256,39.445453146794605,43.82367636195436,220.35211074298107,-26.714360958019018,3.38128249276393,41.15015885513351
2048,34.16746666666667,1994.876082737204,584.0880053235735,15027.5,1960.220238095238,543.8869047619048,-2.2822515064099638,detected,1994.7293065714682,584.4331529139778,32.84116064196769,-40.08446621955545,51.81994079906122,24.208823262129158,-33.375883237591516,41.23125884115532,39.49456475435118,43.56989291016124,219.6930970997195,-27.997018840295812,2.688225362525017,41.14353108359351
2049,34.18415,1995.3076664198693,583.766406407754,14857.0,1957.3419354838709,545.8709677419355,-2.357121080837232,detected,1995.2037193370506,583.8356575995269,32.49603940468023,-37.58187811283028,49.68289584432617,24.284732174605235,-33.00739275998448,40.97848452058937,39.536559484837255,43.2275868060973,218.73782015097703,-27.680994523378125,1.7121125868768914,40.94270220801309
2050,34.200833333333335,1995.881489904902,582.8517230230665,14949.5,1953.6882352941177,548.9882352941177,-2.46528015256068,detected,1995.692052277544,583.2950388610014,31.152526382706128,-36.66006504356892,48.10862988096736,24.246880434520754,-32.87561568144713,40.84993656347777,39.66545510097929,42.80222622769137,217.97954876052745,-26.52189818600746,1.1188720346330534,40.83461084191049
2051,34.21751666666667,1996.5907508757791,581.6873384145317,14891.5,1957.447204968944,545.6335403726708,-2.3972599147019724,detected,1996.1682047866943,582.7425666668861,29.901394060698294,-35.68476335708101,46.55637123556812,24.164525255559262,-32.39211325415528,40.41253867176106,39.76026779385968,42.30077537354849,217.0466013163786,-25.88656536374924,0.2282813760483151,40.41189391144559
2052,34.2342,1997.409187845369,582.281031659067,14145.5,1957.8415300546449,544.6502732240438,-2.381279112083261,detected,1996.6581010440452,582.1983540926556,26.46861780096242,-35.84015351726839,44.55450967561859,23.966940947727238,-32.20645259438196,40.145608067458845,39.74653840061373,41.731591329901825,216.13174875361182,-26.251141531775353,-0.3668767725196105,40.14393165273928
2053,34.250883333333334,1997.819459154134,581.7159029395843,14163.0,1952.390374331551,550.1764705882354,-2.5347318725602928,detected,1997.1206177823944,581.6777157262446,24.685006905765476,-35.78766958708934,43.47535923270064,23.815315148617117,-31.893277553629495,39.80389916504159,39.72182882299177,41.10429672685165,215.51168575615281,-25.396455153993482,-0.8597808052922815,39.794612269849424
2054,34.26756666666667,1997.86538034263,580.8691340700461,14252.5,1950.5087719298244,551.9883040935672,-2.5939557759607315,detected,1997.5936943163865,581.1895989970599,22.354625363612286,-35.2405428943714,41.73278254127669,23.566069789940663,-31.70748371341655,39.50600168051596,39.56735954979813,40.42963032977283,214.90858945464223,-25.387693524819966,-1.180530526175847,39.48835925254045
2055,34.28425,1998.2450904664931,580.461449336423,14241.0,1945.8947368421047,556.9013157894736,-2.718699421323423,detected,1998.0337591777413,580.6626135871135,22.34433083746353,-37.13665445192828,43.34051481530818,23.307955643798113,-31.497506002044528,39.18358943029711,39.46543116128115,39.71927767203043,214.36967317499472,-25.407351519279665,-1.4573830796924767,39.15647730837285
2056,34.30093333333333,1997.997670642253,578.5818690856152,14882.5,1947.39156626506,555.9036144578313,-2.720292587289519,detected,1998.469042423785,580.1519599253987,18.577920024472405,-38.700139840100974,42.92831159129209,22.902587054886236,-31.493783608161195,38.94081277739751,39.37639727570956,38.985683585601194,213.65736544552095,-24.280939034195125,-1.6087034582180877,38.90756960988238
2057,34.317616666666666,1998.9567421027816,578.9788425271098,14140.0,1947.565476190476,555.8928571428571,-2.7193875506527774,detected,1998.871603771988,579.6351977558089,18.637314863613028,-39.13533466341505,43.34655608630225,22.647911324229792,-31.422419704305938,38.73365910191974,39.30500607334651,38.24184809824962,212.73857420311012,-21.214811384618983,-2.056763420831441,38.679013323176434
2058,34.3343,1999.3005978496133,578.2273349478783,14245.5,1948.038961038961,555.6883116883117,-2.7273488919607267,detected,1999.2738691432935,579.1051055105562,21.353886043286366,-30.58110795552693,37.298694520549276,22.32293547713472,-31.210632105107205,38.37208627005663,39.311724917659916,37.5011067741622,211.6574844324261,-15.99162856455003,-2.6207068433166967,38.282488168326545
2059,34.35098333333333,2000.1621537071155,577.3745003302165,14384.5,1949.9885714285715,553.8114285714286,-2.70253401034999,detected,1999.6614672017813,578.6022546026588,22.44244986816284,-24.473705717698294,33.20581014885047,22.05826064615091,-30.888453648645847,37.95607239346654,39.41114048074882,36.77689636759458,211.09386683640477,-12.368330701963092,-2.9368975500167664,37.84227879394657
2060,34.367666666666665,1999.405774403323,577.5439151998003,14685.5,1956.021505376344,547.5967741935484,-2.5374223874333057,detected,2000.0295249631213,578.1030818980133,24.960640142055126,-15.836236671435927,29.560445670099526,21.768734749463956,-30.59718280119814,37.55083764661522,39.51239119578097,36.08250684461786,210.2743083711505,-10.36701476818192,-3.3746749233126163,37.398890052037906
2061,34.38435,2000.0438928950755,576.0482978366595,14907.5,1954.7010869565215,549.0326086956522,-2.6042598627912152,detected,2000.4037071076584,577.6555924782762,21.845468128207358,-14.255940603981571,26.085557694723988,21.353365205646096,-30.324319250499506,37.08814559413712,39.57092452708946,35.430821597554306,209.67341830754077,-8.332338569574963,-3.5408875043888113,36.91873046697537
2062,34.40103333333333,2000.8546890657235,577.4461302681992,14137.5,1953.5988023952093,550.5988023952095,-2.6249392318833427,detected,2000.740207129971,577.2058921866887,23.81565926228359,-7.666519267501144,25.01921549082146,20.917585774451446,-30.1254455865486,36.67543955318919,39.662870797204945,34.83404916743564,209.07480230318427,-5.808158623965318,-3.642185229310206,36.49414135412736
2063,34.41771666666667,2001.1486858100527,576.8248297513248,14121.5,1953.6272189349115,551.0828402366864,-2.645150458935353,detected,2001.0742698971533,576.7752271855754,26.347892545295508,-6.935824748144341,27.24549699519923,20.617671303595483,-29.748314598412826,36.19462102894912,39.66098580306085,34.30345203071587,208.6364655405701,-1.6928936167691566,-3.838783277695198,35.99047560641751
2064,34.434400000000004,2001.852638898711,576.9565094406337,14141.0,1954.057142857143,550.2628571428571,-2.632249070951532,detected,2001.3620110130807,576.3242190592455,28.579300719115963,-8.394134749092473,29.78653937233367,20.299282111267846,-29.686678017984928,35.96331055362324,39.706802324971896,33.84908083196254,208.98090617670252,0.802924423350158,-3.3736971915892315,35.80471858897666
2065,34.45108333333334,2001.6540504648076,576.6636904761905,14056.0,1952.622754491018,551.5988023952095,-2.669023794470343,detected,2001.6572751325805,575.8714454662144,21.198743785514125,-13.319791524894299,25.036045701158955,19.92699496390762,-29.563765476032707,35.6525084308729,39.68437772993878,33.47952541067541,209.42339093979874,1.8927556655500837,-2.8332009527668163,35.53975703032738
2066,34.46776666666667,2002.641919495167,576.9414638740743,14156.5,1950.6342857142856,553.6342857142857,-2.720278940831057,detected,2001.9334889235988,575.4483939836302,16.962882935012203,-23.257629612379333,28.786398396700342,19.50737580867287,-29.419467463010566,35.29933110907249,39.64430662389534,33.20169634427145,209.11126159081738,5.823396256732336,-2.7303579157966453,35.193577857324755
2067,34.48445,2003.2740453481465,575.905355832722,14311.5,1957.531073446328,545.7909604519774,-2.5593773395018347,detected,2002.2049906676662,575.014499942625,13.056566966450191,-26.152647681371718,29.23071880223536,19.228943071776513,-29.38615097926324,35.11834450872757,39.60331371546522,33.02065160801255,209.00270951531337,7.13581957168185,-2.5696675707864607,35.024204910451914
2068,34.501133333333335,2003.115180842046,575.8431053970048,14156.0,1957.1513157894735,546.5131578947369,-2.573622260618368,detected,2002.45402270471,574.6169033669689,13.015548787324406,-32.41534032432946,34.930771514201076,18.98997309861053,-29.421530096360986,35.01778850094659,39.63315437050203,32.939481541209155,208.70701445647813,10.049385504681233,-2.5237960715994685,34.92672279052253
2069,34.51781666666667,2002.393515081989,574.3807836786108,14819.0,1955.474358974359,548.2820512820513,-2.6339644296270954,detected,2002.702878466149,574.1880043701578,13.286774780323867,-32.0171018120177,34.66458123941724,18.771550310707596,-29.48991921924984,34.9574947132272,39.711348870466765,32.95926128774115,209.24442752524268,15.211192289810226,-1.9720962440775676,34.901823348206364
2070,34.5345,2003.129763118722,574.2052228746909,14219.5,1951.206896551724,551.1724137931035,-2.724076508207144,detected,2002.9458012327254,573.7489534231248,9.427736689322955,-37.72812183374549,38.888216675300875,18.68271337353413,-29.573320759378543,34.98035276744248,39.8000695476302,33.07907367901376,209.72607903283,19.0605087753773,-1.5601296607301087,34.94554442524012
2071,34.551183333333334,2002.9702041504977,573.7596310668691,14817.5,1957.4939759036145,543.9698795180723,-2.561667097414649,detected,2003.1891713999412,573.3078704509769,9.8096170502713,-32.45627672427349,33.906319255790514,18.652060672629016,-29.737937694643897,35.103337528872615,39.8673664005837,33.29609832301972,210.700513808642,20.758249560908148,-0.8552085549614468,35.092918430838395
2072,34.56786666666667,2004.0988787303777,572.7718705077339,14492.5,1953.686170212766,548.2712765957447,-2.689207359598366,detected,2003.430230565401,572.8956750232952,10.419167074307552,-33.371954977286805,34.96064103428872,18.70863469783807,-29.829609647817943,35.21105826297108,39.81586378328639,33.60575603388165,212.00951280140447,22.254963780776475,-0.05269116591384382,35.2110188384173
2073,34.58455,2004.03462478185,573.2609307737056,14325.0,1959.3317307692307,541.3461538461538,-2.521578157965899,detected,2003.6743620239185,572.4660442727674,13.025166294321025,-30.776956441138054,33.41969486357447,18.719952761903954,-30.237930859677167,35.563592255037065,39.84983450995782,34.001893136263064,213.42577827197823,23.627201838256827,1.0330799655434895,35.548584217480794
2074,34.60123333333333,2003.794757174393,571.1742163355408,15100.0,1960.21,540.16,-2.5231344201984838,detected,2003.917388193124,572.0323215472756,9.374248221735797,-35.4265405097276,36.64582243871854,18.764323038259352,-30.639571535682308,35.928862533822915,39.88592276405613,34.476988457233745,214.34887991186952,26.5991293644464,1.7956352412200633,35.88396378683426
2075,34.617916666666666,2004.1563884677316,572.2030958005712,14180.5,1960.8431372549016,539.6029411764706,-2.4963912735696705,detected,2004.169369000599,571.5525653240617,10.193042625566704,-34.45523767200439,35.93134454763598,18.842459948260018,-31.004708791811908,36.28126602210625,39.875258344177254,35.02236700717605,215.46791257431363,27.09796253047201,2.6443228012139937,36.18477333202215
2076,34.6346,2003.8018227848104,570.7652095639944,14812.5,1958.734693877551,541.1428571428571,-2.560106933984821,detected,2004.4159859620795,571.0280904332471,7.1780631656884,-36.561359471695596,37.25932899595963,19.08449676613024,-31.422021868692454,36.76358898602015,39.79527855783949,35.62840777860194,216.81840868485108,27.77417788790256,3.5527341057007593,36.59152300065157
2077,34.65128333333333,2004.6319596875076,570.4365337864948,14123.0,1958.7650273224044,541.1748633879781,-2.573721789509678,detected,2004.6874868701148,570.5351769259453,12.698442021543997,-38.56712091683448,40.60385752103175,19.399695254883127,-31.729532348217912,37.190205686698505,39.69531184084426,36.28473769715678,218.24353570397162,28.553988375955818,4.404485991673422,36.928470076190465
2078,34.667966666666665,2004.3474414806751,569.099834422065,14696.0,1957.2105263157896,542.5105263157894,-2.6279986644775866,detected,2004.9698856984746,570.0290306209874,15.81433051242766,-32.14129777469611,35.82116793458842,19.745682305518073,-32.04022572262767,37.63599386315421,39.62285731314549,36.98040845517875,219.21689826130248,29.036321059329655,4.95955725402267,37.30778505769878
2079,34.68465,2005.0341597002016,569.4056764677621,13876.0,1956.647887323944,543.7253521126761,-2.653659851442028,detected,2005.2670143746732,569.5009470407472,18.301515488050427,-32.61710040571165,37.400811595948355,19.986959865442522,-32.402381392981574,38.070892878931126,39.651661510888076,37.70405690792491,220.15724154341953,28.62066783959649,5.620307082891545,37.65375190990996
2080,34.70133333333333,2004.7503046870552,567.9926533401674,14632.5,1960.976,537.6800000000001,-2.535934254943782,detected,2005.592841057502,568.9666252666545,21.571956231298827,-26.35090803751723,34.05465680412537,20.137708169944283,-32.766433551828065,38.45993315184264,39.67073286045467,38.44405244999508,220.854615257726,26.966253601084066,6.202300868737179,37.956526737543655
2081,34.71801666666667,2005.9204621508327,567.8107248112532,14194.5,1969.0,529.78125,-2.341398857543974,detected,2005.8929994876623,568.3692007821168,18.761450276383584,-27.225457632503094,33.0638406688097,20.262590841179463,-33.31860651728441,38.99618093930067,39.62517683095762,39.18863618839047,221.5762530430442,24.682511546086282,6.95286660888754,38.37134052609699
2082,34.734700000000004,2005.8544511260463,568.0691192076406,14135.0,1977.0625,520.8958333333334,-2.118787308256703,detected,2006.2187686084626,567.7860156143372,19.894433022113844,-27.284343471707643,33.767201008574716,20.478008590696913,-33.763566977396344,39.48831841035758,39.53383864707897,39.926056903420225,221.88323034143818,24.034476859974625,7.295032557751394,38.80863036566909
2083,34.75138333333334,2006.451909009392,567.652425786965,14126.0,1970.116788321168,527.3941605839416,-2.30501880406506,detected,2006.54725498216,567.1871269157973,19.57439247018101,-29.168727501383728,35.127930548591365,20.725024108787206,-34.29296575232483,40.06911684077819,39.51347633487819,40.64470800117784,222.46078676112688,21.49483965909851,7.861012733715695,39.290439081286614
2084,34.76806666666667,2006.8601678033235,567.1730647542713,14223.0,1971.0857142857144,526.4357142857143,-2.291420770110577,detected,2006.8927745826054,566.5563959487339,22.754615428086254,-30.122514656777412,37.751005450555496,21.105384127549335,-34.87245992598072,40.7618166972541,39.54718761297516,41.333268246481666,223.05220383157624,18.70843321632498,8.383808365152326,39.89031784477211
2085,34.78475,2006.4575613079016,565.925942325159,14680.0,1970.0232558139533,527.1046511627907,-2.3244867398438136,detected,2007.2223238010918,565.8969519422852,20.362676335035758,-33.805263322673454,39.464343600783685,21.286303063727715,-35.19135481188577,41.12831326005116,39.552627547064844,41.98084736637485,223.65665182016082,18.3291303238629,8.893412629072353,40.15526569985506
2086,34.801433333333335,2007.0706838444976,565.3310902963289,14786.5,1972.587786259542,524.0381679389313,-2.2665645943926807,detected,2007.5676781144314,565.1888241163557,21.200318076725125,-37.74675782767599,43.29285406456286,21.51276095995766,-35.64222954526292,41.63132727979606,39.62284523810136,42.57713592806531,224.27325087950643,16.488492589853028,9.477626601740903,40.5381549293436
2087,34.81811666666667,2007.672393198426,565.2687722503279,14232.0,1976.4296875,520.171875,-2.1766673501550398,detected,2007.9355428259778,564.5057800779877,21.71342232004281,-38.33558734704479,44.05780255631724,21.818333224267512,-35.69035945058447,41.83110591888648,39.6949783969666,43.11255743419327,224.70175358030568,14.82022980097778,9.597196128985642,40.71529502360117
2088,34.8348,2008.521175172734,564.1615862509435,14352.5,1966.4375,529.6590909090909,-2.454861941480329,detected,2008.3098512228876,563.8196308988779,24.52802086457632,-40.799988634564215,47.605282061066085,22.13644924688352,-35.76090886921425,42.057876651254,39.695697012789694,43.57841946200623,225.251007200822,11.704145378650901,9.813207209899245,40.897016427456876
2089,34.851483333333334,2008.3533128596137,563.9339193053055,14164.5,1962.3422818791944,532.8657718120805,-2.547683218934323,detected,2008.7098810051284,563.1262621588934,26.99386390001473,-39.77793581664787,48.07237113026438,22.502451099367065,-35.58640102805746,42.10406445474278,39.66996242833199,43.96705994091533,225.57890389741803,9.318178111847953,9.666283363163656,40.979448624306315
2090,34.86816666666667,2008.59957148513,563.0818952467454,14313.0,1979.2534246575344,516.9383561643835,-2.1372490254872503,detected,2009.0895015160445,562.4498489316669,27.210800681124056,-40.56040764853924,48.842341695741226,22.874234985917667,-35.384378993986644,42.13412990653851,39.75255562735291,44.271984297107615,225.90206144438514,5.701502730904656,9.493457215237735,41.050690287539794
2091,34.88485,2009.2706470095025,562.4157001117943,14312.0,1972.85046728972,522.588785046729,-2.3115439879240727,detected,2009.511404620528,561.805305825839,27.95084500471421,-42.20602657636164,50.62211390135839,23.306908757049435,-35.03602240346254,42.08010054248156,39.75372509874683,44.487989143492804,225.9412975075117,1.8155922677493046,8.970348559015704,41.112865485090204
2092,34.90153333333333,2009.9538231510137,561.053849809335,14379.5,1980.9357142857143,515.0928571428572,-2.1339588042339024,detected,2009.9703377513433,561.1507493646182,30.03065314610194,-41.81752855388072,51.48345193104394,23.729109735457605,-34.71914045518641,42.05341083413271,39.734419537393514,44.61126839520933,225.72244838694496,1.4825930749451681,8.291617244802282,41.22788432905632
2093,34.918216666666666,2010.2317020405776,560.8758931181665,14252.5,1979.059829059829,516.982905982906,-2.188321144902555,detected,2010.4353157268406,560.5296679515833,32.532563855353146,-46.36573918543172,56.640528609945974,24.04411622466277,-34.35295405713618,41.93143185579048,39.663405655967914,44.63949808738732,225.51122329988138,0.6996350814228804,7.657591793858735,41.22628124625635
2094,34.9349,2011.0150543662332,560.4089205003329,14270.5,1979.0151515151515,515.8939393939394,-2.1940661623515494,detected,2010.8810904621964,559.9017470984863,32.34688557919162,-48.05889436980101,57.93080643941534,24.172892337756576,-34.1741128849514,41.85927275343149,39.610233336473016,44.57189672904223,225.48224848647297,-2.4341463241824006,7.418933915146837,41.19657916634409
2095,34.95158333333333,2011.518932253485,559.5572273034047,14323.0,1970.928205128205,524.2769230769231,-2.4260732872633275,detected,2011.3487215147215,559.2713357349136,30.309128831391718,-46.293339276518054,55.33278008458196,24.33493596913821,-33.822915673600605,41.667478124858405,39.52145987301014,44.40925874519554,224.9854412706587,-5.494016639861973,6.698565103905626,41.125514693852665
2096,34.968266666666665,2012.2141338940012,558.700697388527,14506.5,1968.2769230769231,527.0410256410256,-2.517196767594363,detected,2011.8049844220416,558.6584171945641,31.366369970087362,-42.267701071733654,52.63466271374627,24.41948844606958,-33.46025156408474,41.42342152333099,39.527433832601695,44.153959449892554,224.742922390648,-7.560110159255342,6.209087132724569,40.95542806122035
2097,34.98495,2012.3942228732492,557.2072485962226,15019.0,1968.3387096774195,527.1559139784946,-2.5429648407705194,detected,2012.3051707903735,558.0623432742995,32.28936780438016,-42.63788400334602,53.48450640596146,24.54067543836533,-33.26008098009688,41.333736073258486,39.532721675281635,43.80993102401415,224.03289454843974,-10.025958984542909,5.474831348803473,40.96954917345258
2098,35.00163333333333,2012.899742873609,556.4677262047257,15038.0,1978.4093959731545,516.7315436241611,-2.2856384777724226,detected,2012.7894277346504,557.5066520142535,31.823585118163464,-40.42879543204754,51.45122029514308,24.636403079600004,-32.89075432378111,41.094453113380766,39.600681958135084,43.382610043373596,223.6358279494749,-11.581057169328576,4.866634236827739,40.80526862909723
2099,35.01831666666667,2013.2650439942013,556.5317511153064,14831.5,1971.939393939394,523.280303030303,-2.464040928076108,detected,2013.2816294870893,556.9230103550414,30.110737308557873,-36.84803755296775,47.58607330690252,24.51108769797477,-32.80277135608245,40.94893440344002,39.70788962044486,42.878858093008084,223.13893714499926,-12.968413065229557,4.543859101388019,40.69605107678099
2100,35.035000000000004,2014.3670917116235,556.2925453653752,14273.0,1970.5642857142857,524.5,-2.513753275997892,detected,2013.7439705486765,556.370073091765,25.555130857153927,-34.1303369458642,42.63736170501739,24.518821245867873,-32.341338354036075,40.58490805480612,39.794404308906124,42.30685782998042,222.66216224198865,-14.25705121848881,3.886673780092103,40.39837284773003
2101,35.05168333333334,2014.7536382897435,555.3640142174058,14395.5,1971.2748091603053,524.412213740458,-2.522936555694185,detected,2014.2207425141348,555.8357740624691,24.16386076782237,-31.443875644515856,39.65614054285266,24.209127860232233,-32.17649111049383,40.266716428543816,39.78411561252676,41.675987464607026,221.92966238552958,-15.667484765394212,3.4901432396832455,40.11517608216688
2102,35.06836666666667,2015.258700789671,554.8094645224509,14457.5,1975.93288590604,519.1006711409395,-2.404361914107569,detected,2014.7006461689566,555.3146085549095,21.59950079308055,-33.57788211647471,39.92508737546055,23.970667648440827,-31.974246411025092,39.96179852139989,39.69019333541056,40.99667694550276,221.09683672388476,-17.141274819402895,2.953460228760438,39.852508249068705
2103,35.08505,2015.2241817106683,554.2198337333473,14374.5,1974.8827586206896,520.4068965517241,-2.444007218976859,detected,2015.1353721530477,554.7868881912264,20.1680054283961,-38.140169573864114,43.14418823066352,23.708171592843243,-31.95605918981739,39.790289257792686,39.68131616852816,40.28024907564428,219.9880921186882,-18.543583553013935,2.371190859637192,39.719574181075814
2104,35.101733333333335,2014.9352151262012,553.5211982394683,14844.0,1974.537974683544,520.4177215189874,-2.4551045826352085,detected,2015.5673719269419,554.2690108187078,19.75703003079343,-39.62242242039201,44.27501094407157,23.506314920796633,-31.70552696967162,39.46881403817755,39.60423407957201,39.53874833312168,218.67795121575313,-19.756629945240203,1.4634269849718358,39.441674191645276
2105,35.11841666666667,2015.71215976022,553.0750357229987,14346.5,1972.6647727272727,522.0625,-2.517287892608365,detected,2015.9748805082972,553.7217252623068,21.333104744596312,-34.656434347903314,40.69606614593664,23.172645217135223,-31.533781342637514,39.13247822620609,39.624088523539065,38.784759404277224,217.59732051278417,-20.32629497902855,0.8789077690981486,39.12260693330536
2106,35.1351,2016.0679889653245,552.3291080304035,14318.5,1980.5419847328244,513.7709923664122,-2.3152893662877694,detected,2016.3855209734247,553.1910396660292,23.291710709283507,-31.11992437383128,38.87098507624846,23.01223512511031,-31.301463769200076,38.85028442042485,39.698000514455046,38.03121651940989,217.01047909367918,-19.99031242631787,0.46640801280187816,38.84748464332665
2107,35.151783333333334,2016.63803014006,551.4262979540381,14410.5,1974.2094594594596,520.7162162162163,-2.51506710700857,detected,2016.7835821962576,552.6940722026059,26.366822732585206,-24.950931698899467,36.30094122271099,22.738451097769623,-30.937711402421876,38.39504063215984,39.75873270401928,37.291203790466916,216.93403583963064,-17.989820177309362,0.4148439837864544,38.39279945008336
2108,35.16846666666667,2017.3713609330796,550.8566891852878,14432.5,1972.972972972973,521.7567567567568,-2.5614112986922715,detected,2017.182164533361,552.2106001313169,28.2061977208823,-20.480895105147965,34.85766277560186,22.47661175604162,-30.525902323714384,37.90816256044046,39.84259861516782,36.577746061318614,216.7834872533852,-18.54534680161713,0.27708281512709476,37.90714990370999
2109,35.18515,2017.5176403086612,551.3506047938548,14233.5,1977.2568306010928,517.4207650273224,-2.441322059583697,detected,2017.5766511404852,551.778548993569,26.287783179316648,-14.092640991044846,29.827002440494095,22.19350950131527,-30.27845931174241,37.54113693373992,39.887984385298665,35.90358950097137,216.65050000897187,-18.922514703819694,0.2685210437230623,37.5401765942422
2110,35.20183333333333,2017.917822776532,550.9180563340807,14272.0,1974.017857142857,520.875,-2.541445664594421,detected,2017.9324904896996,551.3354903988969,27.864925636240514,-9.764417841805653,29.526224555513128,21.799734062546104,-30.147278522260667,37.20331715716345,39.921652056859735,35.280971554586294,216.4357319484714,-19.435619967340493,0.36669414887486695,37.20150995453912
2111,35.218516666666666,2018.3569466938948,551.1585334366124,14201.0,1975.4723926380368,518.9079754601227,-2.4967923175238798,detected,2018.2732924946588,550.8784905164084,27.398293473503145,-8.040497400311551,28.553740275218267,21.47797022717296,-29.929578294336594,36.83860559190796,39.8902946225204,34.72138115979849,215.89025193097072,-17.069572496346353,0.1455596060298312,36.83831801748344
2112,35.2352,2018.8654135164504,550.5576749670528,14417.0,1970.8779069767445,524.4011627906976,-2.642542959952506,detected,2018.617375034775,550.4441236470834,25.556227666504128,-9.545486907690702,27.280709170530844,21.14299862340114,-29.627978643551696,36.39839981773784,39.87277228504208,34.235312448821595,216.15759738097665,-16.736491355693634,0.4099559683850309,36.39609107302436
2113,35.25188333333333,2019.1965419282435,550.9954640573305,14256.5,1973.35761589404,521.4503311258278,-2.5690636078022178,detected,2018.9634954594958,550.0032238116592,24.272369334112227,-14.98528575885507,28.52554473390642,20.884525252108432,-29.414091159181982,36.074258879797135,39.84196108590061,33.83201835758784,215.99278589780238,-19.1236687682569,0.38869130728774337,36.072164792180985
2114,35.268566666666665,2020.1654568498675,550.4062103929024,14465.0,1970.1045751633987,525.156862745098,-2.6744529176877503,detected,2019.2725973781662,549.5937008660889,21.44313077273091,-19.647380808344224,29.08311245318376,20.5918591547959,-29.219912741131015,35.74671962642534,39.906857135384556,33.519274195471596,215.03308032186487,-19.456312697865886,-0.0873714340348215,35.74661285048944
2115,35.28525,2020.3225395058723,550.0196862717819,14375.5,1970.9802631578948,523.8092105263158,-2.6532999338425203,detected,2019.5693306741916,549.1798086020495,18.337871658098265,-22.263908836305518,28.84370249500238,20.258598392098055,-29.062605971671832,35.42662663417127,40.04584358444878,33.30316450206779,215.049362300991,-17.255559450118444,0.10527484491575834,35.426470214854895
2116,35.30193333333333,2020.329423058912,549.7628079048421,14236.0,1980.0245398773009,512.5214723926381,-2.395680043719261,detected,2019.8528157654532,548.7800300216924,15.957424597788304,-23.35353235017419,28.284746295923032,20.022012702770102,-28.989338638644384,35.23155896885472,40.186407675174394,33.18790842259597,215.10693397936504,-17.937455888291243,0.2922815412348818,35.23034656197042
2117,35.31861666666667,2020.4752993575617,549.0742593305117,14294.5,1979.6363636363635,513.6818181818182,-2.427520177597628,detected,2020.13147974894,548.3822790912951,12.542475124932025,-28.84193931123309,31.45109132434662,19.862493760388343,-29.184086296500464,35.3019765925798,40.28214479519193,33.17573841928481,215.4215666511034,-16.57393307944637,0.7286061720041879,35.29445685074597
2118,35.335300000000004,2020.681702955169,548.2058779270989,14398.5,1972.2682926829268,521.5365853658536,-2.6380849547967387,detected,2020.3925353856798,547.9844774478626,10.938290557102846,-30.135396170101558,32.05913758416743,19.730946628008358,-29.300092139511218,35.324292692439876,40.28124895973269,33.26684388595024,215.44586165355165,-14.17191554891861,0.9180142987748603,35.31236191432692
2119,35.35198333333334,2020.9034163194324,548.4722854441682,14279.5,1975.0288461538464,516.6826923076924,-2.5356019955678164,detected,2020.6609113488917,547.5844119488556,9.577155944671176,-33.18393320311884,34.53831696561955,19.666803091109703,-29.402915475723162,35.37392517514847,40.29665054403976,33.4593853976295,215.55639405890378,-11.657094066759173,1.098111287088079,35.356876755423016
2120,35.36866666666667,2021.282294206432,547.9423545802856,14355.0,1973.9690721649488,518.0927835051547,-2.578767038359791,detected,2020.9222077533443,547.169608922083,12.97934892981084,-31.640339162794817,34.199043275777015,19.67105400853939,-29.550903745459717,35.49938419156449,40.33765307687479,33.74957800260054,215.49838867425066,-11.970139315634267,1.1447889908011177,35.48092073420361
2121,35.38535,2021.119163068748,546.7885862946972,15055.0,1977.75,513.9941860465117,-2.494155302472256,detected,2021.1882605020214,546.7321283170892,10.16475428493959,-33.721035439727075,35.219745325605736,19.758373182445318,-29.71558669979113,35.68486238910805,40.3841079589749,34.13183479100178,215.05644895919008,-11.953524839100615,0.8941953750010612,35.67365720473448
2122,35.402033333333335,2021.7218343127088,546.3488650766217,14465.0,1976.36,516.0266666666666,-2.552355227672692,detected,2021.4461038100962,546.2836683891763,8.400335152058688,-35.77678577745132,36.749748723393424,19.845248094182057,-30.178515275728465,36.11892379580284,40.35958239098193,34.598956566947564,214.58863824103963,-12.274519040469784,0.7941750463483253,36.11019166610405
2123,35.41871666666667,2021.202837068956,545.4845731591898,14968.5,1977.2444444444443,514.7925925925927,-2.5320722344650246,detected,2021.7079088308187,545.8237514822449,9.746770880875374,-40.74955805577474,41.89899789189756,19.972607442575892,-30.75186047125238,36.66854197399472,40.336682242980885,35.142350846601985,214.53889111323926,-9.97174217390772,0.9829777979218726,36.65536420699439
2124,35.4354,2022.457852727039,545.8865009524477,14261.5,1976.6171875,514.9921875,-2.54856472094172,detected,2021.9888004120016,545.3724197894678,12.091062163804963,-38.30770745560767,40.170564282238004,20.022227555667456,-31.29687757478731,37.15352126275724,40.28300303915267,35.75226379552826,214.29523557715277,-9.43844934881968,1.0931895734247732,37.137435005378464
2125,35.452083333333334,2021.4273239308668,544.267323022416,14677.0,1979.0,512.4970414201183,-2.498849394160549,detected,2022.2795381829258,544.8914866525175,14.74387856795147,-33.66840526114083,36.755182873370586,20.274698031445645,-31.69815294491482,37.62759998173572,40.25610444420903,36.41801154029544,214.16487673329573,-10.301682942085945,1.0251383988283536,37.61363278983786
2126,35.46876666666667,2021.782260460227,543.7603802472521,14587.0,1979.2938144329896,511.3298969072165,-2.489647833324564,detected,2022.5818821321582,544.3620678096364,17.55119197004842,-31.433670022035585,36.00166594233815,20.528242184290846,-32.055081332450534,38.06490465516651,40.26802474237956,37.128201529830676,213.97204014381506,-11.137178911695004,0.8877197387139333,38.054551896881065
2127,35.48545,2022.629488446515,542.7874017600828,14166.0,1982.800995024876,507.82089552238807,-2.42110733648026,detected,2022.9220859406673,543.8444944340052,20.713947441738128,-28.689973764488286,35.3861867573509,20.683215490557476,-32.56127183542647,38.57501557445406,40.25837333685206,37.87093916641132,214.14715742636298,-11.795784799386833,1.159903654103129,38.55757318715186
2128,35.50213333333333,2023.089006716154,542.9552845528456,14145.0,1984.9378531073448,505.33898305084745,-2.363253500187777,detected,2023.249531578771,543.282266800714,19.85184541318631,-27.137859833665516,33.623789237097036,20.813673192515424,-32.95455173115309,38.97706340357211,40.15776768390477,38.63401884332997,213.89603745682732,-10.946034990620745,1.1019410477569807,38.96148351248125
2129,35.518816666666666,2023.239015445377,542.7883607212544,14179.0,1983.4870466321245,506.1761658031088,-2.3972871475584983,detected,2023.549519144748,542.705672805841,22.91195539448745,-26.494712240334138,35.02752455851104,20.903453675786043,-33.41290262304274,39.41289683939344,40.04783722508342,39.4051012579225,213.7916727056639,-10.849989708059608,1.211280370888801,39.39427924376544
2130,35.5355,2023.970772589619,542.3403291311595,14199.0,1980.5079365079364,508.9470899470899,-2.4864713104470044,detected,2023.8573777763722,542.1382099959089,20.4628171187087,-30.448334874301963,36.685528223692664,21.103515960056473,-33.990871707762,40.00922075384489,40.048240018089935,40.171880268814874,213.59164873667373,-11.332677249148835,1.2268655875180947,39.99040567636264
2131,35.55218333333333,2024.0192853817505,541.9052839851024,14320.0,1978.954248366013,510.06535947712416,-2.5264957362913587,detected,2024.1801034818911,541.523203992621,18.877382663751632,-31.52297934082526,36.743078297222276,21.26133523070524,-34.50670807927488,40.53094223257982,40.01940402881753,40.92224280040681,213.79885182629826,-10.17555147310715,1.5272793980215162,40.50215668209659
2132,35.568866666666665,2024.2351731070437,541.5765598335554,14259.0,1974.06,514.9300000000001,-2.6533986173084365,detected,2024.5136268009012,540.8489378882182,18.081743040618676,-34.822708161126684,39.2373601948699,21.462131761576615,-34.942034684031206,41.006937066931926,39.98836090600363,41.64442469476209,213.849823846767,-11.596858543141039,1.6390338691471484,40.974168150032085
2133,35.58555,2024.406022080964,539.8696777071484,14945.0,1975.0082644628096,514.1074380165289,-2.660872521610532,detected,2024.8592289476992,540.1572959285564,18.25929068849655,-35.5610965538101,39.97490818696675,21.763739299571068,-35.399433059363396,41.554544988774026,39.88606970002555,42.327164335561115,213.54291673138707,-12.203230406361685,1.4208908661517974,41.530245344453846
2134,35.60223333333333,2024.8025346596344,539.2391014086388,14979.0,1974.890756302521,513.0252100840336,-2.65798534050451,detected,2025.2160733249098,539.4960987484976,19.085263892861803,-36.41591123818921,41.11405950727622,21.997869107050292,-35.78363699613432,42.00446311907855,39.892322589922465,42.959854627124905,213.13410401111722,-10.069325755212255,1.1384808764973258,41.98903170133696
2135,35.61891666666667,2025.4188087774291,539.3361894810171,14355.0,1985.609589041096,502.1232876712329,-2.389890461742626,detected,2025.5775353724666,538.7873297712857,21.19268031291722,-35.97863550968714,41.75633978193526,22.26931321737729,-35.96147466913378,42.29834478501972,39.922133770218096,43.53269270833692,212.72670224501144,-9.36683185148738,0.7076815472736016,42.29242436158104
2136,35.635600000000004,2025.4665572281792,538.8895369820591,14315.5,1971.7882352941176,515.4823529411765,-2.730388141530869,detected,2025.9495220613555,538.0907063879401,23.641256001365036,-36.15608646165629,43.199208019879755,22.56660284646734,-35.9884534708911,42.47846921979041,39.98209758448398,44.03682572489297,212.66970359210498,-9.519724933002015,0.4299138128941813,42.4762936397488
2137,35.65228333333334,2025.8449669446584,538.3461933795875,14269.0,1970.0344827586207,517.6896551724137,-2.787107790397691,detected,2026.341757114299,537.3813650909022,26.024310299309036,-38.04646453937062,46.095533303133706,22.866570612843255,-35.975396456815155,42.6275638738267,40.0713181392015,44.46449011579731,212.2567223990056,-10.519871716944346,-0.13689980915465938,42.627344044162875
2138,35.66896666666667,2026.5087147480351,537.373439667129,14420.0,1984.246153846154,503.0846153846154,-2.459982100814434,detected,2026.728647917247,536.7115670574983,28.094248562810208,-42.86617725274232,51.25227755497785,23.24854674023421,-35.848172445055184,42.726881388456945,40.16297463216167,44.80914120373551,211.60369371904554,-9.062848326084486,-1.014722603612885,42.71483034287957
2139,35.68565,2026.7321246288047,536.9030948403861,14368.0,1979.723404255319,507.5,-2.5826470144818843,detected,2027.159825976916,536.0178669173365,29.527797813084362,-47.173400253503814,55.652677699888464,23.67490183435077,-35.57799531781599,42.7351696814308,40.27253011561016,45.06556943302106,211.12278044654343,-10.262047918791419,-1.8778441381482445,42.69389217550333
2140,35.702333333333335,2027.447196840728,535.9337571946403,14391.5,1972.910447761194,514.2014925373135,-2.7623900148555007,detected,2027.603136444465,535.3567446712565,32.53605121070177,-47.42127388268773,57.50975434691309,24.062193811520007,-35.373028519425944,42.7813080405365,40.36618100641314,45.22999941996094,210.8416143054932,-12.403024311505334,-2.5249351388972023,42.70673272686211
2141,35.71901666666667,2028.0179183044847,534.4231202445808,14501.0,1975.77868852459,511.1803278688525,-2.7229630630853965,detected,2028.064434592032,534.7406357303923,33.83638602679821,-44.840622057985,56.17457081190346,24.319533403650293,-35.265674757686014,42.838154968277465,40.46303057390191,45.300168127489286,211.15600387378953,-13.228202611127669,-2.5663237869684643,42.76121494189091
2142,35.7357,2028.671686020468,534.0352962797054,14510.5,1982.7067669172927,504.3007518796993,-2.567402263838709,detected,2028.5176233286606,534.1004545929204,34.38160031642656,-44.956472165206605,56.5966326724435,24.604095287591285,-35.045524631262445,42.81997549743921,40.41569790967957,45.27537897029949,210.8938680947081,-11.59077624146193,-3.119158625324367,42.706219114683506
2143,35.752383333333334,2029.0832047721897,533.4931719748134,14584.5,1983.219178082192,503.5890410958904,-2.5638007248291657,detected,2028.989442669986,533.4473569764363,35.233144370809896,-46.93198885973197,58.685484070461065,24.79561304938741,-34.81356994168908,42.74116374854373,40.45842925724147,45.15652944357782,210.62481157499064,-13.513389534739597,-3.602634721401266,42.58906082134217
2144,35.76906666666667,2029.7770997600276,532.9511827219746,14585.0,1979.6705882352944,507.6352941176471,-2.6737606490474053,detected,2029.4679518186892,532.8303591471253,31.701066933277616,-47.7821758800103,57.34190419349871,24.94393425727566,-34.45488342217454,42.536323864045045,40.37931926170019,44.94611083649684,210.25528500158575,-13.317057291312473,-4.186077885068066,42.32984289844544
2145,35.78575,2030.3795798898072,532.6210858585858,14520.0,1984.692307692308,501.9230769230769,-2.549964699290128,detected,2029.9737093093302,532.2394639477261,31.088728494753013,-45.26260711855707,54.91095193665214,24.982411786537295,-34.148070775107975,42.310892644021365,40.33276691723073,44.64817963510208,209.6960411402414,-12.84976718433563,-4.7844572459942825,42.03951242813306
2146,35.80243333333333,2030.945854308898,531.0583522975427,14501.0,1985.4158415841584,501.4257425742574,-2.564629367914255,detected,2030.4499751837852,531.6123998945774,29.870000129366417,-42.91001530625681,52.282753574305396,25.013011475565715,-33.77860228747783,42.031472916998574,40.44882524164327,44.268301265601295,209.63652196508914,-13.324127688360484,-5.037422863037129,41.72851646621691
2147,35.819116666666666,2031.468050496025,529.9869521387495,14549.0,1987.6078431372548,498.6764705882353,-2.521618562637283,detected,2030.9407210803063,531.0468226826022,25.46605674993043,-43.41082322778084,50.32911304309181,25.048348921034762,-33.62513014181116,41.92933532413364,40.58103619398501,43.813467805604134,209.25351504964073,-13.186451898726633,-5.422080859761046,41.57727985178749
2148,35.8358,2031.3316197067063,529.0098753226781,15172.5,1987.244094488189,499.7716535433071,-2.556003736590305,detected,2031.4342040612144,530.4606058696735,21.873344088855447,-39.27569326477078,44.95579231931997,24.78132788283552,-33.429158018670655,41.61277228777066,40.66175770953541,43.29199209351809,208.8685753417603,-12.583202865908353,-5.562069474710022,41.23937682158101
2149,35.85248333333333,2032.318318626445,529.0915247280936,14619.0,1982.673267326733,504.029702970297,-2.674096371917951,detected,2031.9318098861047,529.9233368820703,21.059128108583536,-35.54996766012755,41.319330552779384,24.72982204349536,-33.135782192189595,41.3466342014822,40.775499803871604,42.713381177096295,208.5043298162782,-12.236757858555144,-5.918869704986021,40.920791062815205
2150,35.869166666666665,2032.6709480122324,529.2274767757198,14442.5,1983.3306451612905,503.9354838709677,-2.6679134629822654,detected,2032.3820319575825,529.3878259137665,22.35128734112186,-33.461866047489366,40.24023515320849,24.45688061736254,-33.13688326840662,41.18485209729337,40.994210788031495,42.08819216160768,208.06197864163,-10.415584288499522,-5.993246300213876,40.746448201786905
2151,35.88585,2032.219894939823,527.6992818671454,15039.0,1980.585858585859,507.959595959596,-2.776437497901439,detected,2032.8405992269068,528.8367399855658,23.04487929977313,-32.02197897968313,39.45216850461303,24.06938448142932,-33.03631306696996,40.874603978188226,41.141166111349676,41.427873187173,208.04831583489946,-10.286834803967494,-5.708267028311708,40.47405264990411
2152,35.90253333333333,2032.79555942029,527.9530782608696,14375.0,1987.3576642335763,498.81021897810217,-2.571302601783672,detected,2033.3008833080794,528.2949522214554,24.75886811988039,-29.1092308116788,38.21451123624663,23.745961098739098,-33.102820519880346,40.73901563457617,41.29149797151487,40.74459149659516,208.29661025731076,-10.12184837321616,-5.216514467159094,40.40365542482712
2153,35.91921666666667,2033.5515988372088,527.1430878552972,14448.0,1985.4186046511627,501.6589147286821,-2.654660971531277,detected,2033.740610414562,527.7632375662977,25.140102538322026,-29.669586023817146,38.88841846182525,23.49382559428032,-32.99584576357215,40.50537839235554,41.34705090710238,40.051049468253424,208.45570723879905,-8.192902764548272,-4.933600313629144,40.203796669633846
2154,35.935900000000004,2034.269244368406,525.693869404049,14612.5,1986.6176470588236,501.2132352941177,-2.667011859866743,detected,2034.1800748334026,527.2647287436755,26.83524070207659,-30.621013547260873,40.71580300325565,23.115963452976164,-32.90929217162025,40.21652990495818,41.296731778448034,39.36028830513018,208.71427117709666,-6.89383686629795,-4.462308175975515,39.96820090195476
2155,35.95258333333334,2034.384025854109,525.7532663896584,14440.0,1985.6583333333333,502.0416666666666,-2.6886945561529134,detected,2034.6163057333563,526.7699448979259,29.314001315777205,-23.31936339583649,37.458021601900796,22.796815516171655,-32.77810073925179,39.92616542758525,41.25798499651887,38.68547808695506,208.8558466841651,-6.258770907200265,-4.147327385407779,39.71017956782807
2156,35.96926666666667,2034.8461780764385,526.1348289700873,14286.0,1982.0854700854704,507.5384615384616,-2.80272244593516,detected,2035.0181584915158,526.2674623522474,27.879014332849692,-20.79415806870361,34.779828204829734,22.49000344049151,-32.527486001890736,39.545386587521406,41.20531395489277,38.03969245176759,208.96129452885467,-5.962018360702764,-3.927145334095732,39.349906351621826
2157,35.98595,2035.527726335651,525.5239992079853,14309.5,1987.186274509804,500.843137254902,-2.6695385153337083,detected,2035.4002271238792,525.7684123503024,25.81348430752223,-14.9803722243214,29.845393682676,22.17168873476644,-32.15818210061066,39.06062540932243,41.17564758246268,37.43566662081859,208.75044793600713,-6.258963486363312,-3.970484521264691,38.858302974188184
2158,36.002633333333335,2035.672184084283,524.4526024787724,14348.5,1994.563909774436,492.0,-2.4733226910229646,detected,2035.7576547303627,525.2381151381632,27.194298309136684,-12.98043050794604,30.13339404544285,21.848651315142778,-31.92045714014527,38.68176764738837,41.176403576477746,36.8855390727692,208.4531095338919,-6.294773847404648,-4.001331308788997,38.47425757677263
2159,36.01931666666667,2036.265965430709,525.1882666103802,14213.0,1992.031496062992,494.85826771653547,-2.5405528618546414,detected,2036.1007067856426,524.7222416675871,28.043559982349507,-13.18147189865158,30.986972389999252,21.537914201556323,-31.737682512769833,38.355732810558806,41.27686020211155,36.40057997946544,208.34653709258234,-7.305445553254449,-3.886192734522755,38.15835092696119
2160,36.036,2036.7491198103671,524.8934011921776,14343.5,1988.139240506329,501.24050632911394,-2.6887335806610397,detected,2036.4404900732352,524.2434310840614,26.950556165413218,-16.291455394738023,31.491967174246692,21.256080785000403,-31.49887728113155,38.00000316197682,41.48298942814903,35.99091334782063,208.74835618701536,-6.089385123406646,-3.4862541616685156,37.839744611063345
2161,36.05268333333333,2037.0040518732656,524.6976536286904,14355.5,1989.186046511628,498.8255813953489,-2.645644530056605,detected,2036.7628691067814,523.8032830255808,23.62733561279674,-21.062545032218168,31.652516351689187,20.897433534587044,-31.374894800830766,37.697304308075935,41.75377128004638,35.66524416801562,208.5165173240576,-7.579505850044818,-3.383392851691603,37.545164867220954
2162,36.06936666666667,2037.973574170551,523.9418700301618,14588.0,1997.1739130434785,488.7717391304348,-2.430161519931646,detected,2037.0659334526385,523.3543771210389,23.447553040060484,-23.244689424150693,33.01671288895478,20.564282278641468,-31.164429905204045,37.33780117993056,42.02972975288689,35.43060590248773,208.12183838263266,-9.604947466472591,-3.447318793644424,37.17831881738347
2163,36.08605,2038.0489899866875,524.4022920645946,14397.5,1990.4186046511627,497.6860465116279,-2.630413666486095,detected,2037.3574868496603,522.9247534554878,20.210564853060532,-27.9003097794091,34.4513311421599,20.31472968151118,-31.14382214290841,37.18367786680042,42.18293769639189,35.29214625584799,208.3198191778777,-8.998026122109021,-3.108923584444277,37.05348153477713
2164,36.10273333333333,2038.364397109167,523.2771880078841,14459.5,1986.746666666667,502.72,-2.762588669384428,detected,2037.628054314687,522.5000256951736,17.62792376771631,-28.40765369738733,33.43259614434844,20.071235371133902,-31.108249961524848,37.021314198609524,42.237886561786134,35.252969241408444,208.30776293792368,-9.349980244421989,-2.919213360947536,36.906041488426155
2165,36.119416666666666,2038.2236873488023,521.7655229593286,14674.5,1982.4657534246576,506.7808219178082,-2.8790503281280038,detected,2037.9044402040286,522.0752263783444,13.039242169460522,-30.34771561555567,33.030375102872796,19.853981416779014,-31.193306471712145,36.975707521776584,42.24273897185036,35.31404842519011,208.02020184173253,-11.662268362936734,-2.8726571313312874,36.86394970349456
2166,36.1361,2039.0027754839891,522.0846178548491,14532.0,1992.8651685393256,492.6179775280899,-2.573224564601221,detected,2038.1603549703118,521.6227875251002,11.074196345318342,-26.94482156568438,29.131790777451908,19.76391547157752,-31.459233326374,37.152331235750225,42.23272421374584,35.474220000777365,207.17574471112763,-10.741565304114527,-3.2140688723464486,37.01304469419823
2167,36.15278333333333,2038.925899115248,521.9450304492703,14505.0,1985.7910447761196,502.04477611940297,-2.7832397574327,detected,2038.4146742895045,521.1551230970936,12.036083688946746,-31.961825607419087,34.15297361470009,19.7534630145468,-31.642821637484687,37.30237877466714,42.197125382529244,35.73025606262971,206.68683139319504,-8.622359719276544,-3.4379947583519144,37.14360852542846
2168,36.169466666666665,2039.1608517158968,521.4366644939221,14574.5,1990.495495495496,495.009009009009,-2.644102040321393,detected,2038.658074506172,520.683994217319,8.490030250762175,-29.463081389834315,30.661927184096857,19.80931808017059,-31.840988742220972,37.50010195830961,42.13894821299984,36.077009812485905,206.30671011097309,-6.56106782269647,-3.6465891243700774,37.32237980946073
2169,36.18615,2038.778618172252,520.5088076994749,15204.5,1993.5040650406504,491.479674796748,-2.571442873444972,detected,2038.9199512227435,520.2200867873195,9.147520309556057,-30.579081364932335,31.917978396773385,19.881316564748257,-32.1127388052443,37.76896532765461,42.04994245364518,36.50761731598922,205.85367191330081,-5.766238600078345,-3.8878694095417394,37.56832726347988
2170,36.20283333333333,2039.6238931931375,520.9944198487364,14456.0,1986.1681415929204,500.2389380530973,-2.7712355346640782,detected,2039.1894746341502,519.7351444738258,8.70277148088553,-39.97013829972252,40.90660322182055,20.003681507436536,-32.24985916192147,37.94997615038419,41.955411410425704,37.013736237110194,205.72238496625405,-4.187100116705235,-4.024670539604989,37.735960526563574
2171,36.21951666666667,2039.7994164092,518.9062592974025,14565.0,1991.607142857143,493.0642857142857,-2.6493855779278013,detected,2039.4605993160242,519.2421634095533,8.679570662287915,-42.34775577811115,43.228085388138524,20.20847459111099,-32.7047511158465,38.44454695856151,41.891847470342654,37.585801263536545,205.67674745825101,-2.9755280428871114,-4.042195592153254,38.231451001025555
2172,36.2362,2039.0334938899296,518.9526469538846,14948.0,1992.080291970803,491.91970802919707,-2.619200783194851,detected,2039.7387202367577,518.7136043546371,8.640292998630684,-45.03295402645335,45.854352153867005,20.469479128284767,-33.23699873242101,39.03457006964777,41.79978267708036,38.21327833962447,205.6470499346415,-0.7361417538795967,-4.066930154444545,38.822129509354724
2173,36.25288333333334,2039.9372987746967,518.0920251082853,14391.0,1992.2985074626863,491.7313432835821,-2.636185015230774,detected,2040.0178670985645,518.1355431304133,11.47903670055075,-44.28022769917766,45.74392690471175,20.611008411335053,-33.76165802442087,39.55582410075748,41.76497874260016,38.88490437172251,205.61607689963193,1.361804922632534,-3.9887040696642035,39.35420511374497
2174,36.26956666666667,2040.230575834112,516.6144806190822,14451.5,1997.660377358491,485.8805031446541,-2.5162800140463504,detected,2040.32312378828,517.562478484403,9.58203792140921,-46.494917317123736,47.472021097205214,20.84551353276392,-34.22033615898095,40.06952509424466,41.75709411119544,39.5889045598323,205.29452362630207,3.207682188607932,-4.2255438178205456,39.846099190786305
2175,36.28625,2039.8639302814693,516.6829663936994,14898.0,1989.9375,494.75892857142856,-2.727817511312087,detected,2040.657747154112,517.0064041590026,11.498217620447576,-41.64426721537052,43.202476784929296,20.96924078139649,-34.63841174838132,40.491093186015405,41.7362338225798,40.31318482441347,205.11144761760235,4.752762765257269,-4.287451423605228,40.26346219202726
2176,36.302933333333335,2040.171291207266,515.4300656207322,15010.5,1987.3840579710145,496.9492753623189,-2.8048290892791448,detected,2040.9790015749752,516.3987441403411,15.88426636688655,-39.69208842947933,42.75244790544525,20.9220428032488,-35.18858236980722,40.93859064816085,41.77144895687463,41.045501129816394,204.7654229076649,5.359413734892976,-4.257207724346214,40.716635256973895
2177,36.31961666666667,2040.90917404642,515.297123343173,14397.5,1992.3823529411768,490.63235294117646,-2.671350248909589,detected,2041.2973066129955,515.7930690894611,16.240648694303673,-32.515604667875095,36.345883080884526,20.949126499593845,-35.59857975777278,41.305263367596325,41.87159730021894,41.77361044247131,205.00488661122472,6.778135800116099,-3.938239822931598,41.117089500152744
2178,36.3363,2040.6389258176016,514.1794624656563,15044.0,1990.963963963964,492.1171171171171,-2.7236274927844706,detected,2041.6193091671232,515.14954773694,20.116186124214437,-25.60499086872278,32.56188725444848,21.091144943234717,-35.974850886320304,41.701634156343516,41.88998269169778,42.48540952830772,205.17324861105305,7.29646068208471,-3.785882481821732,41.529427941441135
2179,36.35298333333333,2041.0016578212449,513.7582140035827,14979.5,1990.893617021277,491.4822695035461,-2.7232732683396943,detected,2041.9667210870093,514.4892759397073,24.412303945193344,-24.78246004810171,34.78693590916366,21.245439233628456,-36.63965244221304,42.35366358788774,41.83302156027618,43.16906793045982,205.38550171178042,7.4330872183510115,-3.486401896003363,42.20992562343022
2180,36.36966666666667,2041.744780305391,513.8340200593238,14440.5,1990.6747967479675,491.6422764227642,-2.7316727790816366,detected,2042.2992437086623,513.8108022858781,25.235783929363606,-23.026309537869565,34.162197257543454,21.432502242450955,-37.145899397965536,42.88554528575382,41.80803717155649,43.813160522892765,205.88064737415414,5.6613040539195865,-3.068827191024422,42.77560395982821
2181,36.38635,2042.180099398742,513.8153593067575,14386.5,1992.2945736434108,488.91472868217056,-2.6786209357928485,detected,2042.6214218116997,513.1241881513133,24.707049045767235,-28.586190959678788,37.783707945795484,21.746233845611815,-37.40322476918464,43.265458620037535,41.72971068147533,44.4068033138102,205.75583457633743,4.665837490339286,-3.332748199382827,43.13690646119272
2182,36.40303333333333,2042.7176641150545,513.540280677337,14370.0,1993.423611111111,486.5625,-2.6408380821891155,detected,2042.97725642765,512.3977091691993,26.5352421469006,-29.947240583223902,40.01195189370475,22.049273013234313,-37.5164113945574,43.51610695291824,41.721585623060506,44.93979402310518,205.98219316965054,4.047819279284744,-3.385126480394991,43.38424233577842
2183,36.419716666666666,2043.15140947399,512.7257308921825,14337.5,1989.1,490.9692307692308,-2.758920102207928,detected,2043.3384845461185,511.63402642101073,26.305669259961178,-37.78048484681494,46.03643416333285,22.31527193569567,-37.62807711513534,43.74749763068304,41.67700279370173,45.40275673644188,206.59257804482195,5.004137848683551,-3.1106340876080054,43.63676780559749
2184,36.4364,2043.4708963370729,511.9015748031496,14351.0,1988.8235294117649,491.0849673202614,-2.7776366615644235,detected,2043.7183676988627,510.91292454847525,25.98689480308076,-44.87533525956337,51.856671857771566,22.61367689651177,-37.567558382189205,43.84860118155452,41.58100257737529,45.787287949440156,207.0952323661748,5.556259058106326,-3.0209148573988394,43.74441563220809
2185,36.45308333333333,2043.6500445846768,510.44151404988907,14579.0,1990.840579710145,489.304347826087,-2.760867874130112,detected,2044.120031950657,510.17705435551017,25.83087260798675,-50.213013209154724,56.467518762849735,22.899749589349046,-37.325200734283534,43.790057560015285,41.48483752951064,46.08609977878158,207.19128434510782,5.628177624831069,-3.3127825024525457,43.664569311982184
2186,36.469766666666665,2044.187201198088,510.41131271240135,14467.5,1989.9761904761904,489.07936507936506,-2.7667036124685205,detected,2044.513147410309,509.4628839335426,28.09601548953924,-52.58193642030028,59.617498472318765,23.258128885580827,-37.02618165577477,43.72503501730698,41.46486503170333,46.29315516810069,207.25937438349138,6.6563071980034385,-3.716424417653432,43.566809348546414
2187,36.48645,2044.829561818556,508.9672678232645,14583.0,1990.4148148148147,489.2296296296296,-2.7936260153134174,detected,2044.9454257443572,508.73636464415404,31.13560091887939,-49.832211394641945,58.75946678672302,23.684274936494305,-36.66107651851249,43.64606982035931,41.37244775683279,46.40378960577377,208.14123382056331,7.6555505951184335,-3.5934295868386457,43.49789276008796
2188,36.50313333333333,2045.40148309904,508.37556298621536,14654.0,1990.9485294117649,488.63235294117646,-2.793760508419997,detected,2045.3857405679873,508.0758842739772,34.97476940395518,-46.70037058749813,58.345172104206696,24.066050584031085,-36.232803592145466,43.49702112628096,41.22152494898778,46.4148141551825,208.7693104383655,6.534651651699197,-3.657171140868332,43.343003427387586
2189,36.51981666666667,2045.6132651075472,507.3748755108349,14559.5,1988.986666666667,490.28,-2.848404893747878,detected,2045.8591109853683,507.4267393829411,36.20198007951967,-44.99103228741524,57.747522440059534,24.338545875507926,-35.9534844816923,43.41679239314546,41.121449211565675,46.32459534512089,208.6560988142202,6.65778850171363,-4.11587229211403,43.221261631105826
2190,36.5365,2046.642134607726,506.526346930648,14647.5,2003.6031746031747,474.95238095238096,-2.508661594817159,detected,2046.3254597554474,506.741224847269,35.48332268339345,-42.9141550318875,55.68384766478247,24.542989380995138,-35.732043820064916,43.34901709744616,41.03099792764174,46.1331085048543,208.61370853001313,4.123825990291054,-4.433371267090639,43.12171729561353
2191,36.55318333333334,2047.2794919559692,506.32888512559975,14762.5,2003.4078212290503,474.854748603352,-2.519275013077926,detected,2046.823854515542,506.06668037575247,35.30501849570737,-41.980106967349,54.85228994283014,24.759075545025496,-35.23379526906738,43.063118220895646,41.06984585735378,45.841962295714566,208.97115468689123,4.67678652517932,-4.5946492653963595,42.817301982199055
2192,36.56986666666667,2048.077863077322,505.63984803904987,14784.5,2003.572327044025,474.28930817610063,-2.527907150289808,detected,2047.3139077165597,505.42843995019615,35.491341374049625,-43.10324682795817,55.83480276352029,24.92425013657213,-34.68559471843916,42.71192720824279,41.059543760329134,45.454393379287865,208.96034781116006,3.342161928538916,-5.012686547094621,42.416762010115846
2193,36.58655,2048.256474803828,504.5425908286842,14698.0,2003.2333333333331,475.1,-2.562450192735521,detected,2047.8386947153551,504.8323345855832,33.69536226654873,-40.88482441757901,52.98062198512038,24.898421539795265,-34.2269422114394,42.325110375739754,41.1663478550308,44.975231310664,209.31396533550028,2.3887436437533265,-4.9528381171672535,42.03432362847876
2194,36.603233333333336,2048.741980139118,504.6198974922204,14568.0,2002.0,476.0855263157895,-2.5935133727281414,detected,2048.3146620307,504.2374497686057,29.733936280739726,-40.54459171756935,50.27893081889753,24.884934690110804,-33.79520119770524,41.96874549619583,41.421281747740146,44.410834824202006,209.750252031691,2.222143744437356,-4.835150835181533,41.689290170564206
2195,36.61991666666667,2049.478741786599,502.91625173362434,14661.0,2002.611111111111,476.2160493827161,-2.623755207204292,detected,2048.844078870676,503.70975275529094,24.502455107201968,-42.627852024570075,49.16812051023601,24.74091384191932,-33.28026233382254,41.4691292257424,41.57864971016105,43.76900166259176,209.78322475804293,0.4264690686417414,-4.94194167290199,41.173606731047464
2196,36.6366,2050.089924172664,502.3327308072712,14660.5,2005.5987654320988,472.3641975308642,-2.548816394368397,detected,2049.34524905552,503.16792872546006,19.02283232505124,-41.68231410058456,45.81793817323958,24.661271072467432,-33.077833268102324,41.25919709134069,41.61706693176971,43.05885493263133,210.38998537942211,-2.4986974247502207,-4.539350829168029,41.008726372222625
2197,36.65328333333333,2050.194041592557,502.249954394126,14618.0,2006.3506493506493,471.5649350649351,-2.530948670246424,detected,2049.816909639159,502.6387508572857,17.18184115083932,-39.691074489786615,43.25039952979007,24.348318703330623,-32.69534242599775,40.76550061059239,41.630407705275495,42.29070955817061,210.3434555177174,-1.8802845447978414,-4.4957982421762885,40.516834010048875
2198,36.66996666666667,2050.5855500821017,501.49939414529183,14717.5,2010.5214285714285,467.4285714285714,-2.4368621591712225,detected,2050.296673261584,502.14434243512915,16.39348005278771,-37.50683883371971,40.932983613948466,24.10154041384431,-32.51234004531056,40.471428261701796,41.58611133021705,41.47592262837276,210.4556375288473,-2.282425718107013,-4.296490254378,40.24272203810411
2199,36.68665,2050.2247028219567,500.48470479765547,15184.5,2009.8360655737704,468.327868852459,-2.4691821304514616,detected,2050.758116014084,501.61562368023715,14.983565145726061,-36.2429393635839,39.21808101104179,23.87720543321787,-32.40618875053633,40.252726722987056,41.41653745528691,40.62673120579713,210.55192610540578,-0.3577333612564575,-4.089622633935406,40.04443775791439
2200,36.70333333333333,2050.261550690557,499.9790790359796,15096.5,2010.4028776978416,467.60431654676256,-2.459433426691764,detected,2051.2062515243433,501.1011881425798,17.564158242611484,-37.243847184169,41.177710085059736,23.43202878228066,-32.14645167535796,39.780074511867795,41.18042052614547,39.75608040439091,210.3077761571988,-0.1979278844666564,-4.006965076653387,39.57775333497638
2201,36.720016666666666,2050.919669942968,499.5146109805738,15108.5,2007.3622047244091,471.0866141732283,-2.5633532749407357,detected,2051.642255790732,500.6132651797528,24.642077470874028,-35.38722839489674,43.12178006011745,22.935300167393564,-32.20255598343634,39.535207165699724,40.8941810156809,38.87744329653771,210.2473930173254,-2.5003433801575983,-3.5913083438655455,39.371755231562595
2202,36.7367,2051.670277941227,499.4031705375377,14445.5,2006.84,471.4,-2.583246067338893,detected,2052.053780573154,500.10398484826237,28.61639340410875,-27.645806797055002,39.789302644288846,22.58624248465766,-32.01228431781104,39.178115023825804,40.66477236746595,38.00463261149732,210.08647372162352,-2.2338635388199974,-3.4952277757943158,39.02189231207837
2203,36.75338333333333,2051.761303060217,497.7913677744872,15195.0,2007.470588235294,471.9117647058823,-2.612788203026551,detected,2052.4320323298384,499.57347549506125,32.42805022230641,-19.664816362324473,37.92470756359726,22.127204111574883,-31.854852014701414,38.7858834973992,40.59566712097618,37.151602536762034,209.82212880852654,-2.3694471802229997,-3.355267825237389,38.64048312967567
2204,36.770066666666665,2052.5938073577527,497.6470239520276,14619.5,2000.4424778761063,479.9734513274336,-2.814849315955512,detected,2052.798963063458,499.03182481199235,32.40992865905264,-16.201352178199386,36.2337865546361,21.624191584089477,-31.565607307249273,38.262164423107,40.59547457741403,36.33223762568409,209.7233987502376,-3.446117630426972,-3.1284273957776616,38.13405523112147
2205,36.78675,2053.734052757794,497.7742149137832,14595.0,2008.5438596491229,471.140350877193,-2.6090240270422878,detected,2053.16215780522,498.52265193304333,29.02389450408191,-10.724290343677694,30.94183019085288,21.155717043672055,-31.1862133610661,37.684801544307675,40.64571004316066,35.5601252853612,209.44015793438862,-3.9361056630313165,-3.095400855811368,37.55745945848436
2206,36.80343333333333,2053.738260627952,498.2107298323608,14396.0,2004.4512195121952,474.5975609756098,-2.6948085720048685,detected,2053.5024110474583,498.048500063727,28.441277058025662,-7.631200665881352,29.447265820349514,20.732729823748283,-30.737529110489785,37.076161907116926,40.768781568079895,34.84830899658245,208.84817693737202,-1.9099762316040705,-3.329263830529655,36.92638330664777
2207,36.82011666666667,2054.0942242906262,498.1990761643455,14396.5,2004.4380952380952,475.5142857142857,-2.713067086391317,detected,2053.835854783816,497.63164411286414,27.83159102618538,-2.5573309428157245,27.948835406863115,20.312650476872424,-30.404045307134126,36.5651437906902,40.95611519469723,34.2090216698539,208.29835836234065,0.9585517725723056,-3.471672279677131,36.399961978227005
2208,36.8368,2054.464048919578,497.5118462789286,14554.5,2005.5283018867924,474.4433962264151,-2.701083367053734,detected,2054.140729617529,497.22158044282247,24.96888042340197,-8.206649185668084,26.282961790003284,19.979629038151593,-30.113392983829446,36.13864985719166,41.10883920568388,33.65340253874178,208.2358290611395,-0.496822967620499,-3.355508673129405,35.982531526356674
2209,36.85348333333334,2054.6350046393345,497.9045671672566,14549.5,2008.0901639344263,470.5655737704918,-2.6105124766011003,detected,2054.439984225016,496.8194408862107,20.56675304570399,-17.151403231404174,26.77987982887892,19.590099354584193,-29.885679577952263,35.73409907299347,41.14960281870291,33.191206496386705,207.70228176507956,-0.1442433163377607,-3.451412233765158,35.56702953791797
2210,36.87016666666667,2055.607274793976,497.3699346405229,14662.5,2010.9135802469136,466.5864197530864,-2.53844587623091,detected,2054.7123213121195,496.39535626695334,20.22620374553935,-23.060498958765493,30.673863959131307,19.200109595824078,-29.788460526679604,35.4400421704208,41.07140032986076,32.830520972053726,207.2749273172097,-0.07326507547760991,-3.4145208779012997,35.27517025069589
2211,36.88685,2055.8341420885386,497.46875681132485,14528.5,2003.320224719101,476.5112359550562,-2.761875250320941,detected,2054.979091094313,496.0026079041788,17.432383289848985,-22.532051315175067,28.488266420298174,18.812899567034414,-29.66423848073306,35.126802227944516,40.881467530472364,32.57751090878928,206.82432579550897,-0.06793036433852913,-3.402345275367198,34.96164014156536
2212,36.903533333333336,2056.1975067639305,496.3164263616334,14599.5,2001.593984962406,478.0751879699248,-2.8191818840586045,detected,2055.2326564410555,495.5895345035453,15.65967389621619,-22.063723491610745,27.0561135577542,18.50707984551884,-29.697214387585653,34.991949742628435,40.75334555800608,32.436215378447,205.9118735335087,1.7811987322554141,-3.6691798806699065,34.79904690927499
2213,36.92021666666667,2055.880687884777,495.3034371521388,14673.0,2011.7014925373132,465.0696517412935,-2.54145125284335,detected,2055.4836448593924,495.1836433892074,9.855704374236666,-26.772418105942734,28.52888501066521,18.22104653202449,-29.789650640063517,34.92033536464446,40.67510959613586,32.40841825632189,205.37080435396985,1.8538234717440627,-3.6995809829088664,34.72380915928058
2214,36.9369,2056.293512196796,495.31822600381975,14573.5,2005.6333333333328,473.0133333333333,-2.726847430437947,detected,2055.698389985667,494.75577419672976,8.130057965204287,-27.418292394033642,28.598262190600057,18.020428387450373,-29.93372730022968,34.93943144001835,40.62326842293967,32.49360941782643,204.54156341716927,2.2954531758086825,-3.959396081322325,34.71436377096594
2215,36.95358333333333,2056.3141854982464,495.7695819676844,14492.5,2007.087248322148,470.7919463087249,-2.6720443982404225,detected,2055.921483105202,494.31024907883,4.736427383779301,-30.67178741406974,31.03533933334226,17.953410493570132,-30.116998113738802,35.062209339024555,40.62228188351816,32.689042775502294,204.69334600552122,3.8982491522693388,-3.729967211615186,34.863245235259676
2216,36.97026666666667,2056.7687454362904,495.158817086528,14608.0,2007.2624113475176,470.645390070922,-2.681826634537584,detected,2056.1501353076455,493.8898370017234,5.711962249748467,-33.15980834556103,33.648170860492414,17.937206991229385,-30.361154329842652,35.26390629080578,40.59778824526788,32.989885290693884,204.75554451321852,6.135653425955404,-3.5751642946379647,35.082207558149435
2217,36.98695,2055.966271080574,493.96223851321,15209.5,2004.0508474576272,474.16101694915255,-2.777211446326249,detected,2056.3883226531625,493.45380229415935,6.964979331361974,-35.21311719431378,35.89532782447844,18.017190113878275,-30.619285142940424,35.52688787755445,40.56710087064438,33.389439843441735,205.24991216964486,6.374893317128506,-3.234564659027617,35.37933512279301
2218,37.00363333333333,2057.1487333507444,493.600657264734,15316.0,2004.981981981982,472.963963963964,-2.764892974543268,detected,2056.6177897223915,492.99046866328194,6.850114485539962,-43.878250443428215,44.40973913953124,18.1072247331099,-30.969479258530804,35.874506729429974,40.52268850267366,33.879417224329835,205.79438706056152,5.793500066826511,-2.826897325926957,35.76295408084438
2219,37.020316666666666,2056.14441437874,492.5404127067934,15152.0,2005.152671755725,471.99236641221376,-2.7585301802270448,detected,2056.8549991015625,492.5456919249015,9.680484587056526,-47.64412339077194,48.6176333804448,18.22148850282563,-31.288104804063984,36.207294092333086,40.481240685076884,34.450229990661335,206.32405758794488,4.633446678452965,-2.4572917316556744,36.12381296090205
2220,37.037,2057.0884999033224,491.401064592077,14653.5,1995.7751937984497,483.8604651162791,-3.0192224293650662,detected,2057.1093333894937,492.04012907460054,9.510654047630851,-44.09656799034815,45.11052924696311,18.39990960378793,-31.73213060007189,36.680850397006694,40.33771360551916,35.091283403266814,206.6639734386128,3.71681463204668,-2.2031267001858943,36.61462847811669
2221,37.05368333333333,2057.017323506684,491.4333414068717,14450.5,2009.702290076336,465.7786259541985,-2.644749406029534,detected,2057.380230048566,491.5421950519611,10.715954780766879,-45.256679430946406,46.50805005565045,18.62034838706449,-32.33009055486882,37.30887467267906,40.276204754045345,35.79124476887042,207.13069391556095,3.3888655122894775,-1.8283020009742224,37.264050251346895
2222,37.070366666666665,2057.27598849666,489.824195969248,14546.5,2006.623076923077,468.8769230769231,-2.749464114697896,detected,2057.6552227327056,491.01168914011583,11.000309952079078,-42.16200615505045,43.57340452684782,18.791396751066713,-32.729194863480025,37.740121730959586,40.23862117217767,36.538280304519915,207.55069979933927,3.647856578854214,-1.5221445019815434,37.70941347174118
2223,37.08705,2057.8458290422245,489.6619407254834,14565.0,2012.423611111111,462.4861111111111,-2.602428685015044,detected,2057.9365506135555,490.4642017051301,15.73709428872371,-35.861911490551165,39.16290122562814,18.984973779341445,-33.19313407269985,38.238898767753625,40.25333101288084,37.32025624709389,208.33974070214734,3.857852125109614,-0.9528517180001135,38.22702515987889
2224,37.10373333333333,2057.457265665573,489.5138617252848,15083.5,2012.6915887850464,462.30841121495325,-2.5955086150226903,detected,2058.21763591216,489.8710294139522,14.171594888948675,-28.2806753336738,31.63274725699843,18.99025697775962,-33.67142039152236,38.65739788532042,40.32872962540705,38.12490703283708,209.1038318023112,3.770591847424473,-0.21497073771608655,38.656800163048956
2225,37.12041666666667,2057.518962729934,487.5352929610696,15258.0,2005.867256637168,469.3185840707964,-2.802529115669827,detected,2058.4848979826347,489.2891076401624,15.462226802616897,-24.210401039007365,28.72671189268158,18.96908905596877,-34.30619070517937,39.201289013416506,40.32552479489984,38.939977347590045,209.77665716962582,4.469123466192012,0.5725941019996696,39.19710698900832
2226,37.1371,2058.479143140677,488.189896086416,14611.5,2011.794642857143,462.3482142857143,-2.6360365818352407,detected,2058.755583112515,488.67043163786207,16.766927155737903,-18.684863262770705,25.104859318352283,19.027784581432392,-34.85562909357799,39.71110002992207,40.34389559513335,39.75334664468445,210.2347986546836,4.592466075332859,1.1119512625227657,39.6955290930383
2227,37.15378333333334,2058.7435048308357,488.0009445449683,14645.5,2011.3649635036495,461.2700729927008,-2.6279143612066056,detected,2059.045097889508,488.0568407074735,17.525118128210124,-23.32581115248263,29.17573017644978,19.133547310712984,-35.40834263763066,40.24727768477199,40.36726245631282,40.553144634849865,210.26071297061497,6.721156833757168,1.3170853756102403,40.22572121352828
2228,37.17046666666667,2058.8204483336776,488.246928041526,14513.0,2006.8217054263569,465.9302325581396,-2.736188872633463,detected,2059.3145732243584,487.37625574769703,22.028330713313153,-26.911470433459726,34.77750127461823,19.28726088624389,-36.07520605602724,40.90744338722304,40.41142480585378,41.327864741288664,210.7851807290272,6.06174835858591,1.8944991442380754,40.863550965026754
2229,37.18715,2059.02409749262,487.71912293396736,14510.5,2009.887417218543,461.9271523178808,-2.6582220196262645,detected,2059.6191253439843,486.67689530725346,21.84414377561552,-29.396111202953534,36.623735079128295,19.44780079946203,-36.65849320628966,41.49773584294861,40.3685662834999,42.06648014082737,210.74819978597645,4.443021947919519,2.028367140362352,41.448133936705034
2230,37.203833333333336,2059.600488016237,487.12247155138994,14617.0,2018.9888268156424,450.75418994413405,-2.4112619445001227,detected,2059.94880728862,485.97917207002627,20.881096299734963,-38.518372874981196,43.81421266683783,19.77834969458176,-37.156135109717134,42.09229731117935,40.402315518158815,42.75856434238446,211.32061870459373,3.094986373752795,2.4186594144195013,42.02275073778198
2231,37.22051666666667,2059.786183796884,485.5120203024795,14579.5,2022.233502538071,446.6700507614213,-2.339319409495041,detected,2060.28260835058,485.27505719137685,21.818986023555226,-44.08759241600296,49.19129959795431,20.053383823341456,-37.39807471635307,42.43529421667982,40.3919003007697,43.39441576213756,211.52007362952003,1.885857208200414,2.4569623380047396,42.364106639061866
2232,37.2372,2060.638624535736,484.9008816789153,14763.5,2008.7317073170727,461.4878048780488,-2.7178584972828865,detected,2060.6133121346097,484.5727405435212,23.596160461924228,-48.037506731415306,53.519910701678555,20.414178620149226,-37.51830400990557,42.71254879441233,40.397014421065556,43.965183757732085,211.6867787968858,0.2552062200461835,2.336353940690163,42.648602260553346
2233,37.25388333333333,2060.649504726326,484.1712458255504,14722.5,2017.5185185185185,450.7037037037037,-2.481688567634576,detected,2060.9649066662982,483.8409490702112,23.549416870971072,-48.43230178118347,53.854088895704145,20.753232269415626,-37.546413227326276,42.900230720422186,40.400870668119936,44.46299223777464,211.58199341169123,-0.038472254916474505,1.984236545782366,42.85431834944802
2234,37.27056666666667,2061.1755331164723,483.6477365139604,14756.0,2016.5,451.6666666666667,-2.520306798896027,detected,2061.3180818628553,483.13449047689886,25.368251856517418,-46.11895325400883,52.635596809584584,21.10355173578648,-37.39958354563551,42.942854414349156,40.43803788754947,44.88105629606822,211.55059373523824,0.9161714023733034,1.585387376699682,42.91357934404666
2235,37.28725,2061.365160209614,482.7467431779339,14725.5,2018.3815789473683,451.4342105263158,-2.512009427474429,detected,2061.7132712910807,482.41170968233234,28.1091421670626,-41.72591338837469,50.31079130228706,21.516651077951916,-37.12123738798594,42.9063228303887,40.407671593577476,45.21378725002384,211.74088971996684,2.267987055954514,1.2301603849711071,42.88868433809532
2236,37.30393333333333,2061.966243573996,482.0273759155634,14654.0,2028.320987654321,440.7037037037037,-2.254129074120966,detected,2062.1172583282478,481.7394595538694,29.122804391860882,-43.65969618807935,52.481490135875354,21.940641520210196,-36.832254989847435,42.871981036050954,40.38515478270537,45.45688181535904,212.23127007363163,-1.9105446130181172,1.0844046962215685,42.85826436535112
2237,37.320616666666666,2062.21931293796,481.116173873412,14627.5,2021.6627906976744,447.0348837209302,-2.4427331973124478,detected,2062.5702116126836,481.06637681836276,32.051355468655856,-44.09338084591582,54.51160997256559,22.207914236527525,-36.66523228123397,42.8664287406101,40.38725016338181,45.60739172210178,212.13252431554722,-4.871045564991281,0.69537168522276,42.86078827078655
2238,37.3373,2063.281329145984,480.6709553236754,14806.5,2026.1052631578948,441.2828947368421,-2.327311780058692,detected,2062.9978653987705,480.40272063508206,33.20280212663329,-44.10692067195828,55.20730495344601,22.459672356489097,-36.65768559490735,42.99096178891463,40.35596368027472,45.6637707261504,212.7111407470751,-6.782003963221747,0.912260781227662,42.981281691021636
2239,37.35398333333333,2063.8558934806283,480.175170927217,14845.5,2019.7142857142856,448.6517857142857,-2.5214381988192827,detected,2063.4483552964994,479.72331201855616,33.75825233571322,-44.223184692261384,55.635507233129,22.671506116870173,-36.367660131922605,42.855616820649246,40.32124959369616,45.625896656296796,212.61188383091437,-8.868234435532473,0.5030562927826061,42.85266418140891
2240,37.370666666666665,2064.2553858602205,478.8681208770215,14830.5,2023.6875,444.2708333333333,-2.435461097244762,detected,2063.8977530860825,479.07389934450373,32.21329019618861,-42.905150602116464,53.652101668566125,22.834104165092928,-35.83516077288182,42.491823456291,40.236115517453094,45.495066888917016,211.94241425706713,-7.29023624333281,-0.417381544275333,42.48977351418928
2241,37.38735,2064.7863368669023,478.3464692355152,14857.5,2016.270491803279,453.0245901639344,-2.6605552896928177,detected,2064.279716090739,478.4792753062175,30.29547601182003,-45.100497630913424,54.33112140696886,22.9556208161412,-35.4483689407886,42.23206586962945,40.373364364473105,45.273966486890124,211.7968813936406,-10.156243423017756,-0.8323891842475355,42.223861925014255
2242,37.40403333333333,2065.3649438859275,477.7250522906687,14821.0,2014.5669291338584,455.40944881889766,-2.7276718041338,detected,2064.663706400076,477.891104251417,26.102176386846622,-43.586294501292286,50.80441595455493,23.077137467192838,-35.06157710869494,41.9746168895998,40.46864173766448,44.966609154755574,211.60353392929525,-13.022250602703068,-1.2810595662838509,41.955063453846776
2243,37.42071666666667,2065.737119927659,476.7421837911156,14745.0,2013.695652173913,456.5217391304348,-2.7710002366151203,detected,2065.049724014236,477.30938618013494,24.473736180982087,-41.580098122900836,48.24798775665544,23.19865411824448,-34.674785276601284,41.71951925509625,40.382965707189115,44.57825209371514,211.36237186402087,-15.888257782388369,-1.762707181520888,41.682264217153104
2244,37.4374,2066.114854048162,476.5009707415103,14679.5,2016.1317829457364,453.9612403100775,-2.717951240095508,detected,2065.4377689332177,476.73412109237125,21.003103883514996,-36.527422507206666,42.13529361190819,23.32017076929612,-34.28799344450763,41.466816361516486,40.19997309222788,44.115286722043955,211.0733951978175,-18.75426496207368,-2.276629205560411,41.40427295123199
2245,37.45408333333334,2066.4576169847933,474.9595122061279,14774.0,2016.7327586206895,453.25,-2.7299439683147835,detected,2065.827841157022,476.165308988126,18.38131458202588,-38.656307005193185,42.804004451022394,23.441687420347765,-33.90120161241396,41.216552256087965,40.08836954325662,43.58510798405387,210.73660393068508,-21.620272141758992,-2.8221005900659115,41.11982402854345
2246,37.47076666666667,2066.694682831585,475.2598646869182,14682.0,2017.616,451.232,-2.68631700210967,detected,2066.2199406856485,475.60294986739916,17.569223658593728,-37.49681893518641,41.40880401827423,23.563204071399404,-33.51440978032031,40.96877163198383,39.939074647619556,42.99596552314726,210.35199806262366,-24.486279321444304,-3.3983688715872518,40.827580604859136
2247,37.48745,2067.127861756451,474.4754320110919,14785.5,2014.8380952380955,455.6857142857143,-2.7966229466025685,detected,2066.6140675190973,475.0470437301907,17.47169181530171,-37.812381452805084,41.653765808403435,23.684720722451047,-33.12761794822665,40.72351982115704,39.85254298382841,42.35680028851337,209.91957759363322,-27.35228650112962,-4.004648716716396,40.52613792702029
2248,37.504133333333336,2066.910280458829,474.3086638700362,14660.5,2014.747747747748,456.5405405405405,-2.8132895399670503,detected,2067.010221657368,474.49759057650067,20.073150622739377,-37.92836643852843,42.912613024826065,23.80623737350269,-32.740826116132986,40.48084278582169,39.869363514516216,41.67707019547933,209.43934252371378,-30.218293680814927,-4.640116223876106,40.21402683242918
2249,37.52081666666667,2067.3869349010547,472.67866245284944,14713.5,2018.4789915966387,452.15966386554624,-2.7443529669983127,detected,2067.408403100462,473.9545904063291,20.785452477672152,-35.3646802712035,41.02067339020677,23.927754024554332,-32.35403428403933,40.2407871085093,40.07527892095416,40.96656834753364,208.91129285286527,-33.08430086050024,-5.303903003475826,39.88971747257792
2250,37.5375,2067.959010874899,472.6062784567457,14605.5,2018.1891891891887,450.0675675675676,-2.7163637393190694,detected,2067.808611848378,473.4180432196759,22.914676202221017,-37.58789209592737,44.021949271558995,24.04927067560597,-31.967242451945673,40.00339998062713,40.366267819114995,40.23523715888266,208.33542858108777,-35.950308040185554,-5.995090059835235,39.55162329392441
2251,37.55418333333333,2068.20773919174,471.5788701644266,14657.0,2027.4573643410852,438.7596899224806,-2.463585130751641,detected,2068.2108479011163,472.8879490165411,24.12938237850267,-33.06641937605923,40.934278842083195,24.170787326657614,-31.580450619852005,39.76872918944511,40.767883832292966,39.492981581979436,207.7117497083813,-38.816315219870866,-6.712701500183689,39.19810531024242
2252,37.57086666666667,2069.1286410517964,471.3208545846084,14705.0,2018.84375,451.1041666666667,-2.7593263204267484,detected,2068.6151112586767,472.3643077969247,27.792056839060024,-28.89121757585781,40.088662691103806,24.292303977709253,-31.193658787758356,39.53682310343767,41.08118528245089,38.74948461071753,207.04025623474575,-41.68232239955618,-7.455698098194187,38.827476701185546
2253,37.58755,2069.0315916820746,470.93762697162686,14603.0,2022.422018348624,447.11009174311926,-2.669012973191736,detected,2069.02140192106,471.8471195608268,27.300803419406293,-20.488457790843086,34.13371895929632,24.413820628760895,-30.806866955664688,39.307730655907065,41.2562876160018,38.01402833128664,206.32094816018122,-44.54832957924149,-8.222970741906623,38.43800777219188
2254,37.60423333333333,2069.6869074722213,470.27569177795147,14714.5,2016.8032786885249,454.12295081967216,-2.845153134743995,detected,2069.429719888265,471.33638430824726,27.433192845680423,-17.603673863465474,32.59554268914002,24.535337279812538,-30.42007512357103,39.08150132681527,41.38864625991247,37.295324015786036,205.55382548468765,-47.414336758926794,-9.013333798535692,38.02793131099874
2255,37.620916666666666,2069.969039540277,470.4171550650626,14588.5,2020.3660714285716,449.88392857142856,-2.74911721764724,detected,2069.840065160293,470.8321020391861,26.6903628234395,-11.17899285171552,28.936920168282388,24.656853930864177,-30.03328329147737,38.85818512275253,41.31730607147349,36.6013550247403,204.73888820826505,-50.28034393861211,-9.82551843153992,37.59544837590816
2256,37.6376,2070.858759737112,470.1003641200807,14784.5,2019.355140186916,450.7663551401869,-2.7824789991587,detected,2070.252437737143,470.3342727536434,25.455211156124278,-12.13424596428763,28.1994273013603,24.778370581915823,-29.646491459383714,38.637832554972114,41.07870020703467,35.93923648673686,203.87613633091345,-53.14635111829742,-10.658165908445056,37.13873455052182
2257,37.65428333333333,2071.0239393627603,470.2730047672943,14578.5,2023.7777777777776,444.2962962962963,-2.638890510887688,detected,2070.666837618815,469.8428964516191,21.74063861414561,-15.103213887252878,26.471917895667993,24.899887232967462,-29.259699627290054,38.42049461542282,40.68991237907705,35.31509574120342,202.96556985263285,-56.012358297982736,-11.509820941258017,36.65594669891793
2258,37.670966666666665,2071.6126028142207,469.9207169238438,14711.0,2025.7021276595744,441.177304964539,-2.58222050232227,detected,2071.0832648053097,469.3579731331132,18.631241235949346,-21.70019032150185,28.601073580925977,25.021403884019104,-28.872907795196397,38.20622275071326,40.26526152370199,34.733977290520194,202.00718877342322,-58.87836547766804,-12.37892510486397,36.14523025414678
2259,37.68765,2071.7349009391924,470.2075706679464,14587.0,2024.4615384615383,442.3372781065089,-2.608887990089771,detected,2071.501719296627,468.8795027981257,15.422304604419878,-24.77842181098481,29.18591555450331,25.142920535070743,-28.486115963102737,37.995068833945,39.85291701417257,34.19977549675226,201.00099309328456,-61.74437265735334,-13.263810382554707,35.60472707144169
2260,37.70433333333333,2072.244759444331,469.0453237247037,14709.0,2010.958904109589,462.5890410958904,-3.03663276604175,detected,2071.922201092766,468.40748544665666,12.227915435113573,-24.50332977603125,27.384942687565157,25.26443718612239,-28.09932413100908,37.787085134355536,39.49230065941,33.71519751635013,199.9469828122169,-64.61037983703866,-14.162692891770215,35.03258387564974
2261,37.72101666666667,2071.4824114880485,468.230523954312,14635.5,2017.571428571429,451.6703296703297,-2.84356486487402,detected,2072.344710193728,467.941921078706,10.949996776690952,-24.853516720122062,27.1587872108997,25.38595383717403,-27.71253229891542,37.582324284716094,39.02840103525052,33.28175805460691,198.8451579302202,-67.47638701672398,-15.073666847224166,34.426961330045614
2262,37.7377,2072.343611045445,467.0290657751061,14805.5,2013.625,459.203125,-3.009094790188681,detected,2072.769246599512,467.4828096942737,9.672078118257922,-25.203703664213194,26.99584733841776,25.50747048822567,-27.32574046682176,37.380839246434846,38.454948852387,32.899806484519246,197.69551844729452,-70.34239419640929,-15.994698822799945,33.786043750870355
2263,37.75438333333334,2072.327561425548,467.7599112710647,14726.5,2017.6741573033707,451.7303370786517,-2.8562984621537537,detected,2073.1958103101188,467.0301512933599,8.394159459824891,-25.55389060830433,26.897271948250662,25.628987139277314,-26.9389486347281,37.182683272321285,37.81062746388473,32.568585736279715,196.4980643634398,-73.20840137609459,-16.923622377913006,33.10804948859964
2264,37.77106666666667,2072.638700334872,467.79330708661416,14732.0,2029.6610169491528,434.542372881356,-2.483108370757329,detected,2073.6244013255473,466.5839458759645,7.116240801391861,-25.904077552395457,26.86376959743201,25.750503790328956,-26.55215680263444,36.98790986697454,37.09763227311496,32.28632116883969,195.25279567865604,-76.07440855577991,-17.858133118400364,32.39124199305924
