frame,time_sec,x,y,area,blue_x,blue_y,theta_rad,status,x_smooth_px,y_smooth_px,vx_raw_px_s,vy_raw_px_s,speed_raw_px_s,vx_sg_px_s,vy_sg_px_s,speed_sg_px_s,speed_ma_px_s,speed_butter_px_s,theta_smooth_deg,omega_deg_s,v_surge_px_s,v_sway_px_s,x_m,y_m,speed_sg_m_s,speed_sg_cm_s,speed_butter_m_s,v_surge_m_s,v_surge_cm_s
300,10.01,1229.792,1024.62,14346.0,1245.5135135135135,978.7567567567568,-1.2405580319013416,detected,1230.261385416615,1023.9400189643635,44.91299504368476,15.266782470123317,47.436818725375296,28.552848408861987,30.76707627596825,41.974732099570346,41.0604443168832,47.466815801591835,280.59844439651306,12.313320627729302,-24.990627477867317,33.72457076217819,1.5523802970556657,1.2920378788193863,0.052964961639836404,5.29649616398364,0.05989503571178781,-0.03153391479857075,-3.1533914798570746
301,10.043366666666667,1231.8189300411525,1024.9053497942386,14208.0,1232.642857142857,971.1428571428572,-1.5554722120410625,detected,1231.213611948556,1024.956987980237,39.61236691094186,21.311982730001766,44.98155422138029,28.52366699220325,30.19010749268265,41.53362696781775,41.03259838017836,45.458484181775965,281.012214810132,12.488102766015992,-24.18566011191089,33.765307847744566,1.5535818447300394,1.2933211204797945,0.0524083621045019,5.24083621045019,0.05736086332085296,-0.030518183106512168,-3.0518183106512167
302,10.076733333333332,1232.929411764706,1026.2392156862743,14092.0,1240.235294117647,976.2352941176472,-1.4257166666061774,detected,1232.1648647938946,1025.9547054710417,34.311738778205836,27.357182989892408,43.88292240868072,28.494485575544516,29.613138709397052,41.095908463457825,40.48742068661209,43.68019533479994,281.43181712109845,12.66288490430268,-23.377996838269645,33.79856441132906,1.554782163777785,1.2945800699950054,0.05185603591603511,5.1856035916035115,0.05511696572214504,-0.02949904963819514,-2.949904963819514
303,10.1101,1232.997955010225,1026.8588957055215,14058.0,1242.4571428571428,977.8285714285714,-1.3802125681485438,detected,1233.1151439526307,1026.9331714367775,27.71762130921161,33.007099530304004,43.10145183684949,28.46530415888578,29.03616992611145,40.66168595663366,40.095135196606904,42.17724794875585,281.85725132941246,12.83766704258937,-22.567730925828133,33.82410716774827,1.555981254198903,1.295814727365019,0.05130812108092576,5.1308121080925755,0.05322050214354051,-0.028476632083063894,-2.8476632083063893
304,10.143466666666669,1234.9268292682927,1028.2073170731708,13964.0,1241.5333333333333,976.6,-1.4434739531506038,detected,1234.0644494247642,1027.8923858774442,26.489196689786695,24.8492706500665,36.320294507485244,28.43612274222704,28.459201142825854,40.23107264663499,40.39452427791261,40.962255000385966,282.2885174350739,13.012449180876061,-21.75496092063297,33.8417032910661,1.5571791159933934,1.297025092589835,0.050764760437394314,5.076476043739431,0.05168738801310532,-0.027451054789442236,-2.7451054789442235
305,10.176833333333333,1235.4444444444443,1029.4279835390946,14002.0,1242.8148148148148,977.6296296296296,-1.4294554456595243,detected,1235.0127812102953,1028.832348793042,20.687438781022138,25.400349466718126,32.75893582444257,28.406941325568308,27.882232359540254,39.804185669671405,40.140705420926054,40.016480390670715,282.7256154380829,13.187231319162748,-20.939790747684313,33.851120517183304,1.558375749161256,1.2982111656694537,0.05022610179138348,5.022610179138348,0.0504939815655151,-0.026422448892977055,-2.6422448892977055
306,10.2102,1236.125448028674,1029.100358422939,14300.0,1249.923076923077,983.2307692307692,-1.278604620203263,detected,1235.9601393092237,1029.7530601835708,2.1151144040536565,16.123971689958125,16.26210847340548,28.37775990890957,27.305263576254653,39.38114620496024,39.61263575281296,39.29734647885378,283.16854533843934,13.36201345744944,-20.12232981125385,33.85212725049312,1.5595711537024906,1.299372946603875,0.049692298050423016,4.969229805042302,0.04958655707110888,-0.025390952443222523,-2.5390952443222523
307,10.243566666666666,1235.85,1030.65,14142.0,1253.071428571429,985.1428571428572,-1.2090188443971637,detected,1236.9065237215498,1030.6545200490307,13.493184212796677,10.806218663961772,17.287000376404844,28.348578492250834,26.728294792969052,38.96207957836906,38.9452884310828,38.74960019251916,283.6173071361433,13.53679559573613,-19.302693093616764,33.8444926746554,1.5607653296170976,1.3005104353930987,0.04916350735440891,4.916350735440891,0.048895394564692954,-0.02435671052822305,-2.435671052822305
308,10.276933333333334,1235.076923076923,1030.2863247863247,14116.0,1250.2,983.3333333333334,-1.259198903794747,detected,1237.8519344472734,1031.5367283894216,25.92459669073378,19.287388087800082,32.312351397362235,28.319397075592097,26.151326009683455,38.54711536275835,38.380825595638186,38.31676767168691,284.0719008311948,13.71157773402282,-18.481001252082127,33.827986867538236,1.5619582769050768,1.301623632037125,0.04863989320221874,4.863989320221874,0.048349233655125445,-0.023319875396949057,-2.331987539694906
309,10.3103,1238.2198198198198,1030.637837837838,14024.0,1254.0,986.1333333333332,-1.230051701711335,detected,1238.7963714863943,1032.3996852047435,41.14986296946972,29.017378267413278,50.35195590957996,28.29021565893336,25.574357226397854,38.136387474069515,37.788231795525434,37.95021528747731,284.53232642359376,13.88635987230951,-17.657380714201782,33.802380920374546,1.5631499955664283,1.302712536535954,0.048121624572958384,4.812162457295838,0.04788670698735308,-0.022280606579434425,-2.2280606579434425
310,10.343666666666667,1239.265625,1032.32421875,14406.0,1261.142857142857,990.8571428571428,-1.0853283270634602,detected,1239.7398348389127,1033.2433904949964,51.39831417716914,35.81880061589527,62.648010166454974,28.261034242274626,24.997388443112257,37.73003426209498,37.290327845197304,37.61459176544122,284.9985839133402,14.061142010596196,-16.831963771034673,33.767447061177684,1.5643404856011518,1.3037771488895855,0.047608876040498405,4.760887604049841,0.04746320727500469,-0.021239071004460156,-2.1239071004460155
311,10.377033333333332,1240.6208178438662,1034.4721189591078,14340.0,1254.2941176470588,987.2352941176472,-1.289034576041373,detected,1240.6823245048286,1034.0678442601807,42.214672724429875,39.46473107481279,57.788784310089255,28.23185282561589,24.420419659826656,37.32819859475252,36.8519833689217,37.28970217093277,285.4706733004342,14.235924148882887,-16.004888668339298,33.72295878245781,1.5655297470092475,1.3048174690980199,0.04710182787981391,4.710182787981391,0.04705325195070381,-0.02019544311462372,-2.019544311462372
312,10.4104,1242.451376146789,1034.3449541284403,14200.0,1259.7931034482758,990.6206896551724,-1.1932108986820456,detected,1241.62384048414,1034.8730465002945,34.78382580361949,34.018481506921034,48.653587961971255,28.202671408956036,23.843450876539173,36.93102793456314,37.552795006248836,36.96955280068337,285.94859458487576,14.410706287169527,-15.176299695562246,33.66869097327605,1.566717779790713,1.305833497161255,0.04660066616348661,4.6600666163486615,0.04664927798193485,-0.019149904978627442,-1.9149904978627441
313,10.443766666666669,1243.669758812616,1036.2115027829311,14132.0,1248.4615384615386,984.4615384615385,-1.4784647640942643,detected,1242.5517465018506,1035.6814245767994,28.418303484433636,29.094635747528173,40.670601203015394,27.910308824953844,23.624419606384862,36.566358041823605,38.05715763825931,36.659526083346854,287.40928793697924,14.991715066781426,-14.191590290764072,33.700108389468554,1.5678886391190545,1.3068535325890214,0.04614051487927269,4.614051487927269,0.04625807707677837,-0.01790736945206823,-1.790736945206823
314,10.477133333333333,1243.5442561205273,1037.129943502825,14144.0,1253.032258064516,987.9354838709678,-1.3802684576513122,detected,1243.4094672208644,1036.3867636103382,16.491475196037754,28.416155031265134,32.85493297668439,28.650301451334286,23.531123201250473,37.074971778340654,38.09283340985703,36.37265611076299,287.6778883774525,9.836317190853208,-13.719849117448485,34.44298582526207,1.5689709365562958,1.3077435502969568,0.046782298773931426,4.678229877393143,0.045896096038817655,-0.0173121124510391,-1.73121124510391
315,10.5105,1244.8154981549817,1037.9335793357934,13974.0,1260.08,992.24,-1.248389853086116,detected,1244.4201442731649,1037.1547599922994,23.860823537162105,24.516189602286886,34.21085284652911,28.954219830040298,23.39078332661263,37.22197725267746,37.877957838862805,36.12590528594309,288.24322418338477,5.4935099541025325,-13.150910870912062,34.82138902835677,1.570246238830492,1.3087126309051098,0.04696779464060248,4.696779464060248,0.04558473853115848,-0.01659420930083541,-1.6594209300835412
316,10.543866666666666,1244.6298342541436,1038.2246777163905,14108.0,1258.9411764705883,991.2941176470588,-1.2748070324213658,detected,1245.4128670595255,1037.874226746124,38.462477378459425,23.712853653888033,45.184749578803846,28.890921956860414,23.335186078606192,37.13780123863791,37.49239777051434,35.93716198082383,288.22283973449277,4.227907663181331,-13.130283843255752,34.73919871033459,1.5714988858795276,1.309620475389431,0.046861578850016294,4.686157885001629,0.04534657663195436,-0.01656818150568549,-1.656818150568549
317,10.577233333333334,1247.1077504725895,1039.7542533081285,14166.0,1257.7692307692307,991.1538461538462,-1.35484684060696,detected,1246.4822104326352,1038.6125560608043,29.975676026835572,19.620033308000984,35.82578485215464,29.06431513306655,23.52377703800676,37.39120886368954,37.8262569487383,35.82333025692416,288.1668623571108,-0.22276173023599796,-13.289346115695988,34.949903864035036,1.572848215056953,1.3105521212123714,0.04718133610560195,4.718133610560195,0.045202940387286006,-0.016768890997723645,-1.6768890997723644
318,10.6106,1248.814953271028,1040.1757009345797,14144.0,1255.5,989.5,-1.4396354763894923,detected,1247.5589606192366,1039.3598343002036,26.932172302289473,13.457805523995376,30.107381726777383,29.00600769745065,24.043648144946786,37.675529175614365,38.43112134339966,35.79941000852785,287.37681299946576,-2.1633874788975413,-14.283549024261527,34.86295635677053,1.5742068903712765,1.3114950590538847,0.047540099906138,4.7540099906138,0.045172757108552494,-0.018023405708847355,-1.8023405708847355
319,10.643966666666667,1247.7238805970148,1040.2313432835822,14332.0,1260.3809523809523,991.904761904762,-1.3146428142720843,detected,1248.5800906902537,1040.0586694651495,24.754030490304558,8.782050435165274,26.265689318209684,29.08047026406733,24.262931845916395,37.87299318167087,39.480598189213126,35.87804200238902,286.8976745888371,-0.9464099199416789,-14.762761826774769,34.8772773562503,1.5754953825744527,1.3123768699875704,0.047789265844379654,4.778926584437966,0.04527197729008079,-0.018628090633154282,-1.8628090633154282
320,10.677333333333332,1243.4913294797689,1039.5452793834295,15828.0,1270.625,998.875,-0.982450783515698,detected,1249.484120676608,1040.8276357068219,22.638131795198206,14.88180411000394,27.09156888674582,28.990046285842052,24.669179773080625,38.06561721989852,40.254961567685974,36.06882130876241,287.0722234948065,-0.17286840039980544,-15.071334684571008,34.954915035764024,1.5766361144184329,1.3133471743934662,0.048032324567695295,4.803232456769529,0.0455127082760409,-0.019017457015231557,-1.9017457015231558
321,10.7107,1251.2375478927204,1041.191570881226,14196.0,1258.095238095238,991.3333333333334,-1.4341102019137064,detected,1250.2908793867018,1041.5768012779938,22.42551820323297,11.806879574311097,25.343761993157564,28.134595825090464,24.516422001827546,37.317695936551225,40.70190781314601,36.37687248161088,287.1340981903227,-0.3404488129349236,-15.139622919300827,34.10868288096555,1.5776541064816427,1.3142924937261753,0.04708857531426022,4.708857531426022,0.04590141638058156,-0.019103625134764452,-1.9103625134764453
322,10.744066666666669,1250.8349146110056,1042.1783681214422,14322.0,1277.2,1002.6666666666666,-0.982374179629064,detected,1251.258283644055,1042.2017578028685,21.511580929205593,15.194078030794572,26.336440937978615,27.4568224745478,24.625934452124447,36.88243142797344,40.31296411495898,36.80067533493562,287.64618074120506,-1.905004820252443,-15.14399347845907,33.62994513173568,1.5788748058600064,1.3150810824010961,0.04653934565043967,4.653934565043967,0.04643618338793138,-0.0191091400359105,-1.9109140035910501
323,10.777433333333333,1250.455223880597,1041.2276119402984,13886.0,1272.4166666666667,999.0,-1.0912195377421308,detected,1252.064393163961,1042.87552037404,18.429132494434725,19.41657050312915,26.770060414582833,27.473521675990813,25.037161117931024,37.170604382043265,39.752920564403645,37.329715272905545,288.1648825907369,1.9492233428825243,-15.224449779890811,33.90973251186091,1.579891978755787,1.3159312559924796,0.04690297082907668,4.690297082907668,0.04710374166928145,-0.019210662182827524,-1.9210662182827525
324,10.8108,1252.794964028777,1042.7482014388488,14130.0,1268.076923076923,997.6153846153846,-1.2443135381252188,detected,1252.9383704017355,1043.736977365477,44.55441442050687,31.16485790804336,54.372274302099996,27.374938959473724,25.44908361635379,37.37704027805143,39.13554615198356,37.94290351703943,287.89265229838963,4.028764071079744,-15.807680543315948,33.869756063301516,1.580994789150455,1.3170182679690563,0.04716345776410276,4.716345776410276,0.04787748077859866,-0.01994660005465735,-1.994660005465735
325,10.844166666666666,1253.3321167883212,1044.14598540146,13996.0,1266.258064516129,996.3870967741937,-1.3064786686374643,detected,1253.923657894046,1044.4488912099298,46.133792453805654,38.43411820629353,60.04588452563723,27.233139295020674,26.22040213090143,37.804144796148734,38.74253074347967,38.60864266483797,287.68154616618233,10.416994099395241,-16.710315184832282,33.91045163650497,1.5822380541249794,1.3179165819683658,0.04770239090996686,4.770239090996686,0.0487175301764517,-0.02108557121114484,-2.108557121114484
326,10.877533333333334,1256.8296296296296,1045.9185185185186,14068.0,1268.3589743589744,998.4102564102564,-1.3327180635547202,detected,1254.9566127146024,1045.3010924886853,31.60589593009172,33.248167179217944,45.87344851132312,27.008499551513534,27.209198320799825,38.337964490628906,39.056739853086874,39.28692358659343,288.042244998898,4.560871341316674,-17.50625672802576,34.1076310619365,1.5835414671477634,1.3189919148122213,0.048375980429815654,4.837598042981566,0.049573405156584774,-0.02208991385239844,-2.2089913852398437
327,10.9109,1256.1345454545456,1046.0545454545454,14024.0,1264.5333333333333,996.3333333333334,-1.4034583535723877,detected,1255.7348463460085,1046.318587333935,23.924593314761296,30.1780302166635,38.51103313382512,27.444336416737546,27.732461429106404,39.01641985461943,39.70631054915944,39.93320617976093,287.54337583484204,4.676915359234439,-18.17011377546115,34.527206427087876,1.584523465420831,1.3202758199797289,0.049232075526333664,4.923207552633366,0.05038890369685922,-0.022927588360203345,-2.2927588360203344
328,10.944266666666667,1256.6666666666667,1047.3408239700375,14006.0,1271.6923076923076,1001.0769230769232,-1.2567624201268075,detected,1256.5943936261185,1047.368129507828,10.103039687938235,31.900848854569176,33.462450128137995,27.824038099499653,28.289586018072637,39.679689681704154,40.347481666143075,40.50337179033561,288.0736397526049,3.994373560884215,-18.26163298428151,35.22769555312611,1.5856080676670266,1.3216001634168177,0.050069009062087264,5.006900906208727,0.051108355571401407,-0.023043070011711683,-2.304307001171168
329,10.977633333333332,1257.405017921147,1048.4695340501792,14046.0,1267.076923076923,998.6923076923076,-1.3788838158904075,detected,1257.4059689966473,1048.477392530058,23.75899607255269,37.82368043823453,44.66677396308424,27.83597376672986,28.368343496766393,39.744236667630204,39.82512886666104,40.95886533476085,288.1092736490807,4.786491293607883,-18.310866629360255,35.27487082292977,1.5866321375352017,1.3229998643912406,0.05015045636294033,5.015045636294032,0.05168311083250581,-0.02310519448499717,-2.310519448499717
330,11.011,1259.4917127071824,1050.033149171271,14158.0,1275.8518518518515,1003.8518518518518,-1.230332368555086,detected,1258.2773006053424,1049.6436505380634,33.07471606406898,34.62094471482396,47.88054569097642,28.5649606882565,28.65593115506594,40.46133178091792,39.78228330928032,41.271201224658746,287.71783773167635,4.944321752327707,-18.603524030399512,35.93088174726395,1.5877316095966467,1.3244714833287867,0.05105530824090589,5.1055308240905894,0.052077225520074134,-0.023474478271797494,-2.3474478271797494
331,11.044366666666669,1257.879917184265,1051.0186335403728,14174.0,1276.6206896551723,1005.7931034482758,-1.177951089170754,detected,1259.2968208898524,1050.857135478634,33.24694644688816,26.472779802893456,42.49902961874227,29.31468572792952,28.536181261980417,40.910444147477506,39.75325854615844,41.425175376365154,286.8649850896965,3.9472074201838376,-18.804169792776715,36.33273508488317,1.589018070523473,1.3260026946102639,0.05162201154255837,5.162201154255837,0.05227151467049231,-0.023727659044513207,-2.3727659044513207
332,11.077733333333333,1261.1412844036695,1051.8422018348624,14168.0,1275.4736842105262,1005.157894736842,-1.2729237348949114,detected,1260.2330719017982,1051.9522390916331,22.65874555010305,28.801333025854092,36.64608483822615,29.450133019269977,28.511137052305784,40.990185055303904,39.968372433901415,41.42034818988335,287.40521895710106,-0.8773635102335647,-18.39634918466927,36.63017345773533,1.5901994598129947,1.32738452882225,0.05172263098461061,5.172263098461061,0.052265423583449024,-0.023213058908100027,-2.321305890810003
333,11.1111,1261.3210332103322,1051.981549815498,14398.0,1274.962962962963,1005.8518518518518,-1.283261668839026,detected,1261.243395550949,1053.0266665461775,25.836506984813695,34.97867576193903,43.48600753386298,29.288773349752518,27.980199644617525,40.505849163865555,40.27173127347392,41.27062093879203,288.427770017911,3.045774997840859,-17.287014575743232,36.63172045569071,1.591474316152617,1.328740273244388,0.051111481594783036,5.1111481594783035,0.05207649329816029,-0.021813267603461493,-2.1813267603461495
334,11.144466666666666,1260.745490981964,1054.3567134268535,14290.0,1269.391304347826,1002.695652173913,-1.4049765547926751,detected,1262.2706334096208,1054.0586914584421,26.22113416367756,31.03411091354519,40.628363454904296,29.99812608364597,27.512270931118508,40.7039632016047,40.6558075500395,41.001998055132276,287.9191237190993,-0.5183326344152366,-16.948049269137115,37.007786292731566,1.5927705153433702,1.3300425128813151,0.05136146776227723,5.136146776227723,0.05173753697808489,-0.021385551128248727,-2.1385551128248728
335,11.177833333333334,1264.0,1055.5969868173258,14282.0,1280.1481481481485,1009.4074074074074,-1.23447266755425,detected,1263.3042587791952,1055.0843741649744,26.340068399148095,40.89894569149874,48.646921402571444,30.033419086501166,26.95187285379271,40.353558856096214,41.06779806234817,40.64889063054228,289.19947046271966,2.2689758963262614,-15.576066083927305,37.226279396436475,1.594074774484789,1.3313367497349835,0.050919317168575666,5.091931716857567,0.05129197555904389,-0.019654342061737926,-1.9654342061737926
336,11.2112,1264.1763602251408,1055.2120075046903,14258.0,1283.925925925926,1012.4444444444443,-1.1381825011859652,detected,1264.2147905960726,1055.938641132799,20.564650808263195,37.026914122986454,42.35442399958727,29.81228622225074,25.825042954043287,39.4424296079182,41.68459569548714,40.249565225382895,290.117887139313,4.548807158201444,-13.995356620808503,36.8759440073332,1.595223710531322,1.3324146891265602,0.04976962726551193,4.976962726551193,0.0507880949216188,-0.017659755988401898,-1.7659755988401897
337,11.244566666666667,1262.0408163265306,1063.189504373178,14762.0,1293.7,1018.2,-0.957590422611124,detected,1265.2669347105793,1056.714378327842,26.42544096376014,28.448644934641834,38.828202749374,29.59987995743042,25.052161464360637,38.778392018373935,41.688974288641376,39.84154630280376,290.7415277987252,3.6219297223793188,-12.945591331097292,36.55373240339358,1.5965513371742328,1.3333935373221983,0.04893172494432043,4.893172494432043,0.050273244546124626,-0.01633513101715747,-1.633513101715747
338,11.277933333333332,1262.3447204968943,1064.4968944099378,14746.0,1272.421052631579,1005.578947368421,-1.4014119390752413,detected,1266.1678962206397,1057.4400999991399,41.529750872578916,25.100515275304588,48.52582894319548,29.84721888577422,24.55270461339832,38.64830887694969,41.697869468227765,39.45784487596198,290.7072626094148,3.5712389683031507,-12.41280065844234,36.60073986768412,1.5976881971238357,1.3343092744468643,0.04876758217911634,4.876758217911633,0.04978907870783847,-0.015662839947561312,-1.5662839947561311
339,11.3113,1268.4086444007858,1058.37721021611,13828.0,1289.0,1015.3333333333334,-1.124593341189666,detected,1267.2892442028844,1058.1544992522754,48.80050871585536,5.361982830809211,49.094200378498556,30.70861789610381,24.506175371710547,39.28831689494906,42.062693283158715,39.12468706538766,290.99370300634274,0.4514467736073255,-11.877617163420677,37.449887248924455,1.5991031472591604,1.3352107246085494,0.04957516327438368,4.957516327438368,0.049368690303328286,-0.014987529543748488,-1.4987529543748488
340,11.344666666666669,1268.9005847953215,1059.3996101364523,14040.0,1282.2608695652175,1011.9130434782608,-1.296537394060972,detected,1268.292971581634,1058.8197970506264,49.70115126603514,7.3393666436504645,50.240130771119965,31.4805700817162,24.17975391721017,39.69492149087444,41.87250718792482,38.86092883014813,290.5749346895977,-2.9919625261380207,-11.57412551373832,37.970072567206365,1.6003696802291913,1.3360502170985824,0.05008822901056712,5.008822901056712,0.04903587234088093,-0.01460457478074236,-1.460457478074236
341,11.378033333333333,1269.7794392523365,1059.143925233645,14202.0,1288.1333333333332,1014.7333333333332,-1.1788965715970423,detected,1269.4013504867987,1059.4731236913021,30.55123935091524,9.934642734258432,32.125929591752914,31.650173416129974,24.034956748693695,39.74182460812132,41.708336321286154,38.678739829338994,291.10466194526225,-7.590048275116761,-11.026429797395581,38.181546185373165,1.6017682655984844,1.3368746040268797,0.05014741275472722,5.014741275472722,0.04880598085721009,-0.013913476085041744,-1.3913476085041743
342,11.4114,1271.7827715355804,1059.9850187265918,13888.0,1292.1666666666667,1017.4166666666666,-1.1242106667080145,detected,1270.536804154017,1060.180684288418,31.20171016719496,15.308125146557359,34.754645917636665,31.548500128200907,23.67461297972845,39.443569312107385,40.872239927246845,38.58472604599943,290.4221550714227,-12.039574034320884,-11.178237209372277,37.82647449829318,1.6032010147053846,1.3377674249696128,0.04977106537805349,4.977106537805349,0.04868735147760181,-0.014105031179018648,-1.4105031179018648
343,11.444766666666666,1272.0645161290322,1059.741935483871,14268.0,1293.7777777777778,1018.5185185185184,-1.0860007160331089,detected,1271.6126327791953,1060.8859607004335,21.71572403660457,19.79179895594052,29.381762648730486,31.361063329859967,23.661962600365474,39.28619054172321,40.05383512762891,38.58066601959621,289.949141576807,-13.650044742990964,-11.542194086926804,37.55239703321605,1.6045585271661773,1.338657363659853,0.04957248017883055,4.957248017883055,0.04868222841589427,-0.01456428275952909,-1.456428275952909
344,11.478133333333334,1272.9635316698657,1061.654510556622,14346.0,1280.235294117647,1009.0588235294116,-1.4334095303463572,detected,1272.782553481537,1061.608815381548,23.529926852382232,21.15788139899996,31.643536511784,30.965587073219037,23.643594137409824,38.96007092554723,39.70353569483605,38.66344426119129,289.3669752655717,-12.982103527928757,-12.036968817222593,37.05399449744766,1.6060347678000468,1.339569483131291,0.04916097277671575,4.916097277671575,0.04878668045576188,-0.015188604185769835,-1.5188604185769834
345,11.5115,1272.8119658119658,1061.611111111111,14236.0,1288.2424242424242,1014.969696969697,-1.251298927634397,detected,1273.9578471025632,1062.3397733061872,26.753581713809126,22.059894178772538,34.67553987605823,30.848254855875926,23.5638627536192,38.8184293284063,40.15776195771429,38.824340127988116,286.9741132570492,-5.379381427851479,-13.53151698832244,36.383629608921865,1.6075177881420357,1.3404918275156938,0.04898224520934549,4.89822452093455,0.04898970363153075,-0.017074469385895824,-1.7074469385895825
346,11.544866666666667,1275.3346228239843,1062.5802707930368,14152.0,1290.2222222222222,1016.7407407407408,-1.2567666430435998,detected,1275.0148647425478,1063.0542985489103,30.99341968128465,16.143348842114392,34.945668907297204,30.805322630349057,23.05039481278752,38.47451888438993,40.87284360085212,39.04827236104829,286.4981189979912,-6.205396556394025,-13.353173717209627,36.082978744323476,1.608851564343909,1.3413934366547766,0.048548288813110324,4.8548288813110325,0.049272267963467876,-0.01684943055799322,-1.684943055799322
347,11.578233333333332,1275.3423597678916,1062.9593810444874,14202.0,1286.972972972973,1015.4594594594596,-1.3306654524662074,detected,1275.8834854125273,1063.760747841215,27.106739393629596,24.64621886500936,36.63620374569524,30.67771946340083,23.448354850188263,38.612793432429484,41.37864727033227,39.31371078592313,284.47319642872714,-3.626313190165702,-15.03702100332072,35.56453030761352,1.6099476156624952,1.3422848553201454,0.048722767738081374,4.872276773808137,0.049607206039019726,-0.018974158994726462,-1.8974158994726462
348,11.6116,1276.8690702087288,1063.6736242884251,13960.0,1290.7096774193549,1018.451612903226,-1.273790054693914,detected,1276.881768198262,1064.5713027563984,29.404884094728004,30.254735104852443,42.19000124305733,31.270962539981067,23.74450544297405,39.26416479320964,41.10328700147854,39.59372653250086,283.90890371684475,-1.8840475956030525,-15.531416884616103,36.06174879931068,1.6112072784836116,1.343307637547506,0.04954468743622668,4.954468743622668,0.049960538211357555,-0.019598002378064486,-1.9598002378064485
349,11.644966666666669,1276.5670498084291,1065.176245210728,14006.0,1288.5517241379312,1017.3103448275862,-1.3254598482407405,detected,1277.9024237751867,1065.3599138841705,37.684923743284344,39.34598354592708,54.4817391309558,31.391199819565866,23.4803509694605,39.20120288665842,40.43398365576802,39.85819755018914,285.65045797011237,-8.586850075976912,-14.141486492631811,36.56162834912675,1.6124951719560716,1.344302730453212,0.04946524023553114,4.946524023553113,0.05029425558383488,-0.017844146993857175,-1.7844146993857175
350,11.678333333333333,1279.6279926335176,1066.5193370165746,14090.0,1296.2222222222222,1022.5925925925926,-1.209598912580536,detected,1278.820905932213,1066.3385623351792,45.57713196354325,39.43334489230256,60.26826401529681,31.263796961770282,23.711006783526408,39.238206421232256,39.864470542948304,40.07673244970871,286.51158143759966,-5.080762472444171,-13.847762408226655,36.71343513539065,1.613654139977556,1.3455376180885543,0.04951193239272209,4.951193239272209,0.050570009400263356,-0.017473517234355404,-1.7473517234355405
351,11.7117,1280.25,1068.1007462686566,13990.0,1290.4666666666667,1018.7333333333332,-1.3667255286494546,detected,1279.7119481691416,1067.3364616663005,42.07974986604222,35.406772148733126,54.994043884597026,30.551864713187967,24.01767309611671,38.862128845508046,39.6579978470928,40.22162273280189,286.708265463902,-13.607385643418612,-14.220050544799482,36.16704606279336,1.6147784834941852,1.3467967970552688,0.04903738655584612,4.903738655584612,0.05075283625590144,-0.017943281444541936,-1.7943281444541936
352,11.745066666666666,1282.6313799621928,1068.790170132325,13738.0,1294.857142857143,1022.3571428571428,-1.313340786104184,detected,1280.8253064365858,1068.1945304535207,22.2574127484977,25.379141421313307,33.75638075297778,30.460510298951142,24.241670339101386,38.92943961197202,39.80879279426394,40.27018597485737,286.53561115577173,-12.317177051528668,-14.56970497939069,36.10020727524559,1.6161833519704554,1.3478795336952942,0.04912232127693631,4.912232127693631,0.050814114794772706,-0.018384485778410967,-1.8384485778410966
353,11.778433333333334,1282.0856610800745,1069.9478584729982,14140.0,1283.8947368421052,1015.4736842105264,-1.5375987399430229,detected,1281.831302542483,1069.0295021168256,19.959163487473234,21.52984987167838,29.358178462171225,30.60335472836221,24.882497932595342,39.4424140234289,39.74960780851369,40.20618179643047,285.1806397525023,-10.318267137410583,-16.000335124738093,36.0512593384982,1.6174527476876757,1.3489331256994646,0.04976960760054121,4.976960760054121,0.05073335242451795,-0.02018969731828151,-2.0189697318281508
354,11.8118,1282.4234404536862,1069.8298676748582,14172.0,1290.1818181818182,1019.0,-1.419331115725389,detected,1282.850256000972,1069.8305071658503,9.01338851833134,21.988720496430687,23.76436411210151,30.63486752274414,25.26007340887858,39.705999757694286,39.97016410301469,40.020399587566224,285.18842221394937,-10.46819570555561,-16.35156854070072,36.18276693422968,1.618738493376621,1.3499438576225242,0.05010220789614421,5.010220789614421,0.050498926924373785,-0.020632894057666523,-2.0632894057666524
355,11.845166666666668,1283.6838235294117,1071.172794117647,14174.0,1292.2222222222222,1020.2962962962964,-1.404519870113486,detected,1283.9934602888554,1070.6915183152873,17.45497313588976,21.14719031984032,27.420425700528085,30.676919797722196,25.46366477229578,39.86817818651533,39.65721811840096,39.71082046551548,284.80330029952705,-5.817332330734974,-16.780494533280425,36.164715333184674,1.6201810224465054,1.3510303070224448,0.05030684944670705,5.030684944670705,0.050108290808221434,-0.0211741255940447,-2.11741255940447
356,11.878533333333332,1283.336032388664,1071.8461538461538,13974.0,1295.3333333333333,1022.5555555555557,-1.3320395972200054,detected,1285.13066617295,1071.471730789111,27.39873673912325,19.692663685614207,33.7415437989208,30.301143036781138,25.451279144806,39.57179398817176,39.506801903649354,39.282806037284196,285.3140362557119,-2.328640637754184,-16.5447592811581,35.94715315252155,1.6216159825526184,1.3520148022575533,0.049932863076557435,4.993286307655744,0.04956820951076871,-0.020876667862660066,-2.0876667862660065
357,11.9119,1284.5414364640883,1072.4677716390424,14270.0,1317.809523809524,1037.904761904762,-0.8044862390801845,detected,1286.228412147214,1072.3313529219263,41.46536993938071,24.182437308929366,48.001741410182156,29.942604622826742,25.70907823544327,39.46538071924643,39.142078321926554,38.74955696631049,284.4057006278086,-2.946236478681684,-17.451435550954056,35.39722690446195,1.6230011509744025,1.3530994989551122,0.049798587658355126,4.9798587658355125,0.04889534002058107,-0.02202073886555717,-2.202073886555717
358,11.945266666666669,1286.5656565656566,1074.90101010101,14166.0,1300.625,1026.875,-1.2860093063607143,detected,1287.289721895286,1073.1473072092876,55.7853749993742,25.56199661950859,61.363048612308795,28.83917959059991,25.69959678621751,38.62858468068738,38.6868762691079,38.13272711460605,284.10399644019435,-0.17370657125721772,-17.89727495138228,34.23236923947363,1.6243403430855345,1.3541290942703945,0.04874269360339102,4.8742693603391025,0.04811700582284675,-0.022583312241491838,-2.2583312241491837
359,11.978633333333333,1288.9868173258003,1074.8964218455744,14098.0,1316.9333333333334,1036.6666666666667,-0.9395568904013344,detected,1288.4204068396257,1074.0118745850248,48.5926891640147,21.836015842952747,53.27345519190805,27.957320657205795,25.470358886651905,37.8199809643616,38.53483711985054,37.46274927499841,283.27494125241867,6.593978828964408,-18.370101196723454,33.058892028723726,1.6257670748764994,1.3552200310221134,0.047722373456607695,4.77223734566077,0.04727160791797907,-0.023179938418578492,-2.317993841857849
360,12.012,1290.420202020202,1075.7171717171718,13838.0,1310.16,1032.96,-1.1382782955274595,detected,1289.3927486127536,1074.7898104418055,39.14364292430355,14.557343895304257,41.762914681228025,26.969439502473307,25.2893565654246,36.971640788187266,39.03394067606513,36.77829738085146,283.39820057323305,7.645932197777164,-18.351772973817035,32.09539922306982,1.6269940045586797,1.3562016535543286,0.04665191266648236,4.665191266648236,0.04640794622189459,-0.023156811323428436,-2.3156811323428435
361,12.045366666666666,1290.721044045677,1069.6769983686786,14590.0,1279.6666666666667,1014.1666666666666,-1.7673656920297818,detected,1290.2783802421452,1075.5429826235072,25.14510766209696,4.919579649943444,25.621840356824194,26.46525768114564,25.035593872580606,36.43063030860479,39.58047183241349,36.124467943374654,283.8696472784127,9.326822881779957,-17.96155965531812,31.695002751706497,1.6281115208102779,1.3571520285470124,0.045969249600763144,4.596924960076314,0.04558292484968411,-0.022664428587152202,-2.2664428587152203
362,12.078733333333334,1292.2290076335878,1072.073282442748,14646.0,1301.3076923076924,1027.1538461538462,-1.3713723741997998,detected,1290.9918022194847,1076.3012048851742,15.796968599756383,18.845220142021844,24.59037492888132,25.842671095077097,25.06490501273311,36.001293207684455,39.43380433178731,35.54966022720138,284.11145889709974,10.880391690204185,-18.007853040656638,31.173872738108432,1.6290117378163846,1.358108775880346,0.045427499315690165,4.542749931569016,0.044857615428645276,-0.022722842953509955,-2.2722842953509956
363,12.1121,1294.1526946107783,1072.0538922155688,14658.0,1288.095238095238,1018.8571428571428,-1.6841768961882488,detected,1291.8116080071147,1077.1105837796108,23.27672207583828,36.58731620160006,43.36401154680784,25.80800337665412,25.143720358321513,36.03137121657823,39.090219730061946,35.101588603647485,286.17640089153167,7.302336707257956,-16.958248134924737,31.79115493248372,1.6300461930689145,1.359130074169856,0.045465452639215434,4.546545263921543,0.044292225367378535,-0.021398420359526483,-2.139842035952648
364,12.145466666666668,1292.2774566473988,1077.6300578034682,13928.0,1301.4,1028.2,-1.3882952788333462,detected,1292.5623368216084,1078.0213959848525,25.701888769879133,46.195489386377176,52.864074057776946,25.957106867488854,25.20293446412281,36.17954259706867,38.652302993515825,34.82314967127977,286.3124610762502,7.137306658187694,-16.897656878548133,31.991068981013452,1.6309934849484018,1.3602793640187414,0.04565241968084375,4.565241968084375,0.04394088286596817,-0.02132196451551815,-2.132196451551815
365,12.178833333333332,1294.5801526717555,1079.6335877862596,14086.0,1312.8181818181818,1035.4545454545455,-1.1792865973183897,detected,1293.4214681417407,1078.8214905792217,27.76544730675778,40.083249539581175,48.76050612736375,26.592496469538833,25.842835393645053,37.08116785735677,38.83832849001522,34.74885233678766,287.3768476645596,3.6006525043194917,-16.721409848353503,33.09694037745567,1.6320775623239632,1.361288947103119,0.04679011717016627,4.6790117170166265,0.04384713228616739,-0.021099570786565935,-2.1099570786565938
366,12.2122,1295.3655913978494,1080.645161290323,14180.0,1302.48,1029.52,-1.4325275724545272,detected,1294.2725393072874,1079.7383896620797,21.761417929403706,30.711529034655086,37.639836954278046,26.552351823084873,26.319234059744474,37.38622030679876,39.05262409301766,34.90222307872456,285.6989523283296,5.032183553316786,-18.152828785913826,32.6833944977842,1.6331514691574605,1.3624459175546748,0.047175041396591504,4.71750413965915,0.0440406600362455,-0.02290577764784079,-2.290577764784079
367,12.245566666666669,1293.3094736842106,1080.8968421052632,14144.0,1310.571428571429,1035.142857142857,-1.21003032933828,detected,1295.1462460534574,1080.6115697772648,12.303056822672715,23.956488779706888,26.930996302293305,25.95696016422355,26.586351841723243,37.15639763511782,39.408763896425256,35.294189760716115,284.760205790471,6.829923303309738,-19.09585372546354,31.873911835773924,1.6342539382378012,1.3635477221164225,0.04688504433453353,4.688504433453352,0.044535255218569235,-0.02409571448008018,-2.409571448008018
368,12.278933333333333,1295.5152671755725,1082.12213740458,14108.0,1307.5454545454545,1032.7272727272727,-1.3318961029470229,detected,1295.9944984849667,1081.5376259818986,7.350200434394537,24.544418967263937,25.621357279940487,25.49616625560874,27.004692345580317,37.13903475338429,40.732533917536806,35.92215072973109,283.5238151819416,11.092609284052182,-20.293661900593122,31.10426319779173,1.6353242883091064,1.3647162472957712,0.04686313533550068,4.686313533550068,0.04532763499019696,-0.025607144354060724,-2.5607144354060725
369,12.3123,1296.5578747628083,1082.8918406072107,14146.0,1312.64,1036.8,-1.2350886070703175,detected,1296.698940810005,1082.428694239465,5.216806670084225,21.913025562603252,22.525446968713826,24.765742151746757,27.677142431367514,37.13981956731898,42.4223751322301,36.769413858268614,283.8472777412169,10.574268946533785,-20.945463328749124,30.67007928644848,1.6362131745236659,1.3658406236460126,0.04686412563699556,4.686412563699556,0.04639673672967649,-0.02642960672397366,-2.642960672397366
370,12.345666666666666,1293.1796322489392,1088.4922206506365,14708.0,1313.2307692307693,1036.6153846153843,-1.2019693697678675,detected,1297.2186110147325,1083.2978582956093,9.167785515929154,21.415683406738026,23.295488555591934,24.93279249314948,28.57524223605002,37.923457257420345,43.5760066206259,37.80494232686208,287.3198280334859,13.26718826023613,-19.85695518870667,32.30928567748107,1.6368689097977698,1.3669373606253747,0.04785294291157142,4.7852942911571414,0.047703397257870137,-0.02505609487533965,-2.505609487533965
371,12.379033333333334,1295.9957081545065,1083.7424892703862,13990.0,1324.1052631578948,1045.2631578947369,-0.939885631794851,detected,1297.8303966726016,1084.1521759870168,20.136830373851808,23.759204293183757,31.144690175863403,25.364023094453366,29.281481695188187,38.73937064281768,43.57246893784184,38.98368764530435,288.5122539429324,11.634248738458695,-19.713067233717773,33.34867040888628,1.6376408790821473,1.3680153640214723,0.04888248661554282,4.888248661554282,0.0491907730540118,-0.02487453278702558,-2.4874532787025583
372,12.4124,1297.3258426966293,1085.2696629213483,14082.0,1315.2380952380952,1040.0,-1.1940205370073111,detected,1298.5209475870158,1085.2180004597224,39.856235110907164,28.699218654091965,49.11379265105974,26.57492569308494,30.116993155472805,40.16540740886095,43.17134249001711,40.24796933876028,290.90883446175155,16.636870088383144,-18.64965911447282,35.573166393136034,1.6385122367028593,1.369360252946022,0.05068190209319994,5.068190209319994,0.05078608118455556,-0.023532692888924695,-2.3532692888924696
373,12.445766666666668,1299.252302025783,1086.0920810313075,14016.0,1316.3333333333333,1041.5555555555557,-1.2045695717630671,detected,1299.3939540983367,1086.2639560597927,46.23253543190913,31.339138010624538,55.85328015176642,27.648930362470296,30.789939634625934,41.38216684627136,43.07612254238809,41.53023137718479,292.519502658237,20.912421534693753,-17.85270082792964,37.33315960431264,1.6396138222061032,1.3706800707379088,0.05221724523188816,5.221724523188816,0.05240407744755179,-0.022527067290762957,-2.2527067290762957
374,12.479133333333332,1301.0167597765362,1087.3556797020483,13918.0,1320.375,1044.0,-1.1508581734041536,detected,1300.346869200866,1087.2336360422937,46.07269937459523,21.435387633628125,50.8150516153012,28.334730881701123,31.50322204614257,42.37109832689012,43.33982429510386,42.757147725939554,291.30368669510574,17.527021546056172,-19.056214729679233,37.844030620473646,1.640816238739263,1.371903641693746,0.05346510829891498,5.346510829891498,0.05395223687815717,-0.024045696819784523,-2.4045696819784523
375,12.5125,1301.863377609108,1087.9278937381405,13940.0,1301.0,1029.5,-1.5855720566982316,detected,1301.3868411512815,1088.2367319464447,41.55140834279928,30.72723912618858,51.678648972162804,29.271365359654023,31.591898984159133,43.068096213365045,43.117925449483664,43.854690875187906,293.6345459508812,7.311160941013789,-17.207074198758704,39.48135647317707,1.6421285061845825,1.3731693778504035,0.054344600900145174,5.434460090014517,0.05533714936932228,-0.02171239646531067,-2.171239646531067
376,12.545866666666669,1303.7067669172932,1090.834586466165,13952.0,1320.4615384615386,1043.3846153846157,-1.2313589890979664,detected,1302.4869068524883,1089.2691971913314,31.832601637168864,30.442513726883135,44.04612547094414,29.698692853668238,31.367740750768974,43.19661464772416,42.18069344672058,44.75360387770903,292.873250523538,-2.423593482132903,-17.357501494112068,39.55584228538023,1.64351660170661,1.3744721731120901,0.05450676927157623,5.450676927157623,0.056471424451367866,-0.02190221008720766,-2.190221008720766
377,12.579233333333333,1304.8394584139264,1090.9323017408124,14032.0,1309.3333333333333,1035.0,-1.490623648623626,detected,1303.631468351668,1090.3831781706467,18.37513463520554,33.726154116653106,38.40701816546252,29.43024484583333,31.18253983782474,42.87761773260294,40.69510556567709,45.394755135663516,291.4548409364123,-1.4249840904191335,-18.25714609713308,38.79647817535974,1.6449608433459535,1.3758778273446648,0.054104249504861764,5.410424950486177,0.057280448120711064,-0.023037408324458147,-2.303740832445815
378,12.6126,1305.9087947882736,1084.941368078176,14602.0,1330.5,1050.625,-0.9490142397385792,detected,1304.7818356372325,1091.5461410785501,8.192681040720345,33.735006687835266,34.71556853723224,30.01467665558678,31.35003348822968,43.40167524937889,39.56518673807225,45.73400678549662,291.4680134748946,-0.10763201232356073,-18.190208049884035,39.405859279483835,1.6464124108987161,1.3773452884271926,0.05476552081940554,5.476552081940554,0.057708525912298574,-0.022952943911525598,-2.29529439115256
379,12.645966666666666,1304.36261682243,1092.052336448598,13816.0,1330.2222222222222,1051.3333333333333,-1.0049851218788972,detected,1306.0876031199125,1092.7802988572666,11.468307066505986,30.588673680994816,32.66785919729139,29.924653235994043,31.227965005218543,43.25125049824158,39.470840065552665,45.74636306583799,290.1285792902533,-0.8207882320003623,-19.02273244518286,38.843356188422106,1.6480600670282808,1.378902585308854,0.054575710407875816,5.457571040787582,0.05772411743323406,-0.024003447880356923,-2.4003447880356923
380,12.679333333333334,1305.312,1092.996,13918.0,1337.157894736842,1058.1052631578948,-0.8309912947199829,detected,1307.3116643682208,1093.954320308487,39.70387082738716,45.6686838034575,60.51467622831693,29.685451446188377,30.91300206897795,42.85836819666193,39.97640379674679,45.42919138076587,289.91638451730415,0.22565768377423037,-18.95181640281693,38.44045238436408,1.6496046238084807,1.3803840003892582,0.05407995986960496,5.407995986960496,0.057323900795919085,-0.023913963915226412,-2.3913963915226413
381,12.7127,1306.5164835164835,1095.003663003663,14140.0,1325.8947368421052,1050.1052631578948,-1.1633467762599596,detected,1308.4062564096137,1095.0742724987667,56.80429016089147,50.47161625100853,75.98757416625313,29.571290590822198,30.95381707449505,42.80887780225208,41.04482266370449,44.80420778599244,288.48829727879433,3.581828968440523,-19.978862287095488,37.86086476034883,1.6509858125042445,1.381797189272892,0.0540175114224001,5.40175114224001,0.056535277963397405,-0.025209920866997464,-2.520992086699746
382,12.746066666666668,1310.386454183267,1097.075697211155,14016.0,1313.2631578947369,1042.421052631579,-1.5182106473992498,detected,1309.464364746657,1096.2217437308334,63.77545559662576,42.86566770937043,76.84252862007696,29.69792206000091,30.712547119529077,42.72267694388055,42.508058016679634,43.91777531200148,288.33805053870833,4.505237316152305,-19.80921739670361,37.852635725683854,1.652320964980009,1.3832451024994745,0.053908740623193126,5.3908740623193125,0.05541675118233626,-0.02499585791382159,-2.499585791382159
383,12.779433333333332,1311.30223880597,1098.4328358208954,14020.0,1323.2,1050.2,-1.3289509534714945,detected,1310.4599010992326,1097.3248620491117,51.72096316377201,32.85604018099775,61.274606542707396,29.165478480420074,30.536752009361706,42.2269861376952,43.47307090604312,42.83903649129079,288.79853223322016,3.533077628189537,-19.509519871536348,37.44992647062516,1.6535771622703253,1.384637049904242,0.053283263265230536,5.328326326523054,0.05405556655052466,-0.024617690689635773,-2.4617690689635774
384,12.8128,1313.9455128205127,1093.099358974359,14632.0,1325.8947368421052,1051.7894736842104,-1.2892232732800093,detected,1311.2413161659824,1098.2970884939978,26.972955215932416,33.802590725339996,43.24529399628979,28.898278927112518,30.32797271413924,41.89148426469,44.33074626120022,41.65560993634565,289.18019388940206,13.311177751228001,-19.150221291238058,37.25809279063251,1.6545631749728487,1.385863834061827,0.052859917053236595,5.285991705323659,0.05256228383135098,-0.02416431708673572,-2.416431708673572
385,12.846166666666669,1313.558994197292,1099.806576402321,13964.0,1332.8,1056.9333333333334,-1.1489505871780077,detected,1312.071541088833,1099.3542632122937,22.466616023341885,32.34541472463616,39.382415990502565,28.397546898197902,29.88399251684171,41.224673177382506,44.38319242288178,40.466996533567055,289.32276140016313,18.54482847486337,-18.80417008301273,36.686194488814586,1.6556107773991586,1.3871978084697714,0.05201851505032493,5.201851505032494,0.05106245619377547,-0.023727659410741616,-2.3727659410741615
386,12.879533333333333,1313.758064516129,1102.0282258064517,13814.0,1341.157894736842,1063.578947368421,-0.9516488646104898,detected,1312.9047896229415,1100.2809693023867,12.51449450787095,29.684237820244107,32.21438417471833,28.274995999734355,29.86267496309166,41.124867838526306,43.823284832006884,39.37630177538534,290.2412906665576,20.876623535657824,-18.23604777143172,36.86056587213923,1.6566621951078127,1.3883671536938633,0.05189257771422878,5.189257771422878,0.04968618520553356,-0.023010785831459588,-2.3010785831459586
387,12.9129,1314.950884086444,1102.0314341846758,14024.0,1303.8333333333333,1038.3333333333333,-1.743590816570864,detected,1313.818184762691,1101.2220007503493,8.168132623495694,17.20214504468413,19.042903788376538,28.171818270314994,29.907397209769957,41.0865397973425,43.62168045157719,38.48121259947021,292.4489184290106,18.868178375166497,-16.883345571913292,37.457394394404496,1.657814744180052,1.3895545750793052,0.05184421425532178,5.184421425532178,0.04855673514128734,-0.021303906084433177,-2.1303906084433177
388,12.946266666666666,1317.3257575757575,1102.2727272727273,14044.0,1325.6153846153843,1052.6153846153843,-1.4053850408462012,detected,1314.7365937580344,1102.1327531803945,16.06454683795937,11.800985327799935,19.93321147773082,27.910162047993992,29.81519909559119,40.84021599667448,42.83696725937154,37.86528476936434,291.9628188465245,13.645969524227985,-17.212877800220152,37.035659579514906,1.658973619883955,1.390703789502075,0.05153339557939998,5.153339557939998,0.04777953914115374,-0.0217197196217289,-2.17197196217289
389,12.979633333333334,1314.3253012048192,1102.55421686747,14032.0,1338.6923076923076,1062.3846153846157,-1.0255357155945433,detected,1315.7082848219948,1102.9582742282435,7.545359591321358,13.795781299817008,15.724377031689551,27.86202763009299,29.410750198503514,40.51277342886858,42.48642354789119,37.59051304025544,293.7449607026285,6.71065988164241,-15.701942605803234,37.346135132070906,1.6601997284820125,1.391745456439424,0.05112021883768906,5.1120218837689055,0.047432824025558915,-0.019813176789657078,-1.9813176789657079
390,13.013,1316.750957854406,1103.735632183908,14168.0,1334.074074074074,1058.962962962963,-1.2016227286620529,detected,1316.7303592668761,1103.9122433286473,11.830549994329886,16.75715360363438,20.51253543724265,27.66959208175378,29.448660518179466,40.408290390532905,42.82699253852946,37.691936328044775,293.56035962209614,-2.5387796729428924,-15.933855748891204,37.13411064316958,1.661489412324134,1.3929492029383563,0.0509883790416819,5.09883790416819,0.04756080293759594,-0.02010581167052518,-2.010581167052518
391,13.046366666666668,1315.3096646942802,1103.6015779092702,14182.0,1339.0,1061.6,-1.0572420238838232,detected,1317.6988019936487,1104.7526735758665,23.935732795500826,25.919908604795182,35.28117014128853,27.073870246161867,29.433652501619402,39.991678505560316,44.52087993431769,38.174745977315546,294.66906902419623,-1.5365378974936235,-15.447351116285107,36.88785292182645,1.6627114220740047,1.394009682745573,0.05046268581143258,5.046268581143258,0.0481700264697988,-0.01949192569878247,-1.9491925698782469
392,13.079733333333332,1316.4324324324325,1104.5446985446986,13916.0,1336.4,1059.2,-1.155995713402756,detected,1318.4605528632173,1105.5426591418602,29.76279632503747,26.076194976518764,39.570089582146345,26.399981588349668,29.728222481279648,39.758348051216394,46.6277038002469,39.014062979274165,295.7561737773419,-1.6199236619238024,-15.302856914580053,36.69535134064738,1.6636726219094227,1.3950065099581834,0.05016826252519419,5.01682625251942,0.049229101551134594,-0.019309598630384926,-1.9309598630384925
393,13.1131,1318.4778420038535,1106.4739884393064,13928.0,1348.6666666666667,1070.4166666666667,-0.8737537621612826,detected,1319.0188930840316,1106.2219976497138,41.141288810123115,32.34215015580321,52.331828953883154,26.536848571532225,30.66480134076431,40.55285900373699,47.11948105282727,40.157247508952544,297.3570448689478,3.0331875400780097,-15.040669024928476,37.660491880212206,1.6643771521565067,1.3958637194318155,0.05117080000471545,5.117080000471545,0.050671605689530025,-0.018978762176565904,-1.8978762176565904
394,13.146466666666669,1320.1322957198445,1106.6498054474707,14024.0,1341.7692307692307,1064.7692307692307,-1.0939301258554757,detected,1319.678119226153,1107.064581538011,46.75295152531453,36.162409536617815,59.10633079309252,26.243690938320057,31.68018630922488,41.13837039374873,45.821981924028776,41.52832851205354,297.5032502244006,5.273846113357376,-15.980530191770459,37.90762685058476,1.6652089832506665,1.3969269167672065,0.051909615638799665,5.190961563879966,0.05240167635590352,-0.02016470686658733,-2.016470686658733
395,13.179833333333333,1320.3234714003945,1107.9447731755424,13840.0,1336.5,1061.2,-1.237635213715086,detected,1320.5335376509088,1108.082504424916,38.42987273130166,27.78269565406663,47.420810789678995,26.72847031595623,32.82762352902501,42.33277680467406,43.730822993610644,43.033951094173986,295.8655595872226,4.079067318343498,-17.878369196994008,38.3722283279239,1.666288375584743,1.3982113620503671,0.05341675306583478,5.341675306583478,0.05430151557624478,-0.02255945639999244,-2.255945639999244
396,13.2132,1323.3095684803002,1109.8424015009382,13784.0,1353.7333333333331,1075.4666666666667,-0.846310379212793,detected,1321.4623980165898,1109.2638978310727,36.5720500736179,37.78667654389301,52.586574054790916,27.037079424132788,33.76710324948308,43.25761118749064,42.888412724155,44.57018832620272,295.8814379926187,-0.2645828358640333,-18.578272523601274,39.064929485241834,1.6674604391376529,1.3997020792821107,0.05458373651418377,5.458373651418377,0.05623998526965643,-0.023442615171736625,-2.3442615171736625
397,13.246566666666666,1323.3005893909626,1109.5127701375245,13736.0,1353.578947368421,1075.0526315789473,-0.8499035064311844,detected,1322.442597659855,1110.4726890917568,32.50215993112897,38.552365022306276,50.42494669309854,28.186135529087146,34.23814271079256,44.34758902520707,42.767926259455926,46.02964476210912,295.87894266126625,-5.009370207170269,-18.50224680892324,40.30354221864818,1.6686972841133818,1.4012273679391254,0.05595910287092375,5.595910287092376,0.058081570677740224,-0.023346683670565603,-2.3346683670565604
398,13.279933333333334,1324.7451737451738,1112.1698841698842,13888.0,1350.571428571429,1072.571428571429,-0.9928735703170336,detected,1323.4443892224774,1111.7136264362855,18.540818219994435,37.525038384825166,41.85559037989405,29.12886833097271,34.95624977700515,45.50198203062717,42.74132012176655,47.308424485221096,296.5676344280898,-10.082158957955084,-18.23711484810653,41.68738431147353,1.669961374413221,1.4027932194779629,0.05741575019637498,5.741575019637498,0.059695172852014006,-0.02301213230044988,-2.301213230044988
399,13.3133,1325.0281124497992,1113.2128514056226,13880.0,1338.4545454545455,1063.4545454545455,-1.3072401511199223,detected,1324.4876291983915,1113.181891220795,20.278694328690563,41.03802969197295,45.77494210455891,29.76584065520307,35.53038440332375,46.35098149725518,42.35371392390909,48.3126749279073,296.9158998452026,-6.951157457654298,-18.20698154470215,42.625336465414165,1.6712777655500208,1.404645919521508,0.05848704289874471,5.848704289874471,0.06096236583963067,-0.022974109204671484,-2.2974109204671485
400,13.346666666666668,1325.5390334572492,1114.2527881040892,13978.0,1348.952380952381,1073.2380952380952,-1.0520844509672704,detected,1325.6088153597261,1114.6349373766366,13.810087089946592,28.934021846755968,32.06081916702163,30.442397241924443,35.764594014569006,46.966432000547734,42.173393836243434,48.96451194063829,293.7774694608313,-14.457833069213374,-20.45490155363924,42.27815910482623,1.6726925114949227,1.406479416248122,0.059263636593751085,5.926363659375109,0.06178487311121551,-0.02581060132951324,-2.5810601329513236
401,13.380033333333332,1326.2868217054263,1115.3178294573645,13994.0,1330.25,1059.875,-1.4994354543527366,detected,1326.7643120048926,1116.100720396399,13.02298412356231,32.791142052548366,35.282532683935294,30.584514691154045,35.48606810838699,46.847343240428245,42.344367707064706,49.207168120475515,292.3998517376907,-22.728779831384713,-21.153759157259373,41.79942633820664,1.6741505514257322,1.4083289847273175,0.05911336686489369,5.911336686489369,0.06209106387441706,-0.026692440576983438,-2.669244057698344
402,13.4134,1326.419801980198,1115.9445544554455,13810.0,1335.8333333333333,1065.3333333333333,-1.386900801166818,detected,1327.8836540213106,1117.4717413638884,21.092437121197236,41.913149899734435,46.92124293141932,29.891384189700258,35.09545688727964,46.09973907630244,42.62368540360691,49.00917317495234,290.5690558458554,-16.75481699010431,-22.356180261706815,40.31609042317021,1.6755629703738937,1.410058979638976,0.05817001776189583,5.817001776189583,0.061841227981012416,-0.02820969118196444,-2.820969118196444
403,13.446766666666669,1326.760396039604,1117.8376237623763,14068.0,1339.5238095238096,1068.3809523809523,-1.3182344394274783,detected,1329.0478158719402,1118.8246950011066,46.00639185387081,61.82297206621297,77.06275343193792,29.678097568140572,34.71581890942048,45.67250330139293,43.20382757720618,48.36727003567813,289.31807413614774,-18.505138036116907,-22.943327938641453,39.49153404105369,1.6770319443179058,1.411766176657548,0.057630918992293924,5.7630918992293925,0.06103125556552446,-0.028950571531408776,-2.8950571531408777
404,13.480133333333333,1328.8211678832115,1119.985401459854,14114.0,1339.6190476190477,1070.2857142857142,-1.3568586105137537,detected,1330.028390231262,1120.11813124678,52.570384920654305,67.22355744374363,85.33845584552171,28.746530247480024,33.655644981080464,44.261331208649956,43.38721721735886,47.30763854922149,287.66718403986135,-12.817299011887068,-23.34408285201637,37.6047767731708,1.6782692621214663,1.4133982728665995,0.055850260200189225,5.585026020018923,0.05969418113466434,-0.02945625596468943,-2.945625596468943
405,13.5135,1332.7615384615383,1123.6115384615384,14124.0,1347.428571428571,1075.3333333333333,-1.2758547836981349,detected,1330.8694008935695,1121.332216573745,47.188409356178,55.447454076960184,72.80910754282623,28.27118471034412,32.472829504880494,43.055133735472616,43.32843433812005,45.88495446660752,288.0531611638801,-20.151554980030884,-22.112952298234415,36.94268373623446,1.6793304743136526,1.4149302417334322,0.05432824446116419,5.432824446116419,0.05789899617237542,-0.02790277892521693,-2.790277892521693
406,13.546866666666666,1332.189723320158,1124.2727272727273,13962.0,1354.24,1080.4,-1.1050737212761252,detected,1331.801909037968,1122.4912724990465,26.807723438842913,34.3213755691354,43.55009594629077,27.780813678814944,31.68165240649717,42.136690755956856,42.93267556691968,44.178985959247,288.4831972355653,-18.84965796406653,-21.240152150187797,36.39171120598772,1.6805071407419157,1.4163927728694594,0.053169325875024424,5.316932587502443,0.05574635452270915,-0.02680145381727167,-2.6801453817271668
407,13.580233333333334,1332.948717948718,1124.9444444444443,14064.0,1361.6842105263158,1086.2105263157896,-0.9325194088513352,detected,1332.7848569457828,1123.5009506229328,20.149315123721863,14.048962664561714,24.563555359623646,27.284091180825612,30.764542048833164,41.12029522070616,42.0490312480542,42.288848430273035,287.4118172019012,-16.455666451819685,-21.19044274209304,35.23980441818748,1.6817474535593475,1.4176668146661613,0.0518868078494715,5.18868078494715,0.053361322940407616,-0.026738729012104785,-2.6738729012104785
408,13.6136,1333.2,1125.0448979591836,14016.0,1347.6,1075.6,-1.287401669745193,detected,1333.6422741668996,1124.4672428402757,35.096890189536225,19.63166394803102,40.21434980631646,26.773696800292218,29.823301663562404,40.07817563799308,42.03309917614469,40.325549469773605,285.24355574980797,-12.397639199792593,-21.734612861579848,33.672938188210864,1.6828293680339428,1.4188861108394648,0.050571830458035434,5.057183045803543,0.05088397409435155,-0.027425379005148076,-2.7425379005148076
409,13.646966666666668,1335.6179775280898,1125.569288389513,13866.0,1346.875,1074.875,-1.3522848170382358,detected,1334.6445644468945,1125.426197751184,36.71512260350164,16.45310649150815,40.23313237881268,26.666589196867797,29.08848112569771,39.461965404609266,41.80898799080447,38.403811131126844,285.69665153803544,-5.7134775784850955,-20.789210044024987,33.541846391336136,1.684094087630151,1.4200961485819357,0.04979427811307163,4.979427811307163,0.04845906767334618,-0.026232441695930586,-2.6232441695930584
410,13.680333333333332,1336.7104247104246,1127.2355212355212,13944.0,1339.0526315789473,1069.578947368421,-1.5301952371427832,detected,1335.506268898986,1126.1676595778695,34.66627123034414,17.24169534053226,38.71726254826802,26.714311276893884,28.288752108155112,38.908969696400725,41.529891930396005,36.63418444862434,286.16503860958017,4.4793042176291875,-19.73292051941172,33.533860061287456,1.6851814118599193,1.4210317471014127,0.049096491730474104,4.90964917304741,0.046226100250630085,-0.024899584251623624,-2.4899584251623623
411,13.7137,1337.318811881188,1126.5940594059407,13946.0,1352.2105263157896,1080.5263157894738,-1.2581418395654358,detected,1336.508651074137,1126.9440002510705,19.339173190411202,11.547176392498386,22.52422922828196,26.37003391663649,28.02264187113679,38.47917808636962,41.143286404515514,35.11617697650729,286.9099931969013,12.346021363657568,-19.140795906579616,33.38078905995502,1.6864462474121604,1.4220113567836854,0.0485541679323276,4.85541679323276,0.04431063340884201,-0.024152423856882797,-2.4152423856882796
412,13.747066666666669,1338.133072407045,1127.4090019569471,14084.0,1359.8461538461538,1085.076923076923,-1.0968641359470108,detected,1337.478003000005,1127.7109404545226,8.512402275484419,11.781441844150777,14.534901596735327,25.67469618636694,27.68038925460155,37.754390122852016,40.381083269827,33.93264384425466,287.32276236423456,12.999484472641086,-18.78013081318664,32.75210924792636,1.6876694044164102,1.4229791046744766,0.04763960898782589,4.763960898782589,0.04281721620726141,-0.023697325947238664,-2.3697325947238665
413,13.780433333333333,1338.9446366782006,1120.9757785467127,14770.0,1344.3529411764705,1073.4117647058824,-1.4575767893339329,detected,1338.3748594740946,1128.5105941654815,7.530721451659701,23.00639282374641,24.20755824826242,24.852636362836027,26.992999168235695,36.6916276319235,40.83047424322005,33.14526236230722,289.9424033991037,11.592687843335108,-16.8977684290535,32.56901841317627,1.6888010845098986,1.4239881314390934,0.0462985837626795,4.62985837626795,0.041823674905119526,-0.02132210527325363,-2.132210527325363
414,13.8138,1337.7234468937877,1128.7935871743489,14056.0,1364.5925925925926,1089.1851851851852,-0.9747352228293148,detected,1339.1636368972866,1129.2097164660574,10.616347373847475,20.072755785546633,22.70731944524483,24.209800986640293,26.604435295945635,35.97096664295925,41.429389438920516,32.79077376818145,289.9286677405721,6.893464367705062,-16.759390443432892,31.828183630132862,1.6897963872520967,1.4248703046890316,0.04538923235704637,4.538923235704638,0.04137637068540247,-0.021147495827675576,-2.1147495827675575
415,13.847166666666666,1338.78,1129.74,14102.0,1354.0,1081.1818181818182,-1.2670567523081273,detected,1339.8262980562079,1129.7941673442888,28.96143859996573,19.68150445232868,35.01608977722411,23.472873218098325,26.397772231603014,35.32446964788727,42.209893544678486,32.87800337460154,289.84082242794256,4.610351850102558,-16.86389332729373,31.03912462925085,1.690632552752313,1.4256077821379038,0.0445734632780912,4.45734632780912,0.041486439589402575,-0.021279360665354866,-2.1279360665354865
416,13.880533333333334,1339.5807692307692,1129.5923076923077,13960.0,1367.6,1089.6,-0.9596573925953226,detected,1340.3768022673964,1130.4734242051702,34.79064512478408,19.46540221086616,39.865911145105606,22.634064908867,26.13455256550493,34.57333845751586,41.54443827951393,33.38628450027726,289.2453438577762,6.653368332773102,-17.213541330839277,29.983490906654495,1.6913271952900903,1.4264648885869657,0.043625663668789734,4.362566366878974,0.04212780378583882,-0.021720556884339784,-2.1720556884339786
417,13.9139,1342.0361445783133,1130.293172690763,13602.0,1336.0,1067.142857142857,-1.6660905791889842,detected,1340.8192774626636,1131.1651192365243,26.466934541882893,27.407130777102793,38.10051760117609,22.826485275112308,26.489651124425755,34.96784303769264,40.749722778525154,34.26624349163576,288.53185920127976,8.251821656067522,-17.86109949286577,30.06212187478888,1.691885523612194,1.427337689888359,0.044123461246299865,4.412346124629987,0.04323816213455617,-0.02253766497522495,-2.253766497522495
418,13.947266666666668,1341.899613899614,1131.7644787644788,13684.0,1347.5555555555557,1076.111111111111,-1.4695160328000854,detected,1341.5095944067295,1132.1272624369212,24.120893351673658,34.91639210480662,42.43785967387395,23.827539434608244,27.35450980797202,36.277001562177766,40.39514594260193,35.44350083939402,288.9943762361543,6.632101269265502,-18.109794482931047,31.433361037729462,1.6927565860021825,1.428551750709049,0.04577539629296879,4.577539629296879,0.04472366036516596,-0.02285147568824107,-2.285147568824107
419,13.980633333333332,1343.6049382716049,1133.2263374485597,13678.0,1360.5454545454545,1088.090909090909,-1.211739558706655,detected,1342.1039761532734,1133.0834289303114,15.490964778036869,33.61780377668401,37.015222821455616,24.842054063909497,28.52443663688181,37.82553549608634,40.57688522730136,36.82492810575018,290.1104134070447,7.447049313544735,-18.243899842590217,33.13504570842214,1.6935065945151715,1.4297582699436107,0.047729382329446485,4.772938232944648,0.046466786253312534,-0.023020693807684817,-2.3020693807684816
420,14.014,1341.9433962264152,1133.9509433962264,13526.0,1369.0,1095.2307692307693,-0.9608944744232308,detected,1342.8139613890964,1134.0798927970377,30.020411067893292,36.19242007951243,47.02250899194113,25.54321919999658,29.84675341845385,39.28466286887366,41.19119975388534,38.306361793038484,291.03200018994045,17.046360367238858,-18.69117834293744,34.55321387184652,1.694402474938923,1.431015637598786,0.049570552515928915,4.957055251592892,0.04833610320888137,-0.023585083082570905,-2.3585083082570906
421,14.047366666666669,1343.7678916827854,1134.8085106382978,13648.0,1361.529411764706,1089.6470588235295,-1.1960883061775285,detected,1343.5804656163634,1135.126496350569,24.801991340536006,39.90411211599121,46.98379442128551,25.775343346178158,30.900466175973236,40.23937293877523,40.45237620781343,39.78054629272107,290.686503790993,23.82102318942528,-19.802972979199005,35.02926484656723,1.695369672702036,1.4323362729975635,0.05077523399214541,5.077523399214541,0.05019627292456918,-0.02498797852264859,-2.498797852264859
422,14.080733333333333,1346.0421455938697,1137.0114942528735,13868.0,1371.0,1098.142857142857,-0.99998926061998,detected,1344.51326136892,1136.2757745293973,12.304516183580745,41.66879004611246,43.447545182886934,26.24791492984806,31.539861761907417,41.03310758551892,39.38668228018294,41.14443885221113,290.23197198448236,30.804674286018624,-20.516756199253685,35.53559670506682,1.6965467020428013,1.4337864662831512,0.05177679190601757,5.177679190601757,0.0519172729996355,-0.025888651355525157,-2.5888651355525156
423,14.1141,1344.9553398058251,1138.3533980582524,13724.0,1370.5333333333333,1098.1333333333334,-1.0043608084774538,detected,1345.5514223593136,1137.5516285050185,8.782164954479413,30.969320200316815,32.19045223288168,26.539088819676948,32.26230094403932,41.77534317731528,38.6950502577809,42.30550115736424,291.0200900311982,25.506798006819945,-20.595951059063985,36.34537243659918,1.6978566843650647,1.435396376662484,0.05271336678525588,5.2713366785255875,0.053382335845254564,-0.02598858177799872,-2.598858177799872
424,14.147466666666666,1345.064017660044,1139.1302428256072,13970.0,1366.7692307692307,1094.3076923076924,-1.119829854928004,detected,1346.6897775645512,1138.8023176818554,9.48863587483902,24.978328754683844,26.719863737346188,26.281530413783546,32.35314194823362,41.68266587939384,38.92437271435907,43.18696964444416,291.87243091252856,27.705805336139992,-20.233265728811368,36.442551951811645,1.6992930947186766,1.436974533352499,0.05259642382257898,5.259642382257898,0.054494598920434276,-0.025530934673579014,-2.5530934673579013
425,14.180833333333334,1345.7221135029354,1138.9158512720155,13708.0,1349.2,1081.2,-1.5106103288937691,detected,1347.802582343125,1139.9874302855553,27.796527072228855,33.19429920031598,43.295593501847854,26.119896452732466,32.75200999069446,41.89204159660896,39.36764971611,43.73224569467986,293.42570233029767,32.920548965923146,-19.668256467941788,36.98787418389007,1.700697264786278,1.438469943577988,0.052860620311178504,5.286062031117851,0.05518264440969068,-0.02481798923399595,-2.481798923399595
426,14.2142,1347.2417794970986,1140.89748549323,13818.0,1362.0,1093.0,-1.2719058381082038,detected,1348.8289591100845,1141.1693030630427,35.567143346242574,35.50471528426533,50.25541257644704,25.859815273905554,32.63058195619053,41.63514050414849,39.58603970334687,43.90847452887143,294.5159221731311,28.026845122521006,-18.958374814271412,37.06838206884387,1.7019923774259742,1.4399612656946912,0.05253645489482459,5.25364548948246,0.05540501517838667,-0.023922239513276232,-2.3922239513276233
427,14.247566666666668,1348.503846153846,1143.0076923076922,13982.0,1365.8666666666668,1095.2,-1.2224280262527747,detected,1349.8197220577433,1142.418435947676,50.74754515308496,42.87356410269058,66.43384557536855,24.842554875026682,32.32338043162683,40.76706336304331,40.215613985468366,43.70915539803835,297.239104489407,30.607029914422014,-17.36829533659916,36.88218773808105,1.7032425514924208,1.441537458609055,0.05144108941708936,5.144108941708936,0.05515350838869192,-0.021915830077727648,-2.1915830077727647
428,14.280933333333332,1349.606936416185,1145.013487475915,13966.0,1375.7142857142858,1103.428571428571,-1.010180214254215,detected,1350.6715200633714,1143.6640239770175,52.05686725826263,30.682714686101917,60.42637180282389,24.347688440010803,31.87071184455274,40.1067601016381,41.0777338118196,43.15538223422684,298.543675439662,30.621457656813703,-16.362906442978055,36.61703836451956,1.7043173754742857,1.443109178519896,0.05060789918187773,5.060789918187774,0.054454740989560685,-0.020647200558962846,-2.0647200558962844
429,14.3143,1353.0059171597634,1147.1834319526629,13822.0,1380.0,1107.7333333333331,-0.9707131349839764,detected,1351.4207802622718,1144.7291192495823,57.64429835057945,31.040782591910556,65.47056832080254,24.198834976744596,31.43808706566677,39.67287401462316,41.67540547430304,42.29520305396635,300.9000202183066,36.65457891458396,-14.548806177550938,36.908930780885775,1.7052628142110686,1.444453147318085,0.050060408851259515,5.006040885125952,0.05336934139301747,-0.018358115050537464,-1.8358115050537465
430,14.347666666666669,1353.6755646817248,1148.9158110882956,14134.0,1370.857142857143,1100.571428571429,-1.2293192225464125,detected,1352.2054416265678,1145.7437335297425,48.28994846511159,41.91662948438898,63.9446866447454,24.923711983563408,30.8367484625133,39.64967181175575,42.420969712579044,41.2006886244771,300.5811623993586,31.60861508580613,-13.867497125848276,37.14551114528549,1.7062529231880983,1.4457334177031451,0.05003113162366657,5.003113162366657,0.05198825063025502,-0.01749841908624388,-1.7498419086243882
431,14.381033333333331,1356.8046357615897,1141.3344370860927,14786.0,1370.3333333333333,1099.6666666666667,-1.2568537565016051,detected,1353.089824035205,1146.7716815377523,25.800158114655005,40.5874868923338,48.093578063776526,24.729975334211737,30.171543608667182,39.01145631427294,42.56224378584709,39.96259850913489,300.6723044978235,28.380594165502707,-13.335079476308158,36.661551782773344,1.7073688631359056,1.447030512981391,0.04922581238394062,4.922581238394062,0.05042599180963394,-0.01682659870827528,-1.682659870827528
432,14.4144,1356.0865224625625,1141.7171381031617,14592.0,1381.6666666666667,1109.3333333333333,-0.90224097222932,detected,1353.8123322758797,1147.6692834860696,15.391666490636453,36.83498689598264,39.92141852422323,24.893429878983362,30.24979955677716,39.17567133266585,42.598321490657014,38.68294485556487,301.61280449608734,28.203771023129843,-12.712481710552536,37.055715255867405,1.7082805454585235,1.4481631337363656,0.04943302376361622,4.943302376361622,0.04881128688399353,-0.01604098638555525,-1.6040986385555251
433,14.447766666666666,1357.8464646464647,1151.6161616161617,13756.0,1395.1764705882354,1120.5882352941176,-0.6934656661007556,detected,1354.6356532360562,1148.597711901781,0.5795293201863387,21.736036780236645,21.743761154518687,25.042545917344214,29.936573792507055,39.02982906004731,42.212155061523184,37.466175966234076,302.810717074645,36.059618829169395,-11.590960528192875,37.26898429646813,1.709319436260008,1.449334652241995,0.0492489956593657,4.9248995659365695,0.047275931818591896,-0.01462581770118975,-1.462581770118975
434,14.481133333333334,1356.2434077079108,1149.8336713995943,13992.0,1398.2,1123.5,-0.560496102546441,detected,1355.4585860775132,1149.5233585556807,-6.033827547697911,12.177944817201478,13.590784188050465,24.78214108765171,29.350346852541435,38.413505141457264,41.41236157716213,36.410014998491874,304.9676303858176,31.901227355227157,-9.84892254400533,37.12945060157702,1.7103578373217834,1.450502660638083,0.04847129986303756,4.847129986303756,0.04594323659115694,-0.012427662516095055,-1.2427662516095055
435,14.5145,1356.123006833713,1150.3507972665147,13948.0,1378.6923076923076,1108.4615384615386,-1.0766042986217714,detected,1356.4520675192239,1150.4312490931159,-3.685180429623415,21.107172205997358,21.42646198821697,24.458136994368225,29.42215293549614,38.260469790568536,40.94252195243928,35.59708668881728,307.1210217395582,33.47576353655845,-8.699623305307881,37.25828905009933,1.711611441664636,1.451648263839894,0.048278195319329385,4.8278195319329384,0.04491745954424894,-0.010977442656539913,-1.0977442656539913
436,14.547866666666668,1355.098121085595,1150.688935281837,13752.0,1386.1052631578948,1114.6315789473683,-0.8605601447786344,detected,1357.1580877126312,1151.4058273146434,5.384827113651681,27.73946847767911,28.257290642736283,24.327535084610567,29.37408026419951,38.14007806311614,41.65670643114985,35.088307537303656,310.0044024868477,31.211157783755873,-6.8615300635242065,37.517795242363945,1.712502318880292,1.4528780155389822,0.04812628146765444,4.812628146765444,0.044275466924042474,-0.008658082099084172,-0.8658082099084172
437,14.581233333333332,1356.0443548387098,1152.9274193548388,13884.0,1389.3684210526317,1117.7894736842104,-0.8118866517839977,detected,1357.8953415605329,1152.3723366280392,8.353788708275715,24.216441137114998,25.616826640508584,23.404521621005706,29.20036681988649,37.42236035746612,42.584004594698236,34.91867559840574,312.5981298205593,24.875439173453945,-5.653554170334218,36.99284228019182,1.7134326076473603,1.4540975856505227,0.04722064398418438,4.722064398418438,0.04406142031344573,-0.007133822296951695,-0.7133822296951695
438,14.6146,1357.181102362205,1153.1732283464569,14050.0,1381.5555555555557,1112.111111111111,-1.0350963515774938,detected,1358.4230840512375,1153.1628653273167,23.369837724811532,18.275662627686415,29.667307929184243,23.102849722754417,29.085375441707463,37.14432298342848,42.774363650658835,35.09571888788398,312.11839964714545,17.076210565745757,-6.080113357547599,36.64332069363562,1.7140985287712778,1.455095098204816,0.04686980818098231,4.686980818098231,0.044284818785973484,-0.007672067328135772,-0.7672067328135772
439,14.647966666666669,1356.4752066115702,1153.1487603305786,13866.0,1380.5333333333333,1111.0666666666666,-1.0514493145015518,detected,1359.0138365580706,1154.0621077123924,33.49136688261615,18.88055290762304,38.44667649828201,22.714848420167556,28.93451795844021,36.7854681666346,43.059287140657105,35.600541917163916,312.89687958915476,7.154571301495282,-5.735283204191964,36.33561881688822,1.7148439578019818,1.4562297889115363,0.04641699453203105,4.641699453203104,0.0449218194538346,-0.007236950415384182,-0.7236950415384181
440,14.681333333333331,1358.7815631262524,1153.627254509018,13808.0,1387.6666666666667,1117.0,-0.9030310429751516,detected,1359.5030390888012,1155.0783635109005,48.53886832822309,29.052361151573677,56.56908543600512,22.990429492828746,28.832011950967694,36.87607302039459,42.398895148273404,36.391132952381604,312.58685396446896,0.596092087484729,-5.669851203466649,36.43758428787537,1.715461248061579,1.4575121306131238,0.04653132242321085,4.653132242321085,0.045919410665465746,-0.007154386376614069,-0.7154386376614069
441,14.7147,1360.8316008316008,1155.8503118503118,13238.0,1392.5,1121.5,-0.82599936274909,detected,1360.0592541484305,1155.9178789718542,44.16374643852805,32.4568602386812,54.807702707191474,23.131475103638707,29.018593889975776,37.10988994623396,42.398889313805554,37.40732660367206,312.9841822592714,-4.704099125859012,-5.457361780193729,36.70641816115647,1.7161630967172625,1.4585714561159044,0.046826359553607526,4.682635955360753,0.047201673947851186,-0.0068862609213801,-0.68862609213801
442,14.748066666666666,1363.100806451613,1156.6693548387098,13692.0,1396.0,1126.111111111111,-0.7485248058861265,detected,1360.8195535642046,1156.8034482192575,36.68267619932067,43.28702055314034,56.73962355807625,23.958933444950738,29.71584761162932,38.17148269450841,42.34073151307309,38.57662095812212,313.4996793647914,-11.305973454772273,-5.06308453041386,37.83420761870188,1.7171224650652426,1.45968889365206,0.04816590876278665,4.8165908762786644,0.04867712423737807,-0.006388750196105818,-0.6388750196105818
443,14.781433333333334,1361.683569979716,1157.0425963488844,13588.0,1394.952380952381,1124.7619047619048,-0.7703249056094637,detected,1361.6657548411322,1157.6384155659412,26.6720751104408,37.44081710124374,45.96971150557486,24.59813344768762,30.286990518675044,39.017559685205335,41.712909175670404,39.82004468470716,312.3955055046242,-21.87947463428395,-5.7820366937427075,38.586759587464364,1.7181902269288736,1.4607424802093896,0.04923351379836636,4.923351379836636,0.050246113166822925,-0.007295945354880389,-0.7295945354880389
444,14.8148,1364.475471698113,1160.2528301886791,13254.0,1397.12,1126.72,-0.7988204057161591,detected,1362.6347857111557,1158.5676921987429,18.22629800784125,33.24926309052444,37.91716544170395,26.00394876046449,31.350507794888568,40.73155644134203,41.298818027300975,41.05748993944241,310.24565160191986,-32.54063567421393,-7.128994213076922,40.10283196538802,1.7194129788153385,1.4619150690204958,0.05139628573040004,5.139628573040004,0.05180755828320809,-0.008995576294103372,-0.8995576294103371
445,14.848166666666668,1364.5940594059407,1160.3049504950495,13566.0,1406.923076923077,1135.5384615384614,-0.5293877119536365,detected,1363.7059188093742,1159.6834764241335,12.933273461957015,35.05886320900299,37.368348263595294,26.981716431205637,32.318385761629415,42.10096293211692,41.1153440866676,42.212267797142836,307.7995413178213,-32.033128692952324,-8.999579430833581,41.127833031653886,1.720764566320977,1.4633229986424399,0.05312424344746615,5.312424344746615,0.05326469122667866,-0.011355936190326286,-1.1355936190326286
446,14.881533333333334,1364.6863157894736,1160.5852631578948,13560.0,1390.8333333333333,1120.1666666666667,-0.9965994883692054,detected,1364.7794188176267,1160.9073708884168,13.080213267034651,23.6074530115352,26.988957312259245,27.841791553697384,33.055913749562116,43.21873194273549,41.2165529614161,43.214945524731895,305.752401111716,-24.890645518986688,-10.559005858297702,41.90902272807682,1.7221191404638825,1.4648673449696112,0.054534677530265606,5.453467753026561,0.05452989971575003,-0.013323666698167449,-1.332366669816745
447,14.9149,1363.7358490566037,1162.7253668763103,13740.0,1397.0588235294117,1126.235294117647,-0.8307325018656364,detected,1365.8914359262333,1162.0747608632696,15.315746878596656,27.75637691372458,31.701554564815684,28.426462742300117,33.74815112085256,44.12483980838093,41.65612376338498,44.00667642781274,305.5757064416458,-19.352751987659587,-10.911079448955025,42.7545299748912,1.723522316626162,1.4663403922564917,0.05567803130395071,5.56780313039507,0.05552892924645141,-0.013767923594895932,-1.3767923594895932
448,14.948266666666669,1367.0867924528302,1162.9811320754716,13768.0,1390.7058823529412,1121.4117647058824,-1.054098802707139,detected,1367.0431674633517,1163.311870618129,33.8224495140812,36.88563893596256,50.04506420064589,28.390225766785544,33.97317863169514,44.273940251914794,41.57662438631671,44.54220591334586,304.47947849078355,-26.278669205037662,-11.933056703776288,42.6354775173749,1.7249756056319896,1.4679014140291848,0.055866170664876716,5.586617066487672,0.056204676231351246,-0.015057484799717713,-1.5057484799717713
449,14.981633333333331,1365.9489981785064,1163.7377049180327,13602.0,1384.5,1117.4,-1.1899938110142565,detected,1368.0942283144302,1164.5358201956751,39.28731998399235,30.76926734402514,49.9023178260559,27.595937098137806,33.86551105660067,43.68533602307667,41.019927125047865,44.79257839767735,303.69043610081604,-29.016816463609846,-12.870068170741838,41.74649600540839,1.7263018653809845,1.4694458298999056,0.055123452395049434,5.512345239504944,0.056520603656375214,-0.01623983365393292,-1.623983365393292
450,15.015,1369.2224532224532,1166.2328482328485,13756.0,1400.2608695652175,1129.8260869565215,-0.8648263897426641,detected,1369.130268919371,1165.8706742514566,39.773455636275685,26.968758130587503,48.05456990086291,26.57378683898514,33.91178468406934,43.08335278761972,41.021537651946474,44.74737220628597,302.25286950958565,-26.674695378425273,-14.497949529496386,40.57073756863036,1.7276091721380078,1.471130188329914,0.054363852097942866,5.436385209794286,0.05646356114357851,-0.018293942623970206,-1.8293942623970205
451,15.048366666666666,1367.855072463768,1169.2132505175982,14098.0,1386.8666666666668,1119.8,-1.2035079437676195,detected,1370.0681769550933,1167.1741111260337,47.064956153534695,32.82045314425841,57.37849982640366,25.8506612306052,33.623041827144554,42.41185716010827,42.08474787319061,44.41615159784173,300.19482406455415,-28.406787137896323,-16.0596957138756,39.25368519447763,1.7287926523092663,1.4727749036290647,0.053516539003291196,5.3516539003291195,0.05604561715815992,-0.020264600269874575,-2.0264600269874573
452,15.081733333333334,1372.0856031128403,1171.070038910506,13914.0,1397.2307692307693,1128.3076923076924,-1.0392313357668332,detected,1370.8164991228625,1168.405796737891,32.46531488519304,37.926424495707124,49.92404576577613,24.76025192754964,32.865880287159015,41.14895092910138,42.99315581556844,43.828793957745155,296.6087598761582,-22.863854910902308,-18.29490328877612,36.85827825902781,1.7297369074105522,1.4743290810572758,0.05192296647205222,5.192296647205222,0.05530447187097181,-0.023085051468487217,-2.308505146848722
453,15.1151,1372.3694267515923,1172.7855626326964,13756.0,1392.3636363636365,1125.0,-1.1745161891023377,detected,1371.4354648208905,1169.4220859974687,27.56223202232104,53.77408434772224,60.426225941127626,24.881800171064572,32.5764286436969,40.991800191387846,42.99605478964707,43.034407089425066,294.8191199549297,-19.471606360027618,-19.123326979852823,36.25777224475185,1.7305179366825119,1.4756114649810332,0.051724669011214953,5.172466901121496,0.05430209096457422,-0.0241303810471329,-2.4130381047132903
454,15.148466666666668,1373.3309222423147,1164.520795660036,14514.0,1384.9411764705883,1120.470588235294,-1.3130884875842082,detected,1372.2600097006468,1170.5181054198051,21.118344491966127,60.43296769952349,64.01662330249077,24.670240464228332,32.469537921538645,40.77856860412201,42.571776688522334,42.09865633026248,293.60517525905414,-14.588285390305884,-19.873951287191346,35.607832251281884,1.731558371862015,1.4769944547883977,0.051455607071447335,5.145560707144734,0.05312133290884856,-0.025077541056392868,-2.507754105639287
455,15.181833333333334,1375.3357271095151,1165.9174147217236,14534.0,1387.2380952380952,1120.952380952381,-1.3120283613287669,detected,1373.1645348151685,1171.581059677798,22.717824754002322,42.56616979997625,48.24912820967826,24.933295120037158,32.31439672364621,40.81530890678234,41.64146475490088,41.0994603884925,293.30136529174155,-9.273132022374089,-19.815937728089654,35.68218117089451,1.732699728473399,1.4783357219909126,0.05150196707480422,5.150196707480422,0.051860517840369096,-0.025004337827242467,-2.500433782724247
456,15.2152,1375.1280991735537,1174.5289256198348,13886.0,1389.6,1123.4666666666667,-1.294622066890064,detected,1373.946786078848,1172.6118401386145,24.930755497300197,28.334839108470533,37.74129935454098,24.44872283581591,31.754792179856963,40.07626323259756,41.710253848184166,40.121200204806414,293.8095994007381,-6.594358898143037,-19.182291950764743,35.18730666311472,1.733686796314004,1.4796363913421005,0.05056941732819882,5.056941732819882,0.05062612013224784,-0.024204784795917658,-2.420478479591766
457,15.248566666666669,1373.0652631578948,1174.5852631578948,13644.0,1400.4444444444443,1134.0,-0.9773153643823372,detected,1374.7596293020717,1173.722157868349,24.666014841936885,25.300583975376412,35.33457000838873,24.944859253063765,31.988560707807192,40.56493583517946,42.1699829438023,39.24781710015699,294.12634981455346,-2.1723728641699607,-18.998024611455293,35.841164604052224,1.7347124659963051,1.4810374231777277,0.051186038908743806,5.118603890874381,0.049524059432374756,-0.02397227080309816,-2.397227080309816
458,15.281933333333331,1376.3259557344063,1174.897384305835,13798.0,1409.2631578947369,1141.578947368421,-0.7911520973265429,detected,1375.5568520707889,1174.787937597699,13.075990704049218,20.4510322213755,24.27398302323128,25.25640864916526,31.88622446751013,40.67698967040299,42.78141393610784,38.555416405974384,295.95946528202296,7.096293305394948,-17.613412078476987,36.665858828068274,1.7357184253259166,1.4823822556437845,0.05132743176076087,5.132743176076087,0.04865036770469954,-0.022225125651075064,-2.222512565107506
459,15.3153,1376.8471074380166,1176.8223140495868,13776.0,1401.3333333333333,1134.6666666666667,-1.0445746357619847,detected,1376.3788197403178,1175.727775738923,8.680242147232093,22.996357593598987,24.580054237272588,25.025302247301518,31.88811106907583,40.53538429721014,43.36129636221913,38.10517927087549,297.09022274566104,6.415407692822898,-16.9933360324284,36.801411801879034,1.736755608505133,1.483568171279398,0.051148749901842455,5.114874990184245,0.04808224513675141,-0.02144269530905792,-2.1442695309057918
460,15.348666666666666,1378.0,1170.1935483870968,14616.0,1390.0,1124.842105263158,-1.3121242185562592,detected,1377.0641527147563,1176.7250356086236,-0.25363306345207093,19.437322832787686,19.438977561509905,24.173935135851938,32.2747434482909,40.32416402859919,43.68197893261488,37.93746793531078,298.85421096272626,8.870773102731917,-16.601929185042813,36.747981603622755,1.737620381974456,1.48482654335473,0.0508822259035952,5.08822259035952,0.04787062200039215,-0.020948806542640776,-2.0948806542640774
461,15.382033333333334,1376.514177693762,1177.4593572778829,14052.0,1390.6363636363635,1126.2727272727273,-1.301597312400933,detected,1377.9007925874669,1177.7330425073255,6.910444926983473,12.564923805375656,14.339859111015263,23.80273921950511,32.168536690771255,40.017310594007476,43.3367934691473,38.06794982643809,299.5806005451028,9.766579291828068,-16.22559653490541,36.58025648165591,1.7386760789747218,1.4860984763499376,0.050495029140703446,5.049502914070344,0.0480352679197957,-0.020473938845306513,-2.0473938845306514
462,15.4154,1376.4501061571125,1177.8216560509554,13852.0,1400.0,1134.7368421052631,-1.0705719716671518,detected,1378.501449679385,1178.7033755312361,20.768061914136524,15.0656517284051,25.657089812973794,23.2259184438326,31.96634792772176,39.51317106226384,43.62126298164893,38.48632418216509,300.70907325603895,3.234422118488719,-15.622761525622183,36.29352572717707,1.7394340059045867,1.4873228713327902,0.049858890930301374,4.985889093030138,0.04856318508790548,-0.01971326375472831,-1.971326375472831
463,15.448766666666668,1375.3223819301847,1178.4188911704312,13820.0,1398.16,1132.72,-1.107355790473639,detected,1379.1651363211222,1179.8115782320567,46.708325645107834,31.338805188609967,56.24756346028764,23.706737345722523,31.857289724531306,39.71015366593037,44.08079210425465,39.157806837362,301.51938512577965,8.963838001034443,-14.763597100954618,36.86370172422308,1.7402714653894287,1.4887212343622167,0.05010744942073233,5.010744942073233,0.049410481813706,-0.0186291446068828,-1.8629144606882801
464,15.482133333333334,1379.172,1178.856,13714.0,1416.0,1151.625,-0.6366891358216117,detected,1379.8119540533082,1180.677920546841,45.29797829198287,41.0883989647391,61.15687505772777,23.89651120622482,32.32635749183115,40.19995816563615,44.19197117331863,40.027010363056206,301.8530395596713,6.412690139905978,-14.846953651073873,37.35779174150636,1.7410876391839853,1.4898144107846576,0.05072549926263237,5.072549926263237,0.05050726859691635,-0.018734326373594793,-1.8734326373594794
465,15.5155,1382.9457364341083,1182.1705426356589,13642.0,1411.428571428571,1146.3809523809523,-0.8985963100214456,detected,1380.6622758337571,1181.554449237319,34.155083664106314,45.185136440119095,56.641559787970884,24.43047914578193,32.10034433552524,40.3395639261479,44.537717413998195,41.02344394426648,302.11328681386317,9.631642184764264,-14.201828048011564,37.75696621613666,1.7421606004211447,1.4909204406780052,0.050901657950975274,5.090165795097527,0.051764598036929316,-0.0179202877577433,-1.7920287757743298
466,15.548866666666669,1381.534450651769,1182.8007448789572,13514.0,1411.0,1146.6,-0.8876077597897968,detected,1381.5384364622382,1182.456176224776,21.46749551405901,38.63745530889264,44.200750179072976,24.719769344627803,32.889735484229845,41.143671404897844,43.574010641397656,42.06772691484221,302.28264539690485,9.170446482794889,-14.60302279737556,38.46496356235812,1.7432661658829505,1.492058266529686,0.051916304611858484,5.191630461185849,0.053082305255321406,-0.018426527189117428,-1.8426527189117428
467,15.582233333333331,1382.5169811320754,1183.9849056603773,13484.0,1410.1538461538462,1145.3846153846157,-0.9494287731404876,detected,1382.411717240269,1183.494339621102,18.179619997445116,28.116437125752327,33.48182521753989,25.100530868831527,33.74626341887575,42.05766213941659,42.371722571568434,43.077777864126816,302.876011303957,0.1382840892488447,-14.716562941980598,39.39885429562692,1.7443680974640619,1.493368251887826,0.05306960522323861,5.306960522323861,0.054356817494166335,-0.018569795510385616,-1.8569795510385616
468,15.6156,1385.261992619926,1184.3948339483395,13666.0,1406.2105263157896,1142.3157894736842,-1.108880073026688,detected,1383.3169141571725,1184.7015769174109,36.18315863027328,31.065440737049357,47.689438837657185,25.097920694410753,34.44817016047125,42.62138020510027,41.335432283764895,43.97455066301412,302.8280354344721,-9.409613484231633,-15.340776164395676,39.76484172308024,1.7455103017756122,1.4948915797065123,0.053780921394448296,5.3780921394448296,0.05548839200380331,-0.019357446264221673,-1.9357446264221672
469,15.648966666666666,1382.9678714859438,1186.0642570281125,13658.0,1409.1,1145.7,-0.9962456603735408,detected,1384.3124467730204,1186.0233835912102,30.184086426092108,39.119149357447895,49.41039283215742,25.29911972183053,35.29932008294893,43.42910840689682,40.588005582817786,44.687142693500924,300.88981630431385,-11.918167855248706,-17.30404626951666,39.83286883618129,1.7467664943508145,1.4965594745630413,0.054800136791037006,5.480013679103701,0.056387561758360794,-0.021834758699705567,-2.1834758699705565
470,15.682333333333334,1386.198501872659,1186.943820224719,13858.0,1411.5555555555557,1147.5555555555557,-0.9988119284815852,detected,1385.3219088761746,1187.333780150696,23.171164968076482,47.28164327117656,52.65412307123356,24.9903874996442,35.90381148959934,43.74474993485571,40.50154170412787,45.15720653070801,300.23632877849997,-10.415793952317825,-18.434946476839357,39.670592323018404,1.748040263566151,1.4982129717989856,0.05519842263073276,5.519842263073276,0.05698070224695018,-0.023261762115885626,-2.3261762115885625
471,15.7157,1385.9373776908024,1189.2367906066536,13922.0,1406.4444444444443,1142.2222222222222,-1.159489847558011,detected,1386.3605441441755,1188.6972771401618,8.300360208718303,40.64718572055472,41.48601796504144,24.706401420461372,35.92784106196471,43.602936076860395,40.918707849374854,45.34259499650145,301.1335138581338,-9.236921843714287,-17.97891554080859,39.723728809104074,1.7493508443459629,1.4999334727320655,0.055019477699508386,5.501947769950839,0.05721463091041192,-0.022686328758118095,-2.2686328758118095
472,15.749066666666668,1386.4959016393443,1190.6967213114754,13366.0,1407.0,1144.2727272727273,-1.1548909524715103,detected,1387.2643336099302,1190.0822281503451,16.10501697235304,36.306984309672316,39.718618824709544,24.929989038712556,36.4377667356133,44.14991730625659,41.220862169379046,45.22014830551852,300.60404110138944,-8.967659892657228,-18.670298550142732,40.00793858970784,1.7504912726939184,1.5016810449846627,0.05570967483439318,5.570967483439318,0.057060124044818326,-0.02355873634087411,-2.355873634087411
473,15.782433333333334,1386.4980694980695,1190.969111969112,13714.0,1411.7,1148.2,-1.0383147239553596,detected,1388.1390724196867,1191.4835970074434,35.28681863930615,21.681283974054168,41.415427613956396,24.58617206272743,36.31958327876588,43.858773195807125,41.47181903226964,44.78752869077789,298.13943218447224,-8.440638616370661,-20.4313965696952,38.80914866952246,1.7515950440626964,1.5034493337633357,0.055342300562532656,5.534230056253266,0.056514231786470526,-0.025780942043779433,-2.578094204377943
474,15.8158,1388.605009633911,1192.134874759152,13868.0,1400.0,1139.2941176470588,-1.3584011188161575,detected,1388.9765806906,1192.8710133090399,42.87748776161243,37.57823284314736,57.01405563859689,23.769548785102522,35.901460387838355,43.05701229099501,41.966587730344735,44.063997950273546,296.2627799291343,-11.378806267699758,-21.67774118938788,37.201906461266354,1.7526518368335648,1.5052000167937414,0.05433061487822715,5.433061487822715,0.05560125924324738,-0.027353616642760734,-2.7353616642760734
475,15.849166666666669,1390.7698412698412,1195.2698412698412,14040.0,1418.25,1156.75,-0.951131784298306,detected,1389.6933415866583,1194.2103192090142,38.77846529973158,45.18379597397825,59.54279796600575,22.64246552947923,35.04254107002272,41.72122876783334,42.7365215475479,43.089991743454085,294.8563150710827,-9.426252831874638,-22.27873990728904,35.27490153127647,1.7535562669863198,1.5068899926927626,0.05264508361871715,5.264508361871715,0.054372229329279605,-0.028111974646421505,-2.8111974646421505
476,15.882533333333331,1391.5134099616855,1196.3831417624522,13856.0,1413.4666666666667,1151.7333333333331,-1.1138297493578957,detected,1390.3034443495844,1195.3842886448276,22.221284130802815,55.90345852028986,60.15797655300283,22.110221386560596,34.367164167594424,40.86519133302948,42.442266072257304,41.92529847570837,294.2703386417624,-12.94527768278766,-22.24142303768176,34.2824002068698,1.7543261127439553,1.5083713421385838,0.05156491019940629,5.156491019940629,0.05290258482739226,-0.02806488711379402,-2.806488711379402
477,15.9159,1391.4036363636365,1190.378181818182,14340.0,1416.888888888889,1156.888888888889,-0.9202941879329004,detected,1390.889580189035,1196.4399718207542,15.53592096250668,56.46955685997273,58.567701782765454,21.700078792377898,33.53432524441395,39.94301427275548,41.87310498716802,40.645669376879674,294.3605213183773,-2.5653420090099956,-21.597920178748453,33.600211802099665,1.7550657163268584,1.5097034344741378,0.05040127983943909,5.040127983943909,0.05128791088565259,-0.02725289612460373,-2.7252896124603727
478,15.949266666666666,1391.940476190476,1199.3373015873017,13786.0,1418.3636363636365,1158.5454545454545,-0.9960002889118148,detected,1391.711064265737,1197.599634336104,14.698570498543631,33.227689694024775,36.333556626114344,21.865008756925253,33.23733342241739,39.784405751165394,40.67685573937575,39.33782512795696,294.53513027521404,1.9093527689721899,-21.15676051948163,33.6925870970851,1.7561022892943055,1.511166731023475,0.05020114290367873,5.020114290367873,0.049637634230860525,-0.026696227784834867,-2.6696227784834865
479,15.982633333333334,1393.1482176360223,1200.078799249531,13944.0,1404.0,1146.2857142857142,-1.3717360143358786,detected,1392.3680473435916,1198.7042068776886,16.063286645744483,29.920112543344203,33.959421556760006,21.559141618792843,32.78781353005727,39.24076073958012,40.239210053655746,38.09307793595231,294.45132293873985,10.512950726116529,-20.923421099697297,33.197104586179115,1.7569312900234595,1.5125605134103328,0.04951515550735662,4.951515550735662,0.04806697531350449,-0.026401793185737914,-2.6401793185737916
480,16.016000000000002,1391.610337972167,1200.0039761431412,13822.0,1401.0,1142.0,-1.4103088941911706,detected,1393.1050670366521,1199.8219397049606,9.37909584386125,20.27786383187913,22.341871014589785,20.807491062853867,32.110978147853274,38.26312326434754,40.81440868474075,37.000086842031024,294.831375048467,17.761845217467705,-20.40415531105821,32.36876655025441,1.757861283327006,1.5139709018359127,0.048281543551227185,4.828154355122718,0.046687806740733154,-0.025746568215846324,-2.5746568215846324
481,16.049366666666668,1393.5894308943089,1201.0040650406504,13816.0,1420.0,1160.4761904761904,-0.99325201171051,detected,1393.6469743053106,1200.7861343651857,3.0534193761332062,18.809405482015336,19.055631830863398,20.63516396491988,31.518717352650594,37.67279569417971,41.277664777163984,36.13750598398513,296.78137008301843,12.671417336403037,-18.83983681846102,32.62361237001761,1.7585450779877736,1.5151875512494457,0.04753665071820784,4.753665071820784,0.045599376635943385,-0.023772664755155864,-2.3772664755155866
482,16.082733333333334,1393.284615384615,1202.2576923076922,13624.0,1417.6190476190477,1158.952380952381,-1.0588420991344332,detected,1394.3866260936334,1201.6462401928836,18.88107751987627,27.27546612024571,33.172973041140715,20.334419994360026,31.62206406172632,37.59579194578766,41.531810748508654,35.56737634350947,299.2057266197709,7.40190424604673,-17.67993851636931,33.179260782729216,1.7594783925471715,1.5162728582875504,0.04743948510509484,4.743948510509484,0.04487997014953877,-0.022309070683115852,-2.230907068311585
483,16.1161,1397.440707964602,1195.058407079646,14650.0,1410.0,1151.8823529411766,-1.2877222077412718,detected,1395.0699843382297,1202.4786340215749,25.268196903687567,23.787095637989296,34.703136654405974,20.41644857408629,31.71614384050675,37.719294167442,41.08041210412122,35.330000705869,299.5860713263151,11.841093703161048,-17.50061095748563,33.413676370683284,1.760340674243823,1.5173231975035646,0.047595323870589276,4.759532387058927,0.04458044253106498,-0.022082789851716886,-2.2082789851716886
484,16.149466666666665,1396.2982107355865,1204.0675944333996,13926.0,1418.2,1159.7333333333331,-1.1119481842102357,detected,1395.7341279719296,1203.4682453184485,25.435682576049658,19.637066165033502,32.133912237377196,19.976812787280686,31.740937077489896,37.5041349146362,41.45475724346995,35.440756882569,298.674333850936,18.932090180658772,-18.262781971564966,32.75715082778592,1.7611787103746748,1.5185719183829003,0.04732382954528227,4.7323829545282265,0.044720197959077605,-0.02304451983793687,-2.3044519837936868
485,16.182833333333335,1392.1019108280254,1202.1273885350315,13706.0,1424.857142857143,1167.6190476190477,-0.8114555375886825,detected,1396.2864546604092,1204.4772794917953,18.626751478351252,17.725611730696983,25.71289913377492,19.874529657018083,31.921121240506878,37.602591803475875,42.29927566060012,35.88896638226256,299.5547912593811,18.39473325297233,-17.964461423997328,33.033816553413,1.7618756525683397,1.5198451476237167,0.04744806536716199,4.744806536716199,0.04528576199654582,-0.022668090124917765,-2.2668090124917764
486,16.2162,1396.1737451737451,1204.5637065637063,13842.0,1422.0,1164.3636363636365,-0.9997519220388046,detected,1396.734509722954,1205.3548133663921,17.113349707302405,20.50629251322698,26.70907656289255,19.78819524278737,32.342781697304126,37.91606781941059,43.12249214514911,36.638696553832624,301.6583391187885,15.121488829003734,-17.144057173572875,33.818774408831075,1.7624410217324342,1.520952445888192,0.04784361869957173,4.7843618699571735,0.04623179375877934,-0.021632879714287543,-2.1632879714287543
487,16.249566666666666,1396.7592267135326,1204.8365553602812,13742.0,1425.1,1167.9,-0.9163258463054454,detected,1397.253796196548,1206.231572622784,29.456631789378662,33.89402540261335,44.90543524305307,20.187582070570944,32.94381519375744,38.6372026598262,42.92218595561469,37.631294644859025,301.79714901196985,8.666420443616788,-17.36246196805252,34.51634893473541,1.7630962728032151,1.5220587667164467,0.04875356802501729,4.875356802501729,0.04748428346354452,-0.02190846936031864,-2.190846936031864
488,16.282933333333332,1398.92277992278,1207.1042471042472,13538.0,1417.2222222222222,1158.7777777777778,-1.20881819735375,detected,1397.9520504120671,1207.1290075710012,29.468852084730315,39.01197129076763,48.891176578022666,20.762107844977553,32.83611930674872,38.8493996516486,41.901458017781835,38.78945670625141,303.66595705142953,5.593915325852652,-15.819490198711538,35.482665953200076,1.7639773506776875,1.523191176745743,0.04902132448157553,4.902132448157553,0.048945686695585376,-0.019961501828027178,-1.9961501828027177
489,16.316300000000002,1399.8380414312617,1208.45197740113,13540.0,1430.7,1173.3,-0.8502934729678336,detected,1398.7365129951115,1208.1809059539564,25.871996884427972,39.1517903626368,46.927847930495496,21.171481101067506,33.955616940900086,40.015191288434444,40.459496220564795,40.02261379871493,303.82843354596287,4.672301356564458,-16.42088140377755,36.490686315456884,1.7649672088266393,1.5245184933172953,0.05049235493808763,5.049235493808763,0.05050172088165922,-0.02072035508363098,-2.072035508363098
490,16.349666666666668,1399.5507246376812,1209.2644927536232,13592.0,1426.952380952381,1170.3809523809523,-0.9569156497005992,detected,1399.5170901696338,1209.2981074339611,7.354744062585269,25.703803896667523,26.735328593164397,21.338201071845155,34.41260710627884,40.491312066091496,39.25341648292711,41.23334873244363,306.0107022022806,-0.33544251555892135,-15.291101059748751,37.49304710495211,1.765952164251904,1.5259282112731372,0.05109313825374322,5.109313825374322,0.05202946212295727,-0.019294764744162463,-1.9294764744162463
491,16.383033333333334,1400.7615658362988,1210.288256227758,13424.0,1435.8947368421052,1179.8947368421052,-0.7131922926869393,detected,1400.3214711261962,1210.6243132549046,17.71347121335657,28.15021250873224,33.25960803607278,21.281784599591603,35.185740137572274,41.12117051802124,38.840525036053506,42.32448381230915,306.0806564020917,2.084992034411963,-15.90337565776156,37.92140961858216,1.7669671559952005,1.5276016571039805,0.05188791232557885,5.188791232557885,0.05340628872215666,-0.020067350987711747,-2.0067350987711747
492,16.4164,1399.6880341880342,1210.474358974359,13624.0,1434.888888888889,1179.7777777777778,-0.7171515278339395,detected,1401.1014107902288,1211.9989611586225,17.096536059339087,44.704132828953334,47.86179099466489,21.73508907959707,35.83008783134731,41.90715083729843,38.77160829996728,43.20642104387464,305.2494954376189,-4.599165565768534,-16.716374946007953,38.42879259051162,1.767951306990825,1.529336228591322,0.05287968559911475,5.287968559911475,0.05451914327302794,-0.021093217597486377,-2.109321759748638
493,16.449766666666665,1402.724584103512,1212.543438077634,13748.0,1416.4,1162.6,-1.303529277144085,detected,1401.8656537318375,1213.4471466882762,19.434592265985884,55.99401069645364,59.27084114823817,22.009872027934357,35.608678490194,41.86182569482669,38.863005272950176,43.804242187052544,302.72334198049754,-6.780352469299979,-18.05908234329284,37.76614880315732,1.7689156513966404,1.5311635920356799,0.0528224929903176,5.2822492990317595,0.05527349171867829,-0.022787485606678662,-2.278748560667866
494,16.483133333333335,1401.421487603306,1215.595041322314,13736.0,1408.571428571429,1155.142857142857,-1.453068929587549,detected,1402.6124008856086,1214.8745515975697,20.76448456748676,51.75388462460023,55.7640421157741,22.324446739521147,35.33065356494894,41.79277453761781,39.14462257599384,44.06398840349212,300.69716756337357,3.2466265702841417,-18.983395175425763,37.232602798700185,1.76985791909856,1.5329647338770598,0.052735362192577684,5.273536219257768,0.055601247196835485,-0.02395381094690948,-2.395381094690948
495,16.5165,1403.1371769383695,1217.0695825049702,13424.0,1433.8333333333333,1180.25,-0.8758469763261941,detected,1403.4011759217028,1216.294051866684,18.07396744313064,37.21207933687447,41.36915696154789,21.809023214488693,35.130501309803314,41.34955399817753,39.2874833607824,43.957504728358664,301.12100715675126,0.6004371438829825,-18.802503323123258,36.827319813314375,1.7708532188286472,1.534755901409065,0.05217609337309467,5.217609337309467,0.05546688293799201,-0.023725556243688654,-2.3725556243688652
496,16.549866666666667,1402.945945945946,1216.8455598455598,13570.0,1445.3846153846157,1192.3076923076924,-0.5242328171030343,detected,1404.096389162586,1217.5710956811536,36.39511171072354,35.50456190496243,50.844646448759526,21.295657502430306,34.8254812906305,40.82057294532833,39.31581242781445,43.48531240011428,301.1990771958795,-10.571003648602405,-18.757330207256885,36.255782146863126,1.7717304595111498,1.536367313162339,0.05150860939473607,5.150860939473607,0.05487105665629563,-0.023668555466570203,-2.3668555466570202
497,16.583233333333332,1404.977695167286,1218.1263940520446,13844.0,1432.25,1179.375,-0.9575405628601908,detected,1404.8919829626789,1218.9125790146015,38.3359928905038,47.23169151648972,60.831579252963714,21.378178726066913,34.614238749915444,40.68380574479,40.04849098900749,42.67713795294904,298.9001336894886,-6.175537669933901,-19.971758287290733,35.44433552478931,1.7727343633598474,1.5380600366114847,0.05133603248553944,5.133603248553944,0.05385127817406819,-0.02520095682938894,-2.520095682938894
498,16.616600000000002,1406.573146292585,1220.9899799599198,13766.0,1423.2727272727273,1172.3636363636365,-1.2399894821871686,detected,1405.6341310089633,1220.1789742056822,36.11302053877989,50.391803808814075,61.9958397276813,21.334083621630477,33.987960251290566,40.12884954765124,40.87196332932965,41.5899105115381,297.9004246150003,4.4758690553899045,-20.054279728477393,34.758458403531215,1.7736708277715627,1.5396580116160028,0.05063577229987539,5.063577229987539,0.052479382348943976,-0.025305084830886303,-2.53050848308863
499,16.649966666666668,1407.719298245614,1222.877192982456,13876.0,1430.0,1177.909090909091,-1.1107729202320846,detected,1406.1893401444242,1221.342363318252,18.795594524014632,48.49114724447054,52.00640090023623,21.744001923411993,33.242655589524425,39.72248444255575,41.58129892027429,40.303221847307675,298.8241709734691,1.1647001815352847,-18.640712285295304,35.077052552714925,1.774371407122302,1.541126010496217,0.05012300876032272,5.012300876032272,0.05085580043824313,-0.02352140351456821,-2.352140351456821
500,16.683333333333334,1405.9760956175298,1222.7490039840638,13744.0,1419.7777777777778,1169.3333333333333,-1.317943810643931,detected,1406.858819652203,1222.3514663572525,8.575201988545814,32.92627041382866,34.024599520184346,21.52966137322418,32.43138640596342,38.92712605701338,41.533215516141915,38.91249193608263,299.76403802372135,-0.07582540418154547,-17.46499474613742,34.7892957901709,1.7752161762172909,1.5423993266337572,0.04911940196468566,4.911940196468565,0.0491009361969497,-0.02203784826011031,-2.203784826011031
501,16.7167,1407.6,1225.2727272727273,13704.0,1433.2857142857142,1181.857142857143,-1.0365581999057072,detected,1407.5962890038352,1223.4185698969409,4.110543957000118,23.755925836718234,24.108931622576875,21.83208917830498,31.701994135541433,38.49229208633028,41.07877958302889,37.52044853270803,298.7452498061408,-2.3490281460409337,-17.295847790703178,34.387646026737464,1.7761467369133568,1.5437458295229538,0.04857071556634736,4.857071556634736,0.047344414552312974,-0.02182441361602925,-2.182441361602925
502,16.750066666666665,1408.063424947146,1225.2854122621563,13714.0,1412.6666666666667,1162.5333333333333,-1.497571478872542,detected,1408.3769682063353,1224.3986194602921,16.46490997920864,23.159430475383488,28.41570834182329,22.176865908881997,31.31596859195587,38.37321032169317,40.49939087719962,36.22795154287777,299.7275062575495,-2.809165355087789,-16.197618242505694,34.78707279526326,1.7771318210805493,1.544982485123397,0.04842045466459707,4.842045466459707,0.04571350352413599,-0.020438635006316333,-2.0438635006316335
503,16.783433333333335,1408.1733615221988,1225.6363636363635,13584.0,1436.0,1182.7692307692307,-0.9950280821108016,detected,1409.1113470830355,1225.3435741817332,25.310514350966514,5.997003746449536,26.011270454274463,22.240698362468144,30.741520297256137,37.9432435861367,40.879293284531144,35.12549011425496,299.35813784999766,0.37008967975465257,-15.889573605375347,34.45593104933116,1.7780584821237042,1.546174857011651,0.04787790988786966,4.787790988786966,0.044322385002214464,-0.02004993514873861,-2.004993514873861
504,16.8168,1410.0602150537634,1226.5591397849462,13738.0,1430.6666666666667,1178.952380952381,-1.1622978616009565,detected,1409.921514781197,1226.2887065997543,31.319371437806694,7.634730406341532,32.23650315460437,22.237792009987988,29.842741568511947,37.217047408472325,41.00934713658138,34.28663446301401,300.56356060760913,5.977057666665714,-14.388776675733245,34.32304945048373,1.7790807757491445,1.5473674531227184,0.04696157401699978,4.6961574016999785,0.043263892066894655,-0.018156185079789586,-1.8156185079789586
505,16.850166666666667,1413.1764705882354,1222.3529411764705,14272.0,1442.375,1191.125,-0.8189703585443646,detected,1410.5912799132357,1227.0342679801472,21.592346797173377,11.842702751803245,24.626795339162005,21.765558145280846,29.028035288356506,36.28176338158982,40.83647150390434,33.76421271811387,302.8371035628228,8.480548077827814,-12.58738210660568,34.02828479045006,1.7799259052532943,1.5483082245806274,0.04578140489790514,4.578140489790513,0.042604684817809296,-0.015883131995716948,-1.5883131995716948
506,16.883533333333332,1413.4811881188118,1220.3049504950495,14458.0,1452.9,1201.2,-0.4513051776025719,detected,1411.4058029286402,1227.7681972785124,11.405901561845894,23.47147177092711,26.096064406955062,21.861552779149573,28.556164370204648,35.96362069444187,40.20714655653465,33.58912554634677,303.06198238699295,0.5949344156036996,-12.005893216943745,33.90045046186012,1.7809536945471802,1.549234318332508,0.045379963021377756,4.537996302137776,0.04238375463261423,-0.015149392071853307,-1.5149392071853307
507,16.916900000000002,1410.8242424242424,1227.612121212121,13956.0,1432.0,1182.1818181818182,-1.134622058884529,detected,1412.0738596863362,1228.6006729850064,11.32537775315268,34.95559411098611,36.7444926608548,21.424634821341915,28.68678417125304,35.80428135455187,39.88513992120917,33.77092141038042,302.59668954771433,-13.307979502091797,-12.626218597458475,33.50410672208863,1.781796668373926,1.5502847608643615,0.04517890391741561,4.5178903917415605,0.04261315004464406,-0.015932137031493345,-1.5932137031493345
508,16.950266666666668,1411.9630996309963,1229.4870848708488,13902.0,1420.2105263157896,1170.9473684210527,-1.43083151977705,detected,1412.857385168561,1229.4837387968664,15.617937494877879,31.78120012381578,35.41136333020716,20.80998856871827,28.905752385010555,35.61738543427533,40.88140956924486,34.29901366112909,302.923715608642,-14.675211415925414,-12.952657736552908,33.178710082422505,1.7827853440612758,1.5513990394913142,0.044943073103186536,4.4943073103186535,0.04327951250615658,-0.01634404761710146,-1.634404761710146
509,16.983633333333334,1412.713692946058,1230.0041493775934,13878.0,1451.0,1200.8333333333333,-0.6510816194089959,detected,1413.4577934017668,1230.1918777720584,41.05858879921652,29.316943939392786,50.450876267203206,20.33845858946508,29.336921611471777,35.6974490325713,41.73131032785351,35.143856500144196,303.26284597926553,-1.6874858665596033,-13.375202089408807,33.09700645829619,1.7835429569738384,1.5522925902486542,0.04504409972564202,4.504409972564202,0.044345560252547885,-0.0168772266112414,-1.68772266112414
510,17.017,1413.6239669421489,1230.6652892561983,13712.0,1454.4444444444443,1206.0,-0.5435299512282505,detected,1414.0258055369936,1230.8748431025865,34.629682030543336,30.73187352216428,46.29970764182899,20.745210655243064,30.211206886519623,36.648066615723415,42.14826710559737,36.25812688359243,303.11251166293556,3.0112615561427214,-13.972095184979688,33.880102461656875,1.7842596915293296,1.5531543761546833,0.046243617180723555,4.624361718072356,0.04575157966383903,-0.017630404018901816,-1.7630404018901817
511,17.050366666666665,1416.84375,1231.9140625,13740.0,1434.571428571429,1186.571428571429,-1.198097269029207,detected,1414.7300831253024,1231.7615402520364,30.49741491041368,32.327086133052035,44.44246633650846,21.16733007852971,31.53435850995148,37.97988453494268,41.35855922480095,37.57843356163434,303.0155439444227,-1.9994269845885206,-14.908908063364725,34.931305295475525,1.7851483698741988,1.554273236911087,0.047924144523586974,4.792414452358697,0.04741758178124207,-0.018812502288157385,-1.8812502288157384
512,17.083733333333335,1415.6754563894524,1233.659229208925,13428.0,1435.625,1186.0,-1.174369887428605,detected,1415.4973241183177,1232.8026141016753,22.58162386380718,37.41728313374142,43.703350139743705,21.75441065185201,33.15502271717105,39.654885123847485,40.39387006979699,39.02805245674607,302.79941747604835,-3.499207167846409,-16.084830488912893,36.246215558710105,1.7861164973101802,1.555586894765521,0.05003770993545424,5.003770993545424,0.04924675388863858,-0.020296316074338037,-2.029631607433804
513,17.1171,1416.7759336099584,1233.9004149377593,13410.0,1444.470588235294,1195.6470588235295,-0.9441572109190236,detected,1416.1744599703295,1234.0698181829875,13.292969003064172,35.097275686594,37.530278250196965,22.558302770707083,33.47726225552694,40.3683553296418,40.07833227630686,40.52084094848641,302.22964057720975,-12.166074866181775,-16.288340224056846,36.93635180639245,1.786970927407356,1.5571858904517195,0.05093798779765527,5.093798779765527,0.05113039867316897,-0.02055311069281621,-2.055311069281621
514,17.150466666666667,1417.4252427184465,1235.914563106796,13520.0,1436.3333333333333,1187.8333333333333,-1.196119776843548,detected,1416.9001279008576,1235.4648838308824,19.279286025007423,26.093405930236713,32.44313028476381,22.91242266901037,34.217617229369566,41.18038903918987,40.591210051078804,41.96612663029493,301.49920950854585,-12.498097333120487,-17.204123016591353,37.414470364406085,1.7878865967203252,1.5589462256541105,0.05196263601159605,5.196263601159605,0.05295410300352673,-0.021708672576140512,-2.1708672576140513
515,17.183833333333332,1418.186567164179,1236.641791044776,13342.0,1448.6153846153843,1199.8461538461538,-0.879826372244111,detected,1417.6704783317668,1236.832692242737,16.243056456054546,32.38804325753881,36.23288877645254,22.95565894231012,34.79242207008019,41.683029052340544,41.535735188878725,43.27418283323318,296.6631330213759,-8.446134713018155,-20.79139123840956,36.12745439896993,1.7888586477372455,1.5606721668678072,0.0525968820849723,5.25968820849723,0.05460464710818068,-0.02623519399168399,-2.6235193991683987
516,17.217200000000002,1416.021505376344,1236.2666666666669,13318.0,1443.4444444444443,1195.0,-0.9842743951692602,detected,1418.3404400257837,1238.090345309818,15.115033777171448,33.23530563327904,36.51095433732873,23.122637884350876,35.79459796586166,42.6134911297876,42.59358742963829,44.361887186681,296.46469936993594,-10.051076093428945,-21.739130677632765,36.65132772014258,1.7897040252691279,1.5622591108010324,0.05377096672528404,5.3770966725284035,0.0559771447150549,-0.02743107971941043,-2.743107971941043
517,17.250566666666668,1419.1051546391752,1238.940206185567,13606.0,1437.8333333333333,1191.0,-1.1983700884634394,detected,1419.1420736698747,1239.4617890917364,16.98634272311483,40.08973769408249,43.539900177738744,23.37439644905833,36.484230130276224,43.3296833309073,42.87465180647773,45.15821003440276,294.56743836611673,-9.365726260140612,-23.463172820319848,36.427201083263455,1.7907155503720817,1.563989639232475,0.054674679281901964,5.467467928190197,0.056981968497669094,-0.02960652721806921,-2.960652721806921
518,17.283933333333334,1419.4876404494382,1240.3101123595509,13420.0,1436.125,1188.75,-1.2586652274047916,detected,1420.00229338058,1240.7153104977344,11.350655104285579,42.03207668767163,43.53771746399613,23.417922573974565,36.72855611974921,43.55899370190081,42.734524459984115,45.60921408745877,295.3076705134931,-9.76480257361642,-23.192877371855857,36.87107771053473,1.7918010011111423,1.5655713697132296,0.05496402990776128,5.496402990776128,0.05755105878543693,-0.029265460406127267,-2.9265460406127266
519,17.3173,1420.369918699187,1241.4959349593496,13492.0,1426.4615384615386,1179.6923076923076,-1.4725495448149606,detected,1420.9731199262174,1242.0098323649243,14.424693773716172,45.48122903658077,47.71387623263702,23.14913695388076,36.65893948583091,43.35620354615174,42.3806148853697,45.682243696744074,297.4675853600139,-2.6391104965291703,-21.848984203160743,37.44839482842186,1.7930260188343439,1.5672048357917026,0.054708143275901254,5.4708143275901255,0.057643209711979906,-0.02756969615540788,-2.756969615540788
520,17.350666666666665,1419.4478527607362,1242.3762781186094,13530.0,1434.2,1187.4,-1.3086355231227786,detected,1421.7812056102218,1243.3359827572665,30.852577636825117,58.6567398548691,66.27589816243994,22.39922485016848,36.28822890878476,42.64458736140809,41.92493368921731,45.368959251822616,295.7870113758253,2.946149242735538,-22.930285794555687,35.95501111951941,1.7940456853125828,1.5688782116810935,0.05381020487243924,5.381020487243924,0.057247898109555356,-0.0289341145672627,-2.89341145672627
521,17.384033333333335,1421.531568228106,1245.4949083503054,13738.0,1454.9473684210527,1209.6842105263158,-0.8199794720565967,detected,1422.6562440482915,1244.7403615915525,35.38906644376311,62.808393470259944,72.09216541397596,21.207691006559905,35.81963369259419,41.627062299678926,42.24879128943251,44.68685936254405,294.3765060377119,-3.2474620383833086,-23.87334904187933,34.10096070825498,1.7951498347612511,1.5706502985382367,0.05252626157688193,5.2526261576881925,0.056387204242957796,-0.03012409973738717,-3.012409973738717
522,17.4174,1424.054054054054,1248.096525096525,13760.0,1454.5454545454545,1209.8181818181818,-0.8981500211347035,detected,1423.3087121194317,1245.9640348782277,39.24359944336811,59.475087198120036,71.25549869656028,20.796485180652343,35.75720385126752,41.3650990948915,42.59408930747281,43.678974184698745,294.45156007110614,10.41135363100116,-23.94203562434509,33.73203749097857,1.7959731383210495,1.5721943657769437,0.05219570863708707,5.219570863708707,0.05511542483873659,-0.030210770503905478,-3.0210770503905477
523,17.450766666666667,1423.970893970894,1249.114345114345,13764.0,1442.9411764705883,1200.3529411764705,-1.1997711856350006,detected,1423.906059122872,1247.1997242500106,35.596541238207465,22.76432121895641,42.25314270777067,20.62875922069411,35.23104925771576,40.826125689133995,42.76567848296435,42.4115615932375,296.7125013242387,22.46711488978653,-22.198042450370384,34.26396722734425,1.7967268884831193,1.5737535952681523,0.05151561601152555,5.151561601152555,0.053516166048249214,-0.028010148202360106,-2.8010148202360106
524,17.484133333333332,1424.7753303964755,1250.488986784141,13456.0,1447.157894736842,1204.842105263158,-1.114905259347136,detected,1424.6410530790222,1248.3561631095486,27.72184909511907,3.050409643824878,27.88917202513717,21.36138300073556,34.97396804350676,40.98154614472648,42.00168127154259,40.96990892160246,297.42759416088063,22.663441593482254,-21.203035389231843,35.070192681183386,1.7976543256517632,1.5752128241129952,0.05171173015107443,5.171173015107443,0.051697045957858,-0.026754618787674253,-2.6754618787674254
525,17.517500000000002,1427.109619686801,1253.7539149888144,13452.0,1440.1176470588234,1197.6470588235295,-1.3429774714635372,detected,1425.4458589840456,1249.5702768272265,25.809412753676042,4.119805204192289,26.136154682931178,20.73017135958154,34.67081869248312,40.39561453183565,41.26473764615367,39.452653596880694,297.7986971976299,25.314062076217677,-21.001656269625407,34.50704431470703,1.7986698536076287,1.5767448288040715,0.050972384267300504,5.09723842673005,0.04978252819795671,-0.026500512643060452,-2.6500512643060454
526,17.550866666666668,1429.3604436229205,1245.075785582255,14398.0,1447.6,1207.0,-1.1240626016339867,detected,1426.19589500535,1250.7346874082955,25.472545076082497,26.740214076821303,36.93087599187551,20.441831362307433,33.873253611430364,39.56343993726147,40.72724900865633,37.965230399988904,298.5074313324254,35.94318805730998,-20.009969471713795,34.13014651902886,1.7996162713001262,1.5782141166035275,0.04992232168739618,4.992232168739618,0.04790565350156329,-0.02524917283497009,-2.524917283497009
527,17.584233333333334,1430.709886547812,1246.5413290113452,14310.0,1472.888888888889,1230.888888888889,-0.3553432055869436,detected,1426.9102774749385,1251.9007802999351,17.221201617186125,49.0961309295335,52.02883678682112,20.221466309052136,33.31848404910909,38.97472359130809,41.36414951648813,36.61302900665999,300.1767359067736,35.008252714522385,-18.638425089790665,34.22920082606559,1.8005177002838342,1.5796855271923473,0.04917946194486826,4.917946194486826,0.04619940568663722,-0.023518517463458254,-2.3518517463458255
528,17.6176,1429.4690265486724,1247.4778761061948,14348.0,1447.6521739130435,1205.5652173913045,-1.1614668388661666,detected,1427.6026570437375,1252.995837649656,17.221201617186125,49.55025271689874,52.45757647326366,20.09718372199329,32.64306364963403,38.33361968285294,41.82189520190364,35.49466082045338,304.22436826445465,32.47837272388566,-15.687276483100854,34.97678879674865,1.8013913653548739,1.5810673030279574,0.048370498022527374,4.8370498022527375,0.04478821554631342,-0.019794670641136727,-1.9794670641136727
529,17.650966666666665,1427.0161943319838,1253.9676113360324,13720.0,1459.2222222222222,1217.3333333333333,-0.8496360732581942,detected,1428.206452117756,1253.8787626365809,6.41015743605567,38.73631230213414,39.26311257559044,19.944908676620148,32.060467687601474,37.75808483578657,42.403449098461834,34.69556691079077,306.99903426778565,32.259737042395415,-13.602075979166443,35.222954156677986,1.8021532518836039,1.5821814039578308,0.04764427108616602,4.764427108616602,0.04377989515557195,-0.01716350281282832,-1.716350281282832
530,17.684333333333335,1429.025,1255.6416666666669,13852.0,1445.6,1203.3333333333333,-1.2639342015166506,detected,1428.8771851136676,1254.8242463627391,-2.5353218210266277,20.970911127964428,21.123611676821653,19.489986173302356,31.624003324693987,37.147505263688615,42.89935980901382,34.28218986827548,308.6635544491003,29.50178072050619,-12.516613208094036,34.97529901394324,1.8029996026670885,1.5833744433599233,0.0468738236765787,4.68738236765787,0.04325828374545802,-0.01579383370106503,-1.579383370106503
531,17.7177,1428.1790476190477,1256.007619047619,13982.0,1446.2666666666669,1205.8666666666666,-1.2245898272181248,detected,1429.52203823553,1255.685090239964,-7.872360197930902,15.347008231396103,17.248325041594804,18.775402459072225,31.623516245968684,36.77720105254315,43.63967646847541,34.297063673120554,309.93377646625333,24.76796738143958,-12.19653315960498,34.69592333611885,1.8038132974580823,1.5844606816908064,0.04640656284232574,4.640656284232574,0.04327705195346442,-0.015389947204548872,-1.5389947204548873
532,17.751066666666667,1426.598607888631,1257.006960556845,13736.0,1467.2,1226.4,-0.6459542942973402,detected,1430.01623848203,1256.5263580937358,10.626303749238105,23.018015476497567,25.35246275704499,18.75132400571796,31.73508479961002,36.86092455712219,44.659234024866116,34.75529081300775,309.6199830763549,17.540811946150388,-12.487664317159236,34.68120527184431,1.8044368939836344,1.5855222184148086,0.04651220764305639,4.65122076430564,0.04385525654638202,-0.015757305132062128,-1.5757305132062127
533,17.784433333333332,1427.711627906977,1256.2325581395348,13496.0,1453.4736842105262,1213.578947368421,-1.0274532868964474,detected,1430.3530096529298,1257.2973074641595,31.62568319712318,29.878840563236736,43.507803335587056,18.440613170927968,32.06975067785105,36.99358218203976,45.08292385280645,35.64281731873214,308.8205372044249,15.346271159176085,-13.425860634508322,34.471312549453195,1.80486184183335,1.5864950251913685,0.04667959896787351,4.667959896787352,0.04497516380912574,-0.016941149065625643,-1.6941149065625642
534,17.817800000000002,1431.0315315315315,1259.3693693693697,13414.0,1471.0,1232.8333333333333,-0.5861016136758197,detected,1430.8263964220678,1258.1790650224007,42.75287533433129,40.78027889480336,59.083326718210586,18.119005268391987,33.26238074330064,37.87722699232764,44.69597469580785,36.916667279817894,311.0010592835991,14.184595759448365,-13.215644141077975,35.49691640924188,1.8054591752959848,1.5876076530251113,0.04779460819221154,4.779460819221154,0.046582545463492615,-0.016675891660666214,-1.6675891660666213
535,17.851166666666668,1432.452,1259.424,13392.0,1464.5517241379312,1226.4827586206898,-0.7983357064229226,detected,1431.336371175414,1259.195380082388,31.17765377507203,39.84024402541718,50.589437029117576,18.73713038432797,35.238947436873694,39.91069369853214,43.56191486291413,38.50700537552819,313.0395879509186,10.526500156191393,-12.9673657817063,37.745342708491684,1.8061026765620365,1.5888900695045907,0.050360496780482204,5.0360496780482205,0.048589281230950396,-0.01636260666461363,-1.636260666461363
536,17.884533333333334,1433.7874186550976,1261.4403470715836,13320.0,1464.2666666666669,1226.1333333333334,-0.8586524710963371,detected,1431.8755545504237,1260.4220897622042,8.475803757064568,23.883150633158948,25.342536050964405,18.935959344174474,36.81366557554639,41.398267226931104,43.41902824719736,40.320742662002864,312.79390113406816,6.209587743688236,-14.14955428497811,38.905097904116055,1.8067830341330269,1.5904379681542011,0.05223756116962916,5.223756116962916,0.05087790872177018,-0.017854327173473957,-1.7854327173473956
537,17.9179,1431.53515625,1261.84375,13420.0,1468.1538461538462,1230.923076923077,-0.7012316080261257,detected,1432.4490024381478,1261.839841129994,5.374157111648856,24.701916443284517,25.27975950502093,19.11851773793259,38.188900935451265,42.7072578744334,43.38180767714225,42.24644752474649,312.5511105074993,2.8492096236215976,-15.203932928132481,39.9092758474794,1.8075066276822056,1.592226928870655,0.0538892843841431,5.38892843841431,0.05330782022050031,-0.01918477341089272,-1.9184773410892721
538,17.951266666666665,1432.904,1262.144,13636.0,1478.6,1242.4,-0.4078461121205509,detected,1433.1280435058345,1263.0751794440052,12.088399005527208,20.840975531146796,24.093062312763205,19.972913368951748,38.72902762697779,43.57585167698803,43.43316503897644,44.160461510804666,311.7748366879215,-8.697301609715248,-15.576840062940722,40.696644862057425,1.8083634618370152,1.5937857153867576,0.05498530180061582,5.498530180061581,0.055722979824359205,-0.019655318691407853,-1.9655318691407853
539,17.984633333333335,,,,,,,lost,1433.8492479249,1264.3967977247407,31.772556169482414,36.465601535967835,48.36564298055899,20.54161539834933,38.825260923593795,43.92446754325932,43.41115322999696,45.934172989607404,310.1369220472641,-12.151694338959475,-16.440688622642337,40.731592242044265,1.8092734989588646,1.5954533725233322,0.05542519563818211,5.542519563818211,0.05796110156417338,-0.020745348419737967,-2.074534841973797
540,18.018,1434.676595744681,1264.2425531914894,13366.0,1452.4,1214.0,-1.231667640228835,detected,1434.585953611124,1265.7960814588255,21.077016649746838,42.76459948291267,47.676530911840054,20.83174704106933,38.59833929271385,43.861070221080546,42.373218193569215,47.44227751833082,311.5473936041108,-3.4497495977408423,-15.07084717080725,41.19056987336701,1.8102030960392734,1.5972190302319567,0.05534519901713634,5.534519901713634,0.059864072578335426,-0.0190168418559082,-1.9016841855908202
541,18.051366666666667,1435.9495798319329,1266.8781512605042,13422.0,1462.5454545454545,1225.2727272727273,-1.0020220810967622,detected,1435.4287328882017,1267.2283254990925,11.283513699638206,49.787192905761,51.04980175128383,21.55472039555227,39.534996607508276,45.02912311033969,41.65176269610478,48.57160524859569,309.98547104082456,-5.760184861414913,-16.44108786406389,41.92031199707677,1.8112665399220211,1.5990262782322935,0.05681908278907217,5.681908278907217,0.06128909179633526,-0.020745852194402385,-2.0745852194402383
542,18.08473333333333,1433.057268722467,1267.4361233480176,13352.0,1463.4,1226.6,-0.931766756850295,detected,1436.3594180733571,1268.7583073683004,19.306384733317827,52.500344791886164,55.93766794153843,21.682915626923393,39.646470103561775,45.18839919444919,41.27272822438326,49.229852131002886,309.8630778583647,-5.127422719153596,-16.53399619747441,42.054944911375145,1.8124409060862552,1.6009568547234077,0.057020062075014755,5.7020062075014755,0.06211968723154939,-0.020863086684510295,-2.0863086684510295
543,18.1181,1435.3407079646015,1269.9026548672566,13422.0,1464.888888888889,1226.888888888889,-0.968884535422568,detected,1437.2508942019117,1270.3014898383162,30.76033927415574,53.883784388837284,62.04563395053573,21.678158141240676,40.086391366048886,45.57259388216429,40.990177524092985,49.35340664380273,307.1831988342389,-6.490663207266328,-18.835584300919038,41.49797678431625,1.8135657971002042,1.6029040881240584,0.05750485032449753,5.7504850324497525,0.062275591979561805,-0.0237672988024215,-2.37672988024215
544,18.151466666666668,1438.2019801980198,1271.489108910891,13592.0,1469.4117647058824,1234.470588235294,-0.8703301055147094,detected,1438.032411918079,1271.8878658796662,35.076675170063936,64.25168483228208,73.20281514240477,21.25361713533818,39.90343674496707,45.21062381116997,41.00654043963625,48.913435712394346,304.9867255607094,-10.662685531626387,-20.505743516675377,40.29286522727634,1.8145519393288065,1.6049058244538374,0.05704810575541952,5.704810575541952,0.06172042361185407,-0.025874755226088807,-2.5874755226088806
545,18.184833333333334,1439.6507936507935,1273.84126984127,13706.0,1477.0,1243.625,-0.6802170349600452,detected,1438.8246833584312,1273.4388088157634,37.38914917797956,67.16221455829327,76.86814386094821,20.690125805064575,39.16183714744943,44.29143026131296,40.84683419930324,47.91947210705571,304.72297106151586,-4.807584115690989,-20.40244654400672,39.31247854831463,1.8155516509254654,1.606862850240711,0.055888240077366515,5.588824007736651,0.06046621086063812,-0.02574441204291069,-2.574441204291069
546,18.2182,1439.037623762376,1276.1861386138614,13626.0,1462.7826086956522,1230.4347826086955,-1.0920639739604068,detected,1439.458365234283,1274.8723980009452,22.259261730312573,58.31454776429382,62.41843648901071,19.364972559114136,37.90135994670428,42.56189901807582,40.05485262928069,46.41993977358016,303.615176269495,-6.803452138931478,-20.84260695599061,37.10931127497484,1.816351249506982,1.608671795584789,0.05370586626886539,5.370586626886539,0.058574056496631124,-0.02629981950282727,-2.629981950282727
547,18.251566666666665,1441.1606425702812,1278.7590361445782,13604.0,1461.7333333333331,1227.7333333333331,-1.1875490866790062,detected,1440.1038351251927,1276.3350073468582,18.42288313008885,38.74726880447133,42.90400287421757,19.21898762814456,37.26848204877638,41.93219812591203,38.669635119403864,44.49937734907185,304.6936536917586,-4.379503179405661,-19.70318434162462,37.01477767690493,1.8171657225554483,1.6105173594282123,0.05291129101061455,5.291129101061455,0.05615063387895502,-0.024862062260725074,-2.4862062260725075
548,18.28493333333333,1438.4363636363637,1277.6818181818182,13554.0,1469.0,1237.0,-0.9264733786954686,detected,1440.8675543770887,1277.7110186851032,25.074674268655144,29.452991636723254,38.68097731485137,18.889308781424653,36.06854114941382,40.71542271531716,38.076995736916196,42.27253978539796,305.19262809992915,-5.467590502361252,-18.589477252788342,36.22398352411051,1.8181294061540554,1.6122536513376697,0.05137592771648854,5.137592771648854,0.053340744208704056,-0.023456753631278665,-2.3456753631278664
549,18.3183,1441.6628352490422,1279.0191570881227,13442.0,1470.75,1239.5833333333333,-0.9352900434588024,detected,1441.7120749965304,1279.0602450199356,17.998470168809945,20.070483316182163,26.958657773759583,18.505233236317192,35.08826014064627,39.66900120784697,38.65238457533857,39.87597019701341,305.34608988925834,-7.15087788476824,-17.914992698389682,35.39325773992567,1.8191950473142342,1.6139561451355655,0.050055522028828986,5.005552202882899,0.05031668163660998,-0.022605669020050075,-2.2605669020050074
550,18.351666666666667,1442.9698189134808,1280.9698189134808,13700.0,1462.5217391304348,1232.1739130434785,-1.189697229152027,detected,1442.1020490413669,1280.3306851558316,19.390303413830225,19.38755785069634,27.42008872878593,18.564406162411505,33.606463091666164,38.39311836377064,40.1003859529251,37.457915622886865,304.54694623096407,2.5108750479774433,-17.152832753692877,34.348389572414355,1.819687128127908,1.6155592241713965,0.04844557522242352,4.8445575222423525,0.04726550867241245,-0.02164395300150521,-2.164395300150521
551,18.38503333333333,1443.2587991718426,1281.0020703933749,13600.0,1472.909090909091,1243.3636363636365,-0.9035595704132816,detected,1442.5766300038952,1281.4141633841773,18.655001047010956,31.23359718169695,36.38058076738863,18.600201589789386,31.93536259961648,36.95720340542269,41.86073851677893,35.16754759711879,306.62633719505976,12.167290625584005,-14.532746269637917,33.9799083196543,1.820285968459174,1.6169263891282994,0.04663369514879835,4.663369514879835,0.04437545438122245,-0.018337850182508414,-1.8337850182508415
552,18.4184,1445.7087087087086,1275.3543543543544,14106.0,1470.2222222222222,1241.0,-0.9510348675734468,detected,1443.099899529354,1282.1830328389642,7.366627545314259,25.01845794847941,26.08046087612746,18.4987322680602,31.215708240165643,36.28530744613468,42.381452606232294,33.144370095074144,308.6651417390126,10.495921876327316,-12.816146570601433,33.946574547977264,1.8209462454629073,1.6178965714056333,0.04578587690363998,4.578587690363998,0.041822549015866434,-0.016171793779938718,-1.617179377993872
553,18.451766666666668,1444.461215932914,1284.2138364779871,13610.0,1477.3333333333333,1248.8333333333333,-0.8221331239432947,detected,1443.6629239332924,1282.868395456966,6.429215060253227,33.81543210438076,34.421189036652585,18.26970252925489,30.489939934049122,35.54459829129295,42.302154062841,31.50854545982351,308.8094700810057,2.4375240779586114,-12.308591202340883,33.34542022981631,1.8216566863511579,1.6187613822800835,0.04485122812781445,4.485122812781445,0.03975841698400443,-0.015531345365729822,-1.553134536572982
554,18.485133333333334,1443.597609561753,1283.5378486055777,13430.0,1472.7058823529412,1243.1764705882354,-0.9459891718819804,detected,1444.2859671677847,1283.6550749007058,8.052789837805904,28.678090679311026,29.78725078255219,18.03893929429896,29.829582262723882,34.859823706266994,41.34091135610346,30.352737954851808,307.52707881858856,7.824610700280936,-12.668640888545323,32.47634288015034,1.8224428607795393,1.6197540377295974,0.04398715925081009,4.398715925081009,0.03829998480107484,-0.015985666736334794,-1.5985666736334794
555,18.5185,1444.3314065510597,1285.3757225433526,13340.0,1483.76,1256.56,-0.6311210438627288,detected,1444.7938062462388,1284.3577488550357,7.387559148215587,11.962574468067942,14.059844169565139,17.492720436391412,28.908100413836156,33.788659899471895,41.06907688224467,29.736000173698482,308.5585900573266,4.735864157662887,-11.701833125480801,31.69764406553869,1.823083667187683,1.6206406925615593,0.04263553299617905,4.2635532996179055,0.03752176678069209,-0.014765720032152431,-1.4765720032152432
556,18.551866666666665,1445.005988023952,1285.2055888223554,13600.0,1478.8333333333333,1250.5,-0.7982123738673648,detected,1445.203962629466,1285.0658668084527,10.315467885786347,14.330904506063234,17.657397930176263,16.777448321384753,28.447983236525022,33.026815202231425,40.92357312884551,29.68015751798037,307.89117276293456,8.517577595504825,-12.146444405533757,30.71212155982752,1.8236012146744054,1.6215342167930005,0.04167421476622262,4.167421476622262,0.03745130286180488,-0.015326743729380136,-1.5326743729380137
557,18.58523333333333,1443.20412371134,1284.379381443299,13822.0,1478.3529411764705,1251.1764705882354,-0.7569368325138249,detected,1445.6668470622938,1285.6366611636113,16.516507359961906,13.544236005437142,21.359806748719794,16.98085373885348,28.8782856012269,33.500817496985995,40.110652420201205,30.16898848488672,309.0310464024428,7.315765650305607,-11.739245418928284,31.376661549000623,1.8241852959776579,1.6222544620361026,0.04227232491733249,4.227232491733249,0.03806812427115044,-0.014812927973411086,-1.4812927973411085
558,18.6186,1444.9895178197064,1285.9287211740043,13488.0,1476.6666666666667,1250.0,-0.8482030767418118,detected,1446.2374008488914,1286.3860723132632,13.652923282133088,19.382452677032234,23.708264085023302,17.25563303685719,29.31534144890911,34.01685046809604,38.88247076149189,31.15023550644389,310.78837245502376,10.04136581431284,-10.922920366898264,32.21546098424179,1.8249052376642165,1.62320009124702,0.042923470622203204,4.292347062220321,0.03930629085986611,-0.013782864816275412,-1.3782864816275413
559,18.651966666666667,1447.095145631068,1287.273786407767,13448.0,1472.5333333333333,1244.6666666666667,-1.032555569783018,detected,1446.6774489692725,1287.3164063066477,8.194050369421348,23.039125799075464,24.452888971290054,17.554461362992345,29.811191728141647,34.59575502856979,38.292194763935505,32.540213571629536,311.43725874371876,3.992267234064167,-10.731346102554854,32.88927601550379,1.8254605034312588,1.6243740142670633,0.04365394956286409,4.365394956286409,0.04106020639953254,-0.013541130728775842,-1.354113072877584
560,18.68533333333333,1446.230936819172,1287.4901960784314,13276.0,1471.5,1242.25,-1.0614099687825715,detected,1447.277562448536,1288.3379960392988,30.596742382421326,18.535891049181828,35.773452466925754,18.12260483470081,31.130590042318282,36.021416440467846,38.74878995670894,34.23060831830879,309.8874940972466,3.643218251226018,-12.264958505675205,33.869060146860775,1.8262177444145564,1.6256630864849198,0.04545289140753041,4.545289140753041,0.04319319661616251,-0.015476288335236853,-1.5476288335236854
561,18.7187,1445.7358490566037,1288.438679245283,13228.0,1471.75,1242.5,-1.0555401223333143,detected,1447.6970350655145,1289.4744036698462,35.87872051441536,17.05791206180129,39.72725701152391,19.560318762845625,31.703426685489397,37.252024558489865,38.88655577609697,36.09694225646336,309.98332706539816,3.6008880177620335,-11.723393246410856,35.359233369748566,1.8267470474012801,1.6270970393310362,0.04700570922206923,4.700570922206923,0.04554819212172033,-0.014792925232064172,-1.4792925232064171
562,18.752066666666668,1450.7737226277372,1285.051094890511,14124.0,1489.428571428571,1262.571428571429,-0.5267416664523797,detected,1448.2523450343992,1290.6539133861113,42.8644207171028,44.07274100924542,61.4797939446841,20.722454156724066,31.783639016088024,37.942322219159486,39.24338805113357,38.00805446002331,309.86473903536455,4.293653412577884,-11.113218168672535,36.27831580046144,1.8274477539866238,1.6285853796670176,0.04787674727969651,4.787674727969652,0.04795969017037642,-0.014022988225454305,-1.4022988225454305
563,18.785433333333334,,,,,,,lost,1448.9824334274101,1291.9302611606533,30.840740174257007,60.718319442697975,68.10187640910891,21.84446134895946,32.046321622208666,38.78333690053271,40.30660179736186,39.83578479112394,310.0848466748943,-7.206953963386659,-10.452261574731121,37.34832592116575,1.8283690011702338,1.6301959131364712,0.048937964543258945,4.893796454325894,0.05026597449984094,-0.013188973595875233,-1.3188973595875233
564,18.8188,1450.8453159041394,1294.239651416122,13332.0,1472.6666666666667,1247.5,-1.1340020386934473,detected,1449.8136668608006,1293.0248675548185,0.30900743583606527,61.38271743289761,61.38349521689323,22.635384750591033,32.82541710913522,39.87315702569833,41.02701714798063,41.46397158265117,309.35925380134137,-6.959860758446944,-11.025185736164147,38.31858466435157,1.8294178761650481,1.6315771199429887,0.050313131893625664,5.031313189362566,0.052320468874007785,-0.013911906291689776,-1.3911906291689777
565,18.852166666666665,1452.4362139917696,1297.329218106996,13366.0,1475.4117647058824,1250.235294117647,-1.1169025003947115,detected,1450.7166170870837,1294.0371074877874,4.413775403009822,45.48039550819067,45.69406732705751,23.150134524891655,33.674247745995224,40.86421037753262,41.607873145641626,42.79596188127894,308.5182764656162,-7.9443637705468575,-11.929976795769953,39.08400367710088,1.8305572455357524,1.6328543943063565,0.051563672400672084,5.156367240067208,0.054001213730320435,-0.015053598480466819,-1.5053598480466819
566,18.88553333333333,1450.8073770491803,1295.6680327868853,13470.0,1493.3333333333333,1272.0,-0.5078618921596172,detected,1451.7493833111048,1295.3718561177684,10.910517758254173,24.717859812013103,27.018734082845405,23.31116443761334,34.55390363231373,41.6819222645582,40.75403091719536,43.76010891499069,309.37565917019384,-13.842214308159988,-11.921623042702945,39.94067535353361,1.8318604205818358,1.6345386197069633,0.05259548550732897,5.259548550732897,0.05521780304730687,-0.015043057467133055,-1.5043057467133054
567,18.9189,1451.564853556485,1296.5188284518829,13502.0,1476.0,1251.0666666666666,-1.0775219910306677,detected,1452.7235030067186,1296.6803492459787,23.043849306662196,43.40389516411142,49.14180609506869,22.83345695038052,34.798386388925856,41.62084155297512,39.94353925809657,44.313082256221946,308.34515089692974,-16.07959483775556,-13.126132854723746,39.49682376923495,1.8330895936993297,1.6361897151368818,0.05251841205422729,5.251841205422729,0.055915561206589214,-0.016562943665266557,-1.6562943665266556
568,18.952266666666667,1452.3057851239669,1297.9380165289256,13358.0,1492.125,1269.75,-0.6160082284443218,detected,1453.6458035010737,1298.105931820812,25.900622947178817,52.35128347126329,58.40804011555679,22.493019394466685,35.05314649453758,41.64923769587346,40.940470922284824,44.44108231402742,308.8827545005386,-15.282729726789901,-13.166979550106173,39.51315793725493,1.8342533798120806,1.637988557502602,0.052554243149367144,5.255424314936715,0.056077075475113466,-0.016614485236727036,-1.6614485236727035
569,18.98563333333333,1453.9405940594058,1301.7742574257427,13660.0,1481.1304347826087,1258.695652173913,-1.0077738263246176,detected,1454.539082067861,1299.4808947160284,30.780177463866494,42.99829823538494,52.879797426297145,22.17546840242762,34.88564897699216,41.337149193104494,42.402138164357076,44.159156831127596,308.7652107081986,-16.353599746078487,-13.31624154454313,39.133586783482585,1.8353805451960392,1.6397235264555565,0.05216044062221388,5.216044062221388,0.05572133354085502,-0.016802828447373037,-1.6802828447373037
570,19.019,1455.8826086956522,1303.891304347826,13528.0,1483.8,1262.5,-0.977407562107011,detected,1455.2070967276738,1300.8293864073105,27.723129073951895,36.9121429920815,46.16360239321524,22.508707080364506,34.17599133416763,40.9223689209551,43.78238556896964,43.50882320175505,307.7681098530883,-10.699213358645228,-13.230141280335276,38.72471613588821,1.8362234659024277,1.641425093258436,0.05163705857533767,5.163705857533767,0.05490072328297167,-0.016694184580864704,-1.6694184580864704
571,19.052366666666668,1453.891891891892,1303.509009009009,13620.0,1477.75,1255.5,-1.1095911741865918,detected,1455.8837990667319,1301.9638347943066,44.388715857324314,17.356957419269747,47.66153655010105,22.382762985206114,34.00627893291876,40.71136310313605,44.70760689367543,42.55421229557552,307.2188852120599,-8.561394335837141,-13.541765877485332,38.39317208351976,1.8370773489801033,1.6428565738729424,0.05137080517745874,5.137080517745874,0.05369616693448015,-0.01708740173815184,-1.708740173815184
572,19.085733333333334,1455.9599198396793,1304.0961923847694,13544.0,1495.7142857142858,1274.0,-0.648000255079104,detected,1456.6540295299478,1303.139405121713,52.0314270040908,15.59716708232554,54.31888269355334,22.601132513320273,33.66992699759755,40.55212910450216,45.347492757284414,41.377003148576605,306.05747473617885,-9.355236235066316,-13.916729438421108,38.089366188557065,1.8380492486182307,1.644339943371247,0.051169878996217236,5.116987899621724,0.052210729525017804,-0.01756054187813389,-1.756054187813389
573,19.1191,1461.1642743221691,1298.1148325358852,14418.0,1488.1666666666667,1266.3333333333333,-0.8665193502665491,detected,1457.3916602032596,1304.2274847423932,40.332510416767036,12.15790172516381,42.12512279955232,21.965538933652343,33.04030203384612,39.67551460452117,45.19660757268729,40.07047594226894,304.01600260153936,-6.918012172645231,-15.098431338732452,36.69037789725195,1.8389800128747755,1.6457129145014426,0.050063740825894223,5.0063740825894225,0.05056211475365167,-0.019051648376949466,-1.9051648376949466
574,19.152466666666665,1462.2425196850393,1299.634645669291,13778.0,1491.6,1269.0666666666666,-0.8055954901527819,detected,1458.0105544141961,1305.241268955377,26.40617212424513,24.290945994176127,35.879464649674496,20.814427245995947,32.40345810491251,38.51265348863512,45.312812698625336,38.733040713050585,302.0082210825181,-3.9166960701154796,-16.444728258337797,34.82521200574527,1.8397609519422033,1.6469921374831258,0.048596408187552204,4.859640818755221,0.04887449932246131,-0.020750445751845804,-2.0750445751845805
575,19.18583333333333,1462.9786535303776,1299.7011494252874,13956.0,1476.3333333333333,1253.6666666666667,-1.2884451349801278,detected,1458.7865117835074,1306.1156476752953,0.17323251314610388,54.00015452022899,54.000432384493166,21.267107438012857,31.438105976178388,37.95582124193079,44.55991445965649,37.46161054081229,302.9106841233802,4.910695776043251,-14.83779463539965,34.93542924463804,1.8407400779602618,1.648095454479868,0.04789378074691583,4.789378074691583,0.047270171029416136,-0.018722769256024795,-1.8722769256024796
576,19.2192,1460.3364485981308,1307.8551401869158,13622.0,1491.6363636363635,1271.090909090909,-0.865508207574804,detected,1459.5580151093525,1306.891008700621,-4.881833367917352,54.17143828423332,54.39096453285794,21.519482456409314,30.586225029638342,37.397931583917625,43.54673651737139,36.3452002543197,304.19561961855067,3.7622380002559868,-13.204204220438196,34.98934520193748,1.841713583734199,1.6490738280134019,0.047189819033334544,4.718981903333455,0.04586145142500909,-0.016661456429575013,-1.6661456429575012
577,19.252566666666667,1460.394250513347,1310.3449691991786,13514.0,1491.0,1272.6666666666667,-0.8886056214895776,detected,1460.3543661467118,1307.871738883478,-7.829255007965912,39.83985275921896,40.60186081765226,21.294702497913654,30.583878404408,37.26711650678469,42.65012775409201,35.45914837287389,304.764202587004,-5.847202294107824,-12.982579782234067,34.932657999759925,1.8427184430873336,1.65031134243972,0.047024752689949136,4.702475268994913,0.04474340488690712,-0.016381804141620274,-1.6381804141620275
578,19.28593333333333,1459.579797979798,1309.4222222222222,13276.0,1473.3846153846157,1252.4615384615386,-1.333023960522184,detected,1461.0821678530683,1308.8341478265645,-1.860158590350693,12.942137439319595,13.075133325495898,20.88060036449389,30.956145428721534,37.34009120751929,42.12796910760725,34.86037205866514,303.8655861081136,-10.70417074175949,-14.06870581399845,34.58834960076912,1.843636804861916,1.6515257385824158,0.04711683433125463,4.711683433125463,0.04398785117812636,-0.017752310175392368,-1.7752310175392367
579,19.3193,1459.4663951120162,1309.959266802444,13552.0,1486.0,1267.6666666666667,-1.0104861355716146,detected,1461.6618439803276,1309.7882967542034,7.488881162267717,5.885703755789109,9.52495930508253,20.590924980209163,30.78934665890844,37.040114190199766,42.66094349903088,34.584047454821295,305.55813243673185,-7.742540591786156,-13.073718451196244,34.65613863490694,1.8443682573884261,1.6527297119926858,0.0467383144355833,4.67383144355833,0.04363917659914359,-0.016496805616651414,-1.6496805616651413
580,19.352666666666668,1460.4900398406376,1310.2071713147411,13590.0,1481.6,1261.0,-1.16554109174865,detected,1462.248078162023,1310.7645139965655,37.094521478202296,11.986715609309613,38.983135774271396,20.120602163298003,30.25486740927541,36.33449646501995,42.41322412793005,34.64201434540006,305.17786153777337,-13.756754077971323,-13.137535640959024,33.876257034227955,1.8451079850624896,1.653961531856865,0.04584794506627124,4.584794506627124,0.0437123209405679,-0.016577332039065015,-1.6577332039065016
581,19.386033333333334,1461.188524590164,1310.9344262295083,13366.0,1483.0,1262.6,-1.1468936643935186,detected,1462.818259459098,1311.6281297687617,45.85168129073281,28.89919523634262,54.199078981982574,19.51821252316756,30.369912992793793,36.101138974960335,42.4966643092096,35.02300262108205,305.2097623600218,-5.855841029542728,-13.559990505420602,33.45771798527663,1.8458274567307231,1.655051267847018,0.04555348766556509,4.555348766556509,0.044193063244267576,-0.0171103981140954,-1.71103981140954
582,19.4194,1465.9819277108434,1307.0993975903614,14030.0,1494.6666666666667,1277.7777777777778,-0.7963772229394855,detected,1463.4399314972852,1312.659472239461,41.358768485938526,37.55610890759135,55.86599186403409,18.989899274481647,31.534893695328236,36.81121832852875,42.911108113223946,35.6945103163214,305.1708096929891,-9.40891178816876,-14.839350562920837,33.687675338339275,1.8466119009429467,1.6563526463589413,0.046449486849878555,4.644948684987855,0.04504039156633615,-0.018724732571508945,-1.8724732571508946
583,19.452766666666665,1464.907335907336,1314.4169884169885,13456.0,1494.0,1276.0,-0.9226481879160252,detected,1463.9382698253712,1313.640374910283,24.212606272234552,40.09516954569972,46.83879720266798,18.441031854441828,32.80077795649665,37.62927969557662,43.278256556425184,36.605942476171414,305.39103976251096,-14.58998724050459,-16.059605306873106,34.030159679251994,1.8472407190225506,1.6575903784356885,0.04748174094079069,4.748174094079069,0.04619046369232986,-0.02026448619163799,-2.0264486191637987
584,19.48613333333333,1465.5306553911205,1314.7315010570824,13372.0,1494.5454545454545,1277.090909090909,-0.9140917286370596,detected,1464.4736099546294,1314.6801556777953,1.459570028509006,40.42369394624484,40.45003556151457,18.302417943360744,33.5250044852953,38.1956074478797,43.38235444906724,37.69254570016821,304.2171757450943,-19.161800005440575,-17.430207555151632,33.986648744718245,1.8479162270720877,1.6589024046407512,0.04819635009196177,4.819635009196177,0.047561571861410995,-0.02199395275097998,-2.199395275097998
585,19.5195,1464.9163346613543,1315.7250996015937,13514.0,1502.142857142857,1286.2857142857142,-0.669116721416824,detected,1464.9133987354096,1315.8443711648295,12.011720707342647,29.661477204053426,32.00132285199762,18.220165604226,34.72373956328937,39.213677765603265,42.82774067873587,38.87974670344534,304.59519495689926,-15.712530566843869,-18.23907711079906,34.71380978876985,1.8484711655967314,1.6603714462647692,0.04948098140770128,4.948098140770128,0.049059617291413685,-0.023014608341702283,-2.3014608341702285
586,19.552866666666667,1465.1463414634147,1317.0243902439024,13492.0,1505.090909090909,1289.2727272727273,-0.6071967254512524,detected,1465.611465251598,1317.003377855949,19.56643102284397,37.877104449215494,42.63238515997541,19.243580255670704,35.3020441911585,40.20633911625065,42.70225474740699,40.087638616212786,304.98670056832356,-18.763376458090637,-17.88843602670921,36.00768753543164,1.8493520066266222,1.6618339152756456,0.05073355093533206,5.0733550935332055,0.050583771124558724,-0.022572159024238755,-2.2572159024238756
587,19.58623333333333,1467.103448275862,1318.2190669371196,13570.0,1500.4615384615386,1285.5384615384614,-0.7751396170225753,detected,1466.3238625945953,1318.1824910389437,22.218214637238816,36.41427496271035,42.6573379704628,20.301317446127296,35.20349563239606,40.63778530860856,42.42404914611313,41.235463889138174,305.2995528351257,-19.461272263687324,-16.99991309006373,36.911143977379524,1.8502509307187325,1.6633217552541877,0.05127796253452184,5.127796253452184,0.05203213109039517,-0.021450994435411645,-2.1450994435411643
588,19.6196,1467.7014314928426,1319.803680981595,13520.0,1492.0,1272.5,-1.0962711693586336,detected,1467.0696011816722,1319.3192645478848,18.047338988933006,38.77852678701811,42.77242785198126,21.226496655181062,34.87909869968375,40.83032802163967,41.33633086954476,42.2459864479568,303.5337203305375,-27.55076880807592,-17.347747194024628,36.96175528362938,1.8511919257812899,1.664756169776511,0.051520918639292965,5.1520918639292965,0.05330723842013477,-0.021889901822113096,-2.1889901822113096
589,19.652966666666668,1467.3455284552845,1320.4105691056911,13390.0,1482.6666666666667,1259.7777777777778,-1.323290014619824,detected,1467.9129996835036,1320.6010118876814,18.123337347662527,34.49740842888514,38.9682761349087,21.527605671665256,35.41174047009482,41.44187699750176,40.428653607781214,43.04965547582296,302.5998166783591,-26.8099012189799,-18.23437970529034,37.214735869536426,1.852256151020194,1.666373516577516,0.0522925892712956,5.2292589271295595,0.05432133183069143,-0.023008681016139232,-2.300868101613923
590,19.686333333333334,1468.0361990950223,1322.3981900452488,13568.0,1494.4,1275.6,-1.0577607460505645,detected,1468.7396474587592,1322.0680766217858,22.10408596270736,24.01636083611902,32.64010116493863,21.660301870821993,36.138958697125524,42.13303944468853,39.842208272948966,43.588471276256314,300.9326254476235,-21.877875554186105,-19.864959380007893,37.15610853787457,1.8532992396955954,1.668224702361875,0.05316471854219373,5.3164718542193725,0.055001225585181474,-0.025066194801271792,-2.506619480127179
591,19.7197,1469.9596412556054,1322.6771300448431,13246.0,1489.111111111111,1270.4444444444443,-1.219360221772626,detected,1469.5180170526846,1323.4268847422936,24.111027328969612,32.34537963943421,40.34309386843608,21.08469382914949,36.44350407735722,42.103364512890494,40.24651244179754,43.81946544354033,296.559461503561,-17.274376316721,-23.17012896438394,35.15449369681127,1.8542814095302016,1.6699392867410647,0.05312727383330031,5.3127273833300315,0.05529270087512976,-0.02923675579102075,-2.923675579102075
592,19.753066666666665,1470.0820734341253,1325.6673866090712,13634.0,1489.2,1272.1333333333334,-1.227795218256901,detected,1470.2078747088194,1324.8235606109884,14.994915853236307,40.246164961022714,42.94882181754803,20.17835337751013,36.26746393000358,41.50295031611349,41.055824791126,43.71767077915369,294.8214975520523,-13.510748562413056,-24.44635236530231,33.53909272734227,1.8551518923770594,1.6717016537678087,0.05236965339572681,5.236965339572681,0.05516425334908984,-0.030847132322148026,-3.0847132322148028
593,19.78643333333333,1473.7548845470692,1320.6039076376553,14314.0,1500.909090909091,1288.909090909091,-0.8624025349252901,detected,1470.7994141615209,1326.1751915318057,10.84758810506628,59.51352174188696,60.49404464754549,19.63819978837885,35.661220395830156,40.71095099660847,40.677786256990046,43.27836578566909,292.4010804471573,-10.64591777307265,-25.486305038994264,31.74633500906193,1.8558983143993955,1.6734071817436036,0.05137028516922205,5.1370285169222045,0.05460992528160138,-0.03215937544352589,-3.2159375443525886
594,19.8198,1470.3451143451143,1327.6174636174635,13582.0,1491.0588235294117,1277.1764705882354,-1.181140805881305,detected,1471.3600730860967,1327.4206530190386,18.317891938032517,60.52987132412045,63.24089252665569,19.00668602960015,35.10261817315441,39.91801493609205,39.22308740306267,42.51827012036183,291.3455184297732,-14.04769232662327,-25.77639280219657,30.47991946421343,1.8566057704556427,1.6749787419798596,0.05036973493513193,5.036973493513193,0.05365081403200231,-0.03252541678510608,-3.252541678510608
595,19.853166666666667,1471.6378600823043,1330.1358024691358,13510.0,1486.1333333333332,1270.8,-1.3311937099714646,detected,1472.1076838598506,1328.5882610614915,28.315704568281944,47.5498952193675,55.34231347324623,19.17001241893126,33.90842429732953,38.95215802070158,37.73385808373066,41.47531879211461,291.2551946418358,-10.214812330645358,-24.65224240447397,30.158540397385977,1.8575491278988652,1.6764520644309042,0.04915098803874017,4.915098803874017,0.05233478711938752,-0.03110693047883151,-3.110693047883151
596,19.886533333333333,1472.4917355371902,1330.5413223140497,13552.0,1493.1764705882354,1280.470588235294,-1.1790393214074155,detected,1472.926263053578,1329.900794700607,33.495083711163716,37.477292341883185,50.263983866152515,18.607278955714154,32.99763612741942,37.882381394697695,37.49162284032934,40.2067222925816,290.4879127194084,-5.454997644252442,-24.397675837849476,28.97979009317621,1.8585820353988367,1.6781082582972962,0.04780111216996555,4.780111216996555,0.050734034438588774,-0.030785710836403128,-3.0785710836403126
597,19.9199,1473.9958071278827,1332.138364779874,13310.0,1494.4444444444443,1282.6666666666667,-1.1788430104466356,detected,1473.535945820035,1331.1179397270819,33.03031873213604,23.355659194021882,40.45353843526912,19.04357856534526,31.715563284352978,36.99371350673349,37.800131449837814,38.78523168124737,290.7564005208271,-4.001224193796551,-22.908125956066666,29.047419923278227,1.8593513511924733,1.6796440879836996,0.04667976467726624,4.667976467726624,0.048940355433750624,-0.028906152625951632,-2.8906152625951633
598,19.953266666666668,1474.7542372881355,1332.8686440677966,13420.0,1485.6363636363635,1271.090909090909,-1.3964353910608782,detected,1474.0228949662996,1332.1362180061828,32.12104753111544,22.097521634560053,38.987974516330375,19.486711384270887,30.954216219574,36.57725279927418,38.82674941020819,37.293804130390335,292.217027347573,1.7177552054159226,-21.287885353324764,29.744265994065337,1.8599657980647315,1.6809289817112718,0.04615426220728603,4.615426220728603,0.04705842792478276,-0.026861684988422417,-2.6861684988422416
599,19.986633333333334,1479.6549295774648,1325.088028169014,14186.0,1490.1538461538462,1276.4615384615386,-1.358151102048801,detected,1474.589932058388,1333.159895038738,18.36683334656027,22.344484495916277,28.92432461732791,19.318991466957858,29.9692814650082,35.65643368074371,39.157054412396946,35.81911555090575,294.475442527817,8.898417659310555,-19.2722899800448,29.999335021869058,1.8606813022818778,1.6822206877460417,0.044992345338477874,4.499234533847788,0.045197622146253315,-0.02431834697797451,-2.431834697797451
600,20.02,1476.839916839917,1333.8627858627858,13626.0,1489.8181818181818,1276.7272727272727,-1.3474375404522885,detected,1475.2247820795496,1334.0487866265994,11.378255930325395,24.272948586315124,26.807475470284075,19.583943374311897,29.4104310769178,35.33418025394656,39.11216985091034,34.44454376436594,297.0773580427251,11.535263932760737,-17.27235926757296,30.824826026277485,1.8614823748637852,1.6833423175099047,0.04458571640876538,4.458571640876538,0.04346314670582453,-0.021794775101038437,-2.1794775101038435
601,20.053366666666665,1476.0171673819743,1335.3690987124464,13378.0,1493.6363636363635,1281.7272727272727,-1.2534381306810751,detected,1475.939119998742,1334.8844901716616,1.309654967165443,31.67196704169237,31.699032988769055,19.481682550465187,29.263014645065336,35.15480025706885,39.33798005450858,33.243356220468044,298.43461771601284,10.169637426954644,-16.456442851985408,31.065180987300664,1.862383747632482,1.6843968330241788,0.044359369409550604,4.43593694095506,0.041947452644123716,-0.020765227573483164,-2.0765227573483163
602,20.08673333333333,1476.6525096525097,1335.6679536679535,13258.0,1502.9333333333334,1295.0666666666666,-0.9963282741420464,detected,1476.6041473158089,1335.7055793055645,-0.18766236989085883,25.94004863731925,25.940727446846232,18.920984570460046,28.795631999946472,34.45565380880079,39.37600678214883,32.272898145857226,298.7757199776605,4.842927352703111,-16.131454346017946,30.446153452846342,1.86322289882121,1.685432907641091,0.043477165689338536,4.347716568933854,0.04072289986858956,-0.02035514743977028,-2.035514743977028
603,20.1201,1476.329365079365,1337.25,13622.0,1520.0,1310.8,-0.5445783007330315,detected,1477.183340427799,1336.5098747089853,13.67972317062322,18.71642311273081,23.182737546710264,18.62717154594667,28.85861480804635,34.348088279281534,39.49319990469595,31.57055367078179,299.54409787418575,5.2838829080610035,-15.921381827766131,30.435189651713948,1.8639537418647307,1.6864477914308964,0.043341436314550834,4.334143631455083,0.039836660783320876,-0.02009007170696042,-2.0090071706960417
604,20.153466666666667,1478.2994011976048,1337.7005988023952,13682.0,1509.3846153846157,1300.0,-0.8812769604375726,detected,1477.814294564422,1337.2886605179422,18.15638123792087,23.576907748137273,29.757768038293804,18.803636934158412,28.534572623193775,34.1730682956618,39.63332704319078,31.15204987050973,298.65749816852593,8.859250370713552,-16.021437889972084,30.184633916576377,1.8647498985040025,1.6874304864579712,0.043120590909352434,4.312059090935243,0.03930858027824572,-0.020216325413213988,-2.0216325413213987
605,20.186833333333333,1476.584269662921,1336.485393258427,13348.0,1511.1666666666667,1303.6666666666667,-0.7592373525000288,detected,1478.4540025772944,1337.9940404160498,22.133890265770788,19.550961858664778,29.532172420872595,18.659354921250355,27.705203607412383,33.402841690571265,39.525749048633784,31.012244484225793,299.2648472690467,4.634480293248137,-15.047595113573387,29.821463986587382,1.8655571010439047,1.6883205557300314,0.0421486961395221,4.21486961395221,0.039132169696183966,-0.018987501720597336,-1.8987501720597335
606,20.2202,1478.6965811965813,1339.3760683760684,13346.0,1501.3333333333333,1290.0,-1.140932725443124,detected,1479.040352715536,1338.6858780339871,7.4785638725807075,16.187566624093506,17.831607633798345,18.49741280856087,27.912399648706266,33.48516589117351,38.571283935871215,31.12801192028187,299.99528450713166,12.656680344482327,-14.926607725631944,29.97420084947244,1.8662969750353768,1.6891935369514035,0.042252575257001275,4.225257525700128,0.039278248479850945,-0.01883483624685419,-1.883483624685419
607,20.253566666666668,1479.0,1339.448717948718,13312.0,1505.111111111111,1292.4444444444443,-1.0637364202209938,detected,1479.5135661513025,1339.511339671327,15.983880952207983,9.580627498113245,18.63525888073361,18.44103795892344,28.07927659649412,33.59341684296013,37.124723971879504,31.46248649181199,299.72044755601416,17.153513884115117,-15.243089927922687,29.9360295402403,1.8668940897808235,1.6902351289228104,0.042389169517930765,4.238916951793077,0.03970029841238106,-0.019234182874350397,-1.9234182874350396
608,20.286933333333334,1477.5498839907193,1339.07656612529,13004.0,1509.8,1299.2,-0.8907436066329437,detected,1480.0509162417088,1340.5154610195693,36.78392928431731,17.61217741974042,40.782916117635224,18.409899530435833,28.39267445537093,33.83885877876815,35.323245257309374,31.969899662237477,299.0025885410813,19.441215636804177,-15.906146865944866,29.867421303627918,1.8675721340589386,1.6915021590152295,0.04269887543062227,4.269887543062227,0.04034056739714508,-0.020070847780372072,-2.007084778037207
609,20.3203,1484.486646884273,1337.563798219585,14350.0,1505.7777777777778,1295.111111111111,-1.1059285776953138,detected,1480.640333249681,1341.5486816727982,39.963657808440075,26.88041329887392,48.162750799226274,18.203312105617023,28.33665706622405,33.67976700191509,33.336673353631575,32.600455009619616,300.0213953062721,18.141089425554433,-15.427430264171766,29.93862222526958,1.8683158779175786,1.6928059074735626,0.04249812870904113,4.249812870904113,0.0411362208323276,-0.019466788976872894,-1.9466788976872893
610,20.353666666666665,,,,,,,lost,1481.307200368409,1342.672386134626,39.4062586292539,42.10229634761754,57.666771861256954,18.087283294103138,28.246879101628384,33.54155625404332,33.7146537634927,33.30488632372265,300.0023295164823,21.842999676727903,-15.417662128187121,29.788113240757923,1.8691573506225982,1.6942238310847018,0.04232373028901366,4.232373028901366,0.04202509315296234,-0.01945446325323296,-1.945446325323296
611,20.38703333333333,1482.6406926406926,1347.064935064935,12974.0,1505.2857142857142,1299.0,-1.1305070811872566,detected,1482.0060971544306,1343.821976244435,8.516126526427797,50.17239010289995,50.8900102146944,17.873018805453267,27.900389385523802,33.134219910599,35.28894470108455,34.03842147178613,299.0933955172009,22.647612403969152,-15.689668009773719,29.184085506094217,1.8700392393115843,1.6956744179740506,0.041809741212112304,4.18097412121123,0.04295068955430427,-0.01979768834040848,-1.979768834040848
612,20.4204,1481.539393939394,1346.6424242424243,13476.0,1498.375,1290.625,-1.2788420748497429,detected,1482.834597448747,1344.5285736595567,-2.718922294103322,41.44613719935569,41.53522393329772,17.343140585760718,29.32877606766778,34.07288703654069,37.66458378692627,34.763876052622614,299.48278259437006,16.743256111335622,-16.99517135296633,29.531775796388807,1.8710846655504696,1.696566023545182,0.04299417922591886,4.299417922591886,0.04386608965630614,-0.021445011170935436,-2.1445011170935437
613,20.453766666666667,1486.591093117409,1341.497975708502,14026.0,1503.5,1294.5,-1.2254359866157063,detected,1483.616920034079,1345.3555902538633,9.085400942497472,47.55762306066208,48.41768294193715,17.104599406741812,30.664287215388953,35.11218921247974,39.058170091202435,35.453616678619746,299.8892443174568,7.784624536386252,-18.061990484471288,30.11030273896042,1.8720718233868505,1.6976095776073985,0.044305601529942895,4.430560152994289,0.04473642483106593,-0.02279115518545273,-2.279115518545273
614,20.487133333333333,1482.660377358491,1349.5698113207548,13168.0,1501.3333333333333,1295.1666666666667,-1.2401626651766824,detected,1484.261221527347,1346.3170729206677,15.940442230433291,36.598147734464874,39.91894432591495,16.63541196314197,32.150739508293384,36.1995439489724,39.19698304064259,36.090200378091104,299.968673190183,-0.025444336387344106,-19.542314511683383,30.471378794534935,1.8728848221165264,1.698822804947215,0.0456776579797759,4.56776579797759,0.04553968501967332,-0.024659071939032662,-2.4659071939032664
615,20.5205,1486.3972602739725,1344.667808219178,13992.0,1505.5,1301.1666666666667,-1.1570169653674516,detected,1484.8783395386645,1347.4588332064018,22.51389078569173,27.5380570668799,35.56992922861654,16.18755136324224,32.7471777521071,36.529638238910934,39.694725965863256,36.665615057918934,299.92167189617965,-0.4364924889610152,-20.30764217268612,30.36468572621564,1.873663519922605,1.7002635119323684,0.046094180743105284,4.609418074310528,0.04626576032544976,-0.025624785075944633,-2.5624785075944634
616,20.553866666666668,1482.9601677148846,1353.2536687631027,13590.0,1518.0,1317.7142857142858,-0.7924759187919803,detected,1485.295019825343,1348.7371799120315,23.558007065697893,36.9799391616566,43.84627233080705,16.073398202126494,33.237496127006516,36.91998481252256,40.315850571865354,37.17922288960649,299.2195833054046,21.106999232435445,-21.161842462287304,30.253292418482825,1.8741892994641554,1.7018765677123426,0.04658673162463414,4.658673162463415,0.046913845917484535,-0.0267026403309619,-2.67026403309619
617,20.587233333333334,1488.2882352941176,1349.05,14270.0,1504.1666666666667,1302.8333333333333,-1.239865664978254,detected,1485.6704592250703,1349.9760767735133,24.606492254121804,31.864362053052446,40.25937195362299,15.927801890267213,33.48237815428415,37.07781708679847,40.99239254220718,37.634739454003636,301.9902169119563,18.722801516971465,-19.95955363112433,31.24709168496095,1.8746630400316346,1.7034398445091652,0.04678588906851542,4.678588906851542,0.0474886302258721,-0.02518555663233354,-2.518555663233354
618,20.6206,1484.4778761061948,1355.991150442478,13286.0,1517.6,1317.2,-0.8640669071511208,detected,1486.110299572852,1351.180065368743,24.876227725779245,26.890653707761885,36.63241682848125,16.067612615025006,33.62786988646773,37.26931456637905,42.318982102648725,38.03681995287367,303.6409108017402,27.05025273070532,-19.094837698751785,32.00607725895258,1.87521804362505,1.704959073020496,0.04702752626672436,4.702752626672436,0.04799598732223807,-0.02409443242744705,-2.409443242744705
619,20.653966666666665,1485.4642126789363,1356.838445807771,13752.0,1521.3333333333333,1324.0,-0.7413169693174347,detected,1486.645073117419,1352.3323666619885,21.565296288965328,16.373642038924572,27.076893426863055,15.5948306791678,34.57097001050051,37.92559441035617,44.29581846482072,38.3879951902382,304.26544926276193,29.414326472218693,-19.79043902971234,32.352576935849754,1.8758928367412229,1.7064130809615,0.04785563963451883,4.785563963451883,0.04843911065014284,-0.02497216281351715,-2.4972162813517147
620,20.68733333333333,1488.1165354330708,1349.984251968504,14406.0,1521.2727272727273,1323.090909090909,-0.681479153202504,detected,1487.0811289778173,1353.425548637278,10.305345608992866,1.0913936421275139e-11,10.305345608992866,15.299198377606155,35.54330068958751,38.69614573711158,45.586842880769034,38.68672987741336,304.7785896998498,35.86241640185291,-20.46716637055249,32.840322709557896,1.8764430649562365,1.7077924903940418,0.04882794414777487,4.882794414777487,0.0488160629367992,-0.025826077439182957,-2.5826077439182957
621,20.7207,1490.8333333333333,1352.7672955974842,14064.0,1514.6,1314.2,-1.0185219707768862,detected,1487.3026741691278,1354.4825891443404,-0.5145849981299762,0.30793815478546094,0.599686274207691,14.638286958437876,36.04581290387493,38.90475643129936,45.13447462707441,38.927199680011356,307.14209940672845,40.917545755593125,-19.89506914284,33.43301208058204,1.876722617248111,1.709126295450272,0.04909117530763327,4.909117530763327,0.04911949486436765,-0.02510418819285805,-2.510418819285805
622,20.754066666666667,1491.5898251192368,1352.664546899841,14360.0,1523.5384615384614,1326.3076923076924,-0.6897856955052789,detected,1487.8120587824346,1355.5951577635644,-9.393837669515051,49.010917983410764,49.90304868179716,14.392569880692943,35.82146011953316,38.60470272992572,43.925633482220384,39.100971380588746,308.1349656870997,46.93245122419973,-19.2880252780257,33.44092034828252,1.8773653738579619,1.7105301675250026,0.04871255864974854,4.871255864974854,0.04933876514900788,-0.024338202243565553,-2.4338202243565554
623,20.787433333333333,1490.535901926445,1352.5288966725043,14102.0,1525.428571428571,1328.857142857143,-0.5960928768136452,detected,1488.3778612591577,1356.8479859137665,-6.2306431638753565,78.09709958168378,78.34524795612673,14.820896804326818,35.84464136824027,38.787849861809384,42.62847300017301,39.20018702286135,309.75149397769536,50.501140816322014,-18.08090550453383,34.31585862306791,1.8780793202008301,1.7121110232350367,0.04894365913162068,4.894365913162068,0.049463958388468586,-0.022815022718654678,-2.2815022718654676
624,20.8208,1486.7210300429183,1360.8412017167382,13522.0,1515.142857142857,1317.142857142857,-0.994133147425282,detected,1488.9226154213416,1357.9982508748296,2.7347134002247913,88.2729509429355,88.31530176337091,14.616880548976889,35.63364266927663,38.515057923684225,41.58185847170174,39.2213024814206,312.5456598804077,47.43327775742797,-16.369077756660683,34.863490649404966,1.878766707156267,1.7135624616717093,0.04859944217499587,4.859944217499587,0.049490602500215274,-0.020654987705565533,-2.065498770556553
625,20.854166666666668,1487.7748091603053,1361.7595419847328,13786.0,1509.6923076923076,1310.3076923076924,-1.1680952519034795,detected,1489.524791317986,1359.196714676714,12.513997777065015,60.36363869310844,61.647133077188,14.310349063335517,35.85769823502787,38.60777917763243,40.820656597100914,39.16819670636339,315.410303984066,35.83361465198906,-14.98185219374501,35.58236526530531,1.879526550558973,1.7150747188349704,0.048716440602690765,4.871644060269077,0.049423592058502705,-0.018904545354883295,-1.8904545354883295
626,20.887533333333334,1488.7436399217222,1362.9980430528376,13528.0,1509.428571428571,1312.428571428571,-1.1825213075398793,detected,1490.0044869748085,1360.5821704804582,34.65980885341196,5.965006511251886,35.16935672477294,13.833463878257247,35.69012879023508,38.27727806329252,40.424728283426795,39.053718976819596,317.19986163801,26.702783267819118,-14.099408012959064,35.58590605308119,1.8801318447631654,1.7168229280510514,0.04829940449626817,4.829940449626817,0.04927914066475659,-0.017791051120453077,-1.7791051120453076
627,20.9209,1489.1929824561405,1364.2962962962963,13432.0,1517.428571428571,1321.428571428571,-0.9883518797984884,detected,1490.3681708174227,1361.9059773639488,38.18134309816014,3.9420261330838002,38.38430057736283,13.456863202608114,35.33252577544584,37.808392519733665,40.93171993352691,38.89935843055306,317.9525218711776,18.114932776551036,-13.670890952116334,35.25026646000845,1.8805907518200917,1.7184933468314811,0.04770775081354406,4.770775081354406,0.04908436395022468,-0.01725033558626667,-1.725033558626667
628,20.954266666666665,1492.619372442019,1358.8976807639835,14100.0,1540.888888888889,1354.4444444444443,-0.0919973146906648,detected,1490.6737538058978,1363.2295410035026,36.965239137759454,11.493529135941117,38.710852696762835,13.944745822405947,35.44273532909626,38.087313158844324,42.070102155370776,38.733340539573874,318.0360424340347,12.106235687327608,-13.330412137837193,35.67833426458246,1.8809763454964012,1.7201634586794987,0.04805970114680672,4.805970114680672,0.04887487765245915,-0.016820709322192044,-1.6820709322192045
629,20.98763333333333,1494.2390317700454,1360.3540090771558,14232.0,1512.2222222222222,1314.2222222222222,-1.1990946679522787,detected,1491.0104546607936,1364.5688052767941,19.797808945143515,42.26415288626822,46.67131729683938,14.793802426402271,35.11242866019829,38.101695981267554,42.72645113933105,38.58774461448432,317.70911369848994,19.905104442923914,-12.683432780390017,35.92867614530583,1.881401204619298,1.7218533820527373,0.04807784981863414,4.8077849818634135,0.048691160396825646,-0.01600433158408835,-1.6004331584088352
630,21.021,1496.1454545454546,1361.8363636363636,14330.0,1528.1538461538462,1335.8461538461538,-0.6820039289090052,detected,1491.32699538846,1365.785639249669,5.937754353052696,62.41510855829483,62.69691143191126,15.750471222473582,34.850924661656016,38.24479433207076,43.15579963653873,38.49514871782327,316.65961272259585,16.42756413727192,-12.464129526536592,36.156738910583606,1.8818006250958488,1.7233888192424847,0.04825841556097257,4.825841556097258,0.0485743201486729,-0.015727608235377406,-1.5727608235377406
631,21.054366666666667,1491.7943548387098,1367.5806451612902,13472.0,1531.6666666666667,1338.0,-0.6382868440358738,detected,1491.741509267189,1367.088656856932,12.058778812432138,66.16257895847002,67.25251668809831,16.81741328586299,35.15322559804489,38.968893486658814,43.72350774726702,38.485086724194275,316.9203762305552,18.026028636139724,-11.726620849766105,37.16262938787285,1.8823236709996078,1.725033005497706,0.04917210534594173,4.917210534594172,0.048561623626743565,-0.014796997917685939,-1.479699791768594
632,21.087733333333333,1493.1974789915969,1369.9579831932774,13540.0,1537.111111111111,1350.2222222222222,-0.4223733197658122,detected,1492.3548624985133,1368.3055780613379,8.717658207883687,50.1589378491899,50.910869279441464,18.0429740904457,35.31706719325562,39.659099197553985,45.10686334895569,38.58052637880709,318.8639392319795,15.317079291895473,-9.644254201196697,38.46859121496558,1.8830976182946542,1.7265685527587862,0.05004302737861702,5.0043027378617015,0.0486820522130058,-0.012169405932109398,-1.2169405932109398
633,21.1211,1494.6311787072243,1371.2053231939165,13596.0,1532.5454545454545,1342.7272727272727,-0.6442154933168623,detected,1493.0699427914167,1369.436743204724,16.0346992898194,24.730305024440895,29.473709775269572,18.996905273082838,35.15177665573578,39.95659910464369,47.14349426469301,38.79471124079889,320.1170794350379,17.932267212332437,-7.962658968848981,39.155151310587755,1.8839999278125132,1.7279958904791473,0.05041842158314662,5.041842158314662,0.04895231702309009,-0.010047519203594929,-1.0047519203594928
634,21.154466666666668,1493.2334630350194,1370.852140077821,13594.0,1541.0588235294117,1354.470588235294,-0.3300033043851336,detected,1493.8265457801087,1370.32413937347,4.581213723770816,17.346984623421122,17.941722177875647,19.651090575315028,35.501503491712185,40.57735958599682,49.139686919973904,39.12887302241915,319.50926753998027,18.48280100857272,-8.107144738535098,39.75922930791957,1.884954631899191,1.7291156332788267,0.051201715565926585,5.120171556592658,0.04937397226803678,-0.010229835632220944,-1.0229835632220943
635,21.187833333333334,1494.4514851485148,1371.259405940594,13606.0,1538.3636363636365,1352.3636363636365,-0.4063583436472875,detected,1494.636713617663,1371.2026564644843,-3.418579751750258,25.005156122524568,25.23775981007238,19.905441827838757,35.08949997391593,40.342280832656435,48.92579570806433,39.571278122296526,321.3593455008525,17.8098285597797,-6.363381110146978,39.837256477171515,1.8859769257005212,1.730224172194933,0.05090508622417216,5.090508622417216,0.049932212141699094,-0.008029502978103443,-0.8029502978103443
636,21.2212,,,,,,,lost,1495.5045227918908,1371.988825790935,5.377394266159172,24.13279512043573,24.724647002912867,19.55455047458069,34.02383718862694,39.24285847515593,47.14177675174211,40.097756003748536,325.0563813690696,10.349180470951506,-3.4586566806194483,39.090147547262134,1.8870719530497047,1.7312161839633249,0.049517802492310324,4.9517802492310325,0.05059653754416219,-0.00436423555914126,-0.436423555914126
637,21.254566666666665,1493.6517647058824,1374.3905882352942,13634.0,1518.1052631578948,1326.5263157894738,-1.098472727054307,detected,1496.191036479924,1373.1337219758484,9.86056650289538,20.229983270296543,22.50517706827699,18.69746341574031,35.184584496625945,39.84407263801177,45.102448283497125,40.67343190235168,323.88658669855863,11.815189738237855,-5.632501955916867,39.44394815557579,1.887938216378453,1.7326608479190517,0.05027643235080349,5.027643235080349,0.05132294246353525,-0.007107257988538634,-0.7107257988538634
638,21.28793333333333,1494.5304518664047,1376.2082514734775,13140.0,1522.8333333333333,1333.5,-0.9855429022892106,detected,1496.8604737318205,1374.344656541863,32.74907785596861,20.279247066144308,38.51947510008432,17.849620026755797,36.34912572296199,40.4952821440135,44.04671943313838,41.25510530934133,323.35947056880985,2.243196473572992,-7.370434671550516,39.81889713032827,1.8887829321537168,1.7341888410622879,0.05109814781578991,5.109814781578991,0.05205691521683449,-0.009300233024038507,-0.9300233024038507
639,21.3213,1495.857142857143,1378.344537815126,13520.0,1527.2307692307693,1337.5384615384614,-0.9153418948509844,detected,1497.494734640239,1375.705092904871,48.55208996201691,20.21869388493542,52.593735578417586,17.082897255769456,37.26043852223407,40.98982382885245,43.722072651525416,41.79372544875403,321.92552516733014,-7.853173667511128,-9.530137632304172,39.86655408020236,1.889583261375696,1.7359054800061464,0.051722175178362716,5.1722175178362715,0.05273656208044673,-0.012025410261582551,-1.2025410261582552
640,21.354666666666667,1501.3953488372092,1372.6046511627908,14376.0,1530.5454545454545,1341.6363636363635,-0.8156323011504752,detected,1497.9776970212702,1377.0339296442812,52.99738829754733,35.931208637537566,64.02948477471345,16.737779446509222,37.086506527089355,40.688600703192385,43.197755792129655,42.236683224863484,321.8402018648707,-23.00255062592246,-9.75339304046795,39.50232336688539,1.8901926776293632,1.737582245607926,0.05134208290623645,5.134208290623645,0.05329549933736718,-0.012307120555795522,-1.230712055579552
641,21.388033333333333,1502.1107491856678,1373.312703583062,14442.0,1542.75,1360.25,-0.311000226498054,detected,1498.6004181388416,1378.3152247242344,46.42353992125754,38.412492709941034,60.254996929813764,16.85232693608171,36.311190435607735,40.03128119373093,42.722574634922246,42.53001736189174,323.08846643077135,-15.694876985114194,-8.333307713970205,39.15430316779805,1.890978445601062,1.7391990217340498,0.05051265765770465,5.051265765770465,0.053665637049705665,-0.01051521478103496,-1.051521478103496
642,21.4214,1498.4125736738704,1381.4774066797645,13784.0,1542.0,1357.8,-0.4976201918338431,detected,1499.2693064934274,1379.555352166519,29.181318930061025,41.81800187092813,50.99308438381509,16.978033907476863,35.38305737783625,39.24556516049535,42.26049886600944,42.62094712501886,319.8910544259386,-23.639974139391594,-9.810134867809381,37.99967945446484,1.8918224687614227,1.7407638513142196,0.04952121786813294,4.952121786813294,0.053780374921159446,-0.012378719076100166,-1.2378719076100166
643,21.454766666666668,1499.8108108108108,1382.791505791506,13790.0,1541.8333333333333,1358.5833333333333,-0.5226426495306828,detected,1499.990150404402,1380.6560498014035,16.1121672077561,48.2036393842518,50.82511959668843,16.92840658412181,34.89729221770517,38.786491896087284,40.93124913080589,42.46125062585802,318.629254097617,-25.91187383191054,-10.360725582744127,37.377096182078084,1.8927320509834726,1.7421527442289004,0.048941945610204776,4.894194561020478,0.053578865143038515,-0.013073470766869561,-1.3073470766869562
644,21.488133333333334,1502.9042016806725,1376.3159663865547,14194.0,1529.5454545454545,1342.8181818181818,-0.8989193164674802,detected,1500.5820049293125,1381.891541047661,6.005298350380144,61.367651166910946,61.6607834690798,16.254511431185428,34.890310866946706,38.490816232690065,39.30411144441482,42.011829824920156,318.04436578126854,-30.921505244907312,-11.238216296090465,36.813658181998214,1.893478870573265,1.743711723719446,0.04856885329046065,4.856885329046065,0.05301177264974152,-0.014180714569199327,-1.4180714569199326
645,21.5215,1504.6574202496531,1379.73092926491,13944.0,1538.571428571429,1354.428571428571,-0.6409836921087185,detected,1501.2071019162668,1383.310196691161,0.8889698225775646,61.21466395678908,61.221118502425824,15.69664702623958,34.742064966346604,38.123428570791006,38.70936867273147,41.24837858746861,317.18693874314425,-27.096812614415732,-12.096337170306468,36.15348438331312,1.894267636487403,1.7455018254778059,0.04810527264453124,4.810527264453124,0.052048427239708026,-0.015263516934140655,-1.5263516934140655
646,21.554866666666666,1502.3870967741937,1387.0524193548388,13514.0,1547.5,1367.8333333333333,-0.4027359113476591,detected,1501.708832139907,1384.781416035447,-6.113347153797804,50.13314048740904,50.50450265622996,16.257868792039833,34.408296588912265,38.055869084935296,39.30322045221046,40.16755980804442,315.68669056039096,-26.141287831231626,-12.403999429441708,35.97763152243549,1.8949007345613968,1.7473582536724883,0.048020024081937285,4.8020024081937285,0.050684618054314734,-0.0156517342958255,-1.56517342958255
647,21.58823333333333,1502.131021194605,1387.1560693641618,13480.0,1537.3333333333333,1352.0,-0.7847409173534062,detected,1502.1147204604542,1386.1411467077062,-5.352533276482973,44.23309715380492,44.55576838405778,16.236090151499152,33.622422398398946,37.33735276293657,40.40408552506865,38.792699644694906,315.2887189442007,-17.78859443217772,-12.116183287171124,35.3167950682907,1.8954128964800685,1.7490740021548343,0.04711337888067706,4.711337888067706,0.048949778731476226,-0.015288559352897317,-1.5288559352897317
648,21.6216,1501.111111111111,1387.6590038314175,13534.0,1516.6666666666667,1326.3333333333333,-1.3223807463507165,detected,1502.5492518553508,1387.3345940945323,-2.9000296411550153,33.61992866791661,33.744774048071186,16.459611957354024,32.99184674252758,36.86978135640486,40.969493067556094,37.17780880475187,316.4729494394581,-16.866184351060756,-10.787354495909534,35.25640027354862,1.8959612010793072,1.7505799294568232,0.04652338341502191,4.65233834150219,0.04691206158328312,-0.013611803780327489,-1.361180378032749
649,21.654966666666667,1501.8760330578511,1389.8677685950413,13376.0,1548.1333333333332,1370.9333333333334,-0.388522303119762,detected,1502.9314535023957,1388.5640104111446,4.742670994350192,37.029610042258355,37.33209005724661,16.35890286396575,32.22125056649403,36.136168736896536,41.19074842371405,35.40864840386239,316.24508726791566,-20.410063155315626,-10.467299193557855,34.58696775628071,1.8964434744509726,1.7521312434210028,0.04559768925791361,4.559768925791361,0.04467968252853299,-0.013207948509221268,-1.3207948509221268
650,21.688333333333333,1502.0307692307692,1391.3054945054946,13246.0,1534.909090909091,1354.1818181818182,-0.8459701680955687,detected,1503.1398382144853,1389.8157088277978,22.92673352040765,26.78064951734723,35.25391181821918,16.440530657462286,31.36632284639814,35.41380037786732,41.433383925110256,33.59939332925467,314.3033873403337,-29.445224416905067,-10.964340652159128,33.67373592678493,1.8967064204599184,1.753710673599745,0.04468618344210387,4.4686183442103875,0.042396710825557946,-0.01383513016045316,-1.383513016045316
651,21.7217,1502.4624277456646,1391.5105973025047,13576.0,1535.2857142857142,1355.142857142857,-0.8365804943199494,detected,1503.4489831408132,1390.8860520704816,25.197401923895995,9.847125119671546,27.053187184448785,16.06729077036787,29.697137346101986,33.765038120114625,40.864988573566094,31.88320651753762,312.5607047251284,-39.208761682942296,-11.00630818263349,31.920823602183088,1.8970965086950327,1.755061264442248,0.0426057263345295,4.2605726334529495,0.040231175416451256,-0.013888086034868758,-1.3888086034868758
652,21.755066666666668,1507.4388059701494,1386.7492537313433,14422.0,1520.1538461538462,1333.3846153846157,-1.336890464944838,detected,1503.7208983471558,1391.8148172587796,24.73628254961568,5.197274829348316,25.276379092468897,16.176993420490774,28.103891081794814,32.42720786722144,39.51587177558039,30.395270467206647,309.9464866678302,-45.26849964163291,-11.15890026792521,30.446719936217868,1.8974396193654963,1.7562332078975138,0.04091761245075261,4.0917612450752605,0.03835365358638063,-0.014080631252902475,-1.4080631252902476
653,21.788433333333334,1508.717095310136,1389.0136157337367,14410.0,1535.090909090909,1354.3636363636365,-0.9201976549861858,detected,1504.2090830719183,1392.6786498251815,14.930290985836109,22.293639140911182,26.83132376657749,16.428012337624413,26.714087954237705,31.361155664163398,38.797662296257776,29.248829512063974,307.55481083757485,-50.95146100631397,-11.164940370636517,29.30641894043042,1.8980556253273417,1.7573232174450242,0.039572436169291354,3.9572436169291354,0.03690704039377158,-0.014088252833610747,-1.4088252833610748
654,21.8218,1504.642857142857,1394.7521008403362,13564.0,1539.9166666666667,1361.75,-0.7521379560488082,detected,1504.8245255961228,1393.4109568311096,2.152355273034118,35.05340559532851,35.119423074019394,16.660804440871775,24.81014078633973,29.88520521018671,38.52633821375685,28.50961552991858,305.4451227308392,-39.53577083898144,-10.550127865038466,27.96104955981284,1.8988322089540983,1.7582472641402016,0.03771003812010942,3.7710038120109415,0.03597427827119064,-0.013312464183013838,-1.331246418301384
655,21.855166666666666,1504.7737556561085,1394.7963800904977,13590.0,1534.9565217391305,1355.391304347826,-0.9171579528043472,detected,1505.5071240676516,1393.8548420658392,1.367748799997571,29.433906586797093,29.46566805182248,17.390107394233517,24.408711766208334,29.970002423570346,38.74612088082998,28.179457184026912,302.92556600355584,-27.216858225130572,-11.035745038486844,27.8641952461277,1.8996935319465638,1.7588073716919108,0.03781703775844839,3.7817037758448393,0.03555767468016014,-0.013925230332475514,-1.3925230332475513
656,21.88853333333333,1505.0019417475728,1395.5106796116504,13496.0,1527.2631578947369,1344.842105263158,-1.1568345175430177,detected,1506.1984422886478,1394.3404860023406,21.517338062617455,15.594409246131363,26.574074528321646,18.575025044170292,23.805733307149538,30.19510711493971,38.41798659581826,28.19944549411632,302.64042194306154,-22.589951225557257,-10.027425182927585,28.481489390189413,1.9005658577774738,1.7594201716117863,0.038101081533046956,3.8101081533046957,0.035582896522544254,-0.012652902439025344,-1.2652902439025344
657,21.9219,1508.4776579352852,1392.1725731895224,14194.0,1536.923076923077,1358.0,-0.8766062007241576,detected,1506.964006187071,1394.8541830050308,35.9786679074723,2.140757805661451,36.0422999873576,19.531503383931003,23.279458141292068,30.387707971952704,36.50690115267471,28.473373071598466,300.6397957545501,-20.5834964753291,-10.075353885503112,28.66879906571873,1.9015318690057679,1.7600683697224364,0.038344111005618554,3.8344111005618555,0.035928546462584816,-0.012713380297164812,-1.2713380297164811
658,21.955266666666667,1504.7552182163188,1397.8216318785578,13608.0,1537.4444444444443,1360.2222222222222,-0.8551422883450495,detected,1507.8213241929786,1395.3964373261394,41.59143268458229,15.310633724611762,44.32000426224437,20.030353603537822,22.590661152403047,30.191936618664474,35.38653965724729,28.900815166326232,301.0865953347015,-21.027135770546447,-9.004036729324925,28.818056134347792,1.9026136582876703,1.760752602304277,0.03809708090683215,3.809708090683215,0.0364679055726514,-0.011361560541734922,-1.1361560541734923
659,21.988633333333333,1509.038338658147,1392.511182108626,14384.0,1539.2727272727273,1364.5454545454545,-0.7464375359242003,detected,1508.6948964895573,1396.1704183914458,37.12408879350551,26.243439818111256,45.463348999330314,20.478843273416786,22.651232776420823,30.536230417469163,35.35473206892153,29.40638186719764,300.6345583149088,-5.828656747440378,-9.054700510249361,29.162883375593346,1.9037159577155298,1.7617292345633386,0.03853152103150683,3.8531521031506832,0.03710584462737873,-0.011425489602838311,-1.142548960283831
660,22.022,1509.9225806451614,1394.5870967741937,14374.0,1528.75,1350.5,-1.1671901196599472,detected,1509.5807989821005,1396.692796175645,31.009539824361127,24.26185284362873,39.37294837225851,20.499054821490315,23.709048422613662,31.342147751555007,35.49497491858491,29.957006787100998,298.55831756194664,10.48073933147938,-11.024757254069716,29.339136885210884,1.9048338157502847,1.7623883863415082,0.03954845142152052,3.9548451421520516,0.037800639478991795,-0.013911365620277245,-1.3911365620277245
661,22.055366666666668,1510.4730158730158,1397.6857142857143,13942.0,1531.5384615384614,1352.1538461538462,-1.1374703021871084,detected,1510.3740073753947,1397.2819609451687,26.443681766185364,14.702350182392365,30.25603090686181,19.934065730474796,24.579395574852782,31.646700671191336,35.778915806585594,30.56526109406725,297.3368224770938,6.653564675057773,-12.680292259339849,28.995238429606133,1.9058347096219492,1.7631318119181942,0.0399327453264244,3.99327453264244,0.03856815280008486,-0.01600036878150139,-1.6000368781501388
662,22.088733333333334,1512.9337442218798,1397.7565485362095,14074.0,1532.8235294117646,1354.3529411764705,-1.141101352843241,detected,1511.1314417261992,1398.1184188713667,27.07611597126106,9.120837487315839,28.571064603182084,19.423912456871225,25.36162584816816,31.945272589143272,35.72224010181014,31.279795745068157,298.9924493140286,21.967274155191905,-12.768737224242294,29.28241435559776,1.9067904627459928,1.764187279332955,0.040309492226048294,4.030949222604829,0.039469773810811556,-0.016111971260873558,-1.6111971260873559
663,22.1221,1511.9444444444443,1397.9281045751634,14282.0,1525.7142857142858,1345.7142857142858,-1.3129467530391898,detected,1511.8367319980946,1399.023084097197,17.05827427523309,17.319685576883785,24.309591311480233,18.656534616692234,26.561513095029028,32.45890111820229,37.17567406346847,32.165529610947964,300.9624669238406,24.292069605776078,-13.178269366951257,29.663335589466477,1.9076804189250407,1.7653288127409426,0.04095760393464012,4.095760393464012,0.040587419067442225,-0.016628731062399062,-1.6628731062399063
664,22.155466666666666,1513.7040650406504,1399.0861788617883,14214.0,1531.7777777777778,1354.888888888889,-1.1826132289077187,detected,1512.5014387185245,1399.8406977857244,0.7438901109280778,18.851143913349006,18.86581562877502,17.642623815915545,28.36980944962454,33.40820652650957,39.59793738776702,33.278352122150956,303.07068705930544,27.335851479104527,-14.146734613209366,30.26513114297277,1.9085191655754252,1.7663605019378228,0.042155465648592516,4.215546564859252,0.04199161151060058,-0.01785076922802444,-1.785076922802444
665,22.18883333333333,1508.581344902386,1405.3796095444686,13792.0,1525.6666666666667,1346.3333333333333,-1.2891341817751245,detected,1513.1938705624898,1400.551638733656,7.128000454843459,45.51953337943996,46.07424779164818,17.141702260138956,30.793129681795627,35.24279773194994,41.579066179371836,34.641685423549454,303.64120657877373,20.059044470178208,-16.139650575794043,31.329961239465437,1.90939289660882,1.7672575883074526,0.04447040723274441,4.447040723274441,0.04371190589722329,-0.020365489685544535,-2.0365489685544533
666,22.2222,1512.5632,1399.9104,14488.0,1541.6363636363635,1370.1818181818182,-0.7965439386806525,detected,1513.8802651634269,1401.4229675856477,13.6830586453043,51.6915606923194,53.47189486729058,16.169770199044542,32.770532587805455,36.54270480380904,42.45459622470065,36.23257585194112,305.5173819941681,18.298276063041097,-17.279398188222395,32.19924956627382,1.9102590096699394,1.7683570568904072,0.04611066852215652,4.611066852215652,0.04571933861443675,-0.021803657019838985,-2.1803657019838987
667,22.255566666666667,1515.3696369636964,1402.0825082508252,14356.0,1550.0,1379.5,-0.5778510613937574,detected,1514.515522983928,1402.4267589802896,26.75567013705404,49.74925967153831,56.48765106064327,14.854256970657154,34.56296171546542,37.619772363679246,42.10253414305616,37.98119101733043,306.1994206381611,29.452110520568123,-19.11825763855285,32.399683602790944,1.9110605968251457,1.7696236706375896,0.0474697443074817,4.74697443074817,0.04792579308180497,-0.024123984401959436,-2.4123984401959437
668,22.288933333333333,1515.6016949152545,1405.1101694915255,14082.0,1539.0,1365.0,-1.0427087417344076,detected,1514.9732485293218,1403.6899117107207,23.337792064520727,35.6645776327332,42.62176247139552,13.443116061081966,36.75140801422419,39.13289358659416,41.71086291820059,39.78178695493395,308.04546151370306,31.945864607223438,-20.65773123957887,33.236147497762566,1.911638168491258,1.7712175542091115,0.049379045535134586,4.937904553513459,0.05019783842893874,-0.0260665378417399,-2.6066537841739903
669,22.3223,1515.8782343987823,1405.6103500761035,14156.0,1544.0,1374.0,-0.8437357260993193,detected,1515.3387586360677,1405.1388909296609,13.146691220264074,4.463202305802042,13.883647390490914,11.703786953537524,38.621910169805346,40.356295348040916,41.98859789155509,41.50960845367248,309.15076668601273,29.679475356292514,-22.561460578738963,33.46058981506926,1.91209937998242,1.7730459191541463,0.05092277015525668,5.092277015525668,0.05237805483113247,-0.028468719973172196,-2.8468719973172196
670,22.355666666666668,1511.015748031496,1411.3779527559054,13584.0,1529.3333333333333,1351.6666666666667,-1.273140857096157,detected,1515.511866810035,1406.6728421381015,2.0626720378195387,33.147966999038545,33.21208111674051,9.903604270428612,39.55157292938445,40.772641547165776,42.18632004809264,43.03846917506654,311.4269643357313,30.46407245231079,-23.102893577601954,33.59560398438562,1.912317813009508,1.774981504275207,0.05144812813522496,5.1448128135224955,0.05430721662468964,-0.029151916186248523,-2.9151916186248523
671,22.38903333333333,1516.0134003350083,1405.6046901172529,14132.0,1548.923076923077,1383.2307692307693,-0.597079841557741,detected,1515.5751476869154,1408.255841493869,2.33445346915596,49.65446727909875,49.70931294808592,10.003952966809717,39.854621290032405,41.09099552376463,42.067671704882095,44.256108477206396,314.1672925061992,29.756071697099504,-21.61774578091117,34.944856280802505,1.9123976626964234,1.7769789798029894,0.05184983662304686,5.184983662304686,0.0558436700027841,-0.027277912657301166,-2.7277912657301164
672,22.4224,1514.6985507246377,1407.2956521739131,14254.0,1562.0,1401.142857142857,-0.1293499838159502,detected,1515.675476872164,1409.8885433726432,7.523506166491643,47.46932992115762,48.06183962564217,9.978446026596707,39.706655415079126,40.94127342129866,41.86907585527443,45.07645708728498,318.23791307839565,25.727643172957187,-19.00309114023228,36.263899355606554,1.912524261037431,1.7790391714481304,0.051660912834446265,5.166091283444627,0.056878810204776004,-0.023978663899346726,-2.3978663899346726
673,22.455766666666666,1512.9425742574258,1416.0554455445545,13556.0,1549.0,1381.6,-0.7626830954612287,detected,1515.8264809515774,1411.6338982284371,6.691311158291683,40.29145323008379,40.84329624808835,9.936980717679617,39.59945951559856,40.82720636672396,41.5291102117207,45.44879640592842,317.7201174252799,29.386618230874795,-19.28859869223401,35.983478711778474,1.9127148024625584,1.7812415119601732,0.0515169796425539,5.151697964255391,0.05734863899801694,-0.02433892579461705,-2.433892579461705
674,22.48913333333333,1516.624808575804,1410.6431852986218,14274.0,1552.6666666666667,1390.0,-0.5201461108644231,detected,1515.889088136721,1413.260882630915,6.701883148181878,35.28436153976145,35.915197437860215,10.446155666047282,39.36695862683437,40.729345682519636,42.16007845195945,45.36379772353055,317.78976642673433,31.337692862430007,-18.71149833452325,36.17678025755352,1.9127938020652633,1.783294489124183,0.05139349612936232,5.139349612936233,0.05724138514010165,-0.023610723450502524,-2.3610723450502524
675,22.5225,1516.756446991404,1412.32664756447,14408.0,1545.5384615384614,1379.2307692307693,-0.8550012966950747,detected,1516.1209785550311,1414.846676126983,7.695035484597611,71.17499763847263,71.58976085967741,11.62018393791337,38.51438738276537,40.229177349538936,43.63702217315313,44.85608353134078,318.57401833502945,28.854888122386182,-16.770176374059908,36.56703289307979,1.9130864082713328,1.7852954903810514,0.050762368895317274,5.076236889531727,0.05660073631714925,-0.02116110583477591,-2.116110583477591
676,22.555866666666667,1518.1323741007195,1413.441726618705,14514.0,1548.1538461538462,1381.2307692307693,-0.8205660436000369,detected,1516.3901969226774,1416.1682696340513,0.9164825107582146,87.60497651622973,87.60977029191257,12.107692330342582,38.08341553934282,39.961766136001735,45.329125299961696,44.00252182724469,319.71297390871024,15.347054903474586,-15.389459919332499,36.87963226633034,1.9134261159907604,1.7869631162574782,0.050424941496532164,5.0424941496532165,0.05552368684825829,-0.01941887686982019,-1.941887686982019
677,22.589233333333333,1517.29718875502,1420.5461847389558,13664.0,1546.571428571429,1381.428571428571,-0.9283426503515368,detected,1516.7949700143529,1417.351566092348,-4.910281201548969,74.64326595552211,74.80459888258937,12.972052722274645,38.165765244314414,40.31004575181714,46.90877282222471,42.915132723319694,319.97261673397975,5.396209752687087,-14.613268566976071,37.56796734324364,1.9139368706805715,1.7884562348168431,0.050864411043302395,5.086441104330239,0.05415158703258006,-0.018439455605017127,-1.8439455605017128
678,22.6226,1516.5073375262054,1421.1488469601677,13636.0,1544.1538461538462,1378.3076923076924,-0.9977139299387744,detected,1517.1221490498644,1418.543422327781,-2.7675690660116743,48.6409039788723,48.71957489979792,13.831430675202096,37.877521505948565,40.32387766518143,46.76267465561783,41.72762824603311,318.0396693826896,-1.5065178751827593,-15.040352438733944,37.41394002875382,1.914349714889419,1.7899601543568215,0.05088186456174313,5.088186456174313,0.052653158670073336,-0.018978362698717912,-1.8978362698717912
679,22.655966666666668,1515.995983935743,1422.2329317269075,13654.0,1560.875,1404.75,-0.3714714403317407,detected,1517.4066764823162,1419.7056488631185,-4.55849105105608,25.920078993748575,26.317871032906986,14.700131578114934,36.67942197235725,39.51548892067686,45.78004445651674,40.57576829806156,317.46363283157376,-0.2258690980075168,-13.965650133393686,36.96531456638475,1.9147087400407776,1.7914266862626103,0.04986181567277837,4.986181567277837,0.051199707631623424,-0.017622271461695503,-1.7622271461695502
680,22.68933333333333,1516.8136882129277,1423.3269961977187,13708.0,1552.842105263158,1392.5263157894738,-0.7073316834743132,detected,1517.8193968074218,1421.0601562264264,4.785752746719481,19.08293523734301,19.673887430433275,15.639238941581452,36.60718712357595,39.807938200469295,44.277912368809105,39.57421185713746,318.5965417417575,0.688825138009221,-12.479882572566378,37.8011173743229,1.9152295227853904,1.7931358438188347,0.05023083684601804,5.023083684601804,0.049935914015315414,-0.015747485895982814,-1.5747485895982813
681,22.7227,1516.3835051546391,1423.781443298969,13652.0,1553.2,1390.8,-0.7305083008032921,detected,1518.4194629221156,1422.4105357977587,32.24102269899504,9.161650154421295,33.517448862184025,16.911738582263133,35.714423206645264,39.516160325342454,43.535679521206866,38.79566754460487,318.0802244876402,-7.096221821963764,-11.276724669927928,37.87297727373448,1.9159867040026697,1.794839792804743,0.04986266287109458,4.986266287109458,0.04895352371558974,-0.014229305577196125,-1.4229305577196125
682,22.756066666666666,1522.590831918506,1417.9354838709678,14438.0,1550.8333333333333,1388.5,-0.8060787119945872,detected,1519.1805664669405,1423.5728835290436,40.95774547543624,1.5041010414561242,40.985353900796405,17.713382518487183,35.02636835037634,39.25061018713585,44.75225471947635,38.25966072711482,317.57429061595684,-10.620618646163956,-10.554786491687352,37.80485262737294,1.9169470870245306,1.7963064776391717,0.04952758383234808,4.952758383234808,0.04827717441907233,-0.013318342576261645,-1.3318342576261644
683,22.78943333333333,1517.112,1425.784,13486.0,1548.6153846153843,1384.6153846153843,-0.9176202067799848,detected,1519.938424519956,1424.6487666324163,41.35296407048918,0.26225920734395913,41.3537956819807,18.22558524450823,33.651311935862765,38.269867422158335,45.54198872173476,37.93566489855782,315.0090659559315,-21.594989359895905,-10.901831510130789,36.684231247694086,1.917903374788588,1.7976640588421657,0.04829005352953734,4.829005352953733,0.047868346875151825,-0.01375625427145841,-1.375625427145841
684,22.8228,1521.2257053291537,1423.6457680250785,14036.0,1538.7142857142858,1371.0,-1.2500719995541718,detected,1520.7742836631514,1425.374408488248,38.65977500761255,12.064264264553458,40.49845275913891,18.645485983297554,32.75199438989989,37.68749506228,45.433816730063974,37.75913180364309,314.2024184955043,-20.67926845062198,-10.47974198018497,36.20113661334583,1.9189580866412006,1.79857969525331,0.0475551988167571,4.75551988167571,0.04764559218125312,-0.013223649186353275,-1.3223649186353275
685,22.856166666666667,1523.5617391304347,1423.5582608695652,14260.0,1562.2,1409.4,-0.3512371388041083,detected,1521.5934478708232,1426.359834719,25.967524545896595,16.699689971125736,30.873807283415168,18.928120486210652,32.57854692445622,37.67805017313798,45.05656800484719,37.65333933907657,314.4698285510234,-5.843431889850867,-9.988900577868746,36.32984076616572,1.9199917323291145,1.7998231352921137,0.04754328097556844,4.754328097556844,0.04751210011239946,-0.01260429094999211,-1.260429094999211
686,22.889533333333333,1523.9347826086955,1424.3167701863354,13946.0,1561.888888888889,1407.2222222222222,-0.4231869217966032,detected,1522.46479167317,1427.2835271493623,25.721437572983632,38.17316281670173,46.03023691283061,18.789641486735217,32.36964122181542,37.42785460093984,44.58496460448936,37.54891989615125,315.13769566601746,-11.460563717626576,-9.515544766854296,36.198048397932794,1.921091219776871,1.8009886777909936,0.047227576783520304,4.72275767835203,0.047380340562966874,-0.012006996551235705,-1.2006996551235705
687,22.9229,1524.3899371069183,1425.503144654088,14144.0,1556.842105263158,1401.3684210526317,-0.6394578166188858,detected,1523.3578553163036,1428.10731277515,20.084436664717032,62.33911759343391,65.49465763302386,18.56400489427848,31.255091151572238,36.35248272962776,44.57721591526899,37.396099064751425,315.9451142905772,-9.966203677543977,-8.391669789883759,35.370649962156996,1.9222181139637902,1.8020281549213248,0.04587064066830002,4.587064066830002,0.04718750670631095,-0.010588857779033135,-1.0588857779033134
688,22.956266666666668,1521.0347826086957,1433.4173913043478,13644.0,1546.0,1383.5,-1.1070442027443037,detected,1524.098464091531,1428.8344837654317,15.1959524636477,64.85571795748274,66.61216948169448,18.870817487353104,30.490026042409614,35.857348489644465,43.10524526781708,37.16879096792091,313.3154069697127,-1.1893116881421562,-9.238541102137942,34.64677184113862,1.9231526360776419,1.8029457208396615,0.04524586560207504,4.524586560207504,0.04690068260936393,-0.011657465113107814,-1.1657465113107814
689,22.98963333333333,1520.708661417323,1434.2952755905512,13692.0,1550.0,1388.0,-1.0066741838204702,detected,1524.8165322763834,1429.7401703026967,25.894839335912366,52.29720044992155,58.3570036853503,18.96626184883846,30.13330918525921,35.605272235627304,40.96422244850399,36.8623228472042,312.61367772639124,1.2279411101075834,-9.33503209561115,34.35975242557842,1.9240587158061622,1.8040885429687026,0.04492778830993982,4.4927788309939825,0.046513972046945365,-0.011779220309919432,-1.1779220309919431
690,23.023,1526.096930533118,1429.1534733441033,14490.0,1558.4,1402.8,-0.6843128078339803,detected,1525.5778529041304,1430.9064980555272,33.49313822877775,26.034943174036925,42.4217936264763,18.932493023594784,30.56353742313163,35.95231719797255,38.802778127754756,36.48741223946992,312.0455323380451,-0.698921140047771,-10.017387843950669,34.528554164452096,1.9250193727496916,1.8055602499123373,0.04536569993435022,4.536569993435021,0.04604089872488318,-0.01264023702706709,-1.264023702706709
691,23.056366666666666,1527.6289855072464,1432.3565217391304,14332.0,1561.3333333333333,1406.6666666666667,-0.6512710239736655,detected,1526.2158101611697,1432.074919736865,28.464005765920774,5.036397431121259,28.906139889763487,18.62761178346254,30.966140624143883,36.13709708747572,37.97745930763919,36.06288977299378,311.8207141499552,-8.594921600882172,-10.656123519577147,34.53023048641815,1.9258243661339682,1.8070345990370538,0.04559886067820281,4.5598860678202815,0.045505223688320225,-0.013446212642999555,-1.3446212642999555
692,23.08973333333333,1527.9030303030304,1433.4969696969697,13898.0,1554.0,1400.6666666666667,-0.8991698659137352,detected,1526.7644095161909,1433.3071060547536,8.950585870084979,16.685220395174838,18.934348867952213,17.87769829796017,31.306838270596224,36.05177137026912,38.41095392433159,35.6092272937816,312.46019659980544,0.5350568004532354,-11.027671829484296,34.323762511638414,1.926516605067749,1.8085894082709826,0.04549119415806829,4.549119415806829,0.04493277891959824,-0.013915043317961258,-1.3915043317961258
693,23.1231,1528.235632183908,1432.896551724138,14188.0,1553.0,1396.6666666666667,-0.971206882560674,detected,1527.296853432869,1434.549977841524,-1.1673668319572243,24.037611870494402,24.065941281339637,16.983807234189705,31.87912061799501,36.12101935915969,39.14116319299946,35.14437299062193,313.7881087942169,-3.160402345183142,-11.260978333737617,34.32081593598674,1.9271884585903711,1.8101577007464027,0.04557857332386081,4.557857332386081,0.04434621197554818,-0.014209436383265132,-1.4209436383265133
694,23.156466666666667,1527.2868632707775,1435.4101876675604,14084.0,1555.142857142857,1399.428571428571,-0.9120031718639356,detected,1527.672179224513,1435.7746945473987,-2.441816641099649,44.2306766661668,44.298027347227816,15.810398404425158,32.48695907348493,36.12992122256752,39.47994783990673,34.68260699825437,313.02479127757454,2.956166673067871,-12.962200900159399,33.72465797265914,1.927662055803802,1.8117030846023958,0.04558980595907573,4.558980595907573,0.04376354195363328,-0.016356089463923532,-1.6356089463923533
695,23.189833333333333,1525.8361581920904,1434.8954802259886,14210.0,1553.111111111111,1398.888888888889,-0.9225131786909208,detected,1527.9864024596495,1436.9629398568557,2.170225971067339,52.91094225180768,52.95543117320095,14.474510608402678,32.735810602716,35.79308247650172,39.349042368443286,34.23611821709537,313.895483326744,-0.7156911698091359,-13.553784122398893,33.127627278950456,1.928058551999558,1.8132024477689033,0.04516477284101164,4.516477284101164,0.04320014916983643,-0.01710256671596075,-1.710256671596075
696,23.2232,1523.970695970696,1443.2747252747254,13796.0,1557.4,1403.2,-0.8755619752066618,detected,1528.4731125654419,1438.077735050034,4.611068848261311,46.77829951913645,47.005013156316075,14.011804929972909,32.85205732166786,35.71537970765205,38.890594478600256,33.81807279698898,314.0136885678547,-6.061630718372992,-13.890514170906144,32.90352509579512,1.9286726972434598,1.814609129400674,0.04506672518315716,4.506672518315716,0.04267264706244667,-0.017527462676222266,-1.7527462676222267
697,23.256566666666668,1528.3699731903484,1439.6193029490616,14106.0,1565.5,1418.0,-0.5272727130765386,detected,1528.8535377763196,1439.1453426497192,1.2732925824820995e-11,38.63062149522284,38.63062149522284,13.597606606695486,32.51994607573313,35.248287876137184,38.82446648648424,33.44551723054567,312.0485019207621,-15.546123425051466,-15.041475129070854,31.877826527863885,1.929152729055293,1.8159562683277215,0.0444773348594791,4.44773348594791,0.04220254540131946,-0.018979779342676157,-1.8979779342676157
698,23.28993333333333,1530.450819672131,1439.8196721311476,14482.0,1550.5454545454545,1393.090909090909,-1.1646753900509548,detected,1529.1780644036053,1440.1513011755394,14.353704786251,25.25985435855455,29.05321123914243,12.937014013924168,31.687404798236,34.22656796180038,39.01883391989686,33.14071862026117,313.9475565171434,-15.174712762596963,-13.835866330900878,31.305379047652234,1.929562226376789,1.8172256166252865,0.04318809837451152,4.318809837451152,0.04181794147667025,-0.01745850641123139,-1.7458506411231391
699,23.3233,1527.7423133235725,1441.1098096632504,14488.0,1554.0,1399.090909090909,-1.012267629018933,detected,1529.6140455954373,1441.0301534602665,23.705503811549534,26.722148814134925,35.7214802073509,12.626706083286358,31.612305948220833,34.040734332232304,38.63747473992434,32.93029983106253,315.4825515527247,-14.00380826897306,-13.160915330824857,31.393660212413558,1.9301123603727917,1.8183345784987592,0.0429536079901985,4.29536079901985,0.04155242880891171,-0.016606833225015594,-1.6606833225015594
700,23.356666666666666,1526.733475479744,1448.09381663113,13920.0,1575.8181818181818,1436.5454545454545,-0.2310717377569244,detected,1530.1082580822062,1441.8743718904614,29.02544875674903,19.180767557316358,34.79049467337973,12.130612100804024,30.861014893340275,33.15952337092835,38.05027806188139,32.842380303102736,316.2776062744416,-15.62540707034618,-12.56329332923514,30.687418446502456,1.930735972343478,1.8193998383475853,0.04184166986867931,4.184166986867931,0.04144148934145456,-0.015852736062126362,-1.5852736062126362
701,23.39003333333333,1532.8529411764705,1443.0882352941176,14394.0,1565.7333333333331,1419.7333333333331,-0.6176044978591284,detected,1530.4325431908032,1442.849134062927,26.992718743608748,20.81167488344181,34.08419980908529,11.780016077197779,30.780914342684156,32.95805617069516,37.34278375767017,32.90254537523599,315.0658902320353,-24.80259031628694,-13.401045699584484,30.11055364333817,1.931145164909531,1.8206298221614223,0.041587452581318816,4.158745258131882,0.04151740741354699,-0.01690983684490156,-1.690983684490156
702,23.4234,1530.970588235294,1443.320588235294,14560.0,1563.0,1413.0,-0.7579980693110779,detected,1530.71031233861,1443.8490601488018,13.65207279607057,15.650914386481418,20.768490863858673,11.531263608692646,32.045731182830295,34.0572889034841,37.381993374383725,33.12969304909749,313.5013172576152,-32.00782840926901,-15.30685458120696,30.423660698298036,1.9314956622569213,1.821891558547384,0.04297449703909666,4.297449703909666,0.04180402908403469,-0.019314643004677553,-1.9314643004677552
703,23.456766666666667,1531.9857142857145,1444.4657142857145,14424.0,1555.4545454545455,1404.0,-1.04523626055404,detected,1531.0140294644839,1444.968360103892,10.91642183572094,25.878351586858116,28.086604396908626,11.905118244577604,32.849908677043814,34.94064024180858,37.18210825627681,33.53267580889224,312.76023216125776,-33.73585032292005,-16.035680571268944,31.043603030636127,1.931878901532472,1.8233039244213152,0.04408913595180894,4.408913595180894,0.042312524679990214,-0.02023429725081255,-2.0234297250812547
704,23.490133333333333,1532.2208774583964,1445.0105900151286,14134.0,1564.6666666666667,1420.1666666666667,-0.6534771696736702,detected,1531.4256876211366,1445.997940841849,12.117614740643148,35.12371006412741,37.155236450217046,12.617942741915693,33.40343940423726,35.70717355197431,36.79420810853715,34.10829331758658,312.053950611269,-34.18073497799199,-16.350658415464355,31.74363262847556,1.9323983440014343,1.8246030799266235,0.04505637041258588,4.505637041258588,0.0430388559212449,-0.02063174563465534,-2.063174563465534
705,23.5235,1532.1666666666667,1446.560606060606,14442.0,1553.25,1402.75,-1.1222705701360145,detected,1531.9037286699286,1447.1972384500325,7.531157689262727,37.17391213117935,37.92911914713001,13.198103133745608,33.24846542052145,35.77220120636409,37.53216875803265,34.84076539110798,310.0262392077595,-36.47747296857849,-16.97180570042014,31.489810898380806,1.9330015503721498,1.8261163892113976,0.045138424235159735,4.513842423515974,0.04396311090360629,-0.02141552769769103,-2.141552769769103
706,23.556866666666668,1532.9017341040462,1448.1329479768783,14442.0,1568.6666666666667,1428.0,-0.5127116837436403,detected,1532.4158574472353,1448.2761668321427,6.377611813816657,41.499875876854276,41.98706503486574,13.812926794183266,32.52130584368052,35.33316120020504,38.98457910119161,35.70248045263172,306.6887786732602,-34.95486975936739,-17.825813635071775,30.50692787953851,1.9336477696495085,1.8274778130374043,0.04458443053653633,4.4584430536536335,0.045050448520670944,-0.022493140233529055,-2.2493140233529054
707,23.59023333333333,1531.2613981762918,1449.106382978723,14070.0,1556.3333333333333,1407.3333333333333,-1.030234167067673,detected,1532.9295050750288,1449.1965992771886,11.437300195205353,35.9365718507097,37.71271711421049,13.7419540654071,33.34740071133118,36.06785876286323,40.45991809848898,36.655665118332614,303.642851286155,-32.103185234012244,-20.1487092933511,29.915212677664144,1.9342959054574498,1.8286392419901436,0.04551149370708295,4.551149370708295,0.046253205196634214,-0.025424238855963534,-2.5424238855963535
708,23.6236,1532.9173419773097,1450.6612641815236,13960.0,1556.8333333333333,1410.5,-1.0336929821233434,detected,1533.4602290768967,1450.0351380275968,11.552470516660833,27.57005379414295,29.89259843590473,13.563089105605037,34.16101192750588,36.755028526689806,40.63368160841826,37.654646921033326,299.6102261362032,-22.855959306619994,-22.99833233597159,28.67069639478582,1.9349655887405637,1.8296973350505954,0.046378584891722155,4.637858489172215,0.04751375005808622,-0.029019977711005163,-2.9019977711005165
709,23.656966666666666,1534.066985645933,1451.2918660287082,14184.0,1560.3333333333333,1415.0,-0.9443059749349804,detected,1533.9496900671197,1451.1575850865183,10.967851960335793,37.26472729821489,38.8452529562386,13.24352201403294,35.816464673422196,38.18651616786579,39.94226466224259,38.64849643472252,295.824543550944,-9.517401268028388,-26.47045526898534,27.523172326084097,1.9355832051320123,1.8311136720334618,0.04818487844525652,4.818487844525652,0.048767818845075736,-0.033401205386732295,-3.3401205386732293
710,23.69033333333333,1534.2464454976302,1451.6398104265402,14042.0,1550.2222222222222,1400.0,-1.2707660796164677,detected,1534.4238522710932,1452.4498090995558,2.735073527741406,35.62816540352742,35.73299311873076,13.00752619229552,36.442742483196795,38.69456314961897,39.2541797779717,39.58393616092384,295.45737973766103,3.8869474432719744,-27.31319491163724,27.409097049314926,1.9361815170613166,1.832744238611427,0.04882594719194823,4.882594719194823,0.049948184430187816,-0.03446459925758642,-3.446459925758642
711,23.7237,1530.3070707070708,1460.210101010101,13584.0,1551.6,1402.2,-1.2190087832370429,detected,1534.8466181570109,1453.7578178873457,3.823682268768607,36.29540272680879,36.49625741351755,12.207689408495227,37.52083269496621,39.45681901544943,38.86960757169602,40.40843375897581,293.5486527805754,6.270242229008331,-29.518831296138963,26.18165704702471,1.9367149755924429,1.8343947228862407,0.049787784246623897,4.97877842466239,0.050988559948234466,-0.03724773665127945,-3.724773665127945
712,23.757066666666667,1533.3736434108528,1454.8341085271318,14520.0,1551.7142857142858,1403.571428571429,-1.2272094962484,detected,1535.1099987884577,1455.1301202883965,13.432250558310443,49.007270027135746,50.81474068195004,11.631426617593975,37.901522453771655,39.64612830370994,38.3712818460677,41.07335693867278,294.06436149800413,1.190452728534045,-29.86456415617863,26.0753388709662,1.9370473170832274,1.8361263347487655,0.050026660320138736,5.002666032013874,0.05182757973334105,-0.03768399262609291,-3.7683992626092913
713,23.790433333333333,1535.141304347826,1455.75,14578.0,1552.1818181818182,1405.090909090909,-1.246309673149243,detected,1535.51116340569,1456.6502706133438,27.19006659140541,40.6735478646433,48.92481187641389,11.586478185906612,38.19338683482845,39.912169505895534,37.56772414704474,41.53699619868609,296.3870250217526,15.48670530328083,-29.06470510124146,27.35368699179702,1.9375535184929844,1.8380445055057968,0.05036235899797544,5.0362358997975445,0.05241261349991936,-0.03667470675235516,-3.6674706752355157
714,23.8238,1535.950233281493,1456.199066874028,14504.0,1553.2,1405.6,-1.2422416542935375,detected,1535.9095069138295,1458.141249495496,33.13750918828009,49.22208876671266,59.33724410318943,11.637104408705216,38.00174136264038,39.743610123038884,37.16769865319421,41.767214209999324,297.6485410256106,27.542906022029065,-28.26219181963101,27.942853454192917,1.9380561601436337,1.8399258668712883,0.05014966577039607,5.014966577039607,0.052703109413248364,-0.03566207169669528,-3.566207169669528
715,23.857166666666668,1537.31490015361,1459.357910906298,14376.0,1553.7777777777778,1407.111111111111,-1.2655460810469303,detected,1536.3097983613054,1459.6182810639941,22.051598132528852,30.237933471013093,37.424665673803474,11.429597663682863,37.16104283879264,38.87902786362137,37.64401733847141,41.74350678298786,299.85477842013864,33.980495859081344,-26.539705530027984,28.41166728651538,1.9385612597618997,1.8417896291028317,0.049058710238008035,4.905871023800803,0.05267319467884903,-0.03348858741959367,-3.348858741959367
716,23.89053333333333,1537.8152866242035,1461.2420382165606,13986.0,1554.4,1408.0,-1.268825857570916,detected,1536.7577966027577,1460.9098260124129,16.9086856446811,9.114167778248884,19.208636196271584,11.310422805897163,36.99878503037886,38.68896170450101,38.20107996873737,41.45837175861249,302.8312215816655,27.202917412470647,-24.95688825402387,29.563313184562226,1.9391265572274548,1.8434193388169249,0.04881887912239875,4.8818879122398755,0.052313402849984224,-0.031491341645455986,-3.1491341645455986
717,23.9239,1537.8877192982457,1459.8526315789477,14452.0,1557.111111111111,1414.6666666666667,-1.168562894321047,detected,1537.2136657509998,1462.1985529300987,5.43988340449323,36.98545193917016,37.38336510533993,11.019710668563734,36.30745298703515,37.942919835255495,38.50025708656825,40.91801628368778,306.2700936367544,30.793111370011868,-22.753241156567483,30.36371489946032,1.9397017864365929,1.845045492656276,0.04787750136940757,4.787750136940757,0.05163156628856502,-0.02871071439314509,-2.871071439314509
718,23.957266666666666,1538.4847560975609,1460.6310975609756,14568.0,1565.3846153846157,1428.6153846153843,-0.8720145423915021,detected,1537.6230191433028,1463.417088397725,0.43416188238188624,60.374638823204805,60.37619986031368,10.589336117787495,35.949582276784454,37.47674619401708,38.842164101142224,40.14247318441694,308.0636264314947,26.72016727345636,-21.775352943659204,30.501483725711545,1.9402183206855557,1.8465830768425553,0.047289269645447427,4.728926964544742,0.05065296300872801,-0.027476786048781333,-2.7476786048781334
719,23.99063333333333,1536.057220708447,1465.83378746594,14454.0,1566.25,1431.875,-0.8440357162155918,detected,1538.0107187536491,1464.6465004244121,0.22976808677594818,81.18117712258845,81.18150227966207,10.367465011266898,35.62815371389598,37.105924969212715,39.0293707285681,39.16508091037449,312.83732923970035,28.463370401500832,-19.07662489512798,31.82659344685552,1.9407075315503461,1.84813438539358,0.04682135642802867,4.682135642802867,0.04941966045473122,-0.024071450971770325,-2.4071450971770325
720,24.024,1532.5416666666667,1469.6625,13612.0,1577.428571428571,1449.428571428571,-0.4234988607976248,detected,1538.3090725544462,1465.7442657330932,2.4208817998060113,57.248355434361656,57.29951892143282,10.314593882091257,35.758460650478405,37.21637213706203,39.04789603220835,38.031104813784744,314.24484828509947,30.099368182300232,-18.419337431425777,32.33862031119392,1.9410840032232761,1.8495195782121052,0.04696072193951045,4.6960721939510455,0.047988775790264664,-0.023242066159527796,-2.3242066159527797
721,24.057366666666667,1535.5378640776698,1472.1398058252428,13626.0,1584.5,1463.5,-0.1746608870981571,detected,1538.594052198171,1466.9735643621802,4.514078849502766,29.3747696553246,29.719589501924602,10.05540875742693,35.42180084823822,36.82139623386365,39.133203727420295,36.795244047994714,315.45198818543895,33.010267377143784,-17.682514115134836,32.29773854589893,1.9414435989882286,1.8510707436746756,0.046462329632635524,4.646232963263552,0.04642933002901541,-0.022312320650012412,-2.231232065001241
722,24.090733333333333,1538.7202141900937,1468.3239625167337,14498.0,1575.0,1449.0,-0.489415175519962,detected,1538.8625801995477,1468.1618355153907,12.099085125411875,17.685947109749577,21.428499388450472,10.317929400668968,34.78021873763027,36.278413451453424,38.140688950379634,35.51799158764863,317.7665718277254,34.00895298621417,-15.738092773562059,32.68693498028456,1.9417824355830255,1.8525701394515972,0.04577717785672357,4.577717785672357,0.04481765500018755,-0.019858792143295976,-1.9858792143295976
723,24.1241,1538.224570673712,1470.7344782034347,14494.0,1577.0,1450.0,-0.4910459285420372,detected,1539.1447057356725,1469.243266825103,13.634548838620503,13.855329214487028,19.43890608225024,10.4799728804638,33.85994097139969,35.44468132402841,37.77669280998419,34.261190719153745,319.6085641200842,24.58546251309025,-13.959531135933524,32.58000805136227,1.9421384299503754,1.8539347215458715,0.04472514993568254,4.472514993568254,0.04323178639640851,-0.01761455032925366,-1.7614550329253658
724,24.157466666666668,1541.6005961251865,1469.5499254843517,14582.0,1563.75,1429.0,-1.070855612044827,detected,1539.4537673569962,1470.4634558757439,15.567759546852358,17.286633974479628,23.263337066643,10.160504479045255,33.149043136839154,34.671240418489816,37.35287335622904,33.08343261627334,320.66838941468615,16.94344520209208,-13.151063925458203,32.08028101163133,1.942528413068765,1.855474392272232,0.04374919926623321,4.374919926623321,0.04174565629813671,-0.016594402429600256,-1.6594402429600257
725,24.19083333333333,1539.90625,1470.6822916666667,14806.0,1572.5,1443.25,-0.6996221657972052,detected,1539.6148807145346,1471.4933397941113,14.36335420992782,3.135234100503112,14.701552197805809,9.770152776755724,32.428935582792654,33.8687429396791,36.90321167031043,32.03601481188478,320.78888984092043,10.33610107009782,-12.93078169373728,31.3031409462848,1.9427317106808009,1.8567739303395727,0.04273658415101464,4.273658415101464,0.04042399345348238,-0.016316443777586474,-1.6316443777586473
726,24.2242,1540.476595744681,1471.2340425531916,14620.0,1577.5,1452.8333333333333,-0.4612464045724863,detected,1539.8613718019383,1472.488929167835,3.8610455130310584,23.77204889038694,24.083562462821906,9.654011391713864,31.404035540919956,32.85442716296701,36.71016817270354,31.160037671350043,321.16241623831667,-2.099563083449221,-12.174170425224187,30.51561827432473,1.9430427404440862,1.858030194533546,0.041456690426456805,4.145669042645681,0.03931865952220826,-0.015361729243185095,-1.5361729243185094
727,24.257566666666666,1540.3356840620593,1470.981664315938,14252.0,1572.5,1446.5,-0.6505949702068259,detected,1540.1040756368227,1473.4956118549412,1.0788570352824536,32.65864318443073,32.67645799578869,9.81336210853711,31.610746621695316,33.09896339546442,35.75439042104007,30.484949497040716,319.7026224460099,-9.879844663519323,-12.959773369069032,30.45629084568019,1.9433489913398394,1.859300456599295,0.041765253495854165,4.176525349585416,0.038466813245477245,-0.016353026333210136,-1.6353026333210137
728,24.29093333333333,1535.8295218295218,1478.8108108108108,13672.0,1559.0,1425.0,-1.1641991707089174,detected,1540.476974699208,1474.4835212945277,-1.1639722532336236,41.99704316907901,42.0131701535576,10.014327381733017,31.251090481037124,32.8164198102489,35.385779995994135,30.028548639051994,318.26814614982,-22.89733946785373,-13.328768661079142,29.9876863919498,1.943819526434332,1.8605470300246407,0.04140873162176518,4.140873162176518,0.03789091310921387,-0.016818635534484722,-1.6818635534484723
729,24.3243,1540.1566951566952,1474.4985754985755,14408.0,1567.0,1437.4,-0.94442806387354,detected,1540.8454494295088,1475.5120011612412,4.168553263319154,44.439581787337374,44.63466439598909,10.476429832173654,31.058236566525903,32.77757832193746,35.48458962741694,29.798176362233466,314.47942767979964,-28.929900822445703,-14.819772735496832,29.236004800912344,1.9442844787754054,1.86184479641797,0.04135972028004727,4.135972028004727,0.03760022253909586,-0.01870002868832408,-1.870002868832408
730,24.357666666666667,1540.3719008264463,1476.482093663912,14140.0,1566.7777777777778,1440.0,-0.9442726717493664,detected,1541.2501160609054,1476.3975431570768,14.339709739419959,44.20933332059485,46.47679451147932,10.773360630936429,29.845638067817678,31.730543817580227,35.038505247901355,29.792635715055308,311.28427093573856,-37.84876839633597,-15.31915037667673,27.78760591875709,1.94479509913048,1.8629621995672896,0.04003854109473846,4.003854109473846,0.037593231186189666,-0.019330158204008494,-1.9330158204008494
731,24.391033333333333,1541.013029315961,1477.4039087947883,14278.0,1558.75,1428.5,-1.222861199643602,detected,1541.7842631721344,1477.1068144637134,18.747110830147903,42.73612357998445,46.66723072051257,10.67501177289904,28.824371455952043,30.737603455413307,34.362245351774476,30.00427730920721,307.5119437426291,-35.80380151282425,-16.363952319156713,26.01963356157426,1.9454691017944914,1.8638571791340233,0.038785619502098814,3.8785619502098814,0.03786028682549806,-0.02064852027653844,-2.0648520276538442
732,24.4244,1542.2998585572843,1480.4214992927864,14286.0,1572.5454545454545,1453.4545454545455,-0.7281544262089301,detected,1542.0986362518333,1478.0966399864542,24.13236166700517,29.580815084918868,38.175849705216834,11.175940110149392,28.615791685777136,30.72076123974531,33.85815899060097,30.420714874864725,305.20741415921646,-40.27492748117183,-16.937758775402443,25.629621511362892,1.9458657870685596,1.8651061703299108,0.038764367494946765,3.8764367494946765,0.03838576009446653,-0.02137256627811034,-2.137256627811034
733,24.457766666666668,1542.320359281437,1479.6586826347304,13970.0,1575.142857142857,1456.2857142857142,-0.6188020589855887,detected,1542.5152927343047,1479.0168551319503,22.191915172265908,23.089784599457744,32.0252908162034,11.052081827093044,29.809329816897712,31.792210631620875,34.301257988777415,31.02578147081815,304.66007199070077,-39.21284261328075,-18.23399252716866,26.043543794278552,1.9463915365732554,1.8662673250876345,0.04011635410930079,4.011635410930079,0.03914925106727842,-0.023008192463304305,-2.3008192463304304
734,24.49113333333333,1543.7443181818182,1480.2897727272727,14200.0,1572.6153846153843,1450.4615384615386,-0.8017030085810447,detected,1542.891936658667,1479.9557616980633,10.764014407937793,9.002431969471218,14.032383530222148,11.093267792180482,31.616639031671518,33.50630468983477,35.38810857130257,31.79960118015994,305.3600382097664,-33.226389637476686,-19.364556195831348,27.343855201974236,1.9468667970456366,1.8674520652341493,0.04227924881998078,4.227924881998078,0.0401256797225993,-0.024434771225023785,-2.4434771225023786
735,24.5245,1543.9931506849316,1481.3219178082193,14368.0,1565.428571428571,1439.857142857143,-1.0936769421137458,detected,1543.2755343402773,1480.9160775780483,11.732011765133393,23.909859097358094,26.633089608844596,11.208001836558651,32.514669010708616,34.39219396962394,36.23701955442581,32.71796391154777,305.2318743650883,-30.811557166521435,-20.093016618147285,27.912249805902327,1.9473508319751134,1.8686638202877583,0.04339709018249078,4.339709018249078,0.04128449704927164,-0.02535396418693664,-2.535396418693664
736,24.557866666666666,1543.2592592592594,1481.0917874396134,14500.0,1567.3333333333333,1441.6666666666667,-1.022598906667922,detected,1543.55686880738,1482.1001439600138,6.260629229106598,25.132736891502645,25.90077106963887,11.342572510775607,33.47670560113773,35.34605733412779,36.6998944798295,33.75143359658465,304.6302585145258,-23.43372417619165,-21.100112244571857,28.35716897600883,1.9477058281481137,1.870157910359639,0.044600703260729076,4.460070326072907,0.042588559743324476,-0.0266247473117626,-2.66247473117626
737,24.59123333333333,1544.5201793721974,1483.2466367713005,14612.0,1571.25,1447.25,-0.9320710174633168,detected,1543.8808470294248,1483.2761911865734,12.387417060562257,37.58443748119498,39.57319853398463,12.185752874537627,34.15738812367325,36.26595837077185,36.804552589109356,34.86469103139961,303.07977487548254,-30.08615228085764,-21.969806451013948,28.853896462272516,1.948114633475615,1.8716418816234366,0.045761461666589086,4.5761461666589085,0.0439933009859932,-0.027722153250490787,-2.772215325049079
738,24.6246,1544.5252854812395,1483.520391517129,14098.0,1561.3333333333333,1432.1666666666667,-1.254486027292278,detected,1544.3316804218553,1484.407621818441,12.482853243901445,42.29510458427558,44.0987244362418,12.398815591605995,34.63132536049459,36.78395471260653,37.43551334440784,36.016503616538735,302.5561678382391,-30.211859714038617,-22.517381694619473,29.08654063167196,1.948683508418745,1.873069554345036,0.04641508481085998,4.641508481085998,0.045446692260616706,-0.02841309993011921,-2.841309993011921
739,24.657966666666667,1545.4267716535433,1486.3779527559054,14122.0,1571.5,1448.6666666666667,-0.9658718903387672,detected,1544.7855552592387,1485.631185755686,9.488178934689131,34.149180874970625,35.44280031160261,12.829130994306247,34.37618977642714,36.692083963901574,38.19371618643981,37.160516338552526,303.11432425364757,-25.835284245338837,-21.784183120733385,29.52555488684942,1.9492562211473043,1.8746134836033894,0.04629915957590104,4.6299159575901045,0.04689024143665934,-0.027487928228054747,-2.7487928228054748
740,24.691333333333333,1544.8885191347754,1486.5823627287853,14032.0,1562.2857142857142,1434.571428571429,-1.2480041346619932,detected,1545.2974282016146,1486.652115540018,9.851684047179333,26.433214987534484,28.209405047655036,12.750333372513625,34.17992383422469,36.480655071196786,39.05581842884605,38.24688923836208,303.1209801065063,-22.626815528230665,-21.659432400553094,29.3548493865921,1.9499021176045612,1.8759017230788873,0.046032372329585854,4.603237232958586,0.04826105897585121,-0.027330514070098542,-2.7330514070098544
741,24.7247,1545.9215070643645,1487.4128728414444,14480.0,1575.0,1457.3333333333333,-0.8023181149438067,detected,1545.733638802607,1487.7521504562333,-2.367058956393521,21.549263075353338,21.678876981841785,12.7981640934002,35.0771613200785,37.338991020599494,39.671350010917784,39.224723885361286,301.3863953673565,-28.06511593228714,-23.279104867519244,29.19389537220841,1.9504525410758449,1.8772897797554995,0.04711544608277539,4.7115446082775385,0.049494919729162506,-0.029374264817058987,-2.9374264817058986
742,24.758066666666668,1547.1182795698924,1485.0537634408602,14502.0,1569.142857142857,1446.2857142857142,-1.0541542881971786,detected,1546.073478619724,1488.8449096616669,13.422672894727839,22.536872534341455,26.231255617450255,12.98717493522995,35.59114831429217,37.886627602997436,39.4492986469265,40.0451892257759,300.04908620235835,-29.168599385364764,-24.304360772127065,29.063630168760724,1.9508813610343523,1.878668655724501,0.04780647016151096,4.7806470161510966,0.05053020722495382,-0.03066796311940324,-3.066796311940324
743,24.79143333333333,1544.515373352855,1489.5578330893118,14366.0,1577.3333333333333,1463.3333333333333,-0.6741857455667823,detected,1546.497126280985,1490.0527009577345,8.597283896381668,42.611051868235336,43.469702457141636,12.595703679549851,36.23099232633865,38.3580051115049,38.32796181869216,40.66519004349802,298.572575882348,-29.500947123330775,-25.79432520208134,28.38995145299667,1.951415932215754,1.8801926825965105,0.048401268279501454,4.8401268279501455,0.051312542641637884,-0.03254804441903008,-3.254804441903008
744,24.8248,1547.8309352517986,1489.269784172662,14326.0,1568.5,1448.75,-1.0991029144019924,detected,1546.8715850372726,1491.3396649549609,14.167323067601501,67.10002442431778,68.57934325032456,12.448225454800268,36.533720374067116,38.59625683073508,37.24552768756053,41.051270180928505,295.8786158624524,-34.019899235421384,-27.43691852570148,27.14565422232596,1.951888435378262,1.8818166119305502,0.04870190136370357,4.870190136370358,0.051799710007480765,-0.03462071738258862,-3.4620717382588624
745,24.858166666666666,1546.4011065006916,1493.5933609958506,14376.0,1565.0,1441.6666666666667,-1.2268564518961629,detected,1547.3168919143454,1492.844262390555,18.408823481463514,65.85232349375019,68.37699387584398,12.429077102413162,37.0689876433871,39.097209651371756,36.628411164835576,41.18325511676975,294.5317273121144,-28.109321291797684,-28.562309254793586,26.698057842413363,1.952450336800436,1.883715157590606,0.049334018487535346,4.933401848753535,0.051966252513274136,-0.03604076877576478,-3.6040768775764778
746,24.89153333333333,1547.3422222222223,1496.5896296296296,14582.0,1564.0,1446.0,-1.2527048933553249,detected,1547.7413162602566,1494.2176285784549,12.48426881200976,55.504164785002104,56.89085406505326,12.251972671475823,37.31172449342917,39.27181710866143,36.6296633905746,41.05703877974182,294.33254070822454,-20.829628135742126,-28.94909832563185,26.537244113680146,1.9529858880255604,1.8854481117709212,0.04955434335477783,4.955434335477784,0.05180698899651966,-0.0365288306948036,-3.6528830694803602
747,24.9249,1544.8839103869657,1503.5641547861508,14012.0,1565.5,1446.0,-1.2268873485654446,detected,1548.213964283861,1495.6295798110075,32.2485320251335,27.91349768825239,42.651273966531555,12.445681222487028,37.07888424116795,39.11187335914376,37.61745143911841,40.68601251597153,294.18221360277437,-16.97251239247431,-28.726865809482028,26.542528485916925,1.953582289317175,1.8872297537047416,0.04935252158882494,4.935252158882494,0.051338817054853665,-0.03624841111606565,-3.6248411116065653
748,24.958266666666667,1549.1988130563798,1496.884272997033,14838.0,1573.2,1461.6,-0.9734669452579652,detected,1548.7732302105096,1496.9514122901862,21.91555996707939,21.940297605003252,31.01077921734254,12.15333387084485,37.17715351780507,39.113223695607985,37.74858643313177,40.10090661941665,292.44114887823434,-13.536459031335339,-29.722462324556663,25.42478124248034,1.954287987647331,1.8888976811232636,0.049354225483417016,4.935422548341702,0.050600513084437415,-0.03750468432120715,-3.750468432120715
749,24.991633333333333,1550.8529411764705,1498.1029411764705,14742.0,1566.6666666666667,1447.0,-1.2706939363426728,detected,1549.1994736308134,1498.1937540988029,16.583761102155222,19.868124917274145,25.87978979863952,11.729347612373857,36.76356291550511,38.58933989658547,37.97895232824775,39.34813065539529,291.3727283034135,-9.591205858053137,-29.960741954852676,24.320589942863926,1.9548258342344649,1.8904653048565336,0.04869317337108577,4.869317337108577,0.049650638050971974,-0.03780535262441978,-3.780535262441978
750,25.025,1549.4874651810585,1499.6406685236768,14460.0,1564.6666666666667,1449.3333333333333,-1.2777536934896403,detected,1549.649667305337,1499.5291700221476,1.1895902938531435,30.45234486211575,30.475571080267834,11.596816018589667,36.28815345433831,38.09614446232877,38.190654963953335,38.4869003783167,290.43219717113493,-0.8467337548525459,-29.956685876370056,23.53536050709897,1.9553939019625706,1.8921503722676942,0.04807084474741801,4.807084474741801,0.04856391214929552,-0.03780023454431553,-3.780023454431553
751,25.058366666666668,1550.4533333333334,1498.8207407407408,14464.0,1564.0,1450.0,-1.300128083788224,detected,1550.0807002491197,1500.745112370133,0.1705652809005187,43.038295530895994,43.038633513621114,11.264789122947594,35.644525125381996,37.38218352903515,38.44422347844538,37.58545778160264,285.9651490371881,18.591692225103614,-31.17127692459689,20.634416402907075,1.9559377921124539,1.893684684378717,0.04716994767070682,4.716994767070682,0.047426445150287246,-0.03933284154523267,-3.933284154523267
752,25.09173333333333,1549.5970802919708,1501.6058394160584,14432.0,1567.4,1450.0,-1.2386017358982853,detected,1550.4853499002534,1501.898774938939,18.606750695927985,50.936968834231266,54.22901405594485,11.318806076756726,36.23735684116778,37.96394871239495,39.038867839464366,36.716579988682895,286.09007262643394,30.59920934022549,-31.68085120454926,20.918534097602638,1.9564483910413293,1.8951404100175886,0.04790403623015136,4.790403623015136,0.04633006938635066,-0.03997583748208109,-3.997583748208109
753,25.1251,1550.8265895953757,1504.300578034682,14038.0,1566.6666666666667,1452.0,-1.276712074271408,detected,1550.8797128917408,1503.0732878409287,12.257729004360044,56.07740771434328,57.401459705350845,10.817361574267018,36.26256508469401,37.84162969469071,39.800635071186676,35.952468581489875,284.1465367421148,47.5673752978023,-32.519068085365646,19.351980488039224,1.9569460099580327,1.8966224452251468,0.0477496904664867,4.77496904664867,0.04536589095456136,-0.041033524397937726,-4.103352439793772
754,25.158466666666666,1552.4050632911392,1505.3987341772151,14064.0,1569.3333333333333,1454.3333333333333,-1.2506950969112236,detected,1551.320630658879,1504.2463064852295,16.256236231684852,35.54216367861682,39.083380296206876,10.299681198528008,36.021408059315505,37.46498727301307,40.4989195376919,35.35916016106686,286.0214188782619,66.72308433214685,-31.779607815020643,19.841416242055665,1.957502373071141,1.8981025949340438,0.04727443189023732,4.727443189023732,0.04461723679629888,-0.04010045150160334,-4.010045150160334
755,25.19183333333333,1551.0943396226414,1506.2798742138366,14140.0,1569.5,1454.75,-1.2277356608952317,detected,1551.6894368833723,1505.2452508443432,7.395463297940296,16.895714247781143,18.443373805620723,9.735101391240656,35.77550585547736,37.07639435426577,41.625930412312535,34.990858602527766,291.731690241744,61.59827126398662,-29.628341831129006,22.289467886219306,1.9579677437014162,1.8993630925480673,0.04678409382241738,4.678409382241738,0.0441525029684893,-0.03738592029164544,-3.738592029164544
756,25.2252,1549.3713450292398,1507.5438596491229,14140.0,1569.2,1454.4,-1.2136812022413512,detected,1551.8851269935271,1506.2815603638576,3.2396035974552433,19.336881985941545,19.6063774422221,8.657698321116959,35.7831005687781,36.81556771984861,42.10717418375336,34.88493265610858,298.028344860858,66.40436437790258,-27.51796353966871,24.45705847325517,1.958214671285208,1.9006707386294734,0.046454975040818434,4.645497504081844,0.044018842468275816,-0.034722982384440014,-3.4722982384440013
757,25.258566666666667,1552.175287356322,1509.0258620689656,14290.0,1574.571428571429,1466.0,-1.0908619594818527,detected,1552.223502051926,1507.14435975023,12.370234290359804,19.090466857748652,22.747936637092895,8.354745129640284,35.64522456281812,36.6112523729383,40.965124419710094,35.05846349114222,302.2126885644301,68.52304999173619,-25.704927217027652,26.069915939302362,1.9586416429677302,1.9017594444797856,0.04619716387752468,4.619716387752468,0.044237808821630566,-0.03243523939057117,-3.243523939057117
758,25.291933333333333,1553.298245614035,1506.5458089668616,14112.0,,,,detected,1552.4524921819238,1508.2317929286623,0.30138083780548186,32.055179708891046,32.056596459678886,7.330910898335073,36.24889325817286,36.98275972722612,39.61428249477594,35.506941321271256,307.1022565864999,61.743422265030595,-24.488379211588754,27.71360316940339,1.958930589504005,1.9031315999099843,0.04666594287347144,4.666594287347144,0.04480371144639907,-0.0309001630430142,-3.09001630430142
759,25.3253,1553.043219076006,1508.4918032786886,14362.0,1571.5,1458.75,-1.2154916605463306,detected,1552.5447043143697,1509.5613336072845,1.6703238276941192,38.69104691095163,38.7270847438175,7.064478169689659,36.99726128298254,37.66568988152614,38.28561468428828,36.205088423756585,310.9093044923642,56.54906169721175,-23.33430488963707,29.56711703174255,1.9590469455070914,1.9048092537631351,0.04752768439309293,4.752768439309293,0.045684654162468884,-0.02944391784181334,-2.944391784181334
760,25.358666666666668,1551.791601866252,1510.9206842923795,14500.0,1578.9333333333334,1472.1333333333334,-0.9602332757834892,detected,1552.6394601660945,1510.8830025703896,4.157856450759937,29.62107249624114,29.911464459178514,6.764736397076837,37.53462043105834,38.13934175396265,37.27118263007814,37.109211410805074,312.34004703020804,62.84989856298828,-23.187860921938785,30.28089323798726,1.9591665112505925,1.9064769748522268,0.04812535237093079,4.812535237093079,0.04682550335748275,-0.029259130500869132,-2.9259130500869133
761,25.39203333333333,1552.7606837606838,1511.7863247863247,14162.0,1577.8181818181818,1473.2727272727273,-0.993989368012775,detected,1552.8215528916014,1512.2120337655658,5.5203595856355605,31.17492688283437,31.659918447538484,6.575329117963056,37.435472379820276,38.008545687908395,37.31856192748232,38.16030338747635,317.5408399298792,59.47392460332438,-20.42035257374856,32.05711693327427,1.9593962812512322,1.908153985824058,0.0479603100162882,4.79603100162882,0.04815180238167363,-0.025767006402206385,-2.5767006402206385
762,25.4254,1554.9030303030304,1511.739393939394,14230.0,1583.7777777777778,1482.7777777777778,-0.786900135791354,detected,1553.1025706799896,1513.5877686330582,16.98170064738588,41.52780587399138,44.86576442662422,6.73797131058862,37.039054054576674,37.64693589975376,38.15148674711309,39.28733917911443,320.72787812598517,53.784094763881974,-18.22969049316837,32.938885335776845,1.95975087782964,1.9098899288745215,0.04750402006278077,4.750402006278077,0.04957392956355134,-0.023002764029234537,-2.3002764029234535
763,25.458766666666666,1553.24,1513.26,14234.0,1609.6,1527.6,0.2491491285635105,detected,1553.272766633195,1514.8374510986512,9.103062677434536,49.60967414549759,50.43793729854299,6.500643043950314,37.44125441508794,38.00139329235445,39.23718818045645,40.410568112375955,323.7139659143732,45.50879592029685,-16.91837020777107,34.02755709234805,1.9599656361302147,1.911466815266437,0.04795128491148827,4.795128491148827,0.05099125313864474,-0.021348101208543937,-2.1348101208543935
764,25.49213333333333,1554.3850574712644,1517.1120689655172,14110.0,1591.428571428571,1501.142857142857,-0.40702041212877,detected,1553.4405246822766,1515.936784462305,1.5427156368205033,50.28525019476547,50.308909337077175,6.671860347769877,37.417718775784145,38.007886009140435,39.64258985908308,41.444856945979154,326.12883508846875,35.07252024973661,-15.314318831495367,34.78607534073253,1.9601773182110749,1.9128539867032242,0.04795947761405733,4.795947761405733,0.05229634945864878,-0.019324061617028855,-1.9324061617028856
765,25.5255,1553.7068493150684,1517.4,14074.0,1609.0,1532.0,0.2581552132079007,detected,1553.5161322654865,1517.168341363584,-0.5649899824147724,47.250208053778806,47.253585840712795,6.6539844995461666,37.659639260729236,38.24295933853001,38.81773387587726,42.30322454847412,328.1348284210707,24.059732157227504,-14.230177748547668,35.49684465150668,1.9602727221015603,1.9144080017206109,0.04825610011170979,4.825610011170979,0.053379463152648736,-0.017956060250533337,-1.7956060250533337
766,25.558866666666667,1553.26395173454,1518.105580693816,14290.0,1602.0,1520.0,0.038851447953547,detected,1553.7067564118224,1518.5413958656277,-2.1621067291125655,39.07621913225739,39.1359886444724,6.625761742864268,38.23405052823795,38.80390880399881,37.645923802049815,42.90073778790802,329.0163596694614,12.4068280770838,-14.002272852199205,36.18949700454017,1.9605132573019843,1.9161405626064705,0.048963922781071055,4.896392278107106,0.05413342307622464,-0.017668483094257673,-1.7668483094257674
767,25.592233333333333,1553.7062937062938,1520.6461538461538,14630.0,1576.6666666666667,1469.3333333333333,-1.1500576752271054,detected,1554.007864877837,1519.9609999809932,4.184478654411578,54.245371886876455,54.40652748296616,6.911900785887647,38.74811596814956,39.359761985498864,37.343660337518706,43.15898032225651,329.09435163678535,0.5317198773047468,-13.971524059768944,36.79656748940611,1.9608932048931698,1.917931861174755,0.04966531480820046,4.966531480820046,0.05445928116373062,-0.017629683356175326,-1.7629683356175325
768,25.6256,1554.0246238030095,1522.0082079343365,14320.0,1581.6,1484.0,-0.9431532151269452,detected,1554.242142346322,1521.2554116098836,2.2727728004965684,55.45424188394554,55.50079674316232,7.130704717610843,38.83899465453165,39.488155889386576,38.13117227634779,43.01135344854886,328.80135593556304,-18.09389977074835,-14.019424656283292,36.915717355230846,1.9611888231499333,1.9195651881512727,0.049827326043390005,4.982732604339001,0.05427300119690708,-0.017690125749253365,-1.7690125749253365
769,25.658966666666668,1556.779614325069,1524.4986225895316,14560.0,1588.4,1499.2,-0.674785563927091,detected,1554.4837205726606,1522.5528555576077,10.884082097444661,38.51993611622038,40.02809914924283,7.349508649331203,38.92987334091037,39.61755060230148,38.936598138701086,42.409494091011304,327.8868853920841,-36.71951941880135,-14.469791589391122,36.88055649099541,1.9614936537194456,1.9212023413976125,0.04999060012908704,4.999060012908704,0.05351355721263256,-0.018258412100178072,-1.8258412100178072
770,25.69233333333333,1553.483960948396,1525.4309623430963,14566.0,1578.8,1480.0,-1.062410068246243,detected,1554.732599556854,1523.853331824167,16.22030390387863,30.569154759170488,34.60594575249022,7.568312581051562,39.02075202728907,39.74793635020172,39.67244638877418,41.33111853731768,326.3509400063484,-55.345139066854394,-15.321356156383604,36.67634782293534,1.9618076966017086,1.9228433209137756,0.05015512473211574,5.015512473211574,0.05215283096191506,-0.019332941522250607,-1.9332941522250606
771,25.7257,1555.7924528301887,1525.3611859838277,14750.0,1582.571428571429,1490.142857142857,-0.9206911151083206,detected,1554.9887792989027,1525.156840409562,15.515724774612863,17.880941802421148,23.67415880286156,7.78711651277192,39.11163071366778,39.87930341249463,40.03510590920729,39.78965082087335,324.19351977835606,-73.97075871490745,-16.566902994232773,36.275288639037555,1.962130951796723,1.9244881266997629,0.050320887586744016,5.032088758674401,0.050207761288168264,-0.02090460945644514,-2.090460945644514
772,25.759066666666666,1555.8467966573817,1526.6768802228412,14810.0,1599.6,1518.0,-0.195774045570257,detected,1555.2522597988063,1526.4633813137923,10.593996108674219,13.664834048416196,17.290472611278126,8.005920444492281,39.20250940004649,40.011642123565395,40.10050696747678,37.846001924848956,321.41462470810706,-92.5963783629605,-18.191759315326344,35.63693867937466,1.9624634193044876,1.926136758755574,0.05048787649661249,5.048787649661249,0.047755207476150106,-0.022954901344260373,-2.2954901344260374
773,25.79243333333333,1552.0170575692964,1532.515991471215,13898.0,1580.923076923077,1488.0,-0.9948851318718884,detected,1555.523041056565,1527.7729545368584,-0.9181707429952439,32.18216641800609,32.19526165244711,8.224724376212638,39.2933880864252,40.14494287422873,40.636772362650376,35.62248567529916,318.0142547956013,-111.22199801101354,-20.171612471087997,34.70911247340294,1.9628050991250034,1.9277892170812094,0.050656079336566226,5.065607933656622,0.04494950873854784,-0.02545313876477981,-2.545313876477981
774,25.8258,1555.431746031746,1526.9619047619049,14300.0,1584.75,1495.5,-0.8206524745784144,detected,1555.8011230721788,1529.0855600787597,7.000346792447999,46.1752853189455,46.70291028940874,8.443528307932997,39.38426677280391,40.27919611310847,41.13548646904548,33.317073913595245,313.9924100408389,-129.84761765906654,-22.469731563874227,33.42940027828328,1.96315599125827,1.9294455016766685,0.05082548405439555,5.082548405439555,0.04204047181526214,-0.028352973582175683,-2.8352973582175682
775,25.859166666666667,1558.5067698259188,1526.8588007736944,14244.0,1583.6,1492.6,-0.9386150972738244,detected,1556.086505845648,1530.4011979394968,17.003189391669366,55.05213705976439,57.61810691385185,8.662332239653356,39.47514545918262,40.414392347946595,40.91605835389379,31.210746205379362,309.3490904438198,-148.47323730711958,-25.033724659189076,31.727523359721495,1.9635160957042879,1.931105612541952,0.05099607867248782,5.099607867248782,0.039382645054106456,-0.03158829609992313,-3.1588296099923125
776,25.892533333333333,1554.7018544935806,1530.5877318116975,14452.0,1580.4444444444443,1488.4444444444443,-1.0224480689488074,detected,1556.3791893769717,1531.7198681190691,13.857515671129477,51.33623499440637,53.17367547928686,8.881136171373713,39.566024145561336,40.55052214684325,40.320940919853214,29.649367078017036,304.084296004544,-167.09885695517264,-27.7920384150555,29.528756274481058,1.9638854124630558,1.932769549677059,0.051167851289392115,5.1167851289392114,0.03741245057163033,-0.035068818189344486,-3.5068818189344486
777,25.9259,1557.580736543909,1533.2662889518413,14030.0,1579.3684210526317,1490.2105263157896,-1.1023330906376074,detected,1556.6791736661507,1533.0415706174772,5.964757760107204,33.07405955756258,33.607614475799316,9.099940103094074,39.656902831940045,40.68757613942903,39.65507635870495,28.972311793335937,298.19802672301154,-185.7244766032256,-30.65050329902493,26.75865279901617,1.9642639415345753,1.9344373130819903,0.05134079008129846,5.134079008129846,0.0365581221367015,-0.038675713941987294,-3.8675713941987295
778,25.959266666666668,1556.8766716196135,1534.187221396731,13936.0,1579.4,1491.0,-1.090075322582766,detected,1556.986458713185,1534.3663054347205,-9.180335110888212,26.564645066374894,28.10620785966479,9.318744034814435,39.74778151831875,40.82554501797118,39.112325681418675,29.386771905827054,291.6902825992224,-204.35009625127867,-33.48934360099133,23.349282455551645,1.9646516829188454,1.9361089027567453,0.05151488330343367,5.151488330343367,0.0370811001966272,-0.04225784681513102,-4.225784681513102
779,25.99263333333333,1556.8071625344353,1535.2699724517906,14270.0,1578.3333333333333,1491.1666666666667,-1.1167259109723024,detected,1557.3010445180741,1535.6940725707996,-24.325427981872977,20.055230575206455,31.526793682929203,9.537547966534792,39.838660204697455,40.96441953841524,39.11050545349147,30.864607723354148,284.56106363317656,-222.9757158993317,-36.16120128874668,19.247108600359738,1.9650486366158666,1.9377843187013246,0.0516901192913757,5.16901192913757,0.03894587725344372,-0.04562927607412831,-4.562927607412831
