frame,time_sec,x,y,area,blue_x,blue_y,theta_rad,status,x_smooth_px,y_smooth_px,vx_raw_px_s,vy_raw_px_s,speed_raw_px_s,vx_sg_px_s,vy_sg_px_s,speed_sg_px_s,speed_ma_px_s,speed_butter_px_s,theta_smooth_deg,omega_deg_s,v_surge_px_s,v_sway_px_s
300,5.005,1125.422319784733,1188.6445144691497,14122.0,1120.4565217391305,1138.518115942029,-1.6695396723348526,detected,1125.8191705207332,1187.602219204817,33.671329358196985,-42.20748162034332,53.99286920955208,32.29902671342238,-13.642540983249232,35.062031474431244,35.18668281616885,54.19584401011835,267.38510655929633,-79.24285652888501,12.154768142869232,32.88780416061702
301,5.021683333333334,1125.9840697961922,1187.940352984117,14155.5,1119.1870503597122,1138.0827338129498,-1.7062896441705417,detected,1126.3575082858752,1187.377486764484,35.49309883592659,-23.96674321647521,42.82715079691052,32.23696910778167,-13.29841090480362,34.87219393512645,35.12259883485058,51.991090461310534,266.08641975166927,-76.44387365618178,11.067170860716807,33.06943662944336
302,5.038366666666667,1126.6066061825584,1187.84482413716,14163.5,1122.4486301369864,1138.0719178082193,-1.6541417480883724,detected,1126.8948107232961,1187.15849556096,34.7064748366238,-18.731709937956193,39.43876713064098,32.17491150214096,-12.954280826358007,34.68484282649626,35.31993524709054,49.81208728657614,264.83442930830176,-73.64489078347853,10.00482911664665,33.21056633430764
303,5.0550500000000005,1127.142109173241,1187.3153382625205,14133.5,1118.2456140350878,1137.8877192982457,-1.748879931597504,detected,1127.4310778329966,1186.9452455942446,38.828826241108345,-23.543236926020064,45.408829011734035,32.11285389650025,-12.610150747912394,34.50001865598114,35.317462847243924,47.678858771483114,263.6291352291938,-70.84590791077528,8.96891915427598,33.31380759485634
304,5.071733333333333,1127.9021946848034,1187.0592647983951,14041.5,1122.4061302681991,1137.4827586206898,-1.6812057502333444,detected,1127.9663096149761,1186.7377368643379,49.642197835223044,-21.697603001568865,54.17687497378484,32.050796290859545,-12.266020669466782,34.317762251375925,35.0956664132928,45.61163447446222,262.47053751434555,-68.04692503807206,7.960450351164494,33.381732072326734
305,5.088416666666666,1128.7985038410095,1186.5913615757015,14080.5,1122.3732394366198,1137.0422535211267,-1.6997513975982692,detected,1128.500506069235,1186.53596937124,46.86337978314354,-29.724943330537,55.49548288557172,31.988738685218834,-11.921890591021167,34.13811473903465,35.32766438253683,43.630421215651495,261.35863616375684,-65.24794216536883,6.98027538512742,33.41686151455997
306,5.1051,1129.465869456901,1186.0674425225995,14049.0,1119.8884758364313,1136.9776951672861,-1.7634756235182574,detected,1129.033667195773,1186.339943114951,35.33759064179708,-15.046552737748605,38.40760421657506,31.92668107957813,-11.577760512575557,33.961117520535836,35.521659753916445,41.754485046609915,260.29343117742775,-62.44895929266557,6.029100341825567,33.421661423571464
307,5.121783333333333,1129.9776014487575,1186.0893082660186,13989.0,1119.2367491166078,1136.8021201413428,-1.785365439642773,detected,1129.56579299459,1186.1496580954704,28.563484754136446,-9.763565202614405,30.186087304675446,31.86462347393742,-11.233630434129944,33.78681224777523,35.47339892307796,40.00173674944593,259.2749225553582,-59.649976419962336,5.107494711074141,33.398535591291484
308,5.138466666666667,1130.4189377315306,1185.7416648970056,14127.0,1118.6163522012578,1136.8238993710693,-1.8075455840182768,detected,1130.0968834656867,1185.9651143127987,27.764714846870426,-13.391055901348198,30.825310520432062,31.802565868296707,-10.88950035568433,33.61524079645719,35.40058876998484,38.3880281202828,258.3031102975483,-56.850993547259094,4.215901225762373,33.34982144867368
309,5.15515,1130.904017434148,1185.6424933674436,14072.0,1116.771523178808,1136.8973509933776,-1.8529856793135258,detected,1130.6269386090623,1185.7863117669358,26.91586397765825,0.26938254900419445,26.91721197712551,31.740508262656004,-10.54537027723872,33.4464452379592,35.36742042146123,36.92638848323738,257.37799440399806,-54.052010674555866,3.3546455033544644,33.27778617340143
310,5.171833333333334,1131.3170303929185,1185.750653294724,14159.0,1121.950310559006,1136.524844720497,-1.7588291501441575,detected,1131.1559584247173,1185.6132504578816,32.92100641196562,-16.811710071152874,36.96520334981514,31.678450657015294,-10.201240198793107,33.280467809548966,35.50450222679775,35.62625959111939,256.4995748747073,-51.253027801852625,2.523945455642111,33.18462350184749
311,5.188516666666667,1132.0024816814273,1185.0815426414028,14170.5,1122.6802721088436,1136.3707482993198,-1.7598886205437294,detected,1131.6839429126514,1185.445930385636,28.42856469725746,-19.21363753932259,34.31249274300279,31.61639305137459,-9.857110120347492,33.11735088293845,35.409218552190445,34.492816210647895,255.6678517096762,-48.45404492914938,1.723920437733934,33.07245119170981
312,5.2052000000000005,1132.2655968349836,1185.1095582554954,14239.0,1130.2181818181818,1136.1163636363635,-1.6125618091444227,detected,1132.2108920728647,1185.2843515501993,34.920026884536306,-19.263650294665332,39.881029328389936,31.554335445733876,-9.512980041901882,32.957136931164406,35.23394376965316,33.52647900256033,254.8828249089047,-45.65506205644614,0.9546001121984098,32.94330908280635
313,5.221883333333333,1133.1676465784747,1184.4387788432375,14287.0,1122.6645161290323,1136.3548387096773,-1.7858517041256092,detected,1132.7368059053574,1185.1285139515712,40.00675537641794,-24.873159112227388,47.108539777525756,31.492277840093166,-9.16884996345627,32.79986849379117,34.92877128322478,32.7227240559073,254.1444944723928,-42.85607918374291,0.21593300882732436,32.79915770482062
314,5.238566666666666,1133.6004889060434,1184.2796238464507,14249.5,1124.4197530864199,1136.4814814814815,-1.7605583474632291,detected,1133.2616844101292,1184.978417589752,23.169897690636173,-13.969281858408065,27.055221208376697,31.430220234452463,-8.824719885010655,32.64558814043772,34.954008505572396,32.07226215123888,253.45286040014048,-40.057096311039665,-0.4922052353381492,32.641877382304365
315,5.25525,1133.940748831419,1183.9726704718953,14191.0,1120.0212765957447,1136.7695035460993,-1.8575532239673438,detected,1133.7855275871802,1184.8340624647415,25.436234177552656,-13.869860278367291,28.971969785928064,31.368162628811753,-8.480589806565044,32.494338432637726,35.14135174509442,31.561603457054822,252.80792269214777,-37.25811343833644,-1.1700039672680624,32.47326778892716
316,5.271933333333333,1134.449211253101,1183.8168328418292,14242.0,1119.594155844156,1136.840909090909,-1.8770729989848316,detected,1134.3083354365106,1184.6954485765395,29.82520297324085,-11.741948325410217,32.053331852891965,31.306105023171046,-8.13645972811943,32.346161884049316,34.96958460427943,31.173955058902067,252.20968134841465,-34.459130565633195,-1.8177099485880008,32.29504790477836
317,5.288616666666667,1134.9359164372927,1183.580880796104,14169.0,1121.9747292418772,1136.6570397111914,-1.8402941072434702,detected,1134.8301079581202,1184.5625759251466,30.622253636477566,-5.136085124808256,31.049988537615278,31.244047417530336,-7.7923296496738175,32.201100919038,34.79944565169311,30.89034125410403,251.65813636894114,-31.660147692929954,-2.435620130595926,32.10885633244363
318,5.3053,1135.4709737827716,1183.645458801498,14240.0,1121.5020408163266,1136.5714285714287,-1.8592632351408873,detected,1135.3508451520088,1184.435444510562,19.07548312284324,-0.22279036023370882,19.076784108294834,31.181989811889633,-7.448199571228205,32.059197829665564,34.824537290042265,30.690807882671614,251.15328775372723,-28.861164820226715,-3.0240747758635376,31.91625192956746
319,5.321983333333334,1135.5724017241582,1183.5734470244176,14190.5,1104.5944444444444,1138.7111111111112,-2.1751257195113385,detected,1135.8705470181767,1184.3140543327866,17.489343279057728,10.404385533898324,20.350144143733097,31.119932206248922,-7.104069492782593,31.920494731125537,34.867789106606736,30.55557776870392,250.6951355027729,-26.062181947523474,-3.583450926173118,31.718714717647725
320,5.338666666666667,1136.0545348701828,1183.9926184654792,14315.0,1126.35807860262,1136.1353711790393,-1.7707022327722204,detected,1136.389213556624,1184.1984053918197,28.531452802991012,7.323933354140141,29.456472952904427,31.057874600608212,-6.75993941433698,31.785033515675444,34.72873911938055,30.466056829609997,250.2836796160782,-23.26319907482024,-4.114156214382552,31.517647028867316
321,5.3553500000000005,1136.5244011993514,1183.8178222673341,14285.5,1124.2487562189056,1135.8308457711444,-1.8212375936408167,detected,1136.9068447673503,1184.0884976876614,32.50941029203819,-5.952855642837883,33.04993567074746,30.995816994967505,-6.4158093358913675,31.652855805124872,34.94435734239382,30.405634325448673,249.91892009364307,-20.464216202116997,-4.616623015938176,31.314374854828845
322,5.372033333333333,1137.1392655269271,1183.7939915155298,14418.5,1115.714953271028,1137.1728971962616,-2.001556304416763,detected,1137.423440650356,1183.984331220312,29.855375527184822,-3.5475026284079823,30.065399095435072,30.933759389326795,-6.071679257445756,31.524002901948553,35.07721489626684,30.36026153126652,249.60085693546756,-17.66523332941376,-5.091302934153234,31.110149363105656
323,5.388716666666666,1137.520575562775,1183.699453929633,14467.0,1120.4533898305085,1137.2288135593221,-1.9227712111613684,detected,1137.939001205641,1183.8859059897713,24.61016069242509,-0.6658954052582302,24.619167857539967,30.871701783686092,-5.7275491790001425,31.398515739103214,35.0739256540359,30.31882219147805,249.32949014155162,-14.866250456710516,-5.538661612023104,30.90614854953968
324,5.4054,1137.9604245553644,1183.7717728055077,14525.0,1120.1410788381743,1137.2489626556016,-1.9365829792360982,detected,1138.4535264331269,1183.7932219959584,26.54854520471588,8.81967530562929,27.975201965018403,30.80964417804769,-5.383419100553137,31.27643482863909,35.04266787692355,30.273323319403282,249.10481971190293,-12.067267584007473,-5.959173862238367,30.703478996193954
325,5.422083333333333,1138.4064120211058,1183.993737095664,14530.0,1121.1751152073732,1136.811059907834,-1.9209510822964853,detected,1138.9712463490357,1183.8079462024775,33.27486607751787,4.050575387709187,33.520499301893835,30.592958816627004,-5.232741012810681,31.037247101877234,34.57338728275984,30.218938372537302,248.83629384665238,-9.799993960242704,-6.165289160848798,30.418742860711834
326,5.438766666666667,1139.070695920151,1183.9069270042776,14494.0,1118.331707317073,1137.0487804878048,-1.9874717756199163,detected,1139.4823345645448,1183.8033517513363,38.8397717932736,-11.301760858674736,40.45068196532963,30.38114399615056,-5.128002953400916,30.810879974530486,34.31886060001224,30.153930442516227,248.49626146371185,-7.308635229211386,-6.365509550468548,30.146154198633983
327,5.45545,1139.7023657399413,1183.6166350083463,14477.5,1118.7777777777778,1137.0404040404042,-1.993030239609569,detected,1140.0004496394488,1183.8268236037807,34.02877480898819,-9.200809916696139,35.25070805138534,30.123419314479403,-5.134127546437319,30.557808443326515,35.46257569837541,30.079474803628877,248.52209109917862,-5.210555879837535,-6.251855406146177,29.91143528551711
328,5.472133333333334,1140.2061227062775,1183.5999266467238,14541.5,1122.0127659574468,1136.408510638298,-1.9387602145204565,detected,1140.5185252681379,1183.8947859023267,28.640584142816508,3.752509038807599,28.885366262661186,29.821908373081108,-5.501779238662069,30.325167663236723,35.5536904949266,29.999391199659428,248.44478797572623,-3.8421345712827084,-5.839492036149131,29.757622999210955
329,5.488816666666667,1140.6580065641733,1183.7418437266078,14472.5,1121.5525291828794,1136.4046692607003,-1.9544058144292151,detected,1141.0140487694507,1183.9055362231813,41.963929972017546,-2.775344030162848,42.055605490613885,29.663933879275373,-5.66790772696587,30.200565411849837,35.711648679320255,29.919788924864484,248.59598421075285,-2.0688812705583746,-5.548623053256153,29.686477281892085
330,5.5055000000000005,1141.6063191696771,1183.507322667584,14532.5,1125.2307692307693,1136.1597633136093,-1.9037767484712433,detected,1141.513852755686,1183.8997413001684,41.064849375081145,4.7748817512917405,41.341520895304775,29.581197713946327,-5.8847104485997965,30.160853357546817,35.30703868326389,29.84862364753062,248.7688798611211,-0.3102755461514093,-5.226967014591436,29.7044759435984
331,5.522183333333333,1142.0282037049885,1183.901165614376,14413.0,1121.155,1136.475,-1.9854037277340715,detected,1142.0136610853326,1183.8681196357757,33.43497210229921,6.046523842062949,33.97731316708492,29.538968165171607,-6.134639000871949,30.169263098956208,35.203935996749976,29.795165192693858,248.8737018085671,1.0342676031255702,-4.924263322564116,29.764678171686832
332,5.538866666666666,1142.7219327388239,1183.7090750131142,14297.5,1119.5846774193549,1136.616935483871,-2.0274749197667776,detected,1142.5137431651228,1183.8396759643088,30.10565630582043,-13.6864263876592,33.07066387100506,29.49356381380257,-6.401081875738705,30.18019475780027,35.50781225068042,29.769380932018013,249.13395123411217,1.4532663285905578,-4.523874864873698,29.83921432990016
333,5.55555,1143.032729103726,1183.444495187241,14233.0,1118.840579710145,1136.4975845410627,-2.046615721722338,detected,1143.0064803786622,1183.8064862696765,33.7411010005925,-6.013931584651823,34.272864920182215,29.461809937627727,-6.765521005148261,30.22863740349542,35.77996787214051,29.78125003308105,249.25425585384474,2.3322923956744015,-4.109153830963892,29.948044578327266
334,5.572233333333333,1143.847760808877,1183.508410162573,14209.0,1121.372807017544,1135.8815789473683,-2.0117097652949267,detected,1143.4927669625831,1183.7578209656565,38.92425177519334,9.907200970589313,40.165283608239186,29.4552781216967,-7.108069901987563,30.300793173744577,36.16188906743345,29.840038265956053,249.32485232740385,2.81299175588576,-3.749456517525955,30.06791716732684
335,5.588916666666667,1144.3315016379584,1183.7750654596264,14194.5,1121.9272727272728,1135.459090909091,-2.0049864868923506,detected,1143.9723808914675,1183.7195063983404,30.074959229046065,11.147058023818605,32.07428994093496,29.45550059117313,-7.492295340758677,30.393436866365654,36.650843245942895,29.9535784536475,249.5995534705524,4.103441915472667,-3.245206177608785,30.219689631340763
336,5.6056,1144.8512619484861,1183.8803503319677,14158.0,1128.625,1134.25,-1.8867839848883585,detected,1144.449262750628,1183.6628542686594,24.9388909700652,14.651023105740407,28.924051598310683,29.532291827052603,-8.028084047692705,30.60402578150489,36.88649725398739,30.127613826797795,249.97997281928392,5.126998755728537,-2.56736713224309,30.496147626270666
337,5.622283333333334,1145.1636292999929,1184.2639212639212,14157.0,1127.141129032258,1134.3024193548388,-1.9169960142284763,detected,1144.9179421982715,1183.5802008049827,21.92352182623631,-8.836592270943749,23.63738928537504,29.590147539527784,-8.476026646645067,30.780186145078126,36.812601854619814,30.365265941169206,250.89965129555333,6.363112263103782,-1.6732008017158186,30.73467517646472
338,5.638966666666667,1145.5827767934215,1183.585502703194,14674.0,1130.4646017699115,1133.641592920354,-1.8647311571133,detected,1145.4002577205226,1183.460525906334,33.29721066529691,-13.455146958004878,35.913022954781596,29.719067085033597,-8.991919428919982,31.04959844218466,36.60912643691296,30.66668198718396,251.36738366966648,7.1209982398574,-0.9745827457553382,31.034299603706092
339,5.6556500000000005,1146.2746462291916,1183.8149678604225,14157.0,1128.810408921933,1133.3494423791822,-1.9039592552642923,detected,1145.8820288302718,1183.3181673939628,42.30861838880525,3.4338431365730493,42.44773808645332,29.85614223993045,-9.500461871833235,31.33126242635487,36.60444379488974,31.02889779233729,251.94786842197047,7.9714907910844985,-0.2190858604748236,31.33049643103116
340,5.6723333333333334,1146.994474360328,1183.7000786025176,14206.5,1130.6966292134832,1133.2059925093633,-1.8830075969099052,detected,1146.3710984838463,1183.1468915398757,28.094291646625972,-0.5088224592187683,28.09889897168007,29.929309180695906,-10.016379752366635,31.560915883055557,36.64430306408448,31.445926144883302,252.28787174197203,8.497643520947001,0.436039584883833,31.557903619501136
341,5.689016666666666,1147.2120590938007,1183.7979901510332,14147.0,1131.9711191335741,1132.5920577617328,-1.860086691800936,detected,1146.8605214070892,1182.9641262804646,26.882982491746155,-7.173997369849726,27.823748595653697,30.01795385208567,-10.585315095256334,31.82964732968002,36.96822291386527,31.9090518541715,252.8058462103856,7.821188965768578,1.2386171711109473,31.80553845850178
342,5.7057,1147.891469876136,1183.4607062236103,14249.5,1131.6035714285715,1132.7821428571428,-1.8817652806027703,detected,1147.349262873222,1182.7638996543683,35.821043255622385,-2.0276708979080893,35.878386100706834,30.123098936480694,-11.211492131282418,32.14185192777187,37.34362482806436,32.40729210973886,253.3479645027347,7.6071101211826795,2.109279911122421,32.072567461981386
343,5.722383333333333,1148.4072879037633,1183.730333532073,14256.5,1139.8987854251013,1131.1052631578948,-1.731090725673208,detected,1147.8345290639677,1182.5483869836485,35.98870696693323,7.330132156020063,36.72761721887914,30.278313415980666,-11.817457242682337,32.502746945434936,37.64840234604908,32.927967675912534,253.91807733175995,6.88351067804373,2.967558809792214,32.366991730919395
344,5.739066666666667,1149.092293065266,1183.7052882998828,14374.5,1135.5379746835442,1131.3132911392404,-1.8239554165001326,detected,1148.318469688729,1182.3043411093636,16.916846875297146,-23.07343218206426,28.610539681428058,30.33692530004689,-12.371462827698682,32.76251103254687,37.72472310023987,33.457328183316136,253.76840276162,3.8592749771730936,3.3985355481343493,32.58576507135934
345,5.75575,1148.9717466945024,1182.9604500115981,14370.0,1133.356923076923,1131.2430769230768,-1.86401922717411,detected,1148.8046634936209,1182.0606337911402,3.968411946458276,-44.47046384337601,44.64717737799116,30.383941651860706,-12.852873780660877,32.99060888685257,37.66588566261698,33.98118118776922,254.22545990765053,4.570611292491636,4.108865223910215,32.73373643959725
346,5.772433333333334,1149.2247057438794,1182.2214571563088,14160.0,1138.171717171717,1130.7946127946127,-1.7825021756995523,detected,1149.296387006693,1181.7938534258676,16.443670961527438,-37.763892721797944,41.18866237442586,30.395294737686903,-13.314015873823084,33.183383806948775,37.50887156229357,34.48548611028307,254.70087242457993,4.440445349773904,4.822133563453175,32.83114358007482
347,5.789116666666667,1149.520417182252,1181.7003947911141,14142.5,1137.523076923077,1130.6184615384616,-1.8014800147049361,detected,1149.791940459774,1181.5076687058308,17.449680527651136,-30.246790668924504,34.91933126918134,30.421338268717932,-13.720377959839007,33.37224285870817,37.45443102179777,34.95688696674548,254.7911717541078,2.9523628331560623,5.259167602571799,32.95523857520466
348,5.8058000000000005,1149.8069434174854,1181.2122225743224,14200.5,1140.060606060606,1130.6704545454545,-1.761295270758613,detected,1150.28831454562,1181.210181665757,24.56836675218983,-22.83595587054738,33.54229457553097,30.404241482290942,-14.126700926130216,33.5258345037046,37.61372505559982,35.383169343147394,255.12459944966002,1.3301788509574284,5.84795221595115,33.011862020336594
349,5.8224833333333335,1150.3401816862167,1180.9384350635669,14237.0,1139.798833819242,1130.4285714285713,-1.776541953466424,detected,1150.7757364378804,1180.8915747360024,30.554629462788647,-5.22475529078792,30.998120095530446,30.40601507714211,-14.423968332596445,33.65377564748327,37.86531008749183,35.75363610492028,255.32395413957732,-0.14881378878483004,6.249897259285625,33.068344373123864
350,5.839166666666666,1150.8264495538938,1181.0378899061197,14309.0,1143.3038348082596,1129.622418879056,-1.7160758606956723,detected,1151.26072905189,1180.562708873204,16.787324738178196,-25.29095881066048,30.35534334227789,30.39630174795476,-14.59730618054795,33.71967537924084,37.979998258008536,36.059402511720876,255.4908215329937,-1.4465334679593078,6.516421585367485,33.08402571337318
351,5.85585,1150.9003187549806,1180.0945600712512,14222.0,1138.1644562334218,1129.5358090185678,-1.8175645283310344,detected,1151.7440680926813,1180.2220063652248,6.8932206796374995,-95.23165442523995,95.4808069504364,30.440611886971713,-14.713720541717807,33.81012310289645,37.8734281607,36.29361490513311,255.48027105969302,-3.313862116632892,6.611916468098646,33.15730665859183
352,5.872533333333333,1151.056453350571,1177.8603270367976,13923.0,1139.1246290801187,1129.4480712166173,-1.812443180504868,detected,1152.2354151692234,1179.8715582534876,40.1188404208273,-29.628365824690945,49.87345404274222,30.48818859396223,-14.840725408938349,33.90835847404762,37.735864204538146,36.45159844545956,255.37304339170086,-5.168153599169051,6.660726235864892,33.24772925201627
353,5.889216666666667,1152.2389507303556,1179.1059602649007,14194.0,1138.6621253405995,1129.4032697547684,-1.8374518208018151,detected,1152.7287141892748,1179.5076369058586,53.209515692728935,31.661345245948766,61.916826009073894,30.530711677679744,-14.870792293655455,33.95975292882227,37.60929039856487,36.53093926298342,255.3982697052245,-7.08748067512973,6.693739736210554,33.29352290356982
354,5.9059,1152.831877524185,1178.9167605898374,14196.0,1139.9240506329113,1129.5189873417721,-1.8263852605214634,detected,1153.2302466238941,1179.1493851831724,35.217498904065714,-5.661063623561235,35.669593078809825,30.516407676876067,-14.833611498947954,33.930622859049045,37.24241719274087,36.53150561430361,255.2304594605386,-8.642874569747699,6.563893959152316,33.289675031397124
355,5.922583333333334,1153.4140412771212,1178.9170694419945,14172.5,1141.0454545454545,1129.1761363636365,-1.8145135358692404,detected,1153.7435283038672,1178.786011461275,30.72893662934061,-12.974077061422852,33.355572577393566,30.580957359064882,-14.780999496529205,33.96576068798314,37.01057774628747,36.455411527116105,255.13058991516823,-9.903319264025114,6.4384436398236575,33.349952662787324
356,5.939266666666667,1153.8571997097174,1178.4838588852213,14239.0,1136.884984025559,1129.4281150159745,-1.9038837261099306,detected,1154.2604389170303,1178.432112828784,32.110140817443785,-31.63521413785769,45.07602374726702,30.612124321799975,-14.579458464079698,33.90667728632758,36.97689056252263,36.30692490115448,254.7801926329188,-11.605291597326572,6.031715820058851,33.365868321762804
357,5.9559500000000005,1154.4854496423966,1177.861507796928,14215.0,1141.4823151125402,1129.0257234726687,-1.8310212797579533,detected,1154.7808820815599,1178.0789829592509,38.887662969605465,-20.926966686153712,44.160935971976535,30.69388653635232,-14.343811829235033,33.88007686678076,37.150625430428015,36.09232016871176,254.203682325788,-13.263775719350694,5.446683947233236,33.439396562706165
358,5.9726333333333335,1155.15475139747,1177.78559576346,14162.5,1141.9816513761468,1128.5107033639144,-1.832026302211521,detected,1155.2930435033788,1177.7206685744402,38.82736671535489,-23.971978363227965,45.63135054647976,30.773042048038416,-14.060825989773546,33.833222495130904,37.22248218189556,35.819673934191286,253.43690138276597,-14.656754335638373,4.7048863822905425,33.50449206501672
359,5.989316666666666,1155.7809894451323,1177.0616427855416,14132.5,1142.7837837837837,1128.625,-1.832954855914373,detected,1155.8203863502872,1177.3697512925933,43.55160846786133,-42.602653321595234,60.92395809677766,30.88958815847225,-13.681048612526563,33.78369055829076,37.186994947364546,35.49860124487472,252.64588694863525,-15.604948200241617,3.8446434891424452,33.564214040846224
360,6.006,1156.6079234000142,1176.3640872309627,14047.0,1142.1149825783973,1128.8188153310105,-1.8666729288931303,detected,1156.3495159201648,1177.031674009691,43.42917437394693,-14.731060487017704,45.859539137183475,31.01518610015734,-13.145847672130223,33.68612592516754,37.20229254579863,35.13993088337072,251.7656586216516,-16.19634586710029,2.7809412212974607,33.5711400725375
361,6.022683333333333,1157.2300762300763,1176.5701164006248,14189.5,1135.8370370370371,1129.7407407407406,-1.9993151131156663,detected,1156.8844187169427,1176.7318094333,36.16833610186285,2.5788149985493978,36.26015475937822,31.141920770439803,-12.610727828621478,33.59835837715763,37.16416257045626,34.755320689213875,251.22600722923085,-16.522551047523383,1.9171894592891867,33.543614447717296
362,6.039366666666667,1157.814740214613,1176.4501336914143,14149.5,1141.9701986754967,1128.794701986755,-1.8917798865330393,detected,1157.42100926873,1176.457925967225,36.45277975258502,-7.102396689190442,37.138244309890254,31.222820847395543,-11.914503790524975,33.418856088187574,37.30608709650938,34.35681856955634,250.5010026184522,-16.480346693013157,0.8092984801897529,33.40905533254352
363,6.05605,1158.4463839811542,1176.3331330977621,14150.0,1141.6169491525425,1128.8677966101695,-1.9115300586794022,detected,1157.961382042919,1176.1833901868297,26.286297895367493,-5.352809813383747,26.825771749238804,31.271543232295613,-11.23336345989658,33.22796820077137,37.23401191791936,33.95638138039723,249.8113660856812,-15.627659553654704,-0.24898290004486867,33.227035351757735
364,6.072733333333334,1158.6918263543885,1176.271528270641,14090.0,1144.6860465116279,1128.3866279069766,-1.8553476155966377,detected,1158.5053449574386,1175.9480667766345,25.55031381515565,-17.4224471414674,30.92507397647028,31.373011507675383,-10.48681085891111,33.07928434914075,37.25295172573334,33.5653716977577,248.9765384259603,-14.566404035365855,-1.4663326208781857,33.04676870279841
365,6.089416666666667,1159.2989127854532,1175.7518041114752,14042.0,1139.1598639455783,1129.047619047619,-1.977910375058693,detected,1159.0554650332724,1175.7512581573976,37.399986011613755,-29.968073712992023,47.92540449215038,31.534698759874342,-9.76919161979412,33.01324477812316,37.45334332269843,33.19406071445502,248.3800693821657,-14.182307818623796,-2.5369822339348733,32.91562018138159
366,6.1061000000000005,1159.939739220976,1175.2715935444176,14086.0,1140.6061643835617,1128.8527397260275,-1.965447670046336,detected,1159.6008747248165,1175.578109536338,43.94780569546592,-22.657603262514684,49.44468233337072,31.66066605762349,-8.93533948702732,32.89738693210727,37.630450185647454,32.851172698719935,247.72381656520068,-12.956976403310977,-3.733185774203699,32.684880157896636
367,6.1227833333333335,1160.7653045688253,1174.9957954159493,14230.5,1139.1610486891386,1129.1872659176029,-2.0114839405912557,detected,1160.1538420660872,1175.4341434568826,33.43905875999916,-6.210432912693223,34.01088248954649,31.829160988046233,-8.135650817340332,32.852462669100696,37.70676844066862,32.5435107898567,247.1374147634035,-12.26438015562762,-4.869831086241994,32.48952213585367
368,6.139466666666666,1161.055489148268,1175.064372099564,14222.0,1141.9542253521126,1128.7992957746478,-1.9623444004356043,detected,1160.7097577864613,1175.3217621996632,23.099847413365435,-6.835090142221116,24.089861099081787,32.01997098496653,-7.189490305792558,32.81718014600254,37.63759657020524,32.27570341127727,246.77481990437923,-9.746577835052545,-6.020072092146085,32.260285875059246
369,6.15615,1161.536069477518,1174.7677312415371,14278.0,1144.1029900332226,1128.4252491694351,-1.9306004457175567,detected,1161.2829903177624,1175.270975352707,24.273200760113387,-10.814775035625232,26.573438509382857,32.21698707560692,-6.323077960285731,32.83162455806405,37.98309097425576,32.05010377313423,246.45569806882747,-8.651064507093386,-7.072643225235354,32.06077492716305
370,6.172833333333333,1161.8654049469637,1174.7035191058753,14345.5,1141.76953125,1128.953125,-1.9846749162532018,detected,1161.8460000316056,1175.245896056504,25.31878827142406,-1.3777185987018346,25.356244754900313,32.301817456637984,-5.5977381725663165,32.783259198111594,37.808919973105404,31.866861572596093,246.097860965883,-7.856425191977507,-7.970242503244194,31.799643364195898
371,6.189516666666667,1162.3808730461744,1174.7217613642938,14405.5,1143.2657342657342,1128.7832167832169,-1.9651065572981974,detected,1162.405055302272,1175.2362939434497,26.257233892078986,-7.822902543930458,27.3978126111406,32.337027456810276,-4.99012382030935,32.71979034903067,37.7656868685365,31.7241676496043,245.980704063495,-6.6126729348581215,-8.604580968153817,31.568114717971447
372,6.2062,1162.7415213178294,1174.4424949243262,14448.0,1139.077519379845,1130.1627906976744,-2.0616000369612095,detected,1162.953151474647,1175.2425870944567,32.42448039179828,0.07854027404204503,32.42457551384069,32.36164426841914,-4.458767299500668,32.66736330937656,37.921667369405036,31.618652302464536,245.57631133981272,-3.8868020858334162,-9.321157552668703,31.309306084056367
373,6.222883333333334,1163.4627698752474,1174.7243819914377,14482.0,1140.7171314741036,1129.406374501992,-2.0359721299328823,detected,1163.4943686657516,1175.2686025591001,37.193494335449984,15.52305352313417,40.302868527726886,32.34586165462622,-4.031740969025154,32.596160838686735,38.03576297173064,31.545900203772536,245.5433445342435,-1.8047816556339404,-9.721347935345475,31.11278026376764
374,6.239566666666667,1163.982544245489,1174.9604474768814,14436.5,1141.2518518518518,1129.5444444444445,-2.034843554271114,detected,1164.0352710903144,1175.312739371945,37.80753822081226,10.12654178368137,39.140219657212256,32.32639504269392,-3.6523768982767035,32.53207145976676,38.14193649572044,31.501032680341726,245.42418827778368,0.9258519725889519,-10.122933197093628,30.91701630090703
375,6.2562500000000005,1164.7242814005485,1175.0622709356198,14461.0,1141.87890625,1129.77734375,-2.0380221270598553,detected,1164.5757837508572,1175.3877739119303,35.211794058675544,-1.0927892086087254,35.2287471972114,32.287278843278216,-3.274618840941303,32.45291209825474,38.41393671230628,31.479303116446797,245.60047053581314,3.8232827737073602,-10.355623460317183,30.756341889197053
376,6.2729333333333335,1165.15744444058,1174.9239847436208,14376.5,1142.3809523809523,1129.1818181818182,-2.032788230357105,detected,1165.0925661293986,1175.4583905575016,28.01051066841195,5.313720255451137,28.510074199454678,32.211107017375376,-3.054943670112584,32.355650142013374,37.51240424793169,31.476653057874703,245.66739073849806,6.026314308214511,-10.488469559991856,30.6084972254682
377,6.289616666666666,1165.6588987731845,1175.2395720681434,14332.5,1139.2070484581498,1129.876651982379,-2.0987086999606115,detected,1165.5836675575954,1175.4650840794131,21.103327555468237,8.317414635178544,22.68324976997051,32.12269161763842,-3.1456668735018387,32.276346398577154,37.39559059118832,31.49018342420801,245.92627700869713,7.764852753051464,-10.231163081056494,30.611857814411902
378,6.3063,1165.8615921366809,1175.2015091452813,14379.0,1142.1372549019607,1129.070588235294,-2.0458047451303805,detected,1166.092428470822,1175.5187871027151,24.041864988120903,-1.3335005382010443,24.07881840523775,32.125718314191836,-3.0615339033913704,32.271268444925056,36.891130305554455,31.51850468422194,246.21845403633367,9.228838325255879,-10.153136780071332,30.632475913147772
379,6.322983333333333,1166.4610956682882,1175.1950776001854,14390.0,1141.708,1129.504,-2.0672827355560646,detected,1166.6030558832088,1175.578837233174,29.018212436875164,7.538366833704822,29.98138801908806,32.13244876325188,-3.0148570217478743,32.273574738237315,37.113816715463,31.561939888410382,246.59813891234154,10.749870056479587,-9.995432044470956,30.686722937272936
380,6.339666666666667,1166.8298331583246,1175.4530393186326,14285.0,1143.1234567901236,1128.8724279835392,-2.0415641927827264,detected,1167.1076429851394,1175.6540974189156,30.694628358652967,10.141573782218531,32.32664116260774,32.18252576934919,-2.997169762601744,32.32178818507229,37.41104501688352,31.6225640992858,247.147439328829,11.925032457775922,-9.736527393704423,30.82041573036162
381,6.35635,1167.4852731011886,1175.533468112052,14344.5,1146.09375,1128.15625,-1.994909386741215,detected,1167.6075564897576,1175.7204996676726,40.33192137727395,10.126101330339,41.5836723983693,32.23042163986204,-3.0282298486218484,32.37236869769296,37.25851927768445,31.704073208894158,247.6577529928499,11.880188935102073,-9.451116722801963,30.962019439812778
382,6.373033333333334,1168.1755749349463,1175.790913566355,14219.0,1149.3085501858736,1127.3271375464683,-1.9420460456997726,detected,1168.1128361271615,1175.7725869249746,34.27514419650583,15.924486374315237,37.79384574209165,32.28241806408769,-3.154726362462159,32.43619605450906,37.37420857533567,31.811485354949152,248.3216883628976,12.401658974003471,-8.993364219842437,31.1645024747036
383,6.389716666666667,1168.6289204125453,1176.0648151407418,14204.5,1150.7629310344828,1127.1767241379312,-1.9211652713719725,detected,1168.619283895201,1175.8405308217991,31.278564655114273,22.321297244625374,38.426409116219595,32.37613944952432,-3.3787476388475475,32.551963708232144,37.5127808460452,31.95069015984684,249.11453194936723,12.369161318156669,-8.385380786217668,31.453389806699597
384,6.4064000000000005,1169.2192363756053,1176.535700851084,14178.0,1153.1475409836066,1126.5655737704917,-1.881973597988312,detected,1169.128257965934,1175.880631365855,32.77617560498201,1.768870579839527,32.823872264204894,32.49887467932346,-3.7002622638167364,32.70884889817123,37.27553439512487,32.127875094702425,249.8086362900771,12.897728677458883,-7.744342590491035,31.77882870850504
385,6.4230833333333335,1169.7225521385649,1176.1238364557557,14145.0,1149.3357933579337,1127.5867158671585,-1.9684447761530415,detected,1169.6429538117536,1175.8939759307696,27.032819039084153,-1.1120552719901,27.055682806534964,32.70646088319165,-4.141551284639093,32.96763610796263,37.29752397774926,32.348873347216596,250.47604243864032,13.079208950155499,-7.027111759190548,32.21000979308897
386,6.439766666666666,1170.1212314375427,1176.4985952735085,14119.0,1153.2780082987551,1126.6390041493776,-1.8965732399978819,detected,1170.1687343141884,1175.905729088579,23.45938135011703,19.63438281946382,30.591691061977514,32.92077879334175,-4.564524623660527,33.235712139205674,38.112653827292654,32.61849110197609,250.9739878554763,11.699081362710224,-6.416920060330187,32.610361824724905
387,6.45645,1170.5053134962805,1176.7789703624985,14115.0,1155.6325757575758,1125.6363636363635,-1.8537999620591412,detected,1170.6860372942149,1175.9378651816942,31.80263173340131,6.094566716823097,32.38133920387098,33.23534512401242,-5.186847820477872,33.63765086662581,38.105311958113255,32.939880604202486,251.66402049091386,11.038551136821747,-5.5319587813597755,33.17964719321694
388,6.473133333333333,1171.182379249714,1176.7019506496265,14123.5,1159.8202247191011,1125.1385767790262,-1.7876835028707518,detected,1171.236102014883,1175.9111946601347,41.217794461198196,-13.511197668656797,43.375788669338306,33.46448998152905,-5.621431749339133,33.933355045387664,38.209809598889606,33.31402538357041,252.2952294312493,10.214999954282197,-4.821786535288182,33.58903034093794
389,6.489816666666667,1171.8806139048024,1176.328146733621,14139.0,1155.4758364312268,1125.8773234200744,-1.8851762994681724,detected,1171.7867438760009,1175.8680658529258,37.917157147548146,0.2655795490093303,37.918087222969376,33.63650446979362,-6.0414298212904285,34.1747466301072,38.28544995156471,33.739393715271014,253.12163968063808,9.28418740381256,-3.9848645996019165,33.9416287375085
390,6.5065,1172.4475483932038,1176.7108121539118,14086.0,1159.928338762215,1125.1791530944624,-1.8091213118669407,detected,1172.3435011889994,1175.7888111075556,35.97624081669516,6.1729245006146725,36.50198488015592,33.8279494878184,-6.491275018573738,34.445127636824814,38.17344707704575,34.211796631038744,253.46659826881046,8.460971910831768,-3.4036769254198935,34.27654885347293
391,6.523183333333334,1173.0810211400528,1176.5341166477915,14128.0,1158.5551839464883,1125.4347826086957,-1.8477571069027392,detected,1172.907461662109,1175.6896053316873,38.89346339461157,7.5420747633508105,39.61798059674374,34.048264167386726,-7.054408928992806,34.771381596790256,37.923066876763166,34.72446124238668,253.75296278560438,7.998596961761983,-2.7533155349854743,34.66220177245542
392,6.539866666666667,1173.745293621804,1176.9624660485156,14236.0,1162.2953020134228,1124.6510067114093,-1.78627916988521,detected,1173.4900990506517,1175.5489797177202,31.431183664784207,-11.113774203170248,33.338195566173795,34.304062244596,-7.573517288671141,35.130141625147445,37.97422274582946,35.26830415839024,254.0322972317601,6.57997707117697,-2.155583979190215,35.06394598888687
393,6.5565500000000005,1174.1297749683345,1176.1632870485457,14079.5,1158.8838028169014,1125.1021126760563,-1.8609521387314136,detected,1174.0740048746259,1175.3851563857113,23.647232667494666,-38.91887237747236,45.53976547990347,34.519442060175315,-8.025205344157952,35.44003105192915,38.20366244355267,35.83236852403639,254.40216112403257,5.297025474351237,-1.552049318834257,35.406029767168306
394,6.5732333333333335,1174.5343229518094,1175.663873006854,14079.5,1159.6570512820513,1125.0224358974358,-1.8565338905665008,detected,1174.6628186693597,1175.1985847868966,26.01771323318823,-25.044216911971255,36.112798321623934,34.727578381317024,-8.519148883497664,35.757245390685746,38.505985463738604,36.404375037810595,254.64209340001452,5.05260795505268,-0.9825890667866766,35.74374234261919
395,6.589916666666666,1174.9978993332152,1175.3276450109163,14122.5,1158.4851485148515,1124.983498349835,-1.8877369073145829,detected,1175.2469054244455,1174.9892635864694,34.68317902631027,-17.987794913900974,39.0702402505494,34.9268551830784,-8.987995816888652,36.06479282879826,38.70442027977227,36.97133313084274,254.8258855718199,4.026049623035003,-0.46758701809256564,36.06176152331788
396,6.6066,1175.6915850253206,1175.0636802498934,14086.0,1169.1512915129151,1123.1549815498156,-1.6961319746718113,detected,1175.8421301315914,1174.7578874434794,36.27784363677004,-22.259242929754457,42.56237581173964,35.09000544680126,-9.402998777890273,36.32801767607955,38.862216742265154,37.520162005243165,255.17400978408585,2.2699611528066024,0.11096726505264698,36.32784819583503
397,6.623283333333333,1176.2083700492287,1174.5849282718268,14185.5,1163.8612099644129,1123.9893238434163,-1.810154192867106,detected,1176.4319540649312,1174.4982934073562,31.057678660661956,-23.807785462515646,39.13297908948549,35.24617595395923,-9.819297434483955,36.5884069273905,39.10868199663559,38.03827981289087,255.2551336680561,-0.249405533324,0.5252446063071545,36.58463666059651
398,6.639966666666667,1176.7278762366313,1174.2692938082942,14134.5,1169.0557620817845,1122.9479553903345,-1.7191891230023062,detected,1177.035407233104,1174.2113378667839,29.32880157497682,-21.22042617823869,36.20062277103034,35.410041083460385,-10.0572910604003,36.810597835486995,39.2145180066554,38.51412998765326,255.05032159600972,-1.310409797183576,0.5821302560535102,36.80599458472692
399,6.65665,1177.1869743951138,1173.876873385013,14190.0,1167.5172413793102,1123.367816091954,-1.7599530628851596,detected,1177.6422221686205,1173.915014563256,36.80529371345605,-23.528828432854542,43.68335395498464,35.57234944158711,-10.191347222498154,37.00345393343577,39.29885071849207,38.937624197739915,254.92043550092194,-3.0219369514085344,0.5859056876193645,36.998815082771486
400,6.673333333333334,1177.955946203537,1173.484215232918,14164.5,1169.4370629370628,1123.2027972027972,-1.738626692646078,detected,1178.2548822577799,1173.6251256739772,49.45779526846595,-13.64562206626479,51.30571619608117,35.7926955367351,-10.327453896286674,37.25283019805803,39.48814474481641,39.30049003415268,254.8140218137356,-5.307614339215951,0.5908215491984201,37.24814475463639
401,6.690016666666667,1178.837216163905,1173.4215644620685,14122.0,1167.4040404040404,1123.4915824915824,-1.7958997138062414,detected,1178.8699189428348,1173.325183014542,42.85625037967036,-10.607904925571338,44.14958486231729,35.99918414950187,-10.455682435715307,37.486831749646065,39.81724713890881,39.59651783889861,254.74178886448206,-8.167663893661063,0.6132291863277164,37.48181565227742
402,6.7067000000000005,1179.3859164245387,1173.1302648052347,14111.0,1167.6875,1123.3933823529412,-1.8018035591959214,detected,1179.4838811791567,1173.0266139246467,32.59010151429232,-17.93311807919476,37.19827201301454,36.228377018806995,-10.48491472648692,37.71509960531093,40.17273965176533,39.82170522482515,254.3700042849922,-11.281436168838452,0.33640480463341405,37.71359927195951
403,6.7233833333333335,1179.9246392177652,1172.823196088826,14147.5,1168.1413793103447,1123.4482758620688,-1.8050632002201579,detected,1180.0971966097334,1172.7240845413164,40.653137480871194,-22.740561494742337,46.58122716432847,36.381309850534315,-10.481537057953437,37.861092503226004,40.389648896199155,39.97430046475652,253.9582684834613,-13.85722979717346,0.01987583523525238,37.86108728614394
404,6.740066666666666,1180.742376111817,1172.3714880700268,14166.0,1166.3383458646617,1123.545112781955,-1.857664377862963,detected,1180.7220070631945,1172.4038827066017,44.35371013915027,-18.1397831510345,47.9197593469992,36.50671550473354,-10.355635251473092,37.94706126177763,40.54351761901082,40.05474768123741,252.88996149963126,-13.898965942789307,-0.8432495446316004,37.937690870829016
405,6.75675,1181.4045746794081,1172.21793199102,14179.5,1164.2299270072992,1123.7627737226278,-1.9114248058872245,detected,1181.3413524545292,1172.100804001651,35.469928994041,-12.482559203562031,37.60226252651217,36.61307034870199,-10.181472747443628,38.00235923815702,40.747801285318374,40.06553823178422,252.2665243818439,-15.932699349185096,-1.4542741715457979,37.9745229634279
406,6.773433333333333,1181.9258894092516,1171.9549866779346,14199.5,1164.4606299212599,1124.035433070866,-1.9203037750033156,detected,1181.964179859544,1171.8019843057916,37.51416268862619,-32.79767905833868,49.82971155688643,36.74175894859011,-9.936651645123261,38.061711687111924,40.63835130399318,40.010974428351716,251.8493239251603,-18.62444854181927,-2.0034731175646776,38.008946210333534
407,6.790116666666667,1182.6562972411186,1171.12358276644,14112.0,1161.9080459770114,1124.4176245210729,-1.9888427042466053,detected,1182.6029854034173,1171.5113094614596,42.60620561608193,-30.540359566128316,52.421391811246835,36.84259720369053,-9.568196685054092,38.06477842464429,40.5198725907243,39.89685424887525,251.19593924056852,-19.582220601828638,-2.818069281802213,37.9603193089867
408,6.8068,1183.3475164699748,1170.9359566804114,14066.0,1165.7709923664122,1123.7977099236641,-1.927699895761377,detected,1183.2416131723994,1171.241478783832,46.64746636994319,-15.949722501684024,49.2988820016814,36.9188720921878,-9.111727019665349,38.02665756860866,40.36554677051459,39.730089265197435,250.43405745133893,-19.74547648864498,-3.7782321631730653,37.83849425600056
409,6.823483333333334,1184.212767702329,1170.5913936923005,14226.0,1166.13986013986,1123.576923076923,-1.9377926190380839,detected,1183.8875401936186,1171.0073246008017,42.354726105566584,-20.227749216658182,46.937028685778344,36.970127508791904,-8.56016534134483,37.94821153476792,40.35753913619956,39.51827262343653,249.68991440614622,-19.278461660924798,-4.804397150351386,37.642854922404446
410,6.840166666666667,1184.7607524976972,1170.2610241148823,14113.0,1164.2618181818182,1124.0436363636363,-1.98825925383744,detected,1184.5312318496253,1170.7846061144,53.01697594498952,-54.73455502450352,76.20151738700484,37.01355739630374,-8.054213719949638,37.87972795277305,40.46163762647502,39.269219279496674,248.85153525988412,-19.84077976126491,-5.842215365971302,37.426492079724824
411,6.8568500000000006,1185.9817674663602,1168.7650840396495,13922.0,1164.77,1124.1100000000001,-2.014255672535136,detected,1185.1762652836906,1170.6043655210615,34.608099667444016,-12.4473677607233,36.77849272009978,36.99263287206616,-7.509468383151658,37.74714561665589,40.412673015595516,38.99050617495291,248.0911650317537,-19.57629880868353,-6.835967513308266,37.122992206475196
412,6.8735333333333335,1185.9155094232676,1169.8456969439328,14114.0,1164.0945945945946,1124.3682432432433,-2.0181686213955414,detected,1185.8160919210302,1170.459195267637,12.989820353251504,29.185980534781685,31.946156147280107,36.9232138729364,-6.904811938476499,37.563281946767255,40.41353103920623,38.689044624637795,247.4777172885784,-19.204300605261217,-7.764981455532139,36.75194163044413
413,6.890216666666666,1186.415194472147,1169.7389229234934,14038.0,1160.9244604316546,1125.5359712230215,-2.0938884492526477,detected,1186.4588114514981,1170.3479317334275,34.60973446754787,-1.2262529469432968,34.63145125754995,36.84829155847005,-6.337306085408642,37.389277061721494,40.07954228999786,38.37071953714854,246.96716575202376,-17.99191489885674,-8.58510897673495,36.39030012318884
414,6.9069,1187.0703208966681,1169.8047809706031,14111.5,1167.9965277777778,1123.7395833333333,-1.9633650204880795,detected,1187.1069924276035,1170.2347478740005,40.20214141085695,-13.590775227836732,42.437263640721696,36.76134564475879,-5.721457979149009,37.20391935025924,40.18393850966371,38.04012878628043,246.4551339447938,-18.303483461370217,-9.43981408976671,35.986407502989735
415,6.923583333333333,1187.7566059238893,1169.2854440567246,14185.5,1170.3248175182482,1123.2591240875913,-1.932837682094744,detected,1187.7406975510894,1170.1620971641203,36.77571290745482,-5.441123145350072,37.17605251952395,36.72394134630396,-5.026253022243316,37.06630663352344,40.31201490214195,37.70045025547153,246.06493348216657,-17.826519676471285,-10.304917317658518,35.60505254211268
416,6.940266666666667,1188.2974038506802,1169.62322882832,14162.0,1167.704861111111,1124.295138888889,-1.9972202206507546,detected,1188.3814057046434,1170.1289925163014,33.277202784484956,15.038518782788556,36.517520073794955,36.6524106260419,-4.412160310567135,36.91701996784319,40.22744161217836,37.35345414498537,245.66732314796337,-17.86067444408813,-11.081821162141008,35.214480019396234
417,6.95695,1188.8669552567983,1169.7872293001103,14207.0,1166.5539033457248,1124.8513011152415,-2.0316822133877497,detected,1189.028859429807,1170.1480051840279,35.31706347221043,-1.0411348453421518,35.33240628751919,36.552856138027046,-3.759856500172612,36.74571829137637,40.30132862557288,36.999665454272844,245.24911281809784,-16.54304526228236,-11.88925951716254,34.76914322905803
418,6.973633333333334,1189.475816535203,1169.5884896289804,14262.5,1171.4729241877255,1123.6317689530686,-1.9441581473952698,detected,1189.6766180508448,1170.187761222106,41.04711428109229,-5.295303335247167,41.387266498493595,36.36242116300597,-3.2971031085046936,36.51159489455282,40.27954506647312,36.63866786034605,244.61740829194744,-15.155959016538283,-12.60831998625266,34.26553412495124
419,6.990316666666667,1190.236560636644,1169.6105426788242,14367.0,1170.3192488262912,1123.8591549295775,-1.9813905591433063,detected,1190.315825984362,1170.2488325293646,34.7599189516628,4.724713179935637,35.079550740550026,36.11609916454114,-2.9697738484702887,36.237993536811985,40.65151939271005,36.269527163822254,244.01042838498682,-13.50138761380488,-13.156895381267812,33.765193313535185
420,7.007000000000001,1190.6356391642234,1169.746137558751,14326.0,1165.5096153846155,1125.6153846153845,-2.088377188279819,detected,1190.9428634151984,1170.3384580867692,34.55953678331406,6.3042862157485215,35.12983927329179,35.84050744278925,-2.791017333197078,35.949016001983125,40.83462506261104,35.891301523750265,243.4074925216009,-12.098163535933969,-13.547958656162901,33.29841689572853
421,7.0236833333333335,1191.3896971806473,1169.8208956955564,14365.0,1166.3066037735848,1125.2877358490566,-2.08375177672962,detected,1191.5605739653975,1170.432986850751,37.428071211175464,24.073048879141755,44.50137297799215,35.590367174917475,-2.640034338567223,35.68814953110146,40.85765731524542,35.503597818948585,243.23774432764287,-9.046172469472936,-13.668725678978477,32.9668008042499
422,7.040366666666666,1191.884489140303,1170.5493749563516,14319.0,1173.6635071090047,1123.175355450237,-1.9379739357195727,detected,1192.1657692127405,1170.5351280985255,33.77602411372837,30.469888816202946,45.48883301869734,35.3297431002426,-2.6093513228566527,35.425971572495136,40.95349922986075,35.107128834104124,242.90876354537477,-6.5851303657063145,-13.766414096993579,32.64177239007297
423,7.05705,1192.5166905185754,1170.837574319057,14324.5,1170.72,1124.732,-2.012412233257716,detected,1192.7685026130548,1170.6462889109473,43.27238638734615,-0.10854988478920906,43.272522537209085,35.003355385017095,-2.677998328363069,35.105648594727896,41.79502252695445,34.70422403004144,242.90727978455124,-3.583974635796659,-13.55749764083692,32.382106493791014
424,7.073733333333333,1193.3283444327608,1170.5457530085291,14265.0,1168.3201581027668,1125.3754940711462,-2.076431971375162,detected,1193.3801981236406,1170.7958239575253,43.69259339929139,-8.460322018471253,44.50415448710413,34.517924577787156,-3.0474839010591066,34.65219005034194,41.85398326299246,34.299246560726466,242.9743285533516,-1.0118374983008085,-12.969880510340506,32.1334167936201
425,7.090416666666667,1193.9745667183317,1170.555281574374,14194.0,1165.3144104803494,1126.9039301310045,-2.151776134527132,detected,1193.9525425913157,1170.8938276059998,44.33337797141288,5.189630327041921,44.63609150998226,34.20391229909547,-3.296174939847014,34.362368745450155,41.92614109311596,33.898870247509564,243.21140934895104,1.6703636247826574,-12.473281217325162,32.018582752392604
426,7.1071,1194.8076014777403,1170.7189136737748,14256.0,1167.5967741935483,1126.0806451612902,-2.118233965374627,detected,1194.5333919274194,1171.0245116436413,39.46795816571895,7.1050258607878405,40.10238289994006,33.87732667804147,-3.7436319339134627,34.08354504606815,42.00903759657446,33.51217235321159,243.6787245970134,2.6808657448583006,-11.665844731648658,32.02492950194305
427,7.123783333333334,1195.2914809224612,1170.792352603929,14244.5,1168.3654618473895,1125.8112449799196,-2.1101911486338834,detected,1195.082702765051,1171.1071808990846,26.916590160234353,21.911157030801046,34.707371382495204,33.642375078006,-4.070648497329174,33.88774970513751,42.417634942989565,33.15050224806399,244.18285717911166,3.6907401853815687,-10.986918614523383,32.057248781451705
428,7.140466666666667,1195.70571836942,1171.4500159467025,14109.5,1184.4083769633507,1120.5497382198953,-1.7892063096443451,detected,1195.6173369589826,1171.1828095215392,33.53289236663606,16.83351497526324,37.520955436859694,33.42204580880979,-4.480625273673592,33.72104904787606,42.47675636261073,32.82709477890534,244.72901822735736,4.721399221748034,-10.216044411304694,32.136297009386645
429,7.157150000000001,1196.410361764428,1171.354030886937,14116.0,1172.5977011494253,1124.528735632184,-2.0412546923297317,detected,1196.1470084374528,1171.234039589433,42.15467802410998,3.919924563367724,42.33654081167797,33.25969981308801,-4.946010017834032,33.625446417159154,42.34734337467638,32.55641367004085,245.26734376765563,5.101101780197694,-9.423041615520086,32.278118493267506
430,7.1738333333333335,1197.1122794594912,1171.5808107629668,14122.5,1166.5230125523012,1126.6066945606694,-2.1680774000702083,detected,1196.6706730922583,1171.260147294607,30.79676156039931,19.065493190726112,36.220623313434466,33.12264241741114,-5.3773364992956125,33.55629879081334,42.63365255211367,32.35323771189595,245.56911293875248,5.870926461825749,-8.803515030322568,32.380909679149305
431,7.1905166666666664,1197.4379470418266,1171.9901828430675,14074.0,1174.1423220973784,1124.1797752808989,-2.024192073556685,detected,1197.1792735086613,1171.2851623891002,27.133776949593482,16.94152194911996,31.988388791916417,33.01778535978539,-5.9326362630132214,33.54653965901816,42.83281220754673,32.23154157566429,245.87422142291024,6.64061884986438,-8.081303974474793,32.55860637629037
432,7.2072,1198.017643150376,1172.1460928786692,14047.0,1178.1142857142856,1122.9020408163265,-1.954899143089185,detected,1197.6812787790477,1171.2639108357837,30.5356268858873,4.493260458020614,30.864443925943895,32.974655952020015,-6.58422710032248,33.62558522409253,42.83392441589268,32.203269484154475,246.16086980878336,6.381485649609338,-7.304882940317214,32.82253291400547
433,7.223883333333333,1198.4568191255858,1172.1401079670168,14047.5,1179.938864628821,1121.6288209606987,-1.9221913707286247,detected,1198.1770550518609,1171.2150251799749,32.36196823118879,-2.1225189239366564,32.431498182768884,32.991187097412464,-7.242853910844504,33.77687609697365,42.82882385298145,32.27714256018275,246.6491033928225,6.16284148765929,-6.426801557873102,33.159818766181914
434,7.240566666666667,1199.0974541570233,1172.0752714972405,14042.5,1178.7729257641922,1121.9737991266375,-1.9561787288912744,detected,1198.6799639625222,1171.135671362342,30.29648912611496,-10.77793146977284,32.15650883003193,33.066278877826335,-7.947328175918259,34.007922958656685,43.577193905747734,32.45766343692191,246.7521224590547,7.801201926190381,-5.749533520839396,33.51837836552766
435,7.25725,1199.4677119794271,1171.7804843203087,13999.0,1180.4579439252336,1121.4953271028037,-1.9322289647937623,detected,1199.1654684121947,1171.0632784409038,25.851563204932962,-11.24764484276537,28.19242512888223,33.23889848005106,-8.902535933732002,34.41045652441319,42.873707963965806,32.74447022563465,247.15481918046243,7.205534789624304,-4.700553008088807,34.08789109987119
436,7.273933333333334,1199.9600346492946,1171.6999750809869,14045.5,1179.1048034934497,1121.6331877729258,-1.9654865176471463,detected,1199.6929708880996,1170.851279553897,29.27578381723896,-13.935716903002914,32.42338236079561,33.43398736604251,-9.763813695103934,34.83049768615702,43.13658742758699,33.13214200563814,247.39223901287346,6.880141346883689,-3.8391616462201625,34.6182669543058
437,7.290616666666667,1200.4445472994623,1171.3154958996452,14043.5,1181.135593220339,1121.2796610169491,-1.9390909321762166,detected,1200.2024661326147,1170.6513944232606,26.80917442393575,3.2903846827766126,27.01033995812829,33.554527241006625,-10.481523286395241,35.153500946146195,43.50765484080108,33.61048071413548,247.59542427970555,6.577301844608658,-3.0987820318303534,35.01665573252115
438,7.307300000000001,1200.8545674359066,1171.8097642499022,14061.5,1176.9806763285023,1122.9178743961352,-2.025039893253033,detected,1200.7082750873715,1170.42675072168,40.885319120177,13.426577139079518,43.03350198659602,33.6908237967523,-11.21313819444918,35.50783119639421,43.55109691665015,34.16521275953595,247.76409575926226,4.928916739488869,-2.370054280222204,35.42864545788374
439,7.3239833333333335,1201.8087541141056,1171.763496023519,14229.5,1177.9789029535864,1121.8649789029537,-2.0163364658952405,detected,1201.226448987277,1170.1700112541005,38.51812077386199,-18.608825713603103,42.7777281115895,33.81079283484259,-11.864037613604358,35.83190060013091,43.44393261009854,34.7789922598994,248.35839404542622,3.1259872942446822,-1.4416788211774474,35.80288623552898
440,7.3406666666666665,1202.1397887323944,1171.1888497652583,14200.0,1176.72,1121.7236363636364,-2.0454958515453545,detected,1201.750166347061,1169.8591092946522,19.748993222374455,-29.468187848121033,35.47388938852829,33.95900387477382,-12.4945525779592,36.18463469886479,43.550083055159334,35.43256090343456,248.82186851719786,2.2950758903526527,-0.6176326144862259,36.17936315420454
441,7.35735,1202.4677121879588,1170.7802408223201,14187.5,1182.0566801619434,1120.591093117409,-1.957049898227504,detected,1202.275702163949,1169.5354082546687,15.137226705630725,-33.71656653912991,36.958659222504735,34.1130755774814,-13.040738335071556,36.520717157235055,43.56025301365881,36.10592673214279,249.14836603515909,0.8572352782394648,0.044114596233471914,36.52069051347691
442,7.374033333333333,1202.644867530139,1170.0638403284026,14129.0,1186.5454545454545,1119.3381818181817,-1.878122687591088,detected,1202.8098667623347,1169.1832426091082,16.877846084274573,-41.1452318184007,44.472371084015705,34.24668123460863,-13.455845292726744,36.79531149653025,43.65218899256419,36.77945430157332,249.24684454888228,-0.28729729770664497,0.4477161888171768,36.79258754614796
443,7.390716666666667,1203.030869652304,1169.4073615873128,14145.5,1188.330739299611,1118.4474708171206,-1.8516369836692472,detected,1203.348839541256,1168.800346345428,26.70540198004665,-47.32448780373147,54.33954030723308,34.38925878208553,-13.821365207709002,37.062801510222016,43.68098592605345,37.43479699250663,249.58492272656378,-1.2708075596598054,0.9576326247754299,37.050427737639964
444,7.4074,1203.5359377762065,1168.4847799186848,14142.5,1189.106463878327,1117.9277566539924,-1.8488145306501713,detected,1203.8942174509584,1168.4076239464366,34.31413459694439,-33.62460559505403,48.04241807569801,34.58467007188016,-14.167105452916442,37.37387163373442,43.80412666853964,38.05563722086233,249.69570566602047,-1.8924894579496827,1.2857168739253737,37.351749798569834
445,7.424083333333334,1204.1758179433555,1168.2854205806245,14105.5,1189.6421052631579,1117.7333333333333,-1.8507459226920007,detected,1204.4433150256452,1167.9896371644074,36.47310672529958,-24.054357997531973,43.69095619082425,34.73835406405561,-14.367679228988896,37.59233232331838,43.8575076063022,38.62822615210492,249.64177770498253,-3.77841462120775,1.3851402966074051,37.56680497281506
446,7.440766666666667,1204.7529237706074,1167.6821661735005,14194.0,1192.3726235741444,1116.6235741444866,-1.8086777538856984,detected,1205.0035285650386,1167.5676792482182,23.295832757825377,-37.12554152084553,43.82923290563725,34.91913138536961,-14.527387470037961,37.82050665199134,43.713065784239184,39.14173050190425,249.45575674903412,-5.2782580315794725,1.3492766314594284,37.79643073075973
447,7.45745,1204.9531222297082,1167.046665011879,14100.5,1191.1705685618729,1116.9264214046823,-1.8391530159071054,detected,1205.5684846935728,1167.1531730579752,-5.557517919140838,-77.23557571625815,77.43526432862109,35.081488450385216,-14.479430132328043,37.952137342335284,43.46951142104148,39.58840205213661,249.59939158127906,-6.081884824270704,1.3424800708499447,37.928386152205995
448,7.4741333333333335,1204.5674879227054,1165.105072463768,13800.0,1190.6133333333332,1116.9233333333334,-1.85269858296506,detected,1206.1434616794054,1166.756306813344,33.625565646667326,-32.222857927073626,46.57243002084716,35.238490751531664,-14.376299096552719,38.05823440675257,43.38876832686835,39.96358834583785,249.51916574397808,-7.2095450845318565,1.13782503754787,38.04122185660253
449,7.4908166666666665,1206.0750952701187,1165.971495652379,14126.5,1191.0636042402828,1116.5512367491167,-1.8656915464326986,detected,1206.728975730297,1166.3614892940425,50.217628409352145,-22.04029085601791,54.84144987213265,35.44669993814472,-14.31277585286476,38.22726892048682,43.303971037090854,40.26560310193417,249.31914287449757,-9.128319472874393,0.8720527048735427,38.217320853235385
450,7.5075,1206.2430827906308,1164.3696614255389,13896.5,1184.5397489539748,1118.18410041841,-2.010088405724804,detected,1207.3242621931092,1165.9591690195593,40.8365604307737,-25.62665349219682,48.21151353178363,35.66711123512313,-14.146850961714042,38.3702517061277,43.065264381458746,40.495474094821866,248.85688355444074,-11.485071210501761,0.3294350392571559,38.36883746670605
451,7.524183333333333,1207.4376751698255,1165.1164196475227,14034.0,1185.1506276150628,1118.0376569037658,-2.0129377255329457,detected,1207.942148658178,1165.5702799502333,56.998761696319036,5.021668082308833,57.21954198735468,35.896621925799394,-13.918494823132063,38.500544980887426,43.01586168148347,40.65658586445609,248.2739973337868,-13.090902908674192,-0.35800473281151923,38.49888045692524
452,7.540866666666667,1208.1449414725646,1164.537217750552,14039.0,1185.8373015873017,1117.7698412698412,-2.015868273459412,detected,1208.5589318276407,1165.197536481959,42.74643244846581,-24.916510290063318,49.47817672576549,36.14993615098989,-13.657157551648927,38.643703705923514,42.98975566853625,40.754235393060064,247.68319749206682,-14.873192150244135,-1.0929091776990738,38.62824595604243
453,7.55755,1208.8639811325227,1164.2850387541775,14063.0,1185.124,1118.288,-2.047256433532068,detected,1209.191276013784,1164.8445623470777,41.15658651590247,-5.908380157269003,41.57852293821625,36.31807786819098,-13.178941619369441,38.635311338809366,42.9653077558027,40.79512103188502,247.7023807440114,-14.171968096327735,-1.5862294724649413,38.60273511433374
454,7.574233333333334,1209.5181995759785,1164.3400747993044,13993.0,1190.5,1116.9962686567164,-1.9527708652647382,detected,1209.825748616633,1164.509542437557,45.01329574215967,-25.290431675981182,51.63141222093971,36.55174473276436,-12.676029858311434,38.68735938233534,43.027919998572024,40.78678829243809,247.16583492176653,-15.030492284255327,-2.501827123213978,38.60638078120664
455,7.590916666666667,1210.3659247671194,1163.441181350589,14063.0,1191.9778597785978,1116.6531365313654,-1.945260421036762,detected,1210.4738455311517,1164.1970797935842,50.72116526212307,-31.275499339584822,59.588534673106125,36.802072784149175,-12.060501081059112,38.72787429663603,42.94135646085884,40.73706011600793,246.3838241493052,-17.177902286129832,-3.692764599179652,38.55141679823307
456,7.6076,1211.2105957902247,1163.296515638007,14015.0,1190.347014925373,1117.3731343283582,-1.9972310031296452,detected,1211.1265097311366,1163.9312510960544,51.573706237547235,-9.688749059355935,52.4758900201987,36.9964116211283,-11.374732951669586,38.70554253025986,42.99485478888148,40.65348312151221,245.88819008945237,-18.603818788335353,-4.731435119345674,38.41526446965031
457,7.6242833333333335,1212.0867674319122,1163.1179000903085,14026.0,1188.323076923077,1118.0961538461538,-2.056456870099043,detected,1211.786465270173,1163.7048644047686,47.091106615213654,-13.719606676387047,49.04895441903103,37.19138723955138,-10.644979616691945,38.68481453803356,42.95419625864685,40.5428241030169,245.42764931760195,-19.15521893956765,-5.78480268024996,38.24984880744792
458,7.6409666666666665,1212.781869047619,1162.838738095238,14000.0,1200.0537190082646,1114.9380165289256,-1.8305141139455061,detected,1212.460172698365,1163.5195927438328,59.31243008414942,-58.925317592376615,83.60716127132629,37.30581952333577,-9.922086394374526,38.60274561122735,43.00277554686757,40.41065157959037,245.04010365392864,-19.520490540137637,-6.747054362757252,38.00854148939591
459,7.65765,1214.06582551572,1161.1517586599762,13751.0,1191.9398496240601,1117.4097744360902,-2.0390964687652717,detected,1213.1353298314812,1163.3708939698095,41.54383995269386,3.9447693529905266,41.730706239690406,37.45592501632316,-9.200635455861002,38.569392160365574,43.290156245430474,40.261034463674484,244.36261527210598,-18.980762361826926,-7.911371672044579,37.7492809188048
460,7.674333333333333,1214.168048507374,1162.9703618993162,13991.0,1194.152249134948,1117.069204152249,-1.9820000461290552,detected,1213.8054309331142,1163.2452915318502,25.10935203765364,42.843843961489455,49.65958643753769,37.59328119419219,-8.48444560386875,38.53881949606931,43.504741482919535,40.09638332542964,243.80619749914788,-18.479954453091516,-8.980860043961318,37.47779023663736
461,7.691016666666667,1214.9036408953764,1162.5813149201579,13975.5,1195.379061371841,1116.797833935018,-1.9738984519261242,detected,1214.48397952774,1163.1646088550042,45.862122062565255,-20.236803137144484,50.12845939477071,37.68146131723289,-7.820892758063879,38.48452793701976,43.790563351866176,39.91744939430721,243.1913477930176,-18.141776754250174,-10.014518074308128,37.15869101939155
462,7.7077,1215.6983146468615,1162.2951272346402,14003.0,1192.5642857142857,1118.1142857142856,-2.053161898501599,detected,1215.1628452924585,1163.116717278772,36.597945661505904,-3.449098321307592,36.76011297415428,37.75099930199357,-7.2548261227278354,38.44178001042789,44.08510612912697,39.72348323156112,242.3807662008972,-16.151168014465632,-11.072993744406933,36.8124878255526
463,7.724383333333334,1216.1247923489486,1162.4662300061702,14046.0,1185.5691699604743,1120.99604743083,-2.205801897082056,detected,1215.8379601273748,1163.1127250370103,33.40445027825998,16.338822191463642,37.1862126196929,37.79392104267248,-6.572772785929855,38.361201882569084,44.02947455010039,39.51254064076191,241.60763024303645,-15.578341819951747,-12.189129792601502,36.37316214978203
464,7.741066666666667,1216.8129098044794,1162.8402992684287,14056.5,1190.048,1120.276,-2.1321316158006955,detected,1216.525045262805,1163.14627437694,41.220496343585204,9.834468659856146,42.37742432750265,37.9005763984364,-5.891211988322411,38.35570453042243,43.9722412299298,39.281910147557845,240.75936912487646,-14.337403005936974,-13.373089503159878,35.948860165039214
465,7.75775,1217.5001829102796,1162.7943734437874,14123.5,1189.9077490774907,1120.1918819188193,-2.145533134018513,detected,1217.209507969884,1163.197050573699,35.105417349676465,11.73808667736502,37.01584804026918,37.957165547258754,-5.276176268066613,38.322114404005895,44.04834259542789,39.02862630534869,240.13006172348784,-14.590835134940786,-14.328635242414233,35.54257537775733
466,7.7744333333333335,1217.9842605633803,1163.2319600938968,14200.0,1193.381679389313,1119.2633587786258,-2.0809411522679717,detected,1217.9007533601432,1163.285438288611,33.691947036398744,21.257015935988473,39.83726925388293,37.900199510105,-4.797704566356968,38.202658179919965,44.2291859215506,38.75002719078134,239.4818248347123,-13.118146128330746,-15.11309372080779,35.08614384907361
467,7.7911166666666665,1218.624370876394,1163.5036492088516,14272.5,1190.3032786885246,1120.672131147541,-2.1550192579110687,detected,1218.5710047310497,1163.3810394628167,42.62080428817397,3.8939587520499486,42.79831623946782,37.803442876394854,-4.423718883827841,38.06139227710915,44.25169127489601,38.44431269135148,239.18806724077285,-11.712736162411815,-15.564420225475256,34.73353430212366
468,7.8078,1219.406374733129,1163.3618885175902,14364.0,1194.618320610687,1119.171755725191,-2.082000659015059,detected,1219.235353384201,1163.4881041174247,38.88445229632724,13.353460371709168,41.11344712237294,37.64342982204196,-4.18240465036836,37.875061946172714,44.005730431226745,38.11106175605318,238.9011839558978,-9.476781948773834,-15.862119977717414,34.39350908585687
469,7.824483333333333,1219.9218154346815,1163.949209669921,14340.0,1192.8915662650602,1120.281124497992,-2.125064502776058,detected,1219.8955572337006,1163.5905196148933,34.00970492029537,16.37263374730993,37.74550522365696,37.43629599726378,-4.106466323674301,37.66084602955991,43.885754661807375,37.75167047818538,238.65164004836691,-6.854615361046972,-15.968858794469451,34.107695208918976
470,7.841166666666667,1220.5411652206362,1163.908188730292,14292.0,1195.260162601626,1119.2073170731708,-2.0855068789937654,detected,1220.5475985701612,1163.701908128251,35.75725949997366,11.043255334989842,37.42372369690432,37.23860798492753,-4.066727613953598,37.46000798373115,43.71137957890405,37.36967749090222,238.5039897785307,-4.208580382420859,-15.987304937250677,33.877105528432644
471,7.85785,1221.1149159933307,1164.3176862895984,14294.5,1192.331983805668,1120.753036437247,-2.15465307120447,detected,1221.1939234273768,1163.7947741061894,32.867039082780515,6.758222290623838,33.55466922201003,37.01862112175631,-4.058079581544146,37.2403856001289,43.760379029194155,36.970947811126045,238.59466424329355,-1.4210866752544258,-15.826420472523145,33.71009840794281
472,7.874533333333334,1221.6378287580317,1164.1336880807225,14188.5,1194.32421875,1119.96875,-2.124668448995443,detected,1221.8491325689652,1163.9110473910819,37.15266211515568,-12.862203382203413,39.316110922725926,36.568927782141024,-4.325405700558618,36.82384571999332,43.557673014426285,36.563690718524235,238.84489968811823,0.6017091970472389,-15.217621971875378,33.53236638131831
473,7.891216666666667,1222.3545764859064,1163.8885174367456,14208.5,1193.59243697479,1120.5504201680671,-2.156720555525726,detected,1222.4541131948183,1163.9703218498603,40.04448645591392,4.948530029948118,40.34908728800655,35.96279900522948,-4.931010862288532,36.29928071483706,43.981527521124576,36.15829208707905,239.04545594787885,3.1385175221895616,-14.269034050231152,33.37712461683729
474,7.9079,1222.973979789444,1164.2988040327218,14200.5,1194.9083333333333,1119.8166666666666,-2.1336570982636425,detected,1223.0342584985524,1164.0079426003917,30.628051834532293,12.121502407107773,32.93946538400884,35.65465139094887,-5.211513193202767,36.033512673246534,44.341679905063394,35.76694826317251,239.48737476196018,4.734604578274615,-13.613063623848536,33.36313136301913
475,7.9245833333333335,1223.3765324821186,1164.2929715670628,14097.5,1197.9245283018868,1118.5509433962263,-2.0785589085635645,detected,1223.5849136904917,1163.9933911582243,37.49376630681948,-3.7582283268668766,37.68165060115144,35.28806335122023,-5.755037917960358,35.75427074514168,44.20471917641481,35.403099178781616,239.68058720014898,5.313987651543021,-12.846234598917729,33.366781881782714
476,7.9412666666666665,1224.2250217918815,1164.173404480882,14149.0,1197.2470119521913,1118.7011952191235,-2.1062641874516697,detected,1224.142179405745,1163.988592069898,31.23867005726495,11.899096341921476,33.42817674808171,34.99655034493327,-6.1749333821060635,35.53714026647187,43.88323967157021,35.08067486780685,239.8711752193449,5.9779190612220585,-12.225681920514006,33.36796427559394
477,7.95795,1224.4188627730293,1164.6900047483382,14040.0,1195.0717131474103,1119.3426294820717,-2.145174681647287,detected,1224.6860614697553,1163.954064909205,33.04493787983073,15.079554696033052,36.32300771291557,34.74532132248359,-6.668745041239489,35.37950698112806,43.56438384907145,34.81319264268048,240.0953843381557,6.544591682203508,-11.541697530239215,33.44396406450885
478,7.974633333333333,1225.3276212191386,1164.6765589559063,14034.5,1199.1223628691982,1118.0590717299579,-2.082907449651514,detected,1225.2307810639184,1163.890974872959,44.834625738177586,7.171377257207979,45.40454070737481,34.47118001224179,-7.152548618550781,35.205414401439874,43.70937084700557,34.61277006697967,240.30908487446308,6.685873010929285,-10.860806013772073,33.48826803387006
479,7.991316666666667,1225.9148447851599,1164.9292897028204,14088.0,1198.135593220339,1118.0550847457628,-2.1057821086159607,detected,1225.7492139281876,1163.8252675073786,31.968271012955356,0.8286898183486355,31.979009965488242,34.29427559469058,-7.66157176729601,35.139678719504786,44.48544159740327,34.48914626395397,240.76195325838907,7.375718639243855,-10.06519715894731,33.6673258020523
480,8.008000000000001,1226.3942958619375,1164.7042095728452,13984.0,1195.5243902439024,1119.239837398374,-2.1672827911229247,detected,1226.2583696831114,1163.7508306341176,32.56104344720804,-11.731034944259989,34.60980686502626,34.20646106596492,-8.482535798509138,35.24252250095562,44.18550114380375,34.44882269891144,241.36082273707592,7.621078899644422,-8.950142284136042,34.08709939733921
481,8.024683333333334,1227.0012982681817,1164.5378641701802,13993.0,1197.1517509727626,1118.035019455253,-2.1414466804032055,detected,1226.7766575802812,1163.6107854411184,24.230452986734967,-15.699926491061294,28.872175944446962,34.127796930601924,-9.126952208487163,35.327153578407795,44.149453958388364,34.49443535866944,241.81921658347326,7.739554107682865,-8.07196748264545,34.39260270627283
482,8.041366666666667,1227.2027853099282,1164.1803553589268,14014.0,1196.2057613168724,1117.9218106995886,-2.1611597538257454,detected,1227.2903489985588,1163.4916954439461,29.218569173721345,-18.9246515086026,34.81188330558394,34.146583579485686,-10.034892491455153,35.5905638823813,43.78403871431892,34.624447653113826,242.14770540764957,7.475560644154261,-7.080672963964471,34.879109906120696
483,8.05805,1227.9762245262782,1163.9064116315099,13985.0,1204.0238095238096,1115.2333333333333,-2.02811048923525,detected,1227.823289811187,1163.2699933863312,45.08041393284964,-10.28221779435015,46.23816305961467,34.09664991940723,-10.629584338019333,35.71511723242244,43.76194705415444,34.833209160865536,243.00736591447577,8.641893032564024,-6.004000019059136,35.20683999873912
484,8.074733333333333,1228.706968454821,1163.8372720251887,14027.5,1202.7058823529412,1115.076923076923,-2.0606828641703827,detected,1228.3716503194041,1162.9513147539678,33.003150561287036,-20.22453411430203,38.707101765845856,34.18357806292475,-11.35598249604208,36.020485111037644,43.68361379901146,35.11136962534868,243.3184171758923,9.120408668706029,-5.202764462341612,35.642763495327905
485,8.091416666666667,1229.0774296500065,1163.2315863432293,13995.5,1203.8232931726907,1114.714859437751,-2.0507282537923905,detected,1228.9108381677777,1162.6817997703358,28.531118834478576,-36.62779224382861,46.428653939180805,34.178260349994794,-11.868390473056118,36.1802732573008,43.39928539909598,35.44658531125431,243.9449628956247,9.103878568375865,-4.350028377436912,35.91781488465646
486,8.1081,1229.658956786598,1162.615124690653,14008.0,1213.1153846153845,1111.7596153846155,-1.8853044315864687,detected,1229.454854358059,1162.3772633638278,35.67543727232131,-21.089810889813226,41.442936043907615,34.194264747623535,-12.390195188700254,36.369831982628966,43.13446852807428,35.824419355442224,244.59098512624635,9.189190585459832,-3.4803170957123477,36.20292904390407
487,8.124783333333333,1230.2678000736596,1162.5278896532059,14028.5,1209.6540084388187,1112.565400843882,-1.9621048547211515,detected,1230.0059673298035,1162.0342434516504,38.20059714443842,-12.861311628002168,40.307554614293586,34.2449575627017,-12.873802238888972,36.58485892493318,43.21935850083638,36.229325540484815,245.20556459527148,8.006931701786549,-2.674027403596215,36.48700426182012
488,8.141466666666666,1230.9335833779842,1162.1859855926652,13997.5,1214.0347222222222,1110.9027777777778,-1.8891112897077247,detected,1230.5493493699355,1161.6898007028176,35.76686458898877,-17.849250529525943,39.973295423230255,34.295536091511,-13.359371896561264,36.80566007117336,43.3283139239636,36.64561409657324,245.261952650073,6.67434778572053,-2.2182736078391354,36.73875168640776
489,8.158150000000001,1231.4612211221122,1161.9323196605374,14140.0,1207.1101694915255,1112.822033898305,-2.03111379312763,detected,1231.096009971164,1161.3236298023069,19.00693989743725,-34.287026375171656,39.20285629793458,34.37238095619656,-13.667639003631932,36.99006526800817,43.303591036100464,37.05832110356938,245.60295161201378,4.882844208962796,-1.750583895621718,36.94861816842268
490,8.174833333333334,1231.5677816058953,1161.0419418126137,13932.0,1213.444933920705,1110.8678414096917,-1.917413164776087,detected,1231.650592862492,1160.940695663261,25.877881584145616,-37.81277580072684,45.819982202518325,34.45649143327458,-13.9266219823177,37.164507284904225,43.179307706396514,37.45393075506619,245.71207765005738,3.6927419427981203,-1.4787442181639765,37.13507664280425
491,8.191516666666667,1232.3246797709699,1160.670633374653,14117.5,1209.7047244094488,1112.015748031496,-2.0059768308372417,detected,1232.2077921765358,1160.5652377381334,34.78159494022805,-29.450525252598847,45.57513339794037,34.511041402003144,-14.09434081449974,37.27817621137129,43.11162103491521,37.82092504538717,245.95713693591028,2.7325164240131223,-1.1889581046202355,37.25921094536901
492,8.2082,1232.728327490401,1160.059275953352,13977.0,1213.56106870229,1110.5458015267175,-1.9401432027720202,detected,1232.7661597187846,1160.1823903557893,23.793969919563537,-34.958206209554554,42.28745896743895,34.58905950369268,-14.123110215453364,37.36128048538802,43.16590442687438,38.15015466397625,246.05689305360704,0.9429203315133803,-1.129453611339331,37.34420455770438
493,8.224883333333333,1233.1186052339526,1159.5041945607943,13966.5,1216.127413127413,1109.907335907336,-1.900851087594866,detected,1233.3303721359368,1159.7904703453287,30.59026969589927,-29.017322724178335,42.163605374149036,34.717784860045704,-14.111526905343805,37.47612276088151,43.09359969715587,38.43503745046328,246.22785098061576,-0.22440676336707838,-1.0805116938336816,37.46054286403428
494,8.241566666666667,1233.7490228225874,1159.0910646184552,14028.5,1216.9589552238806,1109.6492537313434,-1.898169503684085,detected,1233.9013465007688,1159.4120782916573,33.25398794099687,-11.377792838416765,35.146577128561084,34.815180853918925,-13.929954391031623,37.49853926791421,43.07781580031138,38.67159793310554,246.39450478498162,-2.4150317460669477,-1.1769276480060515,37.48006521524026
495,8.25825,1234.2281799649172,1159.1245555397525,14062.0,1215.8685121107267,1109.80276816609,-1.9271473169299278,detected,1234.4723266036679,1159.0439330322527,-1.9807406064470372,-46.18775390365914,46.23020596985275,34.94526127099705,-13.730323693595455,37.54587958790093,43.07708462602344,38.85836507506282,246.4862124004701,-3.8897708550212586,-1.3518879110144475,37.52153345887143
496,8.274933333333333,1233.682932111019,1157.5499332298698,13853.5,1212.8120567375886,1110.872340425532,-1.9912596276340417,detected,1235.0514695583092,1158.6936498493635,-0.36457727729329514,-67.50168506941164,67.50266960499523,35.05568196493678,-13.39859607483277,37.528965011086015,43.29818296519918,38.99614704865678,246.34912314818712,-5.74522266438356,-1.789821611822589,37.48626086183004
497,8.291616666666666,1234.2160152364315,1156.872249314603,13739.0,1217.0739299610896,1110.1400778210118,-1.922372317368826,detected,1235.621382375815,1158.3575273038812,66.77230951287322,8.735529884392985,67.34130084906337,35.21831493769949,-13.08188236158555,37.569473687734174,43.55442487403713,39.08770286190192,246.18155809224413,-7.264356826424337,-2.2548614771428266,37.501745997916515
498,8.308300000000001,1235.9109015050985,1157.841408743679,13941.5,1213.3046875,1111.375,-2.0235910535834973,detected,1236.1988487046249,1158.0251643715455,70.87734004851728,15.200187822238211,72.4889166851352,35.41675674525118,-12.748450641689455,37.64132904290027,43.47690825727216,39.13733173930604,245.83322236442015,-8.74813758877169,-2.8682640995860673,37.53188928326034
499,8.324983333333334,1236.5809558160504,1157.3794289149384,13862.5,1215.3451957295374,1111.0569395017794,-2.000641008183438,detected,1236.7882943718369,1157.7187316794596,36.000105801692705,-20.646518403423073,41.500437828003164,35.603018390128206,-12.296384704379713,37.66664300526277,43.46841225888413,39.15040275838063,245.45520760898435,-9.966656447184489,-3.6044100861013284,37.49378912856263
500,8.341666666666667,1237.1121050353483,1157.1525032462848,13862.0,1216.4833333333333,1110.5125,-1.9872266859551027,detected,1237.3796197042266,1157.440599692378,39.1191941029611,-13.755165481807824,41.46704624996895,35.75675940741893,-11.848392332484964,37.66869050265128,43.576568832786265,39.13284955735328,245.1337862231067,-10.702606153420621,-4.285795416550659,37.424085851654475
501,8.35835,1237.8862329259525,1156.9204648933621,13910.0,1216.96812749004,1110.5617529880478,-1.9946666267705144,detected,1237.982853859722,1157.1872510569488,33.21464366784972,-6.549588412000374,33.85424142332596,35.96476748700274,-11.422442328342841,37.73508565166492,43.674065195642996,39.090657737949265,244.61534732794567,-11.058672924601094,-5.098242140813877,37.389097558140094
502,8.375033333333333,1238.2203669790656,1156.9339653129377,13924.5,1216.4183673469388,1110.7278911564626,-2.0116654544374986,detected,1238.5827965320163,1156.9687530515666,46.10146087262418,-15.642208246509988,48.68288583698879,36.10288892785599,-10.86367836629264,37.70196409450523,43.58972848082379,39.02937509567188,244.06763756171756,-12.094690634917653,-6.018323200391581,37.218515317500106
503,8.391716666666667,1239.4244850037358,1156.3985365448702,14053.5,1216.337164750958,1111.2375478927204,-2.04338169384321,detected,1239.202140552628,1156.7847499458198,65.15720291958273,-61.589394294117874,89.65887899042681,36.270678688063136,-10.31404612470216,37.70864197972663,43.26600967565592,38.95367586845129,243.5279691061904,-12.229788953878586,-6.9354104815555075,37.065371459187226
504,8.4084,1240.3944456498157,1154.878932523324,13827.0,1214.9768339768339,1112.1891891891892,-2.107829004039379,detected,1239.8325459674002,1156.63226121643,42.06650802255514,-15.673270417026924,44.89145244672918,36.41488382782728,-9.668584088337703,37.67658798866232,43.22943092485713,38.8670088487871,243.1780941301849,-13.84733761984604,-7.802705374590886,36.85977579021262
505,8.425083333333333,1240.828104154755,1155.8755717552888,13992.0,1216.5754385964913,1111.9789473684211,-2.0755530675904805,detected,1240.4658822056522,1156.4995546390965,42.524849936669575,-27.624236318744448,50.70957793484487,36.53861597338223,-9.001286181813123,37.6310192550933,42.99569606730225,38.77135505885911,242.31841203557667,-14.243841158749195,-9.003262501855907,36.53812905034791
506,8.441766666666666,1241.8133581427026,1153.9572038381552,13704.5,1218.936,1111.252,-2.062597685817495,detected,1241.1158262103272,1156.3942817659563,30.91858713940684,3.7370114934672527,31.143607459628054,36.606498001193835,-8.330116364488527,37.54232990315502,42.81448971748712,38.667113775015224,241.58536049727144,-14.969205102342405,-10.092601240049207,36.160281176543485
507,8.458450000000001,1241.8597543456399,1156.0002633721208,13922.0,1215.163043478261,1113.1666666666667,-2.128147519962601,detected,1241.7608352847537,1156.3103412735063,25.56060333157026,78.4664049340247,82.52466992326728,36.588428708094696,-7.685543211702538,37.38690532507705,42.916662094415,38.553126252692785,240.781158790185,-15.880691960777948,-11.152873196035577,35.684648089331446
508,8.475133333333334,1242.666230273866,1156.5753662161205,14131.0,1221.3625954198474,1110.641221374046,-2.005055752078388,detected,1242.406520849337,1156.2586252467192,37.86009265890276,-1.5638410052981104,37.89237673768372,36.62461185733563,-7.104914196821402,37.30739872256821,42.68460746942189,38.426835190338394,240.15736647785621,-15.450849618177395,-12.062351891175364,35.30356449847723
509,8.491816666666667,1243.1230194373586,1155.9480832105774,13916.5,1216.6304347826087,1112.8514492753623,-2.121972842065965,detected,1243.065703676367,1156.2273620522842,31.236507438050694,-17.34169803493406,35.72749484167946,36.64478159133906,-6.470178171346529,37.211600656863865,42.35806370176245,38.284566162202864,239.54082701135331,-15.578803630126682,-12.998896298081998,34.86734745399514
510,8.5085,1243.7084884053822,1155.996731558355,13972.0,1216.98755186722,1112.7385892116183,-2.1241353650843173,detected,1243.7237449523714,1156.2118205060992,35.790084391074224,9.968606517494473,37.15243271470723,36.605974843629006,-5.923913819347855,37.0822079870045,42.044309014077356,38.1219069219103,238.79612860042914,-14.856958326442733,-13.898102504050293,34.379250951385934
511,8.525183333333333,1244.3172152532075,1156.2807023813778,13990.5,1214.0836653386455,1114.617529880478,-2.1985409575767116,detected,1244.3792844370882,1156.184015237048,40.64400222023278,-4.742225487643554,40.9197216394973,36.572441321366114,-5.342549247310956,36.960604657725916,41.860779525150726,37.93415344875036,238.46329063641832,-13.032749331041774,-14.575540547050181,33.965275126605505
512,8.541866666666667,1245.064643279464,1155.8384993012505,13953.5,1221.3971119133573,1111.7509025270758,-2.0634717852778386,detected,1245.0386323699327,1156.2018787681386,42.419637279869896,2.9920577303069424,42.525028352926675,36.5206797220284,-4.858001371995114,36.84236996569687,42.01229113800209,37.716788695927534,238.15069334590183,-12.321052608161011,-15.144912102307712,33.58559009609115
513,8.55855,1245.7326171504458,1156.3805373743123,14056.0,1215.871794871795,1114.3803418803418,-2.1888459303254764,detected,1245.7119121933438,1156.2473475637191,36.16028473024735,19.674186046329424,41.166002822209286,36.413020058269616,-4.475342516774436,36.687010240770434,41.87174828847494,37.46596082196194,237.9726930599163,-10.726344721931262,-15.516500897890817,33.24417122281962
514,8.575233333333333,1246.27119144663,1156.4949613089964,14107.5,1220.2457627118645,1112.5762711864406,-2.105743620008779,detected,1246.3809724807825,1156.3085824793357,30.921335835596338,0.5350646658741963,30.92596488477605,36.2913779610334,-4.122767315961035,36.52480423838213,41.84814317234171,37.17893114246525,237.60030102193517,-10.386032467945437,-15.96475256988684,32.85099694125627
515,8.591916666666666,1246.7643590561602,1156.3983906986637,14105.5,1218.892561983471,1113.2231404958677,-2.144037122239959,detected,1247.0444029744608,1156.3798392466026,35.527378631584426,8.459386768212875,36.520622351298684,36.02006662574992,-3.988329788345107,36.24019831932579,41.77016059710362,36.85446684886801,237.41401529308678,-8.775272350444661,-16.038632649733223,32.49791127058746
516,8.608600000000001,1247.4566216469705,1156.7772228474958,14216.0,1218.273076923077,1113.873076923077,-2.1681120389171835,detected,1247.7033186335746,1156.4559502973002,42.690963592589455,15.618252050380823,45.458202445466576,35.7770424733568,-3.920185442260916,35.99117422427464,41.73927878747114,36.49315851826212,237.2780694669624,-8.716758118141096,-16.041655691863227,32.218471483076335
517,8.625283333333334,1248.188814208033,1156.9195197087447,14283.0,1218.462093862816,1113.462093862816,-2.170731991040399,detected,1248.3394504768137,1156.5183887261271,35.39809823594934,12.590403732899432,37.57051536616616,35.5494685870257,-3.914346306702606,35.764323338051895,41.61498358729317,36.09764670599812,237.0815631041794,-7.016537615341441,-16.033288107551034,31.969055292407155
518,8.641966666666667,1248.6377381914433,1157.1973226520502,14230.5,1214.7557603686637,1115.336405529954,-2.2512391658373097,detected,1248.9668125581486,1156.57025719802,36.65103391068005,4.861837985779196,36.97209427827675,35.25894841645231,-3.9857729772804222,35.483514900027366,41.405065513939576,35.67274508147193,236.9480485351137,-4.494883424307377,-15.889423368744229,31.72705556255211
519,8.65865,1249.4117370395193,1157.0817430362035,14174.5,1217.4136546184739,1114.265060240964,-2.2125848090136184,detected,1249.5956799779508,1156.6252915981365,37.323271296984174,2.1973162546788254,37.38789615679597,34.91729302038684,-4.179418080413474,35.166530783721655,41.464348260709635,35.225449729090364,236.94026794378635,-2.007007917650221,-15.545059765820174,31.54419129157572
520,8.675333333333333,1249.8830913437193,1157.2706397710813,14153.5,1218.7615062761506,1113.7071129707113,-2.19111846782327,detected,1250.2061971191506,1156.6831450985392,44.38610524512459,-0.4599065496753988,44.38848784162072,34.57160275161914,-4.369933763299303,34.84669335692245,41.287611992401864,34.76482582649836,237.07812327422135,-0.26552621695687445,-15.121316433243425,31.394869441313265
521,8.692016666666667,1250.892753417865,1157.0663974876627,14117.0,1219.9772727272727,1113.1227272727274,-2.1838843010527063,detected,1250.7630797285672,1156.6780178217298,51.726706253337305,-3.879246922178527,51.87196445578552,34.066586460048306,-4.739856626180685,34.394746021401225,40.864136428371005,34.30176468990357,237.2070116329209,0.7281957234540463,-14.466165805063493,31.204624669704128
522,8.7087,1251.609039109039,1157.1412022321113,14157.0,1222.28078817734,1112.1773399014778,-2.1487605640967615,detected,1251.288096197024,1156.630445410253,36.17485093170219,5.228687390691383,36.550773066522815,33.602246325240216,-5.150900181399773,33.99474563488987,40.61062107397909,33.848607306405476,237.4569019462797,2.6398687682802136,-13.733643853563116,31.097102072128067
523,8.725383333333333,1252.0997876106194,1157.240861356932,14125.0,1223.0176991150443,1111.8805309734514,-2.1409141877725633,detected,1251.8258927144943,1156.6234329824604,31.871803613851966,-6.476431575191855,32.52316146299571,33.33452485580728,-5.5109256564177445,33.786992304036126,40.35830552624762,33.41863640803443,237.67133753336438,3.2732084014877807,-13.169773409312729,31.11459331729014
524,8.742066666666666,1252.672494956288,1156.9251052985524,14126.5,1223.5495867768595,1111.5330578512396,-2.1412339437263346,detected,1252.3882530529554,1156.6175724554937,38.33814912693244,-19.43142878134323,42.9813227223561,32.90940638790615,-6.06307071223265,33.46326127659842,40.269962777166484,33.0254491259454,237.9155190502508,4.347004466802346,-12.343427492440117,31.103531198318386
525,8.758750000000001,1253.3790038531547,1156.592499349928,14101.0,1227.6652719665271,1109.4142259414225,-2.0698183669544448,detected,1252.8970446116205,1156.5567741009932,37.26016306243538,-8.446322651807249,38.205498528061455,32.669726881275515,-6.4690522450558925,33.30404917493365,40.912037373611405,32.68223663728325,238.22858628171497,5.567735008234053,-11.70194641361492,31.180509001286104
526,8.775433333333334,1253.9157423971378,1156.6432796660704,13975.0,1226.138528138528,1110.073593073593,-2.1086129223003796,detected,1253.4018185323773,1156.4926020840137,30.607286272403435,-9.971102073112771,32.190508686774265,32.46533504374588,-6.9799968136122335,33.20720305928687,41.31795103209915,32.401014814085265,238.56574667733946,6.812952086773871,-10.975709007455144,31.34090213769188
527,8.792116666666667,1254.4002669717772,1156.259796910755,13984.0,1228.7583333333332,1108.65,-2.064833583641137,detected,1253.8795228006838,1156.4125105157807,27.67812133668514,-10.328127912929698,29.542319254149678,32.281279045008816,-7.467258006758381,33.1336825439193,41.451268242912036,32.1918676274625,238.88810434589874,8.10644827684944,-10.286928722906698,31.496349254652667
528,8.8088,1254.8392690457385,1156.298664464709,13927.0,1221.6631016042782,1112.2673796791444,-2.2165133120270855,detected,1254.366510652793,1156.3115096951226,30.128534972931813,1.8722418720123761,30.186651176347663,32.214283062896655,-8.080736465854363,33.21232203696422,40.50560340136382,32.06227799050905,239.24480337423478,8.9018750293552,-9.529189161562833,31.8159219418544
529,8.825483333333333,1255.405555755374,1156.322267381218,13901.5,1232.323943661972,1107.4319248826291,-2.011883917476701,detected,1254.8638487556414,1156.1342991265496,22.846868986767525,-3.775964809384285,23.156798844836654,32.2099159259354,-8.88169455036673,33.41202151983386,40.45542313643927,32.01662304092098,239.4159090151291,9.631428800543537,-8.742379637622742,32.248007385162886
530,8.842166666666667,1255.601592907597,1156.1726731055692,13874.0,1229.4186046511627,1108.3162790697675,-2.0714224672922685,detected,1255.351979783717,1155.9726796161408,17.751318412337948,-9.198550693505515,19.993064803506215,32.21010786118006,-9.572314961821379,33.60238476889941,40.339314287691884,32.05589827446769,239.80205369942047,9.947649360889308,-7.928045690048998,32.653734146245185
531,8.85885,1255.9978580797324,1156.0153424064113,13850.5,1229.8879310344828,1108.1422413793102,-2.070100007016831,detected,1255.8517070770336,1155.7193167189696,34.76467279399655,-19.41434808591234,39.81832977504973,32.28691597957488,-10.517721412273275,33.95684624900138,40.43732173778993,32.17770731389293,240.21335532289953,10.442468565902773,-6.911091939831589,33.246115793841454
532,8.875533333333333,1256.76157415649,1155.524881024436,14043.5,1231.9321266968325,1107.1990950226245,-2.0454172994892432,detected,1256.33781613929,1155.4966819323008,32.75199456236879,-11.960286889458077,34.86748643495223,32.28100286157866,-11.119311849010646,34.14238189911182,39.54655143270982,32.37651670067194,240.67840181402713,9.507671362835794,-6.113608846271914,33.590564577267585
533,8.892216666666666,1257.0906829649634,1155.616267500533,14071.0,1230.483606557377,1107.795081967213,-2.0785298035184367,detected,1256.8264665813397,1155.2698293503083,21.701221106369854,-6.681332114288858,22.706457150532756,32.33783048870653,-11.58978881622423,34.35197935375768,39.55113191080185,32.644137238175134,241.28554004594605,9.968967339534045,-5.372010305972607,33.929338201525795
534,8.908900000000001,1257.485671567406,1155.3019472428891,14045.5,1235.3917050691243,1105.5345622119817,-1.988603261257703,detected,1257.3153705829093,1154.9991707367387,30.234696234297747,7.089142115551562,31.054674242611934,32.36738379679742,-12.085908623592978,34.55020580411965,39.52165102335622,32.97036481933319,241.62833486368282,9.751930777324555,-4.746435283690124,34.22262516530204
535,8.925583333333334,1258.0995139959812,1155.8528085424553,14266.0,1233.75,1106.2666666666667,-2.027262218492572,detected,1257.8049049229091,1154.7075499951861,31.18314620026664,-8.978491775731246,32.44999108650228,32.40410739682417,-12.514980674779471,34.73688122838633,39.60580963052513,33.34370044786543,241.95647200352954,9.508097920037178,-4.188933348133116,34.48338375043721
536,8.942266666666667,1258.5261492122881,1155.002364900639,14165.5,1231.3552123552124,1106.953667953668,-2.085452315681124,detected,1258.2926970640845,1154.4195251464846,15.876454190708465,-45.01384340426613,47.731623644010455,32.46978386656649,-12.914689004811468,34.943898701097154,39.52158183822397,33.752071786899535,242.2827764611505,7.783986070348861,-3.669183927287129,34.750728708046935
537,8.95895,1258.6292583508111,1154.3508466341996,14065.5,1233.067415730337,1106.5243445692884,-2.0616383796049087,detected,1258.7939039515786,1154.1027996374614,18.348238547362566,-27.533099733458897,33.086695796400036,32.53558420023129,-13.343976081503255,35.16569261246067,39.29776931864748,34.18349289565961,242.80985794833524,7.178793141840093,-2.997568961653986,35.03770136915662
538,8.975633333333333,1259.1383687718185,1154.0836771395325,14179.5,1233.1660516605166,1106.4575645756458,-2.0700530304438742,detected,1259.299444666258,1153.7912263418002,15.93576940064525,-34.54801028612917,38.04620560740622,32.62572156652008,-13.664186063562063,35.37156610210717,39.07564592002374,34.62661882874465,242.9669960708006,6.061705970162635,-2.657206559371321,35.271616660093294
539,8.992316666666667,1259.1609818564793,1153.1980946909857,13926.0,1235.0887372013651,1105.60409556314,-2.0390597764091614,detected,1259.8154016283474,1153.4561384051235,17.280619714718785,-38.27900741871044,41.99883601585188,32.670415112649835,-13.83647139213128,35.479627453203705,39.17884550686035,35.0711720754078,243.2685772955295,5.48765820698118,-2.3377466917200156,35.40252681128111
540,9.009,1259.714965449633,1152.8064342586615,13941.0,1230.9663865546217,1107.5210084033613,-2.1364337013631425,detected,1260.3222364615021,1153.1187377436854,41.35959781321774,-15.193316928310047,44.06192472594903,32.75001452100562,-14.013894379605288,35.62236217334291,39.22080018298101,35.50823487437555,243.58065404069288,4.013195584502402,-2.021407221506932,35.564963090851805
541,9.025683333333333,1260.5410137701804,1152.6911443494778,14040.0,1237.7403100775193,1104.8139534883721,-2.0152502926227656,detected,1260.8416452885988,1152.7733210049448,34.45229112320159,-11.102343108031764,36.19699415871842,32.8206206656189,-14.007874393437486,35.68492238885734,39.29995658603736,35.9304137646973,243.68357155833368,2.8892471162665747,-1.994218213680666,35.62915631354461
542,9.042366666666666,1260.8645235634438,1152.4359860769569,14029.5,1240.8618181818183,1103.8909090909092,-1.961642110887479,detected,1261.3507029505547,1152.443448864618,14.222371047375296,-28.529051940394865,31.87761977982307,33.01750280020152,-13.982684497381197,35.85625408369675,39.631401381653916,36.33189043418813,243.6561005877496,2.1498527552976676,-2.121242551647093,35.79345312975128
543,9.059050000000001,1261.0155668841278,1151.7392249830666,14025.5,1240.6929133858268,1103.6968503937007,-1.9709846092126784,detected,1261.8694545360224,1152.1370835760958,22.79341528779863,-30.46919223547152,38.05143172029366,33.164278136566,-13.927980914963179,35.97023765124562,39.50723889773476,36.708376956150154,243.56492227059653,0.019707182595937064,-2.2925258724501347,35.897107429585944
544,9.075733333333334,1261.6250638535466,1151.4193306960333,14029.5,1238.3455284552845,1104.6422764227643,-2.032578178497998,detected,1262.401134970625,1151.8065745828915,36.97144587983705,-6.680327036452648,37.570128822771956,33.341421763211365,-13.710027374292125,36.05017691768216,39.82756365045741,37.056994960370815,243.55039287222155,-2.2836586951539055,-2.5756700039476286,35.95804749742327
545,9.092416666666667,1262.249180794985,1151.516324737617,14038.0,1237.5670995670996,1105.051948051948,-2.059094712181751,detected,1262.9195256525818,1151.5163340102083,46.03945203133445,8.133429394583308,46.75236696748323,33.595659435372205,-13.540249794171746,36.22163300275239,39.88314429356967,37.376098083996666,243.5208182691028,-4.601640977977893,-2.85955519664461,36.10858127181715
546,9.1091,1263.1612469029922,1151.6907161234992,13992.0,1240.0183823529412,1104.235294117647,-2.024536118027793,detected,1263.4709616844452,1151.2173653017,50.710736682492104,-21.083715789477758,54.919048483859626,33.87207120521948,-13.29263417525408,36.38696649967665,39.52248371251231,37.66505592008545,243.05999685722202,-4.97825637864291,-3.4958505920734666,36.218646574471705
547,9.125783333333333,1263.9412290422908,1150.8128314207747,13986.5,1238.658181818182,1105.0290909090909,-2.07534821322058,detected,1264.0343081563503,1150.9560005358244,5.325495146953253,-59.889142771569475,60.12545484629331,34.195122499859245,-13.107169957779359,36.621091014366215,39.42660592798178,37.924016202709375,242.7573236835386,-5.666957438662506,-3.9999028910021863,36.40199285677978
548,9.142466666666667,1263.3389409243955,1149.6924150596878,13612.5,1240.0106761565837,1104.6903914590748,-2.049041612167536,detected,1264.6187399366527,1150.6973441131897,36.6420976951309,-6.252017991511155,37.171643123027216,34.45115922795239,-12.797533488329654,36.75131610615663,39.34560224054341,38.153660518552456,242.56308038583393,-6.953139093264425,-4.516071803619242,36.47278891172436
549,9.15915,1265.1638537020517,1150.604222420458,14012.5,1241.2714285714285,1104.3464285714285,-2.0475613216987267,detected,1265.2099762152045,1150.4592490646612,72.75958333891069,4.9637215161700885,72.92870147577001,34.73050794504031,-12.57108138227966,36.93562330921743,39.06716293046701,38.354967499656425,242.35374606321056,-8.435400435109718,-4.979516236183125,36.598424655905546
550,9.175833333333333,1265.7666856884705,1149.858037900944,14019.0,1242.4136690647483,1103.726618705036,-2.0394139230030293,detected,1265.8259848860105,1150.2027302967665,46.6032854210716,-26.76849777118149,53.74401068922576,34.986402193326036,-12.242556106350824,37.06654176545631,39.00697928486475,38.52899601818289,242.1424275560709,-8.84894519376297,-5.524490661644679,36.6525377208689
551,9.192516666666666,1266.7188499922681,1149.7110468781596,14011.5,1244.4624060150377,1103.2857142857142,-2.017830985387534,detected,1266.4424245924426,1149.9763616657672,50.432565191950175,-22.478878669449905,55.21542916682034,35.28952711381171,-11.926527067183248,37.25040633067922,39.36058294890346,38.67669915501763,241.73556873003835,-9.02170623664495,-6.206511423010221,36.72971532365518
552,9.209200000000001,1267.4494522803752,1149.10799264934,13967.0,1244.1654929577464,1103.661971830986,-2.044269658476196,detected,1267.0702867374362,1149.7613371348016,39.39811870450003,-18.014533806238955,43.32130175456413,35.57205792168733,-11.66668666695512,37.43638447511707,39.48030483541765,38.79877771497927,241.59690634725374,-9.830925982555245,-6.6583367752030895,36.839509143808705
553,9.225883333333334,1268.033433886375,1149.1099619334914,13923.0,1247.4908424908424,1102.3846153846155,-1.9850062165916709,detected,1267.7057754641112,1149.5633747152044,39.408687894392386,-15.731576943841894,42.432619465425965,35.83426656559053,-11.365429979197,37.59345234087752,39.474578900056635,38.89557997587086,241.09551058907113,-11.728585965250383,-7.370927450047448,36.86376388042825
554,9.242566666666667,1268.7643888331181,1148.5830823653139,13946.0,1244.6654545454546,1103.6036363636363,-2.0626539139241613,detected,1268.3558386531563,1149.3781105069181,41.676254070035014,-17.02680967426133,45.02024434622306,36.07625503438366,-10.99425993070819,37.714319942561175,39.689950029627965,38.96705210902651,241.02583568579985,-12.450248228895976,-7.8576870447255995,36.88667351547194
555,9.25925,1269.4240315638451,1148.5418340506935,13940.0,1245.7241379310344,1103.4137931034484,-2.0543765934448484,detected,1269.0000822919367,1149.2046731026926,35.91102331753248,-1.584722151029063,35.94597251443232,36.27957189749979,-10.59098853878391,37.79386690052381,40.05790105621514,39.012741078581975,240.657672066112,-12.784699553684476,-8.545710049866479,36.815040608942965
556,9.275933333333333,1269.9626199778131,1148.5302054695412,13822.0,1241.4823943661972,1105.524647887324,-2.155731689982351,detected,1269.6472517495731,1149.0503042496669,38.86737269445697,-0.8617628970857988,38.876924974341954,36.45245834036135,-10.19052716778925,37.85008009256032,39.97379062063563,39.03184879987476,240.2416510327783,-12.878579174844607,-9.2462562197431,36.703341931384024
557,9.292616666666667,1270.7209062327502,1148.5130798953608,13889.0,1243.8070866141732,1104.448818897638,-2.119108751857646,detected,1270.3102221213048,1148.906253733355,37.93026566172584,3.766553631683402,38.11682016419321,36.64096685822263,-9.857395739344229,37.94375710268306,39.976669995558765,39.02333316686193,239.9087133994019,-12.937572038028835,-9.842125594945083,36.645071521839576
558,9.3093,1271.228226508726,1148.6558828090517,13971.5,1245.977358490566,1103.7169811320755,-2.082724796002419,detected,1270.9720003637567,1148.7824347595972,33.487123282643516,7.3438380068650515,34.28293135684346,36.796025640186265,-9.466615235558285,37.99426676396518,40.50388492117194,38.98604859045118,239.4831759822672,-13.103417630499571,-10.529402786143457,36.506108857265296
559,9.325983333333333,1271.8382599129477,1148.7581192901898,13938.0,1246.4942084942086,1103.5791505791506,-2.0820228620141337,detected,1271.6219018711577,1148.6636801882532,40.317307320402136,-8.84532563278325,41.27620446598408,36.987094936983105,-9.058706354032495,38.08024885273191,40.505251849194885,38.9189162283825,239.04014331166505,-11.471290993159418,-11.259450716272996,36.37760467999246
560,9.342666666666666,1272.5734806629835,1148.3607437771045,14027.5,1242.7170542635658,1105.4573643410854,-2.1787647547594853,detected,1272.29741277306,1148.591438865774,34.01113148435264,-14.033367130610298,36.79255981674036,37.09151735893987,-8.564719164445163,38.067506805073954,40.39291476559982,38.82111234962813,238.52895537491196,-9.836461717955746,-12.059395360768033,36.10686995416577
561,9.359350000000001,1272.9730980001423,1148.2898726069318,14051.0,1242.911111111111,1105.7148148148149,-2.1856004320676634,detected,1272.9754091849793,1148.5241970385034,30.942741943713475,-6.202229299242253,31.55821489367902,37.15496408472174,-8.205298109956516,38.05020726895214,40.30434012113415,38.69226236278444,237.9675744074322,-8.696643186110636,-12.750934615882116,35.85013165431499
562,9.376033333333334,1273.605936819172,1148.1537960594865,14076.0,1246.5019157088122,1103.9616858237548,-2.1209543268228823,detected,1273.6504285219864,1148.4747343074841,27.68129471058393,12.277735942501254,30.281956289645308,37.08942904377377,-8.01486461898708,37.945537308803786,41.185034009128366,38.53262790112871,237.63331809585844,-8.095574084098015,-13.085625944553934,35.617835353836945
563,9.392716666666667,1273.896730533652,1148.6995397295466,14013.5,1245.765625,1104.74609375,-2.1401240457391646,detected,1274.3605364660864,1148.469415655903,34.9430446021075,8.587289778856361,35.982744639770395,36.79843912009593,-8.041732595666911,37.66688976827816,41.252893987814524,38.343274793540644,237.30171293333535,-7.532058685851902,-13.11174019092606,35.31114348164432
564,9.4094,1274.771869740729,1148.4403252951076,14161.5,1243.5693430656934,1106.3503649635036,-2.2087251427502945,detected,1275.0127968415643,1148.4234923291872,37.75464315659909,7.91995399970426,38.57640148121084,36.57346057814248,-8.08047690650366,37.45546856865471,42.05931340850513,38.126210485380334,237.05531374977653,-6.7063161376193525,-13.108609286605326,35.08669959213328
565,9.426083333333333,1275.1564771269773,1148.96380219467,14034.0,1246.5060728744938,1104.6437246963562,-2.1446669608258375,detected,1275.640501686476,1148.358228178058,49.040112591690544,5.40312159405271,49.33686619522772,36.418656962048374,-8.091012104686573,37.306608687972954,42.1765611800149,37.88448034455287,236.7287501085577,-7.117456454338001,-13.214641734117883,34.887767134576684
566,9.442766666666667,1276.4081748308718,1148.6206094522959,14116.5,1249.9366515837105,1102.8597285067874,-2.095238201068577,detected,1276.270509961535,1148.2991144113785,48.50738192437454,-23.29572966393423,53.81131035137728,36.293721090835255,-8.114630774882524,37.18980267804617,42.294826990429826,37.622213368838274,236.6180366512105,-6.463920825968132,-13.193567113411808,34.77083850090344
567,9.45945,1276.7750067705206,1148.1865013482168,14154.5,1246.8125,1104.6517857142858,-2.1735887061451096,detected,1276.8889932878546,1148.2477301872161,28.16730539715555,12.675947305542175,30.888132566238284,36.113275734932365,-8.207684648513538,37.03423782929385,42.36763616851641,37.34460933486315,236.46176603084285,-4.362071251597524,-13.111096319392889,34.63573190940682
568,9.476133333333333,1277.3480239209568,1149.0435635607241,14102.0,1244.0960698689955,1106.235807860262,-2.231213795909501,detected,1277.4923721975472,1148.177507905996,53.083741693973586,-0.08455758085268449,53.083809040205374,35.82546026378,-8.389133309527143,36.794580590036595,42.47829225458814,37.057861598602514,236.47098960611626,-2.8361897338691344,-12.795286185607655,34.49814215613785
569,9.492816666666666,1278.5462342850428,1148.1836799436023,14185.0,1244.4025423728813,1106.415254237288,-2.2560886390186337,detected,1278.071901373908,1148.0961131329705,44.71032827649724,-14.84996212501211,47.11193935412172,35.604401593808525,-8.596773386905696,36.627556914419024,42.71151864831928,36.76901262885149,236.47653389059775,-2.0917054422518717,-12.496760769994829,34.429767582377366
570,9.509500000000001,1278.839858541116,1148.5480698244862,13997.0,1254.8796296296296,1100.7546296296296,-2.0355064255628124,detected,1278.6451648282373,1148.0177785739534,30.8595802049775,-14.74105406813479,34.19959598397491,35.37337539812235,-8.77395101483139,36.44527271769479,42.580866565076384,36.48574292647229,236.4992521120713,-1.755091533781456,-12.207849065736017,34.339864948123434
571,9.526183333333334,1279.5759156112156,1147.6918201061956,14093.5,1252.623430962343,1101.9246861924687,-2.1030176417588207,detected,1279.2201462441976,1147.9536186075302,27.980613632084182,-15.221159084674737,31.85276162452718,35.18430546259706,-8.94476299308498,36.30350032555814,42.00643676866162,36.216098322289994,236.51799902018482,-0.6405051217444248,-11.94984011808471,34.280394645336465
572,9.542866666666667,1279.7734783493065,1148.0401904830276,13929.5,1249.1934156378602,1104.2427983539094,-2.1803243214707146,detected,1279.8069838461001,1147.8555034418632,27.358822808657457,-8.174633497857302,28.553980778515037,34.95095140202707,-9.197544101358757,36.14088849770157,41.522345851355354,35.96816577925034,236.5376389917053,-0.23735701513916402,-11.598537640303615,34.2291943523326
573,9.55955,1280.4887883322644,1147.4190598351504,14033.0,1248.8333333333333,1104.3791666666666,-2.204946839640459,detected,1280.334799574885,1147.7266495630597,29.32852532180109,0.7375009171401951,29.33779652861323,34.584625462134845,-9.653911112740529,35.90674474425161,42.07909860006444,35.74971346403297,236.595762893421,0.5609815834526071,-10.981151318169989,34.18638082418633
574,9.576233333333333,1280.752073477544,1148.0647984302962,13845.5,1251.122807017544,1103.2456140350878,-2.1549243648916123,detected,1280.889130243168,1147.6367197555587,34.95942430150093,4.567213291660924,35.2564998935501,34.398939099159264,-10.056280833273805,35.83874712298601,41.71032718637765,35.56781635173956,236.73152116717532,1.1634467074444619,-10.461832661589476,34.27777490891493
575,9.592916666666667,1281.6552677897912,1147.5714525186488,13919.5,1255.207627118644,1101.2330508474577,-2.089430719152674,detected,1281.4299098814272,1147.5125946320024,42.37762956530365,-25.614030113900352,49.51708822467141,34.248516047289975,-10.543397845376104,35.834677193569924,41.24462233208002,35.42849311593844,236.83222301538726,2.263574691866602,-9.911523238392565,34.43669259180046
576,9.6096,1282.166073717373,1147.2101436254957,13913.5,1250.3282051282051,1104.3692307692309,-2.209908688849362,detected,1281.9880002325233,1147.3654551618583,32.12723662535119,-14.886776489658603,35.40869169334499,34.09198112593052,-10.997467723088667,35.82188539721465,40.985981735843986,35.33638255938089,237.45530318494252,1.2489753673231436,-9.069475063675737,34.654755741175606
577,9.626283333333333,1282.7272465851904,1147.0747304097772,13910.0,1251.623076923077,1103.1884615384615,-2.1873672779334172,detected,1282.5319876202616,1147.1992787604381,29.83644779754292,-2.039613773685833,29.906080343657756,34.026466794812194,-11.584898991165828,35.9445451657685,41.221039927519534,35.29448742033344,237.7537193940949,1.3525550587239148,-8.357075813950086,34.95954248862336
578,9.642966666666666,1283.161616525551,1147.1420885125804,13877.5,1248.358851674641,1104.8612440191387,-2.2594845480511636,detected,1283.072876796061,1147.0134354585261,33.66300188613681,1.7791397815655996,33.70998419383195,33.962758010944235,-12.129896234089644,36.06387824901447,40.841581140681676,35.30400941398975,238.33982861482957,1.1343180218925613,-7.501696767380636,35.2750316792205
579,9.659650000000001,1283.8504687481245,1147.134094373822,13884.5,1253.5,1101.8975409836066,-2.1617432612477314,detected,1283.627200161511,1146.7802069736,37.33694755497267,-7.188560986829092,38.02266510627761,33.86221143779786,-12.65088552805005,36.1482263479407,40.60826831464187,35.36429179693729,238.80319229544335,0.15718351595735838,-6.718445846699385,35.518400210410974
580,9.676333333333334,1284.4074260089685,1146.9022301943198,13937.5,1255.2156862745098,1101.105882352941,-2.1382806644627386,detected,1284.1725097214476,1146.5211937454583,31.51573109318195,-16.763910020588693,35.69691843165386,33.815982356699294,-13.101239462997523,36.26517803920727,40.85312339893503,35.472875338287096,239.08848258767284,0.1644044983706441,-6.131373201140946,35.743102843537976
581,9.693016666666667,1284.902043642267,1146.5747385761351,13962.0,1254.3508771929824,1101.1315789473683,-2.1626847085364336,detected,1284.7103011485449,1146.2421271844535,32.86045473646095,-12.07439002560572,35.008575806185625,33.786553300073926,-13.4871029199057,36.37902045232754,41.19712874264363,35.625661944581736,239.2567951281943,-1.0767858551964262,-5.679666873629417,35.93291684897653
582,9.7097,1285.503869848675,1146.4993480471321,13932.5,1255.7127272727273,1100.5272727272727,-2.145783248711309,detected,1285.241931038327,1145.9697588359375,48.53883605972543,-0.3344818213083197,48.53998850557845,33.84227915058607,-13.93878516405357,36.60040423213701,41.30811923815405,35.81716940953289,239.33989984193738,-1.4003528278991586,-5.267418552378922,36.219385579408815
583,9.726383333333333,1286.5216228054599,1146.5635780326975,14078.5,1262.3347280334729,1097.4602510460252,-2.0284834189993046,detected,1285.7819291607993,1145.6829434697024,29.906950890444595,-8.609972034724246,31.121653715736223,33.839768771931936,-14.299873055541255,36.737124546464095,41.4021762405901,36.04085275706016,239.64677083025248,-2.261402410734342,-4.76049532804565,36.42737986973631
584,9.743066666666667,1286.501765110053,1146.2120619802402,14069.0,1264.478927203065,1096.7318007662834,-1.9895540065275357,detected,1286.3193749619481,1145.411056626575,13.187308039077351,-23.49794619209927,26.94547399034403,33.85995894562539,-14.71937424282134,36.92095337203075,41.60850039959122,36.2894635403094,239.94341936082668,-3.1609668948152287,-4.218850812916681,36.67912343170187
585,9.75975,1286.9616393170304,1145.7795298947544,14046.5,1265.2664359861592,1096.5951557093426,-1.986223998778576,detected,1286.8600580187442,1145.1120803571134,19.7385785314908,-38.64204762746115,43.391466065193114,33.91814614596462,-15.14631041357723,37.1463505222714,41.620228433432814,36.55541833152131,239.91751319186102,-4.300236846366306,-3.8951710246878246,36.941561956851324
586,9.776433333333333,1287.160375680387,1144.9227056577372,14054.5,1261.4192439862543,1097.8213058419244,-2.070951969391949,detected,1287.3975138503258,1144.7906888661266,-20.33977558080555,-73.47746118959783,76.24069630811611,33.94574313497211,-15.500552028164755,37.31729612610416,41.594872027914114,36.83115068529977,239.83165706134383,-5.475361711288758,-3.658130680026904,37.13756413782674
587,9.793116666666666,1286.2829688051509,1143.3278319397282,13693.5,1261.5567010309278,1097.659793814433,-2.0670398395408522,detected,1287.9418032969045,1144.450757400806,20.372313667762768,-36.00773509643576,41.371344563028224,33.95901467492181,-15.809625688649902,37.458763221798634,41.758198352903726,37.10942586443149,239.830139057836,-6.1002619593108225,-3.398578100936817,37.30427065362097
588,9.809800000000001,1287.840131879768,1143.7212475633528,13851.0,1262.5168539325844,1097.059925093633,-2.06802061144988,detected,1288.4706981895224,1144.1097515457877,79.51403652203463,17.942975194790897,81.51338762969148,33.960388757674004,-15.930371299369709,37.51112813963522,41.762591746511255,37.38360344145497,239.74766526587644,-6.7460153447171045,-3.3486622002441884,37.361359661778756
589,9.826483333333334,1288.9360871571027,1143.926529212061,14089.5,1260.985294117647,1097.7242647058824,-2.11485920226817,detected,1289.0184986669672,1143.748203344367,49.64550084753807,-4.0084937694388225,49.807065529927904,33.955961249914886,-15.983753463535711,37.52982386301341,41.89664684112564,37.64783870796143,239.59315990415578,-8.419791856993434,-3.4011190188451597,37.375393892351966
590,9.843166666666667,1289.4966367580475,1143.5874974879125,14098.5,1261.547794117647,1097.2573529411766,-2.1136050020139114,detected,1289.5414956819545,1143.4177893335002,31.525290788950795,-27.739605068758905,41.99201886904964,34.01768976770433,-15.97268341484999,37.58097700436752,41.7581736867817,37.89721915239678,239.52205144203734,-9.650540440807601,-3.4883516783403987,37.41872840131021
591,9.85985,1289.9879810264274,1143.0009510562668,14019.5,1267.8362831858408,1094.7699115044247,-2.001343149274744,detected,1290.1007395099673,1143.0670842504685,24.45676941071277,-25.656062838028568,35.44526950606592,34.118648192500835,-15.890935356346182,37.63779989562639,41.52394850658591,38.12783684580561,239.35729032362622,-9.645819360743916,-3.7177290329057957,37.45373775501055
592,9.876533333333333,1290.3126776307183,1142.731440191217,14015.5,1265.19918699187,1095.7560975609756,-2.0617471156981075,detected,1290.6390200945314,1142.7170779998994,40.91773162400585,-14.686435624576182,43.473579937808076,34.284342548178905,-15.869604989467701,37.7791014514984,42.089427428399595,38.336801208292364,239.0993146354869,-10.586478442743593,-3.989722470830287,37.56784025051694
593,9.893216666666667,1291.3532693382817,1142.51091365426,14011.5,1264.6616541353383,1096.266917293233,-2.0942755887241282,detected,1291.185056087519,1142.4105407753368,46.79049163465228,-14.542202827528994,48.99822211559779,34.43924109946983,-15.719892074641894,37.85731546670737,41.92460139143389,38.52219918460384,238.5360029725926,-11.175606136689703,-4.567428936104907,37.58077869416003
594,9.9099,1291.8739203682612,1142.2462153568717,14048.0,1264.10162601626,1096.6341463414633,-2.117719951233966,detected,1291.7590452080399,1142.0987010221766,32.69033500838067,-23.653709618587822,40.35041488858117,34.68197278102715,-15.716855970512585,38.07701140559413,41.60002535383307,38.68301143116145,238.02847113957543,-12.690761412006655,-5.031241194422158,37.743150499465386
595,9.926583333333333,1292.444036849728,1141.7216682099865,14039.0,1267.4354838709678,1095.157258064516,-2.063661728287347,detected,1292.3378080923526,1141.7943100586274,20.261894590923028,-17.498428319820096,26.771988459536544,34.858422628799175,-15.555088120796517,38.17159146032194,41.70629644283231,38.818994051690375,237.88246135502976,-12.258135397032243,-5.35822928768661,37.79364726398209
596,9.943266666666666,1292.5499922511117,1141.6623511319337,13980.5,1265.9551020408162,1095.869387755102,-2.096951381219142,detected,1292.921923238066,1141.4852306284965,30.55499095882322,-19.791830261510768,36.40499989828625,35.097234692287884,-15.540368679210815,38.38383698552468,41.6118259838624,38.93053603873582,237.6275285740519,-12.355286962718083,-5.666632200268426,37.96324829671736
597,9.959950000000001,1293.463555048054,1141.0612808069275,14012.0,1268.035242290749,1095.3303964757708,-2.078266811674762,detected,1293.5275251474231,1141.1536553800515,44.906681447081695,-46.233302958795605,64.45252780977212,35.146439273814934,-15.211426539973624,38.29699323718475,41.36752035247633,39.01850294326592,237.18428438023068,-12.890328612608164,-6.263260834734169,37.78136120794299
598,9.976633333333334,1294.0483785220626,1140.1196999232086,14107.5,1267.6425702811246,1095.4136546184739,-2.1043154876454637,detected,1294.136168070303,1140.8419900220472,41.9766762702947,-35.31936863039179,54.85890220511732,35.23782733550956,-15.053332777713937,38.31849818356379,42.20245215971391,39.0840772987459,236.82808084413415,-14.458062226319823,-6.680355040989774,37.73168641301504
599,9.993316666666667,1294.8641768129396,1139.88279120696,14003.5,1270.7916666666667,1094.225,-2.0559959341166567,detected,1294.724699002619,1140.5765906214042,29.81177849879113,-8.220759239172715,30.924472828642184,35.35336832044949,-14.8201520341264,38.33402611148459,42.62018666647934,39.12860598676045,236.5232006004364,-15.644808485213394,-7.139266550035499,37.66335660882507
600,10.01,1295.0430981979723,1139.8454005899282,13956.5,1257.4444444444443,1100.2716049382716,-2.33060620301295,detected,1295.3283557575933,1140.3123210340768,36.507077105728634,-21.841668535405724,42.542039951254665,35.518743444012294,-14.626092414578508,38.412285992392555,42.35943499691006,39.15346416998213,236.13037156502565,-15.3062880321431,-7.6506163435744465,37.64268567364434
601,10.026683333333333,1296.0822962857007,1139.1540075334954,13982.0,1266.1078838174274,1096.4813278008298,-2.183148823910652,detected,1295.9372060988703,1140.049892050172,49.0375361110872,-24.548987148094096,54.83915314666584,35.66921860804644,-14.441379878279669,38.48176982543016,42.20598281334932,39.1599445452496,235.48479973168122,-15.791230269508773,-8.311716851258211,37.57342108301955
602,10.043366666666667,1296.6793173195456,1139.0262827187535,13925.5,1261.7261904761904,1099.0238095238096,-2.288931615350129,detected,1296.5584215432464,1139.7802153219336,23.323749778321957,4.9302373437993054,23.839138910371044,35.779819168710524,-14.145899984374218,38.474692280946755,42.396270314260626,39.14917917421354,234.94735927774298,-16.527839228756662,-8.969196911579054,37.414642225669674
603,10.06005,1296.8605320699708,1139.3185131195335,13720.0,1260.7090163934427,1099.7377049180327,-2.3109436464439033,detected,1297.1700491735978,1139.5488915642595,31.01268465333315,12.89811936297062,33.587915870272795,35.91771329858898,-13.89380310057659,38.51129565721241,42.772854640896426,39.122098877348165,234.16733389266196,-17.48370437845143,-9.762821901548214,37.25328444199086
604,10.076733333333333,1297.7141072308118,1139.4566499681646,13873.5,1266.2549800796812,1097.386454183267,-2.212873232773741,detected,1297.7946749836829,1139.336733698407,47.52487160244486,6.324666589149205,47.94387164479701,36.05034553604027,-13.611841230770997,38.534525233349065,42.685632024435535,39.079432261342504,233.5563839008334,-17.701454236836927,-10.465104080424037,37.08626742536256
605,10.093416666666666,1298.4462786191057,1139.5295461613914,13933.0,1264.4621513944223,1098.4820717131474,-2.2623328086991035,detected,1298.4245110971337,1139.1362101928123,51.22522359417669,-21.958246296114204,55.733186816063274,36.17566234037054,-13.32610957157781,38.552091280217226,42.66237963983504,39.02174311533018,232.76994270416645,-16.559541857952816,-11.27646989662634,36.86604086077974
606,10.110100000000001,1299.4233221914042,1138.7239764834176,14061.0,1268.8735632183907,1096.3831417624522,-2.195819710706918,detected,1299.0597785643872,1138.9461517354648,37.39638542269263,-22.32888842010814,43.55535444420373,36.27006823985101,-13.061444196987127,38.550216272213795,42.84720728198021,38.949501499144866,232.0432591611763,-15.963118667423904,-12.009871180677353,36.63170988171304
607,10.126783333333334,1299.6940713460428,1138.7845055844405,13848.0,1264.2131147540983,1099.139344262295,-2.3008216325848223,detected,1299.6888769107547,1138.766275496947,29.25131628799917,-25.630581892592023,38.891724476209994,36.424257560755265,-12.737304136218096,38.5871151488519,42.620242554593986,38.86318092430222,231.41631143467305,-15.452620170897987,-12.75952034482563,36.41648110513613
608,10.143466666666667,1300.399341111547,1137.8687694009348,14013.5,1264.7489361702128,1099.1702127659573,-2.3152195317959325,detected,1300.3515233718751,1138.6194866087856,41.607672352191976,-30.155126724868246,51.38608825703922,36.576324130430194,-12.41623689171578,38.62629189354699,42.701344002774874,38.763372079249585,230.97898287356884,-13.59263274763648,-13.382290443475824,36.23402721106156
609,10.16015,1301.0823806801943,1137.7783295227207,13996.0,1268.3361702127659,1097.4382978723404,-2.2526637868867443,detected,1301.0051688737904,1138.4886652330358,37.35017313986488,1.129027898523409,37.36723347497816,36.61252775502486,-12.141994023513668,38.57337433359321,42.90191343084688,38.65090258690811,230.6764773116558,-11.256319261013497,-13.808499496199765,36.01708690528646
610,10.176833333333333,1301.6455918886472,1137.9064412984822,14021.5,1268.7015503875969,1097.3410852713178,-2.2528854982244053,detected,1301.6658250036558,1138.3723402062653,30.00303352420504,4.3431255392726404,30.315751023262706,36.5788919851545,-11.943342296994903,38.479329049306294,42.82813010157376,38.526951998523195,230.45759766998117,-8.734442255003259,-14.07776663159437,35.81166361328604
611,10.193516666666667,1302.0834818987853,1137.923245144881,14023.0,1268.451923076923,1096.9086538461538,-2.2576080569081793,detected,1302.3145757408188,1138.2514677961753,37.17765717697416,9.14105647344494,38.28494621413654,36.475067029843316,-11.876072135897719,38.359765434744375,42.14443305792562,38.393151409333846,230.26661859780347,-7.373438200060499,-14.182422149457123,35.64169617432926
612,10.2102,1302.886086383119,1138.2114478828128,14154.0,1269.638888888889,1096.6759259259259,-2.2458129041890746,detected,1302.912753818016,1138.0955207303155,31.74930392930576,17.38615595819659,36.19802092653914,36.130716901896996,-12.055041844873145,38.088748177469256,42.25202792235599,38.25165769686653,230.12269202140345,-5.85358560267026,-13.913785588288338,35.45644240938179
613,10.226883333333333,1303.1428503398931,1138.503363215353,13999.5,1267.0655021834061,1098.2052401746726,-2.3009871592108286,detected,1303.520608383967,1137.9528547579796,44.62340230100073,-6.843399884245401,45.14510111731557,35.973638903364936,-12.1372136198,37.965967002071075,41.603861919800636,38.10519345299151,229.9749681268617,-3.965525890871783,-13.841210962992958,35.353013018415744
614,10.243566666666666,1304.375020573229,1137.9831064400084,14177.0,1267.386046511628,1098.125581395349,-2.318883489960599,detected,1304.1374635522338,1137.8259299234576,42.34783401379736,-4.160115873729809,42.5516816323749,35.89989851237533,-12.172668357614338,37.9074737768598,41.283336303577734,37.95704526538123,229.91695923038284,-3.0161298486728163,-13.80238881129373,35.305390965760274
615,10.260250000000001,1304.5558564014868,1138.3645540156995,14034.5,1271.3868312757202,1095.6213991769548,-2.2307357692030334,detected,1304.7560517683803,1137.6905300049968,42.333980856995076,-0.15821953855049503,42.33427652178321,35.79142308853223,-12.199499191191302,37.813406977131734,41.46662746554255,37.81101523428561,229.9821232515264,-2.467421467999949,-13.671925317715035,35.25524365715003
616,10.276933333333334,1305.7875644011574,1137.9778271814055,14169.0,1271.1141732283465,1096.507874015748,-2.267170326319215,detected,1305.3714473084083,1137.5742100454372,53.05075278539351,-24.883310258476964,58.59659973510889,35.644871552132265,-12.446289869010872,37.75535722876226,41.70640767308686,37.671323608990434,230.10065355875165,0.1008932919900057,-13.315626875583504,35.32932323696123
617,10.293616666666667,1306.3259831860928,1137.5342808967416,14036.0,1276.1614349775784,1093.2959641255607,-2.1692470002158495,detected,1305.9643966172148,1137.4269564467309,32.84862015844909,-30.767323544012296,45.00733322888617,35.49913416980878,-12.584926386369252,37.66389383688864,41.67980439130331,37.542464181395566,230.25567287287927,1.930256583840705,-13.020213926428134,35.34180142927727
618,10.3103,1306.8836133604443,1136.951224152487,14016.5,1273.0727272727272,1095.1454545454546,-2.2508567043765377,detected,1306.5676520004577,1137.2794087789837,29.39939806888437,-10.46884787426309,31.207713511681447,35.415017552633145,-12.743048947814545,37.6378634454682,41.575826279673166,37.42901838893749,230.43584463769147,3.4364226303061205,-12.733538290074044,35.418438239918615
619,10.326983333333333,1307.306943101658,1137.184970339337,13963.5,1273.450980392157,1095.1490196078432,-2.2488242906681184,detected,1307.1616872963714,1137.1270531905202,37.9889934975058,-10.475615149141877,39.40687934493759,35.34023359573721,-12.914386614065766,37.62596832267356,41.708593821108245,37.335438593573905,230.67293404094045,4.542207203653201,-12.406937765897073,35.52156228957267
620,10.343666666666667,1308.1511794434778,1136.6016877936772,14081.5,1274.1713147410358,1094.5458167330678,-2.250377915814718,detected,1307.7487163134522,1136.960271517518,16.105989395446493,21.948290244594105,27.223709135001783,35.28024780993351,-13.13680205397417,37.64666590464046,42.101800826784284,37.26581517910484,230.9888848744601,6.521158405100478,-12.000289221350643,35.68283217934857
621,10.36035,1307.8443462811526,1137.9173116238317,13696.0,1274.292,1094.44,-2.2280544485604343,detected,1308.3156114567325,1136.7955353182845,12.139086985381699,11.297726174085858,16.583004840597738,35.15265732641674,-13.355672101012331,37.60429888162043,42.25388341496271,37.2236452599666,231.3756597448045,7.9466643462833915,-11.508504000028049,35.799966900258134
622,10.377033333333333,1308.5562203125567,1136.9786552570192,13789.5,1270.6637554585152,1096.82096069869,-2.327179892057149,detected,1308.8872392641342,1136.6119455167786,53.095907271308874,-45.997940937945685,70.24945508325435,35.07556800081579,-13.63699441258423,37.633271013674936,42.05887015678235,37.211622202067296,231.76660589735528,10.041698312045531,-10.995278536934581,35.99120638550383
623,10.393716666666666,1309.6159797204386,1136.3825136612022,13938.5,1271.1106382978724,1096.536170212766,-2.339080995930159,detected,1309.4489562267947,1136.4083621271477,49.782704516637125,-25.04022059722163,55.725490725056204,35.03057792046714,-14.103816266509462,37.763196669791824,41.971322876268815,37.23146429174555,232.19514386571706,11.908459667560647,-10.329365800056218,36.32303986301264
624,10.410400000000001,1310.2173032199285,1136.143146563092,13903.0,1276.692607003891,1093.1984435797665,-2.233625374864592,detected,1310.0176985385806,1136.184072330766,34.69974714279543,-12.073689979583635,36.74025641577693,35.01005049537738,-14.559866151370342,37.91692680103035,42.262466883985084,37.28379776554847,232.79768568197585,14.17982503035214,-9.571158517867016,36.689048265941096
625,10.427083333333334,1310.77379461677,1135.9796548722168,13975.5,1278.21484375,1092.36328125,-2.212043775443822,detected,1310.562501376843,1135.9458737108876,26.74179319741539,7.918500003540032,27.889534698868598,34.97383760553976,-14.972776121136734,38.04409732970871,42.39670159670668,37.368104687067415,232.98173402744442,13.954220081680754,-9.101766952409957,36.939290463899916
626,10.443766666666667,1311.1095877196155,1136.40736051321,13821.5,1275.7117903930132,1093.9301310043668,-2.265536076679025,detected,1311.1175899690572,1135.668486475956,37.518150201915745,-11.462743038714711,39.23016788831158,35.017906396474295,-15.415395030714693,38.26079158022242,41.92228996488697,37.4827406087441,233.43943360762694,14.947476489377285,-8.477121973730021,37.30987235823412
627,10.46045,1312.0256502285072,1135.5971813461583,13931.0,1278.8290598290598,1091.8333333333333,-2.219740104890805,detected,1311.6845870316447,1135.3567214806453,40.91898911066299,-32.35080924620282,52.162616198986406,35.0064643460645,-15.736934798600949,38.38103259251505,42.233415003775434,37.62502099758625,234.02099295552296,13.452372113927199,-7.831069475352884,37.57363455589436
628,10.477133333333333,1312.474917989608,1135.327921844695,13921.0,1278.5122950819673,1091.688524590164,-2.2321373980817154,detected,1312.2272932725737,1135.0406064211272,30.32829052983232,-14.804505591633664,33.74875689969379,34.98367406530891,-15.934402255490895,38.44167824572128,42.34442960853826,37.791369367347244,234.2684831417038,12.978909038876953,-7.495091003256563,37.70392867063674
629,10.493816666666667,1313.037604189186,1135.1032043429175,13877.0,1285.633962264151,1088.0150943396227,-2.0978493929940285,detected,1312.784537885574,1134.7277266462963,30.86335693185785,-15.545982456302765,34.55755158622976,34.959236671029295,-16.070449688223324,38.476065050921676,42.060730368864974,37.977514687018584,234.8816998494519,12.259504788165751,-6.965797275790569,37.84025964651069
630,10.5105,1313.5047253325677,1134.8092042300698,13932.0,1284.171102661597,1088.5171102661598,-2.135601522537572,detected,1313.3437334548673,1134.4225300937892,43.13477034962637,-9.007069041121763,44.06513027129888,34.96272169266954,-16.1745518010147,38.522824846093165,41.77028057281179,38.178721832732684,235.28064548711103,11.595060920681334,-6.618570050215798,37.95000085129327
631,10.527183333333333,1314.476867693185,1134.8026684725787,14028.0,1283.4779116465863,1088.6546184738957,-2.1622950293150494,detected,1313.9146101157905,1134.091050886075,33.108800985950644,-17.43466859435474,37.418716863653486,35.03066291779124,-16.348728860929995,38.65783594341669,41.69068504250647,38.39003707473022,235.77131360249388,11.542421997895664,-6.187543425660387,38.159436397615806
632,10.543866666666666,1314.6094556587989,1134.2274674546381,14044.5,1285.8365758754865,1087.7081712062256,-2.124718631294259,detected,1314.4759758089517,1133.7601166860577,16.01296341463281,-31.229599326958777,35.09562467659969,35.05711931998983,-16.46731630087076,38.73208129146855,41.925422194876475,38.606530723550506,236.21188977624968,9.742878762929099,-5.810091226938638,38.2938240595475
633,10.560550000000001,1315.0111669057867,1133.7606408417025,13940.0,1286.96138996139,1087.162162162162,-2.1126456243444838,detected,1315.0332770988755,1133.4076009341634,19.02486057936464,-31.469602156098865,36.77337596587244,35.146062992615605,-16.72392988077972,38.92217330183582,41.6735356712247,38.82352071125761,236.49278088650112,8.117224242697164,-5.457419722786094,38.537671757742274
634,10.577233333333334,1315.2442518401303,1133.177431729363,13903.0,1288.141221374046,1086.7480916030534,-2.0991800441469177,detected,1315.6032228492693,1133.034037473337,21.768911098659373,-33.29040827171351,39.776082930810404,35.21369968732197,-16.88029857440141,39.050596994538225,41.57857738358315,39.03676359473703,236.91192439243872,6.568675109329826,-5.081270394937555,38.71859781556363
635,10.593916666666667,1315.737522906112,1132.649850885703,13915.5,1286.0374531835205,1087.5992509363296,-2.153653867785076,detected,1316.1734444791264,1132.657971803962,28.753447446205655,-31.621316217472945,42.739541169356606,35.28323304477248,-16.942743277999647,39.14029999726531,41.849304290843826,39.242602759969174,237.1570108892922,5.62237345524378,-4.900850138433292,38.832264314568945
636,10.6106,1316.2036585365854,1132.1223338115733,13940.0,1287.210332103321,1087.0369003690037,-2.142288120635067,detected,1316.7382947516708,1132.2678903149513,40.955590554658755,-22.32162704885368,46.64349292011662,35.34280576632497,-16.865804422524494,39.16081304384551,41.822449304446465,39.438067097778585,237.12590786173394,5.842124695436352,-5.018883560822365,38.83786922654135
637,10.627283333333333,1317.1040744442857,1131.9050525965063,14006.0,1290.130909090909,1085.850909090909,-2.100622690469008,detected,1317.3150982005754,1131.8982142496495,46.32925007132638,-18.13799388326817,49.75325350447917,35.41775367646985,-16.714338647225237,39.16358502360606,42.04156287272257,39.62091692294648,237.20568957261975,5.686262038369799,-5.132717645851278,38.82578526532576
638,10.643966666666667,1317.749511180632,1131.5171294156683,14064.5,1287.5531135531135,1086.805860805861,-2.164796267822057,detected,1317.8714348936953,1131.5319054440743,30.733146333809902,-14.777451843569082,34.10131033500584,35.50412575812162,-16.376517762070364,39.099018911731285,42.18580287051416,39.789637355665505,237.2899256597017,4.383863625299305,-5.406552846835972,38.72340979529425
639,10.66065,1318.1295370936239,1131.4119782866592,13908.5,1285.3661417322835,1087.8661417322835,-2.215824451644839,detected,1318.44970685391,1131.1783591002024,24.031715853167526,-44.9527807698702,50.973285805325474,35.698531950155456,-16.13286247150806,39.17466572825942,42.57218155442663,39.94338270432498,237.31175034764493,2.754776709802871,-5.701860273935845,38.75749249290226
640,10.677333333333333,1318.5513694329327,1130.0172049639802,14598.5,1292.4,1084.982142857143,-2.0968956010078124,detected,1319.0165427009524,1130.8729423923814,38.340485664711714,-27.519592268730662,47.19449967573705,35.855872018103476,-15.891928300995145,39.21985394290226,42.71630692370017,40.08187842411079,237.35878315775068,2.2834642669175156,-5.957790907380071,38.764696191335304
641,10.694016666666666,1319.4088312986364,1130.4937412246259,14007.0,1291.3617021276596,1085.258865248227,-2.1258161034324594,detected,1319.6127010844243,1130.5688137144987,42.12691740115367,1.9061331894287226,42.1700191304138,36.09697461705429,-15.65264810920366,39.34459263145088,42.12857379548541,40.20528977136041,237.4001074702316,1.029887060136774,-6.26131157318113,38.84318404454463
642,10.710700000000001,1319.9570042435512,1130.0808062747342,13982.0,1291.781690140845,1085.362676056338,-2.1330293670122464,detected,1320.2225613574144,1130.2493154280353,37.79903681393475,-22.332310598946016,43.90329464572096,36.29729072559959,-15.347685041547026,39.408688764702944,42.06742945545827,40.314068176148616,237.57478883159467,0.6509976650002842,-6.507684977812417,38.86765733077797
643,10.727383333333334,1320.670059160328,1129.7485864609744,14001.5,1291.3150684931506,1085.623287671233,-2.157827505756869,detected,1320.8319413932506,1129.9529117213706,42.55244306242283,-19.61572363599769,46.85602441890023,36.53055354647707,-15.219322975196695,39.57409675830111,42.243364956912984,40.40878754289652,237.60733507914406,-0.5823702399834951,-6.718957313362981,38.99954803400399
644,10.744066666666667,1321.3768374270674,1129.4262949627464,14025.5,1294.3051470588234,1084.3860294117646,-2.1119914224366982,detected,1321.4524534540783,1129.6582391125091,40.20161240933302,-22.43729063072417,46.039131737662274,36.69551231847619,-14.918110908579107,39.61200143133524,42.2022076600351,40.48998311823442,237.71330756958378,-2.4342652826963374,-6.98956767186635,38.990468080756685
645,10.76075,1322.0114529610528,1128.9999288635959,14057.5,1293.4740484429067,1084.8996539792388,-2.14513204506902,detected,1322.0844845692313,1129.3888114320328,37.599818411682996,-22.576408091713112,43.85704671902914,36.915717892650655,-14.804331858610528,39.773590098325776,42.67154735922741,40.558005215829375,237.60512961471693,-3.55100948215972,-7.277219259215277,39.10218087476637
646,10.777433333333333,1322.6314180347372,1128.6729954794196,14010.0,1296.9708333333333,1083.4583333333333,-2.0869970350804565,detected,1322.6975673474014,1129.1703284624857,43.29989698571598,-33.74590571644597,54.89687815893429,36.982912595038904,-14.420279305109997,39.694839453632646,43.0628558877495,40.612898975410495,237.56884262849002,-4.868290119764204,-7.662172190710866,38.948316992773485
647,10.794116666666667,1323.4562261904762,1127.8739404761905,14000.0,1298.0755555555556,1083.191111111111,-2.0873679436874744,detected,1323.3172294266833,1128.9501209573841,40.968842066521425,-29.644331397158727,50.569085459954145,37.06108148671327,-14.167560158533048,39.676737791941186,42.382652772142826,40.65431948853791,237.37079314255732,-7.478217489664084,-8.05173860353109,38.851165069671474
648,10.8108,1323.99841173169,1127.6838629551344,13956.5,1298.668016194332,1083.246963562753,-2.0888880039309474,detected,1323.9602575179636,1128.7281650279554,43.84257252831594,-10.955033732696593,45.19052920673937,37.1800360731711,-13.964485942594424,39.716016291204504,41.88656826853996,40.68148910702154,236.936066672582,-9.623128139090362,-8.58137110102258,38.77785476363741
649,10.827483333333333,1324.9191066938376,1127.5084075173095,13985.5,1299.0333333333333,1083.3583333333333,-2.101091247160255,detected,1324.6098150406624,1128.5123110394625,48.84930393960497,-5.14536688185374,49.11954087461306,37.28996086772242,-13.747514991728039,39.743368628792105,41.66619595125688,40.69320070655457,236.61407512421982,-10.848935244674843,-9.040814731091913,38.701408488091595
650,10.844166666666666,1325.6283501731416,1127.5121792135099,14054.0,1299.691699604743,1083.1857707509882,-2.10020922307168,detected,1325.2707127819217,1128.2922149702822,28.179987538658825,14.283028005527804,31.592983187500007,37.34873494166375,-13.433895776613978,39.69127810337658,41.89716052679441,40.68786733202583,236.21525704896578,-11.503357721361384,-9.603323885986445,38.51199459675419
651,10.860850000000001,1325.859378944711,1127.9849845517606,13863.5,1291.3392857142858,1087.955357142857,-2.2824244455470963,detected,1325.9148738903011,1128.1187171622712,35.388343591531225,16.59050849781664,39.08426581590596,37.42251635439401,-13.079002683714616,39.64221287334376,42.19170855424291,40.66361524693338,235.61622878358705,-12.24414168144994,-10.339985880439553,38.269958629293185
652,10.877533333333334,1326.8091412376457,1128.065749180387,13878.5,1298.690082644628,1083.900826446281,-2.1377528730174555,detected,1326.5778177615164,1127.9478347296533,38.878905602250704,-3.403927137301193,39.02763150365106,37.514692319331765,-12.844788298417342,39.65275181176319,41.92152478504052,40.618414176711305,235.19932207469367,-13.266798042838303,-10.863107365182605,38.135726354926085
653,10.894216666666667,1327.156638428306,1127.8714068496126,13811.0,1293.5044642857142,1087.1919642857142,-2.2619352178748215,detected,1327.2441104814584,1127.7926170866162,30.024227015702532,-16.045093109196557,34.042608900805895,37.5593646202223,-12.64945721407895,39.63224241051243,42.01709165075191,40.55023570256675,234.60813068112435,-13.80079776635207,-11.44112405616393,37.9448984557488
654,10.9109,1327.810949612403,1127.5303779069768,13760.0,1296.7926829268292,1085.4430894308944,-2.205924388808111,detected,1327.9100515140528,1127.6456567871041,38.93659405514915,-14.362688811105327,41.50114680945728,37.60353400888742,-12.445946697946694,39.609687693362126,42.10312246101987,40.45722859930134,234.37059458473325,-13.777384848249012,-11.789480926616951,37.81448794637603
655,10.927583333333333,1328.4558227832795,1127.3921717996154,13783.5,1297.8087649402391,1085.2988047808765,-2.200116050456407,detected,1328.5717624147985,1127.4948106006289,38.65896298921197,-8.832743779902403,39.655173459243194,37.6353992006075,-12.190966865705105,39.56062368201249,41.76225800002576,40.337898682888216,233.89818936804392,-13.145395754702486,-12.325650167822984,37.59150561031379
656,10.944266666666667,1329.100870344143,1127.2356586895207,13768.5,1293.8831168831168,1087.7099567099567,-2.2986217208014317,detected,1329.2579519417175,1127.3672111605983,46.79402690454979,-18.70450892509327,50.39384494234016,37.66646850711818,-11.92460381906893,39.50897399375842,41.82681065445829,40.191280539264966,233.4946383384912,-13.228523412474994,-12.822696290325649,37.37027543229442
657,10.96095,1330.0171834809946,1126.7680646851481,13996.0,1296.639344262295,1086.4959016393443,-2.2628572029093768,detected,1329.9296691886123,1127.2513242183736,38.77341230162374,-4.5857381456398185,39.043648598102145,37.62923003302229,-11.769619384862603,39.42693106675487,41.88503546281491,40.017089227360884,233.08683098384734,-12.558010429152885,-13.189906917556552,37.15520486888525
658,10.977633333333333,1330.3946098679405,1127.0826478933946,13920.5,1294.5974025974026,1088.3376623376623,-2.3166699870806933,detected,1330.6062413190286,1127.1378341364507,30.719630743739135,11.248476852418658,32.7142773805426,37.492199464099315,-11.664484582086056,39.26480894161504,41.73072350889049,39.81584148529072,232.68972698841512,-11.536275035637312,-13.447664370249262,36.89018221975409
659,10.994316666666666,1331.042195160144,1127.1433888627905,13836.5,1298.0725806451612,1086.0967741935483,-2.2474998629579765,detected,1331.2710819217589,1127.0235904450783,40.41317340624301,16.31291454354955,43.58136947903562,37.26713574005034,-11.642941650895558,39.04353335129258,41.88617363581273,39.58893791066022,232.4230699086267,-10.700836461871644,-13.499030442258212,36.63568852461329
660,11.011000000000001,1331.7430627539288,1127.626955475331,13988.5,1304.7907949790795,1081.9330543933054,-2.1037146194885534,detected,1331.926028589299,1126.91758052691,36.12522862370921,7.853575863267648,36.9690518806658,37.01043474129231,-11.753560451771474,38.831925821840244,41.90516651216201,39.33869979171161,232.14313247345245,-10.604765432160185,-13.432990597034827,36.43450598886826
661,11.027683333333334,1332.2475736218885,1127.4054365107615,14047.0,1303.0689655172414,1083.2030651340997,-2.1542488007909,detected,1332.5662602821094,1126.794357481703,46.10197691215183,8.801310492596006,46.934585772068566,36.73170452503046,-11.888139445705102,38.60758962684245,41.72378060199921,39.06835652242797,231.72419065816945,-9.494991396376477,-13.420726714525555,36.19986286229124
662,11.044366666666667,1333.281332050231,1127.9206258687673,14028.5,1300.0682730923695,1084.991967871486,-2.2292814062716793,detected,1333.2047675403082,1126.6673437117875,52.20734901464587,-0.7586590926631278,52.212861009103165,36.500810063727386,-12.022737157402908,38.42987567068489,41.471030113873766,38.781981801060276,231.54245644497624,-8.604876965660752,-13.286479353043305,36.060016784042865
663,11.06105,1333.9895588340105,1127.380122585703,14031.0,1300.282700421941,1085.3291139240507,-2.2464943077989203,detected,1333.8344681883873,1126.5198143588268,44.993628410038426,-41.903279342905556,61.4842371440859,36.2830984341075,-12.124854577350922,38.255396096512214,41.58917032436739,38.48437922857348,231.25951845303402,-8.159926781393025,-13.248495168002297,35.88805798987264
664,11.077733333333333,1334.7826194515126,1126.5224531146923,14148.0,1303.267657992565,1083.011152416357,-2.1976414131593427,detected,1334.4451655196447,1126.3743559723396,40.16285275828078,-28.75676492957855,49.39641961618656,36.047456870294404,-12.216655381398986,38.06134279716889,41.453832466346256,38.180920664916606,230.99949770164858,-8.696663566887102,-13.191588255017573,35.702210223369676
665,11.094416666666667,1335.3296593543785,1126.420605195886,14017.5,1301.5234375,1084.66015625,-2.25131963654415,detected,1335.0522646670897,1126.2044249936507,28.149510205149216,9.772747678273314,29.797676452585968,35.71981204184881,-12.582781529674536,37.871247184751205,41.19071911563574,37.87734381990087,230.70799315654057,-6.895920576365046,-12.882215300973327,35.61291749166158
666,11.1111,1335.7218747753577,1126.8485371288907,13911.0,1301.4809160305344,1084.320610687023,-2.248663909619205,detected,1335.654557994155,1126.0355353075279,37.780950272126454,-18.37241984634017,42.01126056755601,35.43301769025436,-12.799994382988224,37.6741104585418,40.8362650404039,37.579518885174046,230.52250691685086,-5.803211140568319,-12.647441181140268,35.48775606335241
667,11.127783333333333,1336.5902837284584,1125.8075787870132,14004.0,1301.9166666666667,1084.4541666666667,-2.268558737001956,detected,1336.2562426946204,1125.8574474892143,35.96123551528467,-17.1202564494986,39.82855308296261,35.07262287974866,-13.074033599375326,37.430191426476355,40.700834422041964,37.29319715106695,230.27202177945705,-4.242303808477147,-12.361360724850726,35.33010035724187
668,11.144466666666666,1336.9217813337177,1126.2772912386924,13873.5,1298.3018018018017,1086.7792792792793,-2.3449551400947533,detected,1336.8444546137107,1125.6717771143983,31.840085180378804,-19.601885694603375,37.39017179792137,34.748437692718504,-13.398994317196532,37.242273974570956,40.6642194669626,37.023756999811404,230.1687997776875,-3.599877672546686,-11.967791722876363,35.26696658453711
669,11.161150000000001,1337.6526812373104,1125.1535292010033,13955.0,1303.273764258555,1083.425855513308,-2.2599341711965946,detected,1337.4248549090075,1125.4740095232733,37.08436692979328,-33.866416502595975,50.22135439542477,34.43649619019564,-13.757783378550405,37.082999788966326,40.12397289677084,36.77596404806147,230.1601067302453,-2.429521520579523,-11.497807020568532,35.25548619812584
670,11.177833333333334,1338.1591630436085,1125.1472818080558,13915.5,1301.413043478261,1084.6304347826087,-2.3074293679646205,detected,1338.0067369761841,1125.2361667111957,33.05166420599622,-13.644021391340262,35.757122738180186,34.06729295750321,-14.043339177103016,36.84828116337999,39.83380662575988,36.5537623222336,230.09424953840968,-1.3017041292540599,-11.082419171352509,35.14222261050008
671,11.194516666666667,1338.7555050996505,1124.6982736872455,13873.5,1299.48,1085.812,-2.3611742667664064,detected,1338.5750955271992,1124.969288900059,30.82646613365596,-20.31695460796758,36.91950241852743,33.70649000355293,-14.270886180048446,36.60308266694912,39.824604404664065,36.36011205462403,230.16669806840895,0.45297061690482243,-10.632123727258636,35.024899796741394
672,11.2112,1339.1877394636015,1124.46937275597,13833.0,1302.9530201342282,1083.496644295302,-2.2949040967928176,detected,1339.1259057517216,1124.7013632795556,29.26567946220215,-11.426718237824108,31.417350048515914,33.445937262347506,-14.737597797603506,36.54897410599664,40.25633936036035,36.19688689260884,230.42822842492816,1.604871669262375,-9.946402416139973,35.16954061651955
673,11.227883333333333,1339.7320032710393,1124.3170021887101,13859.0,1303.3754512635378,1083.101083032491,-2.293633304174851,detected,1339.6640072223388,1124.4244560742159,25.351865873189226,5.501902256339024,25.94201286890601,33.18704474045392,-15.24864322891104,36.52261024252654,39.93534589789375,36.06483905211492,230.71682591486618,2.8880296316208556,-9.209647569746721,35.34237471603405
674,11.244566666666667,1340.0336467215702,1124.6529528945898,13721.0,1305.2603773584906,1081.6415094339623,-2.2506779027068293,detected,1340.2105466444605,1124.0956750707696,38.15948703038214,-9.001479299504815,39.20679890020755,32.94337571437026,-15.578430587764208,36.441096347886514,39.79184278484844,35.96363546395319,231.03186063181678,4.125856346427735,-8.60553422211123,35.41042620172793
675,11.26125,1341.005258154953,1124.0166528294167,13851.5,1308.3838383838383,1079.8383838383838,-2.2068347298756583,detected,1340.7372079966733,1123.7839361604404,41.608678927307686,-33.888607020775474,53.66302123328811,32.80263676879139,-16.00102821526388,36.49720376865789,40.37134810724799,35.89196175864543,231.55108283545314,4.6071253289975855,-7.865814545536596,35.63951240500016
676,11.277933333333333,1341.421989641778,1123.52220304033,13902.0,1305.2167832167831,1081.8076923076924,-2.285607079463,detected,1341.2465404981992,1123.4732626177831,25.47391401519719,-29.4300397141668,38.92361150806917,32.61227112058092,-16.28867343466993,36.45382160903845,40.307692760586455,35.847684792956294,231.69179773848336,3.8059164225242403,-7.43454479562403,35.68765407792249
677,11.294616666666666,1341.8552377525934,1123.0346705042873,13897.5,1308.982206405694,1079.4804270462632,-2.2173373286096267,detected,1341.7600300045224,1123.1611846752048,32.00411458620764,-21.277203830501822,38.431533319551924,32.48404211487006,-16.525290728596428,36.4458259034596,40.44863150240575,35.82805930219953,232.06081747982495,4.365326264228336,-6.939092088868479,35.779145137460866
678,11.311300000000001,1342.4898602651378,1122.8122536725189,13955.0,1305.9959016393443,1081.1639344262294,-2.290328676272586,detected,1342.2565830850424,1122.8495483568074,38.70313761980979,-2.327535204995501,38.77306128935951,32.34574524801319,-16.798853730150697,36.44789050543756,40.70674470441305,35.82996098690281,232.2001875362285,3.9446791811995876,-6.551119585533554,35.854310124061854
679,11.327983333333334,1343.1466324445078,1122.9570084129473,14026.0,1311.2664233576643,1077.9087591240875,-2.186664941500501,detected,1342.7496560268987,1122.5245332757042,26.187257520727048,-7.93402909602383,27.362771682587788,32.22324674531865,-17.090474566502234,36.47494964654439,40.73165667541471,35.850127210546795,232.4632412627064,3.834083553271979,-6.080559352797106,35.964548512042526
680,11.344666666666667,1343.363641757746,1122.5475215683482,14044.5,1308.8432055749129,1079.439024390244,-2.2460128930693544,detected,1343.238587128845,1122.1967467011443,24.490764242461672,-32.358688307110015,40.581796930847425,32.12086477645979,-17.393370741267738,36.52778804870073,40.67330721022567,35.885387220835405,232.75077034346737,3.701914101788549,-5.596923081701686,36.09645068075695
681,11.36135,1343.963807611398,1121.8773068464334,13944.0,1311.8649635036497,1077.6897810218977,-2.199036754823718,detected,1343.72581206739,1121.8477908436166,21.7281173846626,-31.112508971154444,37.94864028607406,32.030297187269426,-17.61619490265605,36.555030580662425,40.46654332635309,35.932865864884164,232.8754069069609,2.5559760397856905,-5.286063272992379,36.17081414382438
682,11.378033333333333,1344.0886366078144,1121.509400852344,13961.5,1313.255033557047,1076.6476510067114,-2.172949703994239,detected,1344.216084710083,1121.4728777561984,14.801591955765652,-25.18450100369973,29.212090223575906,32.019731081609464,-17.821553169341104,36.64520345019576,40.33045207457736,35.990147664163764,232.95929014389918,2.05325332232198,-5.062818769877289,36.293784619540816
683,11.394716666666667,1344.457687396322,1121.0369839962766,13965.5,1311.7148014440434,1077.1371841155235,-2.211639363739961,detected,1344.7082973877752,1121.1154430096128,25.68217891294225,-39.83133596522873,47.39313915000039,31.934526990083533,-17.979817990298958,36.648163242441655,40.53302170243112,36.05539153709887,232.94201138249161,0.9473732937889904,-4.896118313179651,36.319635109785985
684,11.4114,1344.9455653108762,1120.1803619423042,13952.5,1310.8960573476702,1077.7885304659499,-2.2474910217087642,detected,1345.1830771734803,1120.7382433924693,32.04547697437787,-29.667711142757557,43.670192110471454,31.95193611147816,-17.961501268903454,36.65435511784108,40.9774980019091,36.12739019368734,233.10207820723812,-0.044970862221507465,-4.819733707818262,36.33609659953203
685,11.428083333333333,1345.5269381447004,1120.0470713678133,13911.5,1316.3594306049822,1074.7330960854092,-2.1427128300323317,detected,1345.656512817736,1120.371032612592,35.69782269059751,-12.294288395252522,37.75558332213898,32.02339895445533,-17.748525153912375,36.612951611899184,41.25069485717373,36.205572090143654,233.6072043228179,-0.3177305599524258,-4.713046601786267,36.3083381258997
686,11.444766666666666,1346.1366826613191,1119.770142519516,13963.0,1313.6483050847457,1076.2669491525423,-2.21224913256145,detected,1346.1223239385345,1120.0177460208847,37.07031374208352,-4.711168183968146,37.368479586332384,32.12821588977122,-17.552223125667982,36.61014603785379,41.31029027183199,36.28994767718984,233.9035392081662,-0.3915314737255634,-4.745566694176501,36.301272562599024
687,11.461450000000001,1346.7638509465612,1119.8898753894082,13910.0,1314.5100401606426,1075.855421686747,-2.2029819548961527,detected,1346.603193803192,1119.6908786584563,39.50330458640716,-5.542151114758718,39.89018064919333,32.32691723296293,-17.19623320727049,36.61611686546879,41.097011085715955,36.38100537164565,234.10841476914663,-1.3580102003997367,-5.020618890797678,36.27028260517187
688,11.478133333333334,1347.4547762576856,1119.5852194106535,13851.5,1312.1598360655737,1077.454918032787,-2.2681394131935195,detected,1347.0977920658765,1119.377530616526,25.37388993314298,-36.36419663152438,44.34173076229009,32.54095934823445,-16.924736357948618,36.67915942452219,40.652541813844586,36.479566033223605,234.1600104664393,-1.9990703763892064,-5.333372019783502,36.28933560962649
689,11.494816666666667,1347.610493073997,1118.676523361803,13933.0,1319.9852398523985,1073.1586715867159,-2.116281445530087,detected,1347.6068464290843,1119.0491936652093,22.52584588767923,-25.86908833930326,34.30194549092152,32.79925845022739,-16.71044389756424,36.810736071674185,40.82256128140877,36.58660753977478,234.3882758110309,-2.762746846894091,-5.513374669087428,36.395507825784215
690,11.5115,1348.2063886488045,1118.7220541630654,13884.0,1318.090909090909,1074.7355371900826,-2.1711475321933613,detected,1348.1194019550624,1118.7618856247407,21.67994233960425,-12.046072708872142,24.801769444053768,33.08898154437757,-16.617772270408793,37.02743651504012,40.82623498074194,36.70307322542303,234.42353436299788,-3.6213363189883663,-5.734907852337495,36.58062173884589
691,11.528183333333333,1348.3338804833952,1118.2745860690836,14012.0,1321.2555066079294,1073.0044052863436,-2.10985467058384,detected,1348.649267664355,1118.4537281614055,24.388686426196465,-28.178639939255273,37.26719434598655,33.29037963157394,-16.160682589838466,37.005635216596694,40.577697320113906,36.829679378331605,234.35454933931499,-4.028339757394072,-6.267764426300319,36.47097704860984
692,11.544866666666667,1349.0201578192252,1117.7818268770923,13940.0,1318.265060240964,1074.8353413654618,-2.1922633614946325,detected,1349.1912142771491,1118.165186219897,36.40496959915426,-26.55658609193359,45.0618916200111,33.571764991845605,-15.969653783702004,37.176514718825075,40.91053774970387,36.96673744612435,234.29609130522692,-4.941118171641112,-6.624311238483836,36.58157660974599
693,11.56155,1349.5485929690203,1117.3884813131494,13971.5,1319.6058091286307,1074.3526970954356,-2.178674216618551,detected,1349.7393398703953,1117.905591476783,19.513872099283983,1.4416079566276434,19.567049798266115,33.803941223253,-15.649012181507615,37.25047683563416,40.65265789810976,37.114005796905396,234.0101521187234,-6.276096635690774,-7.202665659076667,36.547498298593226
694,11.578233333333333,1349.671270684938,1117.829928529245,13828.5,1320.7471264367816,1073.7969348659003,-2.1519889636123306,detected,1350.309625180329,1117.6256804562456,20.577389656858035,21.331558660682724,29.638899439491947,34.023004878091996,-15.434608910525856,37.36029996072778,40.27142361037283,37.27058375500709,233.7939373295656,-6.667595297091365,-7.642932349265852,36.57017361539457
695,11.594916666666666,1350.2351918705708,1118.100244320461,13711.5,1321.7564575645756,1073.4243542435424,-2.138299802589525,detected,1350.8845203074711,1117.364384787358,46.08922828915715,-28.98528267025965,54.4459693252393,34.2474446686948,-15.191884503587753,37.465728621043276,40.55442826722214,37.434857270549614,233.444166031466,-7.3300980689155,-8.194689598956273,36.558554176586625
696,11.611600000000001,1351.2091146021862,1116.8627862641474,13813.0,1319.801498127341,1074.7602996254682,-2.2117197205138823,detected,1351.4636663128704,1117.113488435087,47.25753716726743,-53.95434603685628,71.72409828907222,34.509252981287354,-15.016287858189184,37.63479031915138,40.71792082223154,37.60450119661617,233.46838474361698,-11.16604445753327,-8.476178269855701,36.6678584635661
697,11.628283333333334,1351.8120183607186,1116.2999676410311,13906.5,1321.0824372759857,1074.057347670251,-2.199711447152056,detected,1352.0491864915684,1116.8675757712263,27.166475524547938,11.401016894906732,29.46184954587561,34.7494876334532,-14.820272947523561,37.77786893177824,40.82277557065069,37.77653826106936,233.0756283407794,-12.281617253949513,-9.028354869734407,36.68318673960536
698,11.644966666666667,1352.115569335522,1117.2432001945408,13707.5,1321.111570247934,1074.3801652892562,-2.1970071795423314,detected,1352.6437477711909,1116.634417923189,41.93222292286492,-3.6164935061022003,42.087888335393096,34.98557265847769,-14.61575375336186,37.91583510910096,41.01896503015042,37.94745031062166,232.6716692162117,-13.539612411822906,-9.592546013054763,36.68233379990919
699,11.66165,1353.2111568655782,1116.1792973077108,13842.0,1318.2956521739131,1076.4565217391305,-2.2918757523430133,detected,1353.2392430065242,1116.4239484592333,49.93430028300188,-33.24477493011867,59.988743985078145,35.178702214541104,-14.290084319936852,37.9703515834429,40.95709285625637,38.11333394574782,232.22736945199892,-14.012995112392883,-10.252429893774494,36.5600229847234
700,11.678333333333333,1353.7817104882981,1116.1339328710392,13844.0,1320.073469387755,1075.4367346938775,-2.2625385586603888,detected,1353.8562038835953,1116.2170365816667,35.00336549955086,-8.261760931168531,35.96515382949071,35.43148489488877,-14.035816179693176,38.11029070588241,40.239984906677144,38.27009031511119,231.79519765008894,-13.790504852238454,-10.88404610529635,36.52303106348994
701,11.695016666666668,1354.3791024944132,1115.9036298846408,13797.5,1321.2874015748032,1074.9685039370079,-2.2506345082922463,detected,1354.493858892128,1116.0008036719883,39.427919454531754,-23.56560033058122,45.93362985279666,35.579200766104385,-13.754995953714552,38.14550354683323,40.150185563548554,38.41363741863022,231.18874502255738,-14.061999431793721,-11.581411932513733,36.344880499059215
702,11.7117,1355.0972887340977,1115.3476273400088,13782.0,1322.4791666666667,1074.3208333333332,-2.242508237379196,detected,1355.1223168492286,1115.8030216422133,39.213686732166494,-25.34279821609382,46.69015579916326,35.76566861292655,-13.591612368133266,38.26114188174828,40.13649383624528,38.54013275055639,230.648359552009,-13.448090557775982,-12.168253339491985,36.27462734145197
703,11.728383333333333,1355.6875325083765,1115.0580251841639,13778.5,1322.2081632653062,1074.6897959183673,-2.2631788548749845,detected,1355.7684221716795,1115.5882622622144,36.4755125296888,-22.24167335823851,42.72183338853872,35.920244267279806,-13.293078816332585,38.30104297063303,39.89379940040307,38.64619442198111,230.0526281478306,-13.788613088802814,-12.872869962538708,36.072969264614834
704,11.745066666666666,1356.3143550021716,1114.6054968389556,13814.0,1322.6,1074.8521739130435,-2.2741798973816,detected,1356.4282905875816,1115.4254761157788,35.84876965899272,-8.295479786256264,36.796049664980394,36.06620448456855,-13.079600568701329,38.36465895794572,40.4686947315039,38.7291097408714,229.5636075621773,-12.80037222816754,-13.437435098433461,35.9344179712831
705,11.761750000000001,1356.8836864559983,1114.7812326752958,13829.0,1322.0478260869565,1075.413043478261,-2.295191011011431,detected,1357.0792737998695,1115.2674770062845,39.4841639210956,7.8779966678168005,40.26241463258358,36.17727546602782,-12.894600356439755,38.40658769660688,40.4076097661016,38.787021275173146,228.99890112362513,-12.307916150047932,-14.003435687147633,35.76268680416888
706,11.778433333333334,1357.6318099383388,1114.8683593277717,13785.0,1324.232,1073.988,-2.2558256684676197,detected,1357.7463642992511,1115.112838531016,29.883701878205937,-12.454576056276984,32.3751772610912,36.2372629401491,-12.824414544213171,38.439625827982894,40.55626764845185,38.81908147767966,228.5102096664019,-11.223013314878227,-14.400267664429666,35.64038615093994
707,11.795116666666667,1357.8808059753344,1114.3656649875513,14392.5,1324.1829268292684,1074.3902439024391,-2.271191981474146,detected,1358.4095193808462,1114.9733009940257,42.51921448385346,3.2096931363616723,42.64018914537717,36.18588516306534,-12.856726549441486,38.40200128380898,40.76757207632187,38.82556790681526,228.08649089236454,-9.744399087651386,-14.605076518424697,35.516270109523404
708,11.8118,1359.05053439495,1114.975456088755,13941.0,1322.2789855072465,1076.0579710144928,-2.3278500741319257,detected,1359.0593893280222,1114.8192322620469,59.18798047032469,27.72733557639095,65.36070815345663,36.12853106814693,-12.888384636239644,38.35858724814713,40.671813464329006,38.80795194633179,227.54903143845584,-8.067805568056716,-14.875516456102927,35.356756438309304
709,11.828483333333333,1359.855711590361,1115.2908337512836,13957.0,1319.9578544061303,1078.4061302681991,-2.3954170475310894,detected,1359.7033287240847,1114.649726667087,50.296469461008236,-2.441610029870083,50.35569778863258,36.061899583087595,-13.045280365166184,38.348923600884596,40.81863526943936,38.76891487672628,227.06366546458534,-7.016569359680324,-15.014241012289917,35.2875687483759
710,11.845166666666668,1360.7287599259657,1114.8939877007583,13957.5,1323.4153846153847,1075.673076923077,-2.331275715573129,detected,1360.3350288744798,1114.478121889606,48.62659014697265,-10.997814967143764,49.85476109032305,36.04786137372375,-13.18782739420815,38.3844643182451,41.21213234378617,38.712306473141886,226.80553862285188,-4.978855128979166,-15.05953379462313,35.30690503127165
711,11.86185,1361.4782188149316,1114.9238733252132,13957.0,1322.4037735849056,1076.656603773585,-2.3666305967187107,detected,1360.9617512498644,1114.3089181111268,38.69430020547082,-15.710852435477062,41.76218088941757,36.06659679818263,-13.383672087824715,38.469755434069185,41.40207956204023,38.64304327866156,226.4810767766633,-3.4643622299647845,-15.130116613792847,35.369501755186285
712,11.878533333333333,1362.0198597428216,1114.3697689244946,13855.5,1325.2307692307693,1074.4761904761904,-2.315731716354522,detected,1361.59687736333,1114.1504471621402,35.51328364920182,-17.757054711752854,39.7052428223887,36.058917561764495,-13.554769640026938,38.522426140111214,41.362742926673825,38.5669464296403,226.39071173126874,-2.7142085547140176,-15.056699847699438,35.458047117919676
713,11.895216666666666,1362.6631787126933,1114.3313795996644,13905.0,1322.7977099236641,1076.6297709923665,-2.384083888569357,detected,1362.2386170035252,1113.9894639550175,43.433984687213304,-38.02549971397183,57.72737352683172,36.05151627431211,-13.762443097459533,38.58907443419448,41.33008006253917,38.49052227544652,226.11581170432,-2.0509393355357184,-15.071840763959456,35.524024007334134
714,11.911900000000001,1363.469107031885,1113.100984750705,13946.0,1325.6266666666666,1074.5733333333333,-2.347222487536745,detected,1362.857353169048,1113.7903421762046,29.015356635071083,7.534642683772794,29.97768771991086,36.025237789239306,-14.025339876979686,38.65912462066404,41.73171230660189,38.42069284198446,226.19601109192118,-0.2700184915431881,-14.814175932631327,35.70809583096079
715,11.928583333333334,1363.6313244457501,1114.5827855105463,13614.5,1327.0549828178694,1073.6701030927834,-2.3002920863826235,detected,1363.4802317295016,1113.6184667666976,28.93368668732624,7.269429401134089,29.83291519678277,35.9731983561205,-14.391877811419945,38.74528547975395,42.128153585181074,38.364487268683604,226.36890237910305,0.39528651473544774,-14.405151594477726,35.96788504273984
716,11.945266666666667,1364.4345277110187,1113.3435413783895,13731.0,1326.2268041237114,1074.024054982818,-2.3418551813379844,detected,1364.090583320252,1113.4169165191072,38.446745352952604,-40.90590379563947,56.13773413287086,35.823615692813746,-14.737656468351075,38.73667460541162,42.3908925708424,38.32870945703548,226.71946647210382,1.4707654373676657,-13.830535526746015,36.18350793564601
717,11.96195,1364.9141641823603,1113.2178918538984,13753.0,1327.9550561797753,1073.123595505618,-2.3155284102210767,detected,1364.6941904592886,1113.2211032948594,23.83528722612345,-6.681506063743525,24.754059069810054,35.708307440452806,-15.264690710193612,38.83418600588621,42.490460257062296,38.31960081104701,226.86898842980608,2.3506962521929298,-13.272604012087754,36.49564337668375
718,11.978633333333333,1365.229831794797,1113.1206017927293,13703.5,1329.3450704225352,1072.1971830985915,-2.290687820362968,detected,1365.2929850954547,1112.9873222228882,29.183452017290023,-11.96465125820561,31.540874296315096,35.571786591609666,-15.742459102982057,38.89957608931084,42.80882118637264,38.34251945266186,227.1293764664428,3.1112718720295427,-12.663574526046917,36.78057775717151
719,11.995316666666668,1365.887918698004,1112.818671323583,13743.0,1330.5955882352941,1071.25,-2.2747169413948427,detected,1365.8700203777514,1112.7650475849828,43.361536855510735,-24.13199797232479,49.62435092379651,35.36443410161958,-16.148852431201384,38.87709652446428,43.81330284048059,38.401658037627165,227.430437868508,4.3659827294345455,-12.03057473285001,36.96882342961192
720,12.012,1366.6766617412093,1112.315397460386,13873.5,1316.21875,1081.59375,-2.5946861696164767,detected,1366.4168790948377,1112.57132100584,40.60677948570076,-19.231527661607892,44.930637613988054,35.25896470349396,-16.608967839858465,38.975022830880874,43.824387122334194,38.499820832526005,227.87805488381238,5.413372579711678,-11.329379844077813,37.29205755943602
721,12.028683333333333,1367.24283157351,1112.1769793506073,13874.5,1328.4545454545455,1072.905138339921,-2.3499999229479642,detected,1366.9789657805527,1112.3044572202884,34.16348987720049,-13.005421896303579,36.55523272105422,35.16788873574254,-17.085841617806334,39.09867493813991,43.1901593404513,38.63827687968214,228.2819742239035,5.5788511302617305,-10.64964160398262,37.62036038669821
722,12.045366666666666,1367.8165835201119,1111.8814498831127,13831.0,1327.7556561085973,1072.9547511312217,-2.3705530773031995,detected,1367.5266077782267,1112.0073941537041,34.079001890607536,-10.139069539260847,35.55529638439257,35.132898506648864,-17.59870346916007,39.29420976777516,43.59555710947861,38.81670017216262,228.693226761514,6.009805517921093,-9.9709901090722,38.008081739528784
723,12.062050000000001,1368.3799342699267,1111.8386723969807,13844.5,1330.1828793774318,1071.1984435797665,-2.325214322804519,detected,1368.061386896062,1111.7210074740956,34.127755601985626,-11.997142815043635,36.17506237939907,35.0557444149738,-17.873498327409965,39.349296803728194,43.703829485088306,39.033200509578855,229.14349283831174,6.418115951004315,-9.413681195924047,38.206671737922946
724,12.078733333333334,1368.9553129653648,1111.4811452178508,13878.0,1332.4322033898304,1069.8771186440679,-2.291251984075152,detected,1368.6009646574864,1111.3978524514414,17.685793281607793,-5.511660430573312,18.524731703906294,35.09456264697714,-18.267441863168635,39.56422322764405,43.56333815106139,39.284441021203406,229.54085678780476,5.430707799843714,-8.873931836656404,38.55620693695406
725,12.095416666666667,1368.9700502390897,1111.6547666606139,13767.5,1333.2627450980392,1069.3176470588235,-2.271448713140976,detected,1369.143075146786,1111.0781502389166,29.22873530811879,-18.372511990301252,34.52344369476825,35.1135675636847,-18.68672914024738,39.77633056241388,43.82005997181562,39.56583118581189,229.89550808388327,5.044062919122996,-8.326648906867867,38.895030415108
726,12.1121,1369.930578433479,1110.868115734441,13963.0,1335.8938775510205,1067.5428571428572,-2.236700289007641,detected,1369.6819543347415,1110.7432523747202,37.522711502574325,-4.232251781715448,37.76063868169151,35.148234250578405,-19.094896354205265,40.0001679710395,43.55869349311773,39.87177844670279,230.1587236079917,5.3149021924482325,-7.856688596607068,39.22098777449797
727,12.128783333333333,1370.2220580462256,1111.513550526164,13874.0,1333.928870292887,1068.7866108786611,-2.274954535649659,detected,1370.232835881483,1110.3626274803,21.10365729374682,-16.650094118054888,26.881033933091175,35.16030806380175,-19.435143820280757,40.17427134941516,43.35181569843902,40.19597787342409,230.5951613662352,4.890373696710028,-7.302468473944158,39.5050127533645
728,12.145466666666668,1370.634737131847,1110.3125575940353,13926.5,1337.0932835820895,1066.5111940298507,-2.2243095194041924,detected,1370.777984882261,1109.980969471685,32.79582436392217,-44.81415326071411,55.532642906528444,35.198900860032595,-19.847968426863968,40.409212717252885,43.634193141782816,40.53171803937315,230.99208985513494,4.236767646398884,-6.732118464742857,39.84448585946191
729,12.16215,1371.3163453858351,1110.0182516123648,13980.5,1337.6801470588234,1065.9742647058824,-2.223005144729556,detected,1371.3179579614023,1109.5707052812509,26.16779746641204,-26.984287161913677,37.58863362613464,35.27761643329635,-20.253888514620016,40.678375350761456,44.02619486269199,40.87218224306479,231.34593318345753,3.502944427966378,-6.21809414285485,40.20031749138347
730,12.178833333333333,1371.5078693073096,1109.412181879066,13936.0,1339.2222222222222,1065.107638888889,-2.200539153625132,detected,1371.8594410514854,1109.1182283748933,13.50157785510872,-43.17082943154835,45.23287652123622,35.34898555024761,-20.372390045299124,40.79932665607874,43.931958789453866,41.21072694791679,231.55871847505767,2.997863316546555,-6.020310746811122,40.352706403675676
731,12.195516666666666,1371.7668480336006,1108.5777849369988,13968.0,1340.7392857142856,1064.2,-2.180964216098821,detected,1372.410266023893,1108.7044653198332,29.58332055341161,-26.273486063529106,39.56600718920679,35.42891223402972,-20.60633053928132,40.98571312519399,44.35066601952309,41.54112321905034,231.94951764586517,2.202318068693816,-5.609980437769714,40.599960589494906
732,12.212200000000001,1372.4949661031085,1108.535523227413,13988.5,1344.1771653543308,1062.0,-2.117457057317857,detected,1372.943673144273,1108.2538975203872,39.70821946518049,-15.704454893601996,42.7009671623503,35.49673783227188,-20.766037042762516,41.124769801111675,44.53212051465371,41.857751302934254,232.18782440838947,1.8102242301807512,-5.356477601324507,40.77443854795472
733,12.228883333333334,1373.091778956422,1108.0537796253823,13952.0,1343.3129770992366,1062.5763358778627,-2.1505411331503694,detected,1373.4947151239132,1107.81995111973,45.62216101992755,-22.490259492077946,50.86446056087884,35.66545473267322,-20.75497272720454,41.264919171075164,44.07165593112411,42.155742687044196,232.38337701469075,0.5116990908807224,-5.329026774357867,40.919372280541445
734,12.245566666666667,1374.0172255424734,1107.785098235694,13971.5,1344.7852112676055,1061.9330985915492,-2.1383551107757124,detected,1374.0581522108223,1107.4044768861252,50.96874679334182,-25.600768951388037,57.03693996513265,35.86674711244833,-20.638724343153225,41.380919406665996,44.054666263943886,42.4310675976695,232.34208276438008,-1.0723893358730192,-5.573526190467902,41.0038570959508
735,12.26225,1374.7924361410933,1107.199567301371,13943.5,1346.1962264150943,1061.2981132075472,-2.127949929226126,detected,1374.6306987642197,1106.9919490752777,34.04457006876942,-31.931274048987174,46.67589328078116,36.148948460513175,-20.5450436051601,41.57938541559709,43.900842895531355,42.68056890234861,232.3668300498132,-2.142158297111098,-5.8023175924029005,41.1725442752286
736,12.278933333333333,1375.153179363768,1106.7196580582595,13920.5,1342.2509803921569,1063.8117647058823,-2.224969277814979,detected,1375.2226993502115,1106.5800252734807,24.74959629457894,-28.78581204100868,37.9626855162397,36.43365589024172,-20.324717311020443,41.71936499158921,43.82345222394746,42.90194595573748,232.26845834634145,-3.449022371594294,-6.221481989590398,41.252861442021704
737,12.295616666666668,1375.618247670789,1106.2390807062693,13989.0,1345.503846153846,1061.9884615384615,-2.1683434633362446,detected,1375.820021281816,1106.1688569593584,40.39189746113474,-13.97530346461186,42.74125041969193,36.729051344142725,-20.146202838797738,41.89143947708952,43.86557125582537,43.0936942045178,232.25212181503042,-4.507059551210827,-6.555235141385561,41.37537424246213
738,12.3123,1376.5009223423879,1106.2533487659903,13823.5,1345.1641221374045,1062.2366412213742,-2.1894839921920473,detected,1376.4326037636088,1105.770604247163,38.6680855155844,-37.667325865373904,53.98192544999496,37.01701801301117,-19.913391434314107,42.03335319709585,43.42315626942981,43.255008307514906,232.0000928490772,-5.817782743885197,-7.0979181932471995,41.429727712281405
739,12.328983333333333,1376.9084727908257,1104.9822475998947,13923.0,1342.611111111111,1064.0333333333333,-2.2680265629631386,detected,1377.0652636432033,1105.350702889463,24.160846713454376,-37.044779626335135,44.22739209443367,37.325124371617086,-19.82641313306898,42.264069457162,43.81801508813991,43.38565801017822,231.93588233325903,-7.722870916802765,-7.402784061349529,41.61070000878192
740,12.345666666666666,1377.3070892610601,1105.0172879524582,13882.5,1341.9701492537313,1064.4291044776119,-2.2871410079573136,detected,1377.693006584711,1105.0070351824709,33.699828432994636,-37.12791433947012,50.14140464339132,37.57807655760597,-19.54122517701084,42.355298596373245,43.79572175453583,43.48584703161482,231.67350672335917,-8.053658121685242,-7.973847665324676,41.597945533381015
741,12.362350000000001,1378.0329237328733,1103.743412858101,13916.0,1345.875968992248,1062.406976744186,-2.2319358568983785,detected,1378.3483409883477,1104.6208519351114,37.1550020930396,-33.37034850667712,49.940708244786286,37.800545506876766,-19.27336016188897,42.43045666201756,43.25498653044024,43.556065862818805,231.48281209691285,-9.617051180792332,-8.460377284268043,41.578427925490296
742,12.379033333333334,1378.5468278308979,1103.9038306572854,13857.5,1344.5485074626865,1062.8059701492537,-2.2619353464221112,detected,1379.0051003858455,1104.2641453572726,33.32199437370757,-11.240283138935633,35.16673533447254,38.021050563825035,-19.050588020249023,42.526758516188316,43.66621364011932,43.5969496079123,231.19640384693668,-10.476942985152007,-8.979897709075415,41.567855694379254
743,12.395716666666667,1379.1447676118094,1103.3683620773652,13684.0,1346.7510204081632,1061.942857142857,-2.234449942393408,detected,1379.663590398932,1103.9171942889848,57.92153838344459,-53.51409618922618,78.85850049078157,38.18120101656963,-18.764371026637004,42.54298686144394,43.81131026195245,43.60915164263606,230.90667590136664,-11.006696431369624,-9.513105688576395,41.46572742942016
744,12.4124,1380.4794764949588,1102.1182436477716,13919.0,1346.6694214876034,1062.4628099173553,-2.2767954395522962,detected,1380.3435859289045,1103.5411295443132,50.3028314406501,-22.21319816797333,54.98909913606614,38.275103291434625,-18.26231059896347,42.408672702443816,43.201531481555655,43.59324277239684,230.5641125794104,-11.033290911792736,-10.208259218137965,41.16171721537264
745,12.429083333333333,1380.823205420879,1102.6271816984938,13798.5,1344.9717741935483,1063.375,-2.3109446153638276,detected,1381.0358077988535,1103.2038950045137,39.911116877552196,7.699106128839375,40.64693697681,38.38447449869281,-17.93484075749814,42.36775183482852,43.49325499343073,43.549643810569655,229.60825624422924,-13.88349864800654,-11.213786246202517,40.856791278343124
746,12.445766666666668,1381.8111774281065,1102.3751371556039,13822.5,1346.8333333333333,1062.9126984126983,-2.2960230231504646,detected,1381.727907992456,1102.8862616719748,48.98609126487824,-5.78365826260477,49.32634022821455,38.506054315552184,-17.59224348289249,42.33442157055684,43.88978550343908,43.47859726152307,228.95424986995792,-14.39968944893893,-12.017626743385994,40.59285524781771
747,12.46245,1382.4577079994172,1102.4342003011316,13726.0,1346.7389705882354,1062.9007352941176,-2.3055452747931455,detected,1382.4229884379502,1102.6009036216897,46.74109948920348,-7.8350697307987955,47.39323474026749,38.62749152586949,-17.34961154805636,42.34491849619703,43.8377496716332,43.38018117120789,228.14043918999036,-14.587058250851822,-12.854706869336647,40.3466062234855
748,12.479133333333333,1383.3707721143962,1102.1137069955862,13782.5,1344.6816326530611,1065.0163265306123,-2.377194596808676,detected,1383.1341209431043,1102.3208428386376,43.16920883347002,-30.92774220169156,53.104668617759394,38.67533207161378,-16.997111027956183,42.245509751289156,43.85582437273493,43.25436518296714,227.47275660663084,-14.774143049893913,-13.616107634877444,39.99105783824303
749,12.495816666666666,1383.8981206008273,1101.4022446363351,13781.0,1347.1894273127753,1063.47577092511,-2.339879495251001,detected,1383.8411533297274,1102.0724456097407,37.960315751156536,-30.258637541694267,48.54452304644812,38.74715155048813,-16.75690490655564,42.21534810141737,44.62908364985915,43.10110557847313,226.88820430939242,-14.808892278371099,-14.247833999992068,39.73832962811237
750,12.512500000000001,1384.6373813166265,1101.104077122945,13727.0,1350.5247148288972,1061.1368821292776,-2.2773284495171597,detected,1384.5316450194186,1101.850001776157,32.907118473730435,3.8076210194230766,33.12667239660035,38.72627483118608,-16.442437924961244,42.07229643383827,44.70345040557013,42.920473014864555,226.25568488338362,-14.21119788451883,-14.898396197710591,39.34610422840873
751,12.529183333333334,1384.9961214539007,1101.5292922576832,13536.0,1346.9213483146068,1064.4606741573034,-2.369583490857468,detected,1385.2333978593294,1101.6205609264612,35.075258469690034,-10.288759367749453,36.55314385990643,38.7553353156546,-16.17860247907497,41.9967045564858,44.506468969156714,42.71280411028559,225.7199908257293,-13.338534476794282,-15.474789411214022,39.04169676491191
752,12.545866666666667,1385.8077257742318,1100.7607755187078,13599.5,1347.4048442906574,1064.1868512110727,-2.380583293004969,detected,1385.9374612396882,1101.4357589976148,50.559534104915386,-25.349122074778613,56.55832811238439,38.67268901949507,-15.778541986575148,41.76768204270724,44.89881122869558,42.478865979124876,225.2447517718168,-13.31457311895727,-16.023985921718428,38.57163644961487
753,12.56255,1386.6831245752014,1100.6834765511214,13732.0,1348.2190812720848,1064.268551236749,-2.383553396697682,detected,1386.6280117647489,1101.2533097112089,44.88503163302666,33.49323751474973,56.00413398953011,38.578774447478935,-15.595187097862956,41.611677429380386,44.82416247277776,42.22002116957363,224.87618256152643,-12.868194980359908,-16.334594242006183,38.271565547228704
754,12.579233333333333,1387.3053896630538,1101.87833321045,13563.0,1350.014598540146,1063.2846715328467,-2.33902704008213,detected,1387.3276982979694,1101.0860249158618,35.03010977599753,-6.5913981722917585,35.64484704391546,38.43804746086156,-15.445041489028684,41.42502624261406,44.85098561145344,41.93837929312599,224.50533162918123,-12.246238517416336,-16.58684973673934,37.959309991253704
755,12.595916666666668,1387.8519625713939,1100.4635435654393,13715.0,1347.9244604316546,1065.0755395683454,-2.416394749452594,detected,1388.0095039880312,1100.9200970810314,43.87426868069079,-29.53970871228623,52.891831534483316,38.223673862322535,-15.364062687178386,41.195918071924865,44.94437242149957,41.63692117362096,224.0597663455623,-10.62637080382671,-16.78380016982596,37.6219047583731
756,12.6126,1388.7693277613662,1100.8926915964166,13879.0,1350.7921146953404,1063.136200716846,-2.3591089331684447,detected,1388.6713512754454,1100.7518084217115,50.14668762944618,11.865960912927221,51.53145940677759,37.95048999838486,-15.424636001441643,40.96534006809267,45.109905922856484,41.319581680672655,223.6587492131294,-8.503163354536005,-16.80724895817628,37.35874020028461
757,12.629283333333333,1389.525190381963,1100.8594711279006,13897.5,1349.1198630136987,1064.695205479452,-2.411526280716765,detected,1389.3267358260048,1100.591304472815,42.222666444491615,-6.993597881314149,42.79794356050674,37.68773343722836,-15.448986762869106,40.73127107806587,45.2030419409744,40.991278533016406,223.66621881522036,-6.869034661047399,-16.595493898812215,37.197123892706706
758,12.645966666666666,1390.1781573983974,1100.65933854711,13873.5,1351.1153846153845,1063.3076923076924,-2.3785834665913494,detected,1389.9673016226811,1100.4301201322085,46.698042496442014,-16.487588392906684,49.52320409680108,37.43946999683545,-15.52828572496352,40.53198207835447,45.006095146024535,40.65787633000591,223.66455668994556,-5.381967351426856,-16.362229801341755,37.08259709254641
759,12.662650000000001,1391.0833483999277,1100.3093352618573,13827.5,1351.7301038062283,1063.0519031141869,-2.3835443315399467,detected,1390.617092668188,1100.26944590086,42.14839695923156,-3.7784036191772277,42.31741603810861,37.189595358053346,-15.609789588114133,40.332760057810816,44.73715392952024,40.32607806384591,223.74121559167847,-3.6923552076990176,-16.075721619474166,36.99057593893491
760,12.679333333333334,1391.5845089102704,1100.533265813017,13823.0,1352.3385826771653,1062.8937007874015,-2.377084355232368,detected,1391.2563730370052,1100.1032517846807,37.887831508194736,-2.497200021329868,37.97003798180723,36.99699994128019,-15.76657435590549,40.21645026075005,44.78061566752746,40.00324051795686,223.8759909285992,-1.6791319445265902,-15.74116699156326,37.007817192035276
761,12.696016666666667,1392.3475390445844,1100.2260120211456,13809.0,1352.0041666666666,1063.3416666666667,-2.400954542751956,detected,1391.8890883083359,1099.934547061572,39.139418941435444,-14.586347842932726,41.76907538440639,36.71513759158512,-15.996304015505023,40.048508967569425,44.83804610016496,39.69711531288172,223.90649410603962,-0.460795363951398,-15.359074704765314,36.986239261905595
762,12.7127,1392.8904608556163,1100.0465680066577,13818.5,1354.2687224669603,1061.9735682819382,-2.363349209200342,detected,1392.5129445243776,1099.7577564188114,32.96949271687564,-14.57894978257018,36.049039193448955,36.371862533950306,-16.284523668601388,39.85094848685307,45.052964526970186,39.4155238294612,224.06098313456565,1.4658189842418925,-14.812179217236835,36.995911154319124
763,12.729383333333333,1393.4476211182375,1099.7395610634005,13798.5,1350.008583690987,1065.3218884120172,-2.4715514423846696,detected,1393.110904415352,1099.5706465484645,37.80894314059696,-31.678311012027706,49.32576983670553,36.18409668730396,-16.46697289378649,39.75487453584605,45.178925542971356,39.16598149078471,224.24499701601164,3.2894669614199685,-14.431476784669382,37.042982158222756
764,12.746066666666668,1394.1520192584076,1098.9895683625564,13916.0,1356.5530973451328,1060.0309734513276,-2.3384362069558295,detected,1393.6997948636194,1099.361823623577,27.924901289209643,-6.798428776564433,28.740541850183025,35.93542473431537,-16.887692162958412,39.70577914392931,45.06147408747881,38.95529427793888,224.43435994321644,4.009909410777802,-13.836863884802044,37.21679856274519
765,12.76275,1394.3793819912541,1099.5127201565558,13797.0,1351.8171206225682,1063.7859922178989,-2.4432851873372545,detected,1394.2849940006793,1099.144233031228,28.83311468106346,-6.876216980876429,29.64170815218736,35.580766977204874,-17.23551917851033,39.53547900353492,44.493402843604386,38.78915690491174,224.5780807528787,4.776479368435105,-13.246711938209522,37.25021775594134
766,12.779433333333333,1395.1140841849324,1098.7601319226278,13846.5,1354.9838056680162,1061.3522267206476,-2.391290172997668,detected,1394.8615759832423,1098.8760586106014,37.554078090212805,-24.61863661553364,44.90418744408471,35.23370721012677,-17.70617461783072,39.43250871255913,44.19657402717831,38.67178647691531,224.96970483664404,5.43966861702693,-12.41362873958394,37.42759095749855
767,12.796116666666666,1395.6324363968643,1098.6912783148175,13862.0,1355.5776173285199,1060.5812274368232,-2.381069693720536,detected,1395.4250375106426,1098.6090115343477,19.42998108417485,33.41175531249019,38.65060876613859,34.85064424222206,-18.13169050436293,39.2851830165513,44.38345997557713,38.605626289029416,225.31865275812137,5.944157122374901,-11.61354534171654,37.52933744738674
768,12.812800000000001,1395.7623978871077,1099.874970824888,13567.5,1356.890625,1059.85546875,-2.341647276627477,detected,1395.9663980805135,1098.3158591770828,19.735386810669308,-0.6221435483320993,19.745190684353275,34.4997808908237,-18.58457908717664,39.18700628221512,43.81906568203555,38.591150627192356,225.62847139489082,7.317681891643563,-10.841346519084624,37.657491512519776
769,12.829483333333334,1396.2909404701136,1098.6705194584215,13713.0,1357.4097744360902,1059.0563909774437,-2.346857100609972,detected,1396.5129287452892,1097.9720642820444,37.63876359635623,-45.72673970907052,59.225089695866885,34.287102137339815,-19.18014360898735,39.28718979308333,43.49588490896873,38.62679276535746,225.91623830758098,8.312821243969337,-10.076306008731281,37.97303436724746
770,12.846166666666667,1397.0182779657728,1098.349221943262,13741.5,1359.5,1057.5152671755725,-2.3139021444982886,detected,1397.0450198327992,1097.6055475145145,41.03950041054348,-38.080245902008,55.98522771146328,34.021326285910966,-19.519155111402586,39.22305519098952,43.622459147321194,38.70900567748651,226.21149304951925,8.829049184267413,-9.45184314330003,38.06718691616
771,12.86285,1397.6602918004787,1097.3999085868245,13856.5,1363.0740740740741,1054.7259259259258,-2.251892213420852,detected,1397.5726599692289,1097.2580136927872,23.895432358225566,-22.767828715573625,33.0055406259045,33.85108885022709,-20.020469566961566,39.32830301484674,43.37171356829353,38.83245041014219,226.58290438644292,9.325795086576088,-8.723736916896922,38.34855710756759
772,12.879533333333333,1397.8155888921256,1097.5895353917856,13732.0,1361.2643678160919,1056.1954022988507,-2.2941421126179464,detected,1398.1080202946148,1096.8752512900526,28.34514619474963,-23.875716883876237,37.060722733383685,33.62023517898822,-20.320228305530584,39.28399027440266,43.03244543031466,38.99029353499799,227.00027268478362,9.505138793813371,-8.06748809080254,38.446684223533794
773,12.896216666666668,1398.6060748451769,1096.6032555001325,13833.0,1361.492700729927,1055.9014598540145,-2.3101124587108646,detected,1398.6375450558585,1096.49841146468,41.33176010915443,-38.39627882239615,56.414436282992995,33.47968846376852,-20.722938796761863,39.37422674803066,42.800274754988784,39.174585215444786,227.3499049923348,8.722860019580388,-7.441309951280839,38.664669120714095
774,12.9129,1399.1946919544343,1096.3083795550783,13972.5,1364.3986254295532,1053.7628865979382,-2.256330354244462,detected,1399.1623884285445,1096.0672609580179,35.59292437178707,-13.780249686575146,38.16741472460649,33.31535589178388,-21.056852242230484,39.4119774249827,42.80111755586418,39.376684382143196,227.6782589487115,8.585054066339215,-6.862075787197041,38.80999717132313
775,12.929583333333333,1399.7936920883822,1096.143454502257,14030.0,1364.632183908046,1053.4022988505747,-2.259203395868825,detected,1399.6755046466824,1095.6506801725116,23.337213129670126,-15.667321747176057,28.108548297434066,33.230348354549776,-21.54390092930835,39.60297613837351,42.97198523267449,39.58769716469554,228.12020546861976,8.998761020000629,-6.14313760977333,39.12361920022188
776,12.946266666666666,1399.973376965861,1095.7856132527809,13904.0,1362.057471264368,1055.11877394636,-2.321201939433297,detected,1400.1857133326114,1095.2105646366783,27.353213407787823,-37.115319461614334,46.105804650495706,33.06724224589837,-21.767614890538905,39.58878083209607,42.96090557283773,39.798898124997656,228.40517159800922,8.595441120172286,-5.672891618157756,39.18022292509797
777,12.962950000000001,1400.706377642422,1094.9050400095546,13955.0,1362.8498168498168,1054.6630036630036,-2.325659574016702,detected,1400.6880879494304,1094.7619915546977,28.683537278242806,-43.22331723600242,51.87485386655512,32.98618345062578,-22.14908839923669,39.73248564531974,42.9396101763097,40.00210958878503,228.826881949589,7.147481666382124,-5.0438567813498345,39.411038102602305
778,12.979633333333334,1400.930450993045,1094.3433952343396,13947.0,1363.7928571428572,1053.6357142857144,-2.3103652819301486,detected,1401.1982396844442,1094.3040744281927,22.680809721297514,-31.607305240475334,38.90296742124286,32.94302774902698,-22.487553539979494,39.886503249678405,42.41779820422116,40.19002099448809,229.2378035190714,5.399345729135595,-4.476536540744547,39.63450216775764
779,12.996316666666667,1401.4631606601226,1093.850409591364,13957.0,1368.5307692307692,1050.3461538461538,-2.2187575788850182,detected,1401.711307650834,1093.872235441139,33.2799361225526,-37.058945194322156,49.808830213496826,32.890044278868054,-22.536931887783823,39.870644734948904,42.49863791367216,40.35643660662614,229.7589588716384,3.5595006942432046,-4.0439260670157715,39.66503464696607
780,13.013,1402.0408915283342,1093.1068617630224,13976.0,1371.017937219731,1048.6502242152467,-2.180061085915262,detected,1402.2147458354516,1093.384764114282,34.517309991460785,-32.888688396256846,47.6771487556951,32.86763850541136,-22.65999593433208,39.921887188187206,42.41479297406449,40.49644566210169,229.84997486152258,2.195987703668373,-3.8723998216063755,39.73363306177738
781,13.029683333333333,1402.6148882368377,1092.7530236885423,13973.0,1365.884328358209,1052.0,-2.3043272959738696,detected,1402.7221171049162,1092.9150034751806,39.142231193076086,-26.49209655844272,47.264632050128895,32.932171320602784,-22.660578548160746,39.97536401368843,42.17116023409818,40.60651382638745,229.97989768956054,1.4093318469519382,-3.8233427659115478,39.79210698268247
782,13.046366666666668,1403.3469373091432,1092.2229088078557,13917.5,1367.0148148148148,1051.1592592592592,-2.295136300642755,detected,1403.2428022618665,1092.426333077229,30.500431906588357,-27.718640340680647,41.214067608335405,32.999973187655634,-22.46625652097454,39.921559494240974,42.12436738387994,40.68449869142088,229.94776700197863,0.3216696401837494,-4.03803193988529,39.71681269317426
783,13.06305,1403.6325859814542,1091.8281450558416,13893.5,1367.6035714285715,1050.6642857142856,-2.289772670330832,detected,1403.7635557995327,1091.978632746463,33.036495350491954,-28.847635917243352,43.85882035642209,33.11026466947563,-22.41276584783887,39.98276753093486,42.389375099565,40.72959507248243,229.90431489040313,-0.3339314790267522,-4.180105059320244,39.763657039133406
784,13.079733333333333,1404.449255037338,1091.2603593560837,13904.5,1369.688811188811,1049.7937062937062,-2.2684437087479408,detected,1404.2935355387901,1091.5230255277918,32.02228982804268,-36.83139400934989,48.805518443134495,33.30696662650996,-22.313495886414742,40.09047423681211,42.274645389091226,40.74221826256325,229.79872618263428,-0.9089533797410058,-4.4561639025777495,39.84204723412012
785,13.096416666666666,1404.70106305205,1090.599204209063,13906.5,1370.1361867704281,1049.307392996109,-2.2677463358767183,detected,1404.8348041198062,1091.0896915317169,17.387356801598663,-36.88394424079116,40.77677671547728,33.46439172906873,-22.130088704366955,40.119899549471874,42.105499686318005,40.72383536707593,229.73876896240094,-1.748635174213971,-4.739552970128372,39.83896305757795
786,13.113100000000001,1405.0294131759513,1090.0296650832493,13894.0,1371.87109375,1048.4765625,-2.244301033754214,detected,1405.3931598715292,1090.663207293341,50.76166248926511,-16.161268406812813,53.27225333314812,33.63105081567189,-21.935108547532813,40.15216763710712,41.80545583795713,40.676756520111745,229.8200107436363,-3.98179263604647,-4.9395550406037785,39.84717508129275
787,13.129783333333334,1406.394810523775,1090.0599565532223,13810.0,1373.0381355932204,1047.6864406779662,-2.237687057389431,detected,1405.962218369615,1090.2234731350466,53.09280463487331,-28.278253920315283,60.15401523405276,33.771933026010565,-21.576803709763013,40.07620139987055,41.714133692243095,40.60389925710245,229.83388352528834,-5.59065935598169,-5.294585257290418,39.724920208809344
788,13.146466666666667,1406.8009430906015,1089.0861140107747,13890.5,1371.4776785714287,1048.669642857143,-2.28904941616626,detected,1406.5367306878227,1089.796669618214,15.416976098701372,-35.24815550606802,38.47227077529844,33.91491030714183,-21.206069117222874,39.99898134385311,41.34598643985902,40.50854056794945,229.52557536778718,-7.860777250062036,-5.883091088755791,39.56397032386046
789,13.16315,1406.9092236262684,1088.8838430978365,13928.0,1373.2700729927008,1048.434306569343,-2.2645300136459783,detected,1407.1268500309552,1089.3667233829663,19.102461875046846,-11.51736671363051,22.30591369354464,34.05538996631231,-20.88270083606434,39.9481761782208,41.77269878291786,40.39407207980209,229.30991384807086,-8.593986926626073,-6.368749200396746,39.43723891943519
790,13.179833333333333,1407.438328568499,1088.7018178747633,13816.5,1370.565737051793,1050.1075697211156,-2.3333850276818637,detected,1407.7082780845458,1088.9999617889694,29.183213878706724,-20.030568058208736,35.396096239908616,34.16530549037515,-20.549827569529626,39.86933047328558,41.880286631158874,40.26377417891203,228.82868468640794,-10.050057846716179,-7.022682685551928,39.245960814918355
791,13.196516666666668,1407.8829701960212,1088.2154898102942,13723.0,1371.6920152091254,1049.7110266159696,-2.3252318300061288,detected,1408.3098801581066,1088.6143208483857,37.86660448252366,-23.0380176023303,44.32414680601491,34.25025608804485,-20.182873593229672,39.754602608716155,41.386009077312515,40.12062421854637,228.3990119484232,-11.131914242771519,-7.6476012279955246,39.01208305172261
792,13.2132,1408.7018109380658,1087.9331160207655,13805.0,1375.4485294117646,1047.0110294117646,-2.2531730249395587,detected,1408.9159744806275,1088.2510439003647,47.99478046987888,-17.840030850393404,51.20318010724389,34.31959967945266,-19.77329570262338,39.60830904117558,41.7153604032963,39.96715185713115,227.86808706499428,-11.717883943081029,-8.359031142370023,38.71620776189423
793,13.229883333333333,1409.4843960376995,1087.620227447586,13864.0,1376.1666666666667,1046.7575757575758,-2.254832579461952,detected,1409.509529247147,1087.9803953087485,38.102572755083294,9.00945338396643,39.153241255792345,34.3313786967618,-19.26676375961344,39.36815653531702,42.936092412454364,39.80535107877271,227.44220583285343,-12.252235131270037,-9.027651990547838,38.31909769979953
794,13.246566666666666,1409.973166782327,1088.2337314486772,13689.5,1375.4254545454546,1047.5890909090908,-2.2752870740663105,detected,1410.0971317809688,1087.7220293598064,39.712002453468486,-24.855435165506687,46.84907465608038,34.36735425646976,-18.993498226352465,39.26662722292487,42.122969591593545,39.63665407151022,226.99780520162386,-12.889626017467378,-9.548973026101672,38.08786063315879
795,13.263250000000001,1410.8094531862303,1086.7908844275637,13822.5,1376.151851851852,1047.3444444444444,-2.291661046310536,detected,1410.710553903618,1087.43401466558,28.71545043695527,-23.395944052807536,37.03980685585894,34.32863920288008,-18.489185837866398,38.99109465594259,41.66900639417727,39.46196740999697,226.57361625255484,-13.129428507042029,-10.170339422232617,37.64132912777199
796,13.279933333333334,1410.9313056452402,1087.4530867821152,13628.0,1374.9550561797753,1048.7191011235955,-2.319298812988038,detected,1411.314599890316,1087.190442086377,29.14128380810295,-9.875365583064086,30.76909597930316,34.363088312238226,-18.31570310250739,38.939527712773845,42.74834225176707,39.281766260173654,226.2861314002806,-12.939856196784982,-10.508277743553881,37.49483854290097
797,13.296616666666667,1411.781800689294,1086.4613763959421,13685.5,1374.2792452830188,1049.211320754717,-2.3595722826361665,detected,1411.910423239989,1086.9789028640316,39.648213257410525,-13.010406128639236,41.72830552679125,34.31669366704241,-18.094587466513637,38.7949682281213,42.87985713079482,39.09623788246163,225.92662542446791,-13.074437371615135,-10.86992237097934,37.241030429753465
798,13.3133,1412.254234360929,1087.018972897623,13510.5,1375.9812734082398,1048.1048689138577,-2.3210813029611597,detected,1412.5128819523536,1086.7596504773855,42.68529314347572,-23.20663013976385,48.58582028934215,34.302247529341585,-17.99022462470331,38.73360772780535,42.19375001451971,38.90546185638098,225.57248262667085,-13.531400751942135,-11.164315439694077,37.08976177295442
799,13.329983333333333,1413.2060666371813,1085.687048503612,13566.0,1377.3805970149253,1047.160447761194,-2.319881530278695,detected,1413.1249268511367,1086.5226065402508,37.05706845728393,-18.680372815229894,41.499188560305704,34.24569025927875,-17.747952287019217,38.57145462277473,42.14201018354202,38.70961146108281,225.34569340606998,-13.696229225728178,-11.443629871799024,36.83477225495007
800,13.346666666666668,1413.4907052117871,1086.395671124688,13421.5,1377.27304964539,1047.6666666666667,-2.32269853995379,detected,1413.7262614127442,1086.3157912394404,35.527302430747454,-5.877772101043306,36.01024052790535,34.251486538545144,-17.554722623091976,38.488084084218016,42.22215865018821,38.50915877490838,225.05798240078093,-13.552878144633272,-11.769317430597182,36.644450926322776
801,13.36335,1414.3914942949539,1085.4909268411739,13657.5,1373.5491803278687,1050.5204918032787,-2.433492563864251,detected,1414.3317802643305,1086.100848652144,43.10035709852979,-34.98940121479374,55.514853682510925,34.112536815100825,-17.27706101156292,38.23822701379964,41.969964534159345,38.30506545799413,224.541606177282,-13.282508890773208,-12.194815977375232,36.2415296095078
802,13.380033333333333,1414.928820460308,1085.2281914374878,13672.0,1372.8137651821862,1051.6356275303644,-2.468293681723745,detected,1414.934165106432,1085.9018434084112,29.942668902279177,-5.45407625188752,30.43534735719177,34.02139231493551,-17.202192097731842,38.123097303524816,42.41081446586479,38.09894180200161,224.0517253876018,-13.168279172906395,-12.490782965233928,36.01875745954381
803,13.396716666666666,1415.3905813473266,1085.3089424969025,13721.0,1370.867924528302,1054.0264150943397,-2.5291101887340033,detected,1415.5237663527703,1085.7167905953017,38.09001217454529,10.852909230814495,39.605992807014786,33.870880608958615,-17.256493313172033,38.013459651732305,42.573777881267574,37.8931582841638,223.55424055827118,-12.682654758522371,-12.65655503505885,35.844591354044006
804,13.413400000000001,1416.1997571998654,1085.590316842156,13866.0,1376.4542124542124,1049.1684981684982,-2.399803966088938,detected,1416.1052405735895,1085.5187921510458,48.76130717878038,1.4689844737450537,48.78342949370701,33.724117333991174,-17.299784135787775,37.90248832334967,42.43143305216899,37.690896407568474,223.30710676803025,-11.663148966742837,-12.674553861053186,35.72050259339753
805,13.430083333333334,1417.017583630192,1085.3579576121765,13895.5,1377.4889705882354,1048.4301470588234,-2.3901981735459468,detected,1416.6809175733301,1085.314977787002,36.855649056247714,14.4673018643199,39.59345514842885,33.58411388761802,-17.45337049531524,37.848551455283435,42.31877226023275,37.496128997273324,223.15715669329725,-10.137860357252727,-12.560812174151064,35.703485051027386
806,13.446766666666667,1417.4295073567089,1086.0730424810288,13661.0,1377.9137254901962,1047.8392156862744,-2.3726812473731322,detected,1417.246730335639,1085.0910399046236,35.481045682657864,-19.53862915093645,40.50509389981312,33.472791890035914,-17.5362908262422,37.78821632276655,42.055556688781486,37.313524377963724,222.8450409017152,-9.714889654375352,-12.617109631008898,35.619627137510896
807,13.46345,1418.20146785447,1084.7060186861736,13807.0,1379.7692307692307,1046.1052631578948,-2.3540068798126965,detected,1417.8222888182565,1084.8683442545016,47.51300203135177,-40.61819151923634,62.5085821653683,33.343868261862895,-17.708504048393607,37.75453173191849,42.22080898181906,37.14827405584996,222.55623585736532,-9.123911988766467,-12.585055773941763,35.5952389718515
808,13.480133333333333,1419.0148578578217,1084.7177488240036,13853.5,1380.9914529914531,1045.3034188034187,-2.3382345692141264,detected,1418.3854537301825,1084.6473665398375,35.59218530951895,-8.93128345948783,36.695660224893864,33.16576931492897,-17.945840650800793,37.709699692718566,42.33257996587712,37.005849676756554,222.46918021032772,-9.348825938164422,-12.347503748365902,35.63089392786979
809,13.496816666666668,1419.3890604376309,1084.4080115280753,13763.5,1379.7179487179487,1046.1666666666667,-2.374543371215388,detected,1418.95561967668,1084.4184539330881,24.000231888412024,-17.464362873941717,29.681898545919584,32.999955688091546,-18.266776770046224,37.71832722938156,42.260295856758184,36.89170195999865,222.36441117701665,-9.056435649932125,-12.0738603354296,35.73365508289413
810,13.5135,1419.815665595165,1084.135021249443,13843.5,1374.701244813278,1051.4937759336099,-2.515254370969868,detected,1419.50581985382,1084.1678382113214,24.874090546056102,10.67230746840622,27.066926814723477,32.80758190881125,-18.646939892016785,37.736531346161726,42.07551446774092,36.81092151854715,222.29449240150302,-8.809181713114867,-11.719331990656691,35.87064336937124
811,13.530183333333333,1420.2190259255176,1084.7641108539378,13609.5,1375.6926229508197,1050.4467213114754,-2.48496208371003,detected,1420.0470502955186,1083.883939648367,29.24918022459464,11.891971040230683,31.574254053461075,32.54701177800589,-19.00897613003082,37.69149969409197,41.496684851507,36.767887973693036,222.21795001080085,-7.957389327995169,-11.330993799049757,35.94798643478702
812,13.546866666666666,1420.7916132419923,1084.531816683152,13648.5,1377.0559701492537,1048.7537313432836,-2.45594015612293,detected,1420.609166974979,1083.6001343694106,28.805920766375106,-12.20931690957579,31.286554469885846,32.38979078933601,-19.33051709941335,37.71958958827187,41.152886437658815,36.76593812629855,222.18570209716052,-6.965197515116142,-11.018802067283712,36.07427670390207
813,13.563550000000001,1421.1801834817556,1084.3567266463883,13643.5,1379.2693602693603,1046.8215488215487,-2.4112158745086836,detected,1421.160584642572,1083.2905511051863,32.05875055800743,-37.911793235221495,49.64944666006589,32.21393786848872,-19.796193155384362,37.81040936620679,41.095199494213425,36.80708479192325,221.9769968903084,-5.73260054984989,-10.707942026372994,36.26247418475432
814,13.580233333333334,1421.8613068856112,1083.2668265155369,13763.0,1381.137323943662,1045.281690140845,-2.3909775237486968,detected,1421.695268665237,1082.960368143319,26.697864006092473,-22.498387224028168,34.91351271599754,31.94739398904041,-20.21069393762376,37.803546554936844,41.091303680871505,36.89181453123998,221.91071875181544,-4.503274193891191,-10.2746490470115,36.380485415838294
815,13.596916666666667,1422.071002210759,1083.6060304593466,13570.0,1380.645390070922,1045.5425531914893,-2.3984661034517396,detected,1422.2228344923408,1082.6034086817015,20.578305482776393,2.0941574585176257,20.684587305613086,31.65736560038966,-20.523570067082808,37.72804957926121,41.39001914984453,37.01898513098029,221.8604125691832,-4.3668665418562025,-9.881794292108903,36.41093059266181
816,13.6136,1422.5479363452198,1083.3367015694027,13657.0,1383.1254480286739,1043.4587813620071,-2.35045143171146,detected,1422.7215840870672,1082.2489632930383,32.09448793221192,-44.404493591415054,54.78882373934412,31.4268685101742,-20.971870913794657,37.7818400025812,41.77109354582498,37.1858333593917,221.7679075243361,-3.7903987018010445,-9.470031567374015,36.57575612470075
817,13.630283333333333,1423.1418882914304,1082.1244005231797,13762.0,1382.6014760147602,1043.7859778597785,-2.3841033439720087,detected,1423.2209338313614,1081.877858899895,40.43060260401843,-68.52246714367686,79.56105913309813,31.233350947466242,-21.411742658028274,37.867993544168904,41.58429045031003,37.3880917887858,221.85329668168382,-2.63974772113965,-8.977875066004223,36.78834998148786
818,13.646966666666668,1423.8969707854405,1081.050335249042,13920.0,1383.0839416058393,1043.1131386861314,-2.392696674331311,detected,1423.7162411366342,1081.4903997130366,19.146986107185313,3.0095876166621283,19.382071473687052,31.099727080936304,-21.852673861374438,38.00963534947844,41.76892220170108,37.62020219643924,221.91339764838708,-1.0821940559714132,-8.545298772237429,37.0366068679829
819,13.66365,1423.7807593945402,1082.224820429989,13620.5,1382.9591078066915,1043.4312267657992,-2.381662218498036,detected,1424.2056844962729,1081.1271555178068,24.83161705910973,-22.843991983483498,33.74103103806592,30.951764651563543,-22.201674226777953,38.091023529405916,41.680473455426075,37.87560413666052,222.21470516353133,-0.8208905260031424,-8.006330283548957,37.240095984147004
820,13.680333333333333,1424.7255190746462,1080.2881073831932,13919.0,1383.7692307692307,1042.6227106227107,-2.3980273718258123,detected,1424.6943772346792,1080.7041516365664,40.75842646747029,-75.60659836827425,85.8929976478043,30.87481125783847,-22.667573169299953,38.30238691769374,41.54696129280805,38.147072051359885,222.463496025079,-0.45920371098753554,-7.473243677618518,37.566254438360644
821,13.697016666666666,1425.140732224338,1079.7020802644342,13916.5,1384.124,1042.028,-2.3986472687022324,detected,1425.1726799569428,1080.2791448691842,28.41106965402591,-32.94680489416423,43.504951805743175,30.698868490408902,-22.891935015547396,38.29440188000676,41.82904753613559,38.42707293786224,222.5938254492145,0.1463407465274464,-7.106402165908888,37.62924744934226
822,13.713700000000001,1425.6735017654355,1079.1887823265579,13972.0,1383.591093117409,1042.51012145749,-2.4246965147989736,detected,1425.6490087151972,1079.8505153874394,22.794004001515766,0.23228998599904854,22.795187585512696,30.59869970797512,-23.360476340569384,38.49665282433187,42.2446698840997,38.708118487975945,222.57718282807008,0.9296819062524003,-6.726564043559954,37.90442737788061
823,13.730383333333334,1425.9012921578553,1079.709831006967,13827.0,1381.988416988417,1043.4054054054054,-2.450759581502216,detected,1426.1180043161219,1079.430855609273,34.207247431268215,-9.975733743039136,35.632163006699656,30.494576661127084,-23.676081265312774,38.606683745474065,42.032743537223325,38.9830898936425,222.67070683964903,2.0269030837525466,-6.3742140816516155,38.07683580163044
824,13.747066666666667,1426.8148835880588,1078.8559253439985,14002.0,1384.58984375,1041.64453125,-2.4192260744558776,detected,1426.5976879192372,1078.928868172443,25.961257406429414,-18.76984495445733,32.03582316309749,30.44875895987723,-23.9429589778886,38.73489649932681,41.90139682619119,39.24551905083803,222.95104627976505,2.404466792594476,-5.9724554596742045,38.27168643521955
825,13.76375,1426.7675327799832,1079.0835438469867,13855.0,1387.7410071942445,1039.269784172662,-2.346209646477453,detected,1427.0668320496688,1078.4535507341313,18.916975726337146,-27.948082356865218,33.748292965081205,30.36795152793315,-24.06587171091499,38.74762781395934,41.967684491961116,39.48981529985364,223.2209180008121,2.9093680491102005,-5.649066342812745,38.333623761178856
826,13.780433333333333,1427.446080011461,1077.9233909960244,13960.5,1388.2007874015749,1039.0669291338584,-2.3611729639529795,detected,1427.5421816926541,1077.9486330502423,34.6112161581256,-64.81404049076878,73.47650052012214,30.358772993150556,-24.243191664786526,38.85083576636701,41.98796523964475,39.711431177033326,223.37143635724857,2.0824011972655465,-5.419900851996573,38.470925573733595
827,13.797116666666668,1427.9223936924593,1076.9209153626114,13867.0,1390.2519379844962,1037.5736434108528,-2.3344261074281927,detected,1428.006452852887,1077.4545978791352,32.11611556157191,-34.162202140063584,46.888174775979564,30.40978395892756,-24.493620505915395,39.047309842247095,42.34471009366498,39.90696389361044,223.26959017811285,1.7598373044528843,-5.353767306693573,38.67854161602045
828,13.8138,1428.517687734032,1076.7835121846176,13931.5,1389.2560975609756,1038.3902439024391,-2.367375834428489,detected,1428.4668074498697,1076.9342720041261,34.96943282813503,-24.73630195221436,42.83393358766589,30.46846320151558,-24.51700141096383,39.10767965562916,42.46285749592467,40.07419193131012,223.1562769271402,0.2260482132970573,-5.457064573236128,38.72507010052845
829,13.830483333333333,1429.089207101158,1076.0955474208058,13932.0,1390.4693877551022,1037.2857142857142,-2.353740476755448,detected,1428.9307971025696,1076.4526290349015,38.84138854117056,-16.38718367750024,42.15676995081936,30.610669261629855,-24.54610907951352,39.236775397428715,42.54320579417854,40.212048729879584,223.2458528801387,-0.2943270399384251,-5.480158609298723,38.852186620642044
830,13.847166666666666,1429.8136953983558,1076.236726489245,13846.5,1390.5115384615385,1037.4346153846154,-2.36259668834009,detected,1429.4001590120056,1075.945106989788,29.23013431208111,-18.07469731745498,34.367069049017196,30.848467232102163,-24.401222066332288,39.33252558507453,42.70499123903215,40.32053803495236,223.1681121343452,0.16270739299480652,-5.805430456872525,38.901729346019565
831,13.863850000000001,1430.0645192493712,1075.4924550203134,13784.0,1391.514598540146,1036.8211678832117,-2.354622819257246,detected,1429.8726179674445,1075.5003999605754,21.923247823603408,-44.16999355074237,49.311429967176515,31.079455258019653,-24.206044114681934,39.393719179802936,42.67174037007508,40.40059786803891,223.3127270937117,-0.14335448277780954,-6.009183594627974,38.93269607082493
832,13.880533333333334,1430.5452011007367,1074.7629210377686,13869.5,1387.6144578313254,1039.9116465863453,-2.4596965274131763,detected,1430.361371870899,1075.002246007926,25.026051498089625,-42.517032271724666,49.335598575267234,31.35035481856252,-24.01224920986541,39.48965509302972,42.11382074056925,40.453922115579026,223.37290293896666,0.319756969941198,-6.2982947931239615,38.98415501284279
833,13.897216666666667,1430.8995551676908,1074.0738033768469,13750.5,1389.7590361445782,1038.4176706827309,-2.42748784931211,detected,1430.8700474291875,1074.5253312169602,30.366010213396024,-33.56633202804085,45.26359709630635,31.665828809236228,-23.771762733070013,39.595724739083025,42.18893504195031,40.48275050597894,223.50931283186054,0.7938087190162171,-6.599833251891621,39.0418188441632
834,13.9139,1431.5584136415237,1073.6429244257663,13801.0,1390.0115384615385,1038.55,-2.4402077464099787,detected,1431.384742979171,1074.0584452759535,29.11004584259533,-12.606407792141502,31.722488653631316,31.965145400479013,-23.518962335414095,39.68516233818871,42.386613509850484,40.48963943163583,223.5459415113911,1.2359633256110245,-6.965987417784632,39.069004710942636
835,13.930583333333333,1431.870860363972,1073.6531695701824,13719.0,1391.946996466431,1037.077738515901,-2.3999373364704324,detected,1431.9101725640082,1073.608115408167,21.356737104394924,-12.82100069852481,24.909602137686033,32.23559391053702,-23.27364001839157,39.75922326292013,42.62415980185901,40.47722764007387,223.42761532141708,-0.08563438640057501,-7.411712338561522,39.06228813934412
836,13.947266666666668,1432.2710167695736,1073.2151303691255,13685.5,1392.73851590106,1036.756183745583,-2.396618511544795,detected,1432.4420724312693,1073.200638900881,27.822661095165305,-33.18844862038444,43.307892955491646,32.485435652330935,-22.875534951165598,39.73151933696637,42.656803676074226,40.4480119017229,223.3248832291645,-1.2371769745130945,-7.936646733069679,38.93074963904737
837,13.96395,1432.799209822514,1072.5457816678822,13710.0,1396.6501766784452,1033.7703180212013,-2.3211544750533464,detected,1432.9889510580113,1072.8103035509685,26.398872605813928,-23.952224873129023,35.645610546474494,32.72023510787286,-22.434327728550223,39.67257045045699,43.06552062822654,40.40414787001488,223.07563857945595,-1.3284239703648872,-8.578763531068905,38.73393424924036
838,13.980633333333333,1433.1518591521876,1072.4159244658588,13698.0,1395.720394736842,1034.3980263157896,-2.3484220994669,detected,1433.5376484106603,1072.4658938870825,22.026669467313248,1.9748140322611412,22.11501883979042,32.946421286650356,-22.074517484830487,39.65792477910984,43.108012461615544,40.34729018878432,222.98680428725905,-1.4828452672520358,-9.049595264571343,38.611602185521676
839,13.997316666666666,1433.5341663604067,1072.6116746294254,13605.0,1393.3523489932886,1036.5469798657718,-2.4101396215646904,detected,1434.1054024994921,1072.1096340363208,42.31810559142947,-26.69259186204245,50.03315421958673,33.166119298887594,-21.80515026273035,39.69201490638002,42.87153490922174,40.27848348216463,222.97038496343373,-1.6771123411796791,-9.405020399872685,38.56166021589672
840,14.014000000000001,1434.5638732754217,1071.5252816507286,13699.0,1396.429149797571,1034.3927125506073,-2.369508309907147,detected,1434.6764524836572,1071.7620978094521,46.1649350287556,-42.8648410987595,62.996792209057176,33.30686780447833,-21.285372073512615,39.527389330094465,43.08111909052835,40.198112351087296,223.05679877960125,-2.5931008916297467,-9.804557087916091,38.29210320108652
841,14.030683333333334,1435.0745363591996,1071.1814177647634,13660.0,1396.5501858736059,1034.3122676579926,-2.378145116115792,detected,1435.2509846964288,1071.4599649899094,36.03450502049673,-21.67262140740892,42.04982842701125,33.43819336082053,-20.85893327184519,39.41075833417713,42.94860424319179,40.10591420201356,223.02959469893852,-2.1535081461722436,-10.209727876608333,38.065329752420624
842,14.047366666666667,1435.766224592939,1070.8021385164348,13685.5,1399.1729957805908,1032.4894514767932,-2.3332436151762015,detected,1435.8349461939747,1071.1411196898528,35.36309979982742,-32.752254434091206,48.20019707395397,33.56486315543583,-20.52462236072769,39.3428540105267,42.311359132128814,40.00105419756004,222.9455156261301,-1.940021185684879,-10.58606550363637,37.89189067394681
843,14.06405,1436.2544851225205,1070.0885842084792,13712.0,1394.3654618473895,1036.7469879518071,-2.469325695125177,detected,1436.4324763692935,1070.8336623840848,35.8418476325978,-22.86688661368518,42.51508608860496,33.71838376589224,-20.413479808549482,39.41623474760169,42.67380200498443,39.88225744802455,222.80406069846197,-1.5377346666139986,-10.867738584730528,37.888412737036134
844,14.080733333333333,1436.9621475756132,1070.0391467330915,13649.5,1395.8326530612244,1035.873469387755,-2.4484190315833367,detected,1437.0256225156181,1070.5708335935624,29.852458981338085,6.240277409674504,30.49771088757592,33.71175610786873,-20.002612318877667,39.19932396682041,42.23590074291091,39.747990036681585,222.8143387830673,-1.6575470292468395,-11.135315738593752,37.58446145493597
845,14.097416666666668,1437.250562170531,1070.2968014647154,13563.5,1398.0805084745762,1034.2118644067796,-2.397167056036177,detected,1437.6416951973188,1070.2710475230315,30.429101734310137,-32.59533335681948,44.591321902352085,33.71585056092036,-19.820194071542804,39.110084020364035,41.44002624145495,39.59667754459589,222.7223311133312,-1.5553196434284948,-11.322424796252605,37.43529576233021
846,14.1141,1437.977465270148,1068.9515491100856,13653.0,1401.436,1031.004,-2.337320339649212,detected,1438.244880385634,1069.9840026635648,38.94104411829784,-48.36564021159122,62.09380057703272,33.75221761797282,-19.742356373430244,39.10208216075605,41.52310484376425,39.42694735064262,222.55638285609987,-1.0546435906258989,-11.510233879534487,37.36960456500621
847,14.130783333333333,1438.5498950092783,1068.6830012696553,13652.0,1402.0944881889764,1030.964566929134,-2.339168198310953,detected,1438.8542521582929,1069.6901579290252,32.18143997917815,20.584074447222765,38.201429292400235,33.76271721540938,-19.66259394411803,39.070944119370445,41.62157858018031,39.23787922263722,222.46560655737468,-1.3641044709194392,-11.631022543480334,37.29957089528002
848,14.147466666666666,1439.0512526507866,1069.638371060808,13518.0,1398.28880866426,1034.2563176895308,-2.426737510306075,detected,1439.4679805820053,1069.43758792368,31.270105779947844,15.862170693086393,35.06319971973089,33.65093994499948,-19.49389372093507,38.88955710194028,41.43450983667066,39.029247759943345,222.29563170318565,-1.8273634571380069,-11.772473052332215,37.064896193260616
849,14.164150000000001,1439.5932742054692,1069.2122690317813,13530.0,1399.6819787985867,1033.6042402826856,-2.4131152612759674,detected,1440.0888639357809,1069.1655522228607,35.342713723540605,-17.091212478108016,39.25833615063151,33.60464583922202,-19.343412305164996,38.77421593774851,41.36482564501855,38.80174012512624,222.06781817586787,-1.5072812724674305,-11.98621067909714,36.875067120528044
850,14.180833333333334,1440.2305211986954,1069.0680942711217,13542.5,1398.5338078291816,1035.2277580071175,-2.459828812211499,detected,1440.7069927200266,1068.9332912746283,46.87885029612983,-31.55307330671094,56.50861031900914,33.373407933968025,-19.175815567673894,38.490209921647406,41.604212950855135,38.55713298779763,222.01341254641028,-0.6800969572362805,-11.96158649398245,36.5843779277366
851,14.197516666666667,1441.1574651770168,1068.1594481524473,13784.0,1403.1746031746031,1030.8174603174602,-2.364702422243049,detected,1441.3237640778043,1068.6888216487464,47.6835860622332,-4.7120952745939535,47.915845204183256,33.151113246991805,-19.165683719587676,38.292554654320774,41.070396484473854,38.29841351192861,221.85156211521297,0.6145572013114388,-11.906061074067095,36.39457997634714
852,14.2142,1441.8215635203053,1068.9108673587928,13629.5,1400.3217391304347,1033.9173913043478,-2.4410480042030684,detected,1441.9302674260962,1068.4309108410475,44.70067724931588,-7.910439011489919,45.3952155177394,32.921579189378555,-19.292448859960423,38.15794752521041,41.08716387743676,38.029830738774336,221.92581536228664,1.41613941357362,-11.603408880667697,36.35092655882039
853,14.230883333333333,1442.648977774569,1067.895503170764,13850.5,1400.8158844765344,1033.3682310469314,-2.4515797169512474,detected,1442.531911793182,1068.1829013205427,51.81126451386465,-9.74902966266324,52.72049610814695,32.69387397378816,-19.424998053809055,38.02919858220034,41.186718472319384,37.75686625917125,221.90995798384947,2.2532015152613507,-11.355474043274402,36.29425786618249
854,14.247566666666668,1443.550332712918,1068.5855747357152,13700.5,1404.9957983193276,1029.357142857143,-2.347530888677382,detected,1443.1168337177521,1067.916610681626,45.89631768891098,-12.319413381242105,47.52094194625534,32.524597106902675,-19.594713379393536,37.97107069055238,40.9852160028596,37.48611687465916,221.9805304824285,3.056254844258677,-11.071406423550828,36.32115319192775
855,14.26425,1444.1803849081223,1067.4844454109432,13795.5,1401.7560975609756,1032.6933797909408,-2.4547306082867086,detected,1443.7149533919635,1067.6590719235926,36.33681401734892,-13.818967957556017,38.875801320916395,32.31671812280211,-19.680137068979754,37.83752192311856,40.890902677790876,37.22508705974671,222.16280773653216,3.265848080419668,-10.744372641568846,36.27997411550322
856,14.280933333333333,1444.7627710739634,1068.124481838198,13549.5,1404.5438596491229,1030.2456140350878,-2.3861485265221214,detected,1444.292192737506,1067.3864657668305,34.33015966639313,7.642358067388412,35.17052031958331,32.089792361548305,-19.827630862231985,37.72121047124838,41.1937157281007,36.98189546574623,222.30581639272765,3.8940021439369805,-10.386683384265895,36.26301873384555
857,14.297616666666666,1445.3258679023243,1067.739445425125,13596.0,1404.2789855072465,1030.336956521739,-2.4026164712167613,detected,1444.856937366024,1067.1225099526355,34.75098461660071,-20.55751735780803,40.37626099256589,31.86893113743694,-20.174422130257486,37.7178482966953,40.65788561528097,36.76490733396221,222.3075073295647,3.4069139503706602,-9.988848349881584,36.371128505664885
858,14.314300000000001,1445.922295594004,1067.438546009026,13553.5,1406.0977443609022,1028.796992481203,-2.3712698923478306,detected,1445.421044816298,1066.7995347902238,31.796373341108247,-23.212956788521257,39.368143473027715,31.549681257751345,-20.38733770365028,37.56362503950314,40.236087974306436,36.58231301112649,222.2256768372513,3.836793658187797,-9.661287712655849,36.299937270492244
859,14.330983333333334,1446.386806892806,1066.9649064336147,13502.0,1404.2517482517483,1030.944055944056,-2.4342663939412166,detected,1445.9714839427934,1066.490040346059,30.302530329819387,-24.082460484057556,38.706695123141394,31.283225624386564,-20.746595314116348,37.53746691765429,40.95210988867446,36.44168082155745,222.2958419013999,3.259742635532578,-9.177969694188002,36.3981633449623
860,14.347666666666667,1446.9333900226757,1066.6349945775412,13524.0,1404.2925170068027,1030.765306122449,-2.442227124357404,detected,1446.5054879183756,1066.1858434778708,28.794096704447973,-16.474260514739882,33.17380389000663,30.98033182104036,-21.088666689350745,37.47683047532565,41.528051728377555,36.349519047282925,222.33166756476498,3.488127062346455,-8.70093392105959,36.45279922554168
861,14.36435,1447.347569919511,1066.4152152744396,13521.5,1408.5454545454545,1026.703557312253,-2.3446105111564046,detected,1447.0165637415,1065.873047850453,31.68553467459604,-40.362373239546265,51.31368512534905,30.69562692315673,-21.48070503767679,37.46521321334362,41.8527935585462,36.31088519696863,222.32387084359678,4.039172155538646,-8.231430036070769,36.54977100725214
862,14.381033333333333,1447.990630696318,1065.2882367237817,13715.0,1407.6374045801526,1027.881679389313,-2.3940708756321074,detected,1447.5082580368558,1065.5393043375432,30.16362032896948,-42.02747805342065,51.73154649612725,30.454564974871897,-21.943678963467395,37.53672300908026,42.13184814672889,36.32907966894278,222.63218853000907,4.435101060942546,-7.5437110522713,36.770885192231304
863,14.397716666666668,1448.3540293844876,1065.0128984233904,13658.0,1406.9850746268658,1028.55223880597,-2.4191757044811744,detected,1447.9834164403378,1065.19447729179,21.308599793413137,9.489526128529267,23.326112648700942,30.191394627993436,-22.366831781779943,37.573866896257464,42.50284340891013,36.40545451423676,222.92985861147682,4.48443640390227,-6.871672840186969,36.940162234553185
864,14.4144,1448.7016276427582,1065.604870578937,13496.0,1403.609375,1031.8046875,-2.4983613596435563,detected,1448.4356353573453,1064.8360186968562,26.859402443393147,-15.386219570282227,30.95421218963729,29.94379609346742,-22.61771543503061,37.525884080021044,42.63671140186349,36.53935662491917,223.16496061728083,3.724615188499464,-6.367813711740034,36.981656595125
865,14.431083333333333,1449.2502381126822,1064.4995115637287,13649.0,1408.8383458646617,1026.8345864661653,-2.3913628622424503,detected,1448.8854054568471,1064.4636251694178,30.29339768635192,-37.61349054325496,48.2955962198522,29.81913487300309,-23.083286958922933,37.70966641860321,42.283489046597374,36.7282098688993,223.50739843463066,3.014721941137356,-5.735737368633341,37.27090364131776
866,14.447766666666666,1449.7124173455595,1064.3498337778103,13686.5,1409.1847389558234,1026.0843373493976,-2.384896985201656,detected,1449.3331857159012,1064.055909546296,28.94079318210898,-38.71439129122839,48.33604869101266,29.67061857604434,-23.450040853187073,37.8186464948344,42.30534282279039,36.96772488788886,223.84714003853307,2.04146820022047,-5.153463468169875,37.46587563348132
867,14.464450000000001,1450.2158959118585,1063.2077413743114,13796.0,1411.2448979591836,1024.0285714285715,-2.3535307531038434,detected,1449.766088287687,1063.6253151440808,18.886098178322403,-31.981659447176074,37.14177224361244,29.622566834730765,-23.77795879849882,37.98536284545928,42.49511820016354,37.252211328333416,224.17719028591486,1.812150936306504,-4.674576871628691,37.69663276172598
868,14.481133333333334,1450.3425834881095,1063.2827124075895,13729.5,1408.145038167939,1026.56106870229,-2.425469645894254,detected,1450.1924180008543,1063.181528137936,9.660793383312926,-7.586996351702881,12.283869196463126,29.583010772585183,-24.223072732286884,38.23495493608632,42.61872013621168,37.57495778839382,224.23778638830007,0.4236014543611325,-4.295837998074955,37.992861893503715
869,14.497816666666667,1450.538244384415,1062.9545885960429,13697.0,1410.321138211382,1024.9024390243903,-2.383847809504435,detected,1450.6191521565688,1062.7236281398782,31.7241773945948,-34.53594342072183,46.89514707646218,29.588745656972026,-24.58472512901824,38.46950193623986,42.9992912845661,37.92864108525485,224.19935572288782,-0.34482693053322616,-4.0733033540343015,38.253245339557466
870,14.5145,1451.4011135405092,1062.1303630954515,13949.5,1413.0925925925926,1022.1814814814815,-2.335236466601768,detected,1451.0304790076884,1062.2779309174568,36.73920968114569,-30.22726473638293,47.57580331889907,29.59453802803737,-24.88143423676007,38.664227016341165,43.10611755936715,38.305728182576225,224.29724247815238,-1.0396853633435998,-3.8048736273630084,38.476556335656696
871,14.531183333333333,1451.7641093474426,1061.946005529339,13986.0,1410.5254901960784,1024.3058823529411,-2.401783485877247,detected,1451.4443618501778,1061.781282909276,11.38347506815586,-25.16551268181265,27.620400669899766,29.64743717783364,-25.29100147220993,38.969286453320095,42.74016555646197,38.6988397426437,224.44847379252067,-1.002588059896327,-3.4542592473058704,38.815890814630535
872,14.547866666666668,1451.7809421586167,1061.2906738223016,13975.0,1411.1778523489934,1023.493288590604,-2.391966055903196,detected,1451.8558231433167,1061.266067135269,17.669993573974978,-19.70303554194892,26.46579457472644,29.733224112645356,-25.660154970745207,39.27477777474311,43.22032197019165,39.101052103143026,224.62095456590532,-1.0625320041430217,-3.1391561977944598,39.1491234591696
873,14.56455,1452.3536981330276,1061.2885809100892,13962.0,1414.1526717557251,1020.969465648855,-2.329225927513862,detected,1452.2592424619288,1060.7985238092365,12.776015731316663,-25.611562002246067,28.62129777214418,29.864238294512223,-25.925067143976616,39.54721020920573,43.459592949076004,39.50612307918907,224.50721419653453,-1.236977818957305,-3.1245977816787267,39.423580811918065
874,14.581233333333333,1452.2072352168516,1060.43610137016,13830.5,1414.125,1021.1975806451612,-2.341241204872257,detected,1452.6679970790542,1060.2952652358508,8.020851697537083,-44.765377991763,45.478270951074016,29.990157311819743,-26.06576540452472,39.73453990813802,43.41075140102061,39.908635115406135,224.53178191451963,-1.9401353868362108,-3.0987836140283314,39.61352296659365
875,14.597916666666666,1452.621327218002,1059.7949094644307,13954.0,1417.4208633093526,1017.9244604316547,-2.269866106661254,detected,1453.084927103798,1059.7808080100858,27.50000030129275,-38.50823891548066,47.31949366743943,30.126451359410545,-26.097175055537623,39.858068410176436,43.61199011740855,40.30405611405821,224.33399689711229,-2.4883364629397,-3.3110485971149792,39.720304311244234
876,14.614600000000001,1453.124818560238,1059.1512097983468,13893.5,1414.4016064257028,1020.1445783132531,-2.352548296126272,detected,1453.5012038544191,1059.2755352236168,28.350244276628068,-38.37299146298973,47.70977703116171,30.419419309683803,-26.35962764465992,40.251348309137214,43.79564147401585,40.68872355929673,224.55029956902567,-3.568244787326337,-3.185732966497767,40.12508126059875
877,14.631283333333334,1453.567280368699,1058.5145306492823,13959.0,1416.6401673640166,1018.3933054393306,-2.3147622624813287,detected,1453.9333641896874,1058.7654468769033,38.62828685272857,-28.00537046615299,47.712108736914544,30.726278661922322,-26.2738437379867,40.427949059756244,43.719323544033436,41.05976166693637,224.45372111809473,-4.605075619090859,-3.5324822440769736,40.27332410384729
878,14.647966666666667,1454.4137157315574,1058.2167639371262,13964.5,1416.7628458498025,1018.604743083004,-2.330817107411048,detected,1454.3820669666034,1058.2357226062118,26.492797724921846,-18.448126589420777,32.2831489472901,31.10173408256497,-26.272252327239695,40.713009042426904,43.66450163691434,41.41494458237284,224.31538670792065,-5.834618584693974,-3.8994594602296395,40.525835231451566
879,14.66465,1454.4512567194538,1057.8989781587486,13766.0,1414.2884615384614,1020.4538461538461,-2.3911980426151187,detected,1454.8520182430652,1057.7415550572853,20.1721580668465,-21.860733438209515,29.74571612064991,31.561124142294616,-26.103868689737464,40.95749647740189,43.55734833819093,41.752521229913064,224.26805167921611,-5.818270645985446,-4.379434101157003,40.722685012778946
880,14.681333333333333,1455.0867934057212,1057.4873441314046,13860.5,1416.5902777777778,1018.5833333333334,-2.350929779161758,detected,1455.3439453720327,1057.2234176335592,36.52552441345668,-52.735328149422116,64.14926943235794,32.0297267333761,-26.004518692674523,41.2569798585937,43.57333272821665,42.0710191235752,224.0355402591891,-6.815533416578053,-4.950595036981703,40.95888176979712
881,14.698016666666668,1455.6699917173828,1056.1393760428296,13884.5,1416.7093425605535,1018.5363321799308,-2.373924343390973,detected,1455.8534859135227,1056.7448124261705,17.702898599488453,-14.808451270685987,23.079923047099868,32.51748418130726,-25.753925884517574,41.48073620304722,43.56776007857452,42.36904507061952,223.87481125405202,-7.100508717529681,-5.590760261960462,41.10224903384335
882,14.7147,1455.6774801223241,1056.993235474006,13625.0,1419.7709923664122,1016.3893129770993,-2.2948754388787065,detected,1456.388462849327,1056.2692655361766,21.375959190847695,-12.16583795239985,24.59551268855436,32.980114327776036,-25.458780722896602,41.663382687555625,43.32227064677713,42.64510018219935,223.737854950712,-7.860548105310231,-6.2272991676675105,41.195366269109414
883,14.731383333333333,1456.383236222384,1055.7334425831511,13730.0,1416.828125,1019.1953125,-2.3958222110919216,detected,1456.9460451001376,1055.7848131398077,34.95789409303111,-56.931503072685075,66.8075624576644,33.439426606641135,-25.0194187992029,41.76322028808179,43.37115041930583,42.89742501238357,223.63286568957878,-8.322395204110085,-6.938389710058605,41.18282793910831
884,14.748066666666666,1456.843908521895,1055.0936209881474,13766.5,1419.734219269103,1016.7740863787376,-2.340156387710827,detected,1457.5208631927662,1055.3452816104923,36.21266061387117,-38.878272202308125,53.13075228313807,33.88004981801814,-24.75287263076142,41.95905717656307,43.204852664689376,43.12388799760391,223.1979954749381,-8.283230125400328,-7.754428769410467,41.23628637021317
885,14.764750000000001,1457.5915319982003,1054.4362042340008,13706.5,1421.9211618257261,1014.7344398340249,-2.3027588738916043,detected,1458.1223658912463,1054.8867174012414,46.44621518399981,-36.739437021848545,59.2202426337548,34.274584001633684,-24.302963459063925,42.01643894212883,42.978981600940166,43.32192678211495,222.86292147234252,-8.937326043218059,-8.590686726089025,41.128837121317176
886,14.781433333333334,1458.3936639018677,1053.8677484395184,13804.5,1419.1423841059602,1017.6158940397352,-2.3958994518518875,detected,1458.7413678494495,1054.4512014583674,40.47794336930291,-28.17672815898187,49.31928536742656,34.61959178410442,-23.823560886817347,42.024733058354144,42.54763186758121,43.48854792784536,222.71244807364067,-8.850325523107658,-9.277360285166452,40.98791010487287
887,14.798116666666667,1458.942146041956,1053.4960407377628,13681.0,1419.3016949152543,1018.0372881355933,-2.4118193773231553,detected,1459.379136957879,1054.0052674002259,39.88775906592635,-5.705779723192627,40.29378668667151,34.97400295255167,-23.431457954329943,42.09767338453071,42.549412915343716,43.62038644923536,222.43275967338107,-8.951698722023005,-10.003472353523433,40.89186527003773
888,14.8148,1459.7245854627008,1053.6773655894212,13599.5,1418.3531468531469,1019.1678321678321,-2.446379047705346,detected,1460.0264479510602,1053.6018083363635,49.1085581703745,-28.12617302254636,56.59268587430067,35.29675387142748,-23.150007322970424,42.21117947787902,42.671431423844965,43.713822837588914,222.17796995626895,-9.66650936783666,-10.613370383371015,40.85511035377456
889,14.831483333333333,1460.5807349329075,1052.5575640979105,13774.5,1418.0794223826715,1019.7545126353791,-2.484276964675312,detected,1460.6941416648199,1053.2213636052554,37.33472322437819,-26.3361677670301,45.68889680101807,35.51690149667429,-22.605233049518517,42.100437683562255,42.641195530441074,43.76515177691349,221.66112774601646,-10.62784682063389,-11.50806539940211,40.49705278054926
890,14.848166666666668,1460.970320727621,1052.7986154582613,13578.5,1417.4406130268198,1021.0459770114942,-2.51137538934513,detected,1461.3729593599867,1052.862594285423,42.931140814426584,4.038411277084019,43.120663460468734,35.72982453857993,-22.29543768401746,42.11539983283567,42.884946300058274,43.77079371402478,221.39112489742814,-11.094250356565857,-12.063349884538264,40.35074339640876
891,14.86485,1462.0132039980822,1052.6923124208558,13556.5,1419.5615384615385,1019.3115384615385,-2.475246390676963,detected,1462.0651788862192,1052.5314839384914,50.52282702511572,-27.45179165460511,57.49919056523848,35.89349109521498,-21.985540067303866,42.09164614330617,42.718062860915985,43.727538062528865,220.9751239267393,-10.72399928655217,-12.682776304582369,40.135443940004265
892,14.881533333333334,1462.6560990560256,1051.8826406767193,13595.0,1420.536231884058,1018.8985507246377,-2.477241550754227,detected,1462.7675882450442,1052.1919746187968,39.391174806511096,-28.417139613751754,48.57158095496351,36.02902005194544,-21.811001389101435,42.11662459764399,42.67035309139675,43.632805238620996,220.7756204565884,-10.81537601777864,-13.039073810202773,40.04737971042494
893,14.898216666666666,1463.3275561974594,1051.7441271957437,13501.5,1423.03125,1016.6875,-2.425617913023093,detected,1463.4703049135248,1051.8772085633316,44.05521231721703,-21.781593530476357,49.14569715694305,36.0581174885957,-21.576927897018034,42.020847853113175,43.084571083817956,43.48491390426196,220.3310362939515,-10.941085912012248,-13.52309861410171,39.78539252247948
894,14.9149,1464.1260746403434,1051.1558615059191,13473.5,1422.4474708171206,1017.9805447470817,-2.469308011127704,detected,1464.1682950713603,1051.5767225214058,44.41705657906344,-22.57734182734935,49.825809367602865,36.00618838620294,-21.34510201196933,41.85760363427549,42.911036017899576,43.28333959223137,219.8889616070879,-10.311848034791543,-13.938489308651471,39.46869009476653
895,14.931583333333334,1464.8096053186475,1050.990796556771,13437.0,1423.9742647058824,1017.0147058823529,-2.4476260446467655,detected,1464.874497503482,1051.272630077553,42.836133958063904,-10.740639421870494,44.16215243467911,36.007674072348635,-21.185109411850966,41.777523297732536,42.3149002219407,43.02895110316214,219.55982662507336,-9.215574237442143,-14.268027608751314,39.26556813607177
896,14.948266666666667,1465.5553736434108,1050.7974821705427,13437.5,1423.9594095940959,1017.1771217712177,-2.461835285918113,detected,1465.5895460134552,1050.9656271211443,49.65594596249822,-36.671078835304336,61.72909356515491,35.906673840328935,-20.906152577816247,41.54944574699758,42.72497164515893,42.724211397448755,219.2533626041195,-9.248593216836857,-14.576146486911435,38.90877016142755
897,14.96495,1466.4664587155962,1049.7672048929664,13625.0,1427.762962962963,1013.5481481481481,-2.3893424396722645,detected,1466.27088743855,1050.6909464800187,43.57850463114752,-17.028857925398167,46.787477685063784,35.79382283240011,-20.82862713569309,41.412914185251175,43.546624883689645,42.37332988581413,218.93087178353971,-8.998927254993712,-14.755841779640711,38.69489106702831
898,14.981633333333333,1467.00944308127,1050.229285944432,13449.0,1425.208480565371,1016.6501766784452,-2.4648369938642785,detected,1466.96587432992,1050.437841784488,32.73339371778386,16.9576105493858,36.86510029591799,35.59337169730385,-20.717102243515434,41.18356995393555,44.10499145321194,41.982352981561746,218.85280645364716,-8.7833964049407,-14.722408388309155,38.46215185605905
899,14.998316666666668,1467.5586629526463,1050.333023831631,13462.5,1428.123188405797,1014.2028985507246,-2.3999080798712007,detected,1467.6351051742581,1050.1982851909136,53.635714349635236,-39.090857164849254,66.36930742201785,35.26034071579747,-20.800597852620484,40.93844767966373,44.47613241717242,41.559179632730796,218.60314476150322,-7.772003192013232,-14.577509869846295,38.255100371258976
900,15.015,1468.799088083403,1048.9249543436981,13780.5,1423.5433070866143,1019.1535433070866,-2.5597203704197904,detected,1468.2816699584039,1049.9521824043236,53.79690981390803,-18.579090164242565,56.914761677940895,34.93227710627739,-20.942358153633982,40.72893748755093,44.675959110596885,41.11348854182525,218.51018446218492,-5.986208498877743,-14.294581619492071,38.13805560314409
901,15.031683333333334,1469.3536865101037,1049.7131015231507,13732.5,1426.4736842105262,1016.5438596491229,-2.4831976370148943,detected,1468.9087332600475,1049.7003959430508,39.17627048518728,14.156691720352347,41.65563694860095,34.62126359204425,-21.16114760849518,40.576176025080656,44.726548147919765,40.656564402048296,218.31862888289695,-4.814109334730825,-14.04233721608339,38.0688695173383
902,15.048366666666666,1470.1062696419253,1049.3973159574339,13735.5,1426.8590308370044,1016.8810572687224,-2.4968964501802433,detected,1469.521378119499,1049.4340512649278,45.839719381802496,-20.053517499908175,50.03422265931112,34.28237704370052,-21.42414090260178,40.426169608076634,44.50191685024317,40.20101264095615,218.20963461987722,-3.0923207607277274,-13.685777410042183,38.039120466485
903,15.06505,1470.8832051468098,1049.0439824892371,13782.0,1428.5206611570247,1014.6074380165289,-2.4590347432854576,detected,1470.1287198981042,1049.152479767527,39.62816912911654,-14.710455124364564,42.27043030880818,33.995291027655846,-21.625746426082983,40.29085157377862,44.63541244048266,39.76035694077405,218.23746499653555,-2.009548538247126,-13.317028482846032,38.026431241010854
904,15.081733333333334,1471.4285295518669,1048.9064771047842,13645.5,1428.5321888412018,1014.9871244635193,-2.472530781758654,detected,1470.7087468887842,1048.8711724621617,36.098940390218615,-16.422718210826595,39.65903643217737,33.62091310005716,-21.84258165297635,40.09319357382914,44.878560663900714,39.34852200395889,218.1855269166639,-1.384469491538771,-12.92317798091633,37.953335055329376
905,15.098416666666667,1472.08770645783,1048.4960111249359,13663.0,1429.5204460966543,1013.9628252788104,-2.4600224751237207,detected,1471.2774690478302,1048.5799535078274,31.168244738426193,-15.696281992101678,34.89746048711865,33.25087044695832,-22.053183409208103,39.899414581677476,44.45514643372711,38.97921596816189,218.19917620646993,-0.19688154876074104,-12.49309680483252,37.89308401523503
906,15.1151,1472.468509984639,1048.3827444956478,13671.0,1428.3003802281369,1015.5551330798479,-2.5024306793939943,detected,1471.8348767361401,1048.2568747027046,26.00995771740077,11.271659898150252,28.347278834493874,32.869688717238375,-22.45147111300983,39.8055899530011,45.139407663883844,38.66524209242494,218.18869920280272,0.9542896046982736,-11.954182159060387,37.96817773365565
907,15.131783333333333,1472.9555720470007,1048.8721088435375,13475.0,1428.1868131868132,1015.6923076923076,-2.5037877851513897,detected,1472.3547880662945,1047.970872554235,30.037941111659872,-29.015363838759757,41.763252326933944,32.423363294045004,-22.716709506277606,39.589435182763445,45.71587760944371,38.417786015818926,218.50451663419304,2.128571795793933,-11.230311814337204,37.9631857810035
908,15.148466666666668,1473.4707759530647,1047.4145985222278,13579.0,1433.3527131782946,1009.4767441860465,-2.3841185965655476,detected,1472.8630176959712,1047.6484237444781,22.78831437331212,-20.359040208080255,30.55810514693495,31.988212829297797,-23.120978035096996,39.46929674204862,45.36561563300232,38.24573952432365,218.77676303161175,1.9250688917178835,-10.457371757949783,38.0587540682551
909,15.16515,1473.7159421365902,1048.1927955352612,13468.5,1430.4965034965035,1012.8531468531469,-2.4561641144287703,detected,1473.3520661488394,1047.3127357660526,17.75055144663837,13.175679978146647,22.10612176629564,31.526472728050315,-23.617069871117785,39.391426376430694,45.35361209736539,38.1551297783096,219.09569424319866,2.5317252138455024,-9.574162787981207,38.21020647522067
910,15.181833333333334,1474.0630526863342,1047.8542270441653,13457.0,1430.3058419243987,1013.0962199312714,-2.4703138129065834,detected,1473.8241228077989,1046.9497755918708,25.608190313488663,-15.96574469524646,30.177548190760046,31.116045422726216,-24.155392695500968,39.391512779062225,45.26805672989686,38.148720184199505,219.6156327290519,2.9679247351090825,-8.567608204934752,38.44850281441083
911,15.198516666666666,1474.570402086717,1047.6600718539298,13546.0,1431.36690647482,1011.6258992805756,-2.4464275206478048,detected,1474.2808847528086,1046.563956701294,30.587967688040372,-41.82781508382583,51.818817836489956,30.777720554536092,-24.740421869048273,39.488688972813414,45.28644242745382,38.2258335347437,219.93684810453018,2.8702890759564577,-7.716955424925526,38.72731795207755
912,15.2152,1475.0836712081918,1046.4585722808683,13688.5,1430.5018050541516,1012.8339350180505,-2.4953947501978657,detected,1474.7214460567357,1046.1524027255416,16.96159813308169,-23.897455104932188,29.305019565262363,30.44793990462944,-25.301591582695263,39.588477882503156,45.23061383977345,38.38242127013872,220.18739084534235,2.8671370365037556,-6.933486575213863,38.97658713849599
913,15.231883333333334,1475.1363540777575,1046.862693435262,13473.5,1432.1465798045601,1010.9315960912052,-2.445397062955475,detected,1475.153823063458,1045.7182712065148,15.98733549218349,-24.75969311308472,29.47265341284637,30.163384296905733,-25.66664768531603,39.605637927509235,44.90119629963476,38.61137017590762,220.33466541382097,2.781943786283339,-6.380084223707833,39.088375266098645
914,15.248566666666667,1475.6171153024477,1045.632423853995,13652.5,1430.9554794520548,1011.9760273972603,-2.4958002675917803,detected,1475.5805442645703,1045.2351800241684,22.84889436430796,-55.73788121849035,60.23938393109481,29.94622366637383,-26.085743819980983,39.71451047813839,45.24358022669103,38.90300724049088,220.43818799739032,2.193928279312656,-5.8723290835561635,39.277959387582555
915,15.26525,1475.8987455197132,1045.0029061319383,13764.0,1434.8154981549815,1007.9261992619927,-2.4074104456055165,detected,1475.9894209676645,1044.7870248190086,19.6779288694438,-35.007215456886655,40.15876017304037,29.72193732547934,-26.570998381547827,39.8674242129077,45.26698360197358,39.24574170432136,220.37744162468144,1.8316267538776254,-5.428751739483015,39.49607788025286
916,15.281933333333333,1476.2737021957248,1044.464349764917,13754.0,1431.5746268656717,1010.7873134328358,-2.495908347779263,detected,1476.4097545004706,1044.3040537684158,18.092380545066636,-29.731863923203473,34.80399353717033,29.548782130784126,-26.870006028695737,39.93905043181038,44.70267812843926,39.62677426332686,220.37691290049793,1.7259297593186904,-5.103505646397597,39.61163944488892
917,15.298616666666668,1476.502427950567,1044.010852939034,13729.0,1434.404761904762,1007.7823129251701,-2.430986549821276,detected,1476.8249367295841,1043.7942155639728,16.87084306438948,-27.87233299104682,32.580550825102016,29.397598213860626,-27.221960634204255,40.06562019379892,44.57572007213488,40.03280671656616,220.473687465352,1.024825639381792,-4.6931334283840584,39.789802966804594
918,15.3153,1476.83662599264,1043.5343429207824,13768.0,1436.6426116838488,1005.5773195876288,-2.384810621193542,detected,1477.2315507293044,1043.2664606656117,26.823858132321853,-27.46672232809793,38.391928846461504,29.301298765476783,-27.46566710422939,40.16128706632893,44.51903877021064,40.45069769647489,220.66108834203118,0.679833807149651,-4.331119935156828,39.92706323950419
919,15.331983333333334,1477.397450683582,1043.0943799706865,13873.0,1437.2350597609561,1004.796812749004,-2.379957855753219,detected,1477.6372013557266,1042.7190460287588,17.014396293750842,-6.9129608845810635,18.365149316914092,29.27319264620035,-27.718793293401813,40.314405729762356,44.40588010072779,40.86802665176706,220.73067841688564,0.0846993082013589,-4.096157991821695,40.1057701465753
920,15.348666666666666,1477.404339682308,1043.3036804592668,13703.0,1434.148288973384,1007.2509505703422,-2.4467722359818804,detected,1478.0462303897757,1042.169715509668,29.27969988309382,-37.67380345627069,47.71390040759357,29.26741176093198,-27.938908380527,40.4618832072782,44.601193030008076,41.27354455460159,220.79171156630804,-0.17155042299451953,-3.9052535546095015,40.272980860046
921,15.36535,1478.3744166696813,1041.8373307286956,13821.5,1436.3875432525952,1005.2837370242214,-2.425262545554278,detected,1478.455284581261,1041.6285791059076,26.516101468902573,-61.232039297692374,66.72680326273154,29.328368334539384,-28.18007407025247,40.67271522496781,44.07835031652706,41.65750310019054,220.86379931569036,-0.8006214873136119,-3.742893906537276,40.500129740233355
922,15.382033333333334,1478.2890936013205,1041.2605714147005,13732.0,1433.607594936709,1007.6075949367089,-2.496062800696255,detected,1478.8846544756423,1041.0349849197858,7.333730990009374,-55.49880922131791,55.98125967873594,29.417801883026282,-28.399247235256436,40.88917107448138,43.85481704372614,42.011863532085364,220.95035910914527,-0.2428306669260516,-3.6056039478127495,40.729889900780755
923,15.398716666666667,1478.619118827048,1039.985520461011,13709.0,1438.5955882352941,1003.0183823529412,-2.3958718755068027,detected,1479.3127004341995,1040.4463004716727,30.95946273819632,-55.62948185046549,63.66417818513827,29.538318596629246,-28.409116403991373,40.982803227347745,44.0076835225937,42.33039215503235,220.94065386680117,-0.46568065804335146,-3.6970729944367022,40.81570545323591
924,15.4154,1479.322107674685,1039.4044010369566,13822.5,1440.0107913669065,1001.953237410072,-2.3804223252727623,detected,1479.740461862194,1039.8708359019915,42.17390483246207,-38.51010594772205,57.111001645237714,29.692105403340758,-28.32456318399592,41.035375017748706,43.59743103569617,42.608653233674254,221.10985021285737,-0.4492987938194681,-3.7479917841932533,40.86385395961686
925,15.432083333333333,1480.0263214516244,1038.7005665925553,13943.0,1441.1696750902527,1001.043321299639,-2.3718688052259345,detected,1480.1921830471863,1039.255034008211,35.19473046883656,-35.78030908503986,50.18863985998264,29.986474448508,-28.34069429712019,41.25995156436619,43.45988273534934,42.84391233275042,221.0392448096684,-2.1615390633306624,-4.009784827856372,41.064646945129546
926,15.448766666666668,1480.4964385146618,1038.2105313904858,13828.5,1442.7315175097276,999.7198443579766,-2.3466772345665405,detected,1480.6468369807583,1038.6714321145405,31.868503933381287,-18.211763777739236,36.70517515076196,30.33930103280849,-28.143481095667042,41.382710343107576,43.87043758745406,43.03496481440273,220.9776856204183,-2.8457015149523994,-4.449600052674409,41.142797361297426
927,15.46545,1481.089667199535,1038.0929007411714,13762.0,1440.5503875968993,1001.4961240310078,-2.4072610782857167,detected,1481.1154666237148,1038.1150229669447,32.09662667517319,-21.84360647136797,38.82443286902499,30.76843368075515,-28.020217575896837,41.615250860323144,43.93448523926202,43.1819054453386,220.8572262212741,-3.6204397442265135,-4.941296459379796,41.32085058984322
928,15.482133333333334,1481.5673959580567,1037.4816830545578,13780.5,1441.4436363636364,1000.8727272727273,-2.401968299507752,detected,1481.6095199653146,1037.5576727469313,29.223295724590457,-29.69095557489765,41.6599790681346,31.237538890249496,-27.845711478189312,41.84695309871931,43.880427939977,43.28585597090721,220.76535503768042,-3.993629402835277,-5.476787774589578,41.48701338152121
929,15.498816666666666,1482.0647511668788,1037.102212523489,13747.5,1442.9021739130435,999.572463768116,-2.3774819114361336,detected,1482.119591382523,1037.0150477756142,28.1135403147491,-33.06599518863196,43.40197215385096,31.7298532001487,-27.621596458993213,42.06823237368612,43.77095525543275,43.34866806743193,220.64984317255318,-4.566596927773053,-6.079934521895257,41.62656088672135
930,15.5155,1482.5054510865589,1036.3783810150971,13667.0,1444.1295546558704,998.2145748987855,-2.3589654674039986,detected,1482.657905180833,1036.4707950683433,33.18465357231255,-45.862035756681095,56.608723324779994,32.22255064247271,-27.339388552417052,42.257957077061256,43.57829094104639,43.372619296268304,220.58820945118478,-5.300575336818583,-6.682475696836079,41.72624419820152
931,15.532183333333334,1483.172012441075,1035.571949263741,13718.0,1441.9525547445255,1000.594890510949,-2.437936930585848,detected,1483.2183963395487,1035.9232814248585,34.559404073077204,-39.97476236306441,52.84254002098779,32.65697080383235,-26.88125155102996,42.297510884591176,43.408990731446615,43.3601196154757,220.4690960383,-6.668989759903246,-7.397042814906353,41.64568626672577
932,15.548866666666667,1483.658583202464,1035.0445564442496,13690.5,1440.0671140939598,1002.6543624161073,-2.5025610113953416,detected,1483.7999340327906,1035.430415569368,28.832318718746585,-40.41405916751018,49.64472561203656,33.06219239568884,-26.319482477404797,42.25900760652057,43.20019592773181,43.31344564257408,220.32901635002034,-8.226662238724648,-8.171318464905578,41.46146739363015
933,15.56555,1484.1340508089904,1034.2234668228518,13659.0,1442.2724137931034,1000.8586206896551,-2.4686672761073627,detected,1484.4081658134553,1034.9227842539017,35.464846437209864,-38.768121943640764,52.542579036928494,33.41185699108648,-25.90290503002503,42.276620922057035,43.1515887572548,43.23451900504729,220.22221835851525,-7.98621737048123,-8.784578799065322,41.353885572099784
934,15.582233333333333,1484.8419269119188,1033.7509934420634,13673.0,1440.4468864468865,1002.8315018315018,-2.5332446350960147,detected,1485.0263973764004,1034.4745967315844,44.92336653629036,-31.780106729898772,55.0280296277965,33.69489126164295,-25.321655511253866,42.148925667975874,43.52694771983616,43.124743425226214,220.15260131602673,-9.213193105695707,-9.425955281858684,41.08142283306356
935,15.598916666666668,1485.6329938057513,1033.1630705949642,13695.5,1442.4792452830188,1001.5471698113207,-2.5092987784371945,detected,1485.6515428650496,1034.0578683560022,42.344946381466364,-26.999489846246007,50.220184547717494,33.946140927415556,-24.753692101268364,42.0129236843659,43.67180268793858,42.98491236772275,219.98029602019892,-10.372456275370238,-10.10691055308,40.77911371744601
936,15.6156,1486.254836622847,1032.8501104641937,13654.5,1444.020905923345,1000.383275261324,-2.4862065688654393,detected,1486.2903198127792,1033.6692313097753,37.55004535381882,-0.7819343316375191,37.55818589033346,34.17525099216962,-24.13432132137924,41.83794026982413,43.75352384678351,42.81519508822994,219.72816422602526,-10.85658531817641,-10.858335371616382,40.404328963353365
937,15.632283333333334,1486.8859136523904,1033.1369800527652,13519.0,1445.286231884058,999.5978260869565,-2.4630609251751974,detected,1486.9455785510384,1033.308253242463,39.863004825798214,6.87332264116965,40.45122640750497,34.36492139360745,-23.78451541390987,41.79295390210335,43.75375822692963,42.61520401316324,219.36443274224223,-11.746732395661162,-11.483118169855619,40.184437198503446
938,15.648966666666666,1487.5849322172012,1033.079450329654,13499.0,1445.031690140845,1000.2218309859155,-2.4840636332246877,detected,1487.5959541442508,1032.9579941787574,41.05390619380776,-47.080161590993725,62.46570922677536,34.46833371338543,-23.137795251118096,41.514137327661835,43.606864191039556,42.3841409481549,219.04470976301562,-12.090656192529268,-12.194878080622578,39.682597529127506
939,15.66565,1488.2557456557238,1031.5660719943457,13677.0,1448.4212454212454,997.1465201465202,-2.4289902481208663,detected,1488.2545887700878,1032.61394044946,32.05873833359454,-30.526096268392656,44.2674288493138,34.536567585302144,-22.650681493666678,41.30166912730861,43.112368923472246,42.12101413163575,218.63234942954512,-12.940585215278224,-12.837574594634669,39.255885561643716
940,15.682333333333334,1488.6546254529321,1032.060896250832,13523.0,1448.3389830508474,997.4847457627119,-2.4326821083311585,detected,1488.9161950695857,1032.282684861156,29.63835017151116,3.533352131568166,29.848222362056553,34.52465368385038,-22.197497289065286,41.044860797520855,43.087863176195526,41.82491320992169,218.3588153337424,-13.006559688802492,-13.296734792680258,38.831397627963256
941,15.699016666666667,1489.2446786064465,1031.6839681771357,13428.5,1446.5977859778598,999.80073800738,-2.49962309934432,detected,1489.5833543280562,1031.9779996206246,41.12993800815077,-10.094780119237889,42.35063619604889,34.432547310525266,-21.830221267029476,40.76958271627301,43.74808081981971,41.49532534843514,217.74013991516517,-12.88118323737994,-13.867215425032033,38.33874295298139
942,15.7157,1490.0269943844708,1031.72406708752,13385.5,1446.6691449814127,1000.1375464684015,-2.51198920099161,detected,1490.2316051217972,1031.7099235366136,45.78101621560748,-7.35656430432474,46.3683133626551,34.325512436946894,-21.59088390323323,40.55128939727924,44.37496015245657,41.1324730213951,217.2690806351519,-12.29150688282627,-14.24170105218782,37.968158013287976
943,15.732383333333333,1490.772238514174,1031.4385041481814,13299.0,1447.6722972972973,999.2297297297298,-2.4998189814098604,detected,1490.8729923692938,1031.4542808863857,38.82849322174585,-21.287511270542495,44.28103456294396,34.16805040642711,-21.381720264993916,40.30674422558334,44.36442859155748,40.73765223926036,216.72301310427724,-10.279119732573243,-14.601768375294037,37.568896581891494
944,15.749066666666668,1491.3225717749697,1031.013773794793,13334.5,1449.1024734982332,998.3674911660778,-2.4833828880033186,detected,1491.5225766416934,1031.2122137526674,39.945190639773806,-35.938305374700526,53.73248596941241,33.94405994990562,-21.20265240446678,40.02188994622103,44.97150307307723,40.31354878720976,216.4042116148293,-8.952178228125568,-14.736573788149604,37.21001300528998
945,15.76575,1492.1050763751878,1030.239362692179,13431.5,1448.9431818181818,998.9545454545455,-2.514399223274203,detected,1492.1422103576804,1031.010592815021,33.97674425814938,-12.22695993774423,36.109800604585025,33.66071574598328,-20.985821524957174,39.666717656106144,44.822904604487704,39.86450934687306,216.05350807775054,-8.417365518034417,-14.862595365928165,36.77705464821692
946,15.782433333333334,1492.45626247505,1030.6058008982036,13360.0,1451.3383458646617,996.6278195488721,-2.45098710872453,detected,1492.7811322511177,1030.7816203627501,32.374693931346236,15.361628837651025,35.83434731781923,33.35949062476108,-20.913214405807228,39.37280979974359,44.25131267190378,39.39674402921999,215.68828739597583,-7.273626580347364,-14.894421242294184,36.446870474484925
947,15.799116666666666,1493.1853119960304,1030.7519290410619,13435.0,1451.33984375,997.3359375,-2.4677322096299132,detected,1493.3903887831425,1030.562797491297,44.18345399203685,-3.9035749733074705,44.355557760428056,32.95223287886006,-20.927413890816425,39.03596167459132,44.563943831100964,38.91843666354733,215.2291913565026,-6.735913475720699,-14.845119290465316,36.103029472774395
948,15.8158,1493.9305170565842,1030.475551613261,13528.5,1450.537037037037,998.5333333333333,-2.507042908500357,detected,1493.9701576641655,1030.3366248932955,45.24334998547504,-9.678254417959469,46.266935564038995,32.54946062085398,-21.185190458934848,38.83657659333361,44.3217926239563,38.43973919557047,214.95403832899882,-5.18221950029389,-14.540523906462669,36.01184313549441
949,15.832483333333334,1494.694931773879,1030.4289979519826,13509.0,1449.3795918367348,1000.0204081632653,-2.550565664998164,detected,1494.5445538246843,1030.0865251199775,49.86819309172185,-5.539260068701593,50.17489496094602,32.14536469657124,-21.42180160969719,38.62923835232574,44.205278401258774,37.9726273952079,214.81066866994553,-3.6952787898659176,-14.163736269155313,35.938929179632055
950,15.849166666666667,1495.5944524327447,1030.2907249689686,13561.5,1451.391304347826,997.794466403162,-2.5076588682694254,detected,1495.1004570348366,1029.8370897605932,51.811276838762616,-33.63738194283397,61.77282470173266,31.81235367518523,-21.807161490003978,38.569134532760565,44.136285732182145,37.53059820767679,214.70744406688527,-1.9191560593100792,-13.735284109227962,36.04053425027123
951,15.86585,1496.4237013777324,1029.3066306411567,13694.0,1452.3497942386832,996.7366255144033,-2.505177779888127,detected,1495.6475982204142,1029.5571640132905,41.62262657913985,-33.08893830505242,53.17255759790086,31.43584166268412,-22.134450054636456,38.44666461817647,44.024197558565106,37.12819648734083,214.76593047751257,-0.12472751834887982,-13.202559043217837,36.10870331336878
952,15.882533333333333,1496.983260739602,1029.18665739419,13660.5,1452.9435483870968,996.0967741935484,-2.497218738660363,detected,1496.1782610767777,1029.276687030731,37.07664923046843,-13.971222665602383,39.62162264384231,31.08952711792788,-22.42940223906972,38.335841991775254,44.25622507417695,36.78037240816744,214.74630196150696,1.3499921046461483,-12.762261294926104,36.14915583880749
953,15.899216666666668,1497.6608255737224,1028.8404575115478,13639.0,1452.9596774193549,996.0362903225806,-2.50850458002445,detected,1496.6971978740746,1028.9883714946893,32.5637740584611,-10.758209086859507,34.29487488950923,30.716084432102814,-22.807689836279845,38.25792151317177,43.830489577293314,36.50169140649449,214.9307495462476,2.1581281912830677,-12.123056195936414,36.28636199701177
954,15.9159,1498.0698053340193,1028.8276918176584,13604.5,1452.092,997.412,-2.54217686759067,detected,1497.2120471880714,1028.66632152013,20.915813902370193,14.51147645210968,25.456909082186627,30.276147416674945,-23.071598893386405,38.06499412706564,43.919359289745636,36.305444812170315,215.0352242994733,4.062630595885658,-11.545145497201643,36.271936718928956
955,15.932583333333334,1498.3587165642648,1029.3246571091665,13427.5,1450.552,999.0360000000001,-2.5768580109455286,detected,1497.7004331133824,1028.3573111829355,19.822247454140342,-3.023889506549893,20.051568564104798,29.857905223604853,-23.563570331215587,38.0359875788169,44.015799921180246,36.20273697818609,215.35897369940523,5.5718294317388315,-10.71421115433005,36.49578099501836
956,15.949266666666666,1498.7312076574058,1028.7267947044566,13407.5,1450.5194346289752,999.791519434629,-2.6010479270756868,detected,1498.1747890671074,1028.000997382395,15.924001577368434,-27.216034888129837,31.53230694490863,29.473385408933673,-24.03454701001725,38.030775661827796,43.85128294891351,36.20164623687875,215.53770698813736,6.707618233475183,-10.013664830597547,36.68877776787784
957,15.96595,1498.8900474168963,1028.416548745066,13427.0,1453.6853146853148,995.7587412587412,-2.5159630454791784,detected,1498.636168461262,1027.643921570577,15.24529856770495,-23.69573347000464,28.176353793561805,29.065148302708597,-24.640414896037086,38.10423719361523,43.59401656821847,36.30656368764157,215.63743076370724,7.265532925936548,-9.264998626036961,36.960691180858944
958,15.982633333333334,1499.2398924529482,1027.9361470643407,13327.5,1450.255924170616,999.8436018957345,-2.6208827172133664,detected,1499.0750820100914,1027.221025968041,25.032205924725876,-31.836052735211652,40.498710932782274,28.67547255258227,-25.15822753225245,38.14733462089435,43.36929816887441,36.51779942043304,215.83067694602138,8.054185387808012,-8.521232697876265,37.183433569092685
959,15.999316666666667,1499.725288687918,1027.3542857854677,13379.5,1451.1708333333333,998.4708333333333,-2.6049558255786067,detected,1499.5010874037,1026.7921062975727,26.234090488802334,-26.480767450571566,37.27544162777846,28.333765358700123,-25.77963877097168,38.30655341535781,43.33103425660398,36.83151034603148,215.89295057729714,8.454195069502582,-7.83967560244508,37.495753373043314
960,16.016000000000002,1500.1152366055912,1027.05257212374,13426.0,1453.080357142857,995.8035714285714,-2.5551752778661707,detected,1499.923115143917,1026.3290542793627,19.509993780596137,-52.302817652565004,55.823154619891966,28.031421731057186,-26.412720015796186,38.5148332840378,43.461915257210336,37.23995506944482,216.15618973317677,8.268866637497162,-7.049696946245634,37.864153969992785
961,16.032683333333335,1500.376272147064,1025.6091151031271,13527.0,1453.8255813953488,994.8023255813953,-2.5569736892020285,detected,1500.330467903141,1025.8626653163565,20.15169002325828,-21.292411964613173,29.316504192421874,27.779803929387757,-27.133987829264584,38.832599731075256,44.11702673844799,37.73203217441589,216.50837785974142,7.991011398271883,-6.185466129695392,38.33680751747981
962,16.049366666666668,1500.7876313293673,1026.3421153111874,13531.5,1453.8181818181818,994.5578512396694,-2.5466754752418237,detected,1500.7227824053962,1025.3953879126482,22.16946559167161,2.164149786772391,22.2748456542329,27.594491468741058,-27.770788220002633,39.149363184841974,44.32909263953043,38.29402177903499,216.89594425521608,7.907756906813103,-5.395493365692783,38.775782250258025
963,16.06605,1501.1159933156393,1025.681325567679,13564.0,1453.6958174904944,994.4068441064638,-2.5585551466709338,detected,1501.1045785999422,1024.89430707477,16.52711846351461,-31.99235498447218,36.00911582029649,27.487487454196028,-28.237967739990513,39.407420476724035,43.925332242797644,38.91043384092135,217.3482976737103,7.073214410080432,-4.720708697018878,39.12364627724797
964,16.082733333333334,1501.3390861821,1025.2746370665388,13558.5,1453.8290155440413,994.041450777202,-2.560031933667782,detected,1501.486567553051,1024.342924907808,10.376436955668721,-37.55068107654363,38.957978556481336,27.408863735867467,-28.897292939829935,39.82837368687925,43.928761170706366,39.564870397995605,217.90578234576554,6.576055658752617,-3.8727183298029537,39.63964433846126
965,16.099416666666666,1501.4622204287268,1024.4283845090918,13629.5,1458.4886363636365,988.9507575757575,-2.4514545801886194,detected,1501.860056396255,1023.7931705294316,24.956089224843677,-62.34534234198219,67.15465807475543,27.32149185123413,-29.404762386068104,40.13855961489125,44.52989601740649,40.24082676416608,218.36321723950635,6.490353983157643,-3.1726597155772005,40.01297537408749
966,16.1161,1502.1717876925688,1023.1943808103947,13750.5,1458.92578125,988.25390625,-2.462024821935608,detected,1502.229760662044,1023.24645245728,32.59159709413525,-54.26213035782318,63.29763812430794,27.260899563137478,-30.018659396196206,40.54968010892698,44.44015789096609,40.92238071952207,218.74003731381444,5.578017371221847,-2.4780067507062284,40.47389330765898
967,16.132783333333332,1502.5496933851011,1022.617838092819,13779.5,1463.85401459854,982.8284671532847,-2.3422603540471454,detected,1502.6106704734211,1022.6669741310228,12.343919642642577,-35.80796158100586,37.87588236240588,27.21720218804207,-30.42758643305632,40.82418536953156,44.385782333410134,41.59474241791339,219.02513275076566,4.742508284819745,-1.9851520473792696,40.77589094593349
968,16.149466666666665,1502.583663144645,1021.9995884923085,13770.5,1460.9901960784314,985.9183006535948,-2.4270405965913993,detected,1502.9856051373051,1022.0933955449428,20.136266068616408,-43.69526271008252,48.11179891138181,27.276111377110254,-30.902531150754584,41.21835371991318,44.4040654543077,42.24465724563022,219.29063593644375,4.07326099822949,-1.5410113825883194,41.189537109545356
969,16.166150000000002,1503.221573462924,1021.1598728270593,13787.0,1460.5221843003412,986.061433447099,-2.453586698058948,detected,1503.3648897049568,1021.4708646997694,17.42218576362722,-36.486444064491835,40.43257544670666,27.339221818759377,-31.207477557577782,41.48903114272554,43.98355311756605,42.86066769687882,219.51037257746682,3.8303452673521994,-1.2377112323457595,41.470565176609
970,16.182833333333335,1503.1649834096247,1020.7821574753566,13763.0,1462.4948096885814,983.8166089965398,-2.4038763709933235,detected,1503.755923837495,1020.8424644200843,10.276600245848098,-37.33010647976755,38.71879856611964,27.445831713131273,-31.657399259402283,41.89826495566047,44.28370932991663,43.433248542260266,219.6948665816701,3.1412597204987596,-0.89883589173537,41.88862256430085
971,16.199516666666668,1503.5644693577938,1019.9142916075177,13736.5,1463.2392857142856,983.0714285714286,-2.4012903536378953,detected,1504.1341886735784,1020.2042431541757,34.14806467100623,-62.590944003279596,71.30018647939784,27.59415309683577,-31.881415666744427,42.164700284092476,44.629340178455315,43.95483320949616,219.95179322068833,3.132486167474113,-0.680840272469343,42.15920310644796
972,16.2162,1504.304390500814,1018.6937063104472,13924.0,1465.094890510949,981.3759124087592,-2.3809088218523033,detected,1504.517864406817,1019.5767605168494,32.033270343796445,-40.70604457114042,51.79876903504966,27.81860225629388,-32.01109050729924,42.409722316473406,44.80301060166612,44.41974994113249,220.20428572625363,2.8537751654845076,-0.582761517632143,42.40571819901119
973,16.232883333333334,1504.6333128115984,1018.556066586994,13806.5,1464.4455782312925,982.0612244897959,-2.4043154812386005,detected,1504.9110625022968,1018.9457602926018,33.993682375369055,-38.556129063717805,51.401804733059144,28.119076257327247,-32.086353054925766,42.663995381711835,44.75684909113271,44.82408551930149,220.38056298760785,2.1966615038572552,-0.6324215489245617,42.65930783445958
974,16.249566666666666,1505.4386463694054,1017.4072168040211,13893.5,1466.4044117647059,980.1764705882354,-2.3798377443425895,detected,1505.3212011467483,1018.298992631846,32.311609247247354,-33.86663085220848,46.80799907522815,28.479093313873676,-31.953304485899178,42.80271514225364,44.57892718671431,45.165493319833374,220.4052764126918,1.3848073750456573,-0.9744072708829812,42.79162247472465
975,16.26625,1505.711443506815,1017.4260500042253,13805.5,1465.5331010452962,980.9337979094076,-2.404234476261586,detected,1505.7570642884612,1017.6856264027903,27.308447160608377,-15.115919048279824,31.212854643526097,28.910857584888152,-31.861398535707245,43.023091508454534,44.393894478753424,45.44296170748715,220.52359445621738,0.7025403993954351,-1.2739564097139144,43.004225815738174
976,16.282933333333332,1506.3498382229977,1016.9028489717768,13753.5,1467.075085324232,979.5699658703072,-2.3815373170064693,detected,1506.2218071362586,1017.0537893697905,30.223607156829285,-40.07429643746905,50.1937811340059,29.39216154933004,-31.81926904068725,43.31702947831896,44.05038555695893,45.6565582653928,220.69680439552275,-0.35914132307801866,-1.5363267717077882,43.289776424417894
977,16.299616666666665,1506.7199045322811,1016.0889043130951,13687.0,1464.4343434343434,982.1481481481482,-2.4652343416243503,detected,1506.7032392235276,1016.4180802725816,13.397375791935321,-15.90931222274087,20.79893972083641,29.911189210537867,-31.63256585442539,43.53502569797285,43.94258714291783,45.80716477930423,220.8431360385285,-1.3250163808588429,-1.9405091473588953,43.49175653813229
978,16.316300000000002,1506.7968639952553,1016.3720082539447,13488.5,1468.2482517482517,978.3461538461538,-2.3630211746110747,detected,1507.2162857952685,1015.7982291465098,23.861979379590036,-41.36783344102077,47.75658806401497,30.43532925201753,-31.451327155162637,43.766371182676146,43.59609683525742,45.896217058420774,220.97643994479125,-2.611174424259791,-2.3538783161405767,43.703026249592696
979,16.332983333333335,1507.5160992442468,1014.7085976039464,13717.0,1467.1508771929825,979.8105263157895,-2.428707462033873,detected,1507.7560163138871,1015.1693193029031,38.86333258101608,-47.450389746179845,61.33431426507543,30.90467703667138,-31.03146411499332,43.79555717034641,43.47019221096643,45.925462494953415,220.89599246686979,-3.6411442850426434,-3.044897145945633,43.68958032794197
980,16.349666666666668,1508.0936038590419,1014.7887469160805,13578.5,1468.8118466898954,978.3519163763067,-2.3937491928990293,detected,1508.3130199535801,1014.5871177625061,28.396272511114176,-34.62669969027073,44.781208379918176,31.318436275703025,-30.451541296130078,43.68227121001364,43.74362414435399,45.89674675801625,220.63619153124984,-4.596805336798143,-3.934632646998878,43.504706458018504
981,16.36635,1508.463588203701,1013.5532200576143,13654.0,1469.5413533834587,977.4172932330828,-2.3932994379942167,detected,1508.8848258791015,1014.024802908636,31.009813887177074,-20.254746040639624,37.038672957979564,31.70497256269754,-29.892249616539836,43.574670077224106,43.769343030915486,45.81183926996644,220.38547913530607,-6.293893822300478,-4.781766169192206,43.31150637696753
982,16.383033333333334,1509.1282979824107,1014.1129135565245,13531.0,1469.8953488372092,977.9302325581396,-2.3966185571085608,detected,1509.4652463645393,1013.4861486437089,38.82752040456804,-14.740385806049602,41.53137746906953,32.01957645438474,-29.28332969201283,43.390859338912726,43.828396382467325,45.6723051887098,220.19631984437936,-7.076942498606146,-5.558039146145575,43.03341579539351
983,16.399716666666666,1509.7591331345334,1013.0613825178858,13581.5,1471.657587548638,976.1867704280155,-2.37255734514705,detected,1510.0586898618817,1012.9733616126199,33.36212462034393,-41.37898572954081,53.15309792654517,32.285104764000685,-28.682313499814953,43.18568162393836,44.06024096958741,45.47942940261137,219.82573136424574,-9.050975244556273,-6.42510891152455,42.70504739254149
984,16.4164,1510.2414808739095,1012.7322347326822,13411.0,1468.953237410072,979.2625899280575,-2.4604012499383874,detected,1510.671016004144,1012.5006286498611,36.1292031048619,-43.61212469524667,56.633353577429155,32.50484554170224,-28.20002829007832,43.032622267892734,43.754562228562094,45.23419535934183,219.40897689090414,-10.921483621005255,-7.211520266781545,42.424056320594055
985,16.433083333333332,1510.9646442114656,1011.6061912905544,13449.0,1468.8623188405797,979.7210144927536,-2.493419502354719,detected,1511.294233752797,1012.0241281917365,46.36551472376904,-51.986213087734306,69.65864847097855,32.68127385106687,-27.532717704891276,42.7330809180155,43.01590122568954,44.93731851164895,218.98867945940438,-12.238678267557978,-8.07951042173583,41.962336875950115
986,16.449766666666665,1511.788543548526,1010.9976280893214,13561.5,1469.7649122807018,979.2561403508772,-2.4946924215166018,detected,1511.9209516363017,1011.5449615123608,49.954944773704845,-9.4582651729604,50.842455560544444,32.801726160160825,-27.031475462127002,42.50475155492328,43.079569337798354,44.5893312273554,218.59572515931058,-14.013968843441264,-8.773937520873126,41.58932465339595
987,16.466450000000002,1512.6314742020816,1011.2906005092833,13483.0,1467.795138888889,982.0347222222222,-2.563459319483794,detected,1512.5539151696007,1011.1216473251446,41.39189003191339,-10.41237703384672,42.68144978686865,32.88863390429525,-26.32558335652745,42.12717150666816,43.76492221586392,44.1907136020151,218.06546634907454,-15.222586633246504,-9.66210451065675,41.00417436770773
988,16.483133333333335,1513.169652945924,1010.6502017756254,13422.5,1468.0163265306123,982.4938775510204,-2.5840212857271783,detected,1513.1932072048426,1010.7501929956621,33.001880846571304,-29.755415472911388,44.435446316841066,32.9068980264979,-25.805679865454923,41.818620864929024,43.772931869553304,43.74206280745959,217.48329265877777,-16.632406090517588,-10.409105793699698,40.50243903297978
989,16.499816666666668,1513.7326369596622,1010.2977614796705,13498.5,1470.043321299639,980.158844765343,-2.537713747191647,detected,1513.8335542369584,1010.3799227313002,35.23560660216088,-47.701113847567036,59.30382985036291,32.835178690917985,-25.153217510898784,41.362220815801216,43.57589574815529,43.24429219901658,216.64253770768306,-16.99029676126925,-11.334151554519632,39.77901858209023
990,16.5165,1514.3453476862162,1009.0585746102449,13470.0,1470.0,980.5752895752896,-2.57064521564061,detected,1514.4637734361897,1010.0448142977222,28.73388364858757,-24.79575898681284,37.953468000469705,32.680148496473464,-24.670927926699544,40.94687766504255,43.37944439006291,42.69885019060476,216.07461845131692,-16.837468907555696,-11.886567703780315,39.18362283836714
991,16.533183333333334,1514.6913908774034,1009.4704096548105,13340.5,1470.8273381294964,980.1007194244604,-2.5515884653911973,detected,1515.0994535803616,1009.7074045962391,38.85384747466357,-20.010256790424496,43.70391104241301,32.53450413975884,-24.32399160398734,40.622044842312306,42.81367720900874,42.107947867870195,215.37903832076722,-16.143006937416757,-12.443496257480302,38.66923749003729
992,16.549866666666667,1515.6417710636208,1008.3908990420044,13570.0,1472.203007518797,978.9624060150376,-2.5461475295139837,detected,1515.7342216598508,1009.3811995769379,43.215804559913686,-13.166138626090925,45.176907486924115,32.32637826879746,-23.999693316528067,40.26139604217398,42.66282735642519,41.474783452810854,214.94130452244613,-14.381883632343829,-12.753687871828738,38.18800147864184
993,16.56655,1516.1333582228858,1009.0310994959866,13392.5,1473.2071713147411,977.9243027888447,-2.5145087910608352,detected,1516.3608017145048,1009.0650456056563,30.167680802728103,-13.687017132383176,33.12738146907238,31.967495113116904,-23.71143565784839,39.801418627524285,41.894514808699356,40.80375091749676,214.51806388568616,-13.880007099367056,-12.903074838414332,37.651873585224365
994,16.583233333333332,1516.6483660130718,1007.9342089036872,13515.0,1473.369918699187,978.0040650406504,-2.5365457784423837,detected,1516.9824493878864,1008.7280800892023,43.63575621051017,-26.044855799298077,50.81745500976321,31.608978292455074,-23.377489907057463,39.31455891966066,41.62873724467817,40.10061906383285,214.02803630175143,-13.38111203541618,-13.114369986743588,37.06275546823615
995,16.599916666666665,1517.5893379551098,1008.16206947415,13559.0,1474.1568627450981,977.2235294117647,-2.522635012848316,detected,1517.5765657535621,1008.4215067328761,52.36863341773547,-6.4981888193834525,52.770258896214635,31.14203273834729,-23.113589092526514,38.782266615225765,41.80286458733257,39.37266616252513,213.63729558497485,-12.333401396821952,-13.124243328224052,36.49408775234725
996,16.616600000000002,1518.3957327481103,1007.7173860034138,13670.0,1474.1612903225807,977.3691756272401,-2.540272586972928,detected,1518.1464670248372,1008.109756323265,47.90656524932869,-22.35424840263123,52.865408497757095,30.674533866068536,-22.9054214176407,38.28296433428711,41.71996534276108,38.62875389557518,213.35075994326206,-11.525361794733602,-13.030516474249167,35.99709708621822
997,16.633283333333335,1519.187820348929,1007.4161827191156,13689.5,1474.5824175824175,977.2747252747253,-2.5473378271198386,detected,1518.7025103172928,1007.8108759292458,43.57158950943921,6.161047723584157,44.005021547902395,30.26360863123112,-22.982081525146274,38.00081681507381,41.60709652524856,37.879323193191425,213.06454905079715,-10.103934344424442,-12.823967221145306,35.771608061754606
998,16.649966666666668,1519.8495714514086,1007.9229596291241,13553.5,1475.4923076923078,976.2884615384615,-2.5220789297500037,detected,1519.2442511468334,1007.5007558725919,37.81103905287234,-16.999561619262543,41.45672164444436,29.788323531298484,-22.91579814099168,37.582948570382136,41.05275109924116,37.13629411703525,212.75230854095213,-8.638446003461173,-12.654854592425163,35.38831273865094
999,16.66665,1520.4494486853266,1006.8489640130862,13755.0,1475.350806451613,976.5604838709678,-2.550178892032278,detected,1519.7784099337935,1007.1773790542368,33.24225897226729,-40.90107647925606,52.70622201164905,29.358222220188054,-23.00325560223715,37.29684946790812,41.28824500328953,36.412852920081114,212.46120088651062,-6.475442689934618,-12.42464988800958,35.16650473664083
1000,16.683333333333334,1520.9587548257832,1006.5582270439329,13642.0,1474.0984848484848,978.344696969697,-2.5996467311089146,detected,1520.2715300952473,1006.8676806459728,36.13525905075539,-3.857945900345602,36.34062042997055,28.986395358210387,-23.03582151229731,37.02512915046888,41.60819132914592,35.723112783008254,212.3092608844819,-5.032103905942651,-12.18619744715718,34.96221932869537
1001,16.700016666666667,1521.6551618289868,1006.7202372182113,13574.0,1474.147859922179,978.171206225681,-2.6004823719646386,detected,1520.763582972373,1006.5547917313944,31.57143537267726,-13.507248172622843,34.33950035582871,28.589627568447344,-23.088522466779295,36.7484241050075,41.416583331508576,35.08164183302376,212.23541319626744,-3.230911920736548,-11.867527507843512,34.77942588732704
1002,16.7167,1522.0121883860515,1006.107535196573,13578.5,1473.6870229007634,979.0458015267176,-2.6311099870510417,detected,1521.2459028234964,1006.2386222145528,17.154289241125888,2.367202593271392,17.316849814149172,28.12242570702568,-23.262470925225383,36.49675850255931,41.90943170463719,34.50286429687121,212.05241101791796,-2.0244039617585132,-11.490255390775754,34.640834462363685
1003,16.733383333333332,1522.227543279999,1006.7992228780735,13468.5,1475.2820512820513,976.6483516483516,-2.570682949974114,detected,1521.6961532020575,1005.9423135626503,16.2524134996331,10.386043222511274,19.287582491928028,27.59214670327325,-23.342010298630033,36.14105704702484,41.89398866313253,34.000358566181376,212.1144787278182,0.08084029948976165,-10.961298847564256,34.4387272129893
1004,16.750066666666665,1522.5544772498226,1006.4540828387642,13395.5,1477.1877394636015,974.4291187739464,-2.526909333885302,detected,1522.1346886287874,1005.610897248763,22.825969927448117,-24.451170825110513,33.449733300095254,27.087941152498633,-23.65650231766147,35.96368526425999,41.656447488658515,33.58609809330764,212.15510082943817,1.5370900250997754,-10.342636951787535,34.44439749321028
1005,16.766750000000002,1522.9891698099116,1005.9833688115423,13388.5,1475.5236363636363,976.6327272727273,-2.5877846460160328,detected,1522.555773692512,1005.2890300160808,23.67492850809511,-22.690260916330292,32.79253238642238,26.601087464994865,-23.92092660113461,35.77469194524498,41.46318900425777,33.26970321704231,212.41993830517097,2.793067826274684,-9.630578517407821,34.45403519469409
1006,16.783433333333335,1523.3444306977094,1005.6969844661893,13336.5,1476.676056338028,975.4929577464789,-2.567184469124018,detected,1522.9521314074261,1004.9178971994426,20.24328746664061,-23.570155393675726,31.069968019601657,26.10574607950453,-24.244770751993773,35.627501837545374,41.53391864528293,33.057787731017875,212.7144792104379,4.217195619885132,-8.861543882769656,34.50785312357242
1007,16.800116666666668,1523.6646208350485,1005.19691129324,13360.5,1475.7829787234043,976.4978723404256,-2.6016331505840404,detected,1523.33137024373,1004.5761668032667,15.594751449924415,-49.4587659996652,51.85909570166604,25.656782780371934,-24.469897908908845,35.454850250869924,41.726032332120546,32.953486186206575,213.02283764633148,5.853543441233086,-8.17657657032626,34.49913045137809
1008,16.8168,1523.8647755710886,1004.0467103073338,13519.5,1476.160447761194,975.6791044776119,-2.6051127433575605,detected,1523.6910846491855,1004.2019109904364,15.126196813316463,-16.381775052194826,22.297183317538067,25.26657959275272,-24.772593033274244,35.38476239724008,41.59988156289719,32.9562318849034,213.54083148453574,7.219437230369367,-7.371870633693428,34.60833618175286
1009,16.833483333333334,1524.1693316020528,1004.6503060656651,13477.5,1476.3479853479853,975.3040293040293,-2.5911860503337203,detected,1524.036240127829,1003.8272158695644,19.58748969181661,1.2722742660033046,19.628765479136895,24.871898168458582,-25.10489280234843,35.339311837096936,41.47277459356416,33.0618219822111,214.05143492675418,7.306286403629067,-6.550088109952636,34.72698240376547
1010,16.850166666666667,1524.5183448104722,1004.0891618586761,13432.5,1474.564393939394,977.0378787878788,-2.6452799039636075,detected,1524.3700017660015,1003.4195846040858,20.916565374893402,-24.791269987930203,32.43624168575389,24.53550688847202,-25.563105234055815,35.43251963213553,41.01907916472815,33.262762280602914,214.44439760636388,7.4538527848900245,-5.775179742897565,34.95870058252874
1011,16.86685,1524.8672476667284,1003.8231040237345,13482.5,1476.8136200716847,974.4086021505376,-2.5923103005072083,detected,1524.7021622192615,1002.9912634382271,16.260279541636994,-53.438029784546366,55.85713667944538,24.252684785809702,-26.071625638323244,35.60789775800755,40.81682407649986,33.548841737970385,214.96838291969067,6.93210261364901,-4.932026778539317,35.26467771865341
1012,16.883533333333332,1525.0608961378448,1002.3061129315317,13580.5,1476.954372623574,973.7414448669201,-2.6057595960820588,detected,1525.0312105936412,1002.5614194307047,10.368567763349176,-34.89367383093469,36.401588851076546,24.052203895339666,-26.44345122115513,35.74583366923484,40.73440084376329,33.90785662643902,215.2142544424191,6.510700033578417,-4.402450615638665,35.47369523020496
1013,16.900216666666665,1525.2132122110988,1002.6588184402423,13485.0,1481.3079584775087,968.5501730103806,-2.4811157614548898,detected,1525.3592451449927,1002.1153631591415,13.524360514394346,-25.99557091889687,29.303208607978505,23.8412630863296,-26.877187860646618,35.927552836897654,40.40540442398123,34.326393101428195,215.42025475454886,5.807722496322624,-3.8515999431692176,35.72050154639281
1014,16.916900000000002,1525.5121589670084,1001.4387273818712,13604.5,1480.2372881355932,969.7016949152543,-2.5302055193465707,detected,1525.6813372712595,1001.6386602915226,18.756284049410443,-54.38506135900725,57.52854152822886,23.653680402019187,-27.213825743949535,36.05674566822299,40.08913924825113,34.790584363126115,215.71017655876904,5.374609415742196,-3.3219984563396867,35.903387506459524
1015,16.933583333333335,1525.8390468888808,1000.8441702262301,13695.5,1483.1971830985915,966.112676056338,-2.458076855741723,detected,1525.9878001403192,1001.1217721552125,14.796962662734636,-32.35172038448804,35.57504625265386,23.563225466989767,-27.67958081412837,36.350856777441415,40.22707895191534,35.2867788104919,215.90931736314496,4.712210531719003,-2.8507596920454787,36.23890116480172
1016,16.950266666666668,1526.005884287855,1000.3592583117088,13680.5,1483.5635738831616,965.6323024054983,-2.455842971828554,detected,1526.2868245442523,1000.6040110389947,2.450962740047609,-30.385549933678522,30.484239585811757,23.45694824713376,-27.96757039275656,36.50223848947493,40.08055809360081,35.80208070296566,216.18553358623703,3.8540006053445466,-2.420216816929539,36.42191600261519
1017,16.96695,1525.9208273456404,999.8303057101097,13569.5,1481.1791530944624,967.915309446254,-2.5219849162042363,detected,1526.5918065524622,1000.0501616272606,6.753164567079884,-7.993759768729327,10.464484072815955,23.460604771697493,-28.344387786941297,36.79407962254665,39.91679461815601,36.32474824183688,216.4255135793774,3.123266768226236,-2.046841540753263,36.737102974749504
1018,16.983633333333334,1526.23121487891,1000.0925331940922,13406.0,1481.9288256227758,966.9039145907473,-2.498643231588221,detected,1526.8973955535364,999.5062515633894,17.664781540501366,-20.957929345911506,27.40947480966858,23.476078547376943,-28.506764506996646,36.92914684392229,40.08785991066365,36.84445185032563,216.74445973260816,2.434963778616276,-1.7575658149987206,36.887299291570855
1019,17.000316666666667,1526.5102422230418,999.1310094676011,13555.0,1482.923076923077,965.6822742474917,-2.487049031633739,detected,1527.196669157346,998.9351335844962,24.93044541932551,-40.138927700322284,47.25103835618502,23.550639884524898,-28.783303286244738,37.190202836748846,40.03332525583835,37.35240657502444,217.01382099452528,1.481987645686962,-1.4771889951470314,37.16085439963858
1020,17.017,1527.063060741068,998.7532309731581,13579.5,1482.265060240964,966.7791164658635,-2.5217047655879927,detected,1527.5084127199968,998.3650014216037,34.362897581502295,-57.79408724934696,67.23812349539467,23.737553979196512,-28.912134920936925,37.40832814496965,39.927898254140715,37.841397673834095,217.23865258149823,0.8611106124512921,-1.4022025869325425,37.382039036239426
1021,17.033683333333332,1527.6568175723446,997.2026134230479,13673.0,1485.0918727915193,963.7173144876325,-2.4750221261604524,detected,1527.8286640427464,997.7806858940843,23.547589713252073,-39.82784290157995,46.2681969769364,24.039572548857745,-29.00166350679811,37.669583678258775,39.82980963755862,38.305719505290625,217.39975346900306,0.14368918515948292,-1.4826401366818374,37.6403946939779
1022,17.050366666666665,1527.8487653178336,997.4243086150087,13505.5,1486.174721189591,962.8698884758364,-2.4493228194204066,detected,1528.1658149525103,997.1895819286847,18.826496394350784,-15.267163516516966,24.238878858696616,24.432495480916845,-29.036835012347336,37.94844691103052,39.72503651367946,38.74104697138038,217.49883578174453,-0.507044525203282,-1.7078670357420087,37.909996216664645
1023,17.067050000000002,1528.284995002036,996.6931990670467,13505.5,1488.746212121212,960.0189393939394,-2.3937625410396626,detected,1528.5255684671658,996.6258068492448,44.98452897514589,-37.15895510265443,58.347200373598284,24.863316532047286,-28.91885756914276,38.13770879427789,39.62400228616561,39.14425750637281,217.58018852686092,-0.7024820612856152,-2.0674149123663774,38.0816311055247
1024,17.083733333333335,1529.3497491013043,996.1844381464168,13584.5,1487.1166077738517,961.5335689045936,-2.4544962461560713,detected,1528.904997684174,996.0408186970897,36.4070648300105,-29.550275709128822,46.890224610489085,25.336605027432217,-28.876338247795044,38.41596627597924,39.334570574600534,39.51322043482277,217.64145553640256,-1.3469941960598604,-2.427432491623531,38.339197127949674
1025,17.100416666666668,1529.4997773985308,995.7072048675522,13477.0,1488.1724137931035,960.6206896551724,-2.4376852839156387,detected,1529.3032110178287,995.459552233972,7.4715592419314625,-40.11512121592858,40.804989249776,25.836548773398224,-28.803233901786903,38.693068316188516,39.300422977681784,39.846569365227836,217.59935195299434,-2.5057207298134934,-2.8963125557527363,38.584516445079636
1026,17.1171,1529.59905012801,994.845930268512,13475.5,1489.2901023890786,959.6313993174061,-2.423547201280336,detected,1529.7331830196708,994.8996289444395,16.264737780888648,-41.90258770662141,44.948510004138804,26.362045840920217,-28.63539678413118,38.922273955967796,39.27370221818741,40.14347213571225,217.4732714576708,-3.482695775341498,-3.500376145110568,38.76455567585097
1027,17.133783333333334,1530.0424774824864,994.3090551910745,13489.5,1489.9722222222222,959.1527777777778,-2.42142421926866,detected,1530.184047333952,994.3410744634185,25.187202073231525,-39.68114767221064,46.99987903028673,26.865828371185025,-28.499944577376997,39.16656195000438,39.53782008733704,40.4034117788725,217.4158135564688,-5.625938756085028,-4.021676455108842,38.959539184568825
1028,17.150466666666667,1530.4394631038535,993.5219026411826,13472.5,1490.1115241635687,958.9293680297397,-2.432598700859099,detected,1530.6530656325647,993.8232282841639,26.03693207764446,-42.32789846677538,49.6947967158486,27.31032837823631,-28.17999022539767,39.24239907587975,39.723378856193,40.62599090857515,217.34416336299373,-6.987350657694802,-4.617858427306153,38.969748123075746
1029,17.16715,1530.9112431161439,992.8967143122331,13467.5,1488.5404411764705,960.7794117647059,-2.4929876570441887,detected,1531.1401824495538,993.3213577800777,29.34945130758566,-19.63452958088274,35.31154264428136,27.719466759078866,-27.841402926561955,39.287562336277,39.69837943443808,40.810770563279966,217.2297954450021,-7.546342084624763,-5.226248645390353,38.93839852155461
1030,17.183833333333332,1531.4187564624833,992.8667638375005,13378.5,1489.204861111111,959.8333333333334,-2.4775983678768836,detected,1531.6474042262512,992.8327465883414,32.59291537094807,-24.04808395759041,40.50442536821255,28.110666647493765,-27.50692392509496,39.329892488887886,39.7182189817454,40.95715266797733,216.79906982060356,-7.6670226646599,-6.032427043440087,38.86451166749754
1031,17.200516666666665,1531.9987600590212,992.0943099108482,13441.5,1490.9636363636364,958.2836363636363,-2.45242084283832,detected,1532.1713909444497,992.3644030507567,38.245194750066496,-33.655502044955874,50.944948124112784,28.472005782205475,-27.15352446562953,39.34423724216144,40.30172514124758,41.064312832289374,216.41821933056147,-7.711694865086274,-6.791203758427461,38.75369086524539
1032,17.217200000000002,1532.6948711273105,991.7437919192671,13443.5,1489.4166666666667,960.213768115942,-2.511966179548851,detected,1532.706737040321,991.9343794310282,33.530885837189885,-32.89409152623922,46.9717102346004,28.814148325508746,-26.942821258366646,39.44833026992032,40.334031757062064,41.131187210965116,215.93071806402105,-7.869720902718072,-7.521373953914738,38.724665201007035
1033,17.233883333333335,1533.1175739497887,990.9967437235894,13410.0,1487.902097902098,962.4440559440559,-2.5783468280707553,detected,1533.2517209993816,991.4841718773226,30.55959249533433,-40.08474311165838,50.40511208011087,29.101278937649386,-26.80605742590602,39.56575729754009,40.49401047120718,41.156513821918416,215.44801961564096,-8.190668623647142,-8.160572762447813,38.71503845686637
1034,17.250566666666668,1533.7145428635715,990.4062976574414,13333.0,1490.148288973384,960.6045627376426,-2.5416480516614537,detected,1533.8010303922597,991.069997442847,31.516047808407265,-35.441689573133374,47.427572458013955,29.383413973752404,-26.48063973692044,39.5551424928476,40.777760483581744,41.13892542851478,215.12995944458248,-9.225110144677274,-8.793360644725658,38.56534851652799
1035,17.26725,1534.1691594116626,989.8141726814991,13439.0,1488.1030534351146,963.4580152671756,-2.6219121043785196,detected,1534.3725551290945,990.6738715673702,32.06875674470746,-25.436585507213884,40.9319562373584,29.57746200232483,-26.21104906553019,39.52018916471175,40.91849298458894,41.077088176761364,214.56109190345177,-10.177707766215127,-9.488558738185432,38.36420994477281
1036,17.283933333333334,1534.7845703802866,989.5575635876841,13446.0,1491.11743772242,959.814946619217,-2.54364959805231,detected,1534.9550841710357,990.2982899035904,27.17074052724684,-27.477445336377123,38.642711382776525,29.72615069664872,-25.923447160215225,39.441971906946286,40.59823149459957,40.9698777393081,213.96725204633884,-10.234763168060246,-10.169670987736758,38.108357874743504
1037,17.300616666666667,1535.0757564539217,988.8973419221087,13506.0,1491.2701754385964,959.7754385964912,-2.5548842143645225,detected,1535.5301270213708,989.8993642141269,23.27540516954049,-16.123688129546444,28.31462174752029,29.86687021762386,-25.795055765971885,39.46409556249815,40.69701464537992,40.81658269406051,213.35378520001697,-10.493853957177528,-10.765239425070787,37.967413115550656
1038,17.3173,1535.5611930661103,989.0195698604282,13422.0,1490.996598639456,960.343537414966,-2.5698208094498547,detected,1536.1004509102315,989.5301945548865,42.50915320104562,-10.583515269138466,43.806836239587696,29.96638014526026,-25.528067841474158,39.36579970900065,40.71860749349031,40.61712315503753,213.08602164195105,-10.310464943563938,-11.17167909122327,37.74731477882739
1039,17.333983333333332,1536.4941451990633,988.5442052959618,13450.5,1491.9493243243244,959.5202702702702,-2.564116644288415,detected,1536.6786014351355,989.1466791515684,41.58551210769525,-16.427234838564836,44.712513480016156,29.99550063572339,-25.37617958741055,39.28970028951855,40.02753078638003,40.37227121496604,212.66349715948652,-10.163195238086445,-11.55622817035986,37.55175281281521
1040,17.350666666666665,1536.9487629867704,988.4714477913147,13379.0,1491.119718309859,961.3345070422536,-2.6069769690004096,detected,1537.2493190767073,988.7466023936562,34.19392498216467,-12.837697809254541,36.52438898500075,30.030172451480595,-25.149997479288476,39.17057097712364,40.00201728988167,40.083858589311795,212.38311978630134,-9.361789643264581,-11.890266906493881,37.32231482057641
1041,17.367350000000002,1537.6350824959682,988.115854112393,13435.0,1491.8074074074075,960.5333333333333,-2.599795796067962,detected,1537.8396237565426,988.3794533874311,35.09912816939091,-12.18028116306221,37.15249719012947,29.872745231238188,-25.065040866952355,38.99534820093873,40.54389080844595,39.7549561139165,212.1697409795862,-8.667832584385385,-11.941153771473816,37.12204234573405
1042,17.384033333333335,1538.119903896689,988.0650324098406,13319.0,1491.4565217391305,961.8623188405797,-2.62994321125476,detected,1538.4023055197047,988.0161412715834,37.97163321430864,-16.76903006710149,41.50958080194669,29.652591387131142,-25.006814100755914,38.78939194473057,41.60785836128134,39.39000957565102,211.7929539104632,-8.176771404224546,-12.028570290388968,36.87723449787281
1043,17.400716666666668,1538.902069324219,987.5563274758207,13458.5,1491.4802867383512,961.752688172043,-2.643266925699503,detected,1538.9557355546813,987.7044331667291,44.79355190664297,-17.649460949266814,48.14525692332332,29.385414001800843,-24.971575330569223,38.5627038801421,41.933069886990666,38.99491676279591,211.42482307557262,-7.182952708120592,-12.055643748369393,36.62981824088032
1044,17.4174,1539.614515411974,987.4761287295,13496.0,1492.6723549488054,960.6689419795222,-2.6227180586610532,detected,1539.5021055317748,987.3658184839895,47.181832813681986,-6.328304713077942,47.60433581303076,29.038883888199702,-24.943505773106597,38.28100387562147,41.50448538442822,38.577031625233,211.2117231708274,-6.58201184925088,-11.909970112143121,36.38114717340842
1045,17.434083333333334,1540.4763698124355,987.3451730418943,13542.0,1493.3333333333333,960.2527472527472,-2.6199946605568467,detected,1540.0411264629897,987.038740018577,47.23465645908775,-8.863468925905895,48.05906628523425,28.689358602568955,-24.940458991787185,38.01454710696703,40.71629210590906,38.145083257462815,211.02420655515377,-6.628354720641468,-11.73101843918372,36.15921733289241
1046,17.450766666666667,1541.190578449159,987.180384316339,13504.5,1493.9021739130435,959.2463768115942,-2.6080277435513723,detected,1540.5742798958893,986.661819649619,35.95929565523005,-14.761248678276152,38.87113847782383,28.34351939916576,-25.029786539520007,37.813295362145084,40.42664255569118,37.709000490893146,210.78013727091735,-5.4741646325609405,-11.54210671833825,36.00868060131215
1047,17.46745,1541.6762116441316,986.8526393776625,13497.5,1495.1487603305786,957.7561983471074,-2.582733977221017,detected,1541.0771206476606,986.3005815501818,31.75348601595536,-18.011313405686614,36.50604449626581,28.00027194068332,-25.00086690063529,37.53742898142465,40.8163225235336,37.2796376596646,210.64017696370303,-4.125014835581498,-11.349446880623416,35.78056218171266
1048,17.484133333333332,1542.250086432558,986.5794068257026,13498.0,1494.7186147186148,958.5887445887446,-2.609384607386112,detected,1541.5691609953276,985.937893459246,33.964814906616915,-18.179526253364397,38.52406814495987,27.63426703896599,-25.049866527461447,37.29810354192979,40.99022951588506,36.86840390736825,210.81163210442477,-3.0585865887445642,-10.902880508532803,35.66897425552312
1049,17.500816666666665,1542.8095043015157,986.2460491850086,13425.5,1494.551282051282,958.6068376068376,-2.62146164424133,detected,1542.084226567838,985.6010212695847,27.528079604514453,-21.07208192315878,34.667388180951846,27.270788357231044,-25.26523481014044,37.17563701722434,41.30349504784088,36.486807313763116,210.832109913918,-2.040189581595112,-10.467640828363663,35.67150800183242
1050,17.517500000000002,1543.1686066886953,985.8763016921998,13316.0,1496.029535864979,957.5105485232068,-2.5998902274333133,detected,1542.5693786464512,985.2557496306649,22.04793177527533,-24.594342901055168,33.03018314060457,26.89574015357523,-25.484565879873028,37.05190867545459,41.196404077939484,36.14593580825416,210.98519279352706,-1.1518409706435577,-9.937852207606353,35.694299684879674
1051,17.534183333333335,1543.5451702917508,985.4254179435434,13379.0,1493.2740384615386,962.0673076923076,-2.7066288670327636,detected,1543.0241617161157,984.8648712473822,19.348328038639455,-23.26427762379201,30.258625402481048,26.48886503189442,-25.638653880603467,36.86462455372769,40.91801169600392,35.85590827020247,211.12143144402094,0.34168445608461806,-9.424993750205857,35.63944494932382
1052,17.550866666666668,1543.8141959009179,985.100050295486,13255.0,1494.090909090909,960.3512396694215,-2.6797620630788495,detected,1543.4649420770559,984.4773983449712,17.592919558316318,-22.269068996049867,28.3799621658701,26.06756911563105,-25.873943820585453,36.72845121195575,41.0036833358823,35.625339455715356,211.34975136974035,1.7516826468496418,-8.80069646501605,35.65847543235223
1053,17.56755,1544.1321873743466,984.6823733413752,13264.0,1495.7543103448277,957.8060344827586,-2.634498247988989,detected,1543.8815670876172,984.0700794546525,19.2423923172382,-25.848899401798924,32.22476163410411,25.66789153267551,-26.165628635706263,36.65352340000736,40.68394515764622,35.460868739747106,211.63293492627656,3.0107560460552203,-8.13107095733482,35.740263887129785
1054,17.584233333333334,1544.4562503912364,984.237558685446,13312.5,1499.4194915254238,952.2118644067797,-2.523454995349589,detected,1544.2901128716803,983.640911036322,19.331839531851916,-27.68271905597612,33.76467020448113,25.232515147678278,-26.463606905776594,36.56504220073156,40.88063222031361,35.366802358532794,211.74065092247417,4.370841313125984,-7.536845352184788,35.77985848600482
1055,17.600916666666667,1544.7772264200594,983.7586932822074,13300.5,1499.6538461538462,952.3286713286714,-2.533195856541512,detected,1544.6754302774584,983.2260593980984,22.468641700777116,-55.26922217646537,59.661769835208474,24.848024361405024,-26.76546785582537,36.52142637146307,41.09144005041765,35.344910141724725,212.06597399335467,5.159308496212371,-6.847479947512271,35.873759247876656
1056,17.6176,1545.205954069319,982.3934089721579,13397.0,1501.3181818181818,950.2447552447552,-2.5093731805738115,detected,1545.0513654524932,982.7865373584978,22.268557746643875,-48.58159644131374,53.44211987657564,24.474888370458096,-27.10608630912119,36.52068011064296,41.04768543220035,35.39440097155577,212.54641003808638,5.806497422450488,-6.048650428153707,36.016300528259535
1057,17.634283333333332,1545.520253963539,982.1376873476156,13466.5,1501.2872727272727,950.5381818181818,-2.521275523030836,detected,1545.407902551344,982.3409307089496,25.93408472702041,-15.349599414800398,30.136140310648837,24.208962804000738,-27.454878429433176,36.603882712363266,41.0267595207729,35.512079225640555,212.88703640608244,6.260373828060761,-5.421728265526204,36.20012558314184
1058,17.650966666666665,1546.0712880297106,981.8812440050174,13553.0,1498.3144104803494,954.2532751091703,-2.617122356888774,detected,1545.7582575055328,981.8696669439483,14.98440521652503,-29.998287206616812,33.5325160854907,23.91141093427689,-27.839794754390958,36.69890658908615,40.8655256741245,35.6926618756155,213.11670872433788,6.1581449281886025,-4.817060552339544,36.38139184349006
1059,17.667650000000002,1546.0202336175971,981.1367444978215,13426.5,1500.704081632653,950.8299319727892,-2.5521241854290757,detected,1546.092848635588,981.3817531215246,5.167222225454506,-38.99123745101177,39.33213423510621,23.685413576540764,-28.266886896489247,36.878390842208624,40.91889925503477,35.92921748637681,213.34623119958684,6.727582678327782,-4.247719876889372,36.63294401161578
1060,17.684333333333335,1546.2437010113,980.5802363820686,13481.0,1502.777027027027,947.9020270270271,-2.4969410710704887,detected,1546.4109755684399,980.8642270220491,25.718688482663456,-30.849991225241915,40.164323669965974,23.502111135287002,-28.677097436562708,37.07728610890356,40.8392084173463,36.213677333883815,213.57347681975938,5.8955347004614165,-3.7228215479015034,36.889913864415206
1061,17.701016666666668,1546.878380523302,980.1073831239393,13650.5,1502.9738562091502,947.5130718954249,-2.5029793002745406,detected,1546.7325235933456,980.3395133212114,33.0972273933379,-24.60636240297677,41.241963239314224,23.317049675778208,-29.076867693504767,37.27128976099821,41.00225941716342,36.53736626516844,213.88836515882437,5.897837512414333,-3.1434985826309934,37.13849023734388
1062,17.7177,1547.3480451653243,979.7592040898893,13594.5,1500.7934782608695,950.2028985507246,-2.575924094036927,detected,1547.031722373788,979.7946730061662,18.012833564745385,-24.440618330028062,30.361258165387706,23.161349301580476,-29.52732691461455,37.52747175326821,41.70730925213228,36.89150581318627,214.17410090293268,5.856512793931782,-2.576406005830833,37.438927178612666
1063,17.734383333333334,1547.479408736579,979.291881158994,13598.0,1502.575,948.0035714285714,-2.5330337949958186,detected,1547.3197936728031,979.2637527530297,22.29695381373205,-7.931905820374889,23.665782879824558,23.0431739272824,-29.960729333835946,37.797264012866925,41.493934573035446,37.267652121539136,214.52665603590356,5.174744128719149,-2.002979438024319,37.744155047228396
1064,17.751066666666667,1548.0920201909091,979.4945428323495,13636.5,1502.6866666666667,947.6866666666667,-2.5305101295935164,detected,1547.6255051886521,978.6944017774632,1.7197317379895365,-34.281777197387,34.32488492423437,22.965724352437203,-30.286777546605215,38.00938554080659,41.55383364037066,37.65804349490775,214.83459027253232,4.714731424826516,-1.5502840968631766,37.977756758511816
1065,17.76775,1547.5367904522366,978.1480125265078,13518.0,1502.3108108108108,947.6722972972973,-2.548630575206532,detected,1547.9029643418353,978.1195387313687,0.09518241568429885,-57.035962574640536,57.03604199546153,23.02756842515778,-30.52759107651058,38.2387594530729,42.17103341675568,38.055844250310216,215.04541198661636,3.8736715600757106,-1.3228838030878087,38.215869778843185
1066,17.784433333333332,1548.0951961108458,977.591442881109,13610.5,1504.295138888889,945.3958333333334,-2.5077228074352167,detected,1548.183925448137,977.5404648383204,25.135144849184584,-57.33102165219509,62.59889416174979,23.161775686917736,-30.76393917524768,38.508282311074744,42.54381191204087,38.45528145117256,215.25159381728406,3.014526974273677,-1.1585382823007357,38.49085080376733
1067,17.801116666666665,1548.3754664520377,976.2350674373796,13667.0,1506.1666666666667,942.8,-2.471665878607214,detected,1548.4640659896588,976.9700921860987,11.14029669736226,-41.88876826541919,43.34483956942568,23.34016851169231,-30.9607225169565,38.77279722854891,42.68985850306314,38.8516787827086,215.33960756842427,2.0315372351309304,-1.131108043136635,38.75629496637833
1068,17.817800000000002,1548.4669106773144,976.1937543133195,13524.0,1504.1201413427561,945.0494699646642,-2.529331554498621,detected,1548.7541431838658,976.3777399038898,12.28916866548988,-23.196114211806297,26.250397730625348,23.612745761924373,-31.094574890760136,39.044005302406774,42.75138321392594,39.24139779711183,215.48916415863008,0.2450899818526138,-1.1741719369118364,39.02634584888696
1069,17.834483333333335,1548.7855150465095,975.4610904265123,13563.5,1503.0408921933085,946.1635687732341,-2.5719544293151038,detected,1549.0510338420927,975.7836447231376,18.89073494190065,-21.49541703655192,28.616652847956075,23.99392297436977,-31.119771659632356,39.29565533042612,42.81090270780154,39.621701528233686,215.65507641201182,-1.6103065783257189,-1.356192729747459,39.27224553202206
1070,17.851166666666668,1549.0972315332092,975.4765238981998,13425.0,1506.2272727272727,942.0909090909091,-2.4799347893538375,detected,1549.3709864669945,975.1953677352318,30.652669405375413,-9.446859576282723,32.07536901625985,24.46966111697426,-31.06893836804463,39.54798663012971,42.744656822222446,39.99055905431198,215.65275595471246,-2.8882124750648464,-1.773980398324447,39.508179406842814
1071,17.86785,1549.8082924490022,975.1458802119837,13554.5,1506.53355704698,941.7080536912752,-2.4837292497891106,detected,1549.7241830521991,974.6293860457711,30.46763348448893,-30.813784198312007,43.33319728297571,24.958806069397124,-31.022889451245522,39.8166004364257,42.817692930550365,40.346411690708344,215.6306440236616,-4.096019895151242,-2.2136254383338247,39.75501896280188
1072,17.884533333333334,1550.1138349038083,974.4483706321162,13584.0,1503.9026217228466,945.1573033707865,-2.576653205003029,detected,1550.093715191365,974.0639983678846,3.6913522499993707,-66.76667832886385,66.86864299881935,25.481019148785407,-30.917082671720753,40.064302537181206,42.85793346684314,40.687922052300905,215.5392363115121,-4.693620577480221,-2.763481670235663,39.9688817312801
1073,17.901216666666667,1549.9314605690772,972.9180987117439,14257.0,1506.3880597014925,942.1679104477612,-2.52672019781111,detected,1550.4847530046613,973.4977639840639,13.189862305915431,-60.82659343901654,62.24023567632451,26.044477978597012,-30.713011163191826,40.26914312333912,42.77558231258851,41.01372656366541,215.5054700456529,-6.218372162101691,-3.364246276565101,40.12836571402564
1074,17.9179,1550.553936642749,972.4187899643676,13658.0,1505.6859205776173,943.0938628158844,-2.562703459407091,detected,1550.9041427318791,972.945508093306,35.349864845154514,-3.8373321169492787,35.557531724607394,26.61687086027627,-30.489316221465817,40.47290721019633,42.76664050424719,41.32221058271684,215.29159298076212,-7.311509590256083,-4.110452932807174,40.26363613401476
1075,17.934583333333332,1551.1109677260772,972.7900597301084,13561.0,1507.5392857142856,940.9607142857143,-2.510685327008587,detected,1551.3470882669687,972.4029132814944,26.769765098773462,-16.233473550436972,31.307283289296223,27.16000721785678,-30.229686716869864,40.63865095046993,42.783937830922994,41.611323337102576,215.1148404086258,-8.417974297755636,-4.828272338810123,40.35080838467071
1076,17.951266666666665,1551.4471544715448,971.8771330635681,13468.5,1507.5201465201465,940.8388278388278,-2.5264587541050605,detected,1551.8094304248325,971.87030929947,28.82497974628318,-42.31234075855813,51.19778938432767,27.695375971356025,-29.955009017860835,40.79627943152278,42.74340247969304,41.87844710055703,214.72913715524746,-10.661954875726623,-5.696272517236441,40.39664459907859
1077,17.967950000000002,1552.0727612169449,971.3782379601312,13569.5,1507.877192982456,940.8526315789474,-2.5371397837382825,detected,1552.2936648217894,971.3465275240691,23.747158538492645,-24.371126181152317,34.02762598228022,28.171486190279545,-29.614194454595197,40.8733794463302,42.66130896640629,42.12033110752401,214.37559718362786,-13.059760747857004,-6.5308161184417415,40.348253843144064
1078,17.984633333333335,1552.2395179947791,971.0639498199903,13471.5,1510.5793103448275,937.7172413793103,-2.466580377178193,detected,1552.801324104823,970.8399639282355,26.17661046563605,-36.5406134134817,44.94920871498368,28.583508510128205,-29.268824860316787,40.910647360466804,42.615108702041965,42.333095742949226,213.83171589618468,-14.08304703497433,-7.44806635178772,40.22694836887129
1079,18.001316666666668,1552.946187452815,970.158999492568,13466.5,1508.6555183946489,940.3678929765886,-2.549474905359139,detected,1553.3250858877327,970.3456266463422,32.27257649385294,-39.27565762484203,50.83400904331077,28.95924599315445,-28.899745812020065,40.912507091247825,42.59003057738054,42.512307220543555,213.496549554236,-14.319615909733173,-8.200279906756627,40.08227346274469
1080,18.018,1553.316346297124,969.753452043908,13422.0,1507.6639344262294,942.0081967213115,-2.5954940703912053,detected,1553.868090334724,969.8702544972164,37.871089947869464,-30.778489206843865,48.80097183146483,29.27284381311541,-28.54945391576115,40.88973836789884,41.91509874747625,42.653118015761514,213.2510626595295,-15.214187644173899,-8.82626123648583,39.92577884500847
1081,18.034683333333334,1554.2098194874088,969.1320239026996,13415.5,1509.6483516483518,939.9890109890109,-2.5624135599105675,detected,1554.4228540304966,969.3666000418981,33.9909330693252,-30.914117831160592,45.946340574655416,29.58724310946421,-28.265209589136102,40.91854137107442,41.301872654413266,42.75046422388849,212.7831013142026,-14.587893537622785,-9.570286454076493,39.78362282552016
1082,18.051366666666667,1554.4505104305372,968.7219509789417,13518.0,1510.1560283687943,939.6950354609929,-2.561488906800773,detected,1554.993043911376,968.8795750722918,29.82545013263281,-30.283462509438824,42.504653594338976,29.844726060353686,-27.940195977952786,40.88229720678577,41.34105656241293,42.79930801576134,212.3782066471302,-14.350727445462201,-10.242684988081326,39.578398516601155
1083,18.06805,1555.2049953401677,968.1215657036347,13412.5,1512.2456747404844,937.2941176470588,-2.5191544760159092,detected,1555.5821901002903,968.4161322915495,43.97246894846525,-23.88957105839832,50.04287792261755,30.093485947122183,-27.601699746556314,40.834687770922,41.493705041529,42.79491152861878,211.7426299045649,-14.618885053679474,-11.070720044793806,39.305354381286115
1084,18.084733333333332,1555.917725144451,967.9248356246264,13384.0,1510.0899653979238,940.4325259515571,-2.601242889446959,detected,1556.1805279184662,967.966201926213,28.94756892942155,-23.087762383432924,37.02710519062316,30.184879755086445,-27.353545280332543,40.7350390356046,41.3491725875748,42.73312771939513,211.21638013920943,-14.294584696551235,-11.638032328434006,39.037156770883755
1085,18.101416666666665,1556.170879223446,967.3512040321075,13392.5,1511.4386617100372,939.3754646840149,-2.582702366553408,detected,1556.776546581277,967.517702907302,31.197295799500605,-34.659656362206334,46.632210373815305,30.237035966270017,-27.0886867060687,40.59649358608511,41.630277581124886,42.61069365860744,210.8355598962806,-13.60151825304015,-12.077780059027038,38.758257447037245
1086,18.118100000000002,1556.9586749142943,966.7683584240075,13418.0,1512.1241610738255,938.4228187919463,-2.577814071754415,detected,1557.3876044891806,967.1068624066843,43.443196973373695,-45.43487299918036,62.86206366099504,30.284701989074513,-26.970215669154832,40.553122047602926,41.99491580961661,42.42551218307758,210.48465256695187,-12.984134268731617,-12.416104718830077,38.60564792124106
1087,18.134783333333335,1557.620433895791,965.8351937697015,13482.5,1511.551971326165,940.5340501792115,-2.6393581176848486,detected,1558.0124345717513,966.7063872085018,26.56866323633238,-20.160038430123826,33.35147696384239,30.28154203071248,-26.83744865764787,40.462580716134404,42.023742556112495,42.176908532099866,210.14293482823325,-13.624923238480692,-12.71006794486537,38.41451042310181
1088,18.151466666666668,1557.84518264428,966.0956851417224,13847.5,1512.329218106996,940.0493827160494,-2.621830974849142,detected,1558.6358164299872,966.3133407412408,47.64436785854422,-0.5522016445113265,47.647567779441616,30.187390927281843,-26.710136924862148,40.30769139434089,42.25530605060016,41.86584940164117,209.54923542374692,-12.202707010205568,-13.088311409986103,38.12356344803894
1089,18.16815,1559.210167636671,965.8167686414963,13402.0,1512.8744769874477,939.489539748954,-2.6248953623816473,detected,1559.2739463167395,965.9529502338532,62.05569047783451,-24.636301287409058,66.76717802786631,30.056311173795724,-26.500083148484315,40.07039116670338,42.15805576595806,41.49511261791512,209.18267982803914,-11.636234871498878,-13.319920880028677,37.79174454827927
1090,18.184833333333334,1559.9157741832237,965.2736538887658,13539.0,1513.3319327731092,939.4411764705883,-2.6352725901138583,detected,1559.876853487829,965.5674950912066,42.85577679092603,-35.13699529688979,55.41864345910435,29.76122278203436,-26.392210418987663,39.77787264651042,42.07655198342105,41.06939621555044,208.69789778860414,-10.632087187210331,-13.4321565498696,37.44137180582193
1091,18.201516666666667,1560.640122055595,964.6443642317568,13436.5,1514.5875,938.1833333333334,-2.620072189672847,detected,1560.4723387403608,965.206770845104,44.64194683040287,-19.376864526974714,48.66586376203804,29.482887690717423,-26.41792867642431,39.587215387497245,41.73184652150545,40.595356145733795,208.44285230454275,-9.850339569978651,-13.341701695346284,37.27125726358708
1092,18.2182,1561.4053271424648,964.6271125090491,13353.0,1512.8232931726907,941.7389558232932,-2.7013116248420257,detected,1561.0581289406398,964.804902921146,50.96498442963383,-4.462360680318769,51.15996775560041,29.14550796254657,-26.51789288420233,39.403797753679704,41.42804507323483,40.08156246113485,208.2387546341639,-8.439764789889871,-13.129859802857093,37.151932102788564
1093,18.234883333333332,1562.3406537027304,964.4954701303901,13319.0,1512.4025423728813,942.8940677966102,-2.7333331675442643,detected,1561.6151404929346,964.4145367069897,48.81120454983529,-13.031371185212258,50.52079101293488,28.77525809374776,-26.55912905820745,39.15868760176106,41.718918741488594,39.53836501840772,208.01514974228874,-7.673054708207133,-12.928516026541232,36.962904215493964
1094,18.251566666666665,1563.0339943342776,964.1922990905025,13414.0,1514.2988929889298,939.4686346863468,-2.6721164427575523,detected,1562.1453581493058,964.0006075366285,29.388801794235253,-33.83053209269995,44.81301789185868,28.426824045744606,-26.569177815664013,38.9102240436636,41.718850526299285,38.977661786748804,207.76459901761936,-7.3810203198373685,-12.777028688987755,36.752592738593016
1095,18.268250000000002,1563.3212600559314,963.366658042897,13528.5,1514.938775510204,939.204081632653,-2.6784191443543124,detected,1562.6681645733947,963.6067949060997,27.83561136850864,-32.04954618667925,42.449907785891995,27.997098248476153,-26.52922247012172,38.569899600647624,42.32130345161019,38.41256611195522,207.66589260705223,-6.061761509302265,-12.478281831572133,36.49561121197855
1096,18.284933333333335,1563.9627759002735,963.1229125660736,13463.5,1516.4285714285713,936.7556390977444,-2.6351473518690827,detected,1563.1910020377254,963.2459141495692,37.56195993765594,-8.345215800781707,38.47783077461211,27.563393380225524,-26.60720832008492,38.3103666025458,42.24248086792222,37.8569743692822,207.66357085652595,-4.994104312526366,-12.059425880281061,36.36281667664736
1097,18.301616666666668,1564.5745774525178,963.088206009011,13391.0,1514.1286307053942,940.4522821576763,-2.71980667903573,detected,1563.688608121567,962.8532698837648,30.573138424158543,-15.961352712999561,34.48886158648235,27.128106979900583,-26.600056539231627,37.99338358455653,41.52963888715651,37.325042993425,207.4958913698447,-4.532454773756915,-11.782975723923965,36.12005923711461
1098,18.3183,1564.9828996190263,962.5903354305499,13430.5,1516.405737704918,937.233606557377,-2.6605092353499793,detected,1564.1482083980868,962.4342656641365,22.74253679548859,-25.581592245183078,34.22923957222777,26.5947709416503,-26.80158576895977,37.75720912845326,41.27265732161602,36.83059414154011,207.43815502503546,-3.5932865238642084,-11.253164308242642,36.04126987526172
1099,18.334983333333334,1565.3334200969273,962.2346335477633,13446.5,1516.2008032128515,938.1726907630522,-2.68619103276296,detected,1564.5963313722668,962.0124851458833,24.84170507766823,-23.034577908362134,33.8777521477186,26.064631786715434,-27.0451681581013,37.56069955255138,41.479458082579725,36.386481616297594,207.2591944727429,-2.4628130207809273,-10.782853760025922,35.97966391820424
1100,18.351666666666667,1565.8117845117845,961.8217483476742,13365.0,1515.3734939759036,938.8273092369478,-2.7138493279719644,detected,1565.0296816014693,961.6151814432009,21.644789051876344,-18.18876916437383,28.272393192213183,25.536504572019005,-27.193709370112312,37.30430129439341,41.93794424253059,36.003961374458534,207.1849135472339,-0.6571192179771767,-10.291838771941945,35.856504985221775
1101,18.36835,1566.0556345582916,961.6277349499787,13361.0,1514.405303030303,940.9280303030303,-2.7604259746402473,detected,1565.4240191289114,961.2002670515271,12.070298533241814,-21.156319493351123,24.357380014819498,25.067793829366085,-27.422716242828958,37.15373000933176,41.89625313788179,35.69212101096771,207.1890219840361,0.829772448074107,-9.767708037711023,35.846778562324886
1102,18.385033333333332,1566.2145301395103,961.115832487246,13296.5,1517.7381974248926,935.0042918454935,-2.6475089683521373,detected,1565.8032409283674,960.76736535497,14.81245182462358,-26.043227848404836,29.960948680252493,24.63698135249784,-27.61234613621472,37.00570914479897,41.96715962692818,35.457426384249864,207.31124759925746,1.815159484222459,-9.221420771021986,35.8383580577183
1103,18.401716666666665,1566.5498767008398,960.758759247437,13314.5,1517.452205882353,935.7316176470588,-2.6701819064027355,detected,1566.157211457105,960.3381474151707,14.932461640825833,-28.90679176674054,32.5358420960705,24.15439516677187,-27.809648900497834,36.83492063031401,41.95925525666073,35.3034378231893,207.53790035126215,3.825096072472414,-8.560446590402078,35.82638876602561
1104,18.418400000000002,1566.7127766095925,960.1513092019625,13316.0,1515.5217391304348,938.6763285024155,-2.7443841076443958,detected,1566.4984370346335,959.887168565206,19.053440916500826,-18.547246374832998,26.590110169898576,23.720457420529524,-28.07512023078775,36.75421712147249,41.83292631621704,35.23073192936086,207.62217594395617,5.480887677339666,-8.000178589716546,35.87296501189974
1105,18.435083333333335,1567.1856265127537,960.1398994600634,13427.5,1519.9461538461537,931.5384615384615,-2.5971707992374666,detected,1566.817449226467,959.4307039461628,20.185989013924456,-11.82400171884936,23.39404131648979,23.285675307192452,-28.34681420672083,36.68466369182553,41.91837830405964,35.237039861850945,207.82863543378554,5.95239440476665,-7.359529230940545,35.93886308275867
1106,18.451766666666668,1567.3863157763572,959.7567816779435,13375.5,1518.8068669527897,932.7811158798283,-2.634697353673545,detected,1567.120323327892,958.9573566328717,14.336364358282966,-28.671685080928988,32.05615180263239,22.990907730782986,-28.63613379839868,36.723425728071284,42.03318423651678,35.31758422658879,208.30692544383052,5.707370708839734,-6.662555092729864,36.11399115082003
1107,18.46845,1567.6639832035085,959.1832209011964,13415.5,1520.1107266435986,930.5536332179931,-2.599664854986282,detected,1567.3986240599402,958.4684287778596,4.7505549417729815,-40.736228187281625,41.012291562177815,22.694528710875918,-28.884685064003282,36.73372652829312,42.152170580737106,35.46557076541912,208.77713819110195,5.520549318154677,-5.986525741713592,36.24262923960162
1108,18.485133333333334,1567.544825959581,958.3975495307612,13426.0,1520.3167938931297,929.7404580152672,-2.596201742769349,detected,1567.6693323315023,957.9710814082838,8.320326377993755,-31.158265458906587,32.25004399135031,22.47427134911278,-29.18581954269209,36.836190561079185,42.01150434070663,35.672773579623474,209.25081164240697,6.133724913211721,-5.347384347623098,36.44599313629599
1109,18.501816666666667,1567.9416047603208,958.1435734437175,13528.5,1520.0150943396227,930.0679245283019,-2.611675119919121,detected,1567.9518094943683,957.4734192447586,18.25608932822742,-50.755034930602385,53.938468353920534,22.23090737184792,-29.45921740732812,36.906079889740475,42.026753764644646,35.93014661726529,209.67550042185468,5.6284187531390675,-4.730293356766126,36.60168107596754
1110,18.5185,1568.1539708068328,956.7040231985768,13679.0,1520.4010416666667,929.2083333333334,-2.6191643861658576,detected,1568.218971849445,956.9648761633734,7.893207852733181,-58.57985235360847,59.10923643540844,21.95502183238332,-29.76545572677162,36.986556183062376,41.8406763230187,36.22839931749662,210.0126934180829,5.869474266122597,-4.122735875215023,36.75606599169782
1111,18.535183333333332,1568.2049747956737,956.1889590368521,13622.0,1518.0627615062763,932.3389121338912,-2.697615684235839,detected,1568.4815353273518,956.4300933506132,4.895338619209068,-31.39439504084348,31.773768743686315,21.759452560224958,-30.03296896683521,37.08710019243304,41.81542139047372,36.55848771776141,210.36837323845702,6.180534448520325,-3.5905050658239386,36.912887641796054
1112,18.551866666666665,1568.3173119387604,955.6564968840473,13586.0,1524.3621399176955,922.9629629629629,-2.5020760992454076,detected,1568.7342121411634,955.8940134357503,2.7235228389622965,-34.90630551404784,35.012394109720574,21.649338740673194,-30.50556940590805,37.40699978195373,42.28761432116759,36.91198988571568,210.70398467697797,5.5162792058207275,-3.0382377828899045,37.283411108181966
1113,18.568550000000002,1568.2958496744004,955.0242519762,13641.5,1521.4214559386974,927.1532567049808,-2.6051613864386263,detected,1568.9660553551994,955.3415065186405,8.434831347556184,-28.330633816217915,29.55962097677077,21.555564173611646,-30.747765837013564,37.550864847703686,42.325353298523986,37.281352338966684,211.0890337690229,4.796337224582292,-2.582244399357254,37.46197358218726
1114,18.585233333333335,1568.598754144724,954.7111980690462,13672.0,1523.7709923664122,923.763358778626,-2.537357586841614,detected,1569.2130879760512,954.7774281928478,21.36693093574764,-48.54838680630491,53.04235665114824,21.66623488426555,-30.914158193294234,37.75064119800068,41.88166402271373,37.66000932527843,211.4576943990781,3.9828182391113973,-2.3487194412022205,37.677505594806895
1115,18.601916666666668,1569.0087929366232,953.4043541364297,13780.0,1522.2695035460993,925.6631205673759,-2.6059430894452857,detected,1569.4700502980477,954.196304372892,17.60010987937448,-42.18396906662224,45.708326527885454,21.83843758784402,-31.047457528980004,37.958687744599075,41.66800478843824,38.04238807008378,211.84944304857356,2.709022862557562,-2.1669888619181172,37.89678264133116
1116,18.6186,1569.1860111443657,953.3036596345232,13699.0,1523.2573529411766,923.9448529411765,-2.572828527531792,detected,1569.732291685554,953.598113504065,21.732664361508764,-18.373389092597368,28.458568604165055,22.11768966269812,-31.171285364872396,38.22095272640036,41.674723365547294,38.4238203649144,212.11395234843565,2.1746984282897657,-2.1627106221611214,38.15971580185737
1117,18.635283333333334,1569.7339395041522,952.79129538704,13747.5,1523.0734265734266,924.3076923076924,-2.593529534918163,detected,1570.012496251361,953.0099268845663,37.4862814841718,-15.339117192889123,40.503207475059895,22.47300922495044,-31.226262702139064,38.472270870949494,41.769459389149084,38.800384947236125,212.28002047289965,0.5312390099950056,-2.3231414067820673,38.40206556907849
1118,18.651966666666667,1570.436803403221,952.7918444241872,13712.5,1522.8810408921934,924.7137546468401,-2.6082436757073704,detected,1570.3281346652236,952.4498963002651,21.773451216891054,-18.564437741023873,28.613310303680105,22.88609237116095,-31.32865159957385,38.79764986527911,41.56982955320711,39.16870675510303,212.25353586620108,-1.040031880971178,-2.6355930264664984,38.70802609882909
1119,18.66865,1570.4604469930891,952.1718619810812,13602.0,1524.2112211221122,923.2970297029703,-2.5834744551238886,detected,1570.665740415385,951.8749170231933,4.375092257589755,-61.43998591919076,61.59556235649433,23.36507839955039,-31.309964144682287,39.0671312404485,41.323360561059474,39.52573873003827,212.3230277477018,-2.3060388280677024,-3.003401341319723,38.95151247052399
1120,18.685333333333332,1570.5827856482158,950.7417968940168,13694.0,1523.9496644295302,923.5536912751678,-2.6137510065997365,detected,1571.016567657852,951.2820800421484,19.747108303849895,-34.17605777276417,39.47089068226472,23.836624902286832,-31.30474468043545,39.34681341912674,41.14928613062042,39.868549712379625,212.31536446399522,-3.5323018692099835,-3.4099139550618034,39.19877820874839
1121,18.702016666666665,1571.1193421734943,951.0315208533966,13499.0,1524.8971631205673,922.8723404255319,-2.594425971163237,detected,1571.3947843274736,950.6962737413684,27.986305289689877,-15.391266697045372,31.939385941299836,24.340244197163102,-31.258613376247403,39.61752639657409,40.99844395317662,40.194138622317574,212.3555651946653,-4.43444587694087,-3.832527039742846,39.43171482795144
1122,18.718700000000002,1571.5165953680485,950.2282416285587,13558.0,1525.322033898305,921.8305084745763,-2.590403969867919,detected,1571.8064772211808,950.1251363014471,20.079906833499905,-45.40633264457835,49.64813896484074,24.842359799265047,-31.13217142430228,39.82907151802918,41.08053835758184,40.49929104390756,212.1458900441453,-5.777790291704577,-4.469218403376999,39.57753181858616
1123,18.735383333333335,1571.7893417315054,949.5164628874892,13495.0,1527.9728813559323,918.9728813559323,-2.5328290591101683,detected,1572.244746162808,949.56816923905,17.71289491887512,-42.11768899744107,45.69076901182864,25.314333382414727,-31.056706681203117,40.06662581848293,40.97408204332018,40.78048977059017,211.92029771325286,-6.202706952220016,-5.065518105582761,39.745125874757726
1124,18.752066666666668,1572.1076156285083,948.8229147390108,13509.5,1529.4491228070176,917.319298245614,-2.505487415211829,detected,1572.698724932235,949.0014904962552,37.393791106416636,-38.64260888807958,53.77310512688858,25.789377697209005,-30.867026877894506,40.22269695445549,40.78507479386915,41.03388594802551,211.66857679306403,-7.067561156555108,-5.743975916968367,39.81045203153627
1125,18.76875,1573.0370478947561,948.2270878375903,13644.5,1529.53355704698,917.506711409396,-2.526745160618131,detected,1573.178953644415,948.4452177478853,43.02240173126767,-23.775609902778047,49.15492525653621,26.253806643345744,-30.667146428383536,40.36999174295311,40.859386196406035,41.25533246482359,211.3731972204492,-8.414358572511514,-6.449722001193688,39.85144061929782
1126,18.785433333333334,1573.543129766275,948.0296018885881,13484.5,1528.5625,919.4305555555555,-2.5752589849837317,detected,1573.6821795799913,947.9081781718018,26.202029471423735,-26.83015004939145,37.502043945553396,26.6459395596177,-30.428348727683495,40.44614321920345,41.13273768150776,41.44047666288098,210.83662665213222,-9.660294241608275,-7.281743179900385,39.785257540580176
1127,18.802116666666667,1573.9113222781193,947.3318551642756,13417.5,1530.4769736842104,916.7763157894736,-2.528529639778084,detected,1574.1913364470104,947.3835824867898,25.968463799724052,-36.213275683341,44.56189457187873,27.01330229170359,-30.20951473339047,40.52571135871515,41.26159364685289,41.584905629920506,210.60945984435034,-10.708825579486316,-7.867026797475056,39.75478801978076
1128,18.8188,1574.4096108417257,946.821285589954,13405.0,1532.1648745519713,914.3906810035842,-2.4868695689043823,detected,1574.7260392442556,946.8736022305604,30.00790035252726,-33.05454456835491,44.64389096157017,27.30266749583884,-29.974428284142608,40.545061392844666,41.25881302008891,41.6843344253629,210.20022763215243,-11.41086750087127,-8.519114740259194,39.63996326173678
1129,18.835483333333332,1574.9125858865486,946.2289351938448,13365.5,1530.324414715719,917.9966555183946,-2.577133641741178,detected,1575.2731372954145,946.3713111532754,42.73566556018598,-31.327362947912395,52.98811923575228,27.51183477464709,-29.7648880038626,40.532081251151716,41.36827562763556,41.734825557537626,209.64089418091973,-12.87472461795917,-9.191103148131413,39.47623631338699
1130,18.852166666666665,1575.8355575492506,945.7759959129253,13375.5,1527.4982578397212,922.6898954703832,-2.6960216172664686,detected,1575.8366745387225,945.8933237412305,46.82357486026339,-21.614962811363473,51.57183126505511,27.705143353018254,-29.476785205315114,40.45313132813794,41.49889154344979,41.73302683309416,209.13336133923622,-12.142050750948979,-9.84953722130481,39.23572926272311
1131,18.868850000000002,1576.4749325010528,945.5077159347056,13457.0,1528.0588235294117,922.3607843137255,-2.695631654652832,detected,1576.4080933101145,945.430133899432,38.65251690894029,-29.021606769134078,48.33498446113502,27.83572727535607,-29.1628248147232,40.31498560240642,41.46899733932929,41.676414305023854,208.65028797386225,-12.08938637387368,-10.445116033891102,38.938382287413894
1132,18.885533333333335,1577.1252631967789,944.8076416337285,13535.5,1530.0403225806451,919.608870967742,-2.6502011546248987,detected,1576.990507916189,944.9787651743915,19.895235807287044,-38.28997424563425,43.15023216112389,27.898982818163848,-28.864360473909308,40.14354926829439,41.50885425069492,41.56352736050492,208.2170676945731,-11.616658957937272,-10.93608876810428,38.625205634561
1133,18.902216666666668,1577.1387702024892,944.2301071273763,13457.5,1529.3667953667955,921.8301158301158,-2.703138059402331,detected,1577.564270121855,944.5405358607279,12.361631126071739,-35.69439526669188,37.77432696358601,27.85382895608242,-28.662681630967676,39.96730045665966,42.18730459816804,41.394183778195575,207.90125108745693,-11.583394587164916,-11.203295686577265,38.3649745412665
1134,18.9189,1577.5377296220188,943.6166386449966,13382.5,1531.6763636363637,918.3454545454546,-2.6379557280212063,detected,1578.1307427986098,944.1376666958226,30.442590134559786,-21.922137071312036,37.514415734143995,27.8387419908115,-28.519775507868733,39.85439938890311,41.790773338536646,41.169663471824485,207.509037906563,-11.394436338032005,-11.51828067433384,38.15366772615011
1135,18.935583333333334,1578.154537959979,943.4986384870969,13343.0,1532.1623616236163,918.09963099631,-2.6370265007943674,detected,1578.7060874143822,943.6925430028562,41.74197086536628,-45.334266711875976,61.62457196629112,27.711736126926496,-28.4245791940425,39.697569466238065,40.87927868063512,40.89285023764614,207.06548911293808,-11.01408442162751,-11.743512956451594,37.92079805289507
1136,18.952266666666667,1578.9305200498932,942.1039852790436,13495.5,1531.6219931271478,919.2371134020618,-2.691348485557892,detected,1579.2650508022916,943.25189028951,46.186751895347115,-32.52357953940716,56.488930567842175,27.531113886368537,-28.338733345215875,39.510075163626865,40.94123595649214,40.568320979972256,206.6543158371323,-12.212690819849508,-11.892423901459308,37.67779575802496
1137,18.96895,1579.6956359148871,942.4134350497986,13370.5,1531.0245614035089,920.4912280701755,-2.718393240486008,detected,1579.8226127214825,942.8166294886241,49.34406923438928,3.8850780038194292,49.49677766990458,27.223549036698664,-28.27484997153198,39.250334559926735,41.55551877909846,40.202371856595065,206.3671581616974,-10.589922322843249,-11.833913291602212,37.42388621285902
1138,18.985633333333332,1580.576967160014,942.2336173817711,13378.0,1531.3589743589744,920.7692307692307,-2.73035072880327,detected,1580.357411491545,942.4089470731165,43.629946901964594,-11.126758138020971,45.026403513163984,26.8318223868238,-28.388480539485144,39.06216225375633,42.29931867282275,39.80297110265141,205.97930908822218,-9.996329850741633,-11.685052571551692,37.27347671386262
1139,19.002316666666665,1581.1514218098494,942.0421722199267,13310.5,1530.7805755395684,922.9136690647482,-2.7786610929292723,detected,1580.8696582960551,942.0030969486817,42.97712011204428,-13.168538315840959,44.949340979605616,26.442322140453978,-28.469538906526264,38.855000266757884,42.08247997711476,39.379629406418665,205.78552364606497,-8.999827257675628,-11.425073740800334,37.137295751670315
1140,19.019000000000002,1582.0109704010858,941.7942271532992,13384.5,1533.080586080586,919.4102564102564,-2.7125476512072564,detected,1581.359545772816,941.5620800275067,44.08924574767348,-21.369503728999607,48.99507404038157,26.088808704585407,-28.643686118332507,38.74386008221181,41.986789819493644,38.94318085535786,205.45243912818802,-8.3050317798253,-11.24673016638805,37.075568163339895
1141,19.035683333333335,1582.6225329762967,941.329143112169,13444.0,1532.3003802281369,921.3498098859316,-2.763650460678939,detected,1581.82886609355,941.1309644144051,27.41720412604291,-48.60209661149053,55.8020329120881,25.690705359001132,-28.776189188010346,38.57565820601345,42.09109041563875,38.50547093756668,205.1506276523187,-6.98423266899317,-11.025198302400591,36.96655797365933
1142,19.052366666666668,1582.9257911120915,940.1725371963624,13599.0,1533.6971830985915,918.3485915492957,-2.7243090575288194,detected,1582.2818495525141,940.6809075063263,26.60429375591693,-30.852421202146793,40.73892905177795,25.337978054277677,-28.83792475566006,38.38800640945253,41.9170683769284,38.078953417938465,204.82086161619105,-5.612642925512037,-10.891716129662546,36.81045443679034
1143,19.06905,1583.5102295779525,940.2997006580574,13474.0,1533.1666666666667,919.594696969697,-2.751405162141586,detected,1582.731293449539,940.2449205368508,32.59837379763704,-2.9990268965289064,32.73603727662487,25.024107934645482,-28.82119584427336,38.168931185176596,42.62763962210377,37.67620563339466,204.50758365710777,-4.319691752991886,-10.814168970630496,36.60493214436272
1144,19.085733333333334,1584.0134901844726,940.0724696655816,13516.0,1533.3863636363635,918.7765151515151,-2.7434180684738054,detected,1583.1633828737274,939.8353991320259,27.443035941588047,-19.936495777424728,33.92026069437803,24.607307351364813,-28.97777558435076,38.016194613631804,42.385449241464514,37.30938183539708,204.36519034054808,-3.1990940120123788,-10.460832078108911,36.548625762607486
1145,19.102416666666667,1584.4259122105368,939.6344862489507,13502.0,1533.4856115107914,918.7589928057554,-2.752663993450916,detected,1583.5627637167568,939.3721259144813,18.5069647520075,-24.977324155312772,31.086564079866065,24.178750691117436,-29.182895284141015,37.897933481238155,42.30463897005693,36.98963565273431,204.11821906748983,-1.848098365305469,-10.143314208402215,36.51529185174312
1146,19.1191,1584.6310059083646,939.239059616266,13455.5,1534.5546558704455,916.8906882591093,-2.7218316249429093,detected,1583.9502211376205,938.9344382857076,12.290838431192503,-36.49753351390706,38.51148740233811,23.759911690273018,-29.306719426338287,37.72820174701793,42.61061007672813,36.726553526677016,204.10536150575183,-1.104491942444814,-9.718621937222574,36.454980382727165
1147,19.135783333333332,1584.8360165195243,938.4166852140366,13479.0,1535.8446601941748,913.7087378640776,-2.6744848245509263,detected,1584.3158964114484,938.4818338045305,20.619897613546847,-20.409973992224597,29.012880173406423,23.360255466378277,-29.472618562102856,37.607669169488105,42.57017616832347,36.52764836669054,204.09184005364045,-0.10472368196754357,-9.294661617704696,36.440994028347156
1148,19.152466666666665,1585.3190231587366,938.5580468173921,13335.5,1535.285140562249,914.9437751004016,-2.7006230202777495,detected,1584.6609788870499,938.0227886943433,22.331511788872664,-10.357151093509904,24.616396924618197,22.93522154865308,-29.706494629096035,37.52999081580373,42.64548183072466,36.39796392602091,204.22191010492986,1.454614129490149,-8.72834310511444,36.50090734863605
1149,19.169150000000002,1585.5811446295463,938.0711016058832,13326.0,1534.7912087912089,915.8827838827839,-2.7297157761325446,detected,1584.980853785591,937.5495316149069,10.169660787199915,-30.249945092877663,31.91365191652038,22.518121873326212,-29.97563129019018,37.49138946408096,42.42538049217769,36.33983353119932,204.446138262719,3.403752710681049,-8.094343748083523,36.607183492250016
1150,19.185833333333335,1585.6583508403362,937.5487069827931,13328.0,1536.2892561983472,912.3636363636364,-2.669867264646205,detected,1585.3023821744712,937.0626173990523,16.775016562679138,-33.81985115495738,37.751602784804135,22.16972153719812,-30.25909010588218,37.51145274543234,42.12285863646376,36.352821545600484,204.63546884097542,5.5928117268411,-7.538487153541521,36.746160323341165
1151,19.202516666666668,1586.140871015521,936.9426459056795,13390.5,1534.4105263157894,916.2,-2.7602448605358623,detected,1585.6128861465377,936.5696197531349,12.950580942855936,-33.884364668832006,36.274890982163605,21.83561825013159,-30.468149808934054,37.48469523879216,42.14856656667371,36.433854387466944,205.00946955515667,6.360887069107113,-6.907305248730257,36.842794564826264
1152,19.2192,1586.0904685577962,936.4180986816764,13413.5,1536.2039215686275,912.843137254902,-2.7001276014643225,detected,1585.9076191591503,936.0657162412217,1.4314956146282436,-32.36795239425325,32.399591384635464,21.499022580657076,-30.726295561814243,37.50084280220337,42.24308487559811,36.577524334167805,205.43288183146393,7.955843620922977,-6.220015707867745,36.98140905197431
1153,19.235883333333334,1586.1886352525291,935.8626352274579,13295.5,1535.8220640569396,912.9501779359431,-2.714659782238731,detected,1586.184771583305,935.5530370039198,9.26294590206064,-30.581722610640714,31.95377793968462,21.211928622122972,-30.993680579598884,37.5573448441213,42.10715003051756,36.77652890026006,206.1360131531096,9.240156193298542,-5.390201588142064,37.16853344671317
1154,19.252566666666667,1586.3995421860616,935.3976885372347,13397.0,1538.9607843137255,907.2196078431373,-2.605605035753143,detected,1586.4569394181876,935.020426460199,11.242730155762084,-27.591604430442413,29.794221191386953,20.918911748867206,-31.2397920858995,37.59688123138837,41.678330176033434,37.0221954394767,206.74354861109168,9.672018774407281,-4.6233672262639,37.31152575033929
1155,19.26925,1586.5637676820597,934.9419953596288,13361.0,1538.1028806584363,908.8518518518518,-2.64771815897136,detected,1586.7292538602396,934.4746583708038,6.455060571489547,-29.902542017214962,30.591335800728043,20.732802481125816,-31.45153956498841,37.67025935309456,41.43790233400031,37.30503656367363,207.1558251062775,9.016830740794564,-4.092533428383948,37.44729108850156
1156,19.285933333333332,1586.6149260404636,934.3999403852603,13419.5,1539.0314960629921,907.9842519685039,-2.6348081683412636,detected,1587.001259636921,933.928470412513,6.784588164499347,-42.42622617843077,42.965280219093515,20.58757604640116,-31.628323455272614,37.738562930478665,41.36852674086987,37.61528621537204,207.58287407939682,8.14996701846691,-3.6027355629042894,37.56620061333703
1157,19.302616666666665,1586.7901467738152,933.5263736128085,13501.5,1537.250909090909,909.6290909090909,-2.692131216435579,detected,1587.267865290544,933.3679435492547,23.035696555574056,-61.30934074165636,65.49411101753356,20.52448955227727,-31.8304520463072,37.873900628979335,41.409147686988995,37.943376263485845,208.06407442396286,7.684661670356876,-3.1363492740215104,37.743816209879284
1158,19.319300000000002,1587.383550448868,932.3542520491803,13664.0,1538.787456445993,907.0487804878048,-2.661498465460618,detected,1587.511923155816,932.7884089960368,12.58256227098703,-32.13271425635015,34.50843663198196,20.440668084047886,-31.999352749860037,37.97077149772162,41.5090444900482,38.28032627519658,208.5048534821153,6.354384168188304,-2.6916290451071294,37.87525077429488
1159,19.335983333333335,1587.2099849349238,932.4542120471216,13497.0,1539.2169117647059,905.6985294117646,-2.633016769817853,detected,1587.747058092134,932.1975797722764,6.055498511036726,-13.115555715493038,14.445998198233658,20.383101296708045,-32.183113411150096,38.0949288922661,41.61109940268979,38.618032070500874,208.84973856225756,6.514812835377923,-2.3245069274301873,38.02394344161504
1160,19.352666666666668,1587.5856022491862,931.9166296734734,13516.0,1536.389891696751,910.1516245487364,-2.7396090432030147,detected,1587.9844721280265,931.6099496561525,6.03436684674374,-34.282647338164445,34.80967526068052,20.36927788313486,-32.29798317274797,38.18464610949639,41.258370441243954,38.94945000697842,209.20275387818046,6.702236750561148,-2.0220765621474968,38.131068761369534
1161,19.36935,1587.4113316420435,931.3103143809382,13402.0,1540.5666666666666,903.737037037037,-2.6095896316675544,detected,1588.2196421624446,930.9737498772508,2.107777156189067,-65.07812758777695,65.11225241743007,20.486791392038093,-32.47643907696691,38.39827752205598,41.03288902782733,39.26868257303652,209.54523855455852,5.967981725116779,-1.8083482258698105,38.35567224485608
1162,19.386033333333334,1587.6559317469644,929.7451894829612,13616.0,1540.7342657342658,903.3426573426573,-2.6290559607536146,detected,1588.466756957859,930.3469775259025,22.504848132254892,-62.0507818315751,66.00581576926072,20.684772537840995,-32.48292329228077,38.50974059318522,41.070129011614625,39.57097643122676,209.82084459415066,4.927574155849407,-1.792369161378275,38.468006620356064
1163,19.402716666666667,1588.1622434080564,929.239886627158,13583.5,1540.3498098859316,903.8098859315589,-2.652775265496509,detected,1588.732821456813,929.7474023125988,34.150503113108,-25.158838022853196,42.417260561457326,20.98372812322523,-32.53369392735264,38.713797107854134,41.261811181531925,39.85264710721931,210.05333818709735,3.6679166819502336,-1.8695978045180723,38.668626696036625
1164,19.4194,1588.7954202008384,928.905722920932,13676.0,1541.824427480916,902.0381679389313,-2.6220135157376787,detected,1589.0165717503903,929.1532025884878,29.048593271649935,-28.96168730403401,41.01950880445048,21.312514262375256,-32.52015232781071,38.881661122024624,41.063465333736275,40.110946143551004,210.1757934694143,1.8036957611731474,-2.077987329947124,38.82609354885629
1165,19.436083333333332,1589.131498136887,928.27353166078,13731.5,1543.200680272109,899.5510204081633,-2.5827467900589625,detected,1589.3202358910837,928.5478127027869,27.137837025847954,-19.759442233250795,33.56929781527548,21.761850352990788,-32.35739988860018,38.99460806748477,40.92124329647714,40.343887462570144,210.33010144156034,0.6193579119063561,-2.4434367173448557,38.91797881885799
1166,19.452766666666665,1589.7009193629342,928.2464161984159,13614.5,1544.3874538745388,898.1660516605166,-2.5555575903311554,detected,1589.6441734221123,927.954010889722,27.990149907176477,-15.460408890921153,31.97612757825258,22.274829403759547,-32.20900294129842,39.16105074483014,40.600754257631124,40.550049934091426,210.20581014284096,-0.2987232562156922,-3.0458437059570507,39.042422204033954
1167,19.469450000000002,1590.06543613879,927.7576693507863,13598.5,1544.9550561797753,897.3183520599251,-2.5479981751139693,detected,1589.9850987325137,927.3358977384318,13.682764615909658,-61.93796847869916,63.43130131727332,22.780432796244583,-32.11642012504067,39.375278539107924,40.378029670290545,40.728372488517,210.20744668548747,-1.3685897229074233,-3.5282571497438724,39.21688362832537
1168,19.486133333333335,1590.1574676089517,926.1797526501766,14150.0,1544.3115942028985,898.0833333333334,-2.59178171828388,detected,1590.3516933366448,926.7349251327511,21.135402253305315,-45.01324248515168,49.72823370517082,23.32354468845038,-31.89146276350457,39.51016494562052,40.33279846815056,40.877956602765224,210.12461362914442,-2.735766515433077,-4.1676087676624505,39.28974638744622
1169,19.502816666666668,1590.7706540606418,926.2557274931984,13538.5,1546.3188405797102,895.2934782608695,-2.5331958993660275,detected,1590.742830577157,926.1447318542143,28.82022357793717,-20.74702731210078,35.511187383292906,23.8922881537445,-31.58659693205949,39.60498123935864,40.30544490513847,40.99788899066237,209.90585697712172,-3.5308411744118233,-4.96259898702991,39.29283840935749
1170,19.5195,1591.1191024023356,925.4874935055295,13473.0,1544.6849816849817,898.9377289377289,-2.6221871254517146,detected,1591.1573244698252,925.566693264119,26.932455862033866,-38.43504449206932,46.93197016818866,24.468706451834098,-31.26163056231917,39.69895642004907,40.27565675002337,41.08709523102885,209.6515368176747,-4.5092296580546085,-5.798664669066278,39.27317951091658
1171,19.536183333333334,1591.669300337905,924.973278175313,13416.0,1545.9691780821918,897.2979452054794,-2.597076261112911,detected,1591.593590496803,925.0006192289495,27.959075909260168,-38.605974672591046,47.666877453012525,24.993770613842507,-30.897140772523436,39.74068290070652,40.08187797366702,41.144232932339975,209.35021393573024,-4.885886435854035,-6.641444539143622,39.18179541378862
1172,19.552866666666667,1592.0520035685079,924.1993408172874,13451.0,1546.5167785234898,896.2315436241611,-2.5907963647195142,detected,1592.041685763334,924.4323509016617,28.456436227586618,-40.357023665144645,49.380746469486965,25.508640305320053,-30.551777501005425,39.80077686047271,40.4618040271798,41.16763068300173,209.17696617920467,-5.147091091383918,-7.377799367857584,39.110994812006254
1173,19.56955,1592.6187967600322,923.6266988190193,13477.5,1547.5220338983052,894.9593220338983,-2.5753459651098325,detected,1592.5256595840976,923.9204601933302,27.61054449689385,-32.94902082810782,42.988139538087,25.973570397759683,-30.224054859334604,39.851221453644875,40.64531586119463,41.15527641712673,209.0822009971107,-6.374163427396111,-8.00808481598718,39.03832000646802
1174,19.586233333333332,1592.973275403221,923.0999418223229,13464.5,1549.28880866426,892.3068592057762,-2.527587161863807,detected,1593.023038564479,923.4033149999302,22.638846181018412,-25.809388475660374,34.33135432655348,26.426819321563663,-29.79005868767295,39.82241047537892,40.42235533843704,41.104856139707664,208.81627216606176,-7.486414586594899,-8.79549806237037,38.83894424291691
1175,19.602916666666665,1593.3741795942722,922.7655255568815,13408.0,1546.6482084690554,897.5081433224756,-2.646039314860276,detected,1593.5336410965972,922.901618903461,24.775775975717828,-29.809945206354538,38.7617325258407,26.80391060266376,-29.352754234834276,39.74963905202376,40.27902090986771,41.013841411497964,208.6006675958212,-7.966172144279977,-9.482002941999479,38.602142751071284
1176,19.619600000000002,1593.7999604616107,922.1052833172708,13489.0,1548.4761904761904,894.7985347985348,-2.599350265968205,detected,1594.069983135016,922.4153584915786,32.147264788347016,-37.23618288455276,49.193291709174694,27.155441708804172,-28.939801901913203,39.68538961031176,40.051730956006324,40.879621638738215,208.2864939873109,-9.728896890342577,-10.198773501029983,38.35251188119142
1177,19.636283333333335,1594.44682666271,921.5230782546336,13479.5,1546.9897260273972,898.0719178082192,-2.682632021184247,detected,1594.6139128116156,921.9391180156575,27.496568072992712,-26.204071828111555,37.98308355262316,27.39712548446291,-28.501187683431073,39.53378535098265,39.94808737056685,40.69967505815721,208.05099919049414,-11.142112898455343,-10.775876418724991,38.03683309091251
1178,19.652966666666668,1594.7174292829795,921.2309407872729,13451.5,1546.9084249084249,898.5201465201465,-2.698118425080871,detected,1595.1553414598266,921.477015533351,25.854210612221678,-18.815444178177877,31.97594636603026,27.606615580691148,-28.065120909710647,39.367197455454416,39.856249955559456,40.47177048024428,207.4871420935907,-11.356245480854113,-11.536783344929548,37.638794687780496
1179,19.66965,1595.3094954901378,920.895269600555,13452.0,1547.3450704225352,898.7218309859155,-2.7085661031838115,detected,1595.7088984696168,921.029344994672,30.448751298398427,-25.61614025204143,39.790867005432,27.733886650178025,-27.604504482655685,39.130258578980545,39.87920768470651,40.1941905067724,207.21801527649853,-11.125152335513961,-12.037304748164352,37.23278704123156
1180,19.686333333333334,1595.7334026179694,920.3762155741964,13471.0,1547.0739299610896,899.4046692607004,-2.7346628449666035,detected,1596.261514183573,920.6059369110774,33.221254096085474,-30.258133814982667,44.935580397743536,27.815754035647178,-27.16402052821399,38.879302769325136,40.07493766822265,39.8659660639908,206.82054288490158,-10.91946898399866,-12.567110097909076,36.7922264563574
1181,19.703016666666667,1596.4179780018105,919.8856565355951,13440.5,1547.4214876033059,898.8388429752066,-2.7358680418204018,detected,1596.8096867288834,920.2012768922119,39.95348367231339,-21.00947867397458,45.14065852096096,27.82193103639086,-26.74637114787627,38.59311099372059,39.85209279970123,39.487111542605504,206.43766538962097,-10.485502699627673,-13.004169227155574,36.336205069945564
1182,19.7197,1597.0665171898356,919.6751993024415,13380.0,1546.9956140350878,901.1447368421052,-2.787138458988495,detected,1597.3545092103288,919.797722827833,37.22684168525274,-20.85255109636546,42.66927031348677,27.769719234092914,-26.373032546617555,38.297443152843755,39.022322779389235,39.05884950707175,205.90121558844294,-10.218136773549833,-13.459918494646088,35.854215179847166
1183,19.736383333333333,1597.6601136193751,919.189876414013,13378.0,1550.3027888446215,895.7091633466135,-2.681294559752915,detected,1597.9214611791049,919.3856285162053,32.59288918194364,-27.29904488316268,42.51510645358176,27.649408283226386,-26.10538242263107,38.026053829504356,39.47145159165743,38.58381380214584,205.44267244479857,-9.744263523609328,-13.752770725923908,35.45196845316961
1184,19.753066666666665,1598.1540332588731,918.7643211715066,13430.0,1550.948717948718,895.3333333333334,-2.680858604898,detected,1598.4718658864188,919.0302568332443,42.36658770497496,-13.083710413522683,44.34085285544536,27.40182366423416,-25.895142626268388,37.70170223956161,40.491154974313126,38.06621984900919,205.0675954676121,-9.074799669321566,-13.849366247702571,35.065843869748264
1185,19.769750000000002,1599.0737454291311,918.7533166098818,13354.5,1549.9066147859921,897.6225680933852,-2.735685445402514,detected,1599.0284623117227,918.6884444661641,45.26050355671976,-4.038741908109793,45.44034131042773,27.058715758774394,-25.727512317998535,37.337367188741524,40.17127754525053,37.51199078622562,204.47154383373828,-9.111491072123394,-13.97055631692514,34.62517212639578
1186,19.786433333333335,1599.6642253942157,918.629561816506,13381.0,1550.1015625,897.91796875,-2.745762164342526,detected,1599.5538111600247,918.3336948926564,35.73403072336291,-36.83719852979088,51.321536875482124,26.61892773542137,-25.492714921401724,36.857100100895664,39.75060941837314,36.92882769998446,204.10242487454332,-7.930238978132801,-13.88777009343586,34.14052825718008
1187,19.803116666666668,1600.266070920934,917.5241820856045,13484.5,1550.6215139442231,897.6334661354582,-2.7605152231044303,detected,1600.053366796419,917.975883830013,30.780752075180903,-44.87710265541247,54.418829839111595,26.168167747661354,-25.55232328086152,36.57450243433807,39.3608038085447,36.32621151148487,203.85842558075035,-7.526234451523137,-13.596682490125266,33.95326867301766
1188,19.8198,1600.6912764884576,917.1321624912371,13551.5,1550.564393939394,898.3636363636364,-2.7833302451090067,detected,1600.5490281415039,917.6054801814555,34.92206387324852,-4.650822192144022,35.230394437618614,25.673123334086274,-25.56962907562423,36.234171617303645,39.08479687234131,35.71532342729789,203.51505152520943,-6.939285477019053,-13.339080874591646,33.68952528922479
1189,19.836483333333334,1601.4313037855047,917.3689996517933,13402.0,1551.0193798449613,897.8139534883721,-2.77155613492372,detected,1601.0268369860514,917.2432299922796,40.33133863028272,-11.81457254663907,42.026194214683926,25.243924597650597,-25.59098478128203,35.94654686013216,39.1098698897419,35.10887078676911,203.34527704397257,-6.567243198390939,-13.036324001972375,33.49938040745346
1190,19.853166666666667,1602.0369988207547,916.7379495872642,13568.0,1553.3818897637796,893.0866141732283,-2.689125306731633,detected,1601.4802137230588,916.8669990559345,31.423323865795904,-24.90843101527189,40.0980700086333,24.831565782917416,-25.596863883466337,35.66239055223385,39.17639378764809,34.52080649064717,203.20959633220474,-5.519873162793597,-12.734313149845361,33.311309918730814
1191,19.86985,1602.4797953584934,916.537888336917,13487.0,1552.3826086956522,895.5608695652174,-2.7450477086123715,detected,1601.9215449065384,916.5075214224246,27.101241485538125,-12.45305757445569,29.82542427208976,24.450110034526652,-25.548724728261366,35.36304873651216,39.50026297868726,33.965934028450015,203.23960389691993,-4.576278297001579,-12.385354350539593,33.123227704324115
1192,19.886533333333333,1602.9412769116555,916.3224325661965,13470.0,1552.5102040816328,895.6775510204081,-2.7530363522377193,detected,1602.3388057945133,916.1540020224932,27.617090669267593,-12.990338797085409,30.51970837176544,24.10312338645464,-25.527376712013112,35.10851063174976,39.03593444353368,33.4593976674967,203.30842302413959,-3.4319663006171868,-12.03533898606055,32.98117848516479
1193,19.903216666666665,1603.401285617158,916.1044440323876,13482.5,1554.16,892.428,-2.6934023331811727,detected,1602.740784915251,915.7653745326331,26.68864047506134,-18.686056467729667,32.57993610678609,23.65884302238966,-25.682103899489153,34.918638488094466,38.95304028766628,33.01606962452273,203.41393009242867,-3.011652464179608,-11.505404017392651,32.96872748922525
1194,19.919900000000002,1603.8317878821733,915.6989411487233,13426.5,1554.0980392156862,892.4,-2.7034828435395144,detected,1603.1315646868334,915.4014332057516,20.247699197660914,-21.628372947963122,29.626944479226026,23.247767689247066,-25.82635409015825,34.74851461751184,39.41092729461607,32.649862944846895,203.50224162596274,-1.2357420509311217,-11.020075613136664,32.95477509563954
1195,19.936583333333335,1604.0768838470533,915.3827773216906,13399.0,1555.447488584475,890.0913242009133,-2.6620059041662167,detected,1603.4943320497805,915.0260397252596,23.14704528795095,-17.49747261609801,29.01632736087653,22.879980528166346,-26.0399191713855,34.66368271579869,39.50046252490151,32.37301832893761,203.54393438692873,-0.4762488656732436,-10.573612901433371,33.01165869253169
1196,19.953266666666668,1604.6041276266146,915.1151088124328,13341.0,1554.8884462151395,891.3147410358565,-2.6951057079585103,detected,1603.849386325423,914.6472123067163,15.212085238363397,-45.13467143555613,47.62925679553314,22.52174619568433,-26.29711778778154,34.62322133550369,39.44844962745847,32.19543085977909,203.52082743241195,1.2925801235719752,-10.155811495736202,33.1002560188037
1197,19.96995,1604.5844604245067,913.8767837847909,13419.5,1553.7336244541484,894.8515283842795,-2.78357748643711,detected,1604.1864382665906,914.24970182743,12.900294093703671,-31.034047827028846,33.60847679134476,22.175766449815534,-26.611629281958507,34.64019963391025,39.42894473373633,32.124092334696634,203.67279063775183,2.6342835007430203,-9.624838314522455,33.27620648596316
1198,19.986633333333334,1605.0345674395412,914.079606083271,13370.0,1554.5128205128206,892.8076923076924,-2.7430769451636507,detected,1604.5122667984501,913.8428058095227,19.82307090134849,-6.896855440804979,20.988586301398445,21.869288128824362,-26.9800766733176,34.73025051104058,39.58669672836396,32.16272081150731,203.8389769652775,4.508509499511745,-9.099034762519937,33.51712796392448
1199,20.003316666666667,1605.2458902235817,913.6466587082493,13403.0,1554.7522935779816,891.6513761467891,-2.730773552773951,detected,1604.819770606077,913.4224383021971,10.511086932158403,-28.874561413611037,30.728215784906656,21.57867218577938,-27.37635382055425,34.858339630703924,39.836922130362616,32.31162838131516,204.29450027808167,6.175512907686161,-8.404357175986561,33.83002545473395
1200,20.02,1605.385287373511,913.1161582174368,13374.0,1553.4932126696833,894.1809954751131,-2.79171038684697,detected,1605.1172318255262,912.9959365290636,7.355565713568522,-24.037445202362026,25.137683242955823,21.27756980822922,-27.781050628459884,34.99316720397167,40.02342367728415,32.56784389590802,204.6751412406569,6.402413779950081,-7.736867215846621,34.12715394886419
1201,20.036683333333333,1605.491320932891,912.8446092866639,13413.5,1553.3185840707965,895.1194690265487,-2.8140876595208617,detected,1605.3973249166231,912.5502894557953,17.76714679979361,-20.754965166276488,27.321055698101542,21.011393968732413,-28.23300842995003,35.193485782384705,40.146873938575716,32.92546762086714,205.1668956182311,7.005827884954927,-7.010575099664351,34.48816142224575
1202,20.053366666666665,1605.9781178383973,912.4236342130554,13527.0,1557.1406844106464,886.9695817490494,-2.661129528467826,detected,1605.6679980203935,912.0894461402812,15.930816896750049,-22.358827469292077,27.453744604322136,20.81803445435696,-28.73800950803646,35.486106422468886,40.627871301413414,33.376200298154835,205.52893002400882,6.890942264549305,-6.40039642913241,34.90413549390296
1203,20.070050000000002,1606.0228791900126,912.0985697434385,13564.0,1555.9795918367347,889.6285714285714,-2.7195612884823186,detected,1605.916053489271,911.6215305268646,11.44932698736255,-28.72118979580564,30.919149919592524,20.65857648531362,-29.25337697372665,35.812523602317015,40.986372287215055,33.90996872996465,205.86483583812065,6.609934654718778,-5.82734320647881,35.335236208640495
1204,20.086733333333335,1606.3601437155423,911.4653038468687,13452.5,1556.8076923076924,887.0299145299145,-2.6834628059942798,detected,1606.159172098647,911.1297263984723,17.77802208387122,-36.03530896850191,40.18210499301905,20.550207571001565,-29.703352701435758,36.119249617304355,41.0455556510118,34.515567185107884,206.1038049458637,6.594539821152269,-5.384612935600936,35.71562874220332
1205,20.103416666666668,1606.6160725268778,910.8961916008561,13549.0,1557.2936170212765,885.8212765957446,-2.671257659086443,detected,1606.3942233261237,910.6228135147894,15.255425770123178,-28.181740826960127,32.04588166154412,20.465066854247574,-30.18198312748925,36.466026200518044,41.21204811481306,35.181246177571396,206.4047443334759,5.740260385441419,-4.9078375269084535,36.13425241604339
1206,20.1201,1606.869166422072,910.5249730946091,13628.0,1558.4701195219122,883.5338645418326,-2.632873350698169,detected,1606.630588602801,910.1019978784923,0.23001681168895086,-24.83431483080783,24.835380022245307,20.444338296555078,-30.691605459248702,36.8774404487374,41.19185564858788,35.89520128698194,206.73127650875716,4.54687281482841,-4.454082907362773,36.60746863011033
1207,20.136783333333334,1606.6237474211612,910.0675532960015,13572.0,1558.6695278969958,883.6309012875537,-2.6377600536667485,detected,1606.874723267656,909.5671610998893,-3.89553158586066,-56.381332501278244,56.515748433123775,20.456784971104046,-31.14371433293366,37.26138743800834,41.43458741428823,36.64593794085282,206.87349517297716,3.115048803064822,-4.169942114894813,37.0273220279808
1208,20.153466666666667,1606.7391855181572,908.6437159668164,13681.5,1559.2433460076045,882.7946768060837,-2.6431840287947455,detected,1607.1265314580628,909.0344831629892,-3.382188900987811,-64.32260478408222,64.4114639483625,20.493747076633376,-31.701739914642662,37.7490924772592,41.533339856920065,37.42250841448402,207.34440881741963,1.6331827637138543,-3.6419869430175034,37.572994476931925
1209,20.17015,1606.5108950514982,907.9213223830393,13576.5,1559.8875,880.9125,-2.6165345868976564,detected,1607.3674717398635,908.4560565950288,2.4927694462766827,-18.97262229838,19.135681236613358,20.627523503192986,-32.10944985253877,38.16426988306578,41.97847849138746,38.21463224944224,207.5826856514838,1.1497838954082757,-3.415491182270971,38.01112884000304
1210,20.186833333333333,1606.822360925348,908.0106628027938,13458.0,1560.5260869565218,880.2869565217392,-2.6020321658630166,detected,1607.6099228975447,907.8887892040109,23.6979620696137,-37.664484037647,44.499514200438355,20.95237657114246,-32.503652054603045,38.67155906949783,42.129882421477646,39.012720598412656,207.7983269880771,-0.3266600523549985,-3.37592950311781,38.523922189409
1211,20.203516666666665,1607.3016170525543,906.6645840989831,13605.0,1559.2723004694835,882.4037558685446,-2.6738531285829468,detected,1607.8767217939962,907.3075093964698,14.048057973566657,-44.75224096019722,46.90534088766698,21.27790713318714,-32.77888606286578,39.0794665200393,41.979200433293165,39.807829566545344,207.89091879445473,-1.6249958151079165,-3.472634453736326,38.92487011464002
1212,20.220200000000002,1607.291097793066,906.5174296960886,14099.5,1560.4671532846714,880.1824817518248,-2.6292603151629215,detected,1608.144475701243,906.6934163736071,17.24840292762384,-23.179591504165565,28.892920687491028,21.73480082326094,-33.13564477831517,39.62792603331027,41.948130947518194,40.5915685169129,207.89996924222638,-3.01935990601595,-3.7033350180414946,39.45450331008689
1213,20.236883333333335,1607.8771387635727,905.8911583957942,14075.5,1559.2784810126582,882.0717299578059,-2.6858760194249176,detected,1608.4278203851898,906.0583018153117,34.338192456248215,-24.612788647809555,42.248086657079334,22.212189369200168,-33.421535929629286,40.12954548046501,42.766256394030435,41.355987558209776,207.74244043107498,-4.249462954009867,-4.101227551475299,39.9194232553494
1214,20.253566666666668,1608.4368488146895,905.69618298154,13597.0,1560.6852589641435,880.0756972111553,-2.649144588060076,detected,1608.7468079384585,905.4842464663532,29.414847140598937,-22.1616721278083,36.82896881267892,22.711975864638013,-33.8494956977082,40.763000462000655,43.081815288713955,42.093465007175794,207.6940352451799,-6.109467744652581,-4.378588919219473,40.52715343743691
1215,20.27025,1608.858614163164,905.1516972691296,13561.0,1559.8866396761134,881.5546558704453,-2.6925719197838642,detected,1609.0875732444806,904.8599105866593,32.22118727815034,-35.36958885117517,47.84571793917207,23.27149304784439,-34.13128906010112,41.309893265173756,42.90633182974905,42.79661128429539,207.61374388115775,-6.603118499078792,-4.800547561513133,41.03001370569718
1216,20.286933333333334,1609.5119624302038,904.5160177002058,13521.5,1560.515748031496,880.2834645669291,-2.682290349296944,detected,1609.4571710348162,904.2184943894304,21.127497120199255,-34.762428422935045,40.67920309474744,23.81218046398747,-34.27532003484937,41.735087180223466,42.81589549923632,43.45820099284233,207.49160254943928,-8.009735180315273,-5.3011478775584475,41.39704498054313
1217,20.303616666666667,1609.5635683170747,903.9917909074177,13582.5,1559.8273381294964,882.18345323741,-2.7283600273129904,detected,1609.8466830874713,903.5745804390075,13.416449267167337,-43.65112611214425,45.66642006766894,24.384790245095026,-34.33547006625403,42.113447970546275,43.107067616583016,44.0711403194592,207.28412950293387,-9.386856994574815,-5.932345794870246,41.6935219589086
1218,20.3203,1609.9596246207516,903.0595251255972,13568.5,1563.2785714285715,877.0892857142858,-2.633899785219227,detected,1610.2705194387167,902.9534784660618,33.79193949078378,-47.07478146377803,57.94765072383222,24.918571404409654,-34.42812563630826,42.49977688960365,43.24416940276223,44.6284727997122,207.10058758800048,-10.024761626249532,-6.498843313927015,41.99995322910627
1219,20.336983333333333,1610.6910926980838,902.4210623659096,13517.0,1562.7859778597785,877.7638376383763,-2.6662466955755177,detected,1610.7211144023954,902.3234822116561,31.13652771680045,-40.7943202693449,51.31919645217535,25.43778697623774,-34.448616171743545,42.82275285869139,43.11537783641819,45.123423151943264,206.7623604145981,-10.125105227288392,-7.201033272434266,42.21295159315274
1220,20.353666666666665,1610.9985467622355,901.6983546392768,13533.0,1565.75,872.8636363636364,-2.57423152047899,detected,1611.1865607686354,901.6872135647294,23.906277799119856,-38.26416021333521,45.11824547830374,25.94182929908266,-34.36655861960405,43.058551516945215,43.0493178797752,45.54947635623976,206.59854353388755,-10.365402146005138,-7.809134044527903,42.34449532361934
1221,20.370350000000002,1611.4887655006478,901.1443148867913,13507.5,1564.9802631578948,875.0690789473684,-2.630605652102433,detected,1611.6800161128276,901.0578070120999,29.333832619888376,-38.529307488011476,48.42500667710191,26.449881975665857,-34.21454083202131,43.24616816404324,42.69094060231244,45.90048741385991,206.45819527861252,-11.356800472456356,-8.435404812861233,42.41550431759434
1222,20.387033333333335,1611.977318977319,900.4127600794268,13513.5,1566.7689655172414,872.2862068965517,-2.5850425941278257,detected,1612.184555499131,900.410051884214,30.988118752857943,-40.15035154727409,50.71798727484087,26.872233984477788,-34.16576154353851,43.46741562557472,42.68845357435554,46.17081614968115,206.05108953431508,-12.768569405413574,-9.137430484234246,42.49615965369394
1223,20.403716666666668,1612.5227357297015,899.804631490164,13437.0,1565.5528169014085,875.2464788732394,-2.6598337524871845,detected,1612.712993114685,899.7883293667091,26.101848801898413,-38.5946257396014,46.59239902448755,27.276305080305374,-34.00422570666259,43.59224913609695,42.66129233429189,46.35548081394153,205.62239485137346,-13.584932365988317,-9.889324155025944,42.45568810536894
1224,20.4204,1612.8482506656758,899.1249860672488,13457.5,1564.848275862069,877.203448275862,-2.7131818680154507,detected,1613.2635864999684,899.1652985361752,27.912438063505846,-38.92730839629984,47.900308324996054,27.589263759854774,-33.766441610951524,43.60435819819659,42.633060813109836,46.450323922601655,205.12250793443263,-13.942401795072977,-10.643660948960873,42.28537022990575
1225,20.437083333333334,1613.4540807464205,898.5057569666741,13433.0,1565.2156862745098,876.8627450980392,-2.719847180572264,detected,1613.8215383393695,898.5602801794914,37.37214489442399,-40.68218919958251,55.242354512461255,27.847192671627703,-33.57281736594398,43.61880564134907,42.88013067309526,46.45218366473631,204.46522005754252,-14.688373243990359,-11.442998751673763,42.09106775964442
1226,20.453766666666667,1614.0952345669864,897.767557020956,13496.5,1566.018587360595,876.4089219330855,-2.723520552007196,detected,1614.388577106262,897.9673232825342,42.22505463008314,-44.78490642542977,61.55195433167014,28.016565410805285,-33.31330144144768,43.52819764643019,42.85747756929613,46.359064257151054,203.8430023662856,-16.226492266004886,-12.159235872069381,41.79541809043273
1227,20.47045,1614.8629900692442,897.0114339222789,13527.0,1566.5018050541516,875.8339350180505,-2.7288441641636223,detected,1614.983199889596,897.3883105293932,40.11354622029508,-29.07511285945441,49.54249467031067,28.106201776595356,-33.03245238887339,43.37166689360554,42.8445467866767,46.17029881269692,203.36379747120546,-15.943159218580162,-12.70203338526058,41.46998718361997
1228,20.487133333333333,1615.433689892537,896.7974174218789,13462.0,1567.9217081850534,873.6156583629893,-2.687660542541241,detected,1615.5647528465456,896.822202998513,33.742563485327,-26.152404087109222,42.69085183147286,28.172259948258887,-32.687485745880814,43.152612377229644,42.92955177850214,45.88669861201288,202.83061913959264,-16.382078871692475,-13.282118609939896,41.05768235313486
1229,20.503816666666665,1615.988866937538,896.1388153725724,13413.5,1567.0358422939069,876.4587813620071,-2.7593471829980314,detected,1616.1559427885052,896.2704275967426,33.71191571294186,-41.017665704947085,53.09371112400497,28.182565472194717,-32.37440994410131,42.92271445078081,43.013737447375476,45.510683077917655,202.27140449906986,-16.05994114756885,-13.810398898545431,40.64027925699235
1230,20.520500000000002,1616.5585441468254,895.4287946428572,13440.0,1566.6911196911196,877.6679536679537,-2.799439607215925,detected,1616.7645102255392,895.7376859286144,28.750473719604745,-33.50733003672316,44.15122767592735,28.058287747728272,-32.10380864320752,42.637097001719106,43.26236515083989,45.046385056462036,201.74699616140916,-15.592302073879479,-14.166608987298819,40.21478870434344
1231,20.537183333333335,1616.9481744106488,895.020787460347,13397.5,1567.4384615384615,876.126923076923,-2.777031385159077,detected,1617.3792947206546,895.22269710188,22.97835172486328,-49.488687210120226,54.563126832803896,27.832313294895812,-31.81089294169652,42.267843251026086,43.33761560122905,44.49972598595406,201.31718383437638,-14.761228607724501,-14.36385447374114,39.752361662554065
1232,20.553866666666668,1617.3252551493783,893.7775221129461,13472.5,1566.0282258064517,880.7459677419355,-2.892814222349365,detected,1617.9595355649676,894.7167970811115,40.204679128512176,-25.019648932025223,47.353976142541754,27.53577252680715,-31.47202329459653,41.81754439112481,42.843399743225866,43.878455106057594,200.908766661189,-13.907431358042983,-14.490773498236042,39.22657902910365
1233,20.57055,1618.2896705375701,894.1859651743151,13390.5,1568.595744680851,875.581560283688,-2.7833657805392344,detected,1618.522440438119,894.192404740327,64.34714820673432,-15.349823552692898,66.15264594434781,27.176434452386722,-31.253060721286012,41.416330040133474,42.44910198493451,43.19214609335667,200.56889827476547,-13.289857562675461,-14.463700764430612,38.808681428132445
1234,20.587233333333334,1619.472304994543,893.2653496670713,13591.5,1568.0569395017794,877.7544483985765,-2.8485968248338356,detected,1619.0755016517114,893.684363798488,42.620573716159555,-31.26619150394857,52.85913388484696,26.58526703500199,-31.138987676636837,40.94402248006544,43.47960969516531,42.45214354657981,200.1985618918653,-11.81426993593461,-14.198815171562416,38.40321112318492
1235,20.603916666666667,1619.7117770138993,893.1427165844667,13382.0,1569.1048951048951,876.3741258741259,-2.8216281530609173,detected,1619.6003119595416,893.2230671233851,40.24247686306903,-17.63806670579855,43.93811945444235,25.990599289654337,-31.04230830928448,40.48624651167422,43.88853014042354,41.67145079964989,199.9264202416992,-10.222369182114734,-13.854944628399194,38.04177527334976
1236,20.6206,1620.815062305874,892.6768261746545,13468.5,1569.477192982456,875.621052631579,-2.8208390551427134,detected,1620.087761270077,892.7336891634895,49.636038738831225,-18.283747972475282,52.89642503613782,25.49518305002726,-31.03765099686826,40.16640559171053,43.94644055891757,40.86454992688009,199.5268863040222,-8.928308047947278,-13.654512331903371,37.77425619566444
1237,20.637283333333333,1621.3679661731517,892.5326488604518,13441.0,1570.5878136200718,873.3297491039426,-2.780056569187529,detected,1620.5526899643635,892.2710368579609,23.860751943519173,-71.43911521546221,75.31854131671854,24.875841682502646,-31.04430698145016,39.78135864159809,44.31315158937372,40.04714490554872,199.2482441659582,-7.138850494522959,-13.251140893550952,37.50951559792145
1238,20.653966666666665,1621.6112160623895,890.2931410302986,13763.0,1569.9418181818182,875.7418181818182,-2.8670790041893066,detected,1620.990559739858,891.8016198018149,25.77585175475389,-51.38620732222253,57.48858005417672,24.32799308566622,-31.04034073334675,39.43797662683126,44.221835056125286,39.23582025216699,198.88516619359763,-5.570715116703093,-12.971493824154372,37.24371555562648
1239,20.670650000000002,1622.228020426702,890.818062409467,13577.0,1571.496062992126,872.4645669291339,-2.7944676282793504,detected,1621.4079253234709,891.3297819888822,26.031229716551334,17.736573867212964,31.499380519352552,23.82329938365101,-30.904366130245837,39.0208846572621,44.28349062266703,38.44761089595641,198.6649697146811,-3.734934989779667,-12.679897564341246,36.90324697358168
1240,20.687333333333335,1622.4797914272651,890.8849513783346,13488.5,1570.6899563318777,875.292576419214,-2.8491543322867314,detected,1621.8107787648419,890.8791960667675,24.631195700611578,-6.177513491775289,25.394044076966,23.293880363987917,-30.85048871482063,38.65692067864507,44.2485214261302,37.69948558200556,198.57590737351234,-3.0229768728419533,-12.252571422277647,36.66376971748871
1241,20.704016666666668,1623.0498813232457,890.6119393759581,13482.0,1570.9916666666668,874.5125,-2.841663719932509,detected,1622.2004274401327,890.4215711848174,19.90783471922429,-40.1193994998203,44.78714212175335,22.805974520230194,-30.773064547619622,38.30266277257173,44.492053641470676,37.00775621651611,198.3247179210788,-1.0833379159208034,-11.974368378506757,36.382804694047024
1242,20.7207,1623.1440495123966,889.5463007483572,13518.5,1571.8111587982833,872.4206008583691,-2.819583755192571,detected,1622.564755883239,889.9901826003133,11.062461048180198,-37.70873582013635,39.29792362956774,22.234627923531253,-30.808827381748348,37.99424329469193,44.54672762388927,36.387438803010845,198.3346216791814,-1.016704182463302,-11.414487027940142,36.239095041477356
1243,20.737383333333334,1623.4189987735533,889.3537245574262,13453.5,1573.1806722689075,868.6344537815125,-2.7504257808584796,detected,1622.9074589539878,889.5345502559785,21.950322684683446,-7.862985772110984,23.316157728368292,21.65565392602516,-30.844778739200194,37.687766217089404,44.097774656933844,35.851606423492214,198.50994588424538,-0.0007256331561455052,-10.74310639677309,36.12413856940534
1244,20.754066666666667,1623.8764586126422,889.2839391230945,13426.0,1572.1862348178138,871.6153846153846,-2.8122270696910796,detected,1623.2347209290012,889.0783562928683,22.793701152659285,-12.042595650508392,25.779389485369602,21.146693020004108,-30.914076010903976,37.45480905424882,44.01965585988064,35.41078833057972,198.54331393378425,1.4219531393365388,-10.21749105302334,36.03422814313673
1245,20.77075,1624.1795486020137,888.9519032825542,13358.5,1570.96336996337,874.3223443223443,-2.873311876376769,detected,1623.5422062583932,888.617957410791,16.64521386276971,-25.04132178609103,30.06877019985849,20.606766749217872,-31.03244182512933,37.25119167874643,44.033725385922715,35.072477467378405,198.70841991974237,4.216376056805768,-9.564246628768519,36.00245085977894
1246,20.787433333333333,1624.4318539151966,888.4483936861652,13462.5,1571.6539923954372,871.9467680608365,-2.8385603103472614,detected,1623.8289280112333,888.155281646156,14.561909708604857,-30.154667915652464,33.486612421456435,20.095572888160532,-31.164922632886654,37.08213117415426,44.13140885390148,34.84080688712052,198.84007671547351,6.744040567859532,-8.954905742607274,35.98463721587593
1247,20.804116666666665,1624.6654309892908,887.9457425297686,13353.0,1572.8144329896907,870.2233676975945,-2.812246667734327,detected,1624.0819791284762,887.6775241831028,6.3150191977683106,-18.615722743253933,19.657685538279527,19.687817707943662,-31.305027604971166,36.98127795857286,43.999202164345654,34.716440610172675,199.23589402786482,9.276208858589438,-8.274951807575498,36.04358600405251
1248,20.820800000000002,1624.6425650557621,887.827249070632,13450.0,1573.6857142857143,868.1678571428572,-2.7733831899225563,detected,1624.3306865460822,887.1927021841298,7.949275824631439,-28.247663308070763,29.344871246986195,19.266277487165087,-31.458054946009277,36.88900471954459,43.81419209119457,34.696697512750134,199.6051868480165,11.098310459679173,-7.594018467832855,36.09888575439409
1249,20.837483333333335,1624.9306718259727,887.003212164056,13438.5,1574.1943462897527,866.5194346289752,-2.7578748867791,detected,1624.5648088846494,886.6993374878409,11.651434716426607,-35.37467355694648,37.244106382240936,18.811992188186938,-31.643037113122272,36.81267238099999,43.73469698745549,34.77589354742108,200.00177519750366,12.149638088597893,-6.853813529846498,36.1690211082486
1250,20.854166666666668,1625.0313345941336,886.6469141296152,13483.5,1572.6836363636364,869.6327272727273,-2.827340281335615,detected,1624.7856298236643,886.1995195556306,-4.059233018857334,-25.894824941421057,26.211053611944404,18.405023822080448,-31.858389222133752,36.7926876664415,43.495503522405215,34.94585635923126,200.44821168920873,13.022526481742137,-6.115226870737079,36.280929784664174
1251,20.87085,1624.7952287509102,886.1391881718439,13504.5,1574.0180505415162,866.389891696751,-2.7706566132549266,detected,1624.990285272959,885.6756614339522,10.210515408416867,-24.80050571829725,26.820136255970304,18.083903081516013,-32.056545713334366,36.80556579829687,43.144346850551536,35.1965451248988,200.88026441181694,14.078064725019807,-5.470812393386991,36.396701574306476
1252,20.887533333333334,1625.372025458261,885.819403922148,13538.5,1573.2230769230769,867.2923076923078,-2.8002283214710886,detected,1625.1893018647195,885.136690921865,19.537065490897145,-29.141341952146934,35.084394519038845,17.853666768653053,-32.29053339533241,36.89758750977066,43.055162177235495,35.516701632810324,201.48781377810693,14.303730810170283,-4.784626698219926,36.58605350949819
1253,20.904216666666667,1625.4471155027898,885.1668387287073,13561.0,1574.6654545454546,864.24,-2.7507037338632916,detected,1625.3820260255975,884.5978844813595,-9.38186804495382,-43.30252612833517,44.30720276781277,17.673654986911348,-32.47036738423395,36.96867374769482,43.44985187012617,35.894465810577614,202.1257890112185,15.206739772473153,-4.142472812151963,36.7358511220862
1254,20.9209,1625.0589837944945,884.3745429669992,14131.0,1574.7573529411766,863.5404411764706,-2.748919295332936,detected,1625.566820371488,884.0670536491986,-17.266075437158438,-40.719223450418895,44.22863913130032,17.559058487851306,-32.77163711679191,37.17930518843078,43.46802337999807,36.31790580850478,202.8232489407067,14.631192847446915,-3.4725087845786398,37.01678561187478
1255,20.937583333333333,1624.8710041190366,883.8081739729116,14040.5,1574.9856630824372,863.1469534050179,-2.7489271813277405,detected,1625.7609601095282,883.5142741435561,10.100453528238985,-26.674379483804472,28.52265209131374,17.436992434649213,-33.07534206316752,37.39019868577262,43.3000235100149,36.775433621948494,203.31195022757393,14.289329786197268,-2.924365252468977,37.275662913376934
1256,20.954266666666665,1625.3960022605534,883.484507838223,13566.0,1574.940074906367,862.4119850187266,-2.745970626616064,detected,1625.9439270505663,882.9536312125844,22.75113330419749,-22.92645646230062,32.29917139096807,17.358096497518094,-33.35840850618458,37.60434724978799,43.203136694684396,37.25609706908519,203.93195594006158,13.575484524162169,-2.333897309193981,37.53185121244054
1257,20.970950000000002,1625.6301336002866,883.0431945422862,13485.5,1574.5204460966543,863.2973977695167,-2.7729159536664323,detected,1626.1153668262523,882.356028701892,-9.597855779199156,-44.057553992198976,45.09087379208607,17.328115071155917,-33.738710281564,37.92840813140638,43.117823942072114,37.74975453232044,204.34760200538958,11.589197880877764,-1.8774650468979992,37.88191215316631
1258,20.987633333333335,1625.075753806054,882.0144541200166,14067.5,1576.5559322033898,859.3186440677966,-2.704065044731171,detected,1626.2996759268483,881.7651250394256,-3.870123760547672,-69.52292351456208,69.63055903792245,17.42172060315073,-33.92509223010912,38.1369667330224,42.67709914646269,38.24714898491767,204.8619585616405,10.700843236765087,-1.5438891485229984,38.1057034824543
1259,21.004316666666668,1625.5010004708097,880.7234463276836,14160.0,1576.9395017793595,858.2989323843417,-2.708989422272169,detected,1626.5079273436093,881.1562669528095,41.371686646349765,-49.53138753460127,64.53661601809169,17.682699552922454,-34.18186468699206,38.4847727933888,42.50996626525082,38.73990282832119,205.21006248614106,9.265506731442775,-1.43910070363847,38.45785649413583
1260,21.021,1626.4561890838206,880.361756822612,13680.0,1578.2535714285714,856.025,-2.6740450459703426,detected,1626.713949526366,880.5367097353615,27.573345283782416,-41.401350741669056,49.74295139387476,17.97696984646904,-34.29945137020958,38.724976554650475,42.498230870200246,39.22045629891087,205.4012256514458,8.845126435216217,-1.526163824567151,38.694891563859066
1261,21.037683333333334,1626.4210310917786,879.3420212579366,14253.5,1578.8430656934306,854.57299270073,-2.6616021813761193,detected,1626.946521847245,879.9006527469007,19.13579785878482,-42.77669810988556,46.86176117984215,18.44348087180055,-34.33104480052359,38.97156173113968,42.337325023714605,39.68197119447695,205.80863349178102,7.155398871417818,-1.6572066520270905,38.936310686510964
1262,21.054366666666667,1627.0946868723754,878.9344409956789,13692.5,1580.003745318352,852.5131086142322,-2.630289860273158,detected,1627.2009443400827,879.2830991196175,35.52474652700972,-12.838826578052187,37.77357652790623,18.964562148653005,-34.3394888131763,39.22824377206278,41.79364966894831,40.118219501099745,206.0230599924136,6.910772078228878,-1.976026361610499,39.17844342567228
1263,21.07105,1627.6063734675631,878.9136324111156,13608.5,1580.1570881226053,852.5478927203065,-2.63441321747996,detected,1627.4806386641922,878.6129774246899,21.05814461515024,-33.83170619052159,39.85009157322424,19.431305096228115,-34.635195299693905,39.713629539374004,41.02809996649908,40.523473638131854,206.08201161588556,5.760650413749516,-2.2249176217163935,39.65125613101324
1264,21.087733333333333,1627.7973269643676,877.8055897324551,13817.0,1578.1923076923076,855.6884615384615,-2.7221829433088818,detected,1627.785216440293,877.9405926285813,17.451493421316357,-42.70395501405916,46.13222730886768,19.95912187238192,-34.639151040400165,39.97796056224292,40.944726764860654,40.89241162950547,206.14870228937343,5.6537492058930905,-2.6508163444444506,39.889979987764804
1265,21.104416666666665,1628.1886716313877,877.4887437788132,13629.5,1581.8835341365461,848.8795180722891,-2.5881577475997832,detected,1628.1072759096105,877.2773935245863,16.404282052758546,-49.98951600462739,52.61228164643075,20.48028971469165,-34.49907524691504,40.120175220081116,41.08718954438975,41.22004676062663,206.19005027369028,4.576525004276158,-3.151513330278382,39.996205112723985
1266,21.121100000000002,1628.344683175528,876.1376062151007,13730.0,1578.3692307692309,856.0230769230769,-2.7589431287710915,detected,1628.457547735619,876.630734325852,14.206955193053494,-46.210869893633166,48.34544520617968,21.041294783783812,-34.33386010200842,40.26847446430487,40.89331737582743,41.50168760333603,206.4110064795167,2.410010624988468,-3.5731881839335475,40.109629291288286
1267,21.137783333333335,1628.6627103696626,875.9468410866956,13607.0,1578.817543859649,855.1157894736842,-2.7457381856880767,detected,1628.828148112212,875.9704200291831,24.345583860724798,-26.450329614857495,35.94895534301645,21.53567193576424,-34.23906355998499,40.44871616243902,40.642864456098074,41.73293113153809,206.41561688759649,1.3505462484721562,-4.054893196171442,40.24495596167547
1268,21.154466666666668,1629.1570141570141,875.2550468836183,13597.5,1581.2207357859531,850.7090301003344,-2.668347524248118,detected,1629.222034633649,875.3218554254202,21.953205332604142,-42.11279511837615,47.491375396568635,21.99272105367592,-34.078906631512766,40.55923639005257,40.665978984960496,41.909689191067415,206.66386244493822,0.06360155840950804,-4.360801609672052,40.3241251097311
1269,21.17115,1629.3952156542605,874.5416774895791,13474.5,1583.3655913978496,846.9247311827958,-2.6011863841469185,detected,1629.6486769086273,874.6918833745849,20.673938038971055,-40.87700198176996,45.807652254365095,22.415338325372264,-33.832948662905906,40.58467453938407,41.06882519380224,42.02824668010115,206.7759454482761,-1.9157482047843692,-4.770017452556132,40.303383740947105
1270,21.187833333333334,1629.8468345562478,873.8911175841599,13560.5,1584.2128514056226,844.8795180722891,-2.5753035257030086,detected,1630.1033830099705,874.0950467777944,42.3263802551517,-32.248114762975774,53.2114966080616,22.7726103339403,-33.64453784264798,40.62692097694405,41.44675910583466,42.08534820789607,206.40666456621844,-2.9073780924718595,-5.4334665980329095,40.26194417554767
1271,21.204516666666667,1630.8075058754407,873.4656653936545,13616.0,1583.9117647058824,846.5110294117646,-2.619925298172979,detected,1630.5782389527785,873.506329966143,32.46387558377406,-30.054316652949836,44.23985948660483,23.077803055607436,-33.44522128091444,40.634564356010216,41.14831993765752,42.07830867285634,206.28406335848666,-4.8271316938054305,-5.8815068466005,40.20666235359667
1272,21.2212,1630.9300458715597,872.8883052185065,13516.0,1584.3394495412845,846.6009174311927,-2.6278968899929493,detected,1631.07258115911,872.9157423570678,9.811045846641694,-36.221706355501496,37.526905440085024,23.318045364994983,-33.17917242536934,40.55352910014556,41.754594708612515,42.00514222615399,206.10488688174675,-6.3617029917130985,-6.340013832939112,40.05487419871012
1273,21.237883333333333,1631.134867771857,872.2570677915926,13512.0,1584.202846975089,847.8861209964413,-2.6626388186007532,detected,1631.5948746224708,872.3722087089301,19.721218151978963,-39.33850309002034,44.005048241781125,23.35031972247372,-32.96633437580506,40.398225620924634,42.002812976331555,41.86470348786503,205.83128623649603,-6.981486718083986,-6.653000036461059,39.846633782968176
1274,21.254566666666665,1631.5880771838974,871.5757104987362,13517.5,1584.4606299212599,847.8267716535433,-2.6748059159656994,detected,1632.098688614557,871.8141050272519,33.73873305403609,-27.49275307216188,43.521874724997474,23.483774804132384,-32.717617819343275,40.27319449489712,41.94836200675887,41.656834512267295,205.5184412325097,-7.23326012290979,-7.098052969404918,39.64275266511312
1275,21.271250000000002,1632.2606168314267,871.3397262640848,13504.5,1585.476,846.1320000000001,-2.647386042179884,detected,1632.6053641702515,871.2572840312054,37.427256780462464,-23.784534440129015,44.345277410840005,23.560143227635198,-32.35895646387887,40.02727085797748,41.796468640089635,41.38251064148819,205.11463919473772,-8.386161257930157,-7.598639120747178,39.29940325056531
1276,21.287933333333335,1632.8368999851389,870.7820998662505,13458.0,1584.347014925373,850.0373134328358,-2.7373385903633767,detected,1633.103233430148,870.718160698687,32.153788019348376,-31.728280201152298,45.172445677824705,23.51631177161759,-32.006155774813045,39.71663287366539,42.20388212023239,41.043977916009545,204.60523986644532,-8.169433056815619,-8.054775243874612,38.891278232942966
1277,21.304616666666668,1633.333481558339,870.2810593147063,13493.0,1585.383064516129,847.616935483871,-2.700057328353904,detected,1633.6149786426918,870.2126441197378,33.25862133501991,-52.360913353621044,62.03064678311562,23.473576174966716,-31.681887917952825,39.430328434945736,42.448774866553656,40.64487413440019,204.14547736892737,-8.76890513393555,-8.460237249637748,38.51201353042362
1278,21.3213,1633.9466293170174,869.034990724018,13565.5,1584.1818181818182,851.4372294372295,-2.801697809200186,detected,1634.1269933622934,869.7190223166072,21.491172767064715,-49.521855549450564,53.98411510772842,23.340938492777,-31.38355070850849,39.111720299638094,42.235353572632754,40.190325044640325,203.6424162755839,-8.349958521565666,-8.796181560906566,38.10976062303055
1279,21.337983333333334,1634.0505703563333,868.628680067873,13456.5,1585.7037037037037,847.7489711934156,-2.733914902031463,detected,1634.6254109572997,869.2274362706468,21.608422371034656,-28.692637681822152,35.91923404675205,23.01879197481572,-31.111257354820516,38.70109970243371,42.41970605042618,39.68700657882767,203.00067332575972,-7.0989205540650495,-9.03233079331821,37.632328105204834
1280,21.354666666666667,1634.6676303434642,868.0776130467012,13490.0,1584.986348122867,850.344709897611,-2.7987545924798662,detected,1635.1079757005245,868.7657717369182,38.83521056202646,-31.199802647622274,49.81567288160935,22.542790963262693,-30.946004166985936,38.28619331190382,42.77033489214067,39.14316353863277,202.45292279168206,-6.140686128224875,-9.014876589935577,37.20973795103508
1281,21.37135,1635.3463718820863,867.587646652864,13524.0,1585.1770833333333,851.4479166666666,-2.830343506367272,detected,1635.5850274368781,868.3110414482832,37.970260601499795,-20.548077120896217,43.173651264539885,22.061386123018934,-30.703928821174312,37.80788281198342,43.02239723980323,38.56857465257791,201.85445927038705,-4.7037902365030595,-9.046344536317324,36.70966702729559
1282,21.388033333333333,1635.934571372201,867.3919922067673,13516.0,1585.7396226415094,850.177358490566,-2.8112072905080097,detected,1636.011745112498,867.8637982327074,36.91411472052162,-24.953678160561985,44.55713095948547,21.71802270699534,-30.410435484403592,37.36933363939794,43.624727999443444,37.97445348383592,201.34330639498378,-4.008526753901914,-9.160482321845764,36.22916863914752
1283,21.404716666666666,1636.578072843261,866.7550255915733,13481.0,1586.4505494505495,849.4652014652015,-2.8094534700609235,detected,1636.3978523975013,867.4431726137217,39.96756544242739,-19.949158008646602,44.66962270546579,21.221767847414142,-30.352228461692704,37.035404725213,43.68032463770727,37.37327463417598,201.07494042941008,-3.209072581702234,-8.88794369396611,35.95310362198537
1284,21.421400000000002,1637.2681558057966,866.7263553012122,13542.5,1588.291338582677,844.4803149606299,-2.7152384668401246,detected,1636.7615998859553,867.0028113498896,43.327950929626844,-1.7452270243119619,43.36308509696399,20.762722594066602,-30.418169319400736,36.82873435596038,43.0447368795331,36.77851581708149,200.89621120390854,-2.8286829961505293,-8.547680370583286,35.82307684362471
1285,21.438083333333335,1638.0237821392795,866.6967931831954,13476.5,1586.2327586206898,851.8577586206897,-2.862550558233933,detected,1637.123779456299,866.5484488793228,38.01599572663879,-24.10119673563563,45.012038558341615,20.41452971058452,-30.361209000832176,36.58628206440975,42.8801553764727,36.20430956796792,200.66099678566664,-1.4085463561172564,-8.38897029205945,35.61153201893306
1286,21.454766666666668,1638.5366228632088,865.9221787034664,13659.5,1588.5366795366795,844.3899613899614,-2.7349505126773117,detected,1637.4463736778453,866.0848344095223,18.121192712699862,-45.1797937712029,48.67844893316992,20.077548193834435,-30.40147945475663,36.43292322218647,42.88581507004122,35.66500443439611,200.6877706693979,-0.8610799300309891,-8.042849060836133,35.534074822602896
1287,21.47145,1638.6284259361266,865.1892940643629,13615.5,1588.5761316872429,844.5267489711935,-2.750084371891618,detected,1637.775864027167,865.6273313801764,17.21496242400742,-10.134663269181546,19.97664463416429,19.737565681126213,-30.440543686302703,36.27944595682898,43.15917395391794,35.174644952201255,200.63763534566107,0.8306123036586334,-7.742005563473967,35.443751900576395
1288,21.488133333333334,1639.1110287760898,865.5840187723848,13495.0,1589.3259911894272,841.8546255506608,-2.6968094827052744,detected,1638.0850907515971,865.1948470838596,26.328824892643624,7.63711397218906,27.414093639069957,19.48903663119546,-30.448149128429257,36.15124249813754,43.362955206052725,34.746392404783194,200.8903069326198,1.198409539577508,-7.350721680513136,35.3960340283312
1289,21.504816666666667,1639.5069310600445,865.4441191005683,13490.0,1588.3807531380753,844.4016736401674,-2.751144667273518,detected,1638.3936067037362,864.7470796414157,23.46378725818155,-22.306348879086922,32.37472027389187,19.139752977917123,-30.559307450413367,36.05830578250422,43.29660480457479,34.39192288035756,200.94696989305467,1.0620661057950576,-6.949773389828906,35.382228105852846
1290,21.5215,1639.8939371442711,864.8397302647859,13470.0,1586.4461538461537,850.7807692307692,-2.8843782189190095,detected,1638.6923325706111,864.3077995127403,16.089603844878862,-31.405822081239247,35.287405862199556,18.784946783262587,-30.662774690854228,35.95942126052779,43.14417841239437,34.12085247207418,201.24474096899058,2.1726148580501823,-6.397610310974359,35.38573949631423
1291,21.538183333333333,1640.0437875083353,864.3962115037909,13497.0,1588.6699029126214,844.8203883495146,-2.777531776480165,detected,1638.9732393867394,863.8411386838884,9.389867708667717,-25.342069703723467,27.02573056282956,18.38880655008978,-30.907668559987172,35.964318179977276,43.20435999202786,33.940247454963256,201.29966668608907,1.6135919433626362,-5.905647492828416,35.47612591364922
1292,21.554866666666666,1640.2072457301504,863.9941498723383,13447.0,1586.984555984556,849.4517374517375,-2.8748661514693357,detected,1639.2316098327256,863.3843573359284,4.5520182561813085,-24.02127113276089,24.44876964262659,18.02070712622916,-31.141564351125147,35.9797570248132,43.5356278355344,33.85427598766832,201.44348708977145,0.7044299820116837,-5.388451478442413,35.57397231444735
1293,21.571550000000002,1640.1956731841499,863.5947017569945,13451.0,1586.4038461538462,850.2259615384615,-2.8980004936226145,detected,1639.480099961143,862.9164454267689,-2.771614598808261,-45.4343944206628,45.51885371861513,17.676826517644948,-31.41274641024969,36.04484474608776,43.331468049227794,33.864045231395934,201.62211953834301,0.9059200659324798,-4.857906313399138,35.71598492299781
1294,21.588233333333335,1640.1147661897035,862.4781555785022,13558.0,1590.556862745098,840.2823529411764,-2.7205063319519454,detected,1639.710700095097,862.4270058831175,-1.0351809681207658,-48.57650312106937,48.58753188944693,17.320954764308098,-31.681531009402825,36.10726908874389,43.185238285487564,33.96764479234526,201.93176142715754,1.7690478977275168,-4.23430878527452,35.858130321558974
1295,21.604916666666668,1640.161132645847,861.9738657695215,13673.0,1587.9634703196348,846.9132420091324,-2.8606911573119085,detected,1639.9342716780511,861.9296153367832,0.4788597894579803,-18.857014017301335,18.86309318077655,16.963020748858685,-32.000922557494,36.21882269562249,43.1444083373588,34.16038868627395,202.42035861931316,2.4224075874987303,-3.4756801118810046,36.051667994932124
1296,21.6216,1640.1307441446784,861.8489598774582,13492.0,1588.2222222222222,845.8846153846154,-2.8432258642661257,detected,1640.1490399685165,861.4227214343869,-23.34469211416592,-43.49647476513925,49.365149315074454,16.783245485343215,-32.29799043190057,36.39831747430689,43.07670569055329,34.43522062738792,202.75705218073912,3.265970907058956,-2.9830734070824736,36.275870603038484
1297,21.638283333333334,1639.3821980856376,860.522533394858,14086.5,1589.8057851239669,841.5578512396694,-2.776232920786481,detected,1640.3570067218557,860.9001069246971,7.635576288674502,-40.799216172653374,41.50756636521911,16.5320058220264,-32.584559421756786,36.53848285314422,42.94509771601973,34.783228119328946,203.13343500184348,3.9820072534339266,-2.401086693818307,36.45950509672728
1298,21.654966666666667,1640.3855178735105,860.487626031164,13637.5,1590.5,839.816,-2.748750402510832,detected,1640.546735105993,860.359792714376,34.571020770287284,-0.5872925153100921,34.576008873179305,16.282122806027054,-32.86649925464945,36.67852636525109,42.93818831937897,35.194203384814095,203.53279150597348,4.121931009910547,-1.8052326674737795,36.63407473026587
1299,21.67165,1640.5357178120062,860.5029374012638,13504.0,1589.759493670886,841.4810126582279,-2.7831528327839457,detected,1640.7215565909646,859.8022201024521,6.692742491292495,-17.53440849436676,18.768278645152126,16.097169351504856,-33.16310794585165,36.8634044786864,42.896258071946576,35.657193477358646,203.86974350119144,4.443549066630631,-1.3006012942803356,36.84045366214364
1300,21.688333333333333,1640.6088323813033,859.9025612677353,13567.5,1591.938524590164,835.5409836065573,-2.6775108081427357,detected,1640.8973673599485,859.2375182871028,4.1553508533336485,-46.59849003817723,46.783396782965674,15.978789486871293,-33.38434472061995,37.011298084381394,42.8169295294504,36.160994675031986,204.37245580099562,4.513451785479928,-0.77819066917694,37.003116154904305
1301,21.705016666666666,1640.6743680188124,858.94810111699,14175.0,1590.8702290076335,837.7900763358779,-2.739870557990908,detected,1641.0781172750108,858.6700247627087,0.37369559886319725,-47.082656098939545,47.084139088780404,15.890336207571487,-33.64281678060332,37.206745433091854,42.766232635959426,36.69456273085582,204.73867681873213,3.678357709258644,-0.35316023875900804,37.205069326217654
1302,21.721700000000002,1640.6213013577853,858.3315699759007,14177.5,1592.5022831050228,833.662100456621,-2.6678556842870518,detected,1641.2649077881558,858.0935719736713,-9.216014304198128,-32.570811313138485,33.84955936568827,15.80811051464888,-33.89355987690901,37.39879355237237,42.51067717571656,37.247326519609196,205.17180613647585,3.056623028933586,0.10916692405591277,37.39863422313255
1303,21.738383333333335,1640.366860341529,857.8613217128416,14113.0,1594.98623853211,828.5,-2.567328365224715,detected,1641.4519609514127,857.4934907455515,-14.053337675585798,-51.374456832997055,53.2619105431782,15.805153585871665,-34.3045714916443,37.770444862330216,42.35415925242597,37.8094055706174,205.40069226198875,1.5084186439348684,0.4375392272694878,37.76791051306555
1304,21.755066666666668,1640.15238832401,856.617375599573,14211.5,1594.4695652173914,828.795652173913,-2.5945676558113946,detected,1641.6213216009448,856.8658381820329,-4.838168995474762,-45.44665955192302,45.703465335324076,15.825423507267116,-34.6130312681451,38.05924280321342,42.50814650990551,38.37174103238166,205.58548186571505,1.1736555295502271,0.6742736033585892,38.05326947663981
1305,21.77175,1640.20542676938,856.3449181724591,14084.5,1595.8078602620087,825.4934497816594,-2.5343037996240816,detected,1641.801943055353,856.2391442090841,40.95701351934531,-17.781050686277343,44.650226426433704,15.887002637799705,-34.998827327166325,38.43585262603471,42.54313278786582,38.926154813635,205.75330452447437,-0.3536938087370037,0.8978954209048222,38.425363380238544
1306,21.788433333333334,1641.5189873417721,856.0240812083409,13627.5,1595.211320754717,827.2490566037736,-2.585595006988,detected,1641.9904724578041,855.5949700269728,45.300400788196804,-59.277245226160225,74.60508101445636,16.039541477398032,-35.3573329917488,38.82535108784697,42.55401868355366,39.46535352016429,205.78905771356614,-2.0872652974199557,0.9404980012349764,38.813958192952356
1307,21.805116666666667,1641.7169501423461,854.3670340900795,13699.0,1594.3849056603774,828.2339622641509,-2.6371215860664536,detected,1642.1789940202739,854.9258403858178,21.034944453496117,-69.22967118146073,72.35479431285007,16.315931907989775,-35.54518036185898,39.110989261117446,42.56403142778935,39.98289323557648,205.78449647441798,-3.607103820584223,0.7702472899855213,39.10340394512368
1308,21.8218,1642.2208533217038,853.7141178465862,13758.0,1593.8326996197718,829.5855513307985,-2.6790287115646976,detected,1642.3822573145408,854.2446401792797,28.793465029106333,-16.91202303635447,33.392815867556806,16.681684277855847,-35.742926501804725,39.44407921677824,42.511032484350935,40.47311923320763,205.77202027672308,-5.363505554304199,0.5183393736299653,39.44067328980607
1309,21.838483333333333,1642.6776920921507,853.8027362547665,13680.5,1595.9505703422053,825.087452471483,-2.5905567588764087,detected,1642.6123164177045,853.5719869709847,37.33467081614068,-18.526094973354486,41.678457743915345,17.108359493552776,-35.86072698557874,39.73270321152152,42.78937902639002,40.93109234282306,205.86296790600093,-6.223563866300397,0.24839185107157746,39.73192678417665
1310,21.855166666666666,1643.4665868379357,853.0959638109753,13779.5,1593.673835125448,829.7885304659499,-2.7037982551460367,detected,1642.869133200758,852.9288714497939,23.28544242537454,-40.98635889533909,47.139086164699606,17.63378058766517,-35.98937204941834,40.07723940499609,42.67103725035365,41.35251146460714,205.67110203512152,-8.507655668611472,-0.3024893527987196,40.076097845434184
1311,21.871850000000002,1643.454649687744,852.4351580796254,13664.0,1596.3886792452831,824.2566037735849,-2.6021271158133907,detected,1643.152975700121,852.2517545476537,22.769284028865172,-45.82292538324955,51.168161837865455,18.199129106326577,-36.0338655456913,40.36889602644221,41.9773153333369,41.73363957213231,205.46481157647688,-8.762209747739572,-0.9380733345462016,40.35799530220393
1312,21.888533333333335,1644.2263219483655,851.5670055340208,13673.0,1593.3308270676691,830.7932330827068,-2.7540671455418386,detected,1643.4608361663693,851.5650954962298,17.349155240954566,-46.717996610311104,49.83537292782889,18.69000884629212,-36.09839635330689,40.6498542427266,42.6409987286157,42.07123834182548,205.29664981222,-9.5305251416964,-1.4727526261607427,40.623166415938755
1313,21.905216666666668,1644.0335331676172,850.8763342593946,13678.0,1594.1226765799256,828.9442379182155,-2.7275673116406467,detected,1643.7975902727644,850.9267117062865,1.1522748292298892,-42.86557321135917,42.8810576364491,19.19452475326988,-36.12094481116137,40.90418602728645,42.86338088629079,42.36251455284817,205.25604386571874,-10.083835594177033,-1.948210880512626,40.85776436517187
1314,21.9219,1644.2647695185008,850.1367242412018,13634.5,1595.206081081081,828.0844594594595,-2.719148088427469,detected,1644.1651137995614,850.2864916137744,13.695684549456946,-43.01573832478723,45.14338842958958,19.67865959944862,-35.9926929165228,41.021013968624445,42.77123224601564,42.605079999921266,204.90591758828128,-10.069313969346151,-2.690970094012343,40.93265526407019
1315,21.938583333333334,1644.4905125087507,849.4410424572909,13570.5,1594.9028776978416,828.6870503597122,-2.7452135317187114,detected,1644.5415530291987,849.6425699709856,22.72422589789408,-45.98607551151808,51.294342608221065,20.2533530026873,-35.82580046104014,41.154420012019685,42.887007788294696,42.796925853839426,204.3414089424407,-11.437961052471607,-3.6865183086258,40.988972532693396
1316,21.955266666666667,1645.0230011892938,848.6023221883008,13593.5,1594.2753623188405,830.5615942028985,-2.8000274925363993,detected,1644.9380051087671,849.009605890313,25.90174829818708,-45.298614891948226,52.181079674836845,20.797825254785824,-35.63824290548136,41.26298453479462,42.95273324339013,42.9364118710362,203.86931726039458,-11.588978647272521,-4.5979197044994855,41.00601208493305
1317,21.97195,1645.3547675103002,847.9295786737296,13592.0,1595.7403100775193,827.4922480620155,-2.7508503666991024,detected,1645.355872418603,848.3840890814133,20.285458828303497,-31.524851392139617,37.48754586754491,21.301698781625188,-35.392178266633735,41.3082153262553,43.21551603442547,43.02227035674223,203.38326635198106,-13.554301295962004,-5.505760605704827,40.93965380401918
1318,21.988633333333333,1645.6998593321982,847.5504429801831,13507.0,1596.185606060606,826.8484848484849,-2.7455800143039997,detected,1645.7823721013422,847.7801593151545,16.182819521239885,-35.09061061509709,38.6423938310942,21.765534038957878,-35.149275726697745,41.34259372744358,43.24580700621954,43.053624308839424,202.60386941522603,-14.829130421660855,-6.583704761831974,40.81500811860128
1319,22.005316666666666,1645.8947342549923,846.7587219662058,13562.5,1595.4688644688645,829.0293040293041,-2.8034987665165194,detected,1646.2277103991014,847.1738020145915,32.26333284799268,-39.7696665279543,51.21082914975164,22.100531142141854,-35.018817218500864,41.40955247461091,42.89268324241769,43.03001872139931,202.2876566400042,-15.504653559189961,-7.168306741180807,40.78438934950352
1320,22.022000000000002,1646.776379204893,846.2234617737004,13625.0,1597.2331081081081,825.4121621621622,-2.7439110324269835,detected,1646.6904485508526,846.5654575841305,27.94787846058708,-29.892496545560242,40.92242979313519,22.32859132647464,-34.82651051690869,41.36969694606271,43.18264052294999,42.951463519373654,201.53517501917366,-16.614917775027955,-7.9860363492660476,40.591563764374385
1321,22.038683333333335,1646.8272617996272,845.7613089981356,13588.0,1597.4319727891157,825.7074829931973,-2.7559360820007743,detected,1647.1642141038935,845.9877079398277,15.259313197436805,-27.07402026480913,31.0781146879402,22.4355444445119,-34.607453333047886,41.24353865420323,43.0499762983039,42.81848597145785,200.92775577960984,-18.42781737330192,-8.594052317501252,40.338216934872165
1322,22.055366666666668,1647.285531621914,845.3200919641979,13556.0,1597.1475409836066,827.1311475409836,-2.7935802496813356,detected,1647.5842156141182,845.3838441462713,33.01032861335253,-28.58461757980351,43.66648780638457,22.500730043336805,-34.44941310325573,41.14662702630541,43.13770049202454,42.63218975375415,200.37956338026586,-19.652480502828887,-9.095740500885467,40.128698214400615
1323,22.07205,1647.928706431026,844.8075355915562,13580.0,1598.2372262773722,825.1423357664233,-2.764758970134927,detected,1648.0321587633994,844.802087475505,32.27758930121284,-26.032548560280997,41.46729260080959,22.651105156497255,-34.1997937117571,41.02070763330927,43.15721464094711,42.394317175929864,199.7670071422149,-20.227848973040615,-9.750168025982559,39.84510858565383
1324,22.088733333333334,1648.3625271849312,844.4514725939032,13564.5,1597.483660130719,827.8954248366013,-2.8269978658587167,detected,1648.4755376064159,844.2471603127374,21.22805513387696,-34.44174660719406,40.45817882852717,22.799528228922167,-33.843636397708075,40.80698729484559,43.543301782285624,42.1073104177728,198.84503506038118,-19.893525961832115,-10.645552774596743,39.39393885110964
1325,22.105416666666667,1648.6370158706598,843.6583293130961,13473.5,1597.4448398576512,828.202846975089,-2.8483835485182007,detected,1648.9201557536853,843.7069635877517,13.725642641177116,-40.42149813415959,42.68829789676753,22.886651229829024,-33.49482809308821,40.56725666718623,43.412972997593876,41.77436697812304,198.11373198648744,-18.501900501055317,-11.338733576306321,38.950422775457895
1326,22.1221,1648.8205061277251,843.1027419394934,13409.0,1597.7964285714286,828.7,-2.866477036250105,detected,1649.383940757761,843.1718460938087,21.880963387303577,-44.4106744621799,49.50842923121514,22.800215567203715,-33.22158735296353,40.29297328519633,43.11877062167734,41.3994840133884,197.41015396590453,-18.122797097779948,-11.815448761437128,38.52166749671409
1327,22.138783333333333,1649.3671106823494,842.1764931418747,13475.5,1598.5475285171103,828.4448669201521,-2.8776912063853155,detected,1649.828277278515,842.6414961901927,37.13533625601043,-27.6770961656964,46.31473686648958,22.67173546470038,-32.92826661175777,39.978473345493754,43.09112725140258,40.98748591986909,196.83098051068706,-16.933485013677824,-12.166188555963144,38.082308058429255
1328,22.155466666666666,1650.059588514134,842.1792494974313,13431.0,1599.7019607843138,824.6823529411765,-2.80718889347638,detected,1650.2476277309556,842.121778155255,29.914965583063257,-31.53200163869651,43.464609663249234,22.450950853494536,-32.5944414547552,39.57831234367493,43.13671093595345,40.544029422826185,196.54441853912218,-15.084086907451596,-12.23991796627274,37.63810856236542
1329,22.172150000000002,1650.3652733673043,841.1243753538636,13541.0,1599.1222222222223,827.6518518518519,-2.8844969055813214,detected,1650.6685224947394,841.6164967592618,26.14529254194942,-44.40455640581769,51.53000050166467,21.98571095772888,-32.48951042352796,39.22932288323789,42.994764676080855,40.0755806293065,196.28167306273585,-13.385760669205167,-11.995225482397439,37.350426229211564
1330,22.188833333333335,1650.9319697752837,840.6976174653572,13543.0,1599.3696498054474,826.875486381323,-2.87968381162682,detected,1651.040900417216,841.1054831947262,43.36993846231712,-5.418075766737547,43.70706015324392,21.580476908559188,-32.23242121959847,38.78976619262455,43.00398088069217,39.58935907558103,196.28605140755897,-11.507342002890447,-11.675494101379476,36.99092860103854
1331,22.205516666666668,1651.8123836473303,840.9435922257801,13429.0,1599.639846743295,826.7662835249042,-2.87626076568496,detected,1651.428434003809,840.6167577406021,44.36886566679334,-7.791279000006621,45.04775542703428,21.323055416379255,-31.95741299938752,38.41808087220655,42.551157180594004,39.09324484132264,196.23009962636868,-9.753554310013689,-11.54131285579422,36.64351287019412
1332,22.2222,1652.4124109263657,840.437648456057,13472.0,1599.7045454545455,827.9480519480519,-2.9089251471010686,detected,1651.7965494287396,840.1102462214328,28.65085031687924,-30.80971784625789,42.072674476983764,21.06503459715932,-31.889897377216194,38.21912135710212,42.10322929208926,38.595646352021255,196.1285136750588,-8.264852417902325,-11.377153937331876,36.48645783842483
1333,22.238883333333334,1652.7683670195702,839.91557464031,13507.0,1600.0684039087948,827.1889250814332,-2.9046368708884525,detected,1652.1555449312814,839.6026999414485,26.59480654546297,-50.41777220346555,57.00206565687899,20.851483055442177,-31.83617741373752,38.056885552162086,42.99342398194097,38.1053285476784,195.97141564780972,-6.889163559367463,-11.28662566241854,36.344719273737674
1334,22.255566666666667,1653.2997909714327,838.755375456868,13634.5,1600.2671480144404,827.274368231047,-2.9283932966536623,detected,1652.5187069216563,839.1586619863244,27.144313687526903,-28.299619560174914,39.2132915325594,20.606127486586004,-31.896335832512047,37.973526693392955,42.91964179430414,37.63120369871237,196.0940837003697,-4.972265328256195,-10.95637083015654,36.35858451268314
1335,22.27225,1653.6740822862773,838.9713106676521,13530.0,1601.822695035461,821.854609929078,-2.822745215674823,detected,1652.8772872173495,838.666371749888,12.050420915187855,-8.394531234876034,14.686074999349085,20.482025979618626,-31.752231830207432,37.78515071332931,42.4197117662805,37.18209040368893,196.18520086880403,-4.54040238159941,-10.819521297514394,36.202977409622584
1336,22.288933333333333,1653.7018733493028,838.475277931331,13567.5,1601.5873015873017,824.0595238095239,-2.8717241518463203,detected,1653.2263175351104,838.1859455074703,7.3736635605822185,-51.97670487077048,52.49713100282561,20.26655377173366,-31.673890772454303,37.602773281341065,42.20182037395215,36.76645014707584,196.49535035959192,-3.1732871930839535,-10.439032318810817,36.124716783592376
1337,22.305616666666666,1653.9201168604154,837.2370212817974,13634.5,1601.3578947368421,824.659649122807,-2.906723466501493,detected,1653.586635907604,837.6950322718125,8.512911773715194,-37.35303486414559,38.31081936514977,20.089014469540203,-31.624526804620956,37.46570695947943,41.9787100576567,36.39211473861142,196.45728198140895,-2.445667917792189,-10.306751042347313,36.02013438237922
1338,22.322300000000002,1653.985920838819,837.2289316680307,14051.5,1602.7529411764706,818.5137254901961,-2.791356559059866,detected,1653.9171626181371,837.2053373421877,26.459984231068727,-8.718799166139512,27.859436900409182,19.859409128022566,-31.61662152072722,37.336401638335445,42.199302239417044,36.06602122833154,196.50461081476314,-1.4873987508955413,-10.059094262161214,35.95582720400204
1339,22.338983333333335,1654.8029983342587,836.9461040162872,13507.5,1603.062271062271,819.6336996336996,-2.8187032794633637,detected,1654.235153546498,836.7193301231048,32.25724838248279,-25.243314044310797,40.96040743387311,19.61090992372284,-31.688797961419002,37.266173727336216,42.331067647173505,35.793972825415985,196.56613014997407,-0.2025247865074974,-9.761718761523785,35.96493502144719
1340,22.355666666666668,1655.0622376931813,836.3866464227522,13502.0,1603.8093525179856,817.1474820143885,-2.7824913305085057,detected,1654.532342226121,836.2259288124934,13.131846906616829,-27.24686993687683,30.246277862505732,19.380875516200803,-31.784179126170194,37.227038271919305,42.14713310203713,35.580444445682666,196.7157611028442,0.4233481105861648,-9.420013404249742,36.01549286019421
1341,22.37235,1655.2411642927095,836.0369667893934,13444.5,1601.888030888031,822.7220077220077,-2.8970254850230477,detected,1654.838022262588,835.7243458211726,16.322860886374983,-33.56678825134672,37.32512640335862,19.117410495129445,-31.952220059443494,37.23465792465923,41.994314783500926,35.42844932283254,196.8236908522558,0.3962739763262964,-9.051328906571657,36.11776842208623
1342,22.389033333333334,1655.6068771514233,835.2666345880989,13508.5,1604.2051282051282,816.5128205128206,-2.791752128005793,detected,1655.136109128581,835.2166909618784,6.426546821631445,-46.56170069126658,47.00311133652448,18.835934015725528,-32.16559786225475,37.27489900832802,42.04591228436469,35.33947844681957,196.91545664505483,1.407429510423147,-8.662087649270523,36.25446639570646
1343,22.405716666666667,1655.4555967383246,834.4833580429948,13490.0,1602.7124463519312,821.5407725321888,-2.9009585024874784,detected,1655.4293291902864,834.7063403044389,-8.65745572565873,-30.06270721028828,31.284467463155902,18.52322822744658,-32.35414506295552,37.28137184601504,41.81214206632933,35.31351785134705,197.1485040607173,2.004497025539007,-8.160156283197606,36.377362963175784
1344,22.4224,1655.3180067120438,834.2635422575156,14104.0,1604.2317073170732,816.910569105691,-2.8141413849536043,detected,1655.7011114190957,834.1687105728247,-8.973745859671075,-31.83022025384614,33.070999926859194,18.212110862729258,-32.51777023117279,37.27044892248668,41.42861599017808,35.34914099646773,197.21365103622765,2.5576365489649104,-7.773184614715303,36.45084311547871
1345,22.439083333333333,1655.1561727514736,833.4212896938582,14024.0,1602.6326530612246,821.2530612244898,-2.913936858597991,detected,1655.973718735105,833.6185017425561,28.75401456414827,-31.78963317526251,42.8646023074168,18.011385516913823,-32.64811178166922,37.28685037848144,41.51872982541056,35.44366599762776,197.44546025351997,3.4776648972055093,-7.395078688276817,36.54616289491218
1346,22.455766666666666,1656.2774323313342,833.202828163901,13589.5,1602.5744680851064,820.9191489361702,-2.9167272493014638,detected,1656.2214209779568,833.0704316026644,40.772566301634086,-20.875637090963437,45.806051857530306,17.80828513718834,-32.793110436642145,37.31652598564356,41.931395786368356,35.593361457972335,197.6472511663462,4.555568441978788,-7.028820711630338,36.64858511649484
1347,22.472450000000002,1656.5166173804048,832.7247392695897,13695.5,1603.4555984555984,818.1776061776062,-2.8740088812539386,detected,1656.458712043405,832.5200523504899,22.2245130728445,-27.72378779589977,35.53220217038507,17.65722520461944,-32.92365565272049,37.359666800783465,41.97495509100238,35.7936810680577,197.98083977242388,4.461470053371446,-6.631345372759709,36.76642438438555
1348,22.489133333333335,1657.0189902508648,832.2777777777778,13779.0,1606.5304659498208,810.5519713261649,-2.7352315025360845,detected,1656.6909731628339,831.9602891214852,20.841658014288583,-31.399064227937373,37.68654857073935,17.60205024564342,-33.021916404264736,37.42030379166374,42.155186646447966,36.03950637814564,198.32134232736223,4.891756729070399,-6.329464777275794,36.88111998697476
1349,22.505816666666668,1657.2120340361482,831.6770571598508,13730.5,1606.992509363296,809.0074906367041,-2.7175672707184306,detected,1656.9346246275109,831.4207440147059,-10.96203970368529,-38.88154354717494,40.39728633306987,17.506882276941518,-33.187015158133306,37.52157915339996,42.17970567407101,36.3253790292952,198.60005080217755,4.590885046855135,-6.007129707394213,37.037592994731725
1350,22.5225,1656.6532235260852,830.9804302747538,14146.0,1605.7359307359307,811.4112554112554,-2.7746651976936088,detected,1657.1652371576056,830.8532037657956,-3.7213486269853284,-32.45557481757661,32.66822266887011,17.442884389164995,-33.31730658674307,37.607142061167174,42.327072792250775,36.645707495704,198.7726321994889,4.397318895394896,-5.793018251199793,37.158284050129055
1351,22.539183333333334,1657.0878650369611,830.5941228134377,13663.0,1606.6814814814816,810.062962962963,-2.754798169737878,detected,1657.3888826347595,830.3013190610478,22.686695623679903,-23.264588773114184,32.49503422222551,17.35224430965012,-33.562864640779004,37.78314790322583,42.598938617398176,36.994938079244314,198.98818748987858,3.583783700578463,-5.487576589470482,37.3825195599726
1352,22.555866666666667,1657.4102029367286,830.2041684960242,13666.0,1606.3131672597865,811.1494661921708,-2.7846537361774817,detected,1657.6023820050523,829.7235785915136,-12.27069373998984,-54.121916317280125,55.49551108617073,17.3660261482835,-33.84680131134557,38.04188248749752,42.655369380361186,37.36768466287637,199.16687238701817,2.5825415478710037,-5.290763092644061,37.67217340544723
1353,22.57255,1656.6784328891702,828.7882548723178,14221.5,1606.6370106761565,810.0498220640569,-2.783296861722663,detected,1657.8253661511715,829.1536624777174,9.301146588983341,-37.615207262049736,38.74809860156645,17.449726550085625,-34.05064305092024,38.261459052863444,42.71141018224922,37.75881597892151,199.3554110360745,2.662706119695657,-5.1781809302173105,37.9094406593909
1354,22.589233333333333,1657.720551194581,828.9490744137138,13631.0,1605.6379928315412,812.3189964157706,-2.8325227756858897,detected,1658.0491922328063,828.562518242381,42.27498726843057,-15.716222815087887,45.101820452388125,17.537677472927857,-34.35032155252063,38.568312406767355,42.560996335389795,38.16350257720172,199.56775139979547,1.176769301285151,-5.020154551639598,38.24019835439739
1355,22.605916666666666,1658.0890082976935,828.2638569043877,13678.5,1606.3558052434457,810.2397003745318,-2.8063386151854153,detected,1658.2646682849695,827.9357539983432,25.43198481891448,-45.83368470121258,52.4167197096467,17.765992425523017,-34.48383069135244,38.791301422014726,42.81682354925276,38.57722821061211,199.54054579957375,0.7555585902594988,-5.208821321053765,38.43999540139069
1356,22.622600000000002,1658.5691317547055,827.4197571341833,13725.0,1607.1097560975609,808.739837398374,-2.7933809519785315,detected,1658.5055243155286,827.3590583717424,28.781398273587943,-41.381505449783695,50.40632777611724,18.087657417951046,-34.65172240324393,39.08842816461973,43.279644595155276,38.99577200266062,199.7011192810497,-0.7071410825485759,-5.347308947300618,38.72094398904494
1357,22.639283333333335,1659.0493476200888,826.8830940058799,13719.0,1607.8924731182797,806.9283154121864,-2.769675541660365,detected,1658.7589853856161,826.7721280068394,14.651415312941975,-75.60581297238346,77.01235567029059,18.5010327611563,-34.77891285621783,39.393666910935984,43.33981058728983,39.41516861596794,199.86650612602622,-3.107991266098929,-5.5810680834767865,38.9963161303394
1358,22.655966666666668,1659.0580006456473,824.8970431746715,13939.5,1608.1805054151625,806.8808664259927,-2.801261993964562,detected,1659.0201881526289,826.1709542084749,20.841967358749866,-31.849871331939866,38.0631305497107,18.970459419295018,-34.84132690632807,39.6711027219151,42.99695900840151,39.831653989089425,199.83510830056167,-4.859586611596536,-6.022836058736049,39.21124630743492
1359,22.67265,1659.7447745976258,825.8203699657709,13731.0,1606.4404332129964,810.898916967509,-2.8686494069352784,detected,1659.3124994984794,825.5546701463211,22.6278550586234,0.8146481026197978,22.642514791541387,19.440210602823882,-35.03472916445665,40.066869554645464,43.11197026706855,40.24160441391998,199.4063609116129,-5.310908527576784,-6.694886220973071,39.50357622288393
1360,22.689333333333334,1659.81301674277,824.9242252663622,13687.5,1606.8377358490566,810.1849056603774,-2.8702258979515567,detected,1659.6237711982303,824.956176868792,6.126717857755733,-40.02528667650187,40.49148361377613,19.925170155497817,-35.10707020526538,40.36729844964824,43.711110269401075,40.64147684690942,199.25387180992183,-5.363542749102279,-7.233978065407847,39.713830657242966
1361,22.706016666666667,1659.9492027501462,824.4848595669982,13672.0,1608.772893772894,806.2417582417582,-2.799160685247676,detected,1659.9400055098213,824.3581339903812,19.10394683002003,-33.889232660610105,38.90296742935165,20.387542660882595,-35.17117710774925,40.65296538868933,43.55631661519096,41.027758004091176,199.18011232482868,-6.765236381742373,-7.700742308688827,39.91694079947939
1362,22.7227,1660.450451768665,823.7934545365865,13668.5,1609.171875,805.6328125,-2.801219735303723,detected,1660.277370442856,823.7399296127999,24.446681678420223,-47.801504780868065,53.690074542706306,20.79648987328735,-35.36204724773861,41.023997569727904,43.51151802522888,41.39692860865019,198.9763347821294,-8.414845729613875,-8.167316911541837,40.20277740489435
1363,22.739383333333333,1660.7649070288162,822.8898826908099,13696.0,1610.2424242424242,803.4469696969697,-2.774225910399653,detected,1660.622596566183,823.1269771495649,26.751275876030338,-44.12389646090192,51.59989340965615,21.160589322753577,-35.43661125586718,41.27376839816889,43.501491959632304,41.74544731188476,198.8469439580286,-8.600153364728783,-8.578576750436106,40.37241606248705
1364,22.756066666666666,1661.3430526737286,822.3211871913411,13735.5,1609.7230769230769,805.5653846153846,-2.8277233115958476,detected,1660.9965183932686,822.5085783142686,14.922608328371286,-39.560652450781355,42.281549896538664,21.607435950246426,-35.40125889975819,41.474455029954406,43.29111456735409,42.069756908519594,198.5983007201726,-8.664282071953739,-9.188483615840866,40.44381521163816
1365,22.772750000000002,1661.2628247267062,821.5698755873689,13691.0,1609.375478927203,806.0919540229885,-2.851697525054973,detected,1661.3867382619615,821.8915777167771,3.84038634432887,-44.52767767050515,44.69298206656288,22.03817481548534,-35.36111019665952,41.666404494966805,43.64328958266378,42.36631398570063,198.4335480593485,-8.473028581240628,-9.726074004957374,40.51533966275345
1366,22.789433333333335,1661.471193564751,820.8354470130686,13799.0,1611.2047244094488,801.9173228346457,-2.78163304847514,detected,1661.7975509678386,821.2952487315823,9.220897498382326,-38.93894159442642,40.015823409869064,22.3992062426363,-35.34775549935083,41.84720132986248,43.656037331355606,42.63164208680092,198.07943287391973,-9.374865828546767,-10.323641457392705,40.55379989842193
1367,22.806116666666668,1661.5704953399022,820.2706129028348,13751.5,1610.6831275720165,804.3086419753087,-2.837639902246341,detected,1662.2381960884752,820.6846080911491,17.035099274553257,-21.18900366622642,27.18765314736161,22.689026116148355,-35.316890517999205,41.97707305136465,43.22507576376151,42.86240754167256,197.90440373421745,-9.416534482230075,-10.732751188866358,40.5818027430706
1368,22.8228,1662.0395980438786,820.1284405907388,13666.5,1612.1434426229507,801.6188524590164,-2.7863666534762435,detected,1662.6726783779225,820.0677068703349,29.234430636694054,-14.009929447021184,32.41805141834079,22.914645214764118,-35.31511548227957,42.09796131459639,43.38318358642716,43.05551602372303,197.42479300157513,-9.88343683133365,-11.287869972954617,40.55640933710632
1369,22.839483333333334,1662.5459508421466,819.8031482569526,13616.0,1612.3032786885246,802.172131147541,-2.8041009761388356,detected,1663.105450192094,819.4641351534108,32.79428546430371,-31.306066262972248,45.33800771952657,23.038948513284144,-35.26696055032633,42.125427654280635,43.575289220995415,43.20822651802492,197.16632611151294,-9.990391436322646,-11.603687041915586,40.49575412422038
1370,22.856166666666667,1663.1338340355376,819.0838615130976,13647.5,1613.4128787878788,800.0113636363636,-2.7753117313198192,detected,1663.5367797997321,818.8595453032581,34.30002867391293,-38.145372637336,51.2987467748723,23.027946082786602,-35.290381212990454,42.139023564267795,43.94023875798927,43.31827779665036,196.49734714481633,-9.807840601612027,-12.05850887629784,40.376845724129595
1371,22.87285,1663.6904284655661,818.5303643232868,13719.5,1612.2734082397003,804.558052434457,-2.8762552150437237,detected,1664.0122688648535,818.2834048913252,36.664168959031755,-27.44923644341442,45.80089373345129,23.035547597104703,-35.35056704294852,42.19359007428112,43.683001901586664,43.38402096233023,195.89856109109778,-10.067786943434417,-12.470636286441879,40.308588091965625
1372,22.889533333333333,1664.357195139804,818.1679719904357,13662.0,1613.2415094339622,802.6792452830189,-2.847373767273689,detected,1664.47775526093,817.6887339029623,18.78951831007522,-46.65733670692218,50.298638817643564,23.06992608883848,-35.2856741431638,42.15803944068093,43.8416463244728,43.40455050153036,195.46854093293126,-10.508416236712801,-12.823249696037195,40.16048501593439
1373,22.906216666666666,1664.3173720598456,816.9735645218325,13668.5,1613.5,802.981884057971,-2.872917229826786,detected,1664.939056446222,817.1038859084498,16.524822856806168,-38.24203751621083,41.659611182056175,23.191322010900837,-35.21243466216335,42.16340796769655,44.43629928429583,43.379825800256256,195.16995416349533,-9.098153031557782,-13.168695126911683,40.05419378922598
1374,22.922900000000002,1664.9085733957927,816.8919626719781,13555.5,1614.4185185185186,801.174074074074,-2.839795356811752,detected,1665.4096738577077,816.5448178743233,26.8696598642758,-42.0589856801232,49.90928668757631,23.242630567486504,-35.26348954687794,42.234270098101945,44.419327483600256,43.31077512993554,195.02175647372306,-7.812781099248457,-13.308575152590784,40.08260717726918
1375,22.939583333333335,1665.2139230439836,815.5701963663057,13622.5,1614.4212454212454,802.7472527472528,-2.894303293108185,detected,1665.8719689803083,815.9594007175369,33.87778490436572,-52.91395210152272,62.82985466343775,23.052985318616017,-35.21561973601074,42.09014142874356,44.01696045919114,43.1993744473565,194.70187212063914,-6.373185681572704,-13.360861877378406,39.91324811870429
1376,22.956266666666668,1666.0389621521017,815.1264004701907,13611.5,1614.599290780142,802.7836879432624,-2.9060992997640245,detected,1666.3276036614182,815.3829145434914,38.202168189538355,-30.812748293314154,49.07984425167739,22.88964099635146,-35.13692140397143,41.93493663630266,44.12060027519928,43.04869382748511,194.581088983858,-5.29870917222769,-13.306700706640655,39.76770834476898
1377,22.97295,1666.488602055908,814.5420776649188,13635.5,1616.0916666666667,799.5333333333333,-2.852145640961992,detected,1666.7825752598435,814.8155448579839,25.316178728169252,-38.65891196950302,46.21060895576246,22.68931596352144,-35.021357676504344,41.72889349597181,43.75768641686909,42.86290505072401,194.43762246361393,-4.40743255387437,-13.241050087775637,39.57240383109391
1378,22.989633333333334,1666.8836786489983,813.8364814408083,13659.0,1615.076923076923,804.3076923076924,-2.959696188103724,detected,1667.196011956698,814.2270247895179,43.43392145464868,-7.973425529790383,44.1597220055528,22.311641139218224,-35.04032459181694,41.54074719868609,44.328136403352836,42.64724497227787,194.3354320161786,-3.4987187148490255,-12.94099747517536,39.47358942600294
1379,23.006316666666667,1667.9378472351113,814.2760310330748,13469.5,1616.9,798.4689655172414,-2.841249186644944,detected,1667.6189650578078,813.688360027269,44.40309324582085,-34.51948216176977,56.2425936325291,22.029955100586506,-35.081314329111365,41.42484202494648,44.853694404052455,42.40793085071514,194.13436598637196,-2.7877787873210225,-12.796273007470376,39.398895084888565
1380,23.023,1668.3652618603005,812.6846813860105,13655.5,1615.7426160337552,803.4050632911392,-2.96704450803952,detected,1668.0246977882734,813.1479074213797,33.472132732928166,-58.87635859648485,67.7259866762577,21.788562124786797,-35.145042915822465,41.35112430177318,44.71178158215107,42.15202572259269,194.01092032119493,-1.8475886289832186,-12.6314889093194,39.374623413493595
1381,23.039683333333333,1669.0547007306334,812.3115232012387,13778.0,1614.9310344827586,807.25,-3.0483461091963377,detected,1668.4271934031783,812.5956929522158,41.775878516548794,-16.78240553047062,45.020808091577095,21.55785334752356,-35.236347282397325,41.307883155144154,44.33015683770169,41.88725421962181,193.992601891606,-1.0162635873730095,-12.398136964904579,39.4033933888759
1382,23.056366666666666,1669.7591836734694,812.1247084548105,13720.0,1616.2718894009217,803.483870967742,-2.9814270834060266,detected,1668.8190099212006,812.0282866707382,25.806527603567567,-30.826143727987603,40.20233829135122,21.38126288270327,-35.24263599727201,41.22137545613292,43.53374581385069,41.62177217116971,193.95564065871145,0.5601767942538419,-12.250658673221574,39.358901871974254
1383,23.073050000000002,1669.9157785350058,811.2829575388482,13793.0,1618.8879668049792,793.4439834024896,-2.8052803179060417,detected,1669.1926444890046,811.4194067714552,16.86251127620681,-41.55808526012459,44.848843207244336,21.15319647264081,-35.4908247743306,41.31653862767768,43.676204738788094,41.36389703112592,193.91855965029544,1.8785735647266388,-11.995058617816555,39.53700713164221
1384,23.089733333333335,1670.3218294663855,810.738053676631,13749.0,1618.2787610619469,795.8407079646017,-2.8627974729986234,detected,1669.570361101286,810.8508304439821,27.479128391562266,-34.42042595806797,44.043935113643094,20.967498454502543,-35.508657559162664,41.23712833228626,43.99691928594651,41.12181028478785,193.68864177096964,3.209784399532653,-11.96897315642216,39.4619365297028
1385,23.106416666666668,1670.8326654523376,810.1344626593807,13725.0,1617.3443223443223,801.0769230769231,-2.973847234766421,detected,1669.9416371328903,810.2739309100166,18.980907430254497,-40.70423356099125,44.91224194652964,20.68638384498908,-35.5821411480737,41.15841645719214,44.392415567144134,40.90324690086189,193.59962544013734,3.9829118341200904,-11.739756369860507,39.44861677727097
1386,23.1231,1670.9551590776416,809.3798890834793,13704.0,1617.6186770428017,800.1984435797665,-2.9711214590309565,detected,1670.2906493853623,809.7177357175192,13.732929591063744,-33.40283816639755,36.11568845700798,20.396147087626392,-35.727281540163794,41.139293409953204,44.890606033723266,40.71519002664978,193.74523515068336,4.98309208531643,-11.323054072334347,39.550346506006896
1387,23.139783333333334,1671.2908875363594,809.0199212925619,13637.0,1618.420338983051,797.1016949152543,-2.9198758334436126,detected,1670.6257227995325,809.1512504601762,23.057442687564382,-14.743490133538828,27.3681596861768,20.169769746850168,-35.873532202462144,41.15495018004567,44.79141176952162,40.56359101183204,194.1232685715661,4.92116851265234,-10.806638079813775,39.710785659993675
1388,23.156466666666667,1671.7245090819833,808.8879479626902,13580.0,1619.0962962962963,794.9296296296296,-2.8823366880528165,detected,1670.962105851311,808.5792237541089,22.744603438638986,-20.54806367027027,30.651915212241295,19.87746752455075,-36.1179620143113,41.226458679551946,44.63136918756905,40.453134945522734,194.46227564340805,5.6058892710511214,-10.2274055797666,39.93771488660515
1389,23.17315,1672.049799137762,808.3343009014305,13608.0,1619.1458333333333,794.8680555555555,-2.892344394156048,detected,1671.3010663259106,807.9946126878444,11.144385646607256,-46.17709139722194,47.502853612679885,19.588353960898946,-36.33284216398596,41.27685829385009,44.918496792449034,40.38706964927414,194.64839333679146,6.261248771346489,-9.763563003792704,40.10550919863194
1390,23.189833333333333,1672.0963600830585,807.3471723464029,13645.0,1619.2473498233217,794.7491166077739,-2.9075816401971477,detected,1671.6164141036031,807.4174739562443,-3.5127555425723647,-37.78684023211701,37.94976608925817,19.22641658844787,-36.67971079012158,41.4132379617859,45.03315148834544,40.367111279829366,194.8640853311535,6.433844206014033,-9.1737085139524,40.38439488936961
1391,23.206516666666666,1671.9325901944915,807.0734799990189,13591.0,1619.1992753623188,794.9384057971015,-2.9154087885699624,detected,1671.908431158047,806.8086991562432,7.093697991964658,-24.895062990817568,25.88599452441374,18.867862861403506,-36.97007965902699,41.5064216592027,44.80260418544983,40.39343281919155,195.26197994342175,7.001825407482127,-8.470694244951718,40.63287311968073
1392,23.223200000000002,1672.3330531393904,806.5165070779426,13681.0,1620.0537634408602,791.2437275985662,-2.857364001060535,detected,1672.173612503167,806.1712389433941,16.6877149592154,-35.284525473724514,39.03175077377308,18.493926339637166,-37.154682529186964,41.50296068114414,44.78773567159682,40.46473383187483,195.61137530129568,6.911261782453149,-7.8129346249953535,40.76093470280269
1393,23.239883333333335,1672.489403616964,805.8961529990456,13621.0,1619.7133333333334,793.0699999999999,-2.9031849468187847,detected,1672.4313748377895,805.5420055281768,3.555971160922608,-42.33509514883358,42.48417602070336,18.118540288047686,-37.2697024173527,41.440465977684575,45.170716065019235,40.57838222157442,196.014635295845,7.505446871524973,-7.133309464501465,40.82190731128675
1394,23.256566666666668,1672.4517040437931,805.1039260698099,14157.5,1621.9837662337663,785.3506493506493,-2.7685198210908815,detected,1672.6786315162162,804.9284040628762,-10.738093151957655,-59.79052694652427,60.74712962011592,17.772018381826243,-37.39682481008816,41.40491689691449,45.380237229462544,40.7306124550078,196.3772446046528,8.131983135109921,-6.506512032142723,40.89049332566162
1395,23.27325,1672.131109242127,803.9011424165966,14268.0,1621.312925170068,786.5272108843537,-2.812166208240178,detected,1672.9139767300335,804.3061063816392,8.188963530109696,-32.17571888461231,33.20144589380203,17.496401837685763,-37.536003240089556,41.41347143751399,45.461394399065256,40.91676072104312,196.90702158194043,8.56611668022673,-5.823971740116107,41.00191421965707
1396,23.289933333333334,1672.7249424602478,804.0303295830266,14265.5,1620.247311827957,789.6308243727599,-2.8737906635175636,detected,1673.1402877312855,803.6876094693625,40.1199554868425,-16.302749987648987,43.30577889180626,17.281956940746436,-37.70184536438972,41.47403018253915,45.7595416338477,41.131516256474406,197.24010244574887,8.256700800193299,-5.331554016369999,41.1299126105648
1397,23.306616666666667,1673.469778423538,803.3571739920087,13765.0,1621.6666666666667,784.8388278388278,-2.798273681449935,detected,1673.371445716757,803.0809880669552,22.52960293290116,-62.912134118232686,66.82454360206799,17.105415972609357,-37.87731484583801,41.56063324261,45.34686361516603,41.36916948561754,197.61537232867477,8.201259696289178,-4.84068876459896,41.27776602253355
1398,23.3233,1673.4766802114423,801.9311613746149,13904.5,1621.5824175824175,785.4542124542124,-2.834150019328904,detected,1673.5794031191335,802.4235469957001,-11.232008211986926,-37.93789772305569,39.56566809898673,16.891916240963333,-38.004061414231764,41.58900718060507,45.16726879872865,41.62384098972375,197.93264554414824,7.961537897272396,-4.369888806742779,41.35879096498258
1399,23.339983333333333,1673.0950037495313,802.0913128046494,14224.0,1622.851063829787,782.0,-2.7611937423876554,detected,1673.7876792839247,801.7906495804622,0.8936328621367627,-12.921373834255878,12.952238472823266,16.714990140135928,-38.11126029906685,41.61561073645406,45.02679426136292,41.88967974315666,198.44693608655032,7.24858030491032,-3.7967229601694754,41.4420553511984
1400,23.356666666666666,1673.5064977612756,801.5000182010119,13735.5,1621.783269961977,784.5399239543726,-2.8247392084120917,detected,1673.9800603563547,801.1141034640407,15.222051203262172,-34.35183303770906,37.573385206624316,16.575653895688472,-38.238450235508864,41.67650871274057,44.562425684581186,42.1610237383064,198.8064960177217,6.203631221513458,-3.3636800299065204,41.54054688060267
1401,23.373350000000002,1673.6029128580135,800.9451066422912,13675.0,1622.0342205323193,783.6692015209126,-2.818335994661563,detected,1674.1816425152915,800.4439188889751,9.746283331743731,-36.43158133038489,37.712732027991215,16.519813720845963,-38.37219259242198,41.77713979823625,44.57967134836326,42.43252036038907,198.99486601938602,5.629190532895317,-3.1307597350215453,41.65966578362029
1402,23.390033333333335,1673.8316987484448,800.2844177706214,13663.0,1622.1829268292684,783.0243902439024,-2.819079580037197,detected,1674.3682467286817,799.7571128095625,15.34092918209662,-64.91198369292431,66.70014793927054,16.572497553867866,-38.435929612992666,41.85652112142005,44.80626085742713,42.69920708996894,199.34567547581742,5.079928350409735,-2.9042248781262145,41.75564438785679
1403,23.406716666666668,1674.1147885283895,798.7792101197373,13808.0,1623.19723183391,780.2629757785467,-2.792808481403778,detected,1674.5615321639955,799.0841882719642,25.68025216970017,-66.03663369818233,70.85416248666905,16.621179042401906,-38.61943493253176,42.04431408963208,44.87451606065056,42.95655521356047,199.43890232688906,3.7544936055763847,-2.8211154590049077,41.949560841975426
1404,23.4234,1674.688563162507,798.0809954262254,13883.5,1623.658181818182,779.429090909091,-2.7911714623041286,detected,1674.7640931980904,798.4142998561102,25.117245885431892,-37.89469025449463,45.462991436478696,16.87164550377304,-38.506123020416894,42.04014667039668,44.79729097797462,43.20048066996003,199.58924654289277,4.0706214691437115,-2.984990344245844,41.93404064376845
1405,23.440083333333334,1674.9528672994334,797.514790621579,13854.5,1623.1290322580644,780.0752688172042,-2.8169809223756075,detected,1674.9705519862848,797.7239535152916,24.437814543482094,-20.20170822809384,31.706715298098278,17.18926853232117,-38.58042156358153,42.2364757135336,44.41890072688361,43.42732746880786,199.61741207837974,2.7037069884903335,-3.238617908202359,42.11212693209148
1406,23.456766666666667,1675.5039715744413,797.4069317616813,13743.5,1624.8152173913043,776.7173913043478,-2.754064568749479,detected,1675.200469881957,797.0308404699484,26.28453478393056,-27.426770648177108,37.98821550159161,17.570443480409438,-38.577128817783326,42.390038357167256,44.61923632525828,43.633830345520074,199.40359536725865,0.7436486727426034,-3.7563680827144204,42.22327617261924
1407,23.47345,1675.8298946100572,796.5996507076181,13837.5,1624.9931740614334,775.679180887372,-2.7511924602017546,detected,1675.4627871224268,796.3740076367812,17.92181427492676,-41.324763569337314,45.043617871643,17.98872349184039,-38.624845900086804,42.608366475040356,44.590980914358575,43.81706405377909,199.25908105639127,-0.8066611089140622,-4.241986391374345,42.396679647429195
1408,23.490133333333333,1676.1019627774147,796.0280621505844,13773.0,1626.927966101695,771.4067796610169,-2.6773874394812083,detected,1675.7289302507847,795.6799907150131,6.968626290237587,-37.71920162713562,38.35752760230383,18.425304316756883,-38.5541621682337,42.73072968789045,44.19373377674868,43.97438656111035,199.5258794606942,-1.5591150251477255,-4.47961866725324,42.495273575487886
1409,23.506816666666666,1676.062414440608,795.3410866799927,13757.5,1626.058620689655,773.7586206896551,-2.7341310860482935,detected,1676.0268600431414,795.0028174350987,12.992191138719308,-58.44412569959726,59.87080139245959,18.815552478952338,-38.535527058839214,42.88370157519916,44.26180994292024,44.10338250361138,199.75034577506636,-3.280825704041744,-4.686690627583772,42.62683182869749
1410,23.523500000000002,1676.53546888841,794.0779764897412,13923.0,1626.0888030888032,774.7374517374517,-2.775490576534989,detected,1676.3542735256533,794.3249837142073,32.27915730482303,-54.4679412601735,63.314300291728884,19.19953210345259,-38.50366013093707,43.02503778580815,44.02531234828577,44.20181205763953,199.5603445169698,-5.227769806289556,-5.200510422980662,42.709584027600755
1411,23.540183333333335,1677.139462322679,793.5236730399449,13781.5,1623.9768339768339,780.3474903474903,-2.8986416380194706,detected,1676.6734453291813,793.6228340213568,15.665550815756486,-46.24841637745522,48.829555596825955,19.65005939164178,-38.380513378478604,43.11830981486431,43.849604737306706,44.26756935102025,199.3404065119445,-7.398543271959255,-5.830305217602264,42.72231480573383
1412,23.556866666666668,1677.058176100629,792.5348209966135,13780.0,1625.3666666666668,776.5703703703704,-2.842044835922216,detected,1677.0229688708562,792.9286533031246,0.5121049947852874,-43.75481016579926,43.75780689397967,20.042045254605032,-38.19217328966398,43.131492886003365,43.971858723389694,44.298653862709635,199.10540639578593,-8.983855941824178,-6.437521912635395,42.64837617307015
1413,23.57355,1677.1565495593384,792.0637208740794,13805.0,1626.4659498207884,773.6200716845879,-2.792635163625159,detected,1677.392585415864,792.2603584998319,10.331803918010106,-55.395548324865814,56.35080253565829,20.452454235815136,-37.9431801449928,43.10438265169202,44.00272326016077,44.29315788578938,198.80472265250762,-9.832052499347357,-7.130011394055829,42.51059563572501
1414,23.590233333333334,1677.4029139580266,790.6864562008404,13921.5,1626.9335793357934,774.0738007380073,-2.8235997636648995,detected,1677.7921852711374,791.5980023525796,21.72431143094059,-45.37903997520171,50.31106216548653,20.79746403649986,-37.65071303115875,43.01291320178363,43.77723112205806,44.24927278129288,198.4030127006337,-10.501965929747364,-7.847579704874001,42.29097060697262
1415,23.606916666666667,1677.8814174174174,790.5495735735735,13875.0,1626.8,775.1285714285714,-2.8484022245926,detected,1678.2035487011058,790.9413352222508,28.592316231525626,-2.6945747958394004,28.71900556798471,21.069758222510796,-37.44931786910751,42.969595301986686,43.88930682634093,44.16531613597824,197.96945044272712,-11.436897264360555,-8.48851588733586,42.12281114131586
1416,23.6236,1678.3569442429518,790.5965472218193,13786.0,1626.6360294117646,776.2573529411765,-2.8711435501167037,detected,1678.6103592793595,790.3030602572696,20.272891885797815,-17.00275313178499,26.459095968563837,21.26965457185152,-37.19022100480452,42.84286106216633,43.930841086569906,44.03978093501627,197.57187681303785,-12.914620876259848,-9.049388897275804,41.87623794681119
1417,23.640283333333333,1678.5578562433402,789.9822483774096,13764.0,1627.6283783783783,774.3918918918919,-2.8445338271157308,detected,1679.0405548558851,789.6703502979605,16.73391334408278,-48.371347764695216,51.18409069603911,21.417229897648827,-36.8847966423351,42.651916250447144,43.68663263194652,43.87140645180845,197.34537067180133,-14.49796229080415,-9.446786917844646,41.59259761981688
1418,23.656966666666666,1678.9152991515327,788.9825565847373,13711.0,1628.3791946308725,772.4060402684563,-2.824637712384674,detected,1679.4574508502515,789.0391050015796,27.277333441885204,-48.45423077694323,55.60454477724875,21.618189796791604,-36.52344250437115,42.44181879302782,43.7512796066469,43.659268742030996,196.7830733561198,-15.445166919207727,-10.151253296167544,41.209950727673245
1419,23.673650000000002,1679.4680099358511,788.3654922104856,13822.0,1628.1376811594203,774.5326086956522,-2.8783585300829486,detected,1679.8897456710138,788.4340987066,32.07509288853503,-45.01736972807483,55.27544808540532,21.662642720713276,-36.2854401601944,42.25994861880833,43.39804256310993,43.40288662636441,196.29467506024832,-14.412499150173044,-10.611605802390006,40.90595408444843
1420,23.690333333333335,1679.9855380842469,787.4804770148105,13864.0,1628.7300380228137,772.9809885931559,-2.8659093216085045,detected,1680.318112015962,787.8039527823628,22.781948472741828,-55.94965595146168,60.41010823779076,21.526674124298438,-36.058687952620616,41.995555428142715,43.50487611217095,43.102337370845,195.86682329417363,-14.275214452859482,-10.847975531281406,40.57028595648455
1421,23.707016666666668,1680.2281676165583,786.4986386902385,13773.5,1629.6140350877192,772.1508771929824,-2.865365957882755,detected,1680.7444121097478,787.2240780989276,20.787991525164642,-21.73730332185062,30.07741590224225,21.46435678379392,-35.81081248764669,41.75084314319164,43.546800541093724,42.75837535655674,195.17584533482565,-13.846302142222795,-11.341191264508113,40.1809691753352
1422,23.7237,1680.6791640681365,786.7551756606381,13629.5,1629.8191489361702,772.1205673758866,-2.861418489268158,detected,1681.1899454359577,786.6414507314495,22.958716501289487,-23.508334443494938,32.85946517662442,21.429544189226068,-35.513441494050134,41.47806517798672,42.42492767690576,42.37254683998308,194.65572349390172,-12.812805518673374,-11.747033349872664,39.77985794829205
1423,23.740383333333334,1680.9942234571513,785.7142439309739,13676.0,1629.2015503875969,775.7596899224807,-2.951708177592467,detected,1681.6284543239076,786.030371544134,27.671266747677812,-32.94754359643463,43.02603435665551,21.32693989404232,-35.272768842064906,41.219007593946735,42.07847808015849,41.94729401476945,194.11699826587227,-12.127300250867057,-12.079734951410185,39.409219613353386
1424,23.757066666666667,1681.6024620019507,785.6558259559704,13498.5,1629.6426116838488,774.9862542955326,-2.9390652793490872,detected,1682.0489112314945,785.4553351149231,29.984534703269492,-26.58941472673377,40.07579440113221,21.06981493463621,-34.92490986959034,40.788312428670395,42.977556672392716,41.486041539461176,193.87807698913045,-11.495624903746302,-12.077781654123692,38.959127571008835
1425,23.77375,1681.9947074317504,784.8270437929252,13541.0,1631.0142857142857,770.7785714285715,-2.8727002863117024,detected,1682.4778012010845,784.9134212421093,39.800139284247834,-30.140383763347533,49.92488177699965,20.744824109293283,-34.675489090480156,40.40714381133024,42.993256836326665,40.99325835158093,193.43318255367936,-10.784632210387613,-12.121770866143429,38.54607557272518
1426,23.790433333333333,1682.930459982735,784.6501418177334,13515.0,1631.0038759689924,773.1976744186047,-2.9245167113438066,detected,1682.883058562667,784.3670702163927,35.42536755816995,-45.05418993843378,57.31349489989166,20.407023603452426,-34.32998908248923,39.93738552729377,42.96427525579336,40.47448718898561,193.27573753113853,-11.317329018795277,-11.97821364329991,38.098781616623356
1427,23.807116666666666,1683.176733862608,783.3237356553128,13666.5,1631.7263157894736,771.0701754385965,-2.9077858198406785,detected,1683.2640914375477,783.8354338449585,36.01471543459058,-30.97727960240062,47.50422696350128,20.098622173711505,-34.00785300409915,39.50302114054092,42.58376340249671,39.93633418529176,192.83444722533878,-10.40608542191445,-12.042152385467558,37.62280219700815
1428,23.823800000000002,1684.132150987736,783.6165332549999,13617.0,1632.6064981949457,767.2382671480144,-2.8338264545903913,detected,1683.6309109182048,783.2876215659347,49.224305699530454,-18.134738110624717,52.45856458140816,19.788628003241918,-33.831068264979265,39.19350683723488,42.155342983041436,39.38641150804262,192.5308098074837,-9.520433342862468,-11.977109443158906,37.3186257462272
1429,23.840483333333335,1684.8191848627823,782.7186398936883,13670.5,1632.1434108527133,769.8837209302326,-2.902590970466979,detected,1683.9877968323112,782.7490262832093,32.58902503790109,-36.83892412177065,49.184864372797854,19.55043507980326,-33.7040915596232,38.96389738808306,42.39995900865361,38.83322741456922,192.15803305655947,-8.01444116992045,-12.013548050351577,37.065616990830726
1430,23.857166666666668,1685.2195381231672,782.3873411534702,13640.0,1632.7386363636365,768.6590909090909,-2.885739932069353,detected,1684.342194551126,782.2293508994835,17.766978326496492,-51.87927074695783,54.83725241193573,19.257692585085227,-33.6449738377732,38.7665189080228,42.48075260185459,38.2860203343519,191.94964754624624,-7.541925113515681,-11.874118132667324,36.90322894839354
1431,23.87385,1685.4120097062764,780.9876015597648,13805.5,1633.03125,768.078125,-2.8999536582455545,detected,1684.6860555476355,781.7124345449857,24.162580533455994,-30.380801448168615,38.81782315726618,19.03847926578911,-33.42691733613645,38.46846104734087,42.421489693012134,37.75453665085431,191.7168728319306,-5.608744395124193,-11.853582312560459,36.59665396877336
1432,23.890533333333334,1686.0257628936336,781.373635078483,13676.0,1632.0766283524904,772.8659003831417,-2.9851815748750163,detected,1685.023381299585,781.204754025818,16.375564008525302,-19.395226938407056,25.383733464359022,18.812901688698034,-33.28262556945333,38.231641800281686,42.47037453957322,37.248755817466424,191.69250021017564,-4.29026291016046,-11.677494162841489,36.40459538055393
1433,23.907216666666667,1685.9584076920275,780.3404474875866,13728.5,1631.8664122137404,775.263358778626,-3.048006575116875,detected,1685.3635100995261,780.7073072988737,0.2800558444733496,-47.378839559638564,47.37966725604978,18.512578182379062,-33.15493276456121,37.9732157919404,42.67631881417562,36.778571311646765,191.78850497392867,-1.870612633320334,-11.348576681387588,36.23775551669747
1434,23.9239,1686.0351074236441,779.792761131843,13800.5,1633.1056910569105,770.4471544715448,-2.9668266189895642,detected,1685.6820395213554,780.2203728507626,31.045474631741918,-12.110249274442126,33.3238598094407,18.1499421172816,-33.08641610384632,37.737664599939585,42.604463584013104,36.35344142627326,191.7882736442421,0.5650939525059393,-11.007732861698056,36.09655311387815
1435,23.940583333333333,1686.9942916955733,779.9363688367961,13693.5,1632.98755186722,772.0165975103735,-2.9959863360804917,detected,1685.9879379314634,779.7213707073705,26.342427310104263,-7.915643571131759,27.50601551903377,17.83244232368865,-33.16058317724099,37.65129846210354,42.23087167031845,35.98202939022603,191.9787854847652,1.7444379050565213,-10.56166964640126,36.13960998907828
1436,23.957266666666666,1686.9140664148913,779.5286424913529,13636.5,1633.0856031128405,770.7976653696498,-2.9807930380851064,detected,1686.3073638457759,779.2213796466385,7.329360545117179,-32.5434632734257,33.35860500424332,17.474976642651114,-33.2346476422083,37.54885634161104,42.04216443256701,35.67185692294433,191.97095478678239,1.9221629709083496,-10.201554830948652,36.1364759155357
1437,23.973950000000002,1687.238848025762,778.8505019455728,13663.5,1633.976,767.6759999999999,-2.934792803141596,detected,1686.5986681730994,778.7077573631282,5.599772966511786,-31.673068855459242,32.16427751402382,17.068037441921252,-33.38559975873231,37.49554871406862,42.051181676611336,35.42899796121461,192.2327199019643,1.7671062851197508,-9.60666970801887,36.24400737349728
1438,23.990633333333335,1687.100912172874,778.4718177605424,13667.0,1634.507874015748,765.8110236220473,-2.9053562501024324,detected,1686.8622681620507,778.1911815918321,-1.6385260744289107,-36.41689591563318,36.453738845647145,16.655549916390623,-33.51686038192491,37.42709276551983,41.75241531687126,35.25783877964404,192.57862378556243,2.1138539174547653,-8.956512180403369,36.33962248622175
1439,24.007316666666668,1687.184175872412,777.6353915185211,13669.0,1634.297520661157,765.805785123967,-2.9215364130258235,detected,1687.113065992574,777.6461428083757,11.667815713022067,-41.84523722857546,43.441475599118434,16.203985565130644,-33.789512358355495,37.4739948979345,41.42744944159337,35.16092630277966,192.71227855893923,3.13392944531449,-8.371224035424216,36.52701605331534
1440,24.024,1687.4902282904984,777.075581678349,13696.0,1633.6206896551723,768.2112068965517,-2.978501569750648,detected,1687.3475716664557,777.097125389584,5.415846105983951,-27.39088403181377,27.921173275633887,15.801678857514881,-33.95654361775493,37.453169547857044,41.50731003299609,35.13891823898855,192.8304375029969,3.9950200566086713,-7.86652421939386,36.617723930990245
1441,24.040683333333334,1687.3648846041483,776.7214490213263,14262.5,1632.228448275862,771.8879310344828,-3.054151515313943,detected,1687.5737568590637,776.562203754365,21.032743314709883,-17.034288201749668,27.065536497227267,15.416534336526329,-34.02822496634086,37.357591267494726,42.003520158379075,35.19063793139446,192.98745457082887,4.400048040194764,-7.374743466849373,36.62243552943143
1442,24.057366666666667,1688.192020825766,776.5072042620172,13765.0,1633.611111111111,765.2948717948718,-2.938985368168203,detected,1687.7836435263548,776.0367381158915,13.621387485219255,-43.57237367771999,45.65187778102182,15.005137681079052,-34.17467706508452,37.323755295132784,41.85598350792698,35.3132253922648,193.30514978626124,4.544371579243855,-6.737507948198972,36.71060740411289
1443,24.07405,1687.8193848999051,775.2675841529464,13878.5,1635.4448979591837,759.2816326530613,-2.845350096907517,detected,1687.9745305867732,775.4820322804785,-18.80498063542177,-39.157084213737505,43.438514486804436,14.628214462864268,-34.33199543818514,37.31850170008325,41.83072434693377,35.50236592225514,193.5602296114032,5.462204348429715,-6.170704596339682,36.80479552889581
1444,24.090733333333333,1687.5645613052307,775.2006628854189,14281.0,1634.6885813148788,762.7058823529412,-2.9095457457430105,detected,1688.159597568139,774.942783040172,8.133853864944161,-37.5657928802732,38.43628979779203,14.287806175904457,-34.6178885235253,37.450495472656144,41.852542830088076,35.75257077221124,193.81589622277812,5.566040202377423,-5.607580751448026,37.0282952519209
1445,24.107416666666666,1688.090784490532,774.0141388638413,13862.5,1636.3368055555557,756.46875,-2.814737107321002,detected,1688.3242934635502,774.3691708352242,17.321720371408947,-41.92248191420626,45.360075909021965,14.059692957813565,-34.879785753202064,37.606840072748334,41.371355264536945,36.05748155693175,194.09168985749875,5.8290536520328615,-5.144266579373705,37.25333463755438
1446,24.124100000000002,1688.1425293749567,773.8018494055482,14383.0,1636.295532646048,756.4742268041236,-2.819056120494098,detected,1688.4813361326449,773.7724052308208,5.817140861184013,-10.327105406628691,11.852773256857494,13.80777685833334,-35.20927186780011,37.81993557940291,41.55188127513181,36.41017168691543,194.46107997326095,5.671615051986069,-4.577771540697885,37.54186376502055
1447,24.140783333333335,1688.2848830906003,773.6695577801067,13835.5,1636.202657807309,756.5448504983389,-2.8239263920435387,detected,1688.6343909804282,773.1907449261447,3.1256119766501405,-22.372355449164527,22.58963785837083,13.577191211520676,-35.414804437321905,37.9282018362056,41.731743858363,36.803423043411655,194.74233931327308,6.051703567033,-4.1181306343285105,37.70397186778277
1448,24.157466666666668,1688.246820627911,773.0553584787277,13813.0,1634.8217054263566,760.2248062015503,-2.90589680636055,detected,1688.7812079119367,772.5886934866095,-8.922172054052727,-56.30455663817161,57.00708949230082,13.340719654726543,-35.70634646381106,38.11716120987658,42.10220634293564,37.2299628875271,194.93474402805887,5.274122309405389,-3.687874714244394,37.93833890396042
1449,24.17415,1687.98717994973,771.7908624069464,13858.5,1636.370786516854,755.5243445692884,-2.836302222675984,detected,1688.9219714633741,772.0089044805023,4.676059479506975,-38.056492121501186,38.34269323938746,13.194472563899657,-36.00482858966327,38.34633995586194,42.52132304973823,37.68265289297797,195.09988909085402,4.700262092376833,-3.3595559015530796,38.198889671754515
1450,24.190833333333334,1688.402845145877,771.785540191607,13813.0,1634.0284552845528,763.5528455284552,-2.9913263868430118,detected,1689.042688638085,771.3980500285513,29.798827023013573,-20.716786260057383,36.29263458185953,13.161384108621913,-36.277125296893765,38.5908260012819,42.387555668785545,38.15462811453073,195.45066201711032,4.268661372936495,-3.02120055898623,38.47238228448553
1451,24.207516666666667,1688.9814674780646,771.0996123054025,13885.5,1636.6847826086957,754.0289855072464,-2.826077935963748,detected,1689.181791439719,770.7859876016182,27.096718785590532,-39.68699166862747,48.05506712773463,13.23961678660002,-36.463343177361985,38.79256176544792,42.123877141868185,38.63938827205369,195.59583785067647,3.8819564244816203,-2.9489974508452867,38.680308457417965
1452,24.2242,1689.3069723293563,770.4613175695971,13871.5,1636.4696356275304,754.9919028340081,-2.8567780455155267,detected,1689.3112955438094,770.1407796819349,25.47352513872922,-42.863444512088265,49.86156193336044,13.376950785803434,-36.75547461906494,39.114034908182695,42.57070924781499,39.13084690321383,195.78344179300234,3.4974780899353948,-2.875026347385969,39.00822926384086
1453,24.240883333333333,1689.8314341001935,769.6694020401825,13953.0,1637.9554655870445,750.4858299595141,-2.7873913943623196,detected,1689.473305947044,769.5407259825531,15.239356821116738,-55.39106341466158,57.44917669147555,13.595659363700827,-37.059292834876196,39.47446185769848,42.54340353949178,39.62334573221685,196.18877797899938,3.288485833551307,-2.724325876017387,39.380340113769385
1454,24.257566666666666,1689.815458868621,768.6131024203279,14089.0,1636.8560606060605,754.6174242424242,-2.8832274162109015,detected,1689.6495756386012,768.900238070689,15.888304471125911,-31.931127473924942,35.665601364946085,13.927008307641868,-37.30607307415277,39.82090717971091,42.14031221462109,40.111642247681054,196.45560234370097,2.516010724093581,-2.7887749155065062,39.723134104521435
1455,24.274250000000002,1690.36157385938,768.6039667534692,14016.5,1638.8539325842696,748.996254681648,-2.7778552564931918,detected,1689.8440783356177,768.2559396860531,23.446242804044953,-26.099504175465324,35.08433296831168,14.280038262128455,-37.49561067551454,40.122815363551105,42.02505467604135,40.59087844989353,196.72568555676264,1.9084462237633955,-2.8850435900865588,40.01895596065586
1456,24.290933333333335,1690.5977818368492,767.7422489643399,13960.5,1638.0905511811025,752.2637795275591,-2.854924905005599,detected,1690.058089140633,767.5908939212514,1.7663139690945875,-47.40608101834644,47.438975353136,14.584438966454636,-37.87973727342577,40.590397335700004,42.27067315397554,41.056538368073326,197.01143897380382,0.8508805041155031,-2.864121460252715,40.489222814607366
1457,24.307616666666668,1690.4205098688155,767.022183850157,13899.0,1639.1863117870723,749.106463878327,-2.8052004086070235,detected,1690.2878424190933,766.9398517126749,1.079960822926432,-48.43675898499937,48.4487970578215,14.99098810404379,-38.09374001617147,40.937302704932165,42.35813931657063,41.50440130109112,197.0118199261292,-0.4997419651630956,-3.1900020325540144,40.81282445246283
1458,24.3243,1690.6338165296409,766.1260757728737,13866.0,1640.4654545454546,745.3818181818182,-2.7495089186804154,detected,1690.522586379357,766.2482390674188,19.036002360822206,-53.037168981134904,56.34989511449589,15.352935903796388,-38.27639895318456,41.24070025702071,42.13697743064245,41.930496783154894,196.88618834593373,-2.680388537529444,-3.572768652102244,41.085650558899324
1459,24.340983333333334,1691.055677814255,765.2525103118198,13859.5,1639.1140684410645,750.0266159695817,-2.8564460283522224,detected,1690.7660015044207,765.5646432090339,3.7596834693964785,-44.85099258549776,45.0082965206908,15.686329984809877,-38.5245607074914,41.595705620863505,42.23736411655241,42.331066206749405,196.834103063778,-4.200567769354964,-3.857355691314348,41.41646451796943
1460,24.357666666666667,1690.7592646347364,764.6295476536043,13780.0,1639.6174242424242,749.314393939394,-2.8506274302917918,detected,1691.0429791805952,764.8789014951965,0.5610464496725058,-39.57892462235154,39.58290094700583,16.14504289396085,-38.564790680968805,41.807959652616084,42.30278684549879,42.70253511525143,196.65048515912986,-5.894981833887634,-4.418016624709836,41.57386943043144
1461,24.37435,1691.0743980641257,763.9318935269207,13775.0,1638.4538461538461,753.5692307692308,-2.947148968863178,detected,1691.330080468596,764.2054227358101,22.743450537707794,-37.899138268438634,44.1996518521514,16.539188025167263,-38.61024675171846,42.00352240896497,42.8809036318994,43.04149946407158,196.30635076321894,-6.816335775956189,-5.033167138783817,41.700876769121884
1462,24.391033333333333,1691.518137767678,763.3649797400474,13861.5,1639.0861423220974,752.8314606741574,-2.943333120713601,detected,1691.6462634879056,763.5438897662564,15.563561907745516,-38.69888878361771,41.71125090839449,16.88679362728685,-38.747329919798105,42.267237606972344,43.105823659565466,43.34472844263051,196.03879459161737,-7.489224500838199,-5.524044188090857,41.904705114488955
1463,24.407716666666666,1691.5937022464475,762.6406406045073,13851.5,1640.6180555555557,746.6319444444445,-2.837299982072209,detected,1691.963160433141,762.8744260399235,15.103908388868216,-30.893174328276377,34.387734276869686,17.177282840291813,-38.78751044947006,42.42086765547273,42.96775749498214,43.60918552349385,195.81168230549758,-7.958039583189477,-5.958654188967746,42.00029110493676
1464,24.424400000000002,1692.0221048442531,762.3341774899606,13820.5,1641.2892857142856,746.0464285714286,-2.8309379371785592,detected,1692.2802156084233,762.1901465276422,19.156018284304096,-26.41790641097226,32.63217454671818,17.471788636819287,-38.82602166898579,42.57608902670889,42.6273949270056,43.832068214029555,195.51812202393472,-8.465215286418315,-6.447233887874926,42.08511057375611
1465,24.441083333333335,1692.2328747232004,761.7591631272612,13773.5,1641.2771535580525,747.059925093633,-2.8607463719374984,detected,1692.6263969369693,761.5021040151448,12.012326533951434,-49.33195067939403,50.77339211233024,17.688708140889837,-38.83206739283931,42.67106576704637,42.76531480756255,44.010865628629595,195.18920067843595,-9.972830542311915,-6.8964844530428895,42.110074280206796
1466,24.457766666666668,1692.4229161396026,760.6881347356248,13834.5,1641.0749063670412,749.0674157303371,-2.919028888896543,detected,1692.957964637428,760.8232487692654,18.8889526238232,-39.689185640233156,43.95479482388613,17.903799749641134,-38.7994320779499,42.731042288325916,43.02549271661423,44.1434315802318,194.50160395285965,-11.3391017148249,-7.617742461558169,42.04654533770963
1467,24.47445,1692.863136109082,760.4348672997321,13690.0,1642.2818791946308,745.3020134228188,-2.850889167368043,detected,1693.3208906801763,760.1544211025844,20.810959241813137,-50.22606800565228,54.366845888581906,18.18416262091489,-38.6755047839269,42.73708507274953,42.85439093613367,44.22806952737115,194.0032146005306,-11.87124310823513,-8.285211569740731,41.9262890053492
1468,24.491133333333334,1693.1173084796378,759.0122582665028,13841.0,1642.478417266187,746.1474820143885,-2.89280650493366,detected,1693.6737032015537,759.4730873274633,31.43244401898683,-46.76227327026536,56.344553759966146,18.369937229968407,-38.66014017999716,42.80258207830469,42.86855258355389,44.26362460012253,193.55473955350303,-11.003590249274012,-8.797328022450714,41.88875806508726
1469,24.507816666666667,1693.9119319911822,758.8745661149476,13684.5,1642.7026022304833,745.5724907063197,-2.887450510717654,detected,1694.0273808889328,758.8141105627717,28.77113900099543,-22.995906357690245,36.831917525785414,18.416587610398697,-38.57572968457911,42.746434002255775,42.76897987780395,44.249577242493494,193.0178200520771,-10.69134543882039,-9.253941386384257,41.732747198412106
1470,24.5245,1694.0773054843044,758.2449615243679,13645.0,1642.5809859154929,747.661971830986,-2.93890502712363,detected,1694.397708670358,758.1331951625205,12.525784618955585,-36.8526725253321,38.923190421390586,18.46848789805936,-38.53975220548204,42.736372626847064,42.50457369736444,44.1861327677761,192.70328866465934,-9.701941447544089,-9.541438629659158,41.657634284452236
1471,24.541183333333333,1694.3298756713014,757.644915275019,13593.0,1643.599290780142,744.1808510638298,-2.8821701320154904,detected,1694.776289056903,757.4692057077674,13.578402476839612,-39.39852228316678,41.67273175495258,18.416693902688536,-38.45060742752801,42.63359972898368,43.061113273215106,44.07430115140888,192.4852913464377,-9.063834476551703,-9.668569913739958,41.52279592795167
1472,24.557866666666666,1694.530371513615,756.9303641641862,13606.5,1643.3547297297298,745.7567567567568,-2.926627797670652,detected,1695.1618142064588,756.8236598311415,22.34451060118502,-56.95222298187444,61.17869610071481,18.277134393822656,-38.274752199785254,42.41474151288466,43.35243540578546,43.915961428439374,192.2677614809634,-8.340948147714926,-9.727138930272995,41.284295632068
1473,24.574550000000002,1695.075437508361,755.7446094348571,13704.5,1644.0532915360502,743.9561128526645,-2.914530416492587,detected,1695.5421368638745,756.1859959502976,44.01783635383882,-41.6690150961018,60.61251303445926,18.037254283071253,-38.09438623338413,42.148841082174705,43.42963774285806,43.71390501931609,191.8618265653372,-7.987422631895413,-9.82170436866042,40.9885219038825
1474,24.591233333333335,1695.9990999866213,755.5400080271463,13703.5,1643.5740072202166,746.2238267148015,-2.965723943208779,detected,1695.9095987150758,755.5545724009938,38.685205388851095,-19.607041614426542,43.370280110318035,17.642319363565846,-38.11621094268788,42.0011543788207,44.012565182632706,43.47185237826773,191.6911377330853,-7.4927655624382625,-9.552604644294616,40.90042437021076
1475,24.607916666666668,1696.3662338615022,755.0903878129891,13632.0,1644.8413793103448,742.9551724137931,-2.9102864629010297,detected,1696.243884906598,754.9462089169167,32.159102016756826,-30.603145979871307,44.39324708094111,17.390850857152092,-38.05462127865757,41.84012301843489,44.27935729192089,43.19443785644907,191.26618628356727,-8.460240218660399,-9.62109934395489,40.71891871859463
1476,24.6246,1697.0721420239138,754.5188830562846,13716.0,1644.6377358490565,743.0830188679245,-2.9268568076323107,detected,1696.5747214364353,754.3226112434346,25.295015358209525,-64.62494425937274,69.39900015489481,17.206565333526495,-37.90920608176074,41.631403967753975,44.03232275066432,42.88715868415872,191.1916527628031,-8.37325782267934,-9.521503408545842,40.527950468378876
1477,24.641283333333334,1697.2102442072878,752.9340688395347,13868.0,1644.569536423841,744.5596026490066,-2.9838274708434223,detected,1696.8935933575208,753.7083653984128,22.019259646127978,-46.13530537942036,51.12058487357097,17.066618536041478,-37.78053607452081,41.45646360138456,43.92719264667952,42.55628535076358,190.89681319914138,-7.6200625310806815,-9.616830494471252,40.325611533782485
1478,24.657966666666667,1697.806851320773,752.9795017001246,13773.5,1645.1201298701299,744.6850649350649,-2.9854448673562453,detected,1697.2312469377327,753.0966717105132,26.026696586128267,-13.745380299298146,29.433389454133792,16.88249015048546,-37.686526228359654,41.29519019016717,43.522474054569436,42.20873233956404,190.78363943838818,-6.333053952725306,-9.533177546831304,40.17973691679265
1479,24.67465,1698.0786683167116,752.4754313168814,13737.0,1645.1792452830189,744.2232704402516,-2.986842714813264,detected,1697.5494815000134,752.4718027983527,8.267018250023341,-48.489961910135555,49.18963302152818,16.67317245033591,-37.63975473831822,41.16729061183635,43.67319296756755,41.85189028699038,190.70455214673092,-6.730393633589324,-9.391642282921254,40.081702453227145
1480,24.691333333333333,1698.0826941630487,751.3615533043898,13820.0,1645.0315789473684,745.4035087719299,-3.0297536700193155,detected,1697.8733398889024,751.8756082989587,17.637866419395518,-47.696397706147586,50.85312857604182,16.484611727191734,-37.52809568604239,40.989027673476485,43.84119247780281,41.493423178518135,190.69625125481704,-5.539112434135573,-9.232888846992036,39.93562511287523
1481,24.708016666666666,1698.6671851262388,750.8839615134196,13823.0,1645.5671641791046,742.294776119403,-2.9812268238944513,detected,1698.1945188187499,751.2755839402574,26.299844310896304,-13.73324053197784,29.669575431518123,16.265456662344306,-37.44260127783003,40.822952745791916,43.76260256754249,41.14103692216225,190.6520230849814,-5.307745832210637,-9.064138027790388,39.80395549060826
1482,24.724700000000002,1698.9602323015556,750.9033208453061,13746.5,1645.4779411764705,744.0588235294117,-3.014307648746093,detected,1698.50265998298,750.6822086884206,16.794487627292938,-32.45484024502773,36.54273484556906,15.927599996026936,-37.399385374146185,40.649753603156526,44.18877660146372,40.802228352813614,190.6486384123486,-4.253148679407743,-8.742436676969009,39.69851721344922
1483,24.741383333333335,1699.2275611967361,749.8010516772439,13787.5,1645.8119122257053,743.2163009404389,-3.018937648588662,detected,1698.796030693215,750.104691312205,20.127311601205385,-32.51774357173198,38.24280741902892,15.5836387595437,-37.51453159223482,40.622529187296266,43.94343968397368,40.48402631156382,190.74696269231652,-2.3992002464335167,-8.314898115401542,39.76244895505342
1484,24.758066666666668,1699.6318135986492,749.818312134796,13719.5,1645.8906752411576,742.7845659163987,-3.0114504321885307,detected,1699.0833436789721,749.495894774526,17.218525347193555,-25.43093977067712,30.711729237406253,15.255221146912133,-37.561247040026934,40.54095523594785,43.69273724900595,40.1927386249086,190.61509677029886,-0.8974252943933527,-8.074986251322906,39.72862505151762
1485,24.77475,1699.8020859924875,748.9525059868956,13710.5,1646.9423076923076,737.9294871794872,-2.9360057177203376,detected,1699.3282899434157,748.8900723157362,1.5558927123026944,-61.66670254665482,61.68632753787342,14.901436660072235,-37.6291807736904,40.47231226694635,43.79927757834121,39.93372009341445,190.8257994790746,-0.7864277803970746,-7.568584044027825,39.75832737681131
1486,24.791433333333334,1699.6837285521497,747.7606998264893,13832.0,1646.8920863309352,737.658273381295,-2.9525144407737223,detected,1699.576089388501,748.2801428467083,4.638310499758318,-42.93554816709874,43.18535886966119,14.473642149174426,-37.70907842288705,40.39134700113137,43.531823479979174,39.71117659206905,190.80108611208573,-1.1861664875282187,-7.150543895179602,39.75337261879694
1487,24.808116666666667,1699.9568509528294,747.5198898630534,13801.0,1647.1281138790036,737.8007117437722,-2.959651943695271,detected,1699.8182338280199,747.6610532490889,22.46001738903324,-19.41531508895901,29.688496781063787,14.04770834506405,-37.733425117341426,40.263500603325525,43.14462002261952,39.52801892971392,190.6281393067902,-0.8101349476484567,-6.847389120528436,39.67698001443739
1488,24.8248,1700.433144465697,747.1128754796877,13854.5,1647.2344322344322,736.7728937728938,-2.94962093401803,detected,1700.0388899407249,747.0310726133879,5.424078739030358,-26.208310330749306,26.76370976826759,13.588329959656422,-37.73465018121903,40.10668940951708,43.19499806139365,39.385777237247645,190.74821798946084,0.08533089020548962,-6.31267277517625,39.606775907980925
1489,24.841483333333333,1700.1378343800884,746.6454059083508,14330.0,1646.5426356589146,739.5736434108527,-3.0104028106851355,detected,1700.233967233572,746.4077297716311,10.483143608918315,-33.05682837017534,34.67924742292477,13.226647704260417,-37.663965205117194,39.9188988383309,43.45955973629216,39.284582456849115,190.98195935668076,0.7266516843732428,-5.809449250048156,39.49390818690917
1490,24.858166666666666,1700.7829320241146,746.0098793064028,13850.5,1647.7007042253522,733.8345070422536,-2.9161244550554906,detected,1700.405560989131,745.78414155883,23.59343055407332,-32.07062299850633,39.814254040760375,12.898878806130593,-37.55708141842501,39.71039459795697,43.416836212366896,39.223216204152024,191.1347768151584,1.4199263816969199,-5.4031341110440705,39.34109277719065
1491,24.874850000000002,1700.9250685129093,745.5753161209673,13866.0,1647.764258555133,734.2205323193916,-2.9311615922215055,detected,1700.5682617272407,745.162945793368,12.481713269147354,-35.11555921496759,37.26789053747346,12.526068211537323,-37.5860190683001,39.618319174880504,43.452680513745406,39.19922442088978,191.23546694091723,1.4562744210703356,-4.962684944587256,39.30627141288616
1492,24.891533333333335,1701.1994051901952,744.8381901472634,13898.0,1648.4379310344827,729.6862068965518,-2.8619394217489664,detected,1700.720773463507,744.5469792709202,4.480947526904596,-43.904361364913434,44.13243521039572,12.18967821268868,-37.523555459319304,39.45383972742715,43.38492136219993,39.20908476446524,191.37763123089138,2.5891518335931467,-4.547684806507196,39.190866692868276
1493,24.908216666666668,1701.0745827953904,744.1103739300913,13942.0,1648.5992779783394,729.0324909747292,-2.861797155114535,detected,1700.862472106889,743.9238435801719,-2.2264651413804257,-33.48328465672811,33.55722721604492,11.840187794244176,-37.671834614301474,39.488696739829884,43.044964496541695,39.248413561676934,191.81539258252084,1.615119927959546,-3.8756749356873748,39.29804465877578
1494,24.9249,1701.1251154699778,743.7209645492172,13892.5,1648.23046875,729.44921875,-2.878053667720482,detected,1701.0100759965892,743.2948493923874,-4.995225485899836,-32.01684173263543,32.40417306748637,11.566537592491988,-37.6579660210112,39.39425334637229,42.83744905302713,39.31219596169454,191.83125070030178,2.8475585990898336,-3.5998047976595045,39.22943540425878
1495,24.941583333333334,1700.9079087716775,743.0420786442791,13906.5,1647.4959349593496,730.8943089430894,-2.9179614448980327,detected,1701.1426066226375,742.6689882092377,-12.93180963824358,-36.92416625639581,39.123212473539645,11.29176530102328,-37.658220720550986,39.3146989235722,43.57716904837283,39.39502271949597,191.9765427768708,2.6667286233727734,-3.2314702658786043,39.18166856288629
1496,24.958266666666667,1700.6936240883817,742.4889282017955,13849.0,1648.004132231405,729.8925619834711,-2.906929193336818,detected,1701.2774161991597,742.0760294255465,-10.220546753696073,-35.41928937137287,36.86442235431792,10.951601584946957,-37.823527932077724,39.377110641895456,43.76476236415817,39.49131848808264,192.28681801181585,2.657684504757042,-2.6516920574687077,39.28772545893226
1497,24.97495,1700.5668831949959,741.8602550222543,13855.0,1648.4871794871794,727.2967032967033,-2.86891810555884,detected,1701.3728744894518,741.4470556420907,-11.965092784181591,-59.600848501199934,60.79000400885873,10.73886234493856,-37.85421042283684,39.34799119650136,43.59463971973908,39.595549062801275,192.49636987842268,2.378072443622685,-2.2936464973324906,39.28108446752995
1498,24.991633333333333,1700.2943888258162,740.5002465568055,14533.5,1647.970479704797,728.8819188191882,-2.9230914063793114,detected,1701.473078126006,740.8245376894712,23.516476562447465,-62.63710245406315,66.90613778834454,10.555973324208697,-38.11014003430273,39.54505463715494,43.105835221641634,39.70239820590913,192.95257538162102,0.9789849586452515,-1.7452089972136076,39.50652593954085
1499,25.008316666666666,1701.3515496296295,739.7702637037037,14062.5,1647.816254416961,728.7773851590106,-2.9390688478124596,detected,1701.5715315975528,740.1643565997244,43.505493522940824,-23.32851224026341,49.365447936980836,10.573036840290797,-38.07732037560861,39.517988752122555,43.32280941993412,39.806908165629686,193.10988226291047,-0.032779060974515564,-1.6607993987703598,39.483074606341496
1500,25.025000000000002,1701.746022126365,739.7218518650553,14025.5,1647.152466367713,731.0269058295964,-2.9836522803894656,detected,1701.6570946042184,739.5074842308485,26.652731288573907,-24.125947632839214,35.95037460616268,10.708744470677205,-37.99836290065347,39.47851049961254,43.40648134678805,39.90458157925045,193.18297942456047,0.2666149561330568,-1.760564558654048,39.439234319429026
1501,25.041683333333335,1702.2408624302916,738.9652612510213,14076.5,1648.707509881423,724.5770750988142,-2.8790271290047,detected,1701.7614211415432,738.8542049371304,5.5881253079373465,-44.35959493323932,44.710186838105265,10.930390593745518,-37.904903900255405,39.4494002263588,43.010988819144714,39.99144577241876,193.40077984730442,-0.4378384083773265,-1.8479019455808423,39.406096439751
1502,25.058366666666668,1701.9324792408065,738.2417200474496,14050.0,1648.7196652719665,724.4937238493724,-2.888762533550247,detected,1701.8842452739814,738.1852214940827,1.2248506626193927,-37.5980196634293,37.61796567808173,11.071910290147432,-38.02853432120649,39.607532365602545,43.00270488020518,40.064083026607115,193.56614054524886,-2.0577338028481638,-1.8427364862161681,39.56464257812296
1503,25.07505,1702.2817316140677,737.7107406615849,14037.0,1647.4354838709678,729.5241935483871,-2.993423001941897,detected,1702.02378716156,737.5329198463987,13.223216140344988,-40.96974926895469,43.05082810185298,11.28006248605695,-38.05014559389181,39.686942303555135,42.98111466185633,40.119631871502214,193.5239041115319,-2.9162819332637198,-2.0692284714594855,39.63296207626444
1504,25.091733333333334,1702.3736938860227,736.8746960801755,14052.5,1648.7469387755102,724.730612244898,-2.9188930971605576,detected,1702.1675748326377,736.8665371896816,4.135791994871465,-43.1184165681641,43.31630896983919,11.529887690347982,-37.96214042792108,39.67445545966873,42.65857059228464,40.15576504972963,193.49585320056198,-4.053875627948058,-2.3520966970429704,39.604672163129905
1505,25.108416666666667,1702.4197292069632,736.2720228287604,13959.0,1648.780876494024,726.3466135458167,-2.9586208417684743,detected,1702.3315615474617,736.20067191349,-2.558344024477933,-43.5129256706151,43.58806975038073,11.655479648484937,-38.024267003281096,39.770530383351165,42.51201636999536,40.17064993624622,193.3496167893502,-5.608328780767901,-2.561026022889905,39.68798599933157
1506,25.1251,1702.2883304737393,735.4228147936326,13988.0,1649.5367647058824,723.3639705882354,-2.9168572821497905,detected,1702.5019278967525,735.5288712285814,2.9764081085982883,-69.26740634812231,69.33132471996208,11.898741537908762,-38.023692476775416,39.841953262288015,42.59542229791062,40.16289717634313,193.33926468710354,-7.292234762289634,-2.8050282153231816,39.74308815964839
1507,25.141783333333333,1702.5190420241868,733.9608003702781,14043.5,1650.4383561643835,720.2671232876712,-2.884480247150639,detected,1702.6836486262544,734.8714337854362,11.759616980020631,-42.740112632165825,44.3283861574839,12.162015415332373,-37.889972883188015,39.79402799480728,42.361254291643874,40.13150325221136,193.26032165135385,-9.55906876811419,-3.1467106815238566,39.66941990927381
1508,25.158466666666666,1702.6807096936393,733.9967197021393,13921.5,1651.2896825396824,716.9087301587301,-2.8205839986783743,detected,1702.8716990164826,734.1881708038682,23.436546025718428,-22.838135866593756,32.723877207271975,12.468066696052176,-37.750794815277025,39.7564484872876,42.11394615969584,40.07579266767832,192.89474474291137,-10.8331849608654,-3.7291487209703025,39.581165295367924
1509,25.175150000000002,1703.301041443245,733.1987679035294,13987.0,1649.3461538461538,724.9846153846154,-2.9905116254197606,detected,1703.0842487940536,733.5332308679525,9.304459079571048,-43.826585988490415,44.80337708443367,12.774154889116652,-37.52703696959356,39.64161370136671,42.68812175227389,39.99536544192484,192.3845932505493,-11.465377806874416,-4.428375408519072,39.39348966630918
1510,25.191833333333335,1702.991168478261,732.5343726163234,13984.0,1650.3488372093022,722.6790697674419,-2.9565224464452076,detected,1703.342760271654,732.8902925338624,-7.878938532584371,-30.07962937212133,31.094401032411398,12.890872938657173,-37.4025884545245,39.561701533416546,42.28449178327792,39.89005541566622,192.35515710888077,-13.36416764934622,-4.58925674826836,39.29461732499257
1511,25.208516666666668,1703.038147527541,732.195110936813,14024.5,1651.177966101695,717.6779661016949,-2.8686502172050505,detected,1703.5789441644488,732.2258858300466,6.606290475999842,-21.757444050683112,22.73828149777138,13.051352984982554,-37.329057157675365,39.54486468581739,42.087598590146804,39.75990420237286,192.0887345361025,-14.631225042271673,-4.9442452225586235,39.23456081312512
1512,25.2252,1703.2115983704768,731.8083992331656,13910.0,1651.28,719.7933333333333,-2.9142298483210145,detected,1703.827645181862,731.5694696678255,26.278275490113373,-25.842523175200807,36.856258176801994,13.204184482945331,-37.16338216675217,39.43941508100402,42.12213335543942,39.605154333581986,191.72742936659043,-15.74085065903451,-5.374872719049664,39.07145000106527
1513,25.241883333333334,1703.9149659863945,731.3328320802004,13965.0,1651.4410774410774,721.3872053872054,-2.954279760266323,detected,1704.0846141178445,730.9252001022722,36.2751721016204,-27.623892538237914,45.59569661674548,13.439233281332623,-36.96187876657395,39.3292953553072,42.28361356260105,39.42626332454696,191.17129519374865,-15.809223292844464,-6.023490639014445,38.86529343343099
1514,25.258566666666667,1704.4219799462676,730.8866820188064,13896.0,1652.2992125984251,719.2637795275591,-2.922191328026068,detected,1704.3437106057881,730.2925243873497,15.287509511965125,-46.21718897556274,48.67993943999214,13.550514696875068,-36.73279119986168,39.152450726395955,42.15662408384603,39.22393821019792,190.56062556374565,-16.739687091362978,-6.5887572673469945,38.59407565358762
1515,25.27525,1704.4250592204437,729.7907185413825,13931.0,1652.5876288659795,719.3127147766323,-2.942147931345409,detected,1704.624968013648,729.6626251795365,8.772717815113614,-44.861454299474445,45.711165591433414,13.716040968252697,-36.47849985768257,38.97192235070954,42.014326942639066,38.99918789620274,189.98930509677942,-16.27203143359821,-7.180388597625812,38.30473536387922
1516,25.291933333333333,1704.7146962973652,729.3898048270139,13859.5,1653.5361842105262,715.891447368421,-2.8837148080735986,detected,1704.9062808390922,729.0484652800508,12.870461831479533,-49.397484039587276,51.046647462853535,13.901535515230513,-36.197030868898054,38.77470481390122,42.07303425598305,38.75338885086042,189.4131503678096,-15.935589072059265,-7.794235440487017,37.98325456439232
1517,25.308616666666666,1704.8545036302207,728.1424891572616,13911.0,1651.9322033898304,725.5118644067796,-3.091926230392094,detected,1705.1987139622215,728.4424934593931,9.523733739979933,-38.527004301153056,39.68666734271219,14.095013364958424,-35.9419405476646,38.606896949770686,41.94870326616386,38.48835848610753,188.74990248475743,-13.719480713838621,-8.463423106280258,37.66779740593143
1518,25.325300000000002,1705.0324715464892,728.1042871168321,13750.5,1654.292,712.512,-2.8434568180838777,detected,1705.5016471772321,727.8435352981686,13.828639222457321,-22.79735827173354,26.66366079357189,14.16934687491187,-35.71040979150347,38.41879433739015,42.045679696516565,38.20642997432624,188.67707874697814,-14.157345707774107,-8.619705238147482,37.439343476430444
1519,25.341983333333335,1705.31591922561,727.3818173029281,13791.5,1653.7843137254902,717.7098039215687,-2.95606029399512,detected,1705.8177191966674,727.2582451025357,1.2934857809100562,-75.15834047981964,75.1694701933299,14.143530636025295,-35.43106429811073,38.14970217641343,42.455009655425634,37.91052193799417,188.28821372544533,-13.209544373432541,-8.888326441431634,37.09983058208744
1520,25.358666666666668,1705.075630855379,725.5965038228221,13929.5,1654.3186440677966,718.1254237288135,-2.9954489284724,detected,1706.124223362021,726.6993050280271,25.97392024168615,-43.73309703731825,50.8648042284345,14.029584946060039,-35.256434245701286,37.945294958402584,42.33960334354593,37.60419617815265,187.9231918599595,-12.898985291046953,-9.03571533075693,36.85378213890261
1521,25.37535,1706.182582364341,725.9225896317829,13760.0,1654.537906137184,717.8231046931407,-2.9860288326684863,detected,1706.4083213893978,726.1282386691805,36.80420647911673,-37.91833203788403,52.84268652417929,13.875697284610887,-34.959608070954424,37.612619845058646,42.342946383777814,37.29169638983816,187.50597022641756,-11.991588131890849,-9.190043846385432,36.47262351011252
1522,25.392033333333334,1706.3036645448988,724.331295477158,13903.5,1653.8382838283828,723.9438943894389,-3.1342088503663574,detected,1706.6609452679556,725.5748988912468,29.638125216923534,-21.57816596195289,36.66109262768393,13.746634130059888,-34.70218025498372,37.32574532886262,42.61102388882025,36.97796093937098,187.1095231746598,-10.245308576779909,-9.345977174416152,36.136739961020304
1523,25.408716666666667,1707.171507809079,725.2025981608524,13702.0,1655.003367003367,720.0942760942761,-3.0439834919049473,detected,1706.8955554776708,725.0317075766231,52.722548075843974,11.685488339478072,54.00201582665,13.522150536198277,-34.69475864513178,37.236740359053364,42.32500431696513,36.66860349612718,186.69870566765508,-9.053397729015904,-9.382754018132362,36.035243298787016
1524,25.4254,1708.0628402323628,724.7212012714186,13685.5,1655.7459677419356,714.5241935483871,-2.9490974414487,detected,1707.1569486239896,724.4748926479365,36.82759435717913,-31.54862874483766,48.49317149678426,13.383283473213577,-34.655663996348,37.150064919891626,42.30030732561417,36.36985653832841,186.4855444083053,-8.954240703704013,-9.3831905346827,35.94555687344408
1525,25.442083333333333,1708.4003218741302,724.149925581733,13773.5,1655.2147887323945,719.4154929577464,-3.0528093675012893,detected,1707.398295896221,723.9516754026865,3.589886359164397,-49.890878330966316,50.019866300371085,13.384961491203997,-34.60520339011889,37.10360219429523,42.57185297410858,36.08847423826704,186.04596639140203,-8.44382089666458,-9.665672514053053,35.82250787764013
1526,25.458766666666666,1708.1826227738802,723.0565089644421,13897.5,1654.8319999999999,721.24,-3.1075572965901914,detected,1707.6550282346416,723.4157415021806,2.1561112445382165,-50.668818090911934,50.71467186553363,13.399635537110424,-34.52340049089817,37.03262634464832,42.23691409767434,35.83159296466272,186.04221638386397,-8.158015178957031,-9.691220273968106,35.74207133874267
1527,25.475450000000002,1708.472264119323,722.4592760180996,13923.0,1655.5111111111112,716.0148148148148,-3.0205051510536602,detected,1707.8975806957746,722.8814101031728,22.021451237584436,-17.894773327956948,28.375468755040302,13.323254163937461,-34.47184775897742,36.956966723947914,42.397657662018695,35.60654995924461,185.92740540571083,-7.3280798095703865,-9.69217254969075,35.66341515758151
1528,25.492133333333335,1708.917405196841,722.4594200277326,13822.5,1655.8836363636365,717.7854545454545,-3.0536879012244813,detected,1708.1549347815221,722.35779043782,1.3858078755783372,-33.35619881881512,33.38497361251523,13.19764056590637,-34.44183438005558,36.88384025518541,42.459629903544865,35.42066397557139,185.5072827254589,-6.641209106747759,-9.831259187650746,35.54945871254961
1529,25.508816666666668,1708.5185039087714,721.3462908508451,13943.0,1656.0491228070175,717.1263157894737,-3.0613380162072175,detected,1708.407908220475,721.8301150409884,6.8538290267250215,-43.13080266386079,43.67197168386698,13.032388786356913,-34.45921421029126,36.84128935677334,42.937788407037786,35.280985671834095,185.22599564852442,-5.146539398968316,-9.839518123446554,35.5030207808838
1530,25.5255,1709.146094625366,721.0202889121817,13833.5,1655.5527272727272,720.3236363636363,-3.1285945280927248,detected,1708.657151825153,721.3273638735216,26.831669138130096,-20.48317654264117,33.75646589936643,12.800321182155205,-34.611830362035946,36.902940578992954,43.35222753650427,35.194029729432664,185.00594832081092,-4.4113080639533475,-9.731296788851484,35.59675387144133
1531,25.542183333333334,1709.4137872690137,720.6628355268723,13790.5,1655.5658914728683,722.1705426356589,3.1136005979048598,detected,1708.874048401411,720.8082578448694,21.464683919919942,-12.949793965180316,25.06850253849819,12.580676011140422,-34.78603158059604,36.99109895668834,42.99242522063705,35.165504332490336,184.87673826226464,-3.2035537551844295,-9.577888376395153,35.729615954734584
1532,25.558866666666667,1709.8622995788273,720.5881974535436,13731.5,1656.0550458715597,715.8195718654434,-3.0531993774871693,detected,1709.094986514826,720.2678687334736,14.10933917970322,-21.98697263884037,26.124708953575414,12.298249846066332,-35.166566701255334,37.254991113005396,43.106271516987576,35.20005616307668,184.8956307600696,-1.8907536627209767,-9.252235458574912,36.08781652925541
1533,25.57555,1709.8845688863098,719.929203539823,13786.0,1656.7326732673268,711.5973597359736,-2.986102646958229,detected,1709.3008203173579,719.7309700103264,-30.508214799040857,-50.320371317574036,58.846333273730345,12.0211196994217,-35.43433396371681,37.41790136124739,43.05757804584884,35.30104976672673,185.13399381007298,-0.2065437880041607,-8.802043009641972,36.36788942372725
1534,25.592233333333333,1708.8443421450327,718.9091743972472,14337.0,1655.3432835820895,722.8022388059701,3.0689545578085986,detected,1709.5119231064211,719.1713529886002,-7.254381903921339,-41.27581475549882,41.90845905707099,11.794111748002232,-35.698842438916365,37.59665441768643,42.95914559201729,35.470398410243334,184.95039901630335,0.9155607724628996,-8.669546002110717,36.583430614421964
1535,25.608916666666666,1709.642514343449,718.5519671874812,13856.5,1655.6305970149253,718.1156716417911,-3.13351506482472,detected,1709.7147578309905,718.6059071857218,26.26916380391153,-20.849487702342323,33.537592406236605,11.394091801203666,-36.00726073053474,37.76702468147267,43.195499533417355,35.708459303822856,185.15267209006362,0.839842620699513,-8.1142381631803,36.88505513513778
1536,25.625600000000002,1709.7208565772899,718.2134964909123,13892.5,1655.8937728937728,716.7765567765568,-3.114903514635933,detected,1709.8872611987672,718.035404596548,16.457462508354524,-26.71891236324094,31.380700280402355,11.019835649826788,-36.263823408658155,37.90120929421035,43.775664926858305,36.013999978721195,185.3390276011676,2.545030273307936,-7.597720865051703,37.13187718955634
1537,25.642283333333335,1710.1916450091444,717.660446144961,13852.0,1656.626334519573,710.4626334519573,-3.0080182647013767,detected,1710.0370323243087,717.4690195581854,10.245530108620953,-33.1280957455503,34.67623991918683,10.675636799515361,-36.52009866415036,38.048479963257975,44.144495785403876,36.38423583517759,185.57217752953486,3.5360871454701956,-7.079103460152899,37.38412927586912
1538,25.658966666666668,1710.0627157652475,717.1081223628692,13904.0,1656.235741444867,712.1444866920152,-3.0496380603799342,detected,1710.1764180263506,716.896290198457,-0.534476094100926,-28.45174324518795,28.45676296392939,10.477261213550578,-36.746704943253334,38.21116756556243,44.46070335416326,36.814932503924645,185.87693019657144,3.6259621033969305,-6.659624792366408,37.62635677750889
1539,25.67565,1710.1738113234712,716.7111063120133,13891.5,1656.6690391459074,708.1672597864768,-2.983245692318508,detected,1710.3201533557535,716.3383423790466,14.695937782932189,-29.37015977924087,32.84169412161851,10.313575582325493,-37.03874613917448,38.44786804043305,44.622500153058354,37.30056156589917,186.25271200991972,4.004725998649387,-6.218186730085421,37.9417014727113
1540,25.692333333333334,1710.5530702226047,716.1281380315685,13948.5,1657.136,707.748,-2.98597974170282,detected,1710.4452042964094,715.7500316281084,16.454847334391665,-36.617247369104476,40.14454889132926,10.149583502985474,-37.38143756828094,38.73481534686025,44.63478303089237,37.83449495537523,186.6112380705052,4.226541309603266,-5.778291542152571,38.30140032439086
1541,25.709016666666667,1710.7228547295288,715.4893108247975,14009.5,1658.1133603238866,698.9433198380567,-2.8368814845099006,detected,1710.575927539907,715.1651170734158,-3.447633403711107,-37.88366285354053,38.04021670925537,9.948518188959609,-37.73786189309632,39.02716021463093,44.74623095631466,38.40922228618669,187.226342309431,4.289645069576733,-5.122475536661216,38.68952673262855
1542,25.7257,1710.4380341880342,714.864086481022,14508.0,1654.7605633802816,715.4178403755868,3.1316472370882282,detected,1710.6944367948179,714.5518520480703,-18.868267446004783,-33.34026851013044,38.309072303327305,9.75029614362522,-38.22012943389057,39.4442209814282,44.617913233377536,39.0165762247333,187.2852320610242,3.448491166996879,-4.824929297866316,39.148009222722074
1543,25.742383333333333,1710.0932835390804,714.3768571988428,14459.5,1656.7260869565216,705.7826086956522,-2.9819236039857713,detected,1710.7987156223485,713.9213947454449,-10.345344074434538,-51.4311788817729,52.46134105403102,9.578116401371785,-38.51530404579575,39.68839829897797,44.916547331689955,39.64795338052013,188.08707625468782,3.1882177780768446,-4.064613268309562,39.47971477249297
1544,25.759066666666666,1710.0928445407505,713.1479994790002,14075.5,1656.5708812260536,706.632183908046,-3.0204478296645636,detected,1710.9023727015924,713.2939137337295,9.991430686611194,-31.94211375830332,33.468303191433925,9.399093789890264,-38.91712538741461,40.03605390758315,44.31641860991903,40.2945213126289,188.64338171155052,2.174251796577069,-3.4437281419273233,39.88767164144082
1545,25.775750000000002,1710.4266642763237,713.3110553364407,13945.0,1657.2537313432836,703.8358208955224,-2.965247092434934,detected,1710.9645800432938,712.5904485760468,31.18376661567773,-19.966537375494653,37.02823132568017,9.255866486748953,-39.379495154027396,40.452635303606485,44.200812138079186,40.94740549727559,189.1174689308865,0.7192570941243488,-2.8988837451303677,40.34863288934098
1546,25.792433333333335,1711.133342886827,712.4817826819045,13956.5,1657.86013986014,699.7797202797203,-2.9075303388039186,detected,1711.053222001091,711.915972899529,23.399327939871878,-70.12485734189131,73.92580175593821,9.236378224882449,-39.783743297115855,40.84185247321543,44.23645108005767,41.597852967527594,189.39420774742564,0.2617662771216062,-2.618755853579218,40.757809450744986
1547,25.809116666666668,1711.2074218519174,710.9712225964663,14102.5,1657.953177257525,698.8963210702341,-2.9186220634802598,detected,1711.1172532994756,711.181502851792,0.32458229629905777,-52.89018281063659,52.891178767443144,9.31782329757458,-40.27188908767033,41.33578209849723,44.60087987439017,42.237371529820905,189.45580855242076,-1.9237066961297968,-2.5750766378892287,41.2554949310203
1548,25.8258,1711.1441731161135,710.717013582123,14148.5,1656.7368421052631,704.7149122807018,-3.0317190600770565,detected,1711.1945957242385,710.476067198164,26.71265442636418,-40.06702590387775,48.1552953607842,9.5639127620651,-40.52506622114487,41.638316723284674,44.59766619721828,42.857844971204365,189.53315546179257,-2.935474580541131,-2.7201412945664973,41.54937124537702
1549,25.842483333333334,1712.0987340879437,709.6343194988069,14179.5,1658.0581818181818,698.6036363636364,-2.940240033797765,detected,1711.3138775895854,709.7790068215327,28.741227436954897,-40.001329402052484,49.25611138238865,9.868255057444857,-40.82182237704759,41.99766231663388,44.69207623655405,43.451625751545805,189.76825080494348,-3.160707813267732,-2.7992152946879,41.90427226185887
1550,25.859166666666667,1712.1031720715932,709.3823025577411,14107.5,1656.3894736842105,705.6175438596491,-3.074121918350318,detected,1711.4491237380366,709.0719674543875,3.485443911839385,-28.08271317335552,28.29818189282721,10.20420715275437,-41.09978177753604,42.34758441490384,44.86699589432901,44.01160753927283,189.91049070461008,-4.840603127565522,-2.9782766491320336,42.24272450941868
1551,25.87585,1712.2150317331354,708.697292969256,14154.5,1657.525925925926,701.3148148148148,-3.007413822776722,detected,1711.5938068247892,708.3567671642187,-4.762024998846762,-45.244486729143134,45.49440033095557,10.4292055905463,-41.53784612684424,42.82710578719126,44.60104560513943,44.531280510320855,189.82643442866782,-6.666326796887184,-3.1871816614893094,42.70834652809609
1552,25.892533333333333,1711.9442791707984,707.8726448505454,14118.0,1658.9296296296297,695.9481481481481,-2.9203464267517942,detected,1711.739619359769,707.6031720018361,-7.01208952199573,-45.550908897034276,46.087467936635434,10.73120770626153,-41.8441068226966,43.19824180014936,44.568929401124514,45.00477239654121,189.778963584464,-7.396532590638517,-3.468161842156001,43.058796407479676
1553,25.909216666666666,1711.9810616794182,707.1774109757249,14116.0,1659.3864406779662,694.1559322033899,-2.898891094839032,detected,1711.9067830530312,706.8562143332457,-1.979145397690154,-66.7167265156787,66.74607564099229,11.069391744795178,-42.03486640828038,43.46793562571977,44.66219087293433,45.426877871750605,189.69445624140255,-8.670476738836017,-3.8328987377216865,43.29861793207827
1554,25.925900000000002,1711.8782416860288,705.6465300758056,14203.0,1659.299319727891,695.2823129251701,-2.9469704140769917,detected,1712.0699407617078,706.0863729448112,15.368166066770748,-62.01988005358912,63.895587094238564,11.307328171988397,-42.294451297971506,43.77986159166708,44.37277880818096,45.79307828991549,189.37435056435478,-9.065068712014316,-4.2672191514252145,43.57140256750104
1555,25.942583333333335,1712.493846153846,705.1080143112702,13975.0,1659.4926470588234,693.9338235294117,-2.9338065889863616,detected,1712.2445805790046,705.2963042996546,11.17351509467905,-50.47917515097511,51.7010112424684,11.6786575037519,-42.39316149863107,43.97239114420498,44.382536605825834,46.09955341512892,188.848073532195,-9.723151425099626,-5.01897576666637,43.68502106205939
1556,25.959266666666668,1712.251064639688,703.9622082649347,14011.0,1659.5804195804196,694.0594405594405,-2.9557491408544583,detected,1712.445348831877,704.5239522617029,0.9109089650506406,-49.89854094835048,49.906854678659315,12.015019453123415,-42.510301598215285,44.17563168116738,45.064601244958844,46.34318684951674,188.2635124605516,-11.029154837967512,-5.780437518092676,43.79581003394715
1557,25.97595,1712.5242401496466,703.4430663282935,13988.5,1659.5579710144928,694.8695652173913,-2.981117341222597,detected,1712.6737230327494,703.772304358737,11.346479520737036,-28.13619384775782,30.3378971214735,12.363517628277178,-42.56675449766181,44.3258971325898,45.36185896571885,46.52156730811347,187.87320121552204,-11.47096079322295,-6.4161277372551915,43.85907501838311
1558,25.992633333333334,1712.6296588396965,703.0233972635478,13947.5,1660.5272727272727,688.9418181818182,-2.8776315573882068,detected,1712.9394825139038,703.0060145637703,-10.840902167311885,-38.48233595423888,39.98018684668862,12.535876965890079,-42.550315637578265,44.35851183438722,44.79532851421022,46.63298834316167,187.46965778069958,-10.642842526418272,-6.897906337931639,43.818905284301586
1559,26.009316666666667,1712.162515380664,702.1590390519538,13951.5,1659.4296296296297,697.3555555555556,-3.0507524980068985,detected,1713.156424738136,702.2327266336632,1.245907000185224,-42.65755332228052,42.67574416101395,12.603374380686606,-42.60871136410553,44.43362836736837,44.85680048893664,46.67644914533564,186.63184666121813,-11.661396204314666,-7.5981924385145225,43.77915944324084
1560,26.026,1712.6712306032694,701.6000569010278,14059.5,1660.9659863945578,690.7346938775511,-2.934465950255203,detected,1713.3945974126138,701.4577395186742,27.997310037537567,-42.82697355731673,51.166385776377716,12.770533083321945,-42.56738429994953,44.44174525569186,44.999363733514386,46.65165841269505,185.93003398448423,-12.171662502324885,-8.30439127941545,43.658971665056185
1561,26.042683333333333,1713.0966922922498,700.7300457009246,14113.5,1660.9007352941176,691.9338235294117,-2.9746383052975403,detected,1713.6465483329619,700.7058191617416,32.909093035080666,-43.97935160780904,54.9289702455352,12.863034716800053,-42.52991930942033,44.43255224034973,45.78465052634662,46.559042084306,185.47512361439075,-13.798014672384882,-8.746418602027369,43.56319387085292
1562,26.059366666666666,1713.7692973408732,700.1326125357139,14058.5,1660.9881889763778,694.8897637795276,-3.042585511557074,detected,1713.9225992021745,699.9758157710331,23.717776587622588,-56.29777067692121,61.08986748595538,12.941953362830967,-42.557764289776706,44.48210267275913,45.717480244307104,46.39975434669419,185.00842554212312,-13.664297656093558,-9.177151344619524,43.52513470843983
1563,26.076050000000002,1713.8880754377235,698.8515767526713,14069.0,1661.6125461254612,693.8044280442805,-3.0453420133318896,detected,1714.1930297764563,699.2243279755704,15.221884011194136,-54.52300376529027,56.607982585851836,12.967136724383675,-42.42962668605466,44.366877910743526,45.8236649122473,46.17569014053901,184.44582101694198,-13.761385114848402,-9.639128819081973,43.30712471587054
1564,26.092733333333335,1714.2772008707134,698.313361643412,14011.5,1661.8962962962962,693.4148148148148,-3.0483460567999594,detected,1714.4400094859204,698.4699127814013,7.353739791834631,-45.725473692650084,46.31302660530023,13.099643963077575,-42.16304297586425,44.15113662120116,45.860035959412166,45.88949667407834,183.8492534773755,-12.430622468260749,-10.239619415635161,42.9473288944367
1565,26.109416666666668,1714.133445222111,697.3258701137933,14002.0,1661.8042704626334,696.8505338078292,-3.1325093222505553,detected,1714.704527837359,697.7275803901944,3.6691995384561205,-56.38834417509515,56.507595808545894,13.228751289794515,-41.87146701479089,43.911497476833574,46.36217629520699,45.54458121492175,183.38749477392267,-11.584271715938666,-10.731515194852385,42.57997407562168
1566,26.1261,1714.3996298286465,696.4318705594363,13957.5,1662.8327526132405,690.8362369337979,-3.0335034083151378,detected,1715.0169313229599,697.0092307523086,19.658077665616865,-27.00110721951711,33.399098918792454,13.125295557744487,-41.63111972207629,43.65115706131966,46.264724990624046,45.14511251042084,183.47477405575796,-10.615686407631296,-10.577941924002584,42.35009630974203
1567,26.142783333333334,1714.7893697468871,696.4249331695687,13841.0,1662.4007352941176,700.5845588235294,3.0623594861683503,detected,1715.287988686307,696.2831728013982,13.61847895969158,-38.9866268426181,41.29673161088069,13.071154097877344,-41.27750999880119,43.29766623216069,45.97586861984606,44.69601331751817,182.84520757752122,-11.501926807346933,-11.00611489051861,41.875450280185554
1568,26.159466666666667,1714.8540330766016,695.131016777121,13957.5,1662.9444444444443,698.6284722222222,3.074318424345705,detected,1715.55116774693,695.5716856058608,28.65841235745336,-35.678599650769875,45.763162826554634,12.87096157181637,-40.86244327835027,42.8415793646729,45.83412271071879,44.20294150632489,182.51424389810578,-10.973722307527334,-11.066027758571297,41.38772707103032
1569,26.17615,1715.7456054392142,695.234457227888,13776.5,1663.1939163498098,699.93536121673,3.0523771533206356,detected,1715.8269545160174,694.8579182611027,30.75030512917493,-33.12803358273679,45.2000871082822,12.497456403814203,-40.52995593940543,42.413013863852946,46.340350068269515,43.6722569952975,182.10796757242832,-10.632165856135922,-10.99819901998258,40.96221873058437
1570,26.192833333333333,1715.880068257745,694.0256447232437,13869.0,1664.038626609442,693.519313304721,-3.13182604017741,detected,1716.0754791631143,694.2035200222227,32.966786688426204,-43.51033573457825,54.58899468112517,12.24086952671116,-40.16663346243104,41.99044332315688,47.08689946711345,43.110971516701504,181.49255346113915,-8.03987015540815,-11.190495081895783,40.47184392015413
1571,26.209516666666666,1716.845597221718,693.7826623588776,13773.5,1664.170634920635,696.281746031746,3.094184719292041,detected,1716.3191521013084,693.5602114575038,48.623071243829806,-24.65807286677948,54.51810354997646,12.129041516651021,-39.829438281821055,41.635295146762644,46.36500342798508,42.52667815808853,181.24270422345967,-5.764393740472168,-11.262384604380832,40.08311982594471
1572,26.226200000000002,1717.5024580682475,693.2028870252554,13832.0,1664.4626865671642,693.4216417910447,3.1374683235021963,detected,1716.5433556407302,692.8771138895679,16.653900684404714,-51.20432293991386,53.844545645227655,12.061817973131742,-39.48131007010769,41.28269973813426,46.06974345496033,41.92745801952171,181.0512390445392,-3.4972196408087957,-11.33544186804357,39.69595766983278
1573,26.242883333333335,1717.4012823745543,692.0741447834491,13880.5,1664.6415094339623,692.7962264150943,3.1279072923477584,detected,1716.7611120611757,692.2422815582813,4.54705466019412,-52.92428970378991,53.119263424236934,11.930659307466854,-39.181612272766884,40.957775474313564,46.37544774762909,41.321762271798725,180.834486136311,-2.749465692446371,-11.358752313590138,39.351214945447275
1574,26.259566666666668,1717.6541781254093,691.436979892139,13999.5,1664.871794871795,696.051282051282,3.0543930883674384,detected,1717.0011147197483,691.607247801501,3.2783199543570065,-58.499142229811376,58.59092953134329,11.907213896913138,-38.95159308755331,40.730926172199574,45.93006585746883,40.718269380057535,180.91896265555877,-1.7110685132033554,-11.28096752400489,39.137553814303715
1575,26.27625,1717.510668983698,690.1222234043811,14098.5,1665.1546762589928,692.9964028776978,3.0867508434719935,detected,1717.2377572877574,690.9824713915,14.02677052224194,-34.97522429217309,37.683107695245226,11.840810972961268,-38.58823014899227,40.36404725159502,45.848232597905586,40.12571921587496,180.74712424999132,-1.5942717729504314,-11.336636608181616,38.73934667677079
1576,26.292933333333334,1718.1222047018348,690.2699732415902,13952.0,1665.1390532544378,691.2751479289941,3.122623338035694,detected,1717.4772458870716,690.3710986336027,23.86849981799064,-12.191384114763316,26.80177475830887,11.724358290985679,-38.22329178527463,39.98100314196291,46.193887605085706,39.552728132448536,180.62527218565532,-0.46742933748607285,-11.306535408297687,38.348961776018896
1577,26.309616666666667,1718.3070812609583,689.7154375544185,13973.5,1665.257234726688,692.6302250803858,3.0867035278249033,detected,1717.706554768282,689.7908613820938,9.252117119583973,-36.80983684705109,37.95478573119625,11.49007236627782,-37.997593135229174,39.69683673862083,46.23351571563907,39.00759158297546,180.98126110001652,0.01277985530336604,-10.837663367825856,38.18879285573716
1578,26.3263,1718.430917009725,689.0417516854602,13967.5,1665.4154929577464,686.2992957746478,-3.089909324205806,detected,1717.9149290609937,689.2047986365203,23.731266746647368,-17.508087095528346,29.490780510951847,11.27073680240911,-37.69829127000512,39.34705418131481,45.86221280792745,38.498083077571174,181.3900238420609,0.8093156650428363,-10.35293073993463,37.96060455052633
1579,26.342983333333333,1719.0989145280714,689.131251048331,13911.0,1665.8095238095239,684.3639455782313,-3.052369485394705,detected,1718.1022068579998,688.6200850502765,16.952289945904383,-29.74268926498945,34.23459798396542,11.021508993024852,-37.6291522951726,39.21003395735103,45.628852835399876,38.031259729436414,181.65875167793624,1.6966809441068968,-9.927653211812771,37.932419704556224
1580,26.359666666666666,1718.9965584175866,688.0493372869851,13995.5,1665.7760252365931,684.9558359621451,-3.0835318969363428,detected,1718.2825457415013,688.0297715519381,-2.6253131706946693,-58.43072146244158,58.48966985601521,10.897192147032717,-37.47530995703175,39.027524300997555,45.149954270316,37.61328507603775,182.06854906684595,2.3301437074089963,-9.537414159619406,37.844225242602676
1581,26.376350000000002,1719.0113165786092,687.1816126422009,14006.0,1665.9895104895104,684.8916083916084,-3.098429620982547,detected,1718.4526822446712,687.4286621665116,-24.78975103797354,-32.2671937219225,40.690337270816336,10.657242854033026,-37.39481570273976,38.88378925325708,44.84403216099221,37.24927924406345,182.36775737679056,3.345721431438768,-9.103237084979666,37.803176338323226
1582,26.393033333333335,1718.1694070579529,686.9726885897969,14414.0,1665.9096989966556,680.5451505016722,-3.019215025297166,detected,1718.624312268956,686.831031693229,-3.8210497414015827,-30.85061077119742,31.086341149807055,10.385031246517457,-37.274660209281855,38.69430407319098,44.87044590681735,36.943204929419224,182.65916664364943,4.184296245091497,-8.644507356074117,37.71633147960369
1583,26.409716666666668,1718.8838208855711,686.1522305961353,13998.5,1666.0466666666666,678.7566666666667,-3.002527110922873,detected,1718.785950827104,686.2435614131778,29.3773651352652,-33.982781640139585,44.92058581866563,10.081295454373398,-37.10859453479929,38.45361239710133,44.94576408490336,36.697795174136736,183.23901687829706,5.67957363583478,-7.968503122323156,37.61892162696894
1584,26.4264,1719.1496318079662,685.8387964424043,13942.0,1666.362676056338,679.2464788732394,-3.0173505444635027,detected,1718.8982864295506,685.6568756658261,2.1501521049813945,-40.46610787313639,40.52319139054656,9.757838001669313,-36.98372202593752,38.24932806414562,44.85602999309412,36.514525656367276,183.5341135393652,5.800763295396808,-7.459500649553446,37.51488967620656
1585,26.443083333333334,1718.9555642941407,684.802011463435,13986.5,1665.4982206405693,686.0320284697509,3.1185873951459127,detected,1719.0129973520457,685.0705626912702,-11.754990737160908,-68.86367184546162,69.85975312918134,9.452447510724745,-36.806490141061865,38.00087473265702,44.82143836473422,36.393630461243205,184.02664919995408,7.129943995668616,-6.844545839369952,37.37938834036552
1586,26.459766666666667,1718.7574069503696,683.541045258494,14181.5,1665.8485915492959,679.6795774647887,-3.068738376858804,detected,1719.1282429622763,684.5016438309997,-2.1882156673697364,-31.30851985249135,31.38489609925079,9.154634652620896,-36.760644830888026,37.88340459892249,44.84869839348733,36.33415669036342,184.70903848817537,7.02778103071744,-6.105840793265886,37.38811378249713
1587,26.47645,1718.8825508313728,683.7573505176902,14664.5,1665.6985815602836,679.1595744680851,-3.0553566484612578,detected,1719.2261648613307,683.927520642327,33.20803623993114,5.496294414930256,33.65981169299932,9.046224260868366,-36.661631755961984,37.76121576945959,44.53354909209684,36.33405057105093,185.0598363174857,7.4552136809679945,-5.77756080399457,37.31660766393201
1588,26.493133333333333,1719.865448426242,683.7244382821389,14064.0,1666.3504823151125,673.620578778135,-2.954984930502501,detected,1719.3421577149054,683.3505528989976,29.02576501760954,-18.876379820330595,34.62387543269629,8.79472774982692,-36.73963405372088,37.777611711103475,44.2692467100726,36.390266398745126,185.4828636062135,7.551672333604179,-5.244090311838638,37.41186260260484
1589,26.509816666666666,1719.8510438574604,683.1275086443518,14026.5,1665.9935897435898,675.9198717948718,-3.008555099622221,detected,1719.4425236421914,682.7638043028542,-41.602939044965204,-49.615355943138205,64.74942534527538,8.64321495112664,-36.750466443227026,37.75317136991454,44.13642804625121,36.49888953170722,185.85312196575322,7.917073901839168,-4.850390959157458,37.4402945505168
1590,26.526500000000002,1718.477297026775,682.0689392388362,14653.0,1665.2633744855966,682.5308641975308,3.132912343345709,detected,1719.5261971311188,682.1689878699739,-12.527783442614767,-30.81593265327293,33.26510278469173,8.440517882480993,-36.83967430158062,37.7942316335578,44.090001089450176,36.6552652894538,186.09870972146578,7.431227136745595,-4.478838535659042,37.52790894977386
1591,26.543183333333335,1719.4330334832584,682.0992836914876,14007.0,1665.68345323741,677.4928057553957,-3.0560989759213193,detected,1719.6146238201586,681.5721590500177,20.81990258350313,-12.2474896226675,24.15511013520552,8.19569699207067,-37.02704608619303,37.923232866606966,44.147009074042145,36.85412676520658,186.5171674855414,7.790685001540972,-3.940132022833314,37.71799240014695
1592,26.559866666666668,1719.1719877763112,681.6602813350931,14016.5,1665.3568773234201,677.2936802973977,-3.060629227250575,detected,1719.6833446359587,680.9722437230458,-31.857463810982487,-32.508295495488056,45.51579150679496,8.073697860213853,-37.032467179632825,37.902351148030434,44.17813968292924,37.0897162873956,186.58024627705328,6.567892568487034,-3.7767880053702063,37.71371229289283
1593,26.57655,1718.370056107432,681.0145902317881,14496.0,1665.3346007604564,675.9277566539924,-3.045971330625864,detected,1719.7431784714377,680.3604461998834,-0.24836543628668106,-58.272914433706084,58.27344371141947,7.933362028020941,-37.1970966700626,38.03369865986776,44.476360700656855,37.355897355516475,186.6796962716213,5.055964442395398,-3.5527888080173406,37.86739924308578
1594,26.593233333333334,1719.163700649587,679.7159084234885,14188.5,1667.3069306930693,663.4092409240924,-2.8369268871621696,detected,1719.8188740499331,679.7752278044796,42.18922621673557,-60.31895581085169,73.60915186903301,7.9136240460087945,-37.297326452682796,38.12762785775638,44.586030798474795,37.646255826881735,186.728652995609,3.0264821673933504,-3.489085794599511,37.96764789103328
1595,26.609916666666667,1719.7777699555304,679.001947739566,14204.5,1666.6521739130435,667.5551839464883,-2.9293710513243867,detected,1719.874509703605,679.158476941978,35.99250484759957,-13.815403444748501,38.55289583864806,7.984393060336931,-37.43974035398514,38.28164952448862,44.54166434138512,37.95419065863734,186.88606121721583,1.831663574186844,-3.4379483179748664,38.126961610895684
1596,26.6266,1720.3646505613353,679.254934461882,14177.5,1666.3059701492537,667.0597014925373,-2.9197143309122935,detected,1719.9557504761854,678.5584131136819,17.945057804820394,-33.97551542908994,38.42344008923035,8.195028495231428,-37.57432988195597,38.45762288696097,44.22784926708239,38.272995728527626,186.93326984734713,-0.12092059882593441,-3.5993809976376205,38.28881317760515
1597,26.643283333333333,1720.376536717618,677.8682980414154,14262.0,1666.4505119453925,669.2218430034129,-2.982606687133625,detected,1720.051744085174,677.9369833875783,4.076380148630819,-63.00306989232154,63.13480570155343,8.535871660317907,-37.604216510706856,38.56083770336864,44.21783462808035,38.595935218812976,186.8722108289972,-1.1031159003302073,-3.975000883968831,38.35541125262488
1598,26.659966666666666,1720.5006657789613,677.1527320298082,14269.0,1665.9750889679715,671.6654804270463,-3.041294053630721,detected,1720.1737621876473,677.3292991756222,5.303033620297806,-26.914946338391672,27.432398764535925,8.724220110335034,-37.87958297678484,38.8712596017765,44.13740503802494,38.91631550805399,186.97471515078698,-3.36321377316575,-4.059891802392466,38.658661404419696
1599,26.676650000000002,1720.5534812727485,676.9702359985911,14195.0,1666.3410852713178,670.1046511627907,-3.0156209113123893,detected,1720.3017441350542,676.6880869670035,-1.575398465108022,-24.237206336859177,24.288352174228525,8.954080557496066,-38.035466871889675,39.075213355690664,43.434124349474125,39.227556344098204,186.75142113227201,-5.752129983116121,-4.420462198967562,38.824371375982956
1600,26.693333333333335,1720.4480999835089,676.344017245035,14149.0,1667.0625,666.6838235294117,-2.962578423297114,detected,1720.4207044973543,676.0042849890472,-8.482281521230412,-61.85258728124266,62.43149568278137,9.181734222375285,-38.22821457512567,39.3153994375256,43.29383803298312,39.52326347465519,186.48789991141146,-7.847549369629899,-4.803396745929743,39.020866374715204
1601,26.710016666666668,1720.2704558126568,674.906421336307,14348.0,1666.234375,674.1875,-3.1282889699859378,detected,1720.5576380894147,675.331980137028,6.977382603119102,-47.51972791652363,48.02924535375029,9.510467645054346,-38.27441106495498,39.438300384230224,43.48896780092255,39.79730411025899,186.05629784489466,-8.825702848290506,-5.419221751931645,39.064198094932976
1602,26.7267,1720.680911983033,674.7584423235537,14145.0,1666.7186311787073,673.6844106463878,-3.121691903084811,detected,1720.7287589761088,674.6653069583944,20.272247410594808,-44.117517269786056,48.55223316312277,9.735864796989794,-38.34052397061182,39.55733612980435,43.20300432177093,40.04388569009623,185.61064316006008,-10.650070023026025,-5.94075524286848,39.10869812242099
1603,26.743383333333334,1720.9468731345903,673.4343668434051,14239.5,1667.3415492957747,669.5950704225352,-3.070093191726109,detected,1720.8996821137123,673.9763755471006,25.57956235669316,-45.80215170606109,52.46094844038743,10.002474044599085,-38.32060693327975,39.60452502868588,43.354424053098654,40.25763762046593,185.26376348784353,-11.380082450342197,-6.444728645456195,39.0766410459528
1604,26.760066666666667,1721.534416713668,673.2301771949615,14184.0,1666.9530685920577,672.0036101083033,-3.119124159901324,detected,1721.0970540397639,673.323768804341,12.869174160081107,-25.131624296014145,28.23498155335873,10.356650684578874,-38.2576108314099,39.63464393595583,43.47830192378538,40.433695203672634,184.996928861944,-11.956490343526232,-6.984961247903247,39.01429630655011
1605,26.77675,1721.376274579065,672.5958083127281,14155.0,1667.8785046728972,668.1433021806854,-3.0585561457503725,detected,1721.3082728341026,672.6494476161349,-8.459502900046749,-33.87640398386793,34.916671321793004,10.631316508734873,-38.21579275527172,39.667010306081515,43.110831423494446,40.567784857061426,184.61471038141164,-12.593118522070483,-7.522207027624058,38.947247759711345
1606,26.793433333333333,1721.2521513002364,672.0998345153664,14100.0,1668.1649831649831,667.6228956228956,-3.0574598775025454,detected,1721.541922722748,671.9771677207066,-2.548219154204917,-31.52936409511634,31.632170666905996,10.802335612251182,-38.26012661032655,39.75585168145601,43.759201670485105,40.656309664163075,184.13230218534352,-13.093770581355328,-8.017237040875838,38.93907617225062
1607,26.810116666666666,1721.291248999953,671.5437785307544,14166.0,1668.5993265993266,668.8417508417508,-3.0903577988225064,detected,1721.7661040872733,671.3361820302426,22.54507450870833,-37.40128913846065,43.670777572902736,10.733951754379731,-38.345436065404826,39.81946995266764,43.79634795122916,40.6964340138895,183.81385219456897,-13.054061851631435,-8.159628727470565,38.97448712095181
1608,26.826800000000002,1722.0044052863436,670.8518781677798,14074.0,1668.903536977492,667.6977491961414,-3.082263542446008,detected,1722.0139657873913,670.6571687720611,21.470589708283597,-31.690350119126357,38.27877366236105,10.712416223283316,-38.30836484459111,39.77796724830427,43.41558575158185,40.68616546102366,183.36116450570947,-11.923104426165605,-8.447978998111488,38.87053291703929
1609,26.843483333333335,1722.007651009886,670.4863771817795,14094.0,1669.2156133828996,666.2267657992566,-3.0610804459302785,detected,1722.2435859798647,669.9931367144806,0.020845726531923636,-49.47139159486863,49.47139598674322,10.827294789022446,-38.24293658835216,39.746100580423196,43.375891416642716,40.62443111760719,183.03352308438323,-11.473402413688504,-8.788297824853455,38.76233136294556
1610,26.860166666666668,1722.0051008387522,669.2011827348977,14148.0,1669.0758122743682,672.0144404332129,3.0884913734980417,detected,1722.5064113221063,669.3143907453299,28.719717945293905,-48.38280250977378,56.264711654437626,10.67776340978697,-38.22299307280585,39.68641872075571,42.72850899618464,40.51114513198528,182.4321985672849,-12.242353697185106,-9.046070292852706,38.64169306766872
1611,26.87685,1722.9659322653274,668.8720043380367,14138.5,1669.8277153558051,665.0674157303371,-3.0701166493921077,detected,1722.746633453883,668.6062673358292,7.358932556186531,-45.050472688581834,45.64755171782119,10.50797352670783,-38.25897493204304,39.67576931186956,42.64984422222384,40.34726335119254,182.00015628753806,-12.276727153126224,-9.166248086651898,38.60241658889557
1612,26.893533333333334,1722.250643888377,667.697998629522,14107.0,1670.1551155115512,665.9339933993399,-3.10774461391979,detected,1722.9708065117743,667.912873116409,-2.729126788417452,-43.57177984065043,43.657165866663505,10.38270227272108,-38.112335077251366,39.50127328991627,42.627186917577056,40.13482118073615,181.60894125022546,-12.262789436100764,-9.308504735276095,38.38883081207339
1613,26.910216666666667,1722.8748704014872,667.4181592840204,13985.5,1670.7777777777778,663.956228956229,-3.0752387002611594,detected,1723.2207265582115,667.2496665545883,23.482192231073224,-32.1405923026381,39.80491207805231,10.37304344633137,-37.904943083009975,39.298660797356746,42.65632373495376,39.8769509085478,181.28638760983512,-10.669081158923037,-9.519470254306432,38.128262831436196
1614,26.9269,1723.0341663691538,666.6255741996906,14005.0,1671.1934523809523,663.9434523809524,-3.089900994934401,detected,1723.4761312203486,666.5900432140685,-1.021347699964178,-54.22305670495288,54.23267492529534,10.286644549673206,-37.664621564061,39.0440619512782,42.0369253740344,39.57787517798821,181.04408284855657,-10.135561748667605,-9.598624185459995,37.84580805586734
1615,26.943583333333333,1722.8407914332317,665.6089166252984,14101.0,1671.1942675159235,662.9808917197452,-3.0907516675037434,detected,1723.6852141465247,665.9265916905731,17.654362267829175,-31.594617218332413,36.192490163799135,9.930932161419477,-37.499646518930135,38.79235623984994,42.11977051817331,39.24287369185133,180.54583550035272,-10.783997041737894,-9.573241787537933,37.592551713295045
1616,26.960266666666666,1723.623233590157,665.5713671385056,13952.5,1671.5042735042734,662.6780626780627,-3.086136101953939,detected,1723.920200707294,665.2881502610669,28.718660069927378,-31.764343301826756,42.82213144634848,9.62956439061406,-37.2202101035288,38.44570912993815,42.248858670291995,38.87822057686147,180.20554662462516,-10.633152451179855,-9.495976496625056,37.25451624809204
1617,26.976950000000002,1723.7990373908983,664.5490463704608,13920.5,1672.0828220858896,663.8128834355828,-3.1273589511668836,detected,1724.1316466789508,664.6639778854801,13.22718903408416,-58.90926891575154,60.375992695207316,9.261098993062268,-36.896589644804,38.04111304859989,42.616208302583416,38.49109028051283,179.93381649488046,-10.876050353380217,-9.303712796423806,36.88586735021988
1618,26.993633333333335,1724.0645807975943,663.6057611990167,13967.0,1672.3107692307692,664.6953846153847,3.1205417893707503,detected,1724.2745836231336,664.0737904162348,32.62742116316236,-38.64159630148101,50.57392190136144,8.86749541733187,-36.692242909955276,37.74855182307746,42.875705848797296,38.08943059188537,179.78684919766624,-11.517233407668636,-9.003935609982426,36.65900037195307
1619,27.010316666666668,1724.8877056770425,663.2597051072014,14039.0,1672.5280528052806,664.4158415841584,3.1195155660870233,detected,1724.4342468019938,663.4764907161532,34.33079916074976,-39.60722746253825,52.415038283730944,8.509653021351225,-36.627500681457406,37.60303180215599,42.615832337537945,37.681802552662525,179.92451146985346,-9.754862668501351,-8.557903210752201,36.61625722748506
1620,27.027,1725.2100851295913,662.2842000426833,14057.0,1672.8837209302326,665.109634551495,3.0876486544023343,detected,1724.5863252218383,662.8930314848824,26.184569763274308,-29.092938950146284,39.14116490914288,8.272146673621771,-36.65287668981492,37.57474923706996,42.81078827342293,37.27718882044422,179.98158087558218,-8.807491622562994,-8.283929206284663,36.65021551279001
1621,27.043683333333334,1725.7613974881438,662.2889707108982,13987.0,1672.71974522293,661.436305732484,-3.1255186531505905,detected,1724.722706346607,662.3133334313419,-1.1395469913078702,-53.34165755356821,53.35382833412743,8.216843179622556,-36.40994506541105,37.32560262748293,42.63623229118223,36.88477446729929,179.99718487636943,-7.146613117683428,-8.218632105950297,36.40954130185937
1622,27.060366666666667,1725.1720622449814,660.5043667356459,14255.5,1672.942760942761,667.070707070707,3.01652743096956,detected,1724.8557215906314,661.7189758638285,-7.37835486655773,-48.6215648004872,49.17821351152187,8.125057084825716,-36.28732250974985,37.185835039141914,42.32568486536888,36.51370698229003,179.95116830662428,-5.911985663907347,-8.155980865469989,36.28038455805509
1623,27.07705,1725.515206380763,660.6666311653886,14084.0,1673.10625,664.259375,3.0731476396746693,detected,1724.9927054204998,661.135103486576,24.13013799919785,-0.042707254077687315,24.130175792353498,7.9870037252992745,-36.22689167398944,37.096898911727244,42.85879464264936,36.17284502844249,179.77964641664323,-4.805426782270452,-8.126269155790583,36.19590665357834
1624,27.093733333333333,1725.9772045162213,660.5029417369349,13994.0,1673.1207430340557,664.0216718266254,3.075119308238598,detected,1725.1293437645886,660.5742171903097,25.964412210104562,-16.584589151616147,30.809078187185847,7.793543380138697,-36.12994814611013,36.96095874647613,43.26678297137821,35.87050792898735,179.75090442620436,-3.710909315908395,-7.950545551647615,36.095724080421036
1625,27.110416666666666,1726.3815522681734,660.113258707363,13891.5,1673.171974522293,658.5955414012739,-3.1130769995558656,detected,1725.256080076587,660.0175417960565,-4.437257963587484,-36.091386943565325,36.363133387341335,7.531963542249595,-36.03195094737448,36.810758806030854,42.94592202456264,35.61423945323403,179.78250662793448,-1.649250573602065,-7.668685349176326,36.00310026777009
1626,27.127100000000002,1725.8291480088362,659.2986924592512,13957.5,1673.127035830619,661.0228013029316,3.108890089913581,detected,1725.3481870794906,659.4433822717616,-2.6142469110399666,-23.799424842262894,23.942575252766822,7.2944511135371926,-36.08745893228437,36.81730176475586,43.19028981387996,35.410599626715566,179.57697861328526,-0.9987759127373738,-7.560687777715283,36.03262007632808
1627,27.143783333333335,1726.2943235629084,659.3191512317928,13902.5,1673.0611620795107,659.9938837920489,3.12891829025115,detected,1725.4473357619397,658.8963631308621,20.785038278624036,-30.50173642531309,36.91034734601041,7.055265835441262,-36.14246202496811,36.824643070028614,43.558637856990934,35.264996610790874,179.5862863798108,-1.2534657211870976,-7.316052249263011,36.09057656398773
1628,27.160466666666668,1726.522675452733,658.2809511871933,13961.5,1672.759493670886,660.2278481012659,3.105396013015276,detected,1725.5443429762051,658.3368632590943,3.0761184957991206,-40.187054834651214,40.30461364761435,6.818510112726212,-36.371286600171054,37.00489925819461,43.33249453480805,35.181567307830186,179.76925582531166,-1.4910933215030204,-6.96493052628108,36.34353191247667
1629,27.17715,1726.396963383385,657.97824316881,13919.0,1673.0031545741324,658.8391167192428,3.1254709536146605,detected,1725.6485586207086,657.7722581408841,-16.148266807746452,-37.12353148941318,40.4836153417604,6.643819503326485,-36.48029915754983,37.08035280599569,43.66411535450915,35.16311075938354,179.78669171808576,-1.7836068627210437,-6.779586814549604,36.45531191529017
1630,27.193833333333334,1725.9838616169145,657.0422626864965,14086.5,1672.6706586826347,656.377245508982,-3.129119520238659,detected,1725.7163771661387,657.2106715419061,-26.26841348351867,-67.53141138815167,72.46047937335833,6.5320081781140935,-36.62889367100215,37.20675990193893,44.083199713082955,35.21107329963525,179.821063355783,-1.056590526581425,-6.646369403190518,36.60831539632579
1631,27.210516666666667,1725.5204739868182,655.724945075492,14262.0,1672.8934169278996,656.0971786833856,3.1345197252993584,detected,1725.7842198448416,656.6543639900276,-17.446349422171423,-27.900953751397353,32.906508906265266,6.307995533193172,-36.789934392199854,37.326801098261214,44.29297648162035,35.32557964211366,180.0106221927112,-0.951540056597933,-6.301174856607414,36.79110321335327
1632,27.2272,1725.4017350911947,656.1113008629916,14639.0,1672.8532934131736,650.8443113772455,-3.0416951685870526,detected,1725.8475641728287,656.0882347246038,24.133563648525772,-10.359960316304909,26.263238035947836,6.026820704389708,-36.903306524966595,37.39219972505633,44.36033486616437,35.505500520245604,180.0869337979887,-0.7974358322130837,-5.970821102522322,36.912408423728955
1633,27.243883333333333,1726.3257305605573,655.3792677329379,14161.5,1672.857142857143,653.6298701298701,-3.108886089875299,detected,1725.9048615769993,655.5275007743396,-11.271811655761566,-36.89473382114211,38.57816897852838,5.909806777212598,-37.08546547234132,37.55339619054724,44.48521296001148,35.74854580148564,180.1107962494528,-0.15086185799213758,-5.838081406597375,37.09682427020068
1634,27.260566666666666,1725.0256323089475,654.8802465778261,14708.0,1672.8317757009345,652.9283489096573,-3.1042129958827496,detected,1725.946422737324,654.9513573690307,-29.333858990564593,-24.372789515424714,38.13801452673597,5.809036402190294,-37.129832962166766,37.58150342549347,44.269195491481824,36.05137218263627,180.46723383798007,-0.7150497554918863,-5.506061402704396,37.1759692213939
1635,27.277250000000002,1725.3469574655721,654.5660289894399,14741.0,1672.4006622516556,653.1158940397352,-3.114210709248898,detected,1725.994190498659,654.369212582812,23.0412146731885,-15.067218238705939,27.530322175171687,5.607050096170644,-37.36442989549724,37.78279545238143,44.111662994151004,36.409696199493446,180.18240201114241,-0.46131967196265,-5.488071636454041,37.38209065728726
1636,27.293933333333335,1725.7944408385429,654.3775037292613,14636.5,1672.2786377708978,653.4520123839009,-3.1243005819963114,detected,1726.066240297798,653.7778429996296,14.961660369749664,-28.90718637741701,32.54960376530659,5.508831516618759,-37.496068225297016,37.89857988150243,44.116177575790964,36.818405802670824,180.23033651842118,0.39861618998102827,-5.358048314823821,37.51791139296848
1637,27.310616666666668,1725.8461781999094,653.6014925373134,14740.0,1672.435736677116,648.3667711598746,-3.0438953514029747,detected,1726.1038404767992,653.1796099774172,-6.199057221094025,-35.51461773512343,36.05157948415494,5.298331777288512,-37.79609464533316,38.16565327701345,44.10081776948155,37.27166666205844,180.22648645370867,1.0178323194844003,-5.148885291389317,37.81674325371399
1638,27.3273,1725.587598962599,653.1924993174994,14652.0,1672.0378006872852,651.9209621993127,-3.1178521677953617,detected,1726.1497630708247,652.5676315644004,-12.684233251014653,-31.974911062504514,34.39890566022732,5.163042744700852,-37.96710037225417,38.31654630913949,43.942174803473854,37.763022139261565,180.27388013178273,2.114826570879661,-4.981497531345466,37.99134642791211
1639,27.343983333333334,1725.4229476171006,652.5345963381945,14674.0,1672.090909090909,651.1328671328671,-3.1153156424986013,detected,1726.1931809908406,651.9506197033807,-15.0027838532077,-34.176539983664775,37.32451484749811,5.025859080300463,-38.19835190016646,38.5275660713727,43.88185391423541,38.28548806445843,180.4667505616586,2.3982412333212317,-4.714519221897779,38.23802630746447
1640,27.360666666666667,1725.087006074697,652.0521421000444,14623.5,1671.711462450593,650.7351778656126,-3.1169241070304348,detected,1726.209386872592,651.3131904834926,-8.557342740815427,-29.254546196231722,30.4804295890206,4.900991723616969,-38.49530115633248,38.80602957005129,44.36630517735564,38.831644830917504,180.6962867705202,2.55526866558613,-4.4328273260463344,38.552016456848946
1641,27.37735,1725.1374176143154,651.5584696467803,14641.5,1671.7859778597785,652.6236162361623,3.1216305849152426,detected,1726.2398944671243,650.6977807421895,28.86312459109889,-56.57908249087075,63.5159234890752,4.890571939407418,-38.77421283144361,39.0814185335257,44.87786193785288,39.39372977761025,180.94784074478846,2.7460922654476505,-4.248492467023799,38.84980806066161
1642,27.394033333333333,1726.0500723318867,650.1642867142657,14286.0,1671.3833333333332,654.9208333333333,3.0548013533615075,detected,1726.2561640567792,650.0658085526558,19.46734462717177,-68.26738278020714,70.98882347589934,4.973539941489381,-39.14632202028637,39.46100134646291,44.55635502694176,39.96373239545344,181.10443930711506,2.728868835974812,-4.218074187123617,39.234914010578244
1643,27.410716666666666,1725.7869780133753,649.2806146413474,14903.0,1671.7326732673268,650.7062706270627,3.1152242531246874,detected,1726.2680866759981,649.386421550204,5.783995804000363,-60.59994726005125,60.87534981732497,5.144435478065943,-39.442637141902274,39.77671229621363,44.21653710074154,40.533493869613814,181.202303130289,2.356295870340742,-4.315693479696277,39.541897158394654
1644,27.427400000000002,1726.2430649918801,648.142268474022,15086.5,1671.6819923371647,650.367816091954,3.10082522670032,detected,1726.3168448797685,648.7192635434349,40.62053773400289,-25.77079388305134,48.105736697012226,5.387356557851371,-39.771974786734006,40.13519140502546,44.622474682885645,41.09481142568816,181.26968763794864,2.0416263074364447,-4.504749846435048,39.881584947680714
1645,27.444083333333335,1727.1423499557666,648.4207291521162,14318.0,1671.9375,647.125,-3.1181256703076987,detected,1726.3998233534862,648.0416345936947,27.59565559303097,-11.432780011279911,29.870196959436054,5.571710885527889,-40.22496856390248,40.609014493814705,44.92925672094041,41.639547315996985,181.3855854181586,0.7858138056666871,-4.597415030750743,40.347934683126965
1646,27.460766666666668,1727.163840033501,647.7607947143123,14328.0,1672.1804511278197,646.109022556391,-3.111560391793632,detected,1726.4891191529266,647.3667666210447,-4.201679459479796,-47.73341463819688,47.91798183669928,5.914671290423175,-40.57171766997608,41.000580619864465,44.61101543553535,42.159741956839206,181.6570313069592,-0.22738817150686538,-4.739000963089369,40.725783983096555
1647,27.47745,1727.002153917802,646.8280242170217,14315.0,1672.4890282131662,642.9749216300941,-3.0710279032824954,detected,1726.579526496784,646.6364326165582,-9.688091213592724,-52.6711981953795,53.554777851278985,6.098286588229039,-41.070571163818066,41.52084916080617,44.02984828286766,42.647730222693,181.7444893395457,-3.122452133952214,-4.845174291784004,41.23718226451285
1648,27.494133333333334,1726.8405807233407,646.0033324011931,14304.0,1672.7070707070707,643.7744107744107,-3.100441372039715,detected,1726.6952659099745,645.892432426102,-7.609184542486802,-43.62108724476629,44.27978028194282,6.26671081341411,-41.33765204538761,41.80996461424596,44.19615176964493,43.09625899874091,181.77380008380362,-5.236079159033382,-4.984154371153739,41.511821764998565
1649,27.510816666666667,1726.7482607935676,645.372533939288,14302.5,1673.0061919504644,640.123839009288,-3.0442368592468454,detected,1726.8267602323012,645.1679230006347,15.560099828296126,-44.04137676744397,46.709309288818375,6.511045481654974,-41.60579659352171,42.11218378861018,44.26930105792824,43.498603129831544,181.798738750068,-7.7129538132528115,-5.201882936441374,41.789669026701354
1650,27.5275,1727.3597693876115,644.5338184630527,14223.0,1673.4448160535117,639.190635451505,-3.0428112913732823,detected,1726.9606836937903,644.407277965536,14.024238604598429,-58.34134713794852,60.00326703029863,6.9013744171979035,-41.64796347044224,42.215895467011535,44.06314138544012,43.848676349384526,181.73809552897436,-8.407152014415297,-5.634981592070506,41.83812630291504
1651,27.544183333333333,1727.216202888341,643.4258776564518,14195.0,1673.06106870229,644.0839694656488,3.1294412772082407,detected,1727.0883142593777,643.6380741679199,-3.9486883864398306,-66.48412838255882,66.60128727556074,7.195514095656992,-41.708634587332824,42.3247636997592,44.48097134849737,44.141133741410854,181.4690022146345,-9.25404319787544,-6.123901808956711,41.8793916965697
1652,27.560866666666666,1727.2280148184507,642.315464712688,14261.5,1673.2364341085272,645.8410852713179,3.076385778917646,detected,1727.2639605009435,642.8913916538163,2.5268202708465686,-41.30270483154651,41.37992565342543,7.417644753793997,-41.68053522417127,42.3354280746855,45.03315083581496,44.371462656209125,181.28628087395452,-10.343975029659324,-6.4801330066336345,41.836543194714444
1653,27.577550000000002,1727.300514458045,642.0477440719059,14092.5,1673.819188191882,643.4575645756457,3.1152377709407872,detected,1727.453466666834,642.1506386500699,27.148096686724745,-35.23979061458942,44.484401718713265,7.662758928527543,-41.80310958688589,42.49962171043313,45.32029172490644,44.53605968734785,180.91227956362383,-11.057545158216968,-6.9962148418725345,41.919814210183254
1654,27.594233333333335,1728.133856311231,641.1396303658479,14086.0,1674.1758620689654,639.5344827586207,-3.111853327848875,detected,1727.6665089277742,641.4105559426637,14.381026987264832,-53.554539756792984,55.45180489190915,7.767533267965096,-41.835202643142495,42.55019098972108,44.97685700835012,44.63229221992215,180.5780861717003,-11.742049209574354,-7.345048500181056,41.91144254009553
1655,27.610916666666668,1727.7803613918534,640.2608075953542,14149.0,1673.962962962963,642.8230452674898,3.0940187381475552,detected,1727.8466250317194,640.6510172017698,-15.333337900282022,-39.005642461775686,41.911232325238345,7.908890482726056,-41.85972251996038,42.60031593915511,44.48812422820857,44.65854390830745,180.33743593887496,-12.498888179149747,-7.66222743317164,41.90557467543172
1656,27.6276,1727.622233936625,639.8381420957066,14227.5,1674.4693140794225,640.5270758122743,3.1286320271032806,detected,1728.0227359890798,639.8821104366993,14.419054775635367,-44.70343937468642,46.97133841555973,7.916020436001676,-42.05964161062435,42.79809378882848,44.395923771973315,44.61424399890639,180.0319568482173,-13.393180762347123,-7.892560347451636,42.06405024625176
1657,27.644283333333334,1728.2614771862004,638.7692028348855,14227.5,1675.090579710145,636.9347826086956,-3.1071058759143475,detected,1728.1986004689097,639.1138213441236,30.18673006149161,-32.556504668018775,44.397800260869786,7.852323278507099,-41.96075539239553,42.689155226715776,44.22842135357678,44.49988068129604,179.9146109658473,-13.393371388879261,-7.914849479355645,41.949006325415844
1658,27.660966666666667,1728.6294644963434,638.7518400566171,14130.0,1675.4605263157896,645.8421052631579,3.009021284595663,detected,1728.4129406472837,638.3451594223163,-1.2877174368053987,-38.865212970130955,38.886540028790016,7.843616569452154,-41.86324347810288,42.591706650420896,44.26486407544737,44.316998741365396,179.44148173060626,-12.686058234438292,-8.251319621503223,41.784796276867304
1659,27.67765,1728.2185103477257,637.4724002287821,14278.5,1675.8566878980891,632.484076433121,-3.046612869098308,detected,1728.5765461556123,637.5884689409046,-13.367380540926064,-46.66894351986469,48.545619285227474,7.644691634413361,-41.7564434518431,42.45046383647934,44.15235284083418,44.06818174434896,179.0435476600999,-12.11650700042778,-8.340644569470808,41.62301680678609
1660,27.694333333333333,1728.1834395656279,637.1946529745043,14120.0,1676.0625,634.928125,-3.098134095018346,detected,1728.7267449241594,636.8303245038178,4.8706575930114635,-45.609433333353266,45.86876621817897,7.544472136345102,-41.5036772898596,42.18381547936241,44.23812827408095,43.75701879912742,178.7476260532692,-12.12701008707101,-8.449787098855444,41.32886868014791
1661,27.711016666666666,1728.3810279560792,635.9505654698926,14177.0,1676.1246200607902,633.1854103343464,-3.088726818538927,detected,1728.894565906054,636.1079505314601,9.444983092951272,-41.85201845331987,42.90453535750227,7.440329954367886,-41.23057231335049,41.89652256591575,44.569417761001375,43.388055707199655,178.4060905763252,-12.04325164666515,-8.584295134959547,41.00766367585696
1662,27.727700000000002,1728.4985871681627,635.7981906254452,14038.0,1676.6627218934912,631.8195266272189,-3.0649878112932796,detected,1729.0732344836824,635.386888744837,5.186029819021307,-31.60879802673624,32.03140674367554,7.240488429786868,-40.939541651892135,41.57488115880656,44.10946710626819,42.966730092492035,177.98817271746134,-9.964725905425347,-8.673240570356622,40.660123479615855
1663,27.744383333333335,1728.5540684843738,634.8958852424005,14047.0,1676.8110465116279,635.125,3.137164747149582,detected,1729.216749319217,634.6682212361849,17.107270678938217,-48.33908387563401,51.27695135261104,7.068746264212715,-40.51247121444754,41.12453644297114,43.995027796891314,42.49929003084641,177.58773190393353,-8.919359391519025,-8.76763527470759,40.179050129874454
1664,27.761066666666668,1729.0693997664832,634.1852765267948,13989.0,1676.8984126984128,635.2761904761904,3.1206853437184496,detected,1729.3656004875968,633.9757401542361,22.16196527013709,-55.68235230522053,59.93060205669104,6.741286285648257,-40.13131748242322,40.69358160275545,44.34319127186751,41.99269576388813,177.17178584786794,-7.512439736926366,-8.713218784956702,39.74981008842174
1665,27.77775,1729.2935393922207,633.0379507538163,14106.0,1677.2619808306708,634.3226837060703,3.1169062517756068,detected,1729.4892677905098,633.3067047167875,27.37656539369805,-62.12374946527859,67.88841271071321,6.332251480826791,-39.73122205012009,40.23266601174202,44.523180818740116,41.45450431786374,176.8663414878925,-6.4274567066891715,-8.494706031562963,39.32565808539902
1666,27.794433333333334,1729.982864498453,632.1124140863034,14113.0,1677.5636363636363,632.6272727272727,3.131771026984173,detected,1729.574967060436,632.6511882913564,38.04308602374286,-23.320811280798434,44.62215406056183,6.017968596025451,-39.2573606193231,39.71594527162017,44.49863986700692,40.892737421681986,176.34203809593998,-4.792678359097803,-8.510332375740719,38.793434388730624
1667,27.811116666666667,1730.5629103625463,632.2598130174136,14012.0,1677.5976331360946,633.1242603550296,3.1252730827459025,detected,1729.6651202833864,632.0088244140347,14.507048634481338,-30.664390622235654,33.92284351755113,5.875976636817533,-38.99229783680707,39.43255497721007,43.954869180690736,40.31573420536402,175.8232945485819,-4.163707183507876,-8.700286016198651,38.46077762171526
1668,27.8278,1730.4669163545568,631.0892455858748,14017.5,1677.664705882353,631.5205882352941,3.1334238089331468,detected,1729.7434160370258,631.3551386012284,-17.931569149916772,-70.04722367040105,72.30597980879203,5.642853930335835,-38.68279347862726,39.09220269809869,43.37901729639712,39.731991621194126,175.43537579802143,-3.0113654007797965,-8.703467034221093,38.111021678426056
1669,27.844483333333333,1729.9645936719107,629.9225706542779,14206.5,1678.027108433735,634.4156626506024,3.0552978820777943,detected,1729.8000533906845,630.6957787920843,6.053346819864689,-53.83422187436564,54.17348477382633,5.589047677908734,-38.438971900428264,38.84317204745064,43.40542333157681,39.14999692609063,175.1753601137507,-2.6106159634348263,-8.802207027412905,37.83269969423823
1670,27.861166666666666,1730.668896360113,629.2929770493334,14277.0,1678.7251655629138,636.1754966887418,3.0098604549428583,detected,1729.8812909917312,630.0786672303055,13.101586674723716,-35.414212268273104,37.760005349279325,5.652539447862072,-38.06225338540871,38.479687303624154,44.11739618469792,38.57805762605935,175.12858921681317,-2.0607394140809943,-8.864358735150196,37.44475235863178
1671,27.877850000000002,1730.4017499472907,628.7409164382599,14229.0,1678.8741496598639,639.9727891156463,2.9269720140647615,detected,1729.9745770475643,629.499652812096,-15.289859311383292,-13.955377342086761,20.701023030805093,5.639227629666883,-37.8070320394735,38.22528691707852,44.08967461695381,38.02413513193234,174.90332306868035,-0.303328112843809,-8.97557681556469,37.15658193000093
1672,27.894533333333335,1730.1587247210898,628.8273326253525,14595.5,1678.9756944444443,638.375,2.957172545814352,detected,1730.058006314781,628.9057161921595,-0.40951057709779315,-32.27644889638791,32.27904664443942,5.589962835881174,-37.50373885272816,37.91804468112991,43.90818794257975,37.495689074142135,174.94023654812923,1.1847028765924061,-8.875814688327672,36.86459040947873
1673,27.911216666666668,1730.3880859443682,627.6639589267504,14218.5,1679.1226765799256,639.910780669145,2.9070969645400977,detected,1730.1401243548635,628.3397483941952,29.565975330111087,-17.571528287735273,34.3933933130684,5.449474675739472,-37.339629834807084,37.73519220094077,44.17880245748622,36.99953939914393,175.12469505372448,1.6616473531944123,-8.60315964095413,36.74139864831222
1674,27.9279,1731.1452427646045,628.2410292981517,14022.5,1678.6863354037266,635.0186335403727,3.0131060580381357,detected,1730.1980696147966,627.7767052745822,26.2474247791998,-0.8538534554075909,26.261309435423495,5.3426981627062835,-37.14386666702961,37.52614095048755,43.88813591436291,36.54175254916712,175.37875822033422,2.9743846647331735,-8.317953732635603,36.59266183728087
1675,27.944583333333334,1731.2638750178342,627.6354686831216,14018.0,1678.7125,632.346875,3.0521783641739666,detected,1730.2741813180912,627.2116959434493,-18.882021176185273,-40.20288494439092,44.41624344257225,5.28216707429479,-36.953666259163015,37.32927455756898,43.23490394632347,36.127556137449496,175.62662635850242,4.673539743480717,-8.084713622667735,36.44327296818739
1676,27.961266666666667,1730.5152126580258,626.8995930371739,14620.5,1678.5306859205775,634.3068592057762,3.0000555880194235,detected,1730.3336710131903,626.6321399510307,-19.602992550055212,-60.88939125546531,63.967142224572264,5.21647982395646,-36.79524524485954,37.16317712982978,42.856503216198774,35.76128387036344,175.78352016843692,5.13677947576017,-7.907732955696827,36.3121122200911
1677,27.97795,1730.6097884997473,625.6037926615643,14176.5,1678.3956386292834,629.6666666666666,3.063937384058242,detected,1730.3844862958483,626.0565500917261,-16.78991045131348,-51.71737647246046,54.374517213096546,5.150876897698788,-36.7797390022275,37.13866898378591,43.22469560176314,35.446349505447316,175.85453450079,5.136636897563464,-7.796168208879944,36.311162128828535
1678,27.994633333333333,1729.9549893126336,625.1739565755428,14815.0,1678.3235294117646,630.1895424836601,3.0447544469884544,detected,1730.4498019787939,625.4994376136585,5.18427544048481,-23.080233523535604,23.65531423050116,4.981062801690341,-36.73535996637859,37.07152085487988,42.91886714396966,35.185246035094075,176.01580959563609,5.366019647237975,-7.521442266566126,36.30048986893299
1679,28.011316666666666,1730.7827704902782,624.8336822029956,14332.0,1678.530487804878,632.1219512195122,3.003004487899161,detected,1730.531209668143,624.9194276175917,17.86293464109886,-45.10416077586193,48.51257314642227,4.933077522420616,-36.64514674420658,36.97569517597533,42.31023912466471,34.97956472692359,176.44041948054317,5.303628182854616,-7.198727324534675,36.26817280555561
1680,28.028000000000002,1730.5510158984916,623.6689810776548,14330.5,1678.0291970802919,631.1167883211679,3.0007277701927877,detected,1730.5931502776343,624.3371096995156,-11.417448078389754,-25.991525608422897,28.38868655073759,4.832407799821938,-36.60432812923047,36.921931191856046,42.17394666303067,34.83002834665433,176.6016948085626,5.197127753854812,-6.993699513617127,36.253512520159816
1681,28.044683333333335,1730.4018083060625,623.9664316318613,14820.5,1678.2910447761194,631.9253731343283,2.9900326433205824,detected,1730.6341955277082,623.7548023665358,-15.8467041946924,-8.653748490750623,18.05561953451751,4.7363768403451765,-36.485427552391776,36.79157089952245,41.89736513169991,34.7365335132528,176.87120174944909,5.139076765990199,-6.720716611382143,36.172526280093834
1682,28.061366666666668,1730.022264201862,623.3802343363468,14822.0,1678.0720000000001,623.792,3.1336666680842504,detected,1730.69480885836,623.1661964626369,-5.007635435648209,-40.05202830280273,40.36386235018734,4.692675041519002,-36.45349325888937,36.75429729733909,42.14246019726992,34.69819825034189,177.23090391231617,5.505703220216959,-6.448301460439991,36.184220015035216
1683,28.07805,1730.234720203693,622.6300289541578,14793.5,1677.9171779141104,624.2453987730062,3.110726204064872,detected,1730.7713155218562,622.612497920496,22.993148039001372,-23.14526779409439,32.62496403068938,4.647117885467304,-36.39885135067461,36.69430588374628,42.01518427218237,34.71341210297795,177.2886127730706,4.402602129892249,-6.363762112488759,36.13827079517765
1684,28.094733333333334,1730.7894689080968,622.6079539009505,14693.0,1677.9172413793103,627.5,3.049329526285978,detected,1730.8222586710262,622.0213883143997,8.651411439114797,-30.531239363274075,31.733318404263724,4.564265312472273,-36.34488608773566,36.630359847715376,41.598498239553905,34.779887495536485,177.68389510580278,5.568028852946646,-6.02932973676783,36.13074100400441
1685,28.111416666666667,1730.5233889653782,621.6113032674032,14889.5,1677.7684210526315,625.6035087719298,3.0660621184917667,detected,1730.8652773252961,621.450376383907,-23.222937125982632,-42.90053213208738,48.78278862440732,4.462149513604771,-36.27274491732136,36.546173563299696,41.87239032923792,34.89471222603188,177.97263415164346,6.61716423646341,-5.742570987177438,36.092183095180786
1686,28.1281,1730.0145969059931,621.1765061454765,14889.0,1677.721476510067,617.2986577181208,-3.067572141539374,detected,1730.9009660163815,620.8741121857681,3.7662858974701545,-12.978567576045188,13.51399740222907,4.4099014926496425,-36.36151462545953,36.62795349227664,41.82596769444686,35.05440408122975,178.2159894828183,8.327573851157755,-5.539764319499077,36.206601446653146
1687,28.144783333333333,1730.6490573714905,621.1782517292825,14746.0,1677.0821917808219,619.7191780821918,-3.11436102543947,detected,1730.9244153774714,620.292822545351,-1.3168708119996404,-28.761247970512223,28.79137950076012,4.4171359883683685,-36.28570551378817,36.5535704818708,41.838734968072195,35.25496937271237,178.7364465134268,9.382202821487857,-5.216211832553536,36.17947828660641
1688,28.161466666666666,1729.970657316566,620.2168391715271,14830.5,1677.408945686901,616.6517571884984,-3.0738697822597647,detected,1730.9505611852292,619.7155942986527,-20.81988665779661,-50.241505672395284,54.3845251213323,4.394481136017741,-36.307845099413115,36.572818871640074,41.908365756344,35.49196748482869,179.19921772529293,9.465113304705776,-4.901484294910743,36.242882500217
1689,28.178150000000002,1729.954367153342,619.5018601566802,14828.5,1677.5572289156626,617.7801204819277,-3.1087450505374874,detected,1730.9715104324005,619.1360248690687,23.361303389565972,-31.60273738886543,39.29991738577754,4.531048226729792,-36.351160241483115,36.63246168270614,41.78255002428325,35.76058311165256,179.68595076335825,9.139986780845451,-4.730226897058514,36.32577875885496
1690,28.194833333333335,1730.7501461396646,619.1623611673186,14826.0,1677.784126984127,611.4253968253968,-2.9965443965260015,detected,1730.9978072064994,618.5415973309554,37.542517843717036,-49.73450787926938,62.313416854148834,4.707494395072433,-36.49943633335892,36.80175751418076,41.60168696773756,36.055706840222776,180.26340924361202,8.210010286269815,-4.5396442413128195,36.520692576878595
1691,28.211516666666668,1731.2070358320607,617.8423854104419,15061.0,1677.6900958466454,612.3674121405751,-3.0396437765408044,detected,1731.0562154996103,617.9457167578557,9.740385452495012,-43.26107413019828,44.34405984640657,4.94501413148784,-36.77579963402727,37.106773013598676,41.50903040705871,36.37202348249399,180.64576634761622,8.442058825977652,-4.530218022525745,36.82919668077377
1692,28.2282,1731.0751503342628,617.7188833271744,14883.5,1677.4459459459458,611.8445945945946,-3.032492335948086,detected,1731.1277139444621,617.3492046676886,25.022962571843756,-20.986566825327785,32.65860748693738,5.327104287364665,-36.854158081493786,37.237172395124105,41.46960182160542,36.70410645442361,181.01400023269062,8.684422096834757,-4.674072392952181,36.94265901704471
1693,28.244883333333334,1732.0419686832079,617.1421336307035,14348.0,1677.425806451613,614.9354838709678,-3.1012117454763484,detected,1731.2335414349461,616.740445893887,32.09072881448689,-37.556741172083925,49.399632420817085,5.547880076571109,-37.06614198494502,37.47903220458232,40.83710528556545,37.04651572056699,181.4696423635063,8.673746748369894,-4.595409198811406,37.196237300130214
1694,28.261566666666667,1732.1459109857062,616.4657400633992,14353.5,1677.5397350993378,616.7615894039735,3.1361748333322854,detected,1731.3234755293452,616.0955980388804,-6.9882696101177695,-64.3786912008601,64.75686676237044,5.7080517102358606,-37.31473599495129,37.74879304957498,40.26955022906368,37.39389632325621,181.960498364374,7.003667883904671,-4.428155667257736,37.48816898817777
1695,28.27825,1731.8087934205503,614.9940313009681,14408.5,1677.7993630573249,607.9267515923567,-3.011479213726989,detected,1731.438399755396,615.4352385923987,-6.595787899620992,-46.09006686618105,46.559625017238126,5.973296740713622,-37.54449911701403,38.016702748924544,40.50983153789952,37.74107421931269,182.44176706208097,4.183149812133787,-4.36832828282277,37.76489634453639
1696,28.294933333333333,1731.9258315294555,614.9278681656309,14321.0,1677.974025974026,611.6850649350649,-3.0815593225015743,detected,1731.5601297980206,614.7835658569281,-3.924568224784115,-44.4891652838513,44.661930806950394,6.143723823167953,-37.85530638392869,38.350613604432375,41.151770346669906,38.08314614512088,182.50806641641032,1.4161239411857078,-4.481288906803186,38.0878932676807
1697,28.311616666666666,1731.6778436607833,613.5095761526636,14419.5,1678.128125,615.115625,3.111609908617837,detected,1731.6583428401354,614.1375739888844,8.373244585067374,-56.92739138914356,57.53989151235946,6.367014801317776,-38.03215270696444,38.5614252460417,41.37972229625423,38.415560699365095,182.5135791979787,-1.0771145861796485,-4.6929445530729765,38.2747931206407
1698,28.328300000000002,1732.205218790444,613.0283908729465,14294.5,1678.1513353115727,612.6023738872403,-3.1337114776619277,detected,1731.7694918237275,613.4678010332183,12.971052737094459,-29.762981489222117,32.46664867577595,6.611366872477142,-38.301292288452565,38.86771363082686,41.61220520956935,38.734188727742094,182.2530816447531,-3.6653464094765127,-5.1004956608596945,38.53159881060628
1699,28.344983333333335,1732.1106444537777,612.5164846703066,14286.0,1678.4641744548287,609.9065420560747,-3.0929802029047555,detected,1731.9358797918019,612.8298687448711,6.527520204928476,-27.22326099817362,27.994900596366307,6.832997469982572,-38.402614779042004,39.0057774732447,41.73618770062378,39.03538212130518,182.05437128740112,-5.1700500724053295,-5.451954034496219,38.62288018128663
1700,28.361666666666668,1732.4230203812817,612.1200413976408,14171.5,1678.4466292134832,611.3033707865169,-3.1264636632246754,detected,1732.1073853041485,612.1786180172147,15.512397860146011,-45.487312680319704,48.05965149945052,7.090800663910513,-38.44379038757875,39.092255926454364,41.94128761149648,39.31602100483373,181.8365657831796,-6.165044565125829,-5.8550873415339115,38.651292677508415
1701,28.37835,1732.628241462378,610.9987246705399,14114.0,1678.4104234527688,610.1074918566775,-3.1251561279819344,detected,1732.2865416876703,611.5451492722515,-10.645775828306867,-58.45994009079148,59.42135254607969,7.089472536818913,-38.62249059457566,39.26776541361113,41.78961054212268,39.573549824486136,181.52245079684653,-7.859126719422463,-6.0608223644790495,38.7972142407754
1702,28.395033333333334,1732.0678063278106,610.169428063278,14244.0,1679.01246105919,609.816199376947,-3.134935012108643,detected,1732.443436006266,610.8759758807828,-11.985629681291087,-26.9541149453777,29.498807286832452,7.211792575980873,-38.86637246957825,39.52979712954473,41.40308256095892,39.806003041273414,181.2677318479522,-9.031092258062527,-6.350136455705703,39.01641485447991
1703,28.411716666666667,1732.2283209520122,610.0993557018625,14201.5,1679.3118279569892,614.6129032258065,3.0565029410461158,detected,1732.6026245021449,610.2066917004828,10.202869301434832,-23.510609020296293,25.629031945967032,7.099651250693719,-39.09675431986391,39.73614533682494,42.20260823396539,40.012021177226906,181.09499539599182,-11.243376132970623,-6.351211410418463,39.22528979943226
1704,28.4284,1732.408242066835,609.3849574089675,14244.0,1679.48,610.156923076923,3.1270085505536036,detected,1732.7751280137888,609.5564978084757,17.054940208956147,-30.829959082604834,35.23290170516981,7.136518003112602,-39.380729543537036,40.0221407297256,42.028120390915866,40.19085797649157,180.58995328651375,-12.921129465295044,-6.730658168487904,39.45212274655101
1705,28.445083333333333,1732.7973874569843,609.0706627338062,14239.0,1679.7559322033899,611.3796610169492,3.0980881647514487,detected,1732.9443961812692,608.8592152561658,8.852653571915203,-32.22498436952565,33.41884338035228,7.0939683733122925,-39.64626256869193,40.27592982101367,41.980545283441316,40.34237929404216,180.09861120699017,-15.087748274007916,-7.025723104684155,39.65841320329805
1706,28.461766666666666,1732.7036256076847,608.309717097171,14227.5,1680.1027190332327,610.6102719033232,3.0978844787222783,detected,1733.121242529944,608.180039753613,-9.129824471941488,-55.6637016069277,56.40745847380067,6.923676565284559,-39.75690422008697,40.3552813191265,42.53060575705298,40.4670538302128,179.47957718969818,-17.23985730876212,-7.284501591750227,39.69237668502137
1707,28.478450000000002,1732.4927556471039,607.2133505568551,14321.5,1680.4238410596026,609.6986754966888,3.0938974000252837,detected,1733.2683612955102,607.5063876125085,3.71951730780016,-32.43746256066765,32.650019699500035,6.721583027314317,-39.89984266611225,40.46204546452875,42.60747191889674,40.565935126063444,178.8665943063159,-17.149327492827258,-7.509501635828337,39.75908082885069
1708,28.495133333333335,1732.827733501855,607.2273870963967,14241.5,1680.7413793103449,607.8247126436781,3.1301251709271165,detected,1733.4218982671068,606.820198157977,12.957027973531405,-24.96597719852178,28.128003686432933,6.480716175785349,-40.038443428405245,40.55954430612717,42.45429744813661,40.64063368390902,178.18780521173198,-17.10322191739,-7.743630277819176,39.81347541274355
1709,28.511816666666668,1732.9250884804874,606.3803191176644,14174.5,1680.8344155844156,605.1331168831168,-3.11765431833238,detected,1733.5658789923427,606.1379280985578,12.851740888489475,-57.87983267339711,59.28947861269586,6.394838261708316,-40.018264095081875,40.52598447387957,42.294338613241756,40.69327789521413,177.39340301422595,-17.595476215217317,-8.208172730677322,39.68603429420094
1710,28.5285,1733.2565532561675,605.296130012861,14255.0,1680.8466898954703,600.4634146341464,-3.049642636989784,detected,1733.696786647362,605.4335466322606,24.49661939990492,-32.41447854437948,40.62982625273994,6.243139835847061,-39.98875011012658,40.47316308839833,41.900103162022965,40.72646259639481,176.63549866722235,-18.08731753884099,-8.579234173547135,39.55342806098518
1711,28.545183333333334,1733.7424590144642,605.2987560169003,14161.5,1680.98,605.78,3.1324719520992126,detected,1733.8081343881593,604.7397639170512,13.276434018436092,-29.836490319393576,32.65700315131739,5.962881672069281,-39.939777868274234,40.38244437874196,43.19589631886935,40.74318443980517,176.08903462471002,-16.962208433562736,-8.673137174523866,39.44006219003819
1712,28.561866666666667,1733.6995436045827,604.3005857858706,14169.0,1681.9935483870968,606.5677419354838,3.0977736555156716,detected,1733.9609866808053,604.0926838136705,21.559041185383165,-50.26011489095961,54.68885997792885,5.579210191175636,-39.91163049480279,40.29970018636603,43.953897852881596,40.74676388535224,175.54888344803936,-16.472429997199132,-8.659865375500448,39.358259194090365
1713,28.57855,1734.4618123553498,603.6217435167052,14042.5,1681.99,607.66,3.0647835676599695,detected,1734.0660518625161,603.4337719966142,30.723611671058183,-44.122588123141014,53.76563118571498,5.119000484585007,-39.90845180578975,40.23541588571224,43.66692931148485,40.74075449379025,175.21965496001744,-16.18779120129658,-8.427004720934995,39.343033473914595
1714,28.595233333333333,1734.724688114007,602.8283620954951,14081.0,1682.7475728155339,610.5307443365696,2.9944753499092287,detected,1734.1331532005697,602.7660794964628,5.609845248613169,-58.75893826143808,59.02612293997362,4.726815125243341,-39.87271679957472,40.151915598229145,43.8456449705001,40.728841237788274,174.76060521325857,-15.736979824050152,-8.3481345189032,39.27448250787799
1715,28.611916666666666,1734.6489941918119,601.6611536100486,14118.0,1682.2935153583617,603.2081911262799,3.112052526500677,detected,1734.2024805369786,602.1176424863963,14.966421876731902,-37.18294695604695,40.08198258729875,4.470017706647132,-39.823351237745555,40.073437113661576,43.79942378524528,40.71473068478684,174.50958383215854,-14.105536127024896,-8.259778684957423,39.21296237442553
1716,28.628600000000002,1735.2240677239606,601.5876910987283,13998.0,1681.8592592592593,602.7814814814815,3.1192260164864534,detected,1734.2699982416634,601.4592509919197,-6.882603525638558,-31.241699596923077,31.990842830339997,4.290776781437364,-39.92463341439469,40.15454044889473,44.176913378912616,40.70203713900379,174.09143820015356,-11.963194409352182,-8.377870498051042,39.270834019406934
1717,28.645283333333335,1734.419344654173,600.6187222334979,14781.0,1682.56050955414,603.796178343949,3.08039789664912,detected,1734.3338838678949,600.8260059598908,-15.87342123669729,-38.14252399606503,41.31364954283305,4.021571845769471,-40.0001967935888,40.20185050015132,44.502433429048594,40.694169976911176,173.8607424272291,-10.17739615902446,-8.27634241064278,39.340703348291996
1718,28.661966666666668,1734.6944245686961,600.3150022147263,14674.5,1683.804347826087,609.5398550724638,2.9622696804464517,detected,1734.4295679603065,600.1853044944385,13.615549169023872,-22.5752014951483,26.363287005239933,3.8211701890330914,-40.015529885625845,40.19756178726479,43.86579980002738,40.69422807547879,173.59614692016405,-9.074602533646658,-8.260490303740971,39.339652687622596
1719,28.67865,1734.8736501447795,599.8654630102765,14677.5,1684.3991596638655,613.9789915966387,2.8689390868089095,detected,1734.4983469992503,599.5270630250986,-0.39659154692815246,-49.53220180463763,49.53378948223568,3.7388445933588406,-39.93806171713571,40.11268792558072,43.649230069672065,40.70490708104224,173.21757608068765,-7.964331337053416,-8.429338882823009,39.21701134219126
1720,28.695333333333334,1734.681191630747,598.6622777478449,14848.0,1683.797794117647,608.2279411764706,2.9557696117642207,detected,1734.5649834502578,598.873821232158,17.95596745120468,-48.967684663291436,52.15602466055355,3.517650448746957,-40.13600787245688,40.289862156844,43.76260413706086,40.728424286200465,173.23311123308667,-6.122213303040825,-8.22237605306579,39.44192597553345
1721,28.712016666666667,1735.4727809254014,598.231574598678,14120.0,1683.7795275590552,607.8267716535433,2.9580634279338973,detected,1734.6033687200002,598.2139690560151,27.49948451233044,-33.638775292708054,43.44869217407133,3.4177102070678607,-40.13912229984047,40.28436274860317,43.82036977276866,40.7664643750599,173.15776218879515,-4.656309821347787,-8.175381145198088,39.446077437329386
1722,28.7287,1735.598757763975,597.5398639455782,14087.5,1683.357638888889,605.0416666666667,2.9989680864845227,detected,1734.6509679225533,597.5542787894665,-17.9941180877935,-42.100867843363865,45.78505606550948,3.1404485667676743,-40.39090553846071,40.51280868339504,44.161669396814766,40.820147655600714,172.93327119872683,-3.7561905376156166,-8.08569219908006,39.69772347476748
1723,28.745383333333333,1734.8723771852053,596.8268089749711,14663.0,1683.234899328859,603.0738255033557,3.021199384234441,detected,1734.706806894609,596.8917925856805,-13.43369987619287,-29.413972922066566,32.33645149709055,2.913634278328208,-40.617598198231455,40.721966407589214,44.257000790813244,40.89002084239943,172.80571662034208,-2.4600443342326885,-7.977410100524533,39.93293723467976
1724,28.762066666666666,1735.150519978106,596.5584177157452,14616.0,1683.0311418685121,601.795847750865,3.0414397550731525,detected,1734.7389089403164,596.2201814166112,-16.344251037119097,-51.955998342918285,54.46613907533465,2.715535685572495,-40.788617327978976,40.87891189339467,44.49956777883284,40.976068955013574,172.83214039678535,-0.9171884335345512,-7.783781681581325,40.131012699923275
1725,28.778750000000002,1734.3270240089334,595.093210496929,14925.0,1683.1142857142856,601.7587301587301,3.0121666549986466,detected,1734.7709257038841,595.5533242765534,2.372096740295397,-56.48517963074503,56.5349658252559,2.558995272410288,-40.92712522565323,41.00704861411656,44.37362478895417,41.077745404307564,173.03235236243444,-0.573039143421819,-7.504920225078523,40.31444168602272
1726,28.795433333333335,1735.2296689393406,594.6736955553994,14227.0,1682.9711538461538,601.6858974358975,3.008206435131424,detected,1734.8105100555736,594.864195561825,5.394214407666417,-35.02165898001973,35.43464613607242,2.378495891757905,-41.1211003243375,41.189830475389655,43.85427266255123,41.19401604726443,173.1291672275473,0.4734078377480305,-7.280791113419881,40.54124092025408
1727,28.812116666666668,1734.5070109630026,593.924654475629,14929.0,1683.720848056537,606.321554770318,2.90217463231381,detected,1734.8259479196054,594.1555982815389,-11.393575438951691,-61.790417838410825,62.832072207818214,2.0856187776703825,-41.30392114289705,41.356543707911925,43.95097133719603,41.32341228354365,173.23784256155275,1.5244761407556937,-6.934568865590143,40.77101252253637
1728,28.8288,1734.8495033055276,592.6119552801911,14445.5,1682.7770034843206,599.8606271777003,3.003278030015574,detected,1734.8339790751127,593.4602068487061,6.3637613123734385,-39.45272414592556,39.96266883699534,1.8033134193913765,-41.39659351613549,41.43585276096907,43.99117127839809,41.464088377268375,173.23229852500805,1.6806371967575882,-6.669096525102326,40.89563602106679
1729,28.845483333333334,1734.7193484654588,592.60824857996,14847.0,1683.0404411764705,602.7647058823529,2.947535816985521,detected,1734.8215048834434,592.7427243822062,-20.1181494966037,-16.560606709848113,26.057506284484745,1.6110462948195086,-41.40179116980901,41.43312421520403,44.05356176990206,41.61387901843454,173.44212780075011,2.055488474612288,-6.328868144677233,40.94690721214261
1730,28.862166666666667,1734.1782277173243,592.0593830363058,14841.5,1682.6830188679246,601.611320754717,2.9581854277685986,detected,1734.82063351456,592.0513342677781,-6.145545428057925,-44.58704735446355,45.00858274148941,1.4254248622306798,-41.4274750630928,41.45199061735203,44.31671393994354,41.77035437731732,173.6616205512271,1.9396520125710122,-5.990308494929461,41.016871288246946
1731,28.87885,1734.514292099676,591.1205274332327,14915.0,1682.2364864864865,594.6655405405405,3.0738852530150576,detected,1734.8106386668435,591.3464126735162,1.1324494330737862,-44.11577171685644,44.130304280531085,1.2016390560892223,-41.41033484907602,41.427765673925975,44.13088236740661,41.930871187350824,173.9737892701612,1.3316500325421263,-5.542396920724949,41.05534806948856
1732,28.895533333333333,1734.2160137800745,590.5873867866867,14997.5,1681.9708737864078,593.2847896440129,3.090008718231164,detected,1734.7865944716477,590.6436644612434,10.357231442876119,-22.884771463668994,25.119414963443326,0.9182829566004236,-41.53899943054341,41.54914821364054,44.884328005739455,42.09261944788623,174.16809219785435,1.1932413353031768,-5.134321484122019,41.23069803164569
1733,28.912216666666666,1734.8598783888199,590.3569388920616,14883.5,1682.0549450549452,593.1318681318681,3.0890903794841154,detected,1734.7686633423734,589.9693504922454,19.247907571879622,-14.15998278583208,23.89533549441568,0.6359232731204055,-41.6147260683426,41.61958462253665,45.04669458494817,42.25266512252808,174.4730291260072,1.1584338206909013,-4.64106027808597,41.36000947349579
1734,28.928900000000002,1734.8582522960562,590.1149153610661,14808.0,1681.873188405797,593.7355072463768,3.073366400014066,detected,1734.7207359881095,589.2685187955333,-4.999313221671289,-29.038042532776995,29.465251514686635,0.47160308732510403,-41.61309125025728,41.615763514252784,44.552755336764804,42.40798975513752,174.75371068864968,1.9769851169548418,-4.274608957558554,41.3956457992163
1735,28.945583333333335,1734.6930679709901,589.388036206218,14822.5,1681.602189781022,591.0583941605839,3.1101407885756767,detected,1734.6728450880726,588.5545286331746,-40.02896729696578,-65.78672054797198,77.0078620877019,0.36523550130231813,-41.67242848196754,41.674028993560384,44.839541778242264,42.55552809460108,175.42505067162205,2.2455464068142947,-3.687994231670466,41.51052145063076
1736,28.962266666666668,1733.5226190872474,587.9198317854488,15020.5,1681.6012861736335,591.1768488745981,3.078944897684194,detected,1734.6383629648176,587.8735631703692,-25.937755862881062,-60.61726870430956,65.93345466736055,0.3112782791076565,-41.69257542620228,41.693737417466075,45.29314503833953,42.69220449309957,175.8610167631159,2.026061076060872,-3.319672775040421,41.56137043581776
1737,28.97895,1733.827611517032,587.3654400071175,14986.5,1681.376923076923,594.3807692307693,3.0086308251456155,detected,1734.58550054725,587.1801302177339,28.35387190719127,-28.67067573890279,40.32306659289097,0.3180020368676069,-41.74852693359269,41.74973804014064,45.013801097707095,42.81496832029331,176.1877935765958,1.7531938241775353,-3.0930107022866595,41.63500824085311
1738,28.995633333333334,1734.468693279884,586.9631869049607,14967.5,1681.3946360153257,591.4980842911878,3.0563549764933904,detected,1734.5567929651013,586.4821188770948,27.648964530060976,-39.306596605548656,48.05698467752527,0.4369929352499119,-41.786257319497935,41.78854225259303,44.629289196226495,42.92082843053322,176.59369683465567,0.4246057220437961,-2.9190011267353047,41.68646897998044
1739,29.012316666666667,1734.750165300185,586.053909900379,15124.0,1681.2093862815884,589.6281588447654,3.0749340517092443,detected,1734.5385952918994,585.7754419085562,15.001665190908708,-58.144491180136185,60.04857877666262,0.604204944440923,-41.81871062629125,41.82307523437715,44.2110159432749,43.00688691652548,176.86005009617125,-1.7185251562264048,-2.8939192785392556,41.72283371572058
1740,29.029,1734.969248841754,585.0230990492502,15181.0,1680.5592105263158,583.3815789473684,-3.1114323671767288,detected,1734.510836737678,585.0479452714046,-2.9863391328321707,-62.77005126376652,62.84104993610595,0.8253197128507914,-41.90616722297083,41.91429355181851,44.19508882757731,43.07037256709279,177.3657521439562,-3.3018515084265405,-2.750459319205527,41.82395219824892
1741,29.045683333333333,1734.6505211177862,583.9594825232114,14648.0,1680.7474747474748,585.1818181818182,3.1189199794749394,detected,1734.5161518288464,584.3378324973585,-21.223085107757687,-43.7312735196896,48.609089943600374,1.0984130688512006,-41.90381809676781,41.918211822033015,44.40285699800861,43.108674358860064,177.73093491242534,-4.217545854640492,-2.7566205937309882,41.827473331042206
1742,29.062366666666666,1734.2611052353252,583.5639322228099,15128.0,1680.9117647058824,585.5808823529412,3.10380418288666,detected,1734.5196698628613,583.6140543596018,11.962587671557078,-13.722368476847194,18.20458459877783,1.1660228066902225,-41.92058591201661,41.936799262610485,44.11864352872857,43.11937517959392,177.9582804336749,-5.228817397258318,-2.658795136636445,41.85243052456913
1743,29.079050000000002,1735.0496727930938,583.5016128283672,14364.0,1680.7844522968198,583.0918727915194,-3.134042103780266,detected,1734.5186402995978,582.8939634112148,9.431540292948798,-53.317179740617995,54.144949974959644,1.354718715932848,-41.834421288068086,41.856350382073,44.46318953895146,43.100286032488754,177.81448728347442,-6.651044676060613,-2.949094937656579,41.75232815491312
1744,29.095733333333335,1734.5758042964333,581.7849156587979,14593.5,1681.2181208053692,584.244966442953,3.095520377504597,detected,1734.5434410851267,582.1957257930811,10.355673305734303,-51.07571334877758,52.11495431928915,1.4957724913011319,-41.7671079457512,41.7938828238986,44.19889327481542,43.04948099329984,177.5134102230124,-9.310284181327157,-3.306453294268123,41.662885259071885
1745,29.112416666666668,1735.3952070923951,581.7973865262963,14438.0,1681.5167286245353,583.1524163568773,3.1164482121036645,detected,1734.5543507507082,581.4684000186462,0.42867355096286364,-47.4905122831416,47.49244695663215,1.6702200985695355,-41.69881487121243,41.732251279332054,43.75644590667198,42.96533288032901,177.2557076659227,-11.126852587848923,-3.6647865635804746,41.57102520127104
1746,29.1291,1734.590107703917,580.2003155656171,14577.0,1681.5352112676055,580.3169014084507,3.1393952003289636,detected,1734.626951886607,580.7529926310905,-26.65650056252224,-69.31456748726053,74.26357309061923,1.806768028757529,-41.597190425813935,41.63641029232908,43.83928142556484,42.846549087053646,176.76388679739202,-12.020853481175012,-4.152081824594911,41.42886528198709
1747,29.145783333333334,1734.5057685236256,579.4845904578048,14504.0,1681.2088353413656,579.132530120482,-3.1349871099725495,detected,1734.692396340156,580.0456779254583,9.160449985204746,-35.99039879654234,37.13788698170096,2.05362642424496,-41.519548765812765,41.57030564245422,43.36492816526601,42.69220676340343,176.38391815361368,-12.929503185574541,-4.6682024817688985,41.307362501087724
1748,29.162466666666667,1734.89576138509,578.9994359257724,14478.0,1681.2014925373135,579.3507462686567,3.135049956620918,detected,1734.7468610206656,579.3142858545849,13.898815253659258,-37.38036666266236,39.8806830093271,2.16844344576889,-41.306328403327086,41.363207239538426,43.49344215241736,42.501786737670834,176.02920424671547,-13.718795692079011,-5.023618512845426,41.05701121828525
1749,29.17915,1734.969525659256,578.2373322234939,14416.5,1681.8245614035088,584.4561403508771,3.025106454084478,detected,1734.808799984595,578.62975914159,-5.907705408171968,-41.46975814907162,41.88844499539505,2.354164730557475,-41.16320954504978,41.23047309488794,43.30627430175152,42.27520606114915,175.73314625639014,-14.564340967955271,-5.410257970589555,40.8739650672644
1750,29.195833333333333,1734.6986409479707,577.6157283288651,14360.5,1681.6038338658147,579.7316293929713,3.101762354991438,detected,1734.8535366117212,577.9045870192427,-10.980694362229018,-32.14958418052706,33.97309835233583,2.391177002486551,-41.03028159778416,41.09989945791457,42.663451609114084,42.012849457219474,175.35701082668606,-15.66511344415641,-5.7045996594208965,40.70207953135099
1751,29.212516666666666,1734.603136490703,577.1646077646703,14368.5,1681.668941979522,578.8293515358362,3.110153708145133,detected,1734.9397374407615,577.1954933295224,-2.548945530800499,-34.142026084799845,34.237042344427785,2.504479746211457,-40.87347185715402,40.95012967570122,42.58527838956652,41.7155999911749,174.77388747134648,-15.928891419742333,-6.217087830907557,40.475436246685796
1752,29.229200000000002,1734.613591132093,576.4765227251689,14404.0,1682.0576271186442,578.7830508474576,3.097733711511547,detected,1735.0159000899284,576.472897132549,16.05782316001186,-22.446418001845856,27.598829064868006,2.452132598796748,-40.63771403094756,40.71162924697505,42.507313050628674,41.38486890239596,174.07305645201262,-17.63133574675548,-6.635286456591842,40.16727187128998
1753,29.245883333333335,1735.1389325234754,576.4156456173421,14323.5,1682.51582278481,581.1424050632911,3.05201017573917,detected,1735.1261554537552,575.7605777544112,8.362634344416142,-37.365668568006505,38.290035788864415,2.3148970609957953,-40.62438905994444,40.69029042531818,42.63158639307171,41.02262384605149,173.42741608610078,-18.076361415933732,-6.94962374715404,40.092424030853174
1754,29.262566666666668,1734.8926243647184,575.2297549172831,14396.5,1682.8293515358362,581.5563139931741,3.0206687900444633,detected,1735.2201520011045,575.0500929212376,-9.630195468557362,-45.30100512666948,46.31329971238453,2.1926684332264363,-40.401019029743416,40.460476189730606,42.564390938043445,40.63141386655161,172.58821993049662,-18.63246195505079,-7.3860584896819965,39.78060172353799
1755,29.27925,1734.8176050013412,574.9041020796155,14289.5,1683.304659498208,584.4086021505376,2.9591375953705827,detected,1735.2807933053539,574.3505830445558,-5.187663221179107,-47.01638069350365,47.30171141949133,2.0404297031831473,-40.15177442643081,40.20358619532113,42.50602538206833,40.21438839550838,171.69600483608747,-18.84309007212493,-7.817965282832654,39.43612255028426
1756,29.295933333333334,1734.7195293352383,573.6609750148099,14348.5,1683.1589147286822,580.3100775193798,3.0133434459658948,detected,1735.335381748529,573.6503593912424,-10.412809654173921,-68.78516640357203,69.56885597780915,1.9923237765958621,-39.93837808426775,39.98804068759443,42.135437465090405,39.77530667784121,171.13861984589937,-18.697591249913746,-8.120827666268438,39.154764155176274
1757,29.312616666666667,1734.470164252547,572.6089703606164,14429.0,1683.0851063829787,580.7446808510638,2.9845677568642217,detected,1735.382242598986,572.9514920313452,15.63793544798548,-32.51934166148937,36.083966067660015,1.8687425091569412,-39.6470015528738,39.69101826231103,42.2872866410955,39.318533580165195,170.52389075159113,-17.857156270488264,-8.370579416228697,38.798328970919826
1758,29.3293,1735.2413151146861,572.5759129813715,14234.5,1683.2260536398467,577.7164750957854,3.0430845721546422,detected,1735.4634301833187,572.2745738902229,27.48786815810253,-21.805422726645002,35.08645545171118,1.7421377428270723,-39.27105947175096,39.309682725109646,42.53984420136279,38.849017910214265,170.0252384309811,-17.431858696019695,-8.518115248928257,38.37568069174486
1759,29.345983333333333,1735.3873427867557,571.8813960889706,14139.5,1684.5873605947954,584.3048327137546,2.9017443527740387,detected,1735.5423688514577,571.621703673078,2.568343515890915,-54.622013080088124,54.68236188513566,1.6001222661109542,-38.805013260442834,38.83798971895492,42.60354395313819,38.372250102798425,169.5031759781605,-17.034894283903952,-8.642881212022944,37.864099748502
1760,29.362666666666666,1735.3270121766664,570.7533584782659,14317.0,1684.4584717607972,581.405315614618,2.9351735897518294,detected,1735.6260083343154,570.9782746380284,13.899402746931724,-53.09436956445501,54.88356289608337,1.3486113172885004,-38.31121228499991,38.33494149247455,41.77199637377879,37.894197119277294,169.0369857050145,-16.101490083836566,-8.609845400376999,37.35556586926577
1761,29.379350000000002,1735.8511195250783,570.1098139578366,14262.0,1684.5694915254237,579.6983050847457,2.9567498729317316,detected,1735.6450301382688,570.3326053948073,17.518402573871267,-37.07004366065161,41.00100688693921,0.9999605355902443,-37.970578279254916,37.983743047964126,41.56558968674073,37.4212134760578,168.5086266427515,-15.175488496480016,-8.54442950573787,37.01023453526388
1762,29.396033333333335,1735.9115428758812,569.5164546881222,14231.0,1685.7725631768953,584.0361010830325,2.859715320651747,detected,1735.6582207598155,569.7123478830363,5.259725091857578,-34.526212446227014,34.92454801316572,0.6998083959394683,-37.664210293065985,37.67071102051732,41.88270717287706,36.95992861576368,167.74722314717494,-14.118744586559934,-8.677155632157358,36.657733685085404
1763,29.412716666666668,1736.0266190189766,568.9577893358809,14131.5,1686.3464285714285,585.0928571428572,2.8275609232990293,detected,1735.6743066742795,569.1201235917767,18.44284197122388,-33.830149387297766,38.5307335453456,0.526145508495145,-37.36035881666673,37.36406348359607,41.76058678448855,36.51711258433646,167.27819458385895,-13.504473591196767,-8.740632149860959,36.32732566026591
1764,29.4294,1736.526919036321,568.3876553702327,14119.5,1686.957627118644,588.0084745762712,2.7646896419078164,detected,1735.697571646879,568.5277191653369,9.998267690000127,-38.008509357481,39.30155391811654,0.36737411771071576,-37.07502456644139,37.07684466543231,41.18175711975309,36.099524051879406,166.78063643561472,-12.223833066937306,-8.835951702465932,36.00858741822964
1765,29.446083333333334,1736.360227884233,567.6895720736529,14247.0,1686.2592592592594,584.262962962963,2.8221240008381567,detected,1735.7153905737996,567.9316136667536,-20.407389322110962,-36.904910984598374,42.171483181473924,0.27627522176789954,-36.836832044743325,36.83786805843671,40.857815263498246,35.71374671764152,166.48442299050893,-9.873431706270852,-8.877749635909876,35.75211999997894
1766,29.462766666666667,1735.8459924792733,567.1562615070466,14936.5,1686.4423076923076,582.5884615384615,2.838826758310011,detected,1735.7297673418736,567.3410782249199,2.5039780805557097,-27.27248146238712,27.387189548110857,0.07809431028464174,-36.71970137614079,36.71978442031291,40.98988740622138,35.36602175927752,166.16984234626744,-7.874897234404747,-8.853475890341453,35.636477555075466
1767,29.47945,1736.4437772861875,566.7795802755246,14239.5,1685.8068181818182,579.0984848484849,2.9029496503756644,detected,1735.7114155638628,566.7690148117312,4.777995254753423,-42.981285081977475,43.24604150616176,-0.1182052752228613,-36.597066575623884,36.59725747139719,41.60397911109027,35.0620850649197,166.10019079984542,-7.010769792466203,-8.676779457854904,35.553800818864424
1768,29.496133333333333,1736.0054182542735,565.7221192948113,14303.5,1686.2874493927125,580.6113360323886,2.8506189088010094,detected,1735.7121555030208,566.2241152019305,1.1018911054811547,-36.5666742498701,36.58327253956993,-0.20089702332783027,-36.399976164128404,36.400530550571624,41.61492899641424,34.807018365603966,166.1776709816374,-5.818617362677031,-8.501308349387726,35.39387490388314
1769,29.512816666666666,1736.480543719407,565.5594722447206,14198.5,1686.3024193548388,580.0967741935484,2.8595991234325484,detected,1735.715395432414,565.6582296248234,-15.963836144962626,-25.96052440700426,30.476103621524178,-0.4713826226515906,-36.40223418826046,36.40528609246048,41.138458559017245,34.60512289321601,166.2753412531278,-5.415625498354108,-8.178734506298985,35.47468332979691
1770,29.529500000000002,1735.4727582549033,564.8559031304309,14769.0,1685.1433333333334,573.9466666666667,2.9628941811553178,detected,1735.7099805103883,565.0981040589115,-11.614512247781583,-46.06602067126943,47.507632599822216,-0.47924428998437707,-36.220081910929096,36.223252321180325,41.229062406606445,34.45982274144558,166.29085415057313,-4.013525476378084,-8.118322841161786,35.3017965969236
1771,29.546183333333335,1736.0930061607394,564.0224026883226,14284.0,1685.2948207171314,575.5338645418326,2.918744726954695,detected,1735.699385480689,564.5417768726822,14.924310815378655,-16.89364594838636,22.541746310866408,-0.7261878211669075,-36.337632824705196,36.34488833460221,41.123481824109014,34.373602750813326,166.33923839310256,-1.99006751990045,-7.876313395218578,35.481186498692566
1772,29.562866666666668,1735.9707327591098,564.2922184772864,14686.5,1685.2337164750957,576.448275862069,2.9064358329292745,detected,1735.6676522307139,563.9760084390716,3.5000434671589002,-38.47476566970063,38.63363686750674,-0.9404310349872275,-36.45703465742575,36.46916213109796,41.23206251557972,34.347982664742645,166.59889711173471,-0.43416460215220803,-7.534699575049698,35.682321797467935
1773,29.57955,1736.209790944427,562.7386280071436,14278.5,1685.5315985130112,576.6394052044609,2.8738819495134367,detected,1735.6498351142375,563.416160494461,3.8344639578277384,-45.132318309598624,45.29491439270871,-1.1456889021825198,-36.584590266150265,36.602525158828605,41.32567153837425,34.38352587552195,166.79299815233603,1.633600063890148,-7.243089099079415,35.87871943513979
1774,29.596233333333334,1736.098676039836,562.7863034563561,14225.0,1685.4082397003745,577.063670411985,2.8670471497033065,detected,1735.623898707735,562.8461041303509,-13.721267610407748,-20.94184454559812,25.036653886021238,-1.3230883769897182,-36.726123707637655,36.74994864543391,41.29688638625473,34.47987780850023,166.86041980377865,2.7738985825591955,-7.0602834869367985,36.06537290152588
1775,29.612916666666667,1735.7519579818263,562.0398684608055,14343.0,1684.571955719557,571.1918819188191,2.9646428146453596,detected,1735.5651854248993,562.2685784088728,-20.99862634405316,-23.61949445817667,31.604158378241966,-1.4501405335193274,-36.85353486547984,36.88205443909129,41.5013530896967,34.63582644687586,167.1848352449385,4.258045625017373,-6.760338281314688,36.25718916256864
1776,29.6296,1735.398021874156,561.998199657935,14812.0,1684.9314516129032,574.3145161290322,2.9022227177543267,detected,1735.5069233242994,561.6988155885606,-37.51839798065452,-45.549521208199124,59.01177059986391,-1.6397780144389185,-36.98831436076149,37.024644106151136,41.41136506199554,34.84937613104171,167.56734038907274,5.962295287032491,-6.361963892534157,36.47395902033729
1777,29.646283333333333,1734.5000941025385,560.5200327698252,15054.5,1683.8241758241759,570.5384615384615,2.946413410624071,detected,1735.4328501850343,561.1072661458147,-20.220061130067414,-41.375615997216904,46.05206261670388,-1.7825930680841526,-37.05096993629512,37.09382713156768,41.8593126044196,35.117825756263386,168.0182552409178,7.481735258394963,-5.94802529234858,36.613836269752014
1778,29.662966666666666,1734.7233458344494,560.6176332708278,14932.0,1683.626923076923,568.4807692307693,2.9889022622607553,detected,1735.3875510597798,560.5567267127979,17.461920517112624,-14.605592205976084,22.764928988099832,-1.9357464394581843,-37.15441410797191,37.20480616781301,42.12311093308418,35.437843796305394,168.5542886515392,8.05139011802384,-5.475647245409127,36.799658819456205
1779,29.679650000000002,1735.0827401837928,560.0326928432191,14962.5,1683.215139442231,566.3386454183267,3.02060854495175,detected,1735.3065287088248,559.9711470009213,22.669497437099896,-35.533143834426355,42.14867049870862,-2.007831696537527,-37.2681296787078,37.32217675686403,42.06489238942752,35.805535009214225,169.11309928510298,8.075396165623093,-5.067171997009335,36.976595919896766
1780,29.696333333333335,1735.479751398934,559.4320107048858,15071.0,1683.2992125984251,569.8228346456693,2.945031684428763,detected,1735.209936421546,559.3936985742262,7.006393366520785,-25.00858001925704,25.971496348612817,-2.037831340855848,-37.3442399581581,37.39979966024239,42.095782699358764,36.21649675314987,169.60332919605375,7.344653815786388,-4.7348418700846,37.098871776531965
1781,29.713016666666668,1735.316520175789,559.1982398899099,15018.0,1682.6705882352942,566.4078431372549,3.0054941198834544,detected,1735.1127767157502,558.7997477626079,-24.23575195896612,-21.74358590791003,32.56002458769332,-2.106815275221552,-37.546244669583004,37.60530759603087,41.878185854367985,36.665865781309236,170.08755579618293,7.55498770779934,-4.387960583986432,37.348426490355365
1782,29.7297,1734.6710851419032,558.7064997217585,14975.0,1682.4980079681275,568.6334661354582,2.9535702194967057,detected,1735.0096009987092,558.1945184631803,-22.675051848404795,-28.309053437636962,36.270655947512594,-2.2445142645261136,-37.86859817013947,37.93505729078515,42.29704440601081,37.148358550163756,170.68404412070876,6.704561790661276,-3.9152064223481338,37.732475804345995
1783,29.746383333333334,1734.559929279114,558.2536611402074,14988.5,1682.1620689655172,567.8241379310344,2.96093393138979,detected,1734.919693207104,557.6021185934388,-20.90234802910952,-24.999487870527815,32.58653935168148,-2.229281713619557,-38.12698242668716,38.192099784164654,42.59897899433926,37.65830925218288,171.2608946939491,6.952276147848432,-3.589439477383441,38.023051036993216
1784,29.763066666666667,1733.9736434626652,557.8723501431452,14961.5,1682.077519379845,566.2403100775193,2.9817242787469254,detected,1734.842364828046,557.0021261759318,-1.7621139926047036,-36.21919138659613,36.26203069909092,-2.228145293225592,-38.41334114099561,38.47790806504727,42.29919347404418,38.189710042358854,171.60302084922822,5.87104320939092,-3.405273983373206,38.326929412103844
1785,29.77975,1734.501133408894,557.0451474542747,14999.0,1682.0441176470588,564.0955882352941,3.007989153698532,detected,1734.7619834938962,556.3699212152325,17.411124624309572,-53.03463334557064,55.819527002495754,-2.2271264753196918,-38.74650625261337,38.81046043428082,41.9677609668368,38.736257399943376,171.94338738095595,5.213342707366402,-3.225235825298968,38.676216115231405
1786,29.796433333333333,1734.5545946542964,556.1027612105147,15090.0,1681.438596491228,558.6421052631579,3.0938215077514664,detected,1734.686227014662,555.7248709944845,8.321153921744123,-55.2385889799844,55.8618234135712,-2.073156073850981,-39.08278292241615,39.13772984049086,42.16439621272781,39.291407450253644,172.22307919646144,5.167949140747667,-3.2344565554735,39.00384837241068
1787,29.813116666666666,1734.7787825780829,555.2020198686425,15149.5,1681.7191011235955,563.0337078651685,2.995049259214852,detected,1734.6133754351565,555.0736448250143,1.3592770068958537,-42.05112248008696,42.07308564648843,-1.8772173156051464,-39.44135773793552,39.48600568634176,42.43110314648028,39.84844169270748,172.43165634991743,3.6532918371692213,-3.3339067217796834,39.34500871816253
1788,29.8298,1734.599949197093,554.6996554237625,15091.0,1681.1007194244605,559.4856115107914,3.0523717426685906,detected,1734.5447137689705,554.4108393346453,1.429722209726075,-31.653653035251548,31.68592520462474,-1.6196014523162472,-39.78505678319612,39.81800914293034,42.814774834655594,40.40054331430091,172.48807714446372,2.0032516150658117,-3.5954985122969285,39.655343177868914
1789,29.846483333333335,1734.8264876424807,554.145842979033,15119.0,1681.177304964539,557.5744680851064,3.0777712021244867,detected,1734.5210297199678,553.7522852671447,-5.3011963181616535,-46.66777102193713,46.96789897961847,-1.3763617109065953,-40.19787577723772,40.221431955631374,43.42089335066436,40.940883304972225,172.36824272703407,-0.2891855812181424,-3.974339830073831,40.02459508198145
1790,29.863166666666668,1734.4230659466104,553.1425074639972,15184.0,1680.9444444444443,556.062091503268,3.087053314744941,detected,1734.5202731399295,553.0760004066557,0.1665980462176039,-55.08037298843598,55.08062493703418,-1.2479029526154901,-40.616456053011476,40.635621861678935,43.09506292949506,41.46271484089698,172.38724462062376,-2.7674498429852656,-4.143844444794221,40.42378405472089
1791,29.87985,1734.8320464639562,552.3079945336522,14635.0,1681.5444015444016,561.7297297297298,2.966592282588558,detected,1734.4763108091533,552.3697051538082,11.546937341704592,-46.89437930413216,48.29507813735341,-1.0204783581836827,-40.92201104480806,40.934732978619934,42.955506260936026,41.959473720075046,172.23125895320905,-4.528623931728645,-4.520521864114947,40.68436119821685
1792,29.896533333333334,1734.808348755912,551.577798341216,14589.0,1681.6702898550725,561.7391304347826,2.9526485317589017,detected,1734.4779187137285,551.6514914106092,-24.559222413208808,-48.85601722864546,54.6814943558345,-0.7850346059077427,-41.136777114088616,41.14426704495631,42.802239270187954,42.42488209721164,172.12527451559757,-5.724121949096983,-4.858419198619506,40.856412881665996
1793,29.913216666666667,1734.0125870761021,550.677832092123,15240.5,1682.0627450980392,563.121568627451,2.9064886476115066,detected,1734.4648053591616,550.9155677672201,3.4859765641895306,-28.55591364149237,28.767902886836374,-0.5563068808460689,-41.43672042752356,41.440454596136185,42.992335825184114,42.853052565013805,171.92182714506575,-7.641293931820804,-5.2720696719516305,41.103729253055775
1794,29.9299,1734.9246641739371,550.6249826893782,14442.0,1681.9885496183206,558.4083969465648,2.9956045906605815,detected,1734.47377725873,550.1828686598941,3.069061365692562,-51.84126900754567,51.93203548850268,-0.23271070618006187,-41.65564463698646,41.65629465513789,43.44051441979112,43.238589765692325,171.5396018973267,-8.845576465180068,-5.898441093739864,41.23657693188598
1795,29.946583333333333,1734.1149914236707,548.9480617495713,14575.0,1680.9757085020242,554.336032388664,3.040544624265698,detected,1734.489327533223,549.4464506621366,-15.549937427185904,-67.31749220004151,69.09012454824529,-0.2021691510648072,-41.91564429270916,41.91613184489432,43.41579595493119,43.57668695458793,171.2379082045467,-8.783144540680619,-6.18528288251334,41.45725973218505
1796,29.963266666666666,1734.4058145951167,548.3788223663034,14498.0,1682.003937007874,557.3700787401575,2.971664641499249,detected,1734.5284785380384,548.6819693150153,-1.7494319784965588,-42.422284198948034,42.458340863765535,-0.07833853832574576,-42.1382851770754,42.138357995905814,43.95535051150836,43.86321510713277,170.92820072189363,-9.49181070262775,-6.566671060281765,41.623551575726665
1797,29.97995,1734.0566187099882,547.5325715334664,14527.0,1681.721649484536,552.9278350515464,3.0388645659390354,detected,1734.5845759441856,547.9564498843351,-8.128367230506433,-43.71830780142944,44.46752512625924,-0.0478529348322621,-42.30822112725303,42.30824818940051,44.11345070020255,44.09480236674107,170.61587154692506,-10.562778169397129,-6.851255664703533,41.74982827117711
1798,29.996633333333335,1734.1345980751921,546.9200881626624,14443.0,1681.4788273615636,552.3355048859935,3.039107331440143,detected,1734.6359274103363,547.1832466098072,20.030361734458804,-35.174577038825376,40.47797254153836,0.10724173743285335,-42.54979744968983,42.549932594539776,43.9427837472647,44.268902048320626,170.1834296002785,-11.830429768700423,-7.360177158687001,41.9085260536877
1799,30.013316666666668,1734.7249651131947,546.3589131462709,14451.5,1682.1170212765958,553.8191489361702,3.0007237514544376,detected,1734.6856196383842,546.4262819519129,7.929885850354002,-43.27135374794309,43.99196682099214,0.2796939036154684,-42.69424498698944,42.695161127331424,44.366947920551745,44.38384794502424,169.67205332226297,-13.082482605074496,-7.929475911764267,41.95235625627651
1800,30.03,1734.3991919330656,545.4762673259394,14561.5,1682.429906542056,552.1464174454828,3.013942606914726,detected,1734.7522301408615,545.6604764896723,-0.7849102533529528,-29.81729979197538,29.827628987070923,0.2942600678654832,-42.84569867458189,42.84670913734926,44.02992087514052,44.4388960357287,169.3184082513182,-13.587220213627239,-8.230650376256257,42.04874407499517
1801,30.046683333333334,1734.6987752744078,545.364009243212,14425.0,1682.9546925566342,552.6925566343042,3.0008977806728137,detected,1734.7856889930279,544.8868528487923,-9.426362309730232,-48.643330768188996,49.54825864364705,0.3825590741443569,-42.77707478644575,42.77878538166299,43.3326475117262,44.43425170204199,168.7110396437404,-14.000933309210751,-8.749077754232871,41.874552143047104
1802,30.063366666666667,1734.0846656439976,543.8532015226408,14667.5,1683.3952702702702,554.6587837837837,2.9315639584682005,detected,1734.8136164041382,544.0974558068446,4.519446078593755,-51.01636038348969,51.2161538934291,0.22516802424256624,-42.87687794839516,42.87746917952034,43.376719502115314,44.37108133510819,168.17700439447273,-14.06024786373838,-9.0053876176285,41.92112065650178
1803,30.08005,1734.8495741252302,543.6617633517495,14480.0,1684.041237113402,556.487972508591,2.8943160187924715,detected,1734.8388016659667,543.3250549930186,33.805063431036494,-27.313744943822854,43.46059107320803,0.1251234538411095,-42.835386317969345,42.835569062268526,43.644869897929375,44.25150694783707,167.74819309378958,-13.870060110086163,-9.21230636288305,41.83323306134443
1804,30.096733333333333,1735.2126279271465,542.9418328996819,14412.5,1684.8376383763837,557.3284132841328,2.863408140443039,detected,1734.8689308015162,542.5574582362378,6.476528907661212,-48.38379544100728,48.81533660612214,0.10020972682791966,-42.77964201936423,42.779759387989834,43.539710570992156,44.07858228652045,167.29068670431002,-12.846009686391309,-9.509479870175204,41.709442646636234
1805,30.113416666666666,1735.0656743064492,542.0473573772013,14376.5,1684.2312925170068,553.7755102040817,2.9148471919458965,detected,1734.9001760928008,541.7882803954983,-10.21640520799314,-58.01391069266006,58.90661057326119,0.20165530891154967,-42.677161690942064,42.67763811246383,43.521651517670364,43.85624903370073,166.77455065804165,-12.702513961150856,-9.960128204320377,41.49911614735821
1806,30.1301,1734.8717405400398,541.0061020795702,14394.0,1685.2801418439717,557.8262411347517,2.814595498524033,detected,1734.9444254369819,541.030444530969,1.8384008402923293,-56.57817529776639,56.60803509815873,0.20766258578135122,-42.46518539792275,42.465693149052505,43.63813587178596,43.589271990292104,166.40020302840983,-12.123642246025934,-10.187047278593754,41.22570996809128
1807,30.146783333333335,1735.127015614487,540.1595322614324,14367.0,1684.6909090909091,553.8181818181818,2.877125131604429,detected,1734.9686874346341,540.2898830624554,0.07110406229614752,-49.88119960154171,49.88125027980473,0.11426333424363043,-42.235780421556996,42.23593498346556,43.47575430674709,43.28315265334493,166.09256986140866,-12.72961978541783,-10.262449270934159,40.97018841656739
1808,30.163466666666668,1734.874113045585,539.341732719532,14445.5,1685.1696750902527,553.7509025270758,2.8594302001560137,detected,1734.99774846774,539.5491095683086,-6.360956240475682,-39.48376878893386,39.99287139067704,-0.05851188185143115,-41.87737401038813,41.87741488733813,43.79494833552036,42.94402150545455,165.53623956917582,-11.960663546396912,-10.40295384002242,40.564719018484666
1809,30.18015,1734.9147717079297,538.8420905095084,14864.0,1685.2801418439717,552.4929078014184,2.8732022038162377,detected,1735.0103424318272,538.851438469348,15.569377861069837,-35.36812860886754,38.643370042921546,-0.3711358239788366,-41.5705527612015,41.572209451407296,44.24252545151431,42.578510625295,165.17314487112134,-11.66071113020294,-10.279079991186798,40.281374271571984
1810,30.196833333333334,1735.3936112868828,538.1616161616162,14223.0,1684.9223300970873,549.4822006472492,2.9209469181115866,detected,1735.019195820157,538.1596725398342,20.46171868773949,-46.317773352005155,50.636133935598856,-0.5528658718892193,-41.271010578571286,41.274713504140074,43.94526034157553,42.193609673306504,164.8744856653298,-11.10683073269006,-10.235314387798587,39.98550130024339
1811,30.213516666666667,1735.5975110548106,537.2966208053298,14209.5,1685.9787234042553,552.4148936170213,2.8458400743531262,detected,1735.0101850355318,537.4678414902847,14.718606538466515,-45.68050671356285,47.993187767036794,-0.6559335462327508,-40.98847211000612,40.993720186509336,43.89354616721261,41.796509578913586,164.5905240186345,-8.831480517796733,-10.25892123345769,39.68928860354559
1812,30.2302,1735.8847221250496,536.6374099209403,14293.0,1685.9038461538462,550.9519230769231,2.862659326987535,detected,1735.0072623417955,536.7947595052515,-10.12335120960686,-56.42978612006965,57.33064626593576,-0.736008008787391,-40.81557688797957,40.82221239089782,43.95680476797294,41.39443921723738,164.46117535368631,-8.727985667949326,-10.22503117216616,39.52090284919869
1813,30.246883333333333,1735.25972856945,535.4137469417901,14442.0,1685.6953642384105,550.1158940397352,2.8532328788565713,detected,1735.0018410479167,536.1235178845864,-38.54403738219556,-57.23237746314703,69.00136120254606,-0.8743320029032874,-40.55207966486912,40.561504183119155,44.31642442570393,40.99450109386063,164.18711649491792,-6.686023130157412,-10.209059564120114,39.255709449880534
1814,30.263566666666666,1734.5986360777304,534.7277562595866,15103.5,1686.7225806451613,553.1096774193549,2.775000232360264,detected,1735.0007798269096,535.4859732239743,14.246575723151548,-21.994968584497226,26.205792544178298,-0.9848683490308263,-40.365969826045294,40.37798268440515,44.240132295871625,40.6035126795899,164.25097035161244,-5.492046963954433,-10.008402815684134,39.11794164755001
1815,30.28025,1735.735089312746,534.6798481566874,14313.0,1686.1062271062272,550.0695970695971,2.840898717798579,detected,1734.9717347584622,534.8285386262019,16.89617866880659,-11.695168369464204,20.548912788718308,-1.0971344068609905,-40.13383066533142,40.14882399000268,44.00070147898847,40.227860517980425,164.28313230735367,-3.616946301406094,-9.815491678708632,38.930504631784785
1816,30.296933333333335,1735.1624052393129,534.3375274749922,14862.0,1686.1062271062272,549.5201465201465,2.8414481979733415,detected,1734.9462287545407,534.191641499205,-6.449627964778207,-35.14912604705055,35.73595895950599,-1.1137665212576608,-40.01049983813045,40.02599871534639,43.96248077312916,39.873374249191684,164.1516386232563,-2.7043481116945136,-9.855130577075233,38.79377494482469
1817,30.313616666666668,1735.5198867263211,533.5070389842508,14360.5,1686.4065934065934,550.5494505494505,2.8075911407632734,detected,1734.9416658093533,533.5440184571997,14.64355995760759,-43.49934365676405,45.8980037343816,-1.248747855028988,-39.81628569768325,39.83586296247359,43.71208053731729,39.54522676472885,164.01865175172017,-1.8471048736844802,-9.76191019564845,38.62125175725238
1818,30.3303,1735.6510120232317,532.8860993749781,14319.5,1685.4484126984128,546.2619047619048,2.8812051501523928,detected,1734.8816090030427,532.9127954076617,-25.47620055637409,-45.83216056489418,52.43685475726816,-1.3737161843213104,-39.74003674900596,39.76377267020083,44.58940589564291,39.24786460154816,163.89616545630668,-1.744398417766185,-9.70323741914854,38.561701214482824
1819,30.346983333333334,1734.6698308344235,531.9777725600688,14906.5,1684.839552238806,542.9365671641791,2.9251163646379545,detected,1734.8468342679282,532.3145332775202,-30.72555399577076,-34.63090470521248,46.29642782168547,-1.3583196945385414,-39.61154211873088,39.634824352033675,44.651965199205435,38.98496978427762,164.0281360619235,-1.28207922438436,-9.59383663707937,38.45617765714106
1820,30.363666666666667,1734.6258027049062,531.7305815213142,14923.5,1685.1194539249148,545.0989761092151,2.877849182273371,detected,1734.7785072299766,531.6921196629868,-18.392409322088994,-45.395504201410894,48.979919583147336,-1.4257896591977337,-39.64998063448341,39.67560762568338,44.17869413756785,38.75945137441828,164.1752225928476,0.10310686840935808,-9.440651756001987,38.53606018898509
1821,30.38035,1734.0561374433764,530.4630759032151,15085.0,1685.2881944444443,545.3194444444445,2.845890017771519,detected,1734.730874344822,531.0719798300872,-1.4858252307403363,-46.35674040711054,46.380546113521994,-1.5236808599087832,-39.66984443339318,39.69909521302051,44.178799413713726,38.573462546721814,164.32887157676106,0.48489897852125075,-9.248389655717968,38.60680574080789
1822,30.397033333333333,1734.5762256697071,530.183811616397,15019.0,1685.1102661596958,544.8212927756654,2.853892194898472,detected,1734.669968333511,530.4433718632847,20.559836624862136,-30.68033578594557,36.932233698754196,-1.685920775682666,-39.701364075890474,39.737144315467425,43.929600328519705,38.42843730927558,164.4982353143836,2.1812485151393153,-8.986315647821181,38.70770943140409
1823,30.413716666666666,1734.7421506587593,529.439375365824,15091.5,1684.7416974169741,543.7933579335793,2.862033535353419,detected,1734.5960059997174,529.8093049567617,-18.13212939921343,-42.08042636682912,45.82069837708661,-1.787449205743281,-39.68692623465375,39.72715807376561,43.8427429118793,38.32514009276309,164.76282868909442,3.777751503184889,-8.705713466509993,38.76154849405512
1824,30.4304,1733.9712169520867,528.7797280566238,15211.5,1684.6120996441282,543.6476868327402,2.849016867797179,detected,1734.537213323743,529.1807591587067,0.7746336132027113,-15.0699372046948,15.089833153091785,-1.7959111356056225,-39.658748284046055,39.69939057799651,43.527311755446355,38.26372136640874,165.35367590507005,3.2929787666072836,-8.290227885381226,38.82413854643481
1825,30.447083333333335,1734.7679976003199,528.9365417944274,15002.0,1683.8880866425993,540.3971119133574,2.92004269876092,detected,1734.455296720323,528.5313039964761,0.9632871572350565,-24.82669482888027,24.845375792562375,-1.78823705249764,-39.579278198016084,39.6196549004642,43.52577214342619,38.243773077014836,165.78405129506987,3.9040789566658813,-7.986293531190638,38.80639341739373
1826,30.463766666666668,1734.0033586335664,527.9513440058334,15085.5,1683.8566552901025,539.4129692832764,2.9168905504701637,detected,1734.3818554138306,527.9057251244526,-18.797959197621598,-44.395879925825696,48.21159014577075,-1.725733374111305,-39.42384179882233,39.46159472014648,43.627648443299194,38.264378835771396,166.16355052392478,4.734513666778553,-7.752602817460222,38.69256527308315
1827,30.48045,1734.1407723617592,527.455199267569,15109.5,1683.6283783783783,539.8445945945946,2.9010665690207915,detected,1734.3047839996918,527.2681984742499,7.510164495741193,-35.11005655964667,35.90429838298863,-1.8345486561808113,-39.446589327550555,39.48922610470254,43.35783887993546,38.324155198776644,166.41751742992253,5.138077643377781,-7.480590265985558,38.774214983939544
1828,30.497133333333334,1734.2539477889077,526.7798384519599,15124.5,1683.0618556701031,535.9931271477664,2.963524083831287,detected,1734.228441507711,526.6334485522443,15.761068079146579,-33.47062365038027,36.99586347878487,-1.717311921239021,-39.32931280217589,39.36678810528268,43.57395277701074,38.42128202942755,166.71370488560945,4.706764405048536,-7.367196612019293,38.671286761705744
1829,30.513816666666667,1734.6666666666667,526.3383961251013,15209.0,1682.796551724138,537.2,2.935175152909561,detected,1734.1778629276344,526.0257277304792,-3.0355842435093723,-24.902266264873603,25.08660273584497,-1.5906152914302383,-39.34565437325979,39.37779291765028,43.93622255333788,38.553521790207,166.86541549108685,4.378214646499847,-7.391870717154127,38.67778202490712
1830,30.5305,1734.152660461316,525.9489328342553,15094.5,1682.9961685823755,537.2835249042146,2.9235481520745603,detected,1734.1144748261586,525.4101819306275,-17.003957087015007,-34.28245529550407,38.267757939357814,-1.4125238828881057,-39.39257809680119,39.41789483004274,43.77846169698346,38.71822953372595,167.16102088758885,4.184642524120027,-7.376289274792802,38.72158040895137
1831,30.547183333333333,1734.09930129853,525.1945048667413,15171.0,1683.3690036900368,541.3468634686346,2.833344770841533,detected,1734.0612087880745,524.7898320206918,-15.048967031818844,-23.983512676139906,28.313959260607373,-1.3134314390129613,-39.54324787013127,39.56505471073721,43.32173034685063,38.91235698136074,167.2741046426241,3.031755372749733,-7.429699650555854,38.861203241358325
1832,30.563866666666666,1733.6505265946876,525.1486829612948,15097.0,1682.1616541353383,533.3233082706768,2.9841419007352403,detected,1734.0180743815492,524.1414953389732,-24.834728657961392,-41.341072698083934,48.22704676157177,-1.160394914180111,-39.632774139004546,39.64975790985618,43.02707984800021,39.13245505561514,167.24023229747058,3.5887851489964446,-7.621702813258413,38.91031930653578
1833,30.58055,1733.2706491856427,523.8150910743819,15216.5,1682.2826086956522,535.963768115942,2.907688609556719,detected,1733.9787427172641,523.4956960670627,-2.0062254724235844,-58.15871659756176,58.193309382795086,-1.0759202925297455,-39.805370427014296,39.81990857985113,43.44942399897818,39.374679472321965,167.36408310172038,3.055256805259383,-7.65776128542267,39.07664022665182
1834,30.597233333333335,1733.583585538091,523.2081204508228,15364.5,1682.1818181818182,535.4690909090909,2.9074361077100965,detected,1733.9381300118816,522.8561033627908,22.624162491467303,-34.49639915767623,41.25353661549566,-0.950711169435656,-39.99127527024173,40.002574285512395,43.76602242156547,39.63480361875226,167.5349038269389,2.4130072910333613,-7.7036092032742225,39.25379414414823
1835,30.613916666666668,1734.025542074108,522.6640612224875,15288.5,1681.2045454545455,529.1980519480519,3.018517239566659,detected,1733.9037446325374,522.2089056269142,10.280369222027774,-52.327539027018595,53.32782886978777,-0.6709942010137901,-40.1771936251804,40.18279632893946,43.52510579798784,39.908242169124726,167.7504941479904,2.3135624350162414,-7.868647164550904,39.40484123318905
1836,30.6306,1733.9266071911327,521.4621248986213,15412.5,1682.1762295081967,536.4303278688525,2.860037776425787,detected,1733.8909723744835,521.543621438852,-10.338888984482105,-43.97368937345974,45.17275708374431,-0.37630350449548733,-40.368809539539896,40.37056338431683,43.032241638924766,40.19008793574254,167.95515745637113,0.8431573233854807,-8.056030080628162,39.55859915754294
1837,30.647283333333334,1733.680567811659,521.1968057870597,15298.5,1681.0636042402828,527.3498233215548,3.025181563246077,detected,1733.910282986513,520.855218384436,-9.920828929679955,-48.29892178927811,49.307288433443375,-0.08910529580212358,-40.47437380766334,40.474471891257636,42.61704091858204,40.475163440978896,168.01091161854444,0.18957083730562294,-8.320394034618833,39.61002294855285
1838,30.663966666666667,1733.595582199179,519.850550874919,15430.0,1681.8387096774193,532.7813620071685,2.8967668739518153,detected,1733.9320797200035,520.1485408083096,8.157068127198349,-42.45302375330674,43.229584617835286,0.046964933360778685,-40.69222813739643,40.69225523967531,41.99693629053915,40.75808769098881,168.1826706799237,-1.3981154174426713,-8.379416573448912,39.82015839219494
1839,30.68065,1733.9527419848366,519.780289894491,14706.5,1681.6787148594378,529.3493975903614,2.9605405893778007,detected,1733.9162153273446,519.4245117765349,16.874162002908474,-39.929392702384746,43.348514909759665,0.19836710452348544,-40.87573391575829,40.87621524383134,42.11040582949309,41.03335772135171,168.05530264556165,-3.196873545866721,-8.65401938436387,39.94962979997542
1840,30.697333333333333,1734.1586167380094,518.5182401384161,14834.5,1681.5112781954888,527.8421052631579,2.9663097223319137,detected,1733.9543934837927,518.7112184540091,-18.094025748068105,-42.750822043054015,46.42226355024736,0.46982535273007875,-40.95611360159537,40.9588082982019,42.57513496581188,41.29544371827557,167.98845406757405,-4.466499044533878,-8.982866401976949,39.96163270454658
1841,30.714016666666666,1733.3490046590427,518.3538374656545,15346.5,1681.5422535211267,527.1056338028169,2.9742410891241526,detected,1733.990113854561,518.0082310740023,0.8005754980181485,-42.40432621327999,42.41188280105342,0.6292986462090416,-41.0026183705346,41.00744725078387,42.85289859727921,41.538895876760144,167.8940668269334,-5.840474909366883,-9.214365525152655,39.958806263384545
1842,30.7307,1734.1853292737933,517.103349120433,14780.0,1682.0975609756097,528.1010452961673,2.93351097833765,detected,1734.0258521900837,517.3017320553158,25.46426765968624,-67.08663011914899,71.7568454447912,0.9459414615753904,-41.093942497152014,41.10482836855013,42.73898312296976,41.7584606224886,167.54802442058215,-6.800742591455981,-9.78441625703026,39.923327938902155
1843,30.747383333333335,1734.1986623899543,516.1153802406789,14653.0,1682.505376344086,529.7025089605735,2.884565083890442,detected,1734.0924915294509,516.5889454305714,7.851426924068939,-54.43412212702565,54.9974413630665,1.2128928229839961,-41.155645400316445,41.17351402681867,42.78170359340454,41.94920346216721,167.40000460116318,-7.640772368316883,-10.16150512159771,39.899900638728134
1844,30.76406666666667,1734.4473052188264,515.2870639121279,14642.5,1682.0297397769516,525.8438661710037,2.942853052477982,detected,1734.1643410420693,515.8624613516471,-7.423337023502207,-45.29558048563938,45.89984252800366,1.189485340746505,-41.238132985022155,41.255284358082214,42.39859365178687,42.10663569129393,167.34807990940737,-8.306449928829966,-10.192888433506265,39.97628688170422
1845,30.78075,1733.9509703779368,514.6040177051414,14685.0,1682.8705882352942,527.6666666666666,2.891230882946562,detected,1734.2204286273966,515.1340978468018,-17.67955005916165,-38.608059917164795,42.46349939491315,1.2348221504670422,-41.19107865934817,41.20958319206702,42.258763403720444,42.22684259659321,167.1149602650559,-8.996102255656453,-10.389157645390595,39.87850486519166
1846,30.797433333333334,1733.8573975651857,513.9988416462252,14676.0,1682.063829787234,522.7517730496454,2.9741779764465868,detected,1734.2800830497229,514.4011726478482,6.907683268700629,-31.508461079201957,32.25676995175232,1.082791625173438,-41.311447989542984,41.325635780907966,42.13058407179049,42.306611496652394,166.938277338005,-10.720229037078784,-10.391187825270755,39.99789229792247
1847,30.814116666666667,1734.1814567430024,513.552685387132,14672.0,1682.5258964143427,523.0717131474104,2.9593582531196745,detected,1734.3404886858257,513.661068117347,10.341115816804853,-34.71442994779707,36.22195912615829,1.0686822906440243,-41.29411248637594,41.30793879965212,41.9228851908727,42.34355852414483,166.59855622326702,-11.755640733936307,-10.61041833296146,39.92198430282944
1848,30.8308,1734.2024461296064,512.8405368336337,14703.5,1684.8509803921568,533.3019607843137,2.7485584764557998,detected,1734.3966361648106,512.9119139133154,13.441233931160722,-25.171956693986736,28.53584015577831,1.132756176518972,-41.254557725773054,41.27010624779857,41.61286428743711,42.336253034109625,166.16033541116454,-12.313242109353338,-10.968196187040164,39.78593145958984
1849,30.847483333333333,1734.6299459151721,512.712781098776,14637.5,1684.3807829181494,527.544483985765,2.854579191928756,detected,1734.4472324207957,512.1616988737662,14.942084621405275,-25.727938079838864,29.752187998082743,0.9861259863488785,-41.20435836790455,41.21615694083642,42.42530308135801,42.28433780088581,165.74120199650307,-13.330192355734107,-11.10446730218052,39.692094917079665
1850,30.864166666666666,1734.701013686474,511.98208129970305,14649.5,1684.2222222222222,525.0860215053764,2.8876058748536115,detected,1734.5314890777447,511.447626056422,-13.673168441262343,-52.798462007733114,54.54019733742416,0.894699605635684,-41.06773180390932,41.077476588784634,43.110455012428574,42.188641874131626,165.36763711867115,-13.434406795393228,-11.240044247522894,39.50975181162085
1851,30.88085,1734.1737178615153,510.95107241645127,14702.0,1684.1519434628976,523.0459363957598,2.904353977752108,detected,1734.589334918316,510.7368011596551,6.580908669229165,-37.42123118503637,37.99548528860599,0.6787494966748521,-41.02372277778821,41.02933744807556,42.9242172129163,42.05128128940051,164.93207593521558,-13.25125154603716,-11.32010264733431,39.43680777499455
1852,30.897533333333335,1734.920596672404,510.7334595524957,14525.0,1685.0642570281125,526.0923694779117,2.842754825061572,detected,1734.6358292230852,510.0242456244062,13.069967830123115,-52.446134627644476,54.05017202989702,0.5264951392191365,-40.90370206795391,40.90709033890773,42.9933354137327,41.87574096339829,164.52422159618956,-13.449674065980556,-11.421781122043617,39.28018528464048
1853,30.91421666666667,1734.6098191214471,509.20111972437553,14706.0,1684.7978723404256,522.2695035460993,2.885020534307397,detected,1734.6734212717074,509.3224889854607,5.014042826853444,-66.37744876931245,66.56655564615176,0.4301745373489464,-40.81822167223074,40.820488368170594,42.88050852366503,41.66692928342533,163.95842462772495,-11.627757013588417,-11.692919310406905,39.10994641541029
1854,30.9309,1735.08789856806,508.5186653452263,14630.5,1685.6626984126983,523.4404761904761,2.8483872941004074,detected,1734.7399734138532,508.6152021475637,4.2812284557719185,-50.996938075752254,51.1763286118946,0.29983024091539434,-40.608808382025266,40.6099152471587,42.78359219665445,41.43119537587567,163.47733104383823,-10.401838990416818,-11.836378401164504,38.84669049900982
1855,30.947583333333334,1734.7526694442547,507.49952189058126,14641.0,1685.7934782608695,522.945652173913,2.835986214802835,detected,1734.781832338798,507.9140754161597,-7.151310571062621,-33.47280029972692,34.2281989416503,0.11204446358439751,-40.29537922342238,40.295534997332396,42.85910867983003,41.1762980443432,163.24286961436331,-10.441440717559793,-11.725066315970068,38.5519514500543
1856,30.964266666666667,1734.8492831720055,507.4017895752254,15031.5,1684.3709090909092,515.8872727272727,2.975048387430486,detected,1734.8440316757212,507.2250041580595,-3.5540476830368157,-35.26473643355607,35.4433758361344,-0.23597066082236093,-40.00875907542679,40.00945494390437,43.88321349249915,40.91131509977979,162.9638819325449,-11.929521681796055,-11.495929104402387,38.3223185485282
1857,30.98095,1734.6340827198974,506.32285518491494,15079.0,1685.8639705882354,520.0147058823529,2.86789542089176,detected,1734.8367896250388,506.56045336871165,0.298011325523819,-60.687003081557755,60.68773478859745,-0.632207257383795,-39.65766922222228,39.66270810415604,43.79271696606014,40.646482400108034,162.770913607646,-11.203544238522849,-11.142483588358651,38.0654104619751
1858,30.997633333333333,1734.8592268165671,505.3768665724041,14498.5,1686.2196721311475,520.455737704918,2.840975557280758,detected,1734.8229370270185,505.90175992837976,23.27477727250878,-48.90022609866254,54.15669274969815,-1.028443853941458,-39.30657936901614,39.32003151643543,43.48632138272536,40.39295362450244,162.59005700643928,-10.477566795250006,-10.779450292164688,37.81359980023359
1859,31.014316666666666,1735.41068445489,504.69121764075624,14466.5,1686.0697674418604,519.2624584717607,2.854437162431353,detected,1734.802473881779,505.2489238370988,13.240155995133392,-36.50427191145114,38.83121938029538,-1.424680450499121,-38.95548951581001,38.98153252249605,43.534860182012956,40.16247527565487,162.42131212891115,-9.751589351977165,-10.407002167046599,37.56666319621035
1860,31.031,1735.3010066882714,504.15884069962533,14503.0,1687.4933920704846,522.9603524229075,2.7668976058186336,detected,1734.7754001893202,504.6019450948689,-14.153401980245354,-19.18755901890229,23.84284397294651,-1.8209170470567841,-38.604399662603875,38.647320892945636,43.31723865561796,39.96697749303897,162.26467897506163,-9.025611908704326,-10.025307453517666,37.32437035858415
1861,31.047683333333335,1734.938432608816,504.05099275482553,15067.5,1686.1863117870723,519.0456273764258,2.843206489595574,detected,1734.7417159496422,503.96082370168995,-23.391794988107016,-28.6491560133889,36.985810969142285,-2.2171536436144472,-38.25330980939774,38.31750881324565,43.275067782251455,39.818090282885066,162.12015754489073,-8.299634465431485,-9.634529918360071,37.08648426186261
1862,31.06436666666667,1734.5205004621682,503.20291386064525,15146.0,1687.929411764706,522.9254901960785,2.7411524546361545,detected,1734.701421162745,503.32555965756194,10.320222373453955,-37.21164564481157,38.61623442844425,-2.613390240172112,-37.90221995619161,37.99221086163526,43.13478358106095,39.72660593616033,161.9877478383984,-7.573657022158642,-9.234829099683092,36.85276133011748
1863,31.08105,1735.2827840286768,502.809364178477,15064.5,1687.252,520.2719999999999,2.7928787257266903,detected,1734.6545158286285,502.696152962485,12.732756095798807,-29.102284598531302,31.765799952921284,-3.0096268367297747,-37.551130102985475,37.67154397828294,43.132526413518704,39.70192001210204,161.8674498555847,-6.847679578885803,-8.826360559776235,36.62295161475291
1864,31.097733333333334,1734.9453500905647,502.2318676312076,14998.5,1687.2379032258063,519.8467741935484,2.7878922881329604,detected,1734.6009999472928,502.072603616459,-16.084189205582888,-40.22408169475228,43.32064046833904,-3.405863433287438,-37.20004024977934,37.3556274249464,43.12725840141526,39.75149313915171,161.7592635964496,-6.121702135612961,-8.409276145480659,36.39679896667367
1865,31.114416666666667,1734.7461082488505,501.4672206525954,15042.5,1687.4603773584906,519.7471698113208,2.77270424818522,detected,1734.5408735187377,501.45491161948405,14.437505698516269,-47.187109918925664,49.34637690140445,-3.802100029845101,-36.84895039657321,37.04458273440343,43.04488327269446,39.8803815864554,161.66318906099306,-5.395724692340119,-7.983724255812804,36.174041203233124
1866,31.1311,1735.4270815307052,500.65739106357944,14446.5,1686.0075187969924,515.2593984962406,2.854296814671409,detected,1734.4741365429636,500.84307697156004,6.053988589186943,-39.859011648464595,40.31614549321949,-4.198336626402764,-36.49786054336708,36.73853364890421,43.06111405401859,40.09088375231041,161.57922624921517,-4.669747249067281,-7.5498501165835,35.954410270351964
1867,31.147783333333333,1734.9481096681097,500.1372582972583,14437.5,1686.645283018868,517.645283018868,2.7938576868711347,detected,1734.4007890199703,500.237099672687,-43.88286764551921,-32.370233824203936,54.530157808572255,-4.594573222960428,-36.14677069016095,36.4376060468882,42.305963227945625,40.382341122576236,161.50737516111587,-3.943769805794439,-7.10779606176509,35.73763240021057
1868,31.164466666666666,1733.9628565135997,499.57730426164517,15135.0,1686.8129496402878,518.2122302158273,2.7652075135104224,detected,1734.3208309497575,499.63697972286496,-15.00110415039186,-23.07682148296339,27.52404068241915,-4.990809819518091,-35.79568083695481,36.141927857209446,41.96295030537479,40.75111658355088,161.44763579669518,-3.217792362521597,-6.657701821366668,35.52342826492824
1869,31.18115,1734.4475728262917,499.3672616871101,15041.5,1686.265873015873,516.2301587301588,2.804930738098695,detected,1734.2342623323257,499.04271712209396,-8.207178096228715,-41.321067465370064,42.12823742789248,-5.387046416075755,-35.444590983748675,35.85162896012108,41.853592188079546,41.190753058737705,161.40000815595306,-2.491814919248755,-6.199704815585619,35.31151312665314
1870,31.197833333333335,1733.689010337789,498.1985579772173,15187.0,1687.4392156862746,519.3764705882353,2.7121861864974015,detected,1734.1410831676744,498.4543118703739,-11.270201717381367,-38.48341477823719,40.09975884895457,-5.78328301263342,-35.09350113054254,35.566841074287225,41.8361662678843,41.692295466471634,161.36449223888957,-1.765837475975919,-5.733940455009332,35.10159698449648
1871,31.21451666666667,1734.0715237623217,498.0831984140096,15132.5,1686.5075187969924,516.0639097744361,2.7801665288540707,detected,1734.041293455804,497.87176396770485,21.61612322736716,-15.766186224388413,26.7549885337822,-6.179519609191081,-34.74241127733641,35.287697629116714,42.117913218358765,42.244743157010596,161.34108804550468,-1.0398600327030771,-5.260542446647585,34.893384718754184
1872,31.2312,1734.410268316142,497.67249289686356,15075.5,1685.370786516854,513.7153558052435,2.8254248174269923,detected,1733.9348931967145,497.2950734140868,-9.213392196001436,-29.211133840548694,30.6296741087428,-6.575756205748745,-34.39132142413028,35.01433362175104,42.29657849388,42.83559097843029,161.32979557579839,-0.31388258943023534,-4.779643105580196,34.686576232868035
1873,31.247883333333334,1733.7641035760485,497.1085202481966,15203.0,1685.8804780876494,515.0637450199204,2.7828427605471644,detected,1733.8218823904056,496.7242402095197,-33.22795268557458,-43.70171667144663,54.89933405521582,-6.971992802306406,-34.04023157092415,34.746885458088954,42.726601566945675,43.45141530348936,161.3306148297707,0.4120948538426065,-4.291373672009095,34.48086659358695
1874,31.264566666666667,1733.3015622948667,496.2143122839263,15234.0,1684.8285714285714,512.6535714285715,2.8146228472113526,detected,1733.7022610368774,496.1592643540036,-17.246086881087294,-55.81410421507746,58.417820415020095,-7.368229398864071,-33.689141717718016,34.48549077729319,43.145131036909,44.078465166792796,161.3435458074216,1.1380722971154484,-3.7958646335068034,34.275946169797635
1875,31.28125,1733.1886591437828,495.2461896375535,15331.0,1683.9314079422384,510.1552346570397,2.8476815601939025,detected,1733.57602913613,495.6001458475385,4.313592321802564,-38.847180956281925,39.08593796966918,-7.764465995421736,-33.33805186451188,34.230288259302526,42.76529549355849,44.7032258856342,161.3685885087511,1.8640497403882905,-3.293246052255804,34.07150077050094
1876,31.297933333333333,1733.4454924920042,494.91811134601835,15372.5,1684.2132352941176,511.5441176470588,2.8159122825892693,detected,1733.4431866881635,495.0468846901244,14.715681070463125,-36.43128465404055,39.29109022299225,-8.160702591979398,-32.98696201130575,33.981417414964724,42.92977170752237,45.31293118904172,161.40574293375923,2.5900271836611264,-2.7836478970743235,33.86721178241843
1877,31.314616666666666,1733.679672368834,494.0305991062637,15403.5,1681.6970954356846,502.10373443983406,2.9875188756483584,detected,1733.3037336929776,494.49948088176126,-13.529833877285043,-28.410164573091247,31.46734586546916,-8.556939188537061,-32.63587215809961,33.73901835851397,42.532614553151845,45.896008262800926,161.4550090824459,3.316004626933968,-2.267200380024976,33.662756307720215
1878,31.3313,1732.9940470349654,493.9701588547629,15286.5,1682.0199335548173,504.0066445182724,2.947185624232067,detected,1733.1576701505726,493.9579344224491,-18.31788607130949,-8.836130459284705,20.33770271232651,-8.953175785094723,-32.284782304893476,33.50323156224142,41.642468586744435,46.442446740269354,161.51638695481125,4.04198207020681,-1.7440342974015142,33.45780730237199
1879,31.347983333333335,1733.0684655702546,493.7357668866056,15231.5,1683.294776119403,510.91044776119406,2.809329586401201,detected,1733.0049960609483,493.422245312188,-30.17124765676442,-29.172150182937802,41.968065614961226,-9.349412381652389,-31.933692451687346,33.274197593347736,41.27578166270021,46.94408666607408,161.58987655085517,4.767959513479652,-1.2142813748882553,33.25203371560524
1880,31.36466666666667,1731.9873330714847,492.99678144365885,15276.0,1683.9849056603773,514.1622641509434,2.7263108605424797,detected,1732.8457114241048,492.89241355097784,-64.8031467794131,-44.2948317450586,78.4950950813948,-9.745648978210049,-31.58260259848121,33.0520568331243,41.5576849715422,47.394821984611845,161.67547787057768,5.493936956752494,-0.6780746166836451,33.045100631020745
